日期,开盘（沪深300现货）,最高,最低,收盘,平均价,成交量（沪深300期货）,持仓量,沪深300现货日度成交额（百万）,K值,D值,MACD值,五日均线（收盘价）（收盘价）,十日均线（收盘价）（收盘价）,三十日均线（收盘价）,MV(五日现货成交额平均）,基差（现货-隔季）,ATR指标,BIAS乖离率,布林轨道上轨,布林轨道下轨,SAR指标,M1动量指标(20日）,现货历史波动率VIX,现货收益率,现货偏度（20日）,现货峰度（20日）
2010-04-16,3388.29 ,3388.29 ,3348.78 ,3356.33 ,3370.42 ,4714036800,4714036800,67235.6,50.67,59.07,1.2475,3379.562,3382.317,3316.96,93832.07,-200.67,56.7125,-0.69,3453.27,3240.61,3413,43.90759225,0.16401504,-0.011265626,-0.761842776,-0.520306082
2010-04-19,3313.50 ,3313.50 ,3175.44 ,3176.42 ,3244.72 ,8841630000,8841630000,118855.97,33.92,50.68,-26.559,3344.55,3359.224,3314.182,96403.9425,-143.58,61.35165,-5.03,3470.26,3211.88,3411,35.40196264,0.256723001,-0.053602862,-1.164346618,0.730786244
2010-04-20,3176.41 ,3196.65 ,3130.96 ,3173.37 ,3169.35 ,6413785900,6413785900,88005.97,27.63,43,-43.393,3300.88,3336.046,3310.421667,90717.0677,-179.63,61.49665,-3.86,3483.34,3185.87,3402,28.5219145,0.256208249,-0.000959885,-1.13493074,0.203891753
2010-04-21,3178.88 ,3237.54 ,3164.77 ,3236.68 ,3204.47 ,6692833100,6692833100,93373.38,30.91,38.97,-43.8986,3267.474,3321.019,3308.115667,91234.2296,-172.32,65.01555,-0.94,3485.61,3179.72,3385,25.09631878,0.266237382,0.019948799,-1.054933014,-0.160593068
2010-04-22,3222.68 ,3231.99 ,3177.73 ,3201.54 ,3208.49 ,7108168800,7108168800,98970.39,28.95,35.63,-46.6089,3228.868,3306.499,3305.510667,93288.2597,-185.86,67.00105,-0.85,3491.05,3166.76,3370,22.46215284,0.268698693,-0.010856189,-0.958860466,-0.624227164
2010-04-23,3198.78 ,3224.74 ,3172.58 ,3190.00 ,3196.53 ,6125267900,6125267900,92115.67,26.28,32.51,-47.4405,3195.602,3287.582,3302.620333,98264.2744,-195,67.23065,-0.18,3495,3158.9,3356,17.0890952,0.264191291,-0.00360389,-0.949931873,-0.730755776
2010-04-26,3195.46 ,3207.72 ,3168.37 ,3172.00 ,3185.89 ,5089419900,5089419900,74959.12,22.37,29.13,-47.7675,3194.718,3269.634,3300.582667,89484.9042,-218.4,65.958,-0.71,3502.4,3141.2,3342,6.907490438,0.258851454,-0.005644509,-0.859382192,-1.084207223
2010-04-27,3163.10 ,3163.10 ,3060.85 ,3108.41 ,3123.87 ,6529657400,6529657400,88058.36,19.42,25.89,-53.4711,3181.726,3241.303,3298.090333,89495.3831,-229.79,63.9198,-2.3,3512.42,3106.17,3332,-6.352834084,0.246441396,-0.020046677,-0.736534321,-1.171881737
2010-04-28,3080.32 ,3122.12 ,3062.09 ,3097.35 ,3090.47 ,4599540600,4599540600,65484.93,16.66,22.82,-55.419,3153.86,3210.667,3294.536333,83917.6925,-242.45,63.05315,-1.79,3517.77,3073.88,3310,-18.44789238,0.245325455,-0.003556804,-0.573481049,-1.387852143
2010-04-29,3114.94 ,3130.70 ,3059.80 ,3060.06 ,3091.38 ,4826097100,4826097100,69250.87,11.14,18.92,-58.1324,3125.564,3177.216,3287.407667,77973.7889,-238.14,65.04035,-2.1,3525.64,3037.45,3290,-34.11904776,0.246858881,-0.012038989,-0.464821497,-1.446388342
2010-04-30,3060.12 ,3068.13 ,3014.07 ,3067.37 ,3052.42 ,5447788100,5447788100,73190.88,15.38,17.74,-55.3584,3101.038,3148.32,3280.734667,74188.8317,-259.43,65.05645,-1.09,3521.37,3009.26,3267,-49.41214537,0.238904157,0.002385898,-0.289052464,-1.598757343
2010-05-04,3005.49 ,3056.08 ,2994.92 ,3019.45 ,3018.99 ,4124861000,4124861000,54558.61,13.62,16.37,-56.2134,3070.528,3132.623,3271.587333,70108.7289,-274.55,64.9987,-1.66,3515.11,2976.74,3237,-66.2263381,0.238982574,-0.015621225,-0.190170561,-1.542657113
2010-05-05,2981.78 ,3036.87 ,2943.36 ,3036.39 ,2999.60 ,5967044100,5967044100,80835.34,19.83,17.52,-50.8917,3056.124,3118.925,3262.712667,68664.1248,-241.61,67.2038,-0.65,3501.23,2953.74,3203,-80.4427712,0.241862182,0.005611951,-0.030810747,-1.578290964
2010-05-06,3014.91 ,3014.91 ,2895.39 ,2896.86 ,2955.52 ,5877041300,5877041300,81502.26,13.37,16.14,-61.8327,3016.026,3084.943,3250.089,71867.5923,-298.14,71.4013,-3.95,3503.09,2902.87,3161,-98.91503264,0.282809085,-0.045955169,-0.169701168,-0.928851179
2010-05-07,2835.88 ,2892.53 ,2817.15 ,2836.79 ,2845.59 ,6111939900,6111939900,79147.5,10.59,14.29,-72.1104,2971.372,3048.468,3235.426333,73846.9187,-263.21,72.9128,-4.53,3510.96,2844,3113,-121.088331,0.286340048,-0.020735239,-0.26671895,-0.581289229
2010-05-10,2842.37 ,2872.31 ,2798.52 ,2858.23 ,2842.86 ,5020917300,5020917300,64909.19,12.52,13.7,-70.8657,2929.544,3015.291,3223.063,72190.5795,-219.77,74.44025,-2.43,3499.64,2803.23,3054,-139.6961645,0.284681978,0.007559251,-0.183174155,-0.68453841
2010-05-11,2916.34 ,2922.13 ,2790.70 ,2800.82 ,2857.50 ,5836349000,5836349000,73894.67,9.34,12.24,-72.3667,2885.818,2978.173,3207.257,76057.7914,-147.78,77.8486,-2.95,3492.02,2755.79,3003,-162.2563062,0.287805339,-0.020087935,-0.131806007,-0.685862216
2010-05-12,2781.71 ,2832.15 ,2756.42 ,2818.16 ,2797.11 ,5300227100,5300227100,64693.99,11.72,12.07,-65.8043,2842.172,2949.148,3189.244333,72829.521,-121.84,77.7519,-0.84,3464.85,2725.6,2961,-183.4208409,0.28293922,0.006192122,-0.051298894,-0.74825552
2010-05-13,2818.58 ,2886.97 ,2811.66 ,2886.91 ,2851.03 ,5514577800,5514577800,67486.54,21.77,15.3,-47.8203,2840.182,2928.104,3173.251,70026.3759,-109.89,80.256,1.65,3419.98,2718.79,2920,-199.6329489,0.303922597,0.024395705,0.018159271,-0.806059555
2010-05-14,2865.58 ,2888.09 ,2849.24 ,2868.02 ,2867.73 ,4249871900,4249871900,55175.29,26.93,19.18,-34.6971,2846.428,2908.9,3157.331333,65231.9342,-97.78,81.7248,0.76,3369.05,2717.06,2888,-214.0667514,0.303294991,-0.006542633,-0.008705329,-1.08181427
2010-05-17,2828.88 ,2828.88 ,2712.44 ,2714.72 ,2771.23 ,5216684700,5216684700,62395.51,18.19,18.85,-42.385,2817.726,2873.635,3134.757333,64729.1992,-42.28,85.57145,-3.66,3333.43,2688.53,2862,-226.4488139,0.345403448,-0.053454244,-0.259480157,-1.342542159
2010-05-18,2711.41 ,2781.85 ,2686.97 ,2771.35 ,2737.90 ,5450967100,5450967100,62746.25,20.7,19.46,-35.8226,2811.832,2848.825,3113.557333,62499.515,-100.25,83.41215,-1.44,3320.23,2661.22,2832,-235.2276732,0.319701704,0.02086149,-0.07037512,-1.442399885
2010-05-19,2748.95 ,2803.70 ,2723.30 ,2762.17 ,2759.53 ,4557622100,4557622100,54656.4,24.46,21.13,-28.9906,2800.634,2821.403,3092.124667,60491.9977,-92.83,85.96395,-1.37,3302.98,2637.35,2804,-247.1915395,0.319237996,-0.003310302,0.11691857,-1.427107522
2010-05-20,2739.22 ,2793.88 ,2721.07 ,2726.02 ,2745.05 ,4217480300,4217480300,52677.92,21.84,21.37,-25.7239,2768.456,2804.319,3070.093667,57530.2733,-120.58,84.2753,-1.53,3269.62,2619.64,2794,-258.6079125,0.303744361,-0.013088241,0.197516266,-1.421603618
2010-05-21,2656.42 ,2769.09 ,2647.60 ,2768.79 ,2710.48 ,5447538300,5447538300,63501.81,29.28,24,-14.7316,2748.61,2797.519,3050.828667,59195.5769,-130.01,86.98915,0.73,3233.25,2612.74,2772,-266.7381169,0.315373643,0.015689162,0.344322862,-1.337507618
2010-05-24,2787.75 ,2886.37 ,2787.75 ,2873.47 ,2833.84 ,7450233800,7450233800,89961.88,50.82,32.94,8.4623,2780.36,2799.043,3033.972,64708.8507,-148.33,96.31965,3.35,3191.27,2623.07,2648,-268.3276111,0.352555971,0.037806393,0.430604404,-1.173725487
2010-05-25,2851.26 ,2855.33 ,2798.02 ,2813.94 ,2829.64 ,5516832700,5516832700,67954.99,56.94,40.94,17.1097,2788.878,2800.355,3016.054,65750.5992,-113.26,97.73165,0.9,3147,2631.53,2652,-269.6345305,0.356947012,-0.020715727,0.513255568,-1.122761225
2010-05-26,2814.44 ,2839.03 ,2797.63 ,2813.94 ,2816.26 ,3985856400,3985856400,48495.6,61.01,47.63,23.7456,2799.232,2799.933,2996.794667,64518.4395,-132.86,94.68945,0.53,3112.44,2636.64,2657,-270.323254,0.353436436,3.55E-07,0.686890814,-0.737569963
2010-05-27,2808.05 ,2866.87 ,2771.59 ,2859.98 ,2826.62 ,5344520900,5344520900,65266.77,70.33,55.2,34.5949,2826.024,2797.24,2978.670333,67036.2113,-147.02,96.39035,1.2,3076.21,2649.13,2662,-266.8113413,0.361377944,0.016359601,0.79040821,-0.260689459
2010-05-28,2885.86 ,2893.69 ,2835.07 ,2850.30 ,2866.23 ,5153498900,5153498900,64342.51,74.34,61.58,40.3257,2842.326,2795.468,2960.528,67204.3506,-119.3,98.9504,0.28,3044.45,2659.92,2666,-264.3239242,0.360100874,-0.003383591,0.941698654,0.574933038
2010-05-31,2835.33 ,2857.42 ,2772.79 ,2773.26 ,2809.70 ,4621685400,4621685400,56695.8,66.58,63.25,33.8585,2822.284,2801.322,2941.092333,60551.1348,-116.94,100.4787,-1.74,3003.66,2671.29,2675,-263.416978,0.369000631,-0.027028013,0.988873462,1.246349625
2010-06-01,2755.28 ,2782.29 ,2710.59 ,2744.16 ,2748.08 ,4485142600,4485142600,53230.91,57.47,61.32,26.1265,2808.328,2798.603,2926.683667,57606.3199,-114.24,101.0054,-2.28,2970.96,2676.47,2684,-264.8577291,0.367459247,-0.010493772,1.050363752,2.396464639
2010-06-02,2729.33 ,2757.91 ,2700.08 ,2757.53 ,2736.21 ,3958702000,3958702000,46364.23,53.2,58.61,23.3683,2797.046,2798.139,2912.822333,57180.0452,-114.87,99.22215,-1.41,2920.51,2699.03,2692,-258.5812927,0.367192181,0.004870339,-0.086516314,-1.197047741
2010-06-03,2769.10 ,2787.51 ,2735.70 ,2736.08 ,2757.10 ,3958725800,3958725800,47143.26,41.67,52.96,19.3745,2772.266,2799.145,2896.135667,53555.3431,-106.12,97.61825,-1.31,2909.14,2694.32,2700,-250.687878,0.332080308,-0.007779072,0.007669563,-1.316136725
2010-06-04,2721.36 ,2748.48 ,2713.10 ,2744.39 ,2731.83 ,3274629100,3274629100,39858.36,35.41,47.11,18.57,2751.084,2796.705,2880.897333,48658.5147,-109.21,95.6183,-0.24,2906.11,2688.11,2707,-243.8455841,0.325594112,0.003039024,0.20693818,-1.339286139
2010-06-07,2692.83 ,2716.40 ,2673.34 ,2695.72 ,2694.57 ,3954199300,3954199300,47062.7,26.99,40.4,12.4916,2735.576,2778.93,2864.421333,46731.8946,-86.28,94.0817,-1.46,2902.92,2675.05,2788,-236.9084049,0.328574947,-0.01773654,0.2580845,-1.053271053
2010-06-08,2694.11 ,2720.59 ,2672.06 ,2699.34 ,2696.53 ,3514018200,3514018200,42677.1,22.1,34.3,10.0718,2726.612,2767.47,2848.666,44621.1327,-96.66,89.9369,-1,2904.47,2663.35,2785,-231.0041847,0.32232473,0.001343243,0.306293876,-1.134214486
2010-06-09,2711.64 ,2787.83 ,2687.33 ,2782.13 ,2742.23 ,6020953300,6020953300,70710.08,31.29,33.3,20.154,2731.532,2764.289,2837.79,49490.3029,-85.07,91.939,1.85,2901.59,2662.63,2672,-224.6928754,0.341009498,0.030673099,0.404219498,-1.000907347
2010-06-10,2755.94 ,2776.26 ,2746.11 ,2750.02 ,2757.08 ,4290633400,4290633400,50312.24,34.88,33.82,22.8325,2734.32,2753.293,2826.212333,50124.0992,-100.98,89.8579,0.57,2884.73,2665.8,2674,-219.3582317,0.330021914,-0.011541504,0.522436396,-0.705438834
2010-06-11,2766.20 ,2782.10 ,2755.95 ,2758.87 ,2765.78 ,4055858500,4055858500,48871.48,48.25,38.63,25.9059,2737.216,2744.15,2816.172667,51926.7222,-105.53,87.8357,0.79,2870.32,2669.3,2677,-206.1827701,0.330221287,0.00321561,0.668659454,-0.128540914
2010-06-17,2778.53 ,2784.92 ,2742.64 ,2742.73 ,2762.21 ,3261235600,3261235600,40293.23,52.51,43.26,25.8171,2746.618,2741.097,2805.351333,50572.8283,-100.67,84.1276,-0.14,2869.24,2673.18,2679,-197.3043816,0.265336038,-0.005847693,0.698653735,0.016356851
2010-06-18,2739.03 ,2755.84 ,2686.61 ,2696.17 ,2719.41 ,4180834400,4180834400,50256.35,41.95,42.82,19.8094,2745.984,2736.298,2794.575333,52088.6777,-108.03,82.8454,-1.81,2871.06,2663.84,2681,-190.7395625,0.261164185,-0.016978321,0.656244222,-0.180494912
2010-06-21,2698.98 ,2784.47 ,2686.32 ,2780.66 ,2737.61 ,5526148200,5526148200,62809.19,59.24,48.29,27.0883,2745.69,2738.611,2786.051,50508.4997,-114.54,81.91665,1.27,2872.12,2664.63,2683,-178.4705344,0.284891076,0.031339688,0.5953671,-0.252250845
2010-06-22,2772.89 ,2795.32 ,2766.44 ,2783.72 ,2779.59 ,3909605200,3909605200,45207.21,69.69,55.42,31.8583,2752.43,2743.375,2782.279667,49487.4924,-104.88,83.72645,1.14,2873.24,2669.28,2685,-168.8005577,0.280384437,0.001099378,0.473121091,-0.211153735
2010-06-23,2768.70 ,2788.22 ,2734.05 ,2758.50 ,2762.37 ,3560035000,3560035000,41600.24,69.83,60.23,31.1235,2752.356,2744.786,2779.67,48033.2448,-94.7,80.3602,0.22,2872.88,2668.61,2690,-166.1092298,0.277095548,-0.009061615,0.503648308,-0.206948419
2010-06-24,2753.71 ,2783.51 ,2739.81 ,2757.50 ,2758.63 ,2922068200,2922068200,33772.86,68.32,62.93,29.9975,2755.31,2750.964,2776.312333,46729.1694,-99.5,70.8947,0.08,2854.98,2674.92,2694,-160.6260183,0.239588749,-0.000361429,0.4708437,0.184463152
2010-06-25,2744.12 ,2759.45 ,2715.66 ,2736.29 ,2738.88 ,3067178200,3067178200,34649.18,60.83,62.23,26.0372,2763.334,2754.659,2774.161333,43607.735,-103.71,69.70515,-0.98,2848.87,2673.26,2698,-156.4775674,0.230190715,-0.007692118,0.705632894,0.721661057
2010-06-28,2734.51 ,2751.46 ,2710.09 ,2716.78 ,2728.21 ,2771004400,2771004400,31198.28,49.87,58.11,20.6659,2750.558,2748.124,2770.782,37285.5524,-111.22,69.7034,-1.23,2842.43,2669.98,2702,-155.813789,0.231013669,-0.0071301,0.951172906,1.384637145
2010-06-29,2717.47 ,2724.23 ,2591.69 ,2592.02 ,2656.35 ,4875855200,4875855200,50635.97,33.3,49.84,1.2109,2712.218,2732.324,2760.952333,38371.3047,-96.38,71.5663,-4.43,2843.24,2642.38,2784,-160.9372495,0.271266233,-0.045921325,-1.046464714,4.100056329
2010-06-30,2572.91 ,2575.82 ,2546.84 ,2563.07 ,2564.66 ,3569879400,3569879400,35809.89,24.38,41.35,-13.8256,2673.132,2712.744,2750.787333,37213.235,-101.73,66.9103,-4.12,2845.01,2611.88,2780,-163.4000871,0.272106711,-0.011168514,-1.912593403,3.535238078
2010-07-01,2557.92 ,2574.10 ,2524.57 ,2526.07 ,2545.67 ,3285764600,3285764600,32478.46,16.44,33.05,-26.3003,2626.846,2691.078,2744.499,36954.3551,-100.33,65.15535,-3.84,2861.5,2570.68,2770,-166.1346327,0.261898487,-0.014435423,-1.68781011,2.051690641
2010-07-02,2523.04 ,2542.12 ,2462.20 ,2534.11 ,2515.37 ,4491410000,4491410000,43367.32,18.15,28.08,-30.7069,2586.41,2674.872,2736.591,38697.983,-102.89,65.5666,-2.02,2871.37,2539.8,2756,-168.9990011,0.262341524,0.003180433,-1.335102191,0.478018146
2010-07-05,2507.35 ,2529.43 ,2476.49 ,2512.65 ,2506.48 ,3217857400,3217857400,30922.3,17.26,24.47,-33.5207,2545.584,2648.071,2728.273667,38642.7874,-102.95,66.0358,-1.29,2878.06,2508.62,2732,-171.720301,0.260651476,-0.008466105,-1.063996484,-0.406693769
2010-07-06,2504.87 ,2563.41 ,2502.93 ,2562.90 ,2533.53 ,3971476200,3971476200,38976.84,21.95,23.63,-25.9595,2539.76,2625.989,2722.836333,36310.9607,-86.1,66.01,0.91,2877.05,2492.32,2711,-172.208736,0.274282708,0.019999196,-0.792214007,-1.0532909
2010-07-07,2561.11 ,2580.61 ,2548.56 ,2580.48 ,2567.69 ,3572090900,3572090900,37059.9,27.9,25.06,-16.4026,2543.242,2608.187,2716.559333,36560.962,-69.12,68.1248,1.46,2872.08,2480.89,2691,-169.3601992,0.275768491,0.006857461,-0.557646268,-1.419159918
2010-07-08,2591.51 ,2602.23 ,2564.64 ,2575.92 ,2583.58 ,3405696600,3405696600,35348.76,31.7,27.27,-8.8843,2553.212,2590.029,2706.641,37135.0226,-69.28,68.6554,0.89,2870.89,2470.1,2672,-167.0629392,0.27016098,-0.001765565,-0.378561549,-1.683110266
2010-07-09,2578.55 ,2662.16 ,2557.26 ,2647.10 ,2611.27 ,5849304500,5849304500,61470.07,44.66,33.07,6.6496,2575.81,2581.11,2701.079667,40755.5723,-77.5,71.4742,2.77,2868.05,2467.71,2662,-165.4612423,0.289716096,0.027634,-0.294964169,-1.718810965
2010-07-12,2647.42 ,2689.81 ,2636.65 ,2676.22 ,2662.53 ,5846249100,5846249100,63462.26,61.11,42.42,21.0096,2608.524,2577.054,2696.489,47263.565,-52.78,72.31335,2.6,2855.51,2469.67,2549,-160.8784301,0.269574262,0.010998435,-0.243438548,-1.662226427
2010-07-13,2649.66 ,2649.66 ,2618.34 ,2634.59 ,2638.06 ,4322850600,4322850600,45125.11,65.99,50.27,24.803,2622.862,2581.311,2688.976,48493.2195,-57.81,69.43285,0.45,2845.58,2468.05,2551,-159.0481586,0.271885625,-0.015553666,-0.103774886,-1.606376294
2010-07-14,2640.93 ,2684.62 ,2640.54 ,2653.61 ,2654.93 ,4668886000,4668886000,49497.11,72.02,57.52,29.4592,2637.488,2590.365,2682.419667,50980.6611,-57.19,70.94725,0.61,2834.11,2469,2554,-155.5519507,0.273289276,0.007217813,-0.004044158,-1.470937528
2010-07-15,2650.33 ,2680.44 ,2607.79 ,2608.52 ,2636.77 ,4044045900,4044045900,41444.71,68.65,61.23,26.1622,2644.008,2598.61,2676.928333,52199.8512,-53.48,72.46615,-1.34,2823.1,2466.59,2557,-152.1567032,0.278317194,-0.016991953,0.177938241,-1.319969167
2010-07-16,2597.00 ,2621.33 ,2573.79 ,2616.13 ,2602.06 ,3506330200,3506330200,35422.33,65.96,62.81,24.7199,2637.814,2606.812,2672.660667,46990.3031,-51.07,71.38165,-0.82,2817.84,2463.85,2560,-152.775618,0.273406033,0.002916981,0.319211809,-1.208879203
2010-07-19,2592.09 ,2691.94 ,2585.01 ,2682.47 ,2637.88 ,5386807000,5386807000,59826.13,75.1,66.91,31.9553,2639.064,2623.794,2670.158667,46263.0757,-88.93,72.38145,1.64,2801.69,2470.18,2562,-150.1992371,0.264923339,0.025359615,0.312953292,-1.027501839
2010-07-20,2685.46 ,2746.24 ,2685.46 ,2741.50 ,2714.67 ,7312834500,7312834500,80958.22,82.57,72.13,43.2447,2660.446,2641.654,2670.339333,53429.6973,-90.1,74.99295,3.05,2792.58,2475.06,2567,-143.5388753,0.27776793,0.022006194,0.205007193,-1.17543467
2010-07-21,2744.70 ,2766.21 ,2733.72 ,2747.34 ,2747.99 ,7075709200,7075709200,73734.69,85.37,76.54,49.5957,2679.192,2658.34,2670.437667,58277.2129,-79.46,76.32165,2.54,2790.25,2476.28,2578,-136.8700815,0.276151882,0.0021273,0.178274479,-1.204586205
2010-07-22,2738.03 ,2783.14 ,2734.07 ,2781.29 ,2759.13 ,6106480600,6106480600,63576.6,89.95,81.01,55.9933,2713.746,2678.877,2673.29,62703.5913,-84.11,76.31945,2.49,2795.7,2473.21,2593,-127.7766274,0.279679873,0.012357794,0.263264817,-1.049463545
2010-07-23,2787.52 ,2806.98 ,2769.44 ,2793.08 ,2789.26 ,6451856500,6451856500,70423.34,91.31,84.44,59.1287,2749.136,2693.475,2676.414667,69703.793,-77.92,77.77535,1.6,2807.82,2466.76,2612,-117.572846,0.278274001,0.004239046,0.388419549,-0.903665852
2010-07-26,2798.76 ,2811.95 ,2775.78 ,2811.06 ,2799.39 ,5358002600,5358002600,59848.91,94.08,87.66,60.7103,2774.854,2706.959,2677.379,69708.3489,-71.94,77.8326,1.3,2826.44,2457.58,2635,-100.7424037,0.277148743,0.006436989,0.49034211,-0.887149062
2010-07-27,2803.76 ,2812.21 ,2785.37 ,2795.72 ,2799.27 ,4979988400,4979988400,55963.99,93.75,89.69,56.844,2785.698,2723.072,2678.902333,64709.5039,-69.88,73.02725,0.36,2847.19,2457.19,2660,-84.07258356,0.211836056,-0.005453824,0.302335276,-1.221991435
2010-07-28,2796.48 ,2866.40 ,2784.16 ,2863.72 ,2827.69 ,7998595400,7998595400,84516.85,95.53,91.64,60.2733,2808.974,2744.083,2682.397333,66865.9361,-111.28,75.69065,1.95,2878.94,2455.51,2684,-62.98630438,0.215634659,0.024322859,0.261076325,-1.105687081
2010-07-29,2866.77 ,2888.60 ,2852.00 ,2877.98 ,2871.34 ,9596540900,9596540900,92278.22,95.85,93.04,61.099,2828.312,2771.029,2686.905667,72606.2604,-91.62,78.4366,1.76,2905.44,2464.2,2717,-42.64343916,0.202235631,0.004976737,0.224601552,-1.094367761
2010-07-30,2871.48 ,2876.14 ,2844.68 ,2868.85 ,2865.29 ,6257559100,6257559100,65224.48,93.99,93.36,57.125,2843.466,2796.301,2692.661667,71566.4899,-91.55,76.0133,0.89,2924.81,2478.3,2751,-22.7015172,0.204869642,-0.003172368,0.118972283,-1.188082122
2010-08-02,2868.28 ,2922.61 ,2867.45 ,2917.28 ,2893.91 ,7174330000,7174330000,73569.07,95.06,93.92,57.5673,2864.71,2819.782,2697.215667,74310.5237,-98.72,76.54865,1.84,2946.3,2497.28,2779,-3.847791343,0.200382846,0.016881004,0.203104608,-1.284151466
2010-08-03,2925.25 ,2929.61 ,2865.76 ,2865.97 ,2896.65 ,8174836400,8174836400,86870.57,85.86,91.23,47.8931,2878.76,2832.229,2699.957333,80491.8402,-81.03,75.39525,-0.44,2957.17,2516.72,2808,10.61929822,0.213607758,-0.017586275,0.060397274,-1.40187387
2010-08-04,2858.35 ,2876.60 ,2818.25 ,2876.43 ,2857.41 ,7131803900,7131803900,75670.14,79.5,87.32,40.1599,2881.302,2845.138,2703.888333,78722.4999,-94.77,74.42875,-0.17,2967.42,2536.05,2818,25.11398331,0.213661133,0.00365077,-0.090959317,-1.427889205
2010-08-05,2874.66 ,2877.31 ,2833.67 ,2850.83 ,2859.12 ,6715758100,6715758100,73038.46,69.26,81.3,29.3547,2875.872,2852.092,2706.999333,74874.5466,-92.77,74.6983,-0.87,2968.67,2562.3,2834,34.04453415,0.218332518,-0.008901647,-0.205311261,-1.4549779
2010-08-06,2848.16 ,2898.53 ,2821.03 ,2897.66 ,2866.35 ,7491489500,7491489500,82145.15,72.19,78.27,26.3682,2881.634,2862.55,2712.378333,78258.6803,-115.14,73.32815,0.56,2981.36,2574.66,2821,43.41435744,0.20671206,0.016426801,-0.396938578,-1.271841874
2010-08-09,2894.10 ,2922.62 ,2888.05 ,2918.24 ,2905.75 ,7472639100,7472639100,83431.98,78.85,78.46,25.0283,2881.826,2873.268,2719.093667,80231.2615,-86.96,71.7802,1.26,2996.73,2583.49,2843,55.42603957,0.205573764,0.007102975,-0.5685086,-1.019218522
2010-08-10,2920.40 ,2925.30 ,2832.08 ,2832.64 ,2877.61 ,7843503400,7843503400,84283.7,56.88,71.27,11.1813,2875.16,2876.96,2727.114333,79713.8866,-100.36,74.8752,-1.48,2993.84,2606.19,2925,61.60618759,0.228571323,-0.029333767,-0.783926997,-0.451661073
2010-08-11,2823.15 ,2864.36 ,2823.15 ,2850.21 ,2840.22 ,5497913300,5497913300,58786.3,47.48,63.34,3.3637,2869.916,2875.609,2736.685667,76337.1182,-81.99,73.62195,-0.69,2992,2627.7,2923,70.61047821,0.228390674,0.006203758,-1.053043594,0.408968031
2010-08-12,2822.79 ,2860.37 ,2810.10 ,2816.39 ,2827.41 ,5989322700,5989322700,65825.61,33.41,53.36,-6.8318,2863.028,2869.45,2746.363,74894.5494,-93.21,72.5026,-1.63,2975.8,2664.68,2921,77.0928543,0.222814593,-0.011867542,-1.124586222,1.234888754
2010-08-13,2818.41 ,2856.04 ,2799.22 ,2855.55 ,2832.31 ,5850772100,5850772100,62923.75,36.67,47.8,-8.653,2854.606,2868.12,2757.077667,71050.2688,-82.45,72.9668,0.03,2955.04,2709.38,2917,81.89196158,0.225557396,0.013904699,-0.785057442,0.378940376
2010-08-16,2851.22 ,2927.69 ,2843.02 ,2922.08 ,2886.00 ,8106804300,8106804300,91427.51,56.33,50.64,-1.6166,2855.374,2868.6,2770.725333,72649.3741,-88.52,73.483,2.34,2951.26,2737.12,2799,86.82636351,0.223215552,0.023300615,-0.388131828,-0.586471806
2010-08-17,2927.26 ,2949.73 ,2917.83 ,2942.29 ,2934.28 ,7645291200,7645291200,86700.54,69.24,56.84,4.6942,2877.304,2876.232,2783.371667,73132.7428,-93.31,70.7568,2.26,2958.37,2750.09,2802,92.23284533,0.213803681,0.006915615,-0.233308624,-0.508585223
2010-08-18,2945.98 ,2962.75 ,2924.67 ,2937.36 ,2942.69 ,7074760000,7074760000,80832.37,74.32,62.67,6.9999,2894.734,2882.325,2795.267667,77541.956,-98.64,68.96525,1.47,2961.27,2766.19,2808,95.42500306,0.214560515,-0.001675225,-0.036682757,-0.937993454
2010-08-19,2940.77 ,2975.19 ,2928.01 ,2955.40 ,2949.84 ,7692486500,7692486500,91734.59,79.13,68.15,9.5904,2922.536,2892.782,2807.917,82723.7507,-105.6,69.0204,1.12,2970.08,2774.8,2817,98.76970291,0.212258572,0.006139182,0.031110111,-0.92873585
2010-08-20,2943.33 ,2951.96 ,2892.64 ,2898.33 ,2921.57 ,7166330600,7166330600,82298.17,71.53,69.28,2.6149,2931.092,2892.849,2816.291333,86598.6358,-99.87,68.3408,-1.12,2968.43,2786.97,2830,98.19511776,0.226705436,-0.019307741,-0.025828537,-0.803282676
2010-08-23,2895.71 ,2920.54 ,2886.66 ,2896.19 ,2899.78 ,4891551700,4891551700,57772.78,66.05,68.2,-2.9855,2925.914,2890.644,2823.623667,79867.6901,-81.61,67.90925,-1.02,2967.36,2796.56,2841,98.30876188,0.22621598,-0.000738701,-0.13736026,-0.49357541
2010-08-24,2892.13 ,2933.12 ,2866.80 ,2911.83 ,2900.97 ,6109379600,6109379600,65036.59,65.37,67.26,-5.1545,2919.822,2898.563,2832.865,75534.9001,-76.37,69.40355,-0.27,2963.75,2811.78,2852,95.79847378,0.225064169,0.005398468,0.003688127,-0.764918544
2010-08-25,2893.99 ,2904.66 ,2842.25 ,2843.02 ,2870.98 ,6361062100,6361062100,67048.22,51.87,62.13,-15.8259,2900.954,2897.844,2839.178667,72778.0713,-83.98,68.41175,-2,2964.63,2808.82,2952,89.26090009,0.227247167,-0.023629151,0.017158331,-0.916587098
2010-08-26,2853.11 ,2868.88 ,2836.13 ,2850.09 ,2852.05 ,4867044200,4867044200,51862.92,37.93,54.06,-21.5461,2879.892,2901.214,2847.231,64803.7385,-86.51,64.827,-1.03,2964.88,2805.79,2950,83.86020509,0.226645688,0.00248679,0.087939973,-1.069347079
2010-08-27,2847.45 ,2861.07 ,2833.42 ,2858.57 ,2850.13 ,4078958200,4078958200,46699.34,31.2,46.44,-23.634,2871.94,2901.516,2855.312333,57683.9725,-88.43,64.6369,-0.47,2964.94,2804.7,2945,76.73174483,0.226727914,0.002972885,0.11545093,-1.121718789
2010-08-30,2874.25 ,2921.09 ,2872.92 ,2915.01 ,2895.82 ,6574988200,6574988200,77341.62,39.98,44.29,-17.1606,2875.704,2900.809,2863.063667,61597.74,-90.79,65.12355,1.37,2964.64,2804.77,2939,75.34710759,0.229712407,0.019745565,0.119598374,-1.105305311
2010-08-31,2905.15 ,2910.06 ,2889.81 ,2903.19 ,2902.05 ,6576610400,6576610400,79976.35,43.06,43.88,-14.3337,2873.976,2896.899,2868.453333,64585.6909,-79.81,63.788,1.02,2966.4,2806.73,2932,72.91745221,0.220684207,-0.004055561,-0.023599019,-1.105308192
2010-09-01,2907.66 ,2931.76 ,2859.17 ,2884.04 ,2895.66 ,7697557800,7697557800,87931.89,42.94,43.57,-14.8434,2882.18,2891.567,2873.01,68762.4235,-77.16,64.50035,0.06,2966.65,2807.25,2932,70.9322296,0.221837374,-0.006594819,-0.054589091,-1.087759049
2010-09-02,2917.74 ,2931.55 ,2903.03 ,2921.39 ,2918.43 ,7070085100,7070085100,88923.14,58.04,48.39,-10.1726,2896.44,2888.166,2877.68,76174.4674,-80.81,65.1663,0.86,2969.69,2811.26,2932,68.57231812,0.223507717,0.012950921,-0.270545031,-0.982027854
2010-09-03,2926.94 ,2929.55 ,2891.88 ,2920.21 ,2917.15 ,7264102700,7264102700,87724.83,67.71,54.83,-7.3941,2908.768,2890.354,2881.917667,84379.5646,-83.39,63.17475,0.39,2971.88,2811.32,2930,65.24190222,0.21631807,-0.000406655,-0.330131768,-1.054069357
2010-09-06,2935.89 ,2980.42 ,2935.89 ,2975.09 ,2956.82 ,9385568100,9385568100,110466.12,77.26,62.31,1.2247,2920.784,2898.244,2887.385333,91004.4646,-90.91,62.5225,1.86,2982.36,2806.53,2859,69.10240711,0.224768085,0.018794913,-0.079586743,-0.889907809
2010-09-07,2979.30 ,2991.44 ,2959.90 ,2983.11 ,2978.44 ,7351936100,7351936100,85488.19,83.09,69.23,7.0685,2936.768,2905.372,2893.631667,92106.8339,-90.69,60.63885,1.58,2993.3,2810.64,2862,72.29213675,0.193211198,0.002695045,-0.052372615,-0.662441506
2010-09-08,2970.00 ,2982.72 ,2953.84 ,2980.97 ,2971.88 ,7287200200,7287200200,92660.88,86.52,74.99,9.5538,2956.154,2919.167,2897.54,93052.6323,-92.03,60.02235,0.84,3002.91,2814.1,2867,76.90657991,0.193060454,-0.000717708,-0.160955929,-0.604586257
2010-09-09,2986.87 ,2986.87 ,2922.20 ,2926.46 ,2955.60 ,8139555400,8139555400,103248.28,74.63,74.87,3.0977,2957.168,2926.804,2899.156,95917.6598,-88.34,60.74235,-1.04,2998.07,2829.95,2872,76.60690092,0.20064478,-0.018285006,-0.046771556,-0.646909105
2010-09-10,2928.00 ,2940.79 ,2890.04 ,2932.55 ,2922.85 ,6508670400,6508670400,83743.16,68.25,72.67,-0.8966,2959.636,2934.202,2901.279333,95121.3267,-77.45,60.439,-0.92,2997.58,2838.13,2877,73.30010587,0.195682895,0.002082379,-0.187476929,-0.283405297
2010-09-13,2933.59 ,2977.08 ,2925.42 ,2962.32 ,2949.60 ,6727990000,6727990000,87536.18,71.49,72.28,-0.1141,2957.082,2938.933,2902.780667,90535.3392,-77.68,58.3678,0.18,3002.04,2837.7,2881,70.63650058,0.18153082,0.010149856,-0.260565257,-0.511191392
2010-09-14,2971.55 ,2984.47 ,2954.51 ,2965.01 ,2968.89 ,7010590300,7010590300,87204.42,72.31,72.29,0.1654,2953.462,2945.115,2906.082,90878.5847,-74.19,55.985,0.39,3005.09,2836.93,2885,68.48702555,0.180053322,0.000908072,-0.269767793,-0.657059114
2010-09-15,2965.54 ,2965.54 ,2905.63 ,2913.19 ,2937.48 ,7161964200,7161964200,86445.96,55.82,66.8,-6.8429,2939.906,2948.03,2907.307333,89635.6018,-77.81,56.7347,-0.91,3003.58,2836.02,2889,62.95262427,0.191045263,-0.017475495,-0.180308615,-0.65031825
2010-09-16,2908.32 ,2917.85 ,2834.03 ,2857.79 ,2879.50 ,7407428400,7407428400,84198.38,42.24,58.61,-18.493,2926.172,2941.67,2907.539333,85825.6209,-82.21,58.3995,-2.34,3001.3,2828.54,2984,57.77779306,0.200471989,-0.019018644,0.008020064,-0.810069049
2010-09-17,2864.72 ,2877.08 ,2847.68 ,2861.37 ,2862.71 ,5193886700,5193886700,62466.33,33.95,50.39,-24.8717,2911.936,2935.786,2906.329667,81570.2535,-82.43,57.5862,-1.74,3002.47,2823.67,2981,53.1477534,0.189227316,0.001252717,0.047592545,-1.017855902
2010-09-20,2865.04 ,2872.22 ,2829.76 ,2849.83 ,2854.21 ,5028310400,5028310400,57582.99,26.89,42.56,-29.4851,2889.438,2923.26,2904.049333,75579.6148,-86.97,58.0152,-1.37,3004.31,2817.2,2979,47.39041573,0.189612551,-0.004033384,0.065102668,-1.200570561
2010-09-21,2859.43 ,2869.38 ,2844.13 ,2857.48 ,2857.61 ,3575188100,3575188100,44742.03,23.81,36.31,-30.2337,2867.932,2910.697,2904.877333,67087.1355,-83.52,56.68055,-0.36,3004.57,2811.5,2973,45.74354495,0.188682287,0.002683671,0.168503275,-1.348143107
2010-09-27,2869.93 ,2905.53 ,2864.21 ,2905.03 ,2886.18 ,4907182300,4907182300,62611.53,32.09,34.9,-23.3592,2866.3,2903.103,2906.704667,62320.2495,-67.17,56.62995,1.35,3002.73,2819.54,2967,46.2031677,0.177641521,0.01664161,0.138466104,-1.213821257
2010-09-28,2900.54 ,2900.54 ,2875.66 ,2880.91 ,2889.41 ,5866082600,5866082600,80859.75,32.41,34.07,-21.1613,2870.924,2898.548,2908.855333,61652.5242,-78.09,56.80885,0.35,3000.93,2824.43,2961,45.01005932,0.180634531,-0.008303532,0.174406361,-1.129173725
2010-09-29,2877.27 ,2908.73 ,2866.85 ,2874.81 ,2881.92 ,5678223600,5678223600,74516.02,31.32,33.15,-19.6618,2873.612,2892.774,2909.497333,64062.4633,-82.59,57.52015,0.04,2999.92,2827.05,2956,40.74965635,0.180629014,-0.002115653,0.198424462,-1.076371885
2010-09-30,2859.06 ,2935.60 ,2857.42 ,2935.57 ,2896.91 ,6300024700,6300024700,80709.73,46.85,37.72,-10.0999,2890.76,2890.099,2909.947,68687.8117,-76.83,57.04585,1.55,3001.51,2827.52,2952,40.33147353,0.182610851,0.021135991,0.12343848,-1.153800234
2010-10-08,2965.65 ,3055.84 ,2963.24 ,3044.23 ,3007.24 ,9999472000,9999472000,134986.64,62.86,46.1,10.1507,2928.11,2898.021,2913.345,86736.7336,-76.77,65.10965,3.97,3025.85,2817.29,2857,46.32444986,0.221786036,0.037014567,0.518993879,-0.114568996
2010-10-11,3069.19 ,3154.20 ,3069.19 ,3132.90 ,3106.37 ,15873490400,15873490400,212607.07,73.05,55.08,33.4647,2973.684,2919.992,2919.863,116735.8401,-75.5,71.0283,5.35,3073.04,2794.98,2861,54.58332736,0.237675009,0.029124578,1.267987895,2.322550342
2010-10-12,3121.64 ,3173.85 ,3106.22 ,3172.73 ,3143.61 ,12736170500,12736170500,178245.22,81.92,64.03,51.1666,3032.048,2951.486,2927.107333,136212.9341,-54.87,72.6423,4.64,3121.58,2771.57,2873,64.48021099,0.237562387,0.0127138,1.341067865,1.674684339
2010-10-13,3176.89 ,3221.65 ,3165.58 ,3217.58 ,3195.43 ,14460777300,14460777300,195444.72,87.59,71.88,64.9471,3100.602,2987.107,2937.749,160398.6737,-84.02,76.5299,3.77,3173.61,2749.29,2891,73.38055044,0.239432148,0.014136424,1.25822043,0.917788843
2010-10-14,3245.13 ,3286.02 ,3215.03 ,3224.14 ,3242.58 ,17961183800,17961183800,227654.46,86.91,76.89,70.5121,3158.316,3024.538,2948.680667,189787.6199,-86.66,78.12485,2.08,3216.48,2731.31,2918,81.76312292,0.233954485,0.002039734,1.092217949,0.016752308
2010-10-15,3204.72 ,3327.68 ,3199.12 ,3327.68 ,3264.80 ,19341414000,19341414000,245619.3,91.28,81.69,82.8536,3215.006,3071.558,2962.542333,211914.1522,-141.32,81.77565,3.5,3280.83,2701.42,2954,95.01076678,0.253481844,0.032114921,1.094797157,0.019253028
2010-10-18,3345.80 ,3390.02 ,3288.78 ,3306.16 ,3332.69 ,21788205100,21788205100,267884.37,88.94,84.1,82.6444,3249.658,3111.671,2977.980333,222969.613,-144.84,89.87625,1.74,3329.39,2685.38,2999,109.2452284,0.256162531,-0.006467864,0.897550671,-0.680853312
2010-10-19,3300.52 ,3375.87 ,3280.00 ,3375.67 ,3333.02 ,13044179100,13044179100,165488.91,91.73,86.64,86.01,3290.246,3161.147,2995.499667,220418.3519,-167.33,91.4363,2.6,3388.65,2671.04,3054,125.938967,0.245826746,0.021025601,0.740425629,-0.992565902
2010-10-20,3304.22 ,3439.23 ,3301.01 ,3396.88 ,3360.34 ,16652846000,16652846000,235372.06,91.52,88.27,85.079,3326.106,3213.354,3013.443333,228403.8194,-207.72,96.85985,2.13,3444.01,2662.12,3101,141.3700187,0.245132313,0.006281709,0.568887394,-1.28913759
2010-10-21,3404.72 ,3418.09 ,3344.96 ,3374.69 ,3385.62 ,12388324500,12388324500,175383.71,88.53,88.36,75.7705,3356.216,3257.266,3028.766,217949.6703,-207.31,98.3618,0.55,3487.31,2660.05,3155,154.7853177,0.249739462,-0.006533645,0.37171931,-1.588928002
2010-10-22,3365.60 ,3408.49 ,3346.11 ,3378.66 ,3374.72 ,11636185700,11636185700,163153.62,86.29,87.67,64.8653,3366.412,3290.709,3044.615,201456.5347,-217.14,98.58575,0.36,3526.09,2662.64,3201,170.3191018,0.249661417,0.001176406,0.178893016,-1.773087703
2010-10-25,3386.85 ,3481.35 ,3366.43 ,3481.08 ,3428.93 ,14543310500,14543310500,208809.41,90.83,88.72,65.9488,3401.396,3325.527,3064.516333,189641.5416,-263.72,102.3521,2.34,3578.35,2667.17,3239,192.9677468,0.245592027,0.030315614,0.050000123,-1.703110502
2010-10-26,3491.47 ,3499.82 ,3436.46 ,3466.08 ,3473.46 ,14263699900,14263699900,205216.46,90.15,89.2,59.3526,3419.478,3354.862,3082.672667,197587.0501,-244.32,104.83065,1.36,3615.45,2690.89,3282,213.5551094,0.228056348,-0.004308145,-0.113681531,-1.6493216
2010-10-27,3451.43 ,3490.22 ,3398.10 ,3403.87 ,3435.91 ,12376157000,12376157000,177072.55,82.8,87.06,42.1278,3420.876,3373.491,3098.794667,185927.1491,-272.13,107.28425,-0.5,3634.07,2726.53,3326,230.5795539,0.24707732,-0.017948786,-0.317406011,-1.524038437
2010-10-28,3390.43 ,3420.89 ,3371.44 ,3397.69 ,3395.11 ,9834945600,9834945600,141135.88,73.04,82.39,26.1995,3425.476,3390.846,3112.881333,179077.5829,-288.31,107.63345,-0.81,3643.25,2772.14,3361,246.0613762,0.245680475,-0.001815579,-0.518021222,-1.285143329
2010-10-29,3400.26 ,3404.60 ,3351.60 ,3379.98 ,3384.11 ,10045897000,10045897000,145528.37,63.86,76.21,10.3874,3425.74,3396.076,3126.110333,175552.5324,-191.82,108.30225,-1.34,3642.8,2824.84,3500,257.5060074,0.24985621,-0.005212068,-0.725279114,-0.901622335
2010-11-01,3390.41 ,3473.00 ,3390.41 ,3473.00 ,3431.71 ,12626914800,12626914800,186725.76,71.41,74.61,9.5865,3424.124,3412.76,3142.511333,171135.8039,-241.6,111.3019,1.43,3653.56,2870.87,3497,274.2351071,0.257184663,0.027518482,-0.930902059,-0.314335022
2010-11-02,3484.23 ,3522.18 ,3449.72 ,3463.13 ,3479.82 ,15491145000,15491145000,233976.23,69.83,73.02,5.082,3423.534,3421.506,3160.400333,176887.7582,-206.87,116.07365,1.16,3648.36,2934.29,3522,289.9393017,0.252997791,-0.0028402,-1.121306544,0.411553305
2010-11-03,3462.74 ,3474.71 ,3419.08 ,3420.34 ,3444.22 ,12635930300,12635930300,178803.33,60.61,68.88,-5.721,3426.828,3423.852,3176.66,177233.9137,-219.66,116.7611,-0.19,3620.8,3016.41,3519,299.6806866,0.261622249,-0.012355871,-1.196489094,0.823171715
2010-11-04,3426.46 ,3480.93 ,3419.64 ,3480.51 ,3451.89 ,11679948100,11679948100,164721.39,65.6,67.79,-6.7511,3443.392,3434.434,3193.933,181951.0161,-239.49,115.9447,1.08,3596.5,3095.2,3515,306.5102523,0.259750526,0.017590059,-1.037952024,0.298526296
2010-11-05,3538.99 ,3554.47 ,3498.28 ,3520.80 ,3528.14 ,13768802700,13768802700,196618.04,71.53,69.03,-4.1238,3471.556,3448.648,3212.459333,192168.9512,-306.6,112.76515,1.42,3588.15,3151.21,3419,310.5798897,0.238550384,0.011576768,-0.83553909,-0.107545702
2010-11-08,3534.19 ,3549.31 ,3506.38 ,3548.57 ,3534.61 ,12647075900,12647075900,174067.58,80.05,72.71,-0.9303,3486.67,3455.397,3233.638667,189637.3151,-266.43,105.76825,1.78,3592.56,3188.36,3422,313.8428952,0.224783602,0.007886848,-0.674379798,0.012928681
2010-11-09,3547.44 ,3547.44 ,3498.62 ,3523.95 ,3529.36 ,12245453300,12245453300,170174.88,81.69,75.7,-4.2342,3498.834,3461.184,3255.844,176877.0447,-259.05,102.97605,0.72,3590.55,3225.5,3424,313.4696004,0.228114619,-0.006935759,-0.58799042,0.041830972
2010-11-10,3507.20 ,3508.28 ,3470.97 ,3499.11 ,3496.39 ,12007857800,12007857800,176529.78,78.69,76.7,-11.4556,3514.588,3470.708,3277.102,176422.3354,-217.89,99.0703,-0.44,3585.17,3259.03,3427,311.5446704,0.229632255,-0.007049752,-0.579304213,0.291357152
2010-11-11,3490.74 ,3557.99 ,3484.89 ,3509.98 ,3510.90 ,13897623300,13897623300,209121.53,76.25,76.55,-16.17,3520.482,3481.937,3299.107,185302.3616,-223.02,97.399,-0.3,3574.63,3298.16,3430,305.0820369,0.229530884,0.003104789,-0.156479538,-0.987687788
2010-11-12,3484.61 ,3497.06 ,3284.35 ,3291.83 ,3389.46 ,16073385000,16073385000,224200.79,51.74,68.28,-48.2601,3474.688,3473.122,3313.585333,190818.9116,-157.17,101.6066,-5.26,3579.54,3289.66,3558,289.111585,0.314236068,-0.062149161,-0.320079677,-0.694044345
2010-11-15,3298.74 ,3319.98 ,3241.76 ,3314.89 ,3293.84 ,10231572400,10231572400,144492.95,42.2,59.59,-64.9296,3427.952,3457.311,3327.247333,184903.9857,-161.51,95.97285,-3.3,3578.39,3291.68,3553,271.6169558,0.314492257,0.007005216,-0.287045268,-0.740593924
2010-11-16,3311.62 ,3311.62 ,3155.48 ,3169.54 ,3237.07 ,10830707200,10830707200,154278.11,29.3,49.49,-92.407,3357.07,3427.952,3336.868333,181724.633,-153.46,98.9865,-5.59,3609.66,3239.8,3540,246.669058,0.342346961,-0.043849078,-1.129374102,1.64439217
2010-11-17,3124.11 ,3168.93 ,3087.51 ,3103.91 ,3121.12 ,8325808000,8325808000,118981.23,20.7,39.89,-114.8325,3278.03,3396.309,3344.505,170214.9227,-140.29,95.0964,-5.31,3644.18,3175.98,3517,220.7966551,0.346014881,-0.020707119,-1.340720173,1.598114439
2010-11-18,3134.94 ,3158.63 ,3097.39 ,3147.96 ,3134.73 ,6569729200,6569729200,94476.12,18.08,32.62,-118.6552,3205.626,3363.054,3351.584667,147285.8409,-157.44,92.7984,-1.8,3660.4,3137.09,3483,198.2221724,0.352105692,0.014193729,-1.139789922,0.36639363
2010-11-19,3168.17 ,3178.85 ,3076.21 ,3178.85 ,3150.52 ,8334765400,8334765400,114672.98,19.15,28.13,-112.0269,3183.03,3328.859,3356.072,125380.2781,-194.55,94.7536,-0.13,3668.28,3109.23,3451,173.1993137,0.354918959,0.009810792,-0.923682508,-0.466638217
2010-11-22,3148.22 ,3200.47 ,3137.75 ,3171.94 ,3164.60 ,8321277600,8321277600,114302.98,19.39,25.22,-103.7648,3154.44,3291.196,3357.373333,119342.2826,-175.46,94.20475,0.55,3665.24,3081.35,3414,149.832198,0.333060315,-0.002172172,-0.662833155,-1.056249435
2010-11-23,3156.48 ,3156.48 ,3061.62 ,3107.18 ,3120.44 ,7739959100,7739959100,105281.46,15.99,22.14,-102.0591,3141.968,3249.519,3355.188333,109542.9522,-146.82,92.27815,-1.11,3666.76,3043.95,3380,127.5057881,0.337843031,-0.020418097,-0.464558464,-1.387963717
2010-11-24,3088.99 ,3177.41 ,3088.99 ,3177.04 ,3133.11 ,7533208300,7533208300,107688.45,19.49,21.26,-87.1372,3156.594,3217.312,3353.837,107284.3952,-155.96,93.4615,0.65,3664.37,3023.65,3342,110.0980487,0.348016423,0.022485691,-0.272549617,-1.6449108
2010-11-25,3197.97 ,3227.05 ,3172.28 ,3223.48 ,3205.20 ,8344209400,8344209400,116948.3,33.88,25.47,-67.5046,3171.698,3188.662,3353.815,111778.8311,-127.92,97.8923,1.63,3658.97,3011.63,3308,96.7681963,0.353810002,0.014617681,-0.110970337,-1.75326238
2010-11-26,3214.13 ,3224.52 ,3170.36 ,3194.85 ,3200.97 ,6446782400,6446782400,96226.37,40.35,30.43,-55.3763,3174.898,3178.964,3349.387333,108089.5091,-136.15,97.95,0.63,3654.88,2997.21,3278,78.02268648,0.354412129,-0.008882005,0.044427045,-1.838587827
2010-11-29,3183.54 ,3206.76 ,3159.46 ,3190.05 ,3184.95 ,5899489200,5899489200,88799.07,52.78,37.88,-45.4196,3178.52,3166.48,3345.517,102988.7289,-133.55,94.24515,0.36,3638.45,2985.34,3252,60.46750216,0.336420699,-0.001503356,0.258521621,-1.754413798
2010-11-30,3187.53 ,3205.78 ,3060.44 ,3136.99 ,3147.69 ,8576235500,8576235500,120572.33,50.5,42.09,-43.402,3184.482,3163.225,3337.561,106046.9023,-134.01,94.92425,-1.49,3622.92,2968.26,3233,43.27632705,0.339271023,-0.016634536,0.472454037,-1.57895785
2010-12-01,3127.26 ,3150.44 ,3111.65 ,3136.02 ,3131.34 ,4888266800,4888266800,69472.58,48.79,44.32,-39.719,3176.278,3166.436,3328.865667,98403.7289,-132.98,96.6428,-1.27,3610.58,2952.17,3209,23.8884607,0.338451222,-0.000306345,0.674320421,-1.357087088
2010-12-02,3185.76 ,3194.23 ,3154.32 ,3155.06 ,3172.34 ,6102390800,6102390800,89764.28,51.46,46.7,-32.5405,3162.594,3167.146,3321.544667,92966.9255,-147.54,97.6794,-0.24,3584.9,2945.3,3194,4.407087665,0.331067523,0.006069788,0.934256364,-0.850120629
2010-12-03,3161.93 ,3171.38 ,3134.42 ,3158.16 ,3156.47 ,5047535400,5047535400,71387.34,53.85,49.08,-25.5079,3155.256,3165.077,3314.194667,87999.1195,-154.24,92.786,0.09,3546.18,2947.75,3175,-15.33376672,0.32621591,0.000981598,1.233377129,-0.010492633
2010-12-06,3168.88 ,3185.33 ,3140.56 ,3165.57 ,3165.09 ,5636263000,5636263000,80043.21,56.94,51.7,-18.3271,3150.36,3164.44,3303.677667,86247.9463,-150.43,92.7802,0.48,3492.83,2962.81,3112,-32.48627838,0.32381558,0.002347572,1.557360934,1.206193836
2010-12-07,3152.73 ,3214.69 ,3112.22 ,3200.34 ,3170.00 ,5848365300,5848365300,85548.29,65.95,56.45,-7.896,3163.03,3173.756,3294.819667,79243.1392,-167.46,95.46275,1.18,3437.08,2986.19,3112,-45.80056446,0.329079891,0.010983488,1.950423197,3.293972912
2010-12-08,3194.90 ,3215.28 ,3166.77 ,3171.88 ,3187.21 ,5951566300,5951566300,87056.11,66.6,59.83,-4.0268,3170.202,3173.24,3287.086667,82759.8443,-133.92,98.7503,0.05,3375.92,3014.63,3116,-60.41518624,0.329314838,-0.008891871,2.511493294,7.602792761
2010-12-09,3156.00 ,3175.05 ,3122.20 ,3123.37 ,3144.16 ,6615296500,6615296500,83159.04,57.95,59.21,-7.0233,3163.864,3163.229,3277.942667,81438.7959,-166.63,97.04215,-1.28,3282.24,3069.65,3122,-65.81777693,0.329899569,-0.015295651,1.310822128,2.087059457
2010-12-10,3107.38 ,3172.16 ,3101.08 ,3161.98 ,3135.65 ,5710810500,5710810500,78069.12,60.49,59.64,-3.0303,3164.628,3159.942,3270.676,82775.152,-160.02,89.9605,-0.08,3260.75,3078.16,3101,-70.17268808,0.253352379,0.012361984,1.587823446,4.748266243
2010-12-13,3176.34 ,3261.34 ,3173.56 ,3261.06 ,3218.08 ,9571373900,9571373900,132088.35,73.6,64.29,12.8592,3183.726,3167.043,3263.611333,93184.1811,-164.94,94.06265,2.43,3241.71,3091.81,3108,-62.08790368,0.277605073,0.031336091,0.545340107,1.047047156
2010-12-14,3270.20 ,3279.37 ,3254.18 ,3269.47 ,3268.31 ,8410424100,8410424100,114928.74,80.55,69.71,23.7702,3197.552,3180.291,3257.156,99060.2698,-167.53,91.54565,2.25,3259.69,3083.83,3120,-50.70510849,0.223661925,0.002579835,0.702770063,0.532256429
2010-12-15,3270.78 ,3282.77 ,3242.52 ,3247.64 ,3260.93 ,7226978500,7226978500,104793.17,80.59,73.34,27.075,3212.704,3191.453,3251.399333,102607.6837,-157.36,89.48725,1.09,3267.02,3090.87,3136,-43.18575307,0.209983199,-0.006676915,0.66330142,-0.019997138
2010-12-16,3246.01 ,3258.39 ,3224.12 ,3230.67 ,3239.80 ,5679962500,5679962500,79262.38,77.5,74.73,25.9977,3234.164,3199.014,3243.071333,101828.3518,-157.33,87.64475,-0.11,3272.78,3093.38,3154,-38.43551542,0.206726332,-0.005228098,0.428593367,-0.422365231
2010-12-17,3229.30 ,3232.84 ,3212.58 ,3225.66 ,3225.10 ,4491914700,4491914700,65697.26,74.52,74.66,23.6976,3246.9,3205.764,3233.233333,99353.9803,-192.34,83.5261,-0.65,3277.08,3093.76,3169,-33.82773964,0.204469305,-0.001548907,0.278274551,-0.717993525
2010-12-20,3239.02 ,3249.76 ,3118.00 ,3178.66 ,3196.36 ,7475969300,7475969300,107521.98,63.92,71.08,15.3381,3230.42,3207.073,3220.903,94440.705,-177.34,83.9014,-1.6,3277.26,3094.26,3283,-28.56230266,0.211522219,-0.014571897,0.25656712,-0.708609803
2010-12-21,3184.70 ,3251.55 ,3168.89 ,3249.51 ,3213.66 ,7985242000,7985242000,112461.68,69.84,70.67,18.6259,3226.428,3211.99,3211.755,93947.2928,-196.49,85.8363,0.72,3280.71,3105.04,3279,-23.51088753,0.210274897,0.022289917,0.258785823,-1.049596894
2010-12-22,3253.82 ,3263.45 ,3201.67 ,3215.45 ,3233.60 ,6993625800,6993625800,98309.03,67.54,69.62,15.6089,3219.99,3216.347,3202.299667,92650.4644,-176.55,84.7749,-0.14,3282.85,3106.74,3276,-22.73689315,0.200908304,-0.010480353,0.121946568,-1.112777287
2010-12-23,3210.67 ,3237.64 ,3183.15 ,3188.61 ,3205.02 ,6131584700,6131584700,84430.48,59.31,66.19,9.6842,3211.578,3222.871,3191.587333,93684.0842,-190.59,80.5964,-0.72,3280.09,3106.01,3273,-21.9123485,0.196266655,-0.008349057,0.242987104,-0.976127655
2010-12-24,3170.64 ,3187.72 ,3139.45 ,3162.96 ,3165.19 ,5513776700,5513776700,72989.14,48.64,60.34,2.3776,3199.038,3222.969,3187.291667,95142.4595,-189.04,80.30225,-1.13,3279.52,3103.39,3270,-22.17148107,0.195811033,-0.008044892,0.33672803,-1.028032374
2010-12-27,3176.11 ,3219.66 ,3092.26 ,3099.71 ,3146.94 ,7001710700,7001710700,99855.48,33.73,51.47,-10.2168,3183.248,3206.834,3180.119,93609.1598,-179.29,84.307,-2.62,3284.1,3089.77,3267,-22.92670702,0.207948264,-0.019995858,0.167735766,-0.920256759
2010-12-28,3084.82 ,3095.36 ,3041.33 ,3044.93 ,3066.61 ,5632574900,5632574900,74843.96,23.03,41.99,-24.3608,3142.332,3184.38,3175.965333,86085.616,-188.07,79.7413,-3.1,3296.67,3068,3260,-26.33502167,0.20901192,-0.017671982,-0.485423373,0.288842276
2010-12-29,3049.93 ,3062.56 ,3025.22 ,3061.83 ,3049.89 ,4519277500,4519277500,60134.78,20.47,34.82,-29.5302,3111.608,3165.799,3174.562667,78450.765,-183.57,77.10825,-1.6,3303.6,3053.65,3247,-29.67972058,0.210473541,0.00554988,-0.569076254,-0.076851577
2010-12-30,3063.05 ,3079.91 ,3027.90 ,3064.10 ,3058.74 ,5428142900,5428142900,70284.28,19.09,29.57,-30.6036,3086.706,3149.142,3171.767333,75621.5249,-185.3,75.71365,-0.73,3308.9,3039.26,3229,-32.89863455,0.208885918,0.000740734,-0.512328303,-0.590116066
2010-12-31,3069.05 ,3129.45 ,3067.11 ,3128.26 ,3098.47 ,6256607800,6256607800,90545.9,27.14,28.76,-21.0842,3079.766,3139.402,3170.081,79132.8779,-179.74,78.9431,1.57,3308.8,3036.36,3213,-33.11915283,0.223213858,0.020940257,-0.440594469,-0.746566802
2011-01-04,3155.56 ,3194.36 ,3143.60 ,3189.68 ,3170.80 ,8541044000,8541044000,129159.62,41.11,32.88,-5.7263,3097.76,3140.504,3170.672333,84993.7063,-140.92,82.75995,2.97,3310.17,3037.4,3198,-31.99604518,0.234067686,0.019634231,-0.49694468,-0.718973249
2011-01-05,3170.18 ,3193.78 ,3158.87 ,3175.66 ,3174.62 ,7926881000,7926881000,116943.21,51.01,38.92,2.8704,3123.906,3133.119,3172.955,93413.5578,-144.94,80.1453,1.66,3308.37,3036.73,3194,-30.20724293,0.231216076,-0.004395423,-0.446107982,-0.71612024
2011-01-06,3177.84 ,3198.05 ,3152.57 ,3159.64 ,3172.03 ,5968109200,5968109200,91568.45,57.05,44.97,6.5167,3143.468,3127.538,3172.375,99700.2918,-155.56,77.2664,0.51,3307.89,3036,3198,-26.88303078,0.229721201,-0.005044303,-0.415288407,-0.745369764
2011-01-07,3156.36 ,3209.90 ,3141.13 ,3166.62 ,3168.50 ,8409323300,8409323300,113651.25,62.28,50.74,9.7899,3163.972,3125.339,3170.479667,108373.6866,-135.38,78.06235,0.08,3308.16,3040.05,3210,-25.30652924,0.222642614,0.002209427,-0.518482287,-0.53020875
2011-01-10,3162.09 ,3182.78 ,3102.43 ,3108.19 ,3138.87 ,6549440600,6549440600,87992.88,56.49,52.65,4.2867,3159.958,3119.862,3167.591,107863.0827,-147.61,78.52605,-1.64,3308.61,3034.22,3204,-31.68490278,0.228253069,-0.018454038,-0.404434441,-0.826337044
2011-01-11,3096.25 ,3131.29 ,3084.51 ,3124.92 ,3109.24 ,5698591700,5698591700,74832.45,55.66,53.66,3.1544,3147.006,3122.383,3165.42,96997.6484,-150.08,72.85195,-0.7,3296.49,3032.73,3194,-37.32825764,0.197089197,0.005384168,-0.27745049,-0.819623935
2011-01-12,3135.18 ,3153.43 ,3099.41 ,3142.34 ,3132.59 ,5849851800,5849851800,71551.42,58.06,55.12,4.9019,3140.342,3132.124,3165.598333,87919.2899,-141.46,71.00775,0.06,3280.77,3035.73,3181,-40.72719476,0.198314017,0.005572939,-0.294958334,-0.747648728
2011-01-13,3153.99 ,3157.04 ,3127.16 ,3141.28 ,3144.87 ,5193698800,5193698800,66925.78,56.02,55.42,5.9929,3136.67,3140.069,3165.773667,82990.7573,-132.52,71.8761,0.15,3268.13,3037.74,3169,-43.15988502,0.197592015,-0.000335101,-0.266282267,-0.57758526
2011-01-14,3129.67 ,3129.67 ,3083.51 ,3091.86 ,3108.68 ,5335143900,5335143900,71012.1,39.55,50.13,0.4293,3121.718,3142.845,3163.667,74462.9273,-131.94,72.4703,-0.96,3258.16,3033.83,3159,-47.69184077,0.203641849,-0.015733057,-0.104988559,-0.599667563
2011-01-17,3067.43 ,3078.88 ,2968.61 ,2974.35 ,3022.32 ,6680756200,6680756200,85454.12,27.16,42.48,-17.7055,3094.95,3127.454,3157.54,73955.1752,-109.65,76.9708,-3.9,3262.97,3003.88,3149,-55.52259873,0.241386285,-0.038006871,-0.609966108,0.612908715
2011-01-18,2965.42 ,2984.47 ,2947.60 ,2977.65 ,2968.79 ,4296456400,4296456400,54652.42,21.93,35.63,-27.309,3065.496,3106.251,3151.276,69919.1686,-107.35,72.22605,-2.87,3268.41,2978.34,3120,-66.33951879,0.238660543,0.001108814,-0.563480218,0.086471457
2011-01-19,2978.46 ,3045.61 ,2967.24 ,3044.85 ,3009.04 ,5657194200,5657194200,72772.23,26.98,32.74,-22.8436,3045.998,3093.17,3146.093,70163.3297,-107.35,70.44865,-0.04,3249.32,2976.97,3089,-71.55264285,0.23904637,0.022569155,-0.63735687,-0.256584344
2011-01-20,3037.86 ,3037.86 ,2944.50 ,2944.71 ,2991.23 ,6104664300,6104664300,76440.12,18.01,27.83,-31.1006,3006.684,3071.677,3138.520667,72066.1963,-90.09,70.3888,-2.06,3246.37,2952.84,3063,-80.16971071,0.261110438,-0.032887652,-0.752401551,-0.342360796
2011-01-21,2935.23 ,3030.27 ,2935.14 ,2983.46 ,2971.03 ,7310296600,7310296600,85157.79,19.27,24.98,-29.1009,2985.004,3053.361,3133.857,74895.3344,-90.34,72.42055,-0.05,3238.58,2940.12,3040,-85.13617518,0.26778729,0.0131568,-0.574277388,-0.816694211
2011-01-24,2986.09 ,2999.20 ,2943.92 ,2954.23 ,2970.86 ,6547254500,6547254500,75805.24,15.71,21.89,-29.3875,2980.98,3037.965,3126.932,72965.5574,-145.97,73.2102,-0.9,3235.48,2922.34,3019,-88.15321642,0.268275961,-0.009795351,-0.399392834,-1.117665785
2011-01-25,2949.65 ,2960.59 ,2919.16 ,2938.65 ,2942.01 ,4898268900,4898268900,57572.82,13.21,18.99,-29.2829,2973.18,3019.338,3116.185,73549.638,-155.15,68.91185,-1.16,3239.06,2902.66,3002,-89.0594056,0.261025576,-0.005273113,-0.274091129,-1.367865436
2011-01-26,2939.77 ,2982.32 ,2939.36 ,2978.43 ,2959.97 ,4337497900,4337497900,51746.04,18.19,18.73,-21.806,2959.896,3002.947,3106.483667,69344.4002,-135.37,69.36835,0.63,3240.46,2894.61,2985,-88.77638532,0.26053798,0.013535789,-0.193862785,-1.550712776
2011-01-27,2953.59 ,3037.16 ,2935.27 ,3026.47 ,2988.12 ,8258591900,8258591900,96976.03,34.52,23.99,-8.9962,2976.248,2991.466,3099.111333,73451.5829,-128.33,72.5959,1.69,3239.66,2891.88,2919,-86.21916605,0.266650618,0.016127619,-0.128996695,-1.607314908
2011-01-28,3020.12 ,3047.27 ,3011.38 ,3036.74 ,3028.88 ,6301358900,6301358900,78241.92,53.61,33.86,1.6842,2986.904,2985.954,3092.647,72068.4083,-139.86,75.4612,1.67,3238.77,2890.03,2922,-86.48450775,0.266989883,0.003393066,-0.077770464,-1.635898608
2011-01-31,3035.42 ,3076.55 ,3032.45 ,3076.51 ,3055.23 ,6710591400,6710591400,83070.31,69.06,45.6,14.2317,3011.36,2996.17,3087.675333,73521.4229,-139.49,73.6424,2.16,3233.71,2889.91,2927,-87.81898236,0.260195664,0.01309729,-0.004610781,-1.554184033
2011-02-01,3083.49 ,3087.23 ,3062.83 ,3077.28 ,3077.71 ,4986253000,4986253000,65832.7,77.4,56.2,22.2813,3039.086,3006.133,3084.296,75173.3987,-140.92,70.0187,1.26,3217.52,2894.87,2936,-88.34698324,0.249036841,0.000251909,-0.005492681,-1.478083967
2011-02-09,3055.40 ,3087.55 ,3031.75 ,3040.95 ,3053.91 ,6039414500,6039414500,78148.36,75.71,62.7,22.3037,3051.59,3005.743,3077.344,80453.8623,-127.65,70.30005,-0.35,3200.71,2898.2,2948,-89.86433408,0.251476619,-0.011807169,0.060034617,-1.36078799
2011-02-10,3034.08 ,3105.32 ,3024.35 ,3104.16 ,3066.98 ,6660366200,6660366200,86967.27,83.6,69.67,29.9477,3067.128,3021.688,3073.634333,78452.1111,-126.44,72.0748,1.21,3191.32,2902.04,2962,-88.49416738,0.263730205,0.02078759,0.015065434,-1.30874533
2011-02-11,3100.27 ,3133.50 ,3092.58 ,3120.96 ,3111.83 ,7597555300,7597555300,99001.5,87.12,75.48,35.9762,3083.972,3035.438,3071.379333,82604.0277,-119.04,74.09355,1.2,3182.35,2906.44,2979,-83.43100901,0.264467884,0.005409832,-0.106700515,-1.433735313
2011-02-14,3123.25 ,3227.43 ,3123.25 ,3219.14 ,3173.27 ,12130233100,12130233100,155829.38,90.46,80.48,50.981,3112.498,3061.929,3073.252,97155.842,-137.46,76.81835,3.43,3206.39,2893.51,3001,-74.54840856,0.278193742,0.031460553,0.310282228,-0.648894329
2011-02-15,3223.22 ,3259.64 ,3215.62 ,3217.67 ,3229.04 ,10955443800,10955443800,147747.23,89.33,83.43,57.9905,3140.576,3089.831,3077.184,113538.7479,-141.93,81.29905,2.45,3225.24,2883.93,3037,-67.05428813,0.277958036,-0.000457265,0.462177001,-0.610953078
2011-02-16,3211.14 ,3248.85 ,3195.47 ,3248.53 ,3226.00 ,9133428300,9133428300,125549.6,91.4,86.08,63.6154,3182.092,3116.841,3083.970667,123018.996,-140.87,80.5223,2.09,3247.78,2872.01,3077,-58.33942372,0.279094836,0.009589545,0.624594285,-0.48983656
2011-02-17,3255.63 ,3265.26 ,3218.91 ,3245.91 ,3246.43 ,8896469500,8896469500,127559.67,91.59,87.92,63.6594,3210.442,3138.785,3090.106667,131137.4761,-134.29,81.13065,1.1,3267.8,2862.45,3110,-47.72020254,0.279144615,-0.000806519,0.656792107,-0.686342448
2011-02-18,3240.05 ,3242.37 ,3203.12 ,3211.88 ,3224.36 ,7537868400,7537868400,104743.37,87,87.61,56.049,3228.626,3156.299,3095.032667,132285.8502,-137.92,80.78555,-0.52,3283.98,2858.27,3141,-33.45789241,0.27533569,-0.010484281,0.531192311,-1.10770458
2011-02-21,3192.15 ,3258.28 ,3189.85 ,3257.91 ,3224.55 ,7939977600,7939977600,108055.88,90.32,88.52,54.1307,3236.38,3174.439,3099.354333,122731.1505,-144.09,78.69365,0.67,3308.54,2862.07,3166,-17.77199779,0.232475787,0.014331811,0.346835722,-1.354656487
2011-02-22,3267.62 ,3269.05 ,3161.83 ,3163.58 ,3215.52 ,10786374100,10786374100,147588.61,79.18,85.4,37.8423,3225.562,3183.069,3098.484333,122699.4268,-131.42,82.2109,-1.92,3314.42,2874.78,3269,-10.9470479,0.261809836,-0.028954163,0.156689898,-1.388008536
2011-02-23,3152.44 ,3182.19 ,3145.99 ,3174.74 ,3163.84 ,7132485400,7132485400,97251.42,68.31,79.7,26.7789,3210.804,3196.448,3098.453667,117039.7919,-108.26,79.1206,-1.12,3322.4,2879.79,3267,1.101754495,0.251750294,0.003528916,-0.014786991,-1.452208591
2011-02-24,3170.24 ,3195.69 ,3157.97 ,3190.94 ,3178.71 ,6648689300,6648689300,94908.28,61.01,73.47,20.1526,3199.81,3205.126,3099.497,110509.5134,-112.06,76.9375,-0.28,3325.27,2901.54,3262,11.42061677,0.213940551,0.005100572,-0.182264228,-1.367359297
2011-02-25,3190.87 ,3213.79 ,3159.85 ,3197.62 ,3190.53 ,6161927500,6161927500,88275.9,54.66,67.2,15.3938,3196.958,3212.792,3100.530333,107216.019,-124.58,74.9723,0.02,3329.89,2918.34,3257,23.01883593,0.211310164,0.002094057,-0.39728399,-1.134922854
2011-02-28,3200.68 ,3241.60 ,3178.83 ,3239.56 ,3215.17 ,7663066300,7663066300,109249.97,61.79,65.4,16.5203,3193.288,3214.834,3104.909333,107454.8367,-122.04,75.85665,1.45,3333.87,2942.9,3253,36.91314414,0.207771215,0.013116643,-0.55011435,-0.885573641
2011-03-01,3241.71 ,3273.51 ,3235.75 ,3254.89 ,3251.47 ,8856695400,8856695400,124040.76,69.66,66.82,17.8424,3211.55,3218.556,3109.241667,102745.266,-103.91,78.5194,1.35,3332.02,2976.37,3158,48.89058693,0.20445898,0.00473336,-0.535737176,-1.081203729
2011-03-02,3237.12 ,3257.42 ,3202.83 ,3243.30 ,3235.17 ,8091064100,8091064100,113592.01,71.87,68.5,15.7414,3225.262,3218.033,3112.607,106013.383,-98.7,78.0907,0.56,3328.84,3006.04,3160,57.28765758,0.20417944,-0.003562329,-0.585784587,-1.183416625
2011-03-03,3248.16 ,3271.64 ,3221.04 ,3221.72 ,3240.64 ,10121999700,10121999700,131217.8,67.71,68.24,10.2938,3231.418,3215.614,3115.288333,113275.2862,-98.68,76.43665,-0.3,3325.81,3028.59,3163,63.6724247,0.202747646,-0.006653721,-0.768895637,-0.820337121
2011-03-04,3223.51 ,3273.66 ,3217.48 ,3270.67 ,3246.33 ,8001391500,8001391500,107401.81,77.69,71.39,12.013,3246.028,3221.493,3121.248667,117100.4684,-115.53,73.64595,0.76,3327.45,3050.35,3165,70.19670347,0.207147268,0.015193136,-0.886249776,-0.418086734
2011-03-07,3287.41 ,3337.47 ,3287.41 ,3334.51 ,3311.70 ,11818719700,11818719700,170406.77,84.61,75.8,20.0072,3265.018,3229.153,3133.254,129331.8288,-105.49,76.3868,2.13,3344.27,3059.32,3169,79.54821829,0.212067448,0.019520183,-0.696439562,0.416754475
2011-03-08,3335.71 ,3342.71 ,3311.72 ,3337.46 ,3331.90 ,8487865500,8487865500,126306.33,88.8,80.13,23.698,3281.532,3246.541,3145.247667,129784.9428,-117.34,76.4133,1.7,3356.93,3072.68,3179,90.39620738,0.211930166,0.000883788,-0.597586992,0.998360193
2011-03-09,3344.10 ,3355.49 ,3322.70 ,3338.86 ,3340.29 ,7802636100,7802636100,113534.09,89.7,83.32,24.2463,3300.644,3262.953,3155.048,129773.3593,-99.14,75.81145,1.16,3356.75,3102.65,3192,97.61114701,0.204013798,0.000419781,0.001200018,0.105424826
2011-03-10,3330.44 ,3330.44 ,3279.33 ,3280.26 ,3305.12 ,7821264200,7821264200,117952.63,78.94,81.86,15.0826,3312.352,3271.885,3166.233,127120.326,-100.74,74.3184,-0.97,3352.67,3124.34,3209,100.6957397,0.20961587,-0.017550612,0.145814037,0.096334188
2011-03-11,3263.08 ,3290.70 ,3240.18 ,3247.38 ,3260.34 ,6720833500,6720833500,100306.08,62.35,75.36,3.5606,3307.694,3276.861,3175.030333,125701.1793,-90.82,71.38685,-1.82,3344.7,3144.96,3223,97.07260268,0.214178698,-0.010024513,0.5567122,-0.028914418
2011-03-14,3238.91 ,3263.91 ,3230.11 ,3262.92 ,3248.96 ,6368978300,6368978300,94134.69,54.69,68.47,-2.6636,3293.376,3279.197,3185.32,110446.7624,-79.28,66.33395,-0.92,3346.43,3147.6,3230,94.48142254,0.185401083,0.004786634,0.428348119,-0.077678269
2011-03-15,3250.60 ,3250.60 ,3147.96 ,3203.96 ,3213.28 ,9603397900,9603397900,129603.32,45.45,60.8,-14.7438,3266.676,3274.104,3194.163667,111106.1602,-79.04,64.6462,-1.92,3346.78,3145.88,3330,87.52905142,0.197204759,-0.018069398,0.435563069,-0.15980257
2011-03-16,3204.92 ,3250.88 ,3202.93 ,3248.20 ,3226.73 ,7885952000,7885952000,111826.1,46.4,56,-16.6555,3248.544,3274.594,3203.156,110764.5614,-83,67.12315,-0.01,3346.76,3145.86,3327,83.26699885,0.200467712,0.013806036,0.436681338,-0.158899333
2011-03-17,3216.29 ,3240.38 ,3185.08 ,3197.10 ,3209.71 ,8568711400,8568711400,117295.73,38.83,50.27,-24.2244,3231.912,3272.132,3208.843667,110633.1807,-105.9,66.3985,-1.08,3346.71,3141.04,3323,78.3648489,0.208232295,-0.015730275,0.514061912,-0.29907524
2011-03-18,3228.92 ,3239.96 ,3205.14 ,3215.69 ,3222.43 ,6134016100,6134016100,86845.2,36.76,45.77,-25.9923,3225.574,3266.634,3214.808667,107941.0053,-104.11,67.17975,-0.31,3346.66,3141.46,3320,72.33545646,0.20611709,0.005813081,0.509725016,-0.283015294
2011-03-21,3220.68 ,3236.28 ,3194.15 ,3207.11 ,3214.56 ,5910503700,5910503700,84105.74,34.01,41.85,-27.44,3214.412,3253.894,3219.162,105935.2155,-103.69,65.86485,-0.23,3345.19,3137.86,3316,70.89528364,0.199324483,-0.002666617,0.635331206,-0.262592255
2011-03-22,3217.80 ,3227.80 ,3175.93 ,3222.96 ,3211.12 ,5724868400,5724868400,80009.79,36.37,40.03,-25.4306,3218.212,3242.444,3224.018,96016.511,-96.64,63.09745,0.15,3341.98,3147.01,3314,69.76146945,0.16892978,0.004942456,0.796626695,-0.090133505
2011-03-23,3222.33 ,3267.00 ,3216.65 ,3264.93 ,3242.73 ,7207758500,7207758500,98540.42,51.56,43.87,-17.9678,3221.558,3235.051,3231.484,93359.3766,-89.67,65.8412,1.35,3341.1,3156.91,3308,69.97294598,0.174072911,0.013020635,0.825695575,-0.065047523
2011-03-24,3269.58 ,3273.37 ,3250.02 ,3251.36 ,3261.08 ,6130424400,6130424400,88058.91,61.86,49.87,-14.5262,3232.41,3232.161,3236.390667,87512.0123,-91.24,66.19195,0.59,3339.97,3164.08,3303,69.16149868,0.174570657,-0.004154765,0.853428328,0.090223217
2011-03-25,3256.18 ,3304.26 ,3254.68 ,3294.48 ,3277.40 ,8689597900,8689597900,122021.37,72.49,57.41,-6.5165,3248.168,3236.871,3242.174667,94547.2457,-85.52,66.11285,1.43,3342.84,3170.89,3304,68.44967375,0.179894838,0.013263061,0.711062362,-0.18302619
2011-03-28,3307.41 ,3328.07 ,3286.86 ,3290.57 ,3303.23 ,9768430000,9768430000,139030.08,73.44,62.75,-2.0513,3264.86,3239.636,3244.555667,105532.1145,-88.03,65.6947,0.79,3346.25,3172.58,3328,66.81109006,0.174806584,-0.001187743,0.525137207,-0.470576075
2011-03-29,3288.56 ,3309.20 ,3256.34 ,3257.98 ,3278.02 ,10528016400,10528016400,132908.08,66.94,64.15,-3.6979,3271.864,3245.038,3245.899333,116111.7712,-97.02,63.6038,-0.42,3346.38,3172.76,3324,64.20458556,0.178148879,-0.009904664,0.513767165,-0.476477606
2011-03-30,3256.72 ,3274.98 ,3233.11 ,3256.08 ,3255.22 ,7833633700,7833633700,103271.93,62.19,63.49,-5.1632,3270.094,3245.826,3246.151,117058.0726,-93.52,62.9679,-0.43,3346.71,3173.71,3321,62.71245628,0.177659659,-0.000582877,0.473254091,-0.469165851
2011-03-31,3257.16 ,3264.96 ,3210.17 ,3223.29 ,3238.90 ,6450388000,6450388000,86565.37,51.83,59.61,-10.369,3264.48,3248.445,3245.397,116759.3659,-102.71,62.26665,-1.26,3346.64,3173.94,3315,57.20793347,0.179835566,-0.010071006,0.474437031,-0.459876251
2011-04-01,3227.56 ,3272.77 ,3220.91 ,3272.73 ,3248.49 ,6309472200,6309472200,86711.55,55.76,58.33,-7.1273,3260.13,3254.149,3247.425333,109697.4025,-82.27,62.5873,0.39,3346.8,3173.98,3307,51.25848679,0.179995387,0.015338685,0.466124558,-0.47329857
2011-04-06,3269.19 ,3315.30 ,3268.77 ,3311.07 ,3291.08 ,10582367400,10582367400,143030.09,65.7,60.79,-0.1613,3264.23,3264.545,3249.197333,110497.4041,-78.93,61.30725,1.43,3341.95,3176.49,3210,47.37606245,0.170902645,0.011714383,0.396652961,-0.423995184
2011-04-07,3313.47 ,3330.81 ,3302.82 ,3324.42 ,3317.88 ,8468176200,8468176200,112678.59,75.37,65.65,5.5846,3277.518,3274.691,3254.558667,106451.5059,-73.58,61.64395,1.43,3338.88,3178.26,3212,44.28530933,0.171566382,0.004032537,0.305585233,-0.546891079
2011-04-08,3321.54 ,3353.89 ,3314.09 ,3353.36 ,3335.72 ,7392921000,7392921000,107329.32,83.46,71.58,12.2417,3296.974,3283.534,3260.512667,107262.9831,-83.44,62.00925,1.71,3342.85,3175.74,3217,45.72599386,0.17443266,0.00870498,0.481422792,-0.100496085
2011-04-11,3363.37 ,3380.53 ,3331.17 ,3333.43 ,3352.13 ,10442054500,10442054500,141974.39,79.76,74.31,12.8554,3319.002,3291.741,3265.262333,118344.7857,-82.57,62.77545,0.43,3351.49,3172.42,3225,47.74224417,0.163036383,-0.005943595,0.452675534,-0.552998184
2011-04-12,3324.75 ,3350.16 ,3307.48 ,3326.77 ,3327.29 ,10193850600,10193850600,122863.56,75.98,74.87,11.3136,3329.81,3294.97,3269.567333,125575.1869,-69.83,62.3835,-0.09,3359.68,3172.17,3238,48.54768196,0.158341563,-0.001996744,0.267644441,-0.963135964
2011-04-13,3311.32 ,3372.03 ,3296.51 ,3372.03 ,3337.97 ,8703633800,8703633800,108305.23,82.33,77.35,15.1025,3342.002,3303.116,3273.983,118630.2156,-71.77,64.4701,0.9,3376.41,3166.34,3249,54.52379786,0.16389308,0.013604784,0.325079984,-0.956286147
2011-04-14,3374.32 ,3378.70 ,3347.49 ,3353.56 ,3363.52 ,8897224100,8897224100,107491.23,82.94,79.22,13.8655,3347.83,3312.674,3277.272,117592.7441,-65.44,63.448,0.17,3384.98,3172.73,3260,57.06585797,0.148954763,-0.005477708,0.179223503,-1.122079342
2011-04-15,3345.13 ,3378.11 ,3323.56 ,3358.94 ,3351.44 ,7851487400,7851487400,98934.57,84.12,80.85,12.5556,3348.946,3322.96,3281.126667,115913.7954,-70.26,61.0291,0.3,3395.23,3173.55,3269,62.30476507,0.142701345,0.001605458,0.009464971,-1.286737785
2011-04-18,3346.15 ,3372.90 ,3335.60 ,3359.44 ,3353.52 ,8658262400,8658262400,107178.23,83.12,81.61,10.6172,3354.148,3336.575,3285.717333,108954.5638,-96.96,60.7311,0.16,3400.17,3184.85,3278,66.37717682,0.127076034,0.00014707,-0.088454182,-1.356892519
2011-04-19,3334.91 ,3334.91 ,3290.74 ,3295.81 ,3314.09 ,8510693300,8510693300,104368.98,57.3,73.5,0.177,3347.956,3338.883,3286.555333,105255.6492,-119.39,60.19595,-1.56,3397.92,3195.11,3286,67.49341798,0.147570642,-0.018939477,-0.166365451,-1.133778131
2011-04-20,3300.42 ,3311.73 ,3281.83 ,3295.76 ,3297.44 ,7234331800,7234331800,93667.14,42.9,63.3,-6.9299,3332.702,3337.352,3285.263667,102328.03,-116.04,59.58415,-1.11,3393.24,3208.66,3282,67.75859708,0.146939559,-1.64E-05,-0.116542168,-1.072107016
2011-04-21,3312.27 ,3330.24 ,3301.94 ,3317.37 ,3315.46 ,7324042400,7324042400,96739.13,40.6,55.74,-8.7947,3325.464,3336.647,3284.594,100177.6109,-108.03,59.41165,-0.24,3390.52,3220.82,3290,66.99271722,0.147565394,0.00655661,-0.15579245,-0.926314434
2011-04-22,3317.08 ,3325.46 ,3291.64 ,3299.94 ,3308.53 ,6717145500,6717145500,83528.33,33.3,48.26,-12.2389,3313.664,3331.305,3283.296667,97096.363,-114.86,56.549,-0.41,3390.15,3224.69,3292,66.07213136,0.14283222,-0.00525266,-0.253536043,-0.677544999
2011-04-25,3292.48 ,3292.48 ,3247.69 ,3249.57 ,3270.56 ,7442182900,7442182900,98455.88,22.68,39.73,-20.669,3291.69,3322.919,3282.273667,95351.8934,-115.43,55.9526,-1.28,3390.32,3224.34,3330,60.5230248,0.152918714,-0.015263299,-0.258232622,-0.683618038
2011-04-26,3242.53 ,3257.80 ,3216.21 ,3230.96 ,3236.88 ,5909641700,5909641700,76696.86,18.15,32.54,-27.6813,3278.72,3313.338,3281.726333,89817.4685,-123.04,55.32005,-1.46,3393.81,3214.5,3329,54.51632356,0.145835844,-0.005728135,-0.256025314,-0.96559731
2011-04-27,3242.62 ,3256.41 ,3189.04 ,3209.50 ,3224.39 ,6244356700,6244356700,75111.25,15.7,26.93,-33.7381,3261.468,3297.085,3279.945667,86106.2902,-127.3,55.01935,-1.59,3399.17,3201.03,3324,49.36670738,0.147231001,-0.00664106,-0.323053005,-1.036906708
2011-04-28,3224.41 ,3237.19 ,3160.41 ,3161.78 ,3195.95 ,6505023500,6505023500,79155.83,10.68,21.51,-42.1533,3230.35,3277.907,3278.539667,82589.6297,-142.62,56.21555,-2.12,3410.93,3179.65,3316,42.18317201,0.152173667,-0.014870527,-0.703249072,-0.191378815
2011-04-29,3161.16 ,3193.60 ,3147.14 ,3192.72 ,3173.66 ,5368306500,5368306500,63455.81,15.21,19.41,-41.4697,3208.906,3261.285,3276.690333,78575.1259,-120.28,56.44525,-0.5,3415.5,3168.75,3304,38.54576341,0.157322428,0.009787853,-0.661546218,-0.604539832
2011-05-03,3192.85 ,3212.06 ,3164.93 ,3211.13 ,3195.24 ,5499891000,5499891000,64348.99,21.79,20.21,-36.6238,3201.218,3246.454,3277.158,71753.7475,-110.27,56.95205,0.31,3416.43,3166.6,3288,33.53862524,0.155165911,0.005765925,-0.654201194,-0.680980388
2011-05-04,3192.84 ,3193.45 ,3120.96 ,3129.03 ,3159.07 ,6671634000,6671634000,83567.66,15.81,18.74,-42.1681,3180.832,3229.776,3274.269333,73127.9069,-114.97,57.4466,-1.63,3428.79,3139.86,3274,22.75974398,0.169036734,-0.025568553,-0.75484206,-0.54472196
2011-05-05,3115.00 ,3136.90 ,3105.85 ,3126.12 ,3120.97 ,5256774700,5256774700,63009.37,13.62,17.03,-43.7306,3164.156,3212.812,3271.569667,70707.5322,-105.88,54.27935,-1.2,3435.17,3114.99,3255,11.70665678,0.161034247,-0.000930321,-0.621517286,-0.916911799
2011-05-06,3093.81 ,3141.68 ,3083.91 ,3121.40 ,3110.20 ,5535218600,5535218600,69747.37,15.07,16.38,-42.8469,3156.08,3193.215,3268.184333,68825.8407,-115.2,54.0661,-1.1,3437.14,3092.73,3235,-0.476776062,0.159075995,-0.00151018,-0.44798723,-1.230906903
2011-05-09,3126.26 ,3149.94 ,3118.14 ,3129.76 ,3131.03 ,4602740400,4602740400,57287.41,18.84,17.2,-38.7092,3143.488,3176.197,3263.678667,67592.1603,-115.04,54.814,-0.44,3430.75,3076.75,3210,-10.63633726,0.154528946,0.00267925,-0.255815717,-1.441355864
2011-05-10,3135.15 ,3153.30 ,3121.75 ,3153.22 ,3140.86 ,4093299500,4093299500,54931.23,25.95,20.12,-30.7332,3131.906,3166.562,3260.407333,65708.6078,-103.78,53.2501,0.68,3423,3066.48,3190,-18.7820204,0.158925111,0.007496424,-0.03791352,-1.532731532
2011-05-11,3153.65 ,3164.65 ,3127.49 ,3145.09 ,3147.72 ,4768853300,4768853300,59507.72,30.61,23.61,-24.7316,3135.118,3157.975,3255.427667,60896.6206,-99.71,53.2613,0.32,3414.83,3056.48,3173,-29.19021938,0.158900594,-0.002580219,0.176500461,-1.509927432
2011-05-12,3123.16 ,3142.40 ,3101.14 ,3101.60 ,3117.08 ,4879950100,4879950100,61703.08,25,24.08,-24.7389,3130.214,3147.185,3249.128667,60635.362,-94.4,51.54815,-0.91,3398.78,3045.49,3159,-40.32855841,0.151180154,-0.013825382,0.278968935,-1.400943946
2011-05-13,3105.30 ,3128.44 ,3080.19 ,3128.09 ,3110.51 ,4689595100,4689595100,57757.21,28.78,25.64,-19.5238,3131.552,3143.816,3244.799,58237.3284,-97.91,49.85095,-0.11,3380.84,3040.88,3150,-49.85468049,0.157596231,0.008540745,0.462490864,-1.192422442
2011-05-16,3120.44 ,3137.60 ,3098.78 ,3100.46 ,3114.32 ,4519431900,4519431900,54238.72,25.15,25.48,-18.1719,3125.692,3134.59,3239.611667,57627.5906,-101.94,49.9945,-0.81,3359.62,3036.26,3138,-60.31069646,0.15750108,-0.008832858,0.566759384,-0.997724919
2011-05-17,3097.07 ,3136.23 ,3076.95 ,3116.03 ,3106.57 ,5120373100,5120373100,65417.94,31.62,27.53,-13.757,3118.254,3125.08,3236.036333,59724.9344,-99.97,50.4919,-0.07,3332.18,3039.35,3136,-66.28436164,0.160123238,0.005020218,0.612890749,-1.083495734
2011-05-18,3109.29 ,3145.70 ,3106.55 ,3139.38 ,3125.23 ,3964176800,3964176800,49757.17,44.81,33.29,-6.6294,3117.112,3126.115,3231.591333,57774.8253,-95.62,51.7207,0.71,3316.09,3039.8,3077,-70.78909356,0.153990265,0.007493835,0.854681319,-0.518635984
2011-05-19,3148.35 ,3154.94 ,3118.62 ,3120.64 ,3135.64 ,4311078200,4311078200,52249.68,46.48,37.68,-3.5321,3120.92,3125.567,3225.243667,55884.1452,-97.96,52.64495,-0.01,3297.76,3040.62,3078,-77.08603888,0.154206698,-0.005969333,1.115771153,0.315020382
2011-05-20,3120.58 ,3133.43 ,3113.27 ,3121.60 ,3122.22 ,3846801200,3846801200,48967.03,47.96,41.11,-0.6009,3119.622,3125.587,3218.483,54126.1099,-85.2,51.232,0.06,3268.86,3049.94,3081,-82.14903694,0.150790346,0.000306668,1.21197288,0.763137147
2011-05-23,3115.31 ,3115.31 ,3021.45 ,3022.98 ,3068.76 ,5590247200,5590247200,66976.43,32.33,38.18,-10.636,3104.126,3114.909,3207.470333,56673.6505,-92.42,54.23405,-2.61,3250.11,3040.99,3155,-89.37128509,0.182742996,-0.031591532,0.120017365,0.776091095
2011-05-24,3013.72 ,3029.75 ,2999.89 ,3026.22 ,3017.40 ,4160894400,4160894400,52971.69,27.21,34.52,-15.2469,3086.164,3102.209,3197.23,54184.4002,-87.78,53.48765,-1.94,3239.88,3028.9,3152,-95.13957083,0.178902121,0.001072783,-0.291999556,0.748573389
2011-05-25,3020.32 ,3030.99 ,2988.09 ,2990.34 ,3007.44 ,3928970400,3928970400,48604.4,18.59,29.21,-21.1747,3056.356,3086.734,3186.015667,53953.845,-105.06,53.55285,-2.16,3236.04,3008.67,3146,-101.3405923,0.181234123,-0.011856364,-0.75523557,0.855660974
2011-05-26,3011.47 ,3021.20 ,2977.60 ,2978.38 ,2997.16 ,3700374700,3700374700,48346.48,12.54,23.66,-24.5158,3027.904,3074.412,3172.894,53173.2055,-94.62,52.36455,-1.64,3233.79,2987.81,3137,-105.4433127,0.18093611,-0.00400021,-0.879219529,0.439034346
2011-05-27,2980.72 ,2996.61 ,2962.07 ,2963.31 ,2975.68 ,4277090500,4277090500,52019.99,8.57,18.63,-26.4015,2996.246,3057.934,3159.885667,53783.7987,-101.29,50.25215,-1.1,3237.78,2963.97,3124,-111.641897,0.176122763,-0.005060803,-0.759662757,-0.131782352
2011-05-30,2956.58 ,2982.58 ,2942.36 ,2954.51 ,2959.01 ,3467116000,3467116000,42960.26,7.62,14.96,-26.4158,2982.552,3043.339,3146.404667,48980.5655,-105.49,49.94015,-0.94,3233.47,2944.46,3108,-118.8911022,0.169345232,-0.002970329,-0.697675084,-0.558635877
2011-05-31,2958.61 ,3001.73 ,2946.15 ,3001.56 ,2977.01 ,3968939900,3968939900,50553.39,14.36,14.76,-18.0676,2977.62,3031.892,3134.475333,48496.9042,-81.04,49.66255,0.8,3215.91,2941.06,3088,-119.3201471,0.18032404,0.015924828,-0.747742286,-1.183826412
2011-06-01,2996.09 ,3006.56 ,2985.71 ,3004.17 ,2998.13 ,3841932700,3841932700,49060.08,20.36,16.63,-10.5466,2980.386,3018.371,3124.754,48588.04,-82.83,49.0588,0.8,3211.33,2933.15,3070,-119.4513397,0.159844525,0.000871881,-0.514924021,-1.515494851
2011-06-02,2970.63 ,2984.49 ,2923.02 ,2955.71 ,2958.46 ,5261786700,5261786700,61748.35,19.24,17.5,-10.4327,2975.852,3001.878,3113.419,51268.4129,-89.29,50.5804,-0.68,3209.63,2917.82,3055,-121.7633227,0.167521626,-0.016133558,-0.316836243,-1.714481194
2011-06-03,2951.58 ,2993.90 ,2951.20 ,2986.35 ,2970.76 ,3907616400,3907616400,49273.76,32.38,22.46,-4.8475,2980.46,2988.353,3102.385,50719.1659,-79.65,51.2356,0.2,3204.13,2909.81,3037,-122.8456566,0.173869691,0.010367746,-0.098152374,-1.828887455
2011-06-07,2977.68 ,3006.57 ,2974.36 ,3004.26 ,2990.72 ,3685233200,3685233200,49859.14,46.67,30.53,2.2603,2990.41,2986.481,3092.529,52098.9407,-77.34,50.70255,0.46,3195.47,2905.92,3021,-124.1513238,0.17548985,0.005998294,0.104590555,-1.784070036
2011-06-08,3003.58 ,3012.81 ,2965.92 ,3008.65 ,2997.74 ,4290875800,4290875800,51123.19,60.18,40.41,8.2192,2991.828,2984.724,3084.498333,52212.9011,-78.35,51.2887,0.56,3180.94,2905.99,2923,-124.7654076,0.172438732,0.001461257,0.266608687,-1.68059199
2011-06-09,3000.40 ,3004.06 ,2951.89 ,2951.89 ,2977.06 ,4749663600,4749663600,55381.28,50.84,43.89,5.3219,2981.372,2980.879,3075.196,53477.1419,-92.11,51.75205,-0.99,3168.33,2899.28,2925,-126.0128372,0.182355938,-0.018866589,0.417453261,-1.514704248
2011-06-10,2947.93 ,2964.08 ,2925.87 ,2961.93 ,2949.95 ,4220188200,4220188200,50942.99,48.34,45.37,5.5395,2982.616,2979.234,3066.943667,51316.0711,-59.27,51.59955,-0.69,3161.03,2892.61,2926,-128.0202453,0.179146104,0.003402228,0.636479501,-1.237710012
2011-06-13,2940.39 ,2957.52 ,2921.75 ,2950.35 ,2942.50 ,3835166800,3835166800,46991.28,42.69,44.48,4.926,2975.416,2977.938,3059.896,50859.576,-90.65,50.9758,-0.84,3147.36,2888.51,2922,-129.1249831,0.174574213,-0.003910961,0.849833604,-0.749836184
2011-06-14,2947.66 ,3000.53 ,2943.53 ,2993.56 ,2971.32 ,5598281500,5598281500,66158.91,54.75,47.9,10.8056,2973.276,2981.843,3053.257333,54119.5312,-71.64,52.0441,0.68,3136.38,2888.81,2924,-128.7921839,0.183545989,0.014646069,1.117869249,-0.016368556
2011-06-15,2984.96 ,2999.15 ,2963.11 ,2963.12 ,2977.59 ,4439085200,4439085200,54467.7,51.64,49.15,11.0217,2964.17,2977.999,3044.990333,54788.4338,-74.88,51.8608,-0.04,3120.44,2889.45,2925,-131.1655747,0.184063896,-0.010168498,1.447424234,1.206494435
2011-06-16,2939.68 ,2946.82 ,2915.40 ,2917.58 ,2929.87 ,4113548200,4113548200,47067.19,35.18,44.49,5.7245,2957.308,2969.34,3037.942,53125.6149,-81.22,49.9939,-1.34,3096.93,2890.79,3001,-134.760346,0.185582099,-0.015369278,1.442502006,2.343926627
2011-06-17,2916.41 ,2934.06 ,2891.02 ,2892.16 ,2908.41 ,4117653000,4117653000,51647.16,23.76,37.58,-0.1959,2943.354,2962.985,3030.143333,53266.4475,-69.04,49.72705,-1.74,3076.6,2888.27,2999,-139.4942787,0.186299073,-0.008713049,0.98597857,3.371569823
2011-06-20,2888.94 ,2896.08 ,2862.41 ,2874.90 ,2880.58 ,3799198200,3799198200,45416.7,18.61,31.26,-5.1545,2928.264,2951.84,3021.926667,52951.5302,-80.1,50.4028,-1.82,3051.23,2888.96,2995,-139.9237648,0.185796935,-0.00596821,-0.861772508,0.492590123
2011-06-21,2883.35 ,2909.57 ,2877.05 ,2909.07 ,2894.76 ,4203892300,4203892300,50160.68,23.39,28.63,-2.6742,2911.366,2942.321,3014.570333,49751.8837,-62.73,48.0679,-0.08,3045.9,2882.9,2987,-138.7850765,0.161931437,0.011888082,-0.705514663,-0.068498739
2011-06-22,2913.67 ,2921.03 ,2894.18 ,2908.58 ,2909.37 ,3731880200,3731880200,43263.83,26.73,28,-0.0793,2900.458,2932.314,3006.415667,47511.1086,-60.62,48.77385,0.28,3038.19,2878.85,2979,-135.9338727,0.161686981,-0.000168782,-0.638639418,-0.525844009
2011-06-23,2899.01 ,2966.54 ,2888.68 ,2957.63 ,2927.97 ,4594111700,4594111700,55276.89,40.8,32.27,8.7748,2908.468,2932.888,3000.167,49153.0488,-75.77,50.52225,1.69,3035.14,2878.63,2972,-130.1747791,0.170079436,0.016862856,-0.566083322,-0.46398002
2011-06-24,2946.61 ,3047.94 ,2944.05 ,3027.47 ,2991.52 ,8545924000,8545924000,104972.92,56.86,40.46,23.7213,2935.53,2939.442,2997.696,59818.2022,-82.13,56.30515,3.13,3043.3,2875.37,2877,-120.4579401,0.189319128,0.023613847,-0.38327653,-0.564091627
2011-06-27,3028.50 ,3056.02 ,3019.24 ,3036.49 ,3035.06 ,6561577100,6561577100,79044.15,67.88,49.6,33.8862,2967.848,2948.056,2994.642667,66543.6934,-68.51,60.17685,2.31,3053.79,2872.2,2880,-110.3357931,0.188149524,0.002979716,-0.285388429,-0.700428643
2011-06-28,3040.18 ,3046.80 ,3014.00 ,3041.73 ,3035.68 ,5576625400,5576625400,70333.39,76.12,58.44,39.9613,2994.38,2952.873,2992.685,70578.2346,-66.27,59.8058,1.58,3064.59,2870.13,2887,-102.8101034,0.187498333,0.001726664,-0.283515123,-0.824248606
2011-06-29,3039.05 ,3043.82 ,2999.95 ,3000.17 ,3020.75 ,5347684800,5347684800,61717.62,74.47,63.78,37.0903,3012.698,2956.578,2988.823,74268.994,-92.63,59.0306,-0.42,3064.41,2870.16,2894,-97.86979827,0.186861068,-0.013664903,-0.282023734,-0.817681012
2011-06-30,3003.23 ,3058.63 ,3003.23 ,3044.09 ,3027.30 ,6250254900,6250254900,73891.67,80.51,69.36,39.5883,3029.99,2969.229,2985.646667,77991.9505,-65.91,58.9437,0.47,3071.13,2867.44,2901,-88.55710836,0.193888879,0.014639175,-0.196946218,-0.908563972
2011-07-01,3052.12 ,3071.21 ,3034.07 ,3049.75 ,3051.79 ,5676665300,5676665300,72614.65,83.32,74.01,40.3469,3034.446,2984.988,2983.283667,71520.295,-80.65,59.26875,0.5,3081.71,2866.27,2910,-80.95945294,0.18328874,0.001858027,-0.262327721,-1.02731943
2011-07-04,3064.94 ,3124.58 ,3064.94 ,3121.98 ,3094.11 ,8046403100,8046403100,102679.82,88.51,78.85,48.3802,3051.544,3009.696,2983.296333,76247.4287,-71.22,60.2503,2.31,3107.21,2854.32,2923,-71.02558029,0.196962619,0.023685587,0.228462659,-0.263455414
2011-07-05,3122.90 ,3128.53 ,3105.09 ,3122.50 ,3119.76 ,6776333500,6776333500,81999.83,91.5,83.07,51.2891,3067.698,3031.039,2986.613667,78580.7173,-64.5,60.6616,1.79,3127.94,2845.42,2943,-61.78190128,0.196571514,0.000166561,0.354558699,-0.470039607
2011-07-06,3116.12 ,3116.12 ,3084.83 ,3113.71 ,3107.70 ,6155580700,6155580700,76557,91.66,85.93,49.5284,3090.406,3051.552,2989.53,81548.5921,-69.69,59.8818,0.75,3144.03,2839.84,2965,-50.60165622,0.197292549,-0.002814412,0.324555297,-0.843899689
2011-07-07,3123.29 ,3140.10 ,3101.10 ,3101.68 ,3116.54 ,7181036000,7181036000,92120.55,85.3,85.72,44.4068,3101.924,3065.957,2993.241333,85194.3684,-79.92,60.03665,-0.01,3157.84,2841.01,2985,-41.08417341,0.182942575,-0.003864198,0.134184928,-1.123771019
2011-07-08,3105.49 ,3124.39 ,3093.37 ,3109.18 ,3108.11 ,5128259300,5128259300,65155.54,82.85,84.76,39.8387,3113.81,3074.128,2997.601333,83702.5479,-74.42,59.6767,-0.15,3171.43,2842.14,3007,-31.08821474,0.182910172,0.002419012,-0.035297548,-1.294230124
2011-07-11,3097.87 ,3121.00 ,3086.26 ,3113.21 ,3104.59 ,4792066000,4792066000,62237.25,82.17,83.9,35.3231,3112.056,3081.8,3002.598,75614.0333,-51.79,59.6246,0.04,3183.87,2845.98,3025,-23.551454,0.181442154,0.001293909,-0.220666977,-1.318186626
2011-07-12,3089.14 ,3090.10 ,3054.80 ,3056.91 ,3072.74 ,5710798400,5710798400,71222.64,67.85,78.55,23.2966,3098.938,3083.318,3006.011333,73458.5958,-58.29,57.45045,-1.36,3187.73,2848.46,3041,-17.6845813,0.190153952,-0.018084573,-0.334509989,-1.299668548
2011-07-13,3060.42 ,3108.50 ,3060.42 ,3106.25 ,3083.90 ,5411436700,5411436700,68294.83,67.93,75.01,20.623,3097.446,3093.926,3009.501,71806.1625,-56.95,57.35435,0.28,3197.18,2853.32,3055,-7.366902233,0.192324511,0.016141162,-0.521105057,-1.191888671
2011-07-14,3112.59 ,3126.15 ,3092.47 ,3115.75 ,3111.74 ,6031493500,6031493500,79948.51,69.1,73.04,18.8199,3100.26,3101.092,3013.220333,69371.7535,-55.65,59.0703,0.5,3203.77,2866.55,3065,4.180842878,0.180395358,0.003057709,-0.751987212,-0.775202306
2011-07-15,3105.50 ,3130.78 ,3097.34 ,3128.89 ,3115.63 ,6155032200,6155032200,79424.85,75.02,73.7,18.0785,3104.202,3109.006,3018.993,72225.6147,-63.31,58.8331,0.8,3206.32,2887.67,3075,16.67145073,0.174701837,0.004218574,-0.956882501,-0.163855001
2011-07-18,3131.80 ,3137.92 ,3113.67 ,3122.60 ,3126.50 ,6069131100,6069131100,78225.03,76.51,74.64,15.5204,3106.08,3109.068,3023.534667,75423.1712,-102.8,59.17875,0.53,3199.76,2919,3085,26.5142282,0.172261421,-0.002009979,-1.058388023,0.212568854
2011-07-19,3108.47 ,3109.92 ,3088.38 ,3095.13 ,3100.48 ,5338870900,5338870900,68506.07,66.77,72.01,9.2189,3113.724,3106.331,3026.563667,74879.8569,-126.67,57.8975,-0.6,3190.56,2946.81,3138,34.51566679,0.175609913,-0.008798757,-1.240860461,1.141647708
2011-07-20,3113.71 ,3119.54 ,3071.85 ,3091.57 ,3099.17 ,4411833100,4411833100,56930.99,59.26,67.76,3.9323,3110.788,3104.117,3029.327667,72607.0894,-107.03,58.08315,-0.62,3173.83,2981.84,3137,39.48678345,0.175886517,-0.00114955,-1.00616032,0.329871363
2011-07-21,3092.27 ,3099.28 ,3058.26 ,3059.14 ,3077.24 ,4408469100,4408469100,57942.64,41.24,58.92,-4.1349,3099.466,3099.863,3032.902667,68205.9159,-120.26,56.2412,-1.3,3161.26,3004.56,3134,39.09589428,0.174400054,-0.010489179,-0.601952654,-0.97309737
2011-07-22,3066.19 ,3083.19 ,3059.60 ,3067.99 ,3069.24 ,3725725500,3725725500,49618.95,32.79,50.21,-8.2438,3087.286,3095.744,3036.438,62244.7357,-115.01,49.52475,-0.63,3159.24,3010.63,3130,38.71579956,0.154722873,0.002891663,-0.697121788,-0.560030927
2011-07-25,3050.90 ,3050.90 ,2958.88 ,2968.29 ,3007.24 ,6718099600,6718099600,77513.63,23.61,41.34,-23.4924,3056.424,3081.252,3037.036,62102.456,-114.11,48.5271,-2.88,3170.08,2992.97,3125,33.10775958,0.195118485,-0.032495596,-1.147054928,0.827476067
2011-07-26,2965.72 ,2980.86 ,2957.61 ,2977.77 ,2970.49 ,4351545700,4351545700,49560.68,19.47,34.05,-30.9349,3032.952,3073.338,3036.509667,58313.3791,-110.23,48.0494,-1.82,3176.98,2979.68,3112,30.3322216,0.195471646,0.003192748,-1.126834683,0.284132088
2011-07-27,2961.58 ,3002.69 ,2951.52 ,3000.05 ,2978.96 ,4838561200,4838561200,58746.22,21.66,29.92,-31.3904,3014.648,3062.718,3037.740667,58676.4246,-97.55,48.41505,-0.48,3176.99,2979.65,3097,26.61376052,0.191664358,0.007484134,-1.12681628,0.283176727
2011-07-28,2973.64 ,2984.38 ,2956.71 ,2981.00 ,2973.93 ,4813898400,4813898400,60678.6,19.71,26.52,-32.6463,2999.02,3049.243,3039.854667,59223.6167,-97.6,47.1244,-0.6,3182.13,2968.2,3079,21.8459225,0.184881787,-0.00634989,-1.024693183,-0.318767498
2011-07-29,2981.02 ,2995.97 ,2948.08 ,2972.08 ,2974.29 ,4629825300,4629825300,54358.24,17.81,23.61,-32.9707,2979.838,3033.562,3042.518667,60171.4745,-91.12,46.1205,-0.26,3187.38,2955.18,3064,13.25857637,0.184673527,-0.002993289,-0.9005981,-0.837672563
2011-08-01,2969.11 ,2991.05 ,2958.83 ,2977.72 ,2974.18 ,3388694900,3388694900,41203.12,17.63,21.62,-30.7607,2981.724,3019.074,3045.946,52909.3726,-97.28,43.74375,-0.13,3184.75,2943.4,3048,5.356697555,0.16075083,0.001898335,-0.654302704,-1.347285081
2011-08-02,2958.85 ,2958.85 ,2919.01 ,2956.38 ,2948.27 ,3897835700,3897835700,48435.3,18.66,20.63,-30.4515,2977.446,3005.199,3047.523,52684.2948,-100.22,42.55585,-0.71,3182.23,2929.3,3034,-2.777587323,0.161334509,-0.007165883,-0.462898718,-1.610256808
2011-08-03,2930.19 ,2969.13 ,2927.10 ,2954.87 ,2945.32 ,3866836200,3866836200,49593.98,19.72,20.33,-28.7496,2968.41,2991.529,3049.066,50853.8475,-100.13,43.4974,-0.46,3178.84,2916.81,3015,-9.979207957,0.161526012,-0.000511774,-0.264292349,-1.781787084
2011-08-04,2962.91 ,2983.01 ,2951.84 ,2960.31 ,2964.52 ,3298571900,3298571900,41335.66,23.59,21.42,-25.3113,2964.272,2981.646,3049.155333,46985.2592,-101.29,43.5298,-0.13,3174.76,2906.75,3000,-16.92394756,0.162208684,0.00184069,-0.054665027,-1.873501809
2011-08-05,2881.74 ,2916.41 ,2868.16 ,2897.42 ,2890.93 ,4931685400,4931685400,60240.02,22.97,21.94,-29.6286,2949.34,2964.589,3044.820333,48161.6152,-99.98,44.39185,-1.76,3174.47,2885.86,2987,-26.86720018,0.174624375,-0.02124508,-0.059288337,-1.454970473
2011-08-08,2864.51 ,2888.77 ,2747.97 ,2793.90 ,2823.79 ,7151776600,7151776600,83694.79,21.33,21.73,-43.6989,2912.576,2947.15,3036.734,56659.9481,-94.3,49.6952,-4.07,3187.55,2840.85,2966,-38.67424017,0.208713574,-0.035728375,-0.648809159,0.517619379
2011-08-09,2720.95 ,2812.77 ,2697.06 ,2798.19 ,2757.24 ,6984267600,6984267600,79653.28,25.5,22.99,-49.2846,2880.938,2929.192,3028.616,62903.5447,-107.61,53.7157,-2.87,3198.21,2804.32,2922,-52.14337816,0.204341101,0.001536563,-0.624032931,0.018787806
2011-08-10,2845.35 ,2858.55 ,2820.12 ,2824.12 ,2837.04 ,5865931200,5865931200,68580.54,31.17,25.71,-46.3852,2854.788,2911.599,3022.747667,66700.856,-77.08,59.1054,-1.07,3192.67,2781.65,2877,-64.11745926,0.196612417,0.009266705,-0.450556344,-0.440449991
2011-08-11,2779.72 ,2867.31 ,2777.76 ,2866.92 ,2822.93 ,5899768900,5899768900,69223.95,40.04,30.49,-36.0606,2836.11,2900.191,3016.842,72278.5138,-112.68,60.29625,1.09,3177.56,2771.88,2697,-74.00983629,0.207250972,0.01515658,-0.274134975,-0.608586474
2011-08-12,2881.55 ,2894.22 ,2868.87 ,2875.37 ,2880.00 ,5719740600,5719740600,63487.64,47.48,36.15,-25.9252,2831.7,2890.52,3011.029333,72928.0391,-74.23,64.2043,1.54,3155.8,2768.28,2701,-82.67109448,0.206618789,0.002944271,-0.174519997,-0.656828743
2011-08-15,2883.17 ,2917.88 ,2870.19 ,2917.88 ,2897.28 ,5987547600,5987547600,61102.23,57.39,43.23,-12.0335,2856.496,2884.536,3004.226,68409.5269,-62.32,64.6256,2.15,3130.92,2772.69,2709,-87.39963975,0.217212324,0.014786992,-0.18215336,-0.54539589
2011-08-16,2920.83 ,2932.14 ,2888.33 ,2897.58 ,2909.72 ,5096268100,5096268100,57496.63,61.64,49.37,-4.505,2876.374,2878.656,2996.728667,63978.1969,-52.42,66.64615,0.74,3109.16,2774.69,2721,-92.72895777,0.216694371,-0.006957784,-0.138558329,-0.406074363
2011-08-17,2893.85 ,2910.84 ,2881.63 ,2886.01 ,2893.08 ,3917817900,3917817900,41891.85,67.88,55.54,-0.2348,2888.752,2871.77,2989.138667,58640.4595,-89.79,65.7217,-0.09,3084.84,2778.46,2738,-96.74880988,0.216555887,-0.003992296,-0.188995824,-0.394954136
2011-08-18,2887.10 ,2890.00 ,2832.27 ,2834.25 ,2860.91 ,4076888300,4076888300,45784.42,64.71,58.6,-3.36,2882.218,2859.164,2980.224333,53952.5551,-75.75,66.55695,-1.66,3067.07,2773.74,2754,-103.5979194,0.221446418,-0.017934431,-0.144354819,-0.53572371
2011-08-19,2789.35 ,2814.10 ,2782.56 ,2807.66 ,2798.42 ,4325965000,4325965000,48442.96,58.82,58.67,-7.7364,2868.676,2850.188,2970.173667,50943.6187,-59.54,66.8873,-2.13,3044.82,2769.96,2768,-106.4492734,0.220813966,-0.009381657,-0.373727232,-1.304377236
2011-08-22,2809.33 ,2829.69 ,2768.42 ,2777.79 ,2796.31 ,3420968500,3420968500,40136.54,41.12,52.82,-13.0685,2840.658,2848.577,2958.993,46750.4811,-59.21,65.3498,-2.21,3043.67,2752.06,2911,-111.1257597,0.1951879,-0.010641231,-0.237434174,-1.383485847
2011-08-23,2788.70 ,2821.00 ,2777.29 ,2821.00 ,2802.00 ,3262051400,3262051400,36441.99,38.12,47.92,-9.3628,2825.342,2850.858,2951.129333,42539.5544,-56.8,66.8167,-0.15,3034.6,2745.45,2908,-114.5219218,0.205189572,0.015557708,-0.029926222,-1.437351315
2011-08-24,2834.58 ,2845.47 ,2804.82 ,2810.02 ,2823.72 ,3530156500,3530156500,41939.78,33.88,43.24,-7.0819,2810.144,2849.448,2941.255,42549.1393,-37.98,67.6671,0,3019.52,2741.53,2905,-117.3451257,0.201660766,-0.003894714,0.103772717,-1.490510608
2011-08-25,2818.70 ,2904.44 ,2815.91 ,2903.84 ,2860.72 ,7221684500,7221684500,75745.96,50.16,45.55,7.5788,2824.062,2853.14,2934.191333,48541.4466,-60.76,71.00515,2.82,3007.99,2745.34,2768,-114.8899694,0.238367085,0.033388066,0.112218689,-1.35902415
2011-08-26,2889.38 ,2907.40 ,2876.83 ,2901.22 ,2893.71 ,4560410200,4560410200,51759.43,60.48,50.52,16.9039,2842.774,2855.725,2926.602333,49204.7398,-41.98,73.18455,2.06,2997.23,2749.01,2771,-112.9707209,0.23828648,-0.000902599,0.114542414,-1.202752862
2011-08-29,2875.78 ,2875.78 ,2847.48 ,2852.81 ,2862.96 ,4426785000,4426785000,49892.65,60.07,53.71,16.513,2857.778,2849.218,2917.609333,51155.9627,-55.99,72.4512,-0.17,2980.99,2752.76,2777,-112.5008849,0.244245713,-0.016685073,0.150852061,-1.102331848
2011-08-30,2875.14 ,2901.73 ,2838.33 ,2841.74 ,2864.24 ,4313787200,4313787200,48565.79,57.63,55.01,14.781,2861.926,2843.634,2909.163,53580.7219,-45.26,73.62955,-0.71,2967.59,2754.7,2782,-112.5323406,0.243620613,-0.003880035,0.262039858,-0.850718935
2011-08-31,2843.99 ,2855.31 ,2823.77 ,2846.78 ,2842.46 ,3210789900,3210789900,37624.54,57.22,55.75,14.3218,2869.278,2839.711,2901.003333,52717.6751,-52.62,72.7004,-0.78,2952.71,2758.78,2787,-112.5823736,0.243937251,0.001772154,0.29587718,-0.582428376
2011-09-01,2852.39 ,2869.25 ,2825.96 ,2834.54 ,2845.54 ,3011870200,3011870200,35143.73,54,55.17,12.4462,2855.418,2839.74,2893.516667,44597.2285,-48.66,72.17855,-0.73,2933.29,2765.62,2792,-110.0973549,0.243675709,-0.004299952,0.046392926,-1.192420391
2011-09-02,2828.84 ,2836.62 ,2790.77 ,2803.85 ,2815.02 ,2931711600,2931711600,31960.6,42.81,51.05,7.398,2835.944,2839.359,2884.712,40637.4627,-54.15,72.05865,-1.13,2927.78,2761.77,2791,-104.0946372,0.235304343,-0.010823998,0.257377334,-1.082062106
2011-09-05,2780.83 ,2780.83 ,2743.38 ,2743.82 ,2762.22 ,3200566000,3200566000,36040.31,28.63,43.57,-3.1359,2814.146,2835.962,2877.229667,37866.9946,-49.38,66.8911,-2.5,2934.27,2750.27,2869,-101.6085553,0.211005893,-0.021412313,-0.168437777,-0.41294129
2011-09-06,2727.75 ,2745.36 ,2711.07 ,2723.30 ,2726.87 ,2971398200,2971398200,33746.81,21.16,36.1,-11.5058,2790.458,2826.192,2868.747333,34903.1976,-71.5,62.8202,-2.41,2943.29,2733.76,2867,-101.5689775,0.212056874,-0.007476446,-0.525590424,-0.022010102
2011-09-07,2738.79 ,2779.21 ,2730.06 ,2779.09 ,2756.79 ,3326538100,3326538100,37096.66,25.66,32.62,-8.3146,2776.92,2823.099,2861.382,34797.6212,-48.91,58.15235,0.08,2944.23,2728.32,2861,-100.8822287,0.222733338,0.020485051,-0.418191029,-0.414417693
2011-09-08,2788.83 ,2789.11 ,2755.80 ,2756.11 ,2772.46 ,2683873500,2683873500,31209.44,24.98,30.07,-8.0792,2761.234,2808.326,2853.885667,34010.764,-54.29,56.6277,-0.19,2943.34,2718.13,2855,-101.8011172,0.216019502,-0.008270693,-0.217570572,-0.794741577
2011-09-09,2770.15 ,2796.35 ,2739.62 ,2751.10 ,2764.31 ,2707350300,2707350300,30348.13,23.65,27.93,-7.3968,2750.684,2793.314,2846.519667,33688.2704,-46.3,53.64115,0.02,2940.42,2708.62,2849,-105.0504614,0.215243648,-0.001817783,-0.019170154,-0.966700579
2011-09-13,2712.44 ,2726.19 ,2698.66 ,2720.28 ,2714.39 ,2671376400,2671376400,30034.34,19.99,25.29,-9.7474,2745.976,2780.061,2837.938333,32487.0759,-36.92,52.5668,-0.94,2930.72,2698.56,2843,-108.6628383,0.207817692,-0.011199904,-0.02805771,-0.978080942
2011-09-14,2729.26 ,2736.91 ,2677.13 ,2733.11 ,2719.10 ,3042478000,3042478000,32858.42,23.04,24.54,-8.2823,2747.938,2769.198,2830.496,32309.3982,-35.69,52.4582,-0.54,2921.05,2691.78,2835,-110.8749464,0.209359248,0.004714583,0.107056255,-0.961646697
2011-09-15,2734.55 ,2754.19 ,2728.91 ,2729.05 ,2736.68 ,3117192500,3117192500,32507.11,26.21,25.1,-6.6393,2737.93,2757.425,2822.968667,31391.4876,-40.55,54.8513,-0.32,2911.74,2685.4,2822,-110.5913491,0.209377741,-0.001484391,0.264466965,-0.83395436
2011-09-16,2744.22 ,2755.89 ,2729.00 ,2733.99 ,2740.78 ,2755593200,2755593200,29743.91,33.37,27.85,-3.8071,2733.506,2747.37,2815.424667,31098.3818,-41.21,53.3141,0.02,2908.93,2678.18,2810,-108.7456316,0.201871552,0.001808687,0.444149838,-0.803638148
2011-09-19,2718.32 ,2718.32 ,2678.80 ,2679.27 ,2698.68 ,2909094100,2909094100,29731.42,22.85,26.18,-7.984,2719.14,2734.912,2808.153,30975.0388,-34.93,53.7131,-1.47,2913.02,2661.25,2800,-108.2342,0.210717395,-0.020013628,0.332474598,-0.741885446
2011-09-20,2675.04 ,2702.28 ,2664.10 ,2689.85 ,2682.82 ,2559868100,2559868100,27274.35,21.72,24.7,-7.9824,2713.054,2729.515,2804.684667,30423.0402,-54.55,52.55865,-0.86,2915.93,2649.55,2790,-109.38039,0.209418898,0.003946971,0.318952884,-0.909844944
2011-09-21,2691.70 ,2778.35 ,2677.35 ,2771.01 ,2729.60 ,5619417100,5619417100,59146.49,41.43,30.27,3.6649,2720.634,2734.286,2803.778667,35680.6543,-30.39,55.64205,1.85,2912.28,2648.2,2778,-105.8616205,0.229981522,0.030174973,0.441933231,-0.754055212
2011-09-22,2745.15 ,2754.92 ,2684.94 ,2685.69 ,2717.68 ,4710266000,4710266000,47793.33,33.06,31.2,0.7439,2711.962,2724.946,2799.164333,38737.8993,-31.31,56.1113,-0.97,2911.74,2636.3,2767,-111.4759895,0.254001526,-0.030791289,0.535125203,-0.760241942
2011-09-23,2644.29 ,2681.23 ,2631.43 ,2669.48 ,2656.61 ,4259222400,4259222400,45934.34,30.67,31.03,-2.3361,2699.06,2716.283,2792.583,41975.9839,-37.32,53.6204,-1.1,2893.23,2631.38,2757,-117.48909,0.217620478,-0.006035697,0.531957624,-0.579126666
2011-09-26,2645.25 ,2679.56 ,2603.11 ,2610.92 ,2634.71 ,3917512400,3917512400,40495.02,21.93,28,-10.7542,2685.39,2702.265,2783.768,44128.7052,-29.28,52.8687,-2.77,2878.23,2617.34,2742,-123.7091355,0.22626991,-0.021936498,-0.003684601,-0.340884256
2011-09-27,2634.93 ,2652.56 ,2613.42 ,2637.88 ,2634.70 ,3502197400,3502197400,37301.31,21.24,25.74,-11.137,2674.996,2694.025,2774.434667,46134.0979,-41.92,53.9259,-1.39,2866.47,2607.62,2722,-127.7167288,0.228353015,0.010325866,0.018667487,-0.35173523
2011-09-28,2654.83 ,2660.10 ,2602.63 ,2610.59 ,2632.04 ,3416955500,3416955500,36195.92,15.67,22.38,-13.3621,2642.912,2681.773,2764.868333,41543.9844,-36.41,53.6292,-1.22,2856.81,2594.16,2706,-133.1401923,0.229508879,-0.010345054,-0.043741394,-0.300453981
2011-09-29,2593.56 ,2615.14 ,2577.29 ,2588.19 ,2593.55 ,3709359300,3709359300,37708.58,12.25,19.01,-15.9708,2623.412,2667.687,2754.941,39527.0344,-43.21,53.94535,-1.34,2844.52,2580.59,2689,-138.8006827,0.228861085,-0.008582351,-0.271288356,-0.414013816
2011-09-30,2595.58 ,2607.57 ,2572.19 ,2581.35 ,2589.17 ,3205082200,3205082200,32376.68,9.65,15.89,-16.6608,2605.786,2652.423,2746.511,36815.5031,-28.65,53.44005,-0.94,2831.16,2568.63,2669,-142.9857986,0.228981041,-0.00264046,-0.466848148,-0.80877005
2011-10-10,2588.35 ,2595.32 ,2552.28 ,2557.08 ,2573.26 ,2832512200,2832512200,28149.9,7.14,12.97,-18.2986,2595.018,2640.204,2738.158333,34346.4791,-49.92,53.2993,-1.46,2823.97,2551.14,2650,-145.1732586,0.22852098,-0.009401666,-0.549924255,-0.962063674
2011-10-11,2625.16 ,2635.69 ,2526.65 ,2551.99 ,2584.87 ,4502984800,4502984800,47409.89,8.46,11.47,-17.9549,2577.84,2626.418,2730.631667,36368.1953,-41.21,56.879,-1,2824.34,2531.59,2636,-146.4800457,0.219558526,-0.001989768,-0.403934593,-1.173078054
2011-10-12,2537.40 ,2647.02 ,2523.34 ,2644.76 ,2588.13 ,6594568000,6594568000,62822.83,31.27,18.07,-3.856,2584.674,2613.793,2724.757,41693.5778,-27.24,61.3481,2.32,2819.5,2528.58,2523,-145.8726434,0.259388503,0.036349615,-0.25111748,-1.212115381
2011-10-13,2636.86 ,2672.91 ,2629.41 ,2662.60 ,2650.45 ,6042620100,6042620100,56631.04,50.56,28.9,8.5704,2599.556,2611.484,2719.843,45478.0697,-28.8,65.4197,2.43,2805.04,2531.39,2526,-143.2542112,0.248556395,0.006746553,-0.229262388,-1.124181601
2011-10-14,2655.36 ,2665.44 ,2629.88 ,2653.78 ,2651.12 ,3833694800,3833694800,37326.71,62.78,40.19,15.8749,2614.042,2609.914,2711.507667,46468.0759,-39.22,64.26875,1.52,2793.59,2532.61,2532,-140.9571507,0.247544347,-0.003312175,-0.145925876,-0.965124709
2011-10-17,2658.95 ,2687.10 ,2653.38 ,2666.95 ,2666.60 ,3615831500,3615831500,38101.62,71.08,50.49,22.3566,2636.016,2615.517,2703.698667,48458.4196,-32.65,64.2933,1.17,2782.69,2535.09,2537,-136.5758932,0.248733955,0.004962352,-0.111967711,-0.732540819
2011-10-18,2646.84 ,2651.73 ,2589.21 ,2592.21 ,2620.00 ,3937344800,3937344800,39453.3,61.41,54.13,16.7114,2644.06,2610.95,2695.012,46867.1018,-32.79,66.0434,-1.96,2776.16,2528.81,2546,-136.7920485,0.264575818,-0.028025262,0.103637933,-0.729458482
2011-10-19,2599.92 ,2617.41 ,2580.66 ,2583.08 ,2595.27 ,3111616600,3111616600,32114.97,53.1,53.79,12.0974,2631.724,2608.199,2686.39,40725.5288,-34.72,64.8919,-1.85,2766.25,2523.72,2555,-137.2509461,0.263250031,-0.003521321,0.299360528,-0.544176656
2011-10-20,2566.60 ,2570.10 ,2500.49 ,2520.53 ,2539.43 ,3984246200,3984246200,39409.6,38.98,48.85,1.5257,2603.31,2601.433,2675.515,37281.2401,-34.27,64.51935,-3.18,2761.13,2507.99,2687,-141.0611488,0.274162318,-0.024214881,0.235810122,-0.192902049
2011-10-21,2522.26 ,2538.12 ,2504.69 ,2507.88 ,2518.24 ,2984350300,2984350300,29090.71,27.31,41.67,-5.8605,2574.13,2594.086,2664.626333,35634.0396,-40.12,65.0517,-2.57,2752.79,2493.72,2683,-142.5777413,0.273323131,-0.005020766,0.158878124,0.052021269
2011-10-24,2517.06 ,2581.13 ,2501.96 ,2576.67 ,2544.21 ,4634580100,4634580100,44056.73,31.81,38.38,-0.4549,2556.074,2596.045,2657.053667,36825.0617,-43.53,67.034,0.81,2746.44,2489.81,2680,-141.1076543,0.28797211,0.027430372,0.369275193,0.261823469
2011-10-25,2572.71 ,2633.97 ,2560.05 ,2625.43 ,2598.04 ,5796737500,5796737500,57533.46,43.53,40.1,10.1296,2562.718,2603.389,2653.107333,40441.0935,-40.17,71.7256,2.45,2738.8,2491.01,2676,-141.3315715,0.296654735,0.018922105,0.493070874,0.808927164
2011-10-26,2613.27 ,2679.66 ,2611.01 ,2651.65 ,2638.90 ,7309824000,7309824000,69534.36,56.02,45.4,20.5051,2576.432,2604.078,2650.719,47924.9728,-56.15,71.9935,2.92,2710.69,2507.18,2680,-135.966793,0.276941679,0.009989621,-0.384470066,-0.702678853
2011-10-27,2658.43 ,2672.84 ,2647.30 ,2657.48 ,2659.01 ,4882039100,4882039100,47403.22,65.39,52.07,27.5566,2603.822,2603.566,2646.665333,49523.6966,-55.92,71.2065,2.06,2705.51,2509.54,2676,-129.7684533,0.254948898,0.002197121,-0.502529011,-0.684464747
2011-10-28,2694.54 ,2729.14 ,2689.38 ,2709.02 ,2705.52 ,7164310500,7164310500,72908.42,73.99,59.37,37.9265,2644.05,2609.09,2645.095667,58287.2392,-33.18,72.80855,2.46,2714.12,2504.88,2560,-118.3751307,0.263319144,0.019393952,-0.208908658,-0.433663599
2011-10-31,2704.54 ,2709.32 ,2680.99 ,2695.31 ,2697.54 ,5040711200,5040711200,52522.5,77.73,65.49,41.4179,2667.778,2611.926,2643.236,59980.3928,-39.69,70.4022,1.03,2725.16,2502.28,2563,-109.5849741,0.250250852,-0.005060876,-0.212204438,-0.689021077
2011-11-01,2672.51 ,2726.09 ,2669.05 ,2697.53 ,2691.30 ,5520665100,5520665100,56067.61,80.54,70.51,42.3539,2682.198,2622.458,2642.477667,59687.2214,-32.87,70.7815,0.57,2733.91,2499.49,2567,-99.75852542,0.248141535,0.000826251,-0.18524459,-0.884518519
2011-11-02,2658.55 ,2742.94 ,2653.72 ,2742.39 ,2699.40 ,6436158400,6436158400,65327.48,86.95,75.99,46.9849,2700.346,2638.389,2642.787,58845.844,-75.61,72.36885,1.56,2753.19,2493.4,2570,-87.06034915,0.249940293,0.016628521,-0.051676067,-0.825257066
2011-11-03,2752.63 ,2781.04 ,2743.20 ,2744.30 ,2755.29 ,8482076000,8482076000,90502.55,86.91,79.63,48.1002,2717.71,2660.766,2643.295333,67465.7101,-48.9,76.8418,0.98,2770.53,2491.67,2577,-74.55983169,0.246627424,0.000696837,-0.103351288,-0.889750777
2011-11-04,2770.57 ,2781.99 ,2748.98 ,2763.75 ,2766.32 ,6195821800,6195821800,63500.87,88.54,82.6,49.0824,2728.656,2686.353,2644.287333,65584.1999,-53.05,77.01285,1.29,2789.46,2490.98,2589,-60.4986401,0.246124452,0.007085593,-0.147972344,-0.847800508
2011-11-07,2750.99 ,2769.30 ,2733.17 ,2736.25 ,2747.43 ,4537505600,4537505600,47761.94,83.44,82.88,43.8255,2736.844,2702.311,2646.186667,64632.0871,-59.35,76.66725,-0.02,2798.91,2499.44,2605,-48.2610081,0.246515357,-0.00994954,-0.343881386,-0.712509731
2011-11-08,2745.06 ,2756.09 ,2723.69 ,2727.71 ,2738.14 ,4788425200,4788425200,47864.91,75.53,80.43,37.2535,2742.88,2712.539,2647.448667,62991.5485,-52.29,72.8349,-0.55,2804.27,2511.66,2619,-41.70035769,0.24687588,-0.003120331,-0.561526534,-0.353015052
2011-11-09,2739.15 ,2755.81 ,2710.05 ,2751.65 ,2739.17 ,4687796000,4687796000,48484.23,75.8,78.89,34.2627,2744.732,2722.539,2646.803333,59622.8993,-41.55,68.9392,0.25,2815.28,2511.33,2632,-35.16268981,0.216683984,0.008778059,-0.62594968,-0.458830763
2011-11-10,2720.84 ,2729.57 ,2698.31 ,2699.59 ,2712.08 ,5117370200,5117370200,51793.95,62.45,73.41,23.8947,2735.79,2726.75,2647.266667,51881.179,-48.41,63.0242,-1.32,2818,2512.32,2644,-31.11425532,0.228270202,-0.01892171,-0.689850742,-0.446360854
2011-11-11,2705.24 ,2713.91 ,2685.10 ,2695.00 ,2699.81 ,3663669600,3663669600,38724.22,52.36,66.39,15.4508,2722.04,2725.348,2648.117333,46925.8491,-47,62.66295,-0.99,2820.52,2513.92,2654,-28.15599255,0.227965587,-0.001698778,-0.76959729,-0.38580585
2011-11-14,2717.54 ,2751.88 ,2714.86 ,2750.20 ,2733.62 ,4639094300,4639094300,51333.49,59.98,64.26,16.2516,2724.83,2730.837,2652.76,47640.1599,-50.8,63.14075,0.93,2829.11,2513.65,2662,-18.84889293,0.237960907,0.020479762,-0.814597681,-0.447105765
2011-11-15,2746.77 ,2754.00 ,2732.91 ,2744.68 ,2744.59 ,4175986400,4175986400,46980.74,60.48,63,15.0178,2728.224,2735.552,2656.32,47463.3252,-42.52,61.97135,0.6,2835.35,2522.66,2670,-9.826498279,0.210766055,-0.002005312,-1.053544806,0.072512662
2011-11-16,2745.86 ,2746.29 ,2659.15 ,2670.12 ,2705.36 ,5594923900,5594923900,57844.2,43.3,56.43,3.7273,2711.918,2728.325,2658.304333,49335.319,-49.48,64.49105,-1.54,2833.17,2533.54,2754,-1.855973365,0.236128401,-0.027166737,-1.268647773,0.887054588
2011-11-17,2671.95 ,2687.83 ,2660.65 ,2662.02 ,2670.61 ,3524765200,3524765200,37762.64,29.74,47.53,-4.8007,2704.404,2720.097,2660.765333,46529.0565,-54.98,62.44445,-1.57,2819.85,2561.02,2752,5.943825303,0.216008585,-0.003033202,-1.404440711,2.174638913
2011-11-18,2643.67 ,2646.21 ,2601.18 ,2606.50 ,2624.39 ,4241471800,4241471800,44949.48,20.97,38.68,-17.1915,2686.704,2704.372,2661.603667,47774.108,-49.1,62.8144,-2.99,2800.78,2589.94,2750,7.137934038,0.230667653,-0.020857117,-0.71793455,-0.230873835
2011-11-21,2608.56 ,2613.26 ,2587.74 ,2609.69 ,2604.81 ,2797189600,2797189600,31175.41,18.33,31.9,-23.8213,2658.602,2691.716,2663.357333,43742.4916,-41.51,60.13195,-1.84,2795.41,2598.62,2744,5.994137336,0.210698705,0.001224633,-0.482523189,-0.892020407
2011-11-22,2592.23 ,2611.15 ,2580.78 ,2609.48 ,2598.41 ,2906907800,2906907800,31886.74,17.74,27.18,-26.8724,2631.562,2679.893,2665.273667,40723.6908,-36.72,55.0498,-0.84,2797.27,2595.16,2735,3.585580469,0.199540534,-8.12E-05,-0.530480366,-0.844238085
2011-11-23,2613.29 ,2617.09 ,2578.16 ,2584.01 ,2598.14 ,2853141200,2853141200,30958.56,12.94,22.43,-30.6832,2614.34,2663.129,2663.248667,35346.5637,-39.59,51.0158,-1.16,2804.18,2581.49,2723,-0.267048554,0.198401618,-0.009758285,-0.64266356,-0.771231135
2011-11-24,2565.69 ,2604.24 ,2557.70 ,2588.92 ,2579.14 ,3031960100,3031960100,31894.73,13.93,19.6,-30.823,2599.72,2652.062,2660.792667,34172.9819,-40.08,50.25145,-0.42,2809.23,2569.58,2708,-6.258796127,0.19833482,0.001897825,-0.617801347,-1.032224
2011-11-25,2585.14 ,2598.39 ,2563.65 ,2569.97 ,2579.29 ,2391376600,2391376600,27509.36,11.37,16.85,-31.6297,2592.414,2639.559,2657.999,30684.9582,-39.23,48.19415,-0.87,2813.13,2551.78,2690,-12.21255632,0.183767144,-0.007316579,-0.478960881,-1.306267077
2011-11-28,2578.34 ,2589.35 ,2562.49 ,2573.32 ,2575.88 ,2566693600,2566693600,29179.54,10.34,14.68,-29.8936,2585.14,2621.871,2654.878,30285.7847,-44.48,48.12095,-0.46,2815.61,2537.1,2674,-17.8125785,0.184038072,0.001302737,-0.328527716,-1.577366554
2011-11-29,2595.09 ,2609.19 ,2580.29 ,2608.57 ,2598.29 ,3002587800,3002587800,34962.43,19.92,16.43,-22.5152,2584.958,2608.26,2655.423333,30900.9229,-33.63,47.60375,0.91,2813.97,2529.84,2660,-23.61299958,0.192334144,0.013697475,-0.152776857,-1.748119269
2011-11-30,2600.10 ,2601.90 ,2507.18 ,2521.52 ,2557.68 ,4235264500,4235264500,42454.21,16.72,16.53,-27.5455,2572.46,2593.4,2653.371333,33200.0512,-41.48,47.87875,-1.98,2813.78,2507.95,2648,-33.5713996,0.211502605,-0.033370404,-0.128305584,-1.440063291
2011-12-01,2596.15 ,2630.66 ,2577.72 ,2583.61 ,2597.04 ,6352025200,6352025200,66146.81,31.78,21.61,-20.9914,2571.398,2585.559,2655.474,40050.4677,-41.39,47.6869,0.47,2804.16,2501.49,2631,-40.89947962,0.234173854,0.024625226,0.082328014,-1.429099155
2011-12-02,2570.56 ,2575.69 ,2543.53 ,2557.31 ,2561.77 ,3218370300,3218370300,33168.42,34.72,25.98,-18.7537,2568.866,2580.64,2657.121667,41182.2799,-47.89,47.3552,-0.45,2790.1,2494.91,2613,-47.80135564,0.232341715,-0.010180317,0.232809229,-1.373650822
2011-12-05,2561.20 ,2561.20 ,2517.18 ,2521.39 ,2540.24 ,3206338800,3206338800,32749.93,26.98,26.31,-20.524,2558.48,2571.81,2655.279,41896.3575,-53.61,47.74985,-1.45,2781.89,2481.64,2599,-55.72753786,0.234249392,-0.01404835,0.342150458,-1.129162171
2011-12-06,2515.04 ,2525.67 ,2499.57 ,2516.34 ,2514.16 ,2629758100,2629758100,26310.94,22.25,24.96,-20.7267,2540.034,2562.496,2651.642667,40166.0606,-45.06,47.43455,-0.93,2772.63,2469.76,2586,-64.70681096,0.234344537,-0.002000488,0.475630334,-0.840900019
2011-12-07,2517.34 ,2534.53 ,2509.78 ,2528.23 ,2522.47 ,2326183900,2326183900,23433.73,22.12,24.01,-17.7268,2541.376,2556.918,2647.528667,36361.9657,-49.97,46.89445,-0.52,2753.7,2466.34,2572,-70.03947042,0.231856242,0.004723923,0.602687772,-0.529273344
2011-12-08,2525.04 ,2549.10 ,2494.69 ,2525.00 ,2523.46 ,2777774400,2777774400,27843.68,22.18,23.4,-14.7663,2529.654,2550.526,2643.112667,28701.3405,-47,48.0515,-0.18,2743.27,2459.32,2560,-75.0375469,0.225233901,-0.001276388,0.818843956,-0.043533668
2011-12-09,2506.62 ,2525.16 ,2496.97 ,2503.46 ,2508.05 ,2402905900,2402905900,25477.24,16.94,21.25,-14.2891,2518.884,2543.875,2636.260667,27163.105,-48.14,48.13425,-0.61,2732.91,2450.52,2549,-83.62236955,0.225887712,-0.00853069,0.995152695,0.591182512
2011-12-12,2497.92 ,2502.05 ,2476.12 ,2477.69 ,2488.45 ,2190124900,2190124900,21200.44,11.63,18.04,-15.9007,2510.144,2534.312,2629.006667,24853.2083,-54.31,46.0918,-1.29,2706.95,2449.23,2539,-92.79065107,0.208274616,-0.01029335,0.830757426,0.976270116
2011-12-13,2467.02 ,2472.66 ,2418.67 ,2421.93 ,2445.07 ,3571753400,3571753400,33269.15,8.27,14.78,-22.5285,2491.262,2515.648,2619.82,26244.8509,-56.47,46.834,-2.78,2683.61,2440.3,2526,-100.5605185,0.216885553,-0.022506429,-0.297519407,0.242069059
2011-12-14,2415.94 ,2433.55 ,2392.30 ,2397.48 ,2409.82 ,2532010900,2532010900,23753.61,6.45,12.01,-27.9054,2465.112,2503.244,2608.323,26308.826,-58.72,44.53945,-2.74,2679.66,2416.99,2505,-108.7593426,0.202556369,-0.010094437,-0.714198675,0.465321546
2011-12-15,2382.44 ,2384.47 ,2340.45 ,2340.79 ,2362.04 ,3675083400,3675083400,33900.4,4.35,9.45,-36.2677,2428.27,2478.962,2594.872667,27520.1697,-50.41,45.3066,-3.6,2682.29,2382.23,2482,-116.6067255,0.212669079,-0.023646496,-1.195868217,1.017512108
2011-12-16,2339.98 ,2390.38 ,2332.14 ,2390.13 ,2363.16 ,3630233900,3630233900,33652.06,11.81,10.24,-32.447,2405.604,2462.244,2582.418667,29155.1331,-43.87,45.967,-0.64,2679.9,2362.99,2454,-121.7542892,0.226038467,0.021078799,-0.942614717,0.025170853
2011-12-19,2370.42 ,2387.89 ,2321.66 ,2384.41 ,2366.10 ,3790975200,3790975200,33711.37,17.07,12.52,-28.1442,2386.948,2448.546,2570.690667,31657.3185,-55.19,48.00265,-0.11,2674.15,2346.2,2430,-126.9199247,0.225221863,-0.002393595,-0.735575263,-0.619552548
2011-12-20,2376.71 ,2412.57 ,2373.86 ,2377.07 ,2385.05 ,3240232700,3240232700,29967.66,19.5,14.85,-23.9074,2377.976,2434.619,2559.002667,30997.0194,-43.73,51.02995,-0.04,2665.81,2331.31,2413,-130.9208285,0.22468989,-0.003076235,-0.560568929,-1.066149709
2011-12-21,2397.28 ,2404.78 ,2337.69 ,2339.11 ,2369.72 ,3120952500,3120952500,30917.84,15.86,15.18,-23.7878,2366.302,2415.707,2545.251333,32429.866,-61.69,52.4375,-1.15,2662.83,2309.8,2405,-136.8651371,0.227691085,-0.015971323,-0.409202953,-1.279225954
2011-12-22,2325.27 ,2358.47 ,2294.61 ,2341.34 ,2329.92 ,3668385800,3668385800,31845.46,18.08,16.15,-21.0711,2366.412,2397.341,2533.309667,32018.8767,-59.26,53.3035,-1.06,2654.82,2293.05,2388,-141.4537802,0.227337296,0.000952072,-0.247233033,-1.4547364
2011-12-23,2337.38 ,2382.71 ,2331.96 ,2359.16 ,2352.80 ,3316190400,3316190400,29910.3,24.14,18.81,-14.8312,2360.218,2382.911,2522.115,31270.5243,-52.84,55.67375,-0.04,2645.28,2281.5,2383,-145.0891912,0.231456632,0.007612751,-0.041418734,-1.54150893
2011-12-26,2345.55 ,2369.82 ,2334.79 ,2335.70 ,2346.47 ,2822408700,2822408700,25033.05,25.95,21.19,-11.945,2350.476,2368.712,2508.298333,29534.8607,-59.3,56.2237,-0.63,2634.21,2268.82,2370,-151.4780816,0.231316491,-0.00994295,0.133603185,-1.506125812
2011-12-27,2332.83 ,2346.38 ,2302.41 ,2305.04 ,2321.67 ,2927731400,2927731400,26777.02,20.25,20.88,-12.2041,2336.07,2357.023,2493.643667,28896.7333,-69.56,56.08765,-1.33,2614.47,2258.2,2355,-154.7284276,0.222364037,-0.013129672,0.137164356,-1.584611356
2011-12-28,2295.87 ,2309.65 ,2267.11 ,2307.93 ,2295.14 ,3288202000,3288202000,28839.27,22.85,21.54,-10.1108,2329.834,2348.068,2481.570667,28481.0202,-64.67,53.4784,-0.94,2607.85,2243.46,2343,-160.7762562,0.197842335,0.001255079,0.309266881,-1.457519391
2011-12-29,2297.29 ,2323.49 ,2293.87 ,2311.36 ,2306.50 ,3088770000,3088770000,26868.22,25.38,22.82,-6.561,2323.838,2345.125,2469.882,27485.5738,-58.04,50.1231,-0.54,2585,2239.09,2328,-165.0349434,0.168209559,0.001487481,0.399420223,-1.453524696
2011-12-30,2318.67 ,2349.03 ,2318.67 ,2345.74 ,2333.03 ,3586524300,3586524300,32362.65,34.94,26.86,1.6809,2321.154,2340.686,2461.19,27976.0444,-59.06,51.27295,1.06,2562.48,2240.45,2267,-165.5653462,0.181864669,0.014874786,0.559455942,-1.274415814
2012-01-04,2361.50 ,2365.99 ,2298.30 ,2298.75 ,2331.14 ,3434456700,3434456700,32572.55,30.95,28.22,2.0422,2313.764,2332.12,2450.825333,29483.9441,-53.25,52.4564,-0.65,2547.16,2233.5,2269,-168.1664789,0.187426934,-0.020031615,0.741343185,-0.852217764
2012-01-05,2290.78 ,2316.66 ,2272.15 ,2276.39 ,2289.00 ,4301648000,4301648000,37635.27,23.31,26.58,0.5842,2308.034,2322.052,2439.722333,31655.5942,-57.61,53.377,-1.37,2531.24,2225.43,2272,-172.350305,0.188016879,-0.009730493,0.872082239,-0.26967851
2012-01-06,2274.35 ,2291.89 ,2254.57 ,2290.60 ,2277.85 ,3519899200,3519899200,31079.36,24.91,26.03,2.7285,2304.568,2317.201,2429.942,32103.6119,-53,53.49515,-0.61,2506.73,2226.18,2255,-175.4527897,0.189127933,0.006244989,1.014643187,0.358772489
2012-01-09,2291.18 ,2368.89 ,2271.72 ,2368.57 ,2325.09 ,5472734100,5472734100,51478.13,49.58,33.88,15.1501,2316.01,2319.924,2422.597,37025.5926,-43.43,56.4909,2.27,2477.49,2239.77,2259,-173.4247002,0.233143678,0.034038665,0.998756202,0.869253053
2012-01-10,2365.77 ,2449.96 ,2361.28 ,2447.35 ,2406.09 ,8115498900,8115498900,75249.16,65.94,44.57,33.431,2336.332,2328.743,2418.509667,45602.8939,-45.25,63.8794,4.75,2462.3,2249.36,2266,-166.2706152,0.264485975,0.033260153,0.658596794,0.056856121
2012-01-11,2444.76 ,2453.15 ,2423.32 ,2435.61 ,2439.21 ,5870567400,5870567400,57587.22,74.35,54.49,42.7964,2363.704,2338.734,2413.919333,50605.8275,-45.39,67.17615,3.04,2451.35,2256.1,2280,-157.2730844,0.262651563,-0.004797436,0.343435054,-0.684954942
2012-01-12,2426.82 ,2464.38 ,2423.32 ,2435.22 ,2437.44 ,4712127500,4712127500,47877.41,78.27,62.42,47.4339,2395.47,2351.752,2408.141,52654.2546,-47.78,66.52985,1.66,2454.13,2254.65,2298,-147.5224802,0.249576116,-0.000159714,0.38325681,-0.683488329
2012-01-13,2438.41 ,2445.79 ,2374.55 ,2394.33 ,2413.27 ,4551399700,4551399700,47228.34,74.38,66.41,43.5875,2416.216,2360.392,2403.901333,55884.0498,-52.27,68.0294,-0.91,2453.69,2254.77,2318,-137.4690562,0.254448348,-0.016789044,0.389267086,-0.656238549
2012-01-16,2376.95 ,2394.50 ,2345.63 ,2345.65 ,2365.68 ,3052714500,3052714500,34410.39,64.06,65.62,33.5316,2411.632,2363.821,2395.969333,52470.5015,-47.15,68.27135,-2.74,2453.82,2255.13,2335,-132.8196034,0.250487644,-0.020333421,0.375163275,-0.652502825
2012-01-17,2347.57 ,2462.43 ,2329.25 ,2460.60 ,2399.96 ,6420564800,6420564800,64324.13,75.44,68.9,40.9195,2414.282,2375.307,2392.745667,50285.4963,-74.6,72.0185,1.92,2467.18,2248.81,2329,-122.3689732,0.294576254,0.04900648,0.480509614,-0.72943422
2012-01-18,2464.92 ,2485.50 ,2414.53 ,2422.19 ,2446.79 ,6389235800,6389235800,67058.84,74.49,70.76,39.186,2411.598,2387.651,2389.439,52179.8202,-54.81,76.51935,0.44,2472.25,2247.52,2345,-113.9947246,0.300630096,-0.01561082,0.409824376,-0.992526497
2012-01-19,2423.86 ,2480.21 ,2414.99 ,2468.35 ,2446.85 ,5561572600,5561572600,56377.65,80.32,73.95,42.5311,2418.224,2406.847,2387.839333,53879.8694,-57.05,75.25755,2.07,2486.73,2242.16,2365,-101.8328883,0.306923014,0.019057555,0.393861091,-1.199662162
2012-01-20,2476.73 ,2510.34 ,2462.59 ,2504.09 ,2488.44 ,5452978300,5452978300,57474.48,85.73,77.87,47.4572,2440.176,2428.196,2387.034667,55929.0969,-42.51,76.6712,2.62,2509.22,2236.18,2382,-88.60369393,0.302266695,0.014477688,0.381823651,-1.117821853
2012-01-30,2508.88 ,2508.88 ,2460.40 ,2460.72 ,2484.72 ,4351714800,4351714800,44770.89,81.35,79.03,42.9105,2463.19,2437.411,2384.892,58001.1968,-76.68,75.9022,-0.1,2519.77,2237.56,2402,-79.09545923,0.311193068,-0.017318095,0.181737725,-1.380585278
2012-01-31,2462.34 ,2472.84 ,2447.77 ,2464.26 ,2461.80 ,3070150100,3070150100,32694.13,79.09,79.05,38.5544,2463.922,2439.102,2383.585333,51675.1971,-68.34,72.75065,0.01,2529.72,2238.12,2420,-68.71278627,0.310622057,0.001438603,0.019803567,-1.558258698
2012-02-01,2458.23 ,2481.66 ,2423.45 ,2428.99 ,2448.08 ,3501537400,3501537400,37752.32,71.08,76.39,29.5047,2465.282,2438.44,2381.962,45813.8934,-64.21,73.76835,-1.47,2533.86,2243.32,2510,-59.07919695,0.313305077,-0.01431099,-0.163271871,-1.514845953
2012-02-02,2437.47 ,2486.24 ,2429.71 ,2486.24 ,2459.92 ,4206698500,4206698500,44126.38,76.29,76.36,29.7291,2468.86,2443.542,2384.105667,43363.6395,-54.16,74.7091,0.7,2543.58,2251.72,2509,-47.20973711,0.316637368,0.023566958,-0.349222389,-1.356736725
2012-02-03,2478.34 ,2514.65 ,2470.28 ,2506.09 ,2492.34 ,4994924000,4994924000,51507.55,82.65,78.46,30.9133,2469.26,2454.718,2387.726,42170.2536,-48.31,76.82935,1.49,2554.74,2260.37,2515,-35.11280025,0.316820391,0.007984755,-0.498927779,-1.067032992
2012-02-06,2511.17 ,2520.76 ,2488.71 ,2504.32 ,2506.24 ,4507990500,4507990500,47541.52,83.28,80.06,29.807,2477.98,2470.585,2393.177,42724.3812,-54.28,76.53455,1.06,2563.13,2271.27,2521,-25.42816024,0.31715733,-0.000705481,-0.684992559,-0.672328117
2012-02-07,2489.03 ,2489.03 ,2441.70 ,2457.95 ,2469.43 ,3967916400,3967916400,40034.28,69.06,76.39,21.5627,2476.718,2470.32,2395.437667,44192.4102,-63.05,76.1434,-0.76,2565.77,2279.86,2519,-16.19670223,0.324260948,-0.018515191,-0.921517087,-0.18447039
2012-02-08,2456.42 ,2534.16 ,2451.00 ,2528.24 ,2492.46 ,5618645600,5618645600,61721.31,77.59,76.79,24.1173,2496.568,2480.925,2400.232,48986.2071,-58.56,77.3821,1.27,2572.06,2296.51,2442,-2.794317116,0.325114976,0.0285937,-1.038915385,0.611258631
2012-02-09,2525.59 ,2546.03 ,2513.13 ,2529.23 ,2528.50 ,5929975100,5929975100,63456.21,80.49,78.02,24.4064,2505.166,2487.013,2405.304,52852.1713,-61.57,79.9082,0.96,2569.23,2324.63,2444,9.27689874,0.321062853,0.000393555,-0.958999709,0.978281501
2012-02-10,2521.68 ,2560.03 ,2521.16 ,2533.62 ,2534.12 ,6157587700,6157587700,60029.48,80.55,78.87,23.6388,2510.672,2489.966,2411.787667,54556.5585,-59.38,80.3871,0.91,2562.88,2355.29,2448,17.0657538,0.321280471,0.001736892,-0.493375845,-0.101120275
2012-02-13,2504.41 ,2553.45 ,2496.30 ,2531.98 ,2521.54 ,5191397300,5191397300,54282.62,80.19,79.31,21.4256,2516.204,2497.092,2418.142333,55904.7783,-60.42,77.52805,0.63,2566.68,2367.82,2454,20.44406611,0.303575611,-0.000648478,-0.576986462,0.328852144
2012-02-14,2528.97 ,2533.26 ,2506.54 ,2522.11 ,2522.72 ,4043010100,4043010100,43723.68,77.09,78.57,17.323,2529.036,2502.877,2423.574,56642.6593,-62.69,70.4641,-0.27,2572.86,2369.12,2461,23.74681281,0.283748645,-0.003899713,-0.705048388,0.27805666
2012-02-15,2515.83 ,2562.07 ,2511.29 ,2549.61 ,2534.70 ,5809037000,5809037000,60422.39,81.28,79.47,16.9816,2533.31,2514.939,2430.704333,56382.8772,-59.79,68.64755,0.64,2582.89,2370.49,2467,28.27887217,0.284568408,0.010903582,-0.774458034,0.341170383
2012-02-16,2544.64 ,2559.34 ,2519.04 ,2536.07 ,2539.77 ,5439543100,5439543100,55165.63,80.32,79.75,13.7385,2534.678,2519.922,2438.405333,54724.7629,-56.93,68.9975,0.05,2589.21,2374.25,2474,33.95192856,0.285744684,-0.005307877,-0.955109019,0.612061415
2012-02-17,2551.82 ,2558.34 ,2522.86 ,2537.09 ,2542.53 ,3899471600,3899471600,40458,79.96,79.82,10.6739,2535.372,2523.022,2446.044,50810.4671,-63.31,67.4005,0.07,2590.73,2387.01,2481,41.82618213,0.276980004,0.000399042,-1.2219889,1.766089655
2012-02-20,2571.91 ,2574.75 ,2539.90 ,2540.71 ,2556.82 ,5615332900,5615332900,56748.91,77.47,79.04,8.1893,2537.118,2526.661,2453.689,51303.7252,-63.89,67.55175,0.14,2577.5,2419.75,2488,43.74012302,0.262945232,0.001426834,-0.539783713,-0.985082765
2012-02-21,2544.84 ,2562.91 ,2520.79 ,2562.45 ,2547.75 ,4789480800,4789480800,47758.23,79.75,79.28,8.4925,2545.186,2537.111,2460.912667,52110.6339,-54.95,62.99885,0.68,2585.36,2422.07,2496,48.56631687,0.207086473,0.008559432,-0.634018716,-0.674367284
2012-02-22,2564.32 ,2598.86 ,2560.34 ,2597.48 ,2580.25 ,7637665600,7637665600,76421.81,86.05,81.54,12.2042,2554.76,2544.035,2470.870333,55310.5164,-54.72,59.0902,1.67,2594.9,2430.06,2504,52.59430103,0.199748065,0.013667763,-0.194900822,-0.122840213
2012-02-23,2595.78 ,2614.54 ,2590.52 ,2606.26 ,2601.78 ,7037712600,7037712600,72612.09,88.37,83.81,14.4794,2568.798,2551.738,2481.866,58799.8076,-55.34,58.51595,1.46,2609.01,2429.74,2516,55.07308598,0.191313327,0.003380205,-0.077099391,0.082759855
2012-02-24,2607.34 ,2648.02 ,2602.78 ,2648.02 ,2626.54 ,8599970800,8599970800,88058.62,92.25,86.62,19.9113,2590.984,2563.178,2493.78,68319.9303,-65.78,56.62315,2.2,2632.65,2420.5,2530,61.68428168,0.19261545,0.016023368,0.33416681,0.431583938
2012-02-27,2658.12 ,2693.84 ,2656.57 ,2656.57 ,2666.28 ,10151403400,10151403400,106670.21,88.03,87.09,22.7529,2614.156,2575.637,2503.38,78304.1892,-78.43,58.75245,1.62,2652.52,2420.2,2548,68.2157176,0.177123699,0.003231097,0.427901701,0.324193295
2012-02-28,2652.34 ,2671.83 ,2641.46 ,2662.46 ,2657.02 ,7759253600,7759253600,77213.05,86.03,86.74,23.4307,2634.158,2589.672,2510.550333,84195.1547,-72.74,59.0176,1.07,2670.1,2422.45,2575,76.47838172,0.177005971,0.002217142,0.401378565,0.033619823
2012-02-29,2655.86 ,2666.65 ,2631.78 ,2634.14 ,2647.11 ,5912020600,5912020600,64875.22,79.19,84.22,18.2969,2641.49,2598.125,2517.168,81885.8376,-81.86,57.85005,-0.28,2673.23,2439.83,2596,80.04971263,0.172340248,-0.010636768,0.56168589,-0.562172839
2012-03-01,2622.74 ,2647.79 ,2621.86 ,2633.35 ,2631.44 ,4214844100,4214844100,46524.08,74.47,80.97,13.2616,2646.908,2607.853,2523.772333,76668.2357,-60.65,56.007,-0.51,2680.48,2447.3,2614,82.409977,0.157080321,-0.000302945,0.376683729,-0.852100656
2012-03-02,2637.96 ,2679.93 ,2637.96 ,2679.93 ,2658.95 ,6412203400,6412203400,66981.59,80.3,80.75,14.568,2653.29,2622.137,2533.292333,72452.8306,-58.07,54.664,1,2696.7,2448.46,2628,87.07007815,0.164690141,0.017691947,0.271650622,-0.968869989
2012-03-05,2687.74 ,2694.61 ,2660.96 ,2662.70 ,2676.50 ,7139545800,7139545800,74973.26,78.95,80.15,11.6031,2654.516,2634.336,2543.860667,66113.4413,-59.5,54.97265,0.31,2706.48,2454.52,2637,92.95377424,0.167802515,-0.006431502,0.084085502,-1.096942238
2012-03-06,2654.80 ,2657.96 ,2615.60 ,2621.05 ,2637.35 ,6244714800,6244714800,68852.56,62.41,74.24,2.9732,2646.234,2640.196,2549.209,64441.3422,-66.95,54.7241,-0.95,2701.68,2475.62,2695,92.94688553,0.163026789,-0.015640527,0.249703558,-1.698030433
2012-03-07,2596.48 ,2628.59 ,2594.13 ,2603.01 ,2605.55 ,5694873300,5694873300,63243.29,44.55,64.34,-5.7484,2640.008,2640.749,2555.236333,64114.9566,-64.19,51.82375,-1.4,2701.9,2482.88,2693,91.98824125,0.137269934,-0.006885403,0.126240869,-1.63719613
2012-03-08,2612.40 ,2645.95 ,2612.40 ,2635.79 ,2626.64 ,5754941300,5754941300,64458.85,43.52,57.4,-7.5707,2640.496,2643.702,2560.817667,67701.9109,-57.21,49.6637,-0.18,2704.63,2490.81,2689,92.49717919,0.142663319,0.012595443,-0.069957133,-1.6021781
2012-03-09,2644.10 ,2664.41 ,2631.41 ,2664.30 ,2651.06 ,5525892100,5525892100,65963.44,52.29,55.7,-5.5009,2637.37,2645.33,2566.158,67498.281,-52.7,49.91945,1.02,2710.64,2497.87,2685,94.48837023,0.145945959,0.010816867,-0.265607375,-1.502209973
2012-03-12,2663.24 ,2666.43 ,2636.42 ,2654.40 ,2655.12 ,6232721600,6232721600,74367.7,54.86,55.42,-5.99,2635.71,2645.113,2572.614,67377.1691,-47,48.8137,0.71,2713.28,2507.47,2682,96.37870172,0.147231888,-0.003715795,-0.475771732,-1.26571004
2012-03-13,2653.68 ,2681.33 ,2649.17 ,2681.07 ,2666.31 ,5840446900,5840446900,66429.76,65.41,58.75,-3.3761,2647.714,2646.974,2579.841,66892.6104,-52.33,49.2113,1.26,2716.99,2519.65,2612,98.13306663,0.147653019,0.010047838,-0.574647266,-1.042196106
2012-03-14,2694.48 ,2705.75 ,2595.34 ,2605.11 ,2650.17 ,10842654000,10842654000,117080.41,46.89,54.79,-12.0458,2648.134,2644.071,2585.711667,77660.0336,-69.29,51.9552,-1.62,2714.62,2527.58,2706,96.6780133,0.182673626,-0.028334551,-0.68869627,-0.608593756
2012-03-15,2602.66 ,2618.25 ,2575.44 ,2585.55 ,2595.48 ,7256596000,7256596000,77042.77,33.84,47.81,-20.1073,2638.086,2639.291,2589.022,80176.8166,-65.45,51.69315,-1.99,2709.97,2537.18,2704,94.26711264,0.183867763,-0.007508332,-0.651296133,-0.409511192
2012-03-16,2591.80 ,2624.32 ,2577.25 ,2623.52 ,2604.22 ,5809125900,5809125900,67451.82,34.86,43.49,-19.9763,2629.93,2633.65,2592.936333,80474.4928,-56.08,52.172,-0.24,2704.12,2551.66,2698,93.694457,0.190073724,0.014687033,-0.644687084,-0.035016281
2012-03-19,2617.66 ,2631.05 ,2598.63 ,2630.01 ,2619.34 ,5764662500,5764662500,68803.94,37.2,41.4,-18.6897,2625.052,2630.381,2597.126,79361.74,-51.99,52.2675,0.19,2696.61,2568.11,2693,92.38773415,0.1900918,0.002474919,-0.374299106,-0.41614844
2012-03-20,2622.66 ,2622.66 ,2584.02 ,2584.45 ,2603.45 ,5811406500,5811406500,64263.82,27.1,36.63,-23.347,2605.728,2626.721,2601.342667,78928.5505,-64.95,52.09315,-0.82,2693.27,2573.65,2689,87.11679745,0.199915252,-0.01732615,-0.080197279,-1.058042672
2012-03-21,2597.38 ,2613.27 ,2569.07 ,2587.79 ,2591.88 ,5800254400,5800254400,66674.92,22.64,31.97,-25.1912,2602.264,2625.199,2603.327667,68847.4528,-67.01,50.399,-0.56,2694.15,2571.8,2684,81.83780757,0.193864133,0.001295443,-0.121541917,-1.063665999
2012-03-22,2586.94 ,2599.24 ,2570.45 ,2583.75 ,2585.10 ,4492677700,4492677700,50115.51,18.67,27.53,-26.06,2601.904,2619.995,2605.145,63462.0007,-65.25,49.19775,-0.7,2695.86,2567.84,2677,74.5324172,0.193453091,-0.001563495,-0.167597911,-1.143675761
2012-03-23,2575.33 ,2578.82 ,2544.53 ,2552.94 ,2562.91 ,4332925600,4332925600,47812.44,14.19,23.09,-29.6293,2587.788,2608.859,2605.789,59534.1249,-72.46,48.0378,-1.35,2699.61,2554.58,2671,65.62414634,0.187467669,-0.011923381,-0.28361963,-0.792431305
2012-03-26,2551.43 ,2562.93 ,2540.70 ,2555.44 ,2552.63 ,3181621100,3181621100,36356.13,12.43,19.53,-30.3851,2572.874,2598.963,2606.571,53044.564,-64.56,44.5961,-0.68,2699.81,2544.27,2661,56.99188902,0.186832935,0.000980047,-0.185204672,-0.91305986
2012-03-27,2565.55 ,2571.90 ,2544.37 ,2547.14 ,2557.24 ,3594460400,3594460400,47394.46,10.67,16.58,-30.647,2565.412,2585.57,2607.405333,49670.6916,-69.86,44.63755,-0.71,2698.4,2534.14,2649,49.79229457,0.186227161,-0.003247579,-0.096533592,-0.926129925
2012-03-28,2538.46 ,2540.42 ,2471.03 ,2474.90 ,2506.20 ,5000579000,5000579000,54993.64,7.92,13.69,-38.6767,2542.834,2572.549,2604.915,47334.4357,-70.9,46.36355,-2.67,2711.36,2505.26,2638,39.38042984,0.207039225,-0.028362365,-0.739885445,0.84612872
2012-03-29,2463.69 ,2476.48 ,2429.73 ,2443.12 ,2453.26 ,4613130400,4613130400,48651.6,7.49,11.63,-45.902,2514.708,2558.306,2601.816667,47041.6537,-72.88,47.4045,-2.85,2724.7,2472.9,2618,25.57080835,0.209594166,-0.012840115,-0.958424174,0.948276914
2012-03-30,2447.94 ,2461.98 ,2438.49 ,2454.90 ,2450.83 ,3702708600,3702708600,39139.74,9.35,10.87,-46.5799,2495.1,2541.444,2599.077,45307.1121,-51.1,46.11295,-1.61,2722.79,2452.3,2592,13.90231793,0.196936695,0.004820472,-0.877668237,0.211617528
2012-04-05,2449.21 ,2517.39 ,2441.27 ,2512.83 ,2480.18 ,5433168700,5433168700,58049.69,21.32,14.35,-37.1219,2486.578,2529.726,2598.147667,49645.8235,-51.17,47.2253,1.06,2714.37,2445.74,2569,7.796202034,0.219826098,0.023598934,-0.68490777,-0.166591485
2012-04-06,2509.45 ,2525.53 ,2502.70 ,2519.83 ,2514.38 ,4236857600,4236857600,47207.8,31.93,20.21,-28.2227,2481.116,2523.264,2596.727,49608.4916,-51.77,49.3204,1.56,2710.43,2439.56,2549,3.247641932,0.215236836,0.002784906,-0.472567756,-0.461752998
2012-04-09,2510.53 ,2518.38 ,2491.59 ,2495.15 ,2503.91 ,3537098600,3537098600,38180.75,35.91,25.45,-24.1192,2485.166,2514,2593.316,46245.9137,-57.65,48.93685,0.4,2708.87,2430.33,2533,-3.946990165,0.216379372,-0.009795899,-0.267832847,-0.816234028
2012-04-10,2490.28 ,2519.81 ,2459.35 ,2519.79 ,2497.31 ,4133590500,4133590500,44064.83,45.06,31.98,-16.887,2500.5,2507.604,2590.433667,45328.5613,-49.21,49.3688,0.77,2701.11,2426.48,2441,-10.97534066,0.214166561,0.009875975,-0.071887276,-0.788783773
2012-04-11,2494.52 ,2541.13 ,2489.32 ,2520.04 ,2511.25 ,4251031000,4251031000,43627.98,51.21,38.39,-11.1472,2513.528,2504.314,2586.167667,46226.2111,-54.16,50.85715,0.26,2686.64,2426.54,2443,-17.14487362,0.208855153,0.000098421,0.053002104,-0.590703066
2012-04-12,2522.83 ,2570.84 ,2516.57 ,2570.44 ,2545.17 ,5648840900,5648840900,59536.95,67.38,48.06,-0.2175,2525.05,2505.814,2583.296667,46523.6631,-49.56,53.1817,1.8,2674.31,2430.47,2447,-21.81947994,0.223623656,0.019999714,0.053370473,-0.221811646
2012-04-13,2575.05 ,2593.79 ,2570.04 ,2580.45 ,2579.83 ,5309264300,5309264300,61892.98,75.54,57.22,8.2375,2537.174,2509.145,2580.563,49460.6996,-55.75,54.79715,1.71,2654.31,2440.41,2454,-21.96110595,0.220448134,0.003897393,-0.412872469,-0.618272693
2012-04-16,2564.23 ,2586.20 ,2559.78 ,2574.04 ,2571.06 ,4083970000,4083970000,42650.76,79.46,64.63,12.5836,2552.952,2519.059,2578.559667,50354.7005,-48.96,50.5974,0.83,2650.09,2441.52,2465,-21.43815065,0.196459397,-0.002484059,-0.417588271,-0.480908471
2012-04-17,2572.36 ,2578.76 ,2541.54 ,2541.88 ,2558.64 ,3781546700,3781546700,38328.42,74.96,68.07,10.8113,2557.37,2528.935,2575.510667,49207.4171,-56.32,50.3179,-0.61,2646.22,2441.02,2476,-24.44809312,0.19960623,-0.012494347,-0.323817732,-0.383578106
2012-04-18,2550.91 ,2602.11 ,2546.00 ,2599.91 ,2574.73 ,5868840800,5868840800,59361.01,82.79,72.98,16.7837,2573.344,2543.436,2572.843333,52354.0215,-47.29,50.9025,1.03,2641.65,2443.23,2485,-24.73093846,0.209566581,0.022827565,-0.43765561,-0.3531123
2012-04-19,2598.33 ,2606.86 ,2585.30 ,2596.06 ,2596.64 ,4644810900,4644810900,55512.93,86.09,77.35,19.3609,2578.468,2551.759,2570.622,51549.2177,-53.14,51.2557,0.68,2634.67,2446.82,2497,-22.91384154,0.209304754,-0.001481591,-0.687418464,-0.456856623
2012-04-20,2591.51 ,2627.38 ,2589.35 ,2626.84 ,2608.77 ,6144637900,6144637900,63829.91,90.62,81.77,24.0509,2587.746,2562.46,2570.815,51936.6038,-48.16,51.4276,1.51,2642.67,2443.05,2510,-19.81584946,0.203804422,0.011857603,-0.45355637,-0.443889601
2012-04-23,2624.75 ,2632.09 ,2599.11 ,2606.04 ,2615.50 ,5866493800,5866493800,62073.95,87.66,83.74,23.1811,2594.146,2573.549,2570.916,55821.2424,-86.16,51.35495,0.46,2645.63,2441.92,2526,-17.71050699,0.206143481,-0.007918643,-0.415054153,-0.523308685
2012-04-24,2594.80 ,2640.30 ,2559.46 ,2604.87 ,2599.86 ,7113955800,7113955800,73150.51,82.23,83.23,21.3247,2606.744,2582.057,2569.885333,62785.6618,-76.13,53.88805,-0.07,2648.84,2440.82,2543,-14.22868164,0.206044006,-0.000449725,-0.389175888,-0.618129245
2012-04-25,2598.23 ,2631.44 ,2593.33 ,2625.99 ,2612.25 ,6246805300,6246805300,63529.46,83.32,83.26,21.7436,2611.96,2592.652,2568.608333,63619.3524,-77.41,55.77175,0.54,2658.64,2438.32,2561,-9.989847556,0.202304566,0.008109438,-0.362060387,-0.794731014
2012-04-26,2632.72 ,2643.77 ,2617.09 ,2631.49 ,2631.27 ,5896566700,5896566700,64377.49,84.88,83.8,21.5235,2619.046,2598.757,2567.844667,65392.2634,-79.51,57.18215,0.48,2668.54,2436.03,2575,-5.273155178,0.20231163,0.002093306,-0.356244702,-0.94612078
2012-04-27,2630.55 ,2637.92 ,2623.60 ,2626.16 ,2629.56 ,4823358600,4823358600,53345.52,84.18,83.93,19.4831,2618.91,2603.328,2566.014333,63295.385,-79.84,56.66345,0.28,2677.03,2435.44,2589,2.553352581,0.201979026,-0.002025471,-0.428850454,-1.049969415
2012-05-02,2660.67 ,2697.95 ,2643.53 ,2683.49 ,2671.41 ,8014865400,8014865400,92366.09,86.28,84.71,24.3618,2634.4,2614.273,2568.627,69353.8135,-67.51,56.91185,1.86,2693.75,2439.58,2600,14.44393495,0.179660663,0.021830378,-0.328240352,-0.49583939
2012-05-03,2679.52 ,2693.88 ,2675.81 ,2691.52 ,2685.18 ,5936109000,5936109000,72337.34,89.31,86.24,26.9737,2651.73,2629.237,2572.159333,69191.178,-63.28,57.0922,1.5,2703.86,2454.31,2619,25.5526882,0.168243139,0.002992748,-0.096789273,-0.450024807
2012-05-04,2689.62 ,2716.03 ,2677.14 ,2715.88 ,2699.67 ,6321808600,6321808600,73699.55,92.84,88.44,30.0507,2669.708,2640.834,2575.238,71225.1964,-66.72,57.49105,1.73,2716.82,2467.45,2635,34.42740379,0.168892101,0.009051026,0.274715469,-0.550878723
2012-05-07,2699.45 ,2717.78 ,2694.32 ,2717.78 ,2707.33 ,6854731400,6854731400,82715.67,95.23,90.7,30.3227,2686.966,2653.006,2578.163667,74892.8328,-66.82,55.57805,1.15,2733.16,2471.61,2651,42.6034336,0.15494379,0.000699221,0.230385604,-0.623349284
2012-05-08,2717.41 ,2717.83 ,2683.56 ,2709.12 ,2706.98 ,6311084000,6311084000,73744.5,94.98,92.13,27.4053,2703.558,2661.234,2582.319333,78972.6292,-58.28,53.07795,0.21,2744.85,2478.85,2665,51.17176192,0.156963848,-0.003187163,0.094920056,-0.739800436
2012-05-09,2685.19 ,2685.19 ,2655.32 ,2657.51 ,2670.80 ,5840028300,5840028300,69482.58,80.51,88.26,17.0975,2698.362,2666.381,2584.643333,74395.9265,-75.29,53.2319,-1.51,2742.37,2497.56,2718,55.49947383,0.170590049,-0.019047542,0.10656863,-0.78522983
2012-05-10,2657.87 ,2667.68 ,2649.38 ,2657.21 ,2658.04 ,4696257600,4696257600,54056.95,66.95,81.15,9.2079,2691.5,2671.615,2587.092,70739.85,-77.79,51.12345,-1.27,2740.7,2512.98,2717,59.58340014,0.169073431,-0.000112888,0.063032146,-0.697658178
2012-05-11,2652.31 ,2666.57 ,2636.52 ,2636.92 ,2648.08 ,4100614300,4100614300,49392.9,49.34,70.55,0.6751,2675.708,2672.708,2589.891333,65878.5194,-66.08,48.5367,-1.45,2734.86,2530.5,2714,59.92828013,0.172836602,-0.007638451,0.23883853,-0.780312123
2012-05-14,2653.81 ,2656.28 ,2613.35 ,2615.53 ,2634.74 ,5208248400,5208248400,60331.29,33.59,58.23,-7.9555,2655.258,2671.112,2591.894333,61401.6446,-57.47,46.6076,-1.5,2733.25,2536.62,2709,58.68586612,0.16344214,-0.008109091,0.23136357,-0.574460393
2012-05-15,2597.64 ,2618.18 ,2591.60 ,2617.37 ,2606.20 ,4576727100,4576727100,51374.76,29.2,48.55,-13.2119,2636.908,2670.233,2594.235333,56927.6974,-55.43,44.07545,-0.74,2732.13,2541.43,2702,57.91807282,0.163052098,0.000703489,0.208841173,-0.362236457
2012-05-16,2610.16 ,2612.63 ,2574.08 ,2574.65 ,2592.88 ,4328027400,4328027400,47863.54,19.6,38.9,-21.7351,2620.336,2659.349,2597.560333,52603.8889,-52.35,44.68175,-1.74,2732.08,2541.55,2691,56.66036918,0.173869927,-0.016324377,0.211094784,-0.36002752
2012-05-17,2577.96 ,2619.59 ,2571.20 ,2613.94 ,2595.67 ,4372838900,4372838900,49203.91,22.78,33.53,-21.3421,2611.682,2651.591,2603.254333,51633.2802,-42.46,45.2399,0.09,2725.46,2555.36,2677,54.52905072,0.175096796,0.015262286,0.654919305,-0.656182999
2012-05-18,2595.55 ,2603.19 ,2567.30 ,2573.98 ,2585.01 ,4342212400,4342212400,46907.51,16.67,27.91,-25.4478,2599.094,2637.401,2607.223667,51136.2029,-44.42,44.0058,-0.97,2727.49,2550.74,2662,50.69859818,0.165837924,-0.015289551,0.527851575,-0.678672033
2012-05-21,2572.37 ,2604.22 ,2563.97 ,2587.23 ,2581.95 ,3860209000,3860209000,44300.41,17.51,24.44,-25.3085,2593.434,2624.346,2609.703667,47930.0252,-36.77,42.9749,-0.24,2728.04,2549.31,2647,46.18326827,0.166978818,0.005149621,0.50423048,-0.710233473
2012-05-22,2598.17 ,2627.60 ,2597.60 ,2627.53 ,2612.73 ,4277352900,4277352900,49392.41,32.1,26.99,-19.0055,2595.466,2616.187,2613.293667,47533.5554,-24.47,44.05265,1.24,2728.06,2549.37,2632,44.94845486,0.170921786,0.01557418,0.502164529,-0.709862105
2012-05-23,2621.79 ,2635.78 ,2598.29 ,2616.87 ,2618.18 ,4371953100,4371953100,52563.4,38.59,30.86,-15.6306,2603.91,2612.123,2617.351,48473.5288,-13.53,43.82445,0.5,2727.89,2550.61,2636,43.30118212,0.169066931,-0.004055528,0.489943535,-0.666612445
2012-05-24,2613.09 ,2630.41 ,2588.21 ,2595.26 ,2606.74 ,4284406600,4284406600,50064.44,37.02,32.91,-15.6299,2600.174,2605.928,2619.866667,48645.6348,-28.74,41.89315,-0.19,2728.3,2549.25,2630,39.59962301,0.171741686,-0.008257578,0.482336347,-0.711567539
2012-05-25,2595.26 ,2602.17 ,2565.65 ,2573.10 ,2584.05 ,3927300400,3927300400,41420.08,28.92,31.58,-17.7788,2599.998,2599.546,2621.635333,47548.1488,-28.7,40.1206,-1.03,2730.25,2542.01,2618,34.70044186,0.171288071,-0.008537488,0.444859358,-0.85371872
2012-05-28,2562.60 ,2614.85 ,2545.34 ,2614.69 ,2584.37 ,5633927500,5633927500,58412.34,44.84,36,-12.9849,2605.49,2599.462,2623.110333,50370.5362,-15.51,41.0742,0.35,2729.88,2540.69,2545,32.39201977,0.181488656,0.016161809,0.49203071,-0.863404838
2012-05-29,2615.15 ,2658.26 ,2612.56 ,2650.85 ,2634.21 ,7213563700,7213563700,78681.51,61.04,44.35,-4.7544,2610.154,2602.81,2625.457,56228.3545,-18.95,45.6787,1.56,2731.26,2541.79,2547,29.14076878,0.188030361,0.013831473,0.405383243,-0.93658565
2012-05-30,2646.37 ,2655.16 ,2636.52 ,2642.26 ,2645.08 ,5185543600,5185543600,56976.28,69.3,52.67,-0.502,2615.232,2609.571,2627.731,57110.9289,-17.74,44.0911,1.03,2726.65,2542.27,2552,25.22073034,0.170906334,-0.003242729,0.527296074,-0.615123216
2012-05-31,2623.16 ,2645.59 ,2617.23 ,2632.04 ,2629.51 ,4410746900,4410746900,49875.04,71.8,59.04,0.8271,2622.588,2611.381,2630.736333,57073.0492,-26.56,42.9916,0.36,2719.68,2543.29,2556,19.76784382,0.170638305,-0.00386639,0.700784321,-0.054022952
2012-06-01,2633.60 ,2653.86 ,2623.29 ,2633.00 ,2635.94 ,4419105600,4419105600,53843.4,73.74,63.94,1.6793,2634.568,2617.283,2631.839333,59557.7137,-21.2,42.81195,-0.06,2706.13,2548.56,2560,14.54045163,0.166542903,0.000363216,0.760056023,0.715731311
2012-06-04,2598.73 ,2608.32 ,2558.92 ,2559.03 ,2581.25 ,5247850200,5247850200,60615.57,53.2,60.36,-7.3795,2623.436,2614.463,2630.605,59998.359,-11.17,43.24985,-2.46,2691.53,2547.28,2655,6.30892905,0.191663721,-0.028094211,0.416909783,0.642210625
2012-06-05,2565.19 ,2573.89 ,2548.76 ,2558.84 ,2561.67 ,3777991000,3777991000,43553.3,39.45,53.39,-12.7419,2605.034,2607.594,2628.338333,52972.7188,-20.16,42.79305,-1.77,2675.47,2548.31,2653,1.059882597,0.191944073,-7.19E-05,-0.30667112,-1.066731818
2012-06-06,2564.23 ,2573.74 ,2547.33 ,2557.40 ,2560.68 ,3385769400,3385769400,41316.91,29.86,45.55,-15.6367,2588.062,2601.647,2626.717,49840.8455,-20.6,42.62005,-1.18,2671.1,2542.67,2649,-3.983761533,0.181998148,-0.000563145,-0.227140742,-1.234609656
2012-06-07,2579.43 ,2584.04 ,2536.26 ,2542.18 ,2560.48 ,3484118600,3484118600,42053,21.53,37.54,-18.5563,2570.09,2596.339,2624.627333,48276.4372,-19.82,44.09435,-1.09,2666.96,2535.31,2643,-8.521223456,0.182413298,-0.005950182,-0.275636208,-1.258210796
2012-06-08,2558.84 ,2559.13 ,2520.41 ,2524.33 ,2540.68 ,4385642600,4385642600,47638.01,15.3,30.13,-21.6318,2548.356,2591.462,2621.238667,47035.3575,-20.27,44.52815,-0.94,2667.42,2523.59,2634,-12.65541228,0.182180689,-0.007023489,-0.312605198,-0.949700785
2012-06-11,2529.60 ,2565.43 ,2523.77 ,2558.27 ,2544.27 ,4009826000,4009826000,43449.66,19.56,26.61,-17.9843,2548.204,2585.82,2618.798,43602.1751,-25.93,44.6324,0.4,2665.75,2519.54,2623,-14.97809167,0.188715061,0.013443573,-0.10732402,-1.135429307
2012-06-12,2543.77 ,2553.92 ,2529.95 ,2540.18 ,2541.96 ,3793667600,3793667600,40259.91,17.98,23.73,-16.914,2544.472,2574.753,2615.932,42943.4967,-24.62,44.8106,-0.17,2664.49,2513.07,2613,-15.95263709,0.189750308,-0.007070026,0.07252895,-1.245692034
2012-06-13,2546.79 ,2581.11 ,2539.63 ,2580.64 ,2562.04 ,4501456800,4501456800,51291.27,27.03,24.83,-10.0035,2549.12,2568.591,2612.503667,44938.3689,-16.76,45.44165,1.24,2664.6,2513.56,2604,-16.82030523,0.190564106,0.01592723,0.049118374,-1.226444809
2012-06-14,2573.33 ,2584.71 ,2558.57 ,2560.42 ,2569.26 ,4024793400,4024793400,46331.82,33.19,27.62,-7.5169,2552.768,2561.429,2608.133667,45794.1334,-15.18,45.2761,0.3,2662.01,2510.8,2595,-16.65703997,0.183879635,-0.00783334,0.243217264,-1.182543099
2012-06-15,2565.19 ,2580.17 ,2538.57 ,2568.05 ,2563.00 ,4278607800,4278607800,48868.3,46.82,34.02,-4.3617,2561.512,2554.934,2603.206,46040.1928,-21.15,45.56155,0.26,2661.97,2510.25,2588,-16.78303797,0.176241117,0.00298115,0.26226965,-1.200828424
2012-06-18,2576.63 ,2593.22 ,2572.99 ,2581.21 ,2581.01 ,3569362800,3569362800,40852.45,59.05,42.36,-0.2371,2566.1,2557.152,2598.653667,45520.7513,-19.99,46.28155,0.59,2661.69,2509.92,2593,-18.25953607,0.176230958,0.005123724,0.288280974,-1.193600594
2012-06-19,2577.36 ,2577.36 ,2556.10 ,2558.62 ,2567.36 ,3270055300,3270055300,37020.04,56.86,47.2,-0.2834,2569.788,2557.13,2593.637,44872.7773,-29.38,44.16305,-0.43,2656.51,2508.21,2588,-20.25895927,0.168670997,-0.00875209,0.513348647,-0.896256801
2012-06-20,2563.64 ,2570.66 ,2549.44 ,2552.61 ,2559.09 ,2985063900,2985063900,33573.67,52.65,49.01,-0.8248,2564.182,2556.651,2590.140333,41329.2573,-30.79,43.31545,-0.45,2652.57,2505.73,2583,-21.37846131,0.168412067,-0.002348922,0.741648881,-0.557152909
2012-06-21,2547.05 ,2547.05 ,2502.42 ,2512.19 ,2527.18 ,3539673200,3539673200,38607.96,38.69,45.57,-6.0382,2554.536,2553.652,2585.306333,39784.4846,-34.61,43.43665,-1.66,2653.78,2496.21,2578,-23.35543824,0.1747534,-0.015837117,0.661771587,-0.436023829
2012-06-25,2501.16 ,2501.16 ,2455.01 ,2456.52 ,2478.46 ,4010673500,4010673500,42503.51,26.15,39.1,-15.8392,2532.23,2546.871,2579.293,38511.5255,-48.48,43.91825,-2.99,2664.13,2474.2,2569,-30.09621633,0.188413178,-0.022158798,-0.119213792,0.534215863
2012-06-26,2442.56 ,2465.12 ,2434.64 ,2454.92 ,2449.31 ,3173400800,3173400800,33896.51,21.7,33.3,-21.0646,2506.972,2536.536,2573.939333,37120.3378,-44.48,41.9666,-2.08,2666.35,2456.01,2553,-38.38835551,0.175741903,-0.00065255,-0.214950937,0.385281133
2012-06-27,2452.67 ,2470.76 ,2444.34 ,2447.20 ,2453.74 ,3000755300,3000755300,31437.6,17.11,27.9,-23.8812,2484.688,2527.238,2568.267,36003.849,-45.8,38.12675,-1.51,2659.01,2442.98,2534,-46.22208774,0.164051222,-0.003144712,-0.379586371,0.224367246
2012-06-28,2451.66 ,2459.19 ,2425.24 ,2425.73 ,2440.46 ,3054311300,3054311300,34418.79,11.5,22.43,-26.741,2459.312,2511.747,2563.303,36172.8737,-54.07,37.69425,-1.37,2652.96,2427.37,2518,-54.22663335,0.164900386,-0.008771675,-0.573690276,0.038404897
2012-06-29,2418.86 ,2462.82 ,2417.49 ,2461.61 ,2440.20 ,3799494100,3799494100,40976.54,16.04,20.3,-22.0971,2449.196,2501.866,2558.225333,36646.5896,-45.79,38.54255,0.51,2640.92,2422.38,2502,-60.08460168,0.178126839,0.014792667,-0.558655701,-0.377238996
2012-07-02,2473.55 ,2473.97 ,2452.99 ,2465.24 ,2466.44 ,4051007800,4051007800,45651.48,20.65,20.42,-17.0593,2450.94,2491.585,2554.600667,37276.1835,-42.36,39.5351,0.58,2625.28,2421.23,2485,-61.7697716,0.178476299,0.001473019,-0.720602364,-1.106421091
2012-07-03,2464.85 ,2490.55 ,2457.45 ,2468.72 ,2470.39 ,3869335400,3869335400,45004.65,24.91,21.92,-12.019,2453.7,2480.336,2550.650333,39497.8119,-44.48,38.94335,0.61,2622.09,2415.4,2491,-63.18733302,0.152079808,0.001412845,-0.489447725,-1.429549898
2012-07-04,2474.53 ,2481.34 ,2456.00 ,2464.92 ,2469.20 ,3445214200,3445214200,37837.66,28.81,24.21,-8.1431,2457.244,2470.966,2545.23,40777.8244,-51.08,38.95405,0.31,2618.25,2409.84,2481,-64.65206637,0.151948213,-0.001540069,-0.267255625,-1.627447962
2012-07-05,2450.30 ,2450.30 ,2420.00 ,2430.37 ,2437.74 ,3472614500,3472614500,35946.2,24.34,24.26,-9.1065,2458.172,2458.742,2539.013333,41083.3066,-58.63,39.14875,-1.13,2616.17,2399.22,2469,-67.01016305,0.157900957,-0.014016282,-0.089281128,-1.696385935
2012-07-06,2435.06 ,2477.23 ,2420.36 ,2472.61 ,2451.32 ,4961060500,4961060500,56601.78,41.37,29.96,-3.2307,2460.372,2454.784,2534.925,44208.3547,-53.99,39.6212,0.5,2612.5,2395.94,2420,-66.2454049,0.172074568,0.017381716,0.093681566,-1.686517335
2012-07-09,2455.89 ,2470.21 ,2414.95 ,2416.04 ,2439.27 ,4922330200,4922330200,54601.73,28.06,29.33,-5.9805,2450.532,2450.736,2529.689667,45998.4059,-59.76,40.44785,-1.41,2613.49,2384.12,2481,-70.04458465,0.187864333,-0.022881857,0.179405646,-1.654059954
2012-07-10,2411.00 ,2426.53 ,2402.37 ,2406.71 ,2411.65 ,3554998400,3554998400,38539.03,20.35,26.34,-7.9494,2438.13,2445.915,2522.757,44705.2802,-61.29,39.40475,-1.29,2609.35,2373.1,2480,-73.21595542,0.178684125,-0.003861697,0.312962492,-1.448576567
2012-07-11,2402.18 ,2427.80 ,2402.15 ,2425.57 ,2414.43 ,3762431200,3762431200,39851.89,22.4,25.02,-5.7094,2430.26,2443.752,2515.247667,45108.1267,-48.83,39.17975,-0.19,2604.73,2366.26,2477,-77.30835765,0.182013359,0.00783893,0.515222132,-1.283804322
2012-07-12,2420.04 ,2460.56 ,2404.58 ,2449.18 ,2433.59 ,5671769100,5671769100,65137.54,32.67,27.57,-0.3296,2434.022,2446.097,2508.811667,50946.3932,-40.62,39.5418,0.62,2590.31,2367.53,2472,-79.00493977,0.175106477,0.009733374,0.719547009,-0.875299302
2012-07-13,2441.01 ,2467.99 ,2438.98 ,2450.63 ,2449.65 ,3672525600,3672525600,42013.58,40.06,31.73,3.9086,2429.626,2444.999,2502.764667,48028.7536,-52.77,40.45825,0.86,2578.55,2368.31,2468,-80.92574278,0.174314846,0.000592851,0.97838464,-0.177635188
2012-07-16,2452.59 ,2452.59 ,2399.61 ,2399.73 ,2426.13 ,4277187000,4277187000,45844.88,26.75,30.07,0.5184,2426.364,2438.448,2494.989,46277.3835,-65.07,41.0276,-1.1,2565.07,2364.96,2464,-85.95350564,0.18530374,-0.02077096,1.118364894,0.667994365
2012-07-17,2391.90 ,2421.93 ,2391.28 ,2414.20 ,2404.83 ,3342432900,3342432900,38285.44,26.72,28.96,0.8669,2427.862,2432.996,2490.161333,46226.6668,-55.2,39.8277,-0.56,2542.8,2370.53,2459,-88.87683036,0.185878684,0.006029843,1.163358281,1.236958084
2012-07-18,2412.06 ,2420.78 ,2373.65 ,2414.34 ,2405.21 ,4175178800,4175178800,44325.49,30.91,29.61,1.7096,2425.616,2427.938,2485.344667,47121.3869,-55.46,41.1213,-0.46,2522.86,2376.04,2452,-91.34678884,0.18509169,5.55E-05,1.200279949,2.186275172
2012-07-19,2407.44 ,2444.06 ,2401.29 ,2424.32 ,2419.28 ,4694905200,4694905200,47704.04,38.1,32.44,4.0698,2420.644,2427.333,2480.908667,43634.6873,-49.48,43.58055,0.15,2498.79,2387.29,2444,-91.1725994,0.186768819,0.004136543,0.514559324,0.314088309
2012-07-20,2415.71 ,2423.80 ,2392.18 ,2398.46 ,2407.54 ,3761975400,3761975400,36683.62,34.17,33.01,2.6738,2410.21,2419.918,2476.118,42568.6958,-61.14,42.93025,-0.49,2486.17,2388.53,2436,-89.51711943,0.182671043,-0.010669787,-0.127941726,-1.433754038
2012-07-23,2379.89 ,2379.89 ,2357.51 ,2365.43 ,2370.68 ,3239036900,3239036900,33178.93,25.17,30.4,-1.9246,2403.35,2414.857,2470.821333,40035.5051,-78.17,41.7414,-1.58,2490.31,2375.28,2428,-89.51546346,0.172438705,-0.013768864,-0.47775876,-0.215589336
2012-07-24,2353.22 ,2392.35 ,2352.80 ,2375.99 ,2368.59 ,3031007900,3031007900,31149.11,23.49,28.1,-2.7212,2395.708,2411.785,2464.745333,38608.238,-74.41,42.1949,-0.82,2490.64,2367.06,2418,-88.59984028,0.17387158,0.004464726,-0.34186635,-0.589367479
2012-07-25,2368.38 ,2381.04 ,2357.47 ,2360.08 ,2366.74 ,2489650100,2489650100,25730.6,17.77,24.65,-4.4655,2384.856,2405.236,2458.742,34889.2591,-85.32,41.8008,-1.04,2492.78,2356.2,2408,-87.45214827,0.17474345,-0.00669573,-0.312455918,-0.710212548
2012-07-26,2360.13 ,2374.87 ,2344.70 ,2347.49 ,2356.80 ,3131409400,3131409400,31326.4,12.71,20.67,-6.2783,2369.49,2395.067,2450.970333,31613.7303,-85.71,41.6123,-0.93,2497.05,2344.12,2399,-88.78574086,0.173331711,-0.005336677,-0.358046612,-0.818246112
2012-07-27,2353.94 ,2364.98 ,2341.29 ,2349.11 ,2352.33 ,3109052500,3109052500,33048.18,11.01,17.45,-6.211,2359.62,2384.915,2443.926667,30886.6419,-94.89,40.5304,-0.45,2495.17,2334.74,2389,-90.15295381,0.162640228,0.000690099,-0.232923551,-0.96728051
2012-07-30,2350.78 ,2367.03 ,2334.00 ,2335.79 ,2346.90 ,3048485100,3048485100,29907.97,7.88,14.26,-6.8616,2353.692,2378.521,2436.184667,30232.4507,-100.01,39.3579,-0.76,2492.42,2324.55,2380,-92.29170612,0.162399737,-0.005668109,-0.177984154,-0.96050095
2012-07-31,2336.88 ,2350.07 ,2329.51 ,2332.92 ,2337.35 ,3209972300,3209972300,31196.33,6.25,11.59,-6.5786,2345.078,2370.393,2427.908333,30241.896,-101.08,38.50815,-0.52,2487.07,2316.31,2371,-94.27697082,0.161782843,-0.001229133,-0.122828446,-1.01333226
2012-08-01,2332.13 ,2371.12 ,2331.95 ,2358.65 ,2348.46 ,3142084800,3142084800,31277.76,14.47,12.55,-2.06,2344.792,2364.824,2421.242667,31351.3292,-82.55,39.32195,0.59,2478.35,2314.41,2371,-93.14907227,0.169034722,0.011028659,0.01348626,-1.017672287
2012-08-02,2354.07 ,2358.56 ,2325.61 ,2334.88 ,2343.28 ,3151615900,3151615900,29751.17,14.27,13.12,-1.4366,2342.27,2355.88,2413.985,31036.2836,-88.72,39.45455,-0.32,2476.32,2306.89,2363,-95.37821866,0.165871107,-0.010077371,0.180410467,-1.041929206
2012-08-03,2340.25 ,2354.16 ,2329.93 ,2353.74 ,2344.52 ,2976978500,2976978500,31106.95,23.57,16.6,2.157,2343.196,2351.408,2408.703333,30648.0366,-86.26,38.02045,0.45,2462.79,2308.54,2355,-93.72425773,0.154557794,0.008075355,0.15965108,-1.318495551
2012-08-06,2350.12 ,2388.36 ,2348.12 ,2385.61 ,2368.05 ,4182066500,4182066500,43686.69,47.58,26.93,9.0795,2353.16,2353.426,2406.339667,33403.7794,-72.39,38.1793,1.38,2459.93,2308.35,2326,-90.09279484,0.143821506,0.01354187,0.272006911,-1.147124703
2012-08-07,2383.26 ,2390.78 ,2379.45 ,2388.87 ,2385.59 ,3828548900,3828548900,40403.71,64.08,39.31,14.0532,2364.35,2354.714,2404.138,35245.2552,-76.33,39.10455,1.04,2458.34,2308.16,2327,-87.4231051,0.1434596,0.001367365,0.346302475,-1.029902565
2012-08-08,2390.96 ,2405.18 ,2382.82 ,2389.80 ,2392.19 ,3781045100,3781045100,41340.86,69.61,49.41,17.2154,2370.58,2357.686,2402.224667,37257.8748,-76.2,39.10905,0.81,2453.96,2308.96,2329,-86.02124984,0.140229159,0.000385956,0.456599997,-0.695272686
2012-08-09,2388.43 ,2412.14 ,2378.85 ,2411.70 ,2397.78 ,3565895100,3565895100,43256.1,79.57,59.46,21.7136,2385.944,2364.107,2401.757,39958.8608,-76.5,37.8532,1.08,2446.44,2312.74,2334,-83.66683735,0.139687929,0.009166058,0.326570554,-0.708473668
2012-08-10,2409.94 ,2413.42 ,2395.91 ,2399.75 ,2404.76 ,3470299500,3470299500,40699.22,81.19,66.71,22.4435,2395.146,2369.171,2399.695,41877.3159,-85.65,36.41135,0.19,2435.91,2318.18,2340,-79.48249548,0.140360426,-0.004954596,-0.036534925,-1.343994899
2012-08-13,2394.50 ,2394.50 ,2350.81 ,2351.93 ,2372.94 ,4478354600,4478354600,46249.68,64.12,65.84,16.1437,2388.41,2370.785,2395.918,42389.9139,-89.27,35.9469,-1.53,2433.52,2315.79,2348,-78.62187071,0.138761481,-0.019927067,0.17166518,-1.317140857
2012-08-14,2352.66 ,2357.85 ,2324.91 ,2357.02 ,2348.11 ,3985006600,3985006600,42404.69,54.84,62.18,12.4846,2382.04,2373.195,2392.194667,42790.1091,-75.58,36.06155,-1.05,2428.07,2315.52,2325,-77.55672718,0.136837996,0.002162053,0.359647223,-1.05433891
2012-08-15,2350.02 ,2350.02 ,2330.15 ,2331.61 ,2340.45 ,3058017600,3058017600,30332.56,39.08,54.48,6.751,2370.402,2370.491,2387.751,40588.4476,-83.79,34.9608,-1.64,2422.92,2312.4,2413,-78.31424082,0.140914177,-0.010776762,0.489448674,-0.772924345
2012-08-16,2327.91 ,2335.40 ,2317.06 ,2319.67 ,2325.01 ,2590290500,2590290500,27076,26.96,45.3,1.7216,2351.996,2368.97,2384.061,37352.4289,-93.53,32.3571,-1.37,2414.84,2310.01,2412,-78.33777878,0.139625938,-0.005123059,0.29827741,-0.924407238
2012-08-17,2318.43 ,2322.89 ,2295.16 ,2313.48 ,2312.49 ,2606571700,2606571700,28629.97,23.14,37.91,-1.8727,2334.742,2364.944,2378.756667,34938.5778,-89.12,32.1623,-0.91,2412.05,2304.3,2408,-77.01863984,0.135986539,-0.002670207,0.314207963,-0.600836437
2012-08-20,2294.90 ,2307.41 ,2279.95 ,2301.79 ,2296.01 ,2740203300,2740203300,27174.82,20.88,32.24,-5.0769,2324.714,2356.562,2374.948333,31123.6059,-86.61,32.4164,-0.99,2414.31,2295.68,2401,-76.87790784,0.129045492,-0.005052138,0.191716536,-0.588765083
2012-08-21,2301.93 ,2327.38 ,2296.55 ,2313.70 ,2309.89 ,3489510000,3489510000,34757.87,22.35,28.94,-4.8449,2316.05,2349.045,2371.848,29594.2423,-84.1,32.81035,-0.1,2413.06,2290.7,2391,-75.35301245,0.129492767,0.005176411,0.352549503,-0.617617021
2012-08-22,2315.14 ,2317.37 ,2285.76 ,2295.59 ,2303.47 ,3170841200,3170841200,31547.52,18.8,25.56,-6.2918,2308.846,2339.624,2367.515333,29837.2351,-89.61,32.97925,-0.57,2414.63,2282.68,2382,-74.18046183,0.130185398,-0.007830305,0.316606953,-0.691691479
2012-08-23,2298.18 ,2311.65 ,2285.37 ,2302.20 ,2299.35 ,3133534200,3133534200,33789.6,19.01,23.38,-5.5457,2305.352,2328.674,2362.616,31179.9552,-97,32.7846,-0.14,2415.56,2277.22,2374,-72.81688874,0.130137243,0.002880746,0.351530058,-0.869634782
2012-08-24,2295.68 ,2299.30 ,2274.57 ,2275.68 ,2286.31 ,3186959100,3186959100,32986.34,13.12,19.96,-7.6801,2297.792,2316.267,2356.784333,32051.2292,-95.32,32.83665,-0.96,2418.74,2266.7,2367,-72.1818443,0.135251482,-0.01152029,0.211319055,-0.820116512
2012-08-27,2268.49 ,2268.49 ,2228.15 ,2228.20 ,2248.33 ,3738619100,3738619100,35384.16,8.76,16.23,-14.1658,2283.074,2303.894,2351.066667,33693.097,-97.6,33.20185,-2.4,2429.04,2245.64,2358,-73.80865209,0.15150346,-0.020861045,-0.397605499,0.212711218
2012-08-28,2226.90 ,2250.60 ,2222.00 ,2238.41 ,2234.48 ,3377361500,3377361500,30331.08,10.66,14.37,-15.6432,2268.016,2292.033,2345.207,32807.7384,-83.39,33.6035,-1.31,2434.45,2230.78,2342,-76.13021948,0.153462487,0.004580819,-0.408848165,-0.301942636
2012-08-29,2230.20 ,2240.11 ,2214.43 ,2214.81 ,2224.89 ,2901064800,2901064800,27396.19,7.22,11.99,-18.1838,2251.86,2280.353,2338.556,31977.4719,-88.19,32.8068,-1.65,2439.14,2211.7,2325,-78.32710851,0.148166895,-0.010541853,-0.395316087,-0.508554194
2012-08-30,2204.52 ,2223.20 ,2188.72 ,2211.37 ,2206.95 ,3549131000,3549131000,33867.21,10.26,11.41,-18.6431,2233.694,2269.523,2331.457667,31992.9923,-82.43,32.8828,-1,2443.71,2194.78,2307,-81.52910308,0.145916373,-0.001554984,-0.329792602,-0.855149284
2012-08-31,2205.57 ,2218.87 ,2203.12 ,2204.87 ,2208.11 ,2596498600,2596498600,23340.89,10.72,11.18,-18.1217,2219.532,2258.662,2325.004667,30063.9032,-83.13,32.9625,-0.66,2445.07,2178.53,2286,-86.48979793,0.140273046,-0.002940259,-0.198502673,-1.088151679
2012-09-03,2201.12 ,2236.56 ,2197.71 ,2228.37 ,2215.94 ,3854859200,3854859200,35299.18,17.42,13.26,-13.1427,2219.566,2251.32,2320.436,30046.9074,-78.03,31.9838,0.4,2437.43,2170.45,2269,-90.19050803,0.136071603,0.010658688,0.003718348,-1.148201784
2012-09-04,2231.72 ,2234.88 ,2199.51 ,2204.41 ,2217.63 ,3485268800,3485268800,33220.2,15.87,14.13,-11.6584,2212.766,2240.391,2314.716667,30624.7329,-77.99,31.709,-0.38,2428.99,2160.45,2254,-94.95038263,0.137263781,-0.010753156,0.155648686,-1.089583187
2012-09-05,2199.74 ,2209.54 ,2186.96 ,2199.88 ,2199.03 ,3475182400,3475182400,30445.17,14.41,14.22,-9.9357,2209.78,2230.82,2309.376667,31234.5292,-81.72,31.55115,-0.45,2418.03,2152.41,2242,-100.7941135,0.136495782,-0.002055882,0.298903476,-0.941120381
2012-09-06,2204.44 ,2218.68 ,2199.86 ,2217.82 ,2210.20 ,3169588400,3169588400,26873.32,22.23,16.89,-5.2634,2211.07,2222.382,2305.054333,29835.7511,-91.98,31.47265,0.31,2397.31,2153.74,2231,-104.8508078,0.13524881,0.008158645,0.319708719,-1.058869832
2012-09-07,2233.91 ,2341.52 ,2233.91 ,2317.18 ,2281.63 ,9452976400,9452976400,84302.25,42.9,25.56,11.4169,2233.532,2226.532,2303.99,42028.0228,-96.82,36.82745,3.75,2380.38,2162.42,2187,-101.3458674,0.217445562,0.044798886,0.032482729,-1.632695173
2012-09-10,2320.56 ,2334.50 ,2313.57 ,2326.67 ,2323.83 ,6533055400,6533055400,63252.04,58.73,36.62,23.2525,2253.192,2236.379,2303.686,47618.5951,-90.73,39.67185,3.26,2375.72,2164.55,2190,-97.79607406,0.207041378,0.004094203,-0.024998075,-1.687276728
2012-09-11,2316.53 ,2316.53 ,2294.82 ,2311.89 ,2309.94 ,4626071900,4626071900,43389.77,66.1,46.44,28.2804,2274.688,2243.727,2302.985,49652.5076,-94.91,39.1104,1.64,2367.4,2168.36,2193,-93.89252036,0.20777909,-0.006350718,-0.155307385,-1.880310969
2012-09-12,2325.93 ,2337.20 ,2298.30 ,2320.07 ,2320.38 ,4962251800,4962251800,46485.17,72.77,55.22,31.6438,2298.726,2254.253,2301.699,52860.5088,-89.33,39.9734,0.93,2365.39,2169.22,2196,-89.17784434,0.204968278,0.003538663,-0.180854575,-1.906291347
2012-09-13,2316.68 ,2325.53 ,2298.37 ,2298.46 ,2309.76 ,4204984900,4204984900,38024,72.56,61,29.9134,2314.854,2262.962,2300.485,55090.6453,-82.74,40.41845,-0.71,2362.39,2170.1,2199,-85.46970212,0.206842884,-0.00931437,-0.178183532,-1.882540506
2012-09-14,2324.01 ,2332.42 ,2298.83 ,2315.54 ,2317.70 ,6157181400,6157181400,55438.61,76.1,66.04,29.9508,2314.526,2274.029,2299.211667,49317.918,-96.86,40.7346,0.04,2362.71,2169.99,2202,-80.50851702,0.208498582,0.007431494,-0.176573121,-1.883176921
2012-09-17,2312.05 ,2314.99 ,2258.18 ,2258.71 ,2285.98 ,4898473400,4898473400,43753.17,66.21,66.09,21.5927,2300.934,2277.063,2294.981667,45418.1443,-87.29,42.20195,-1.84,2359.13,2169.25,2204,-79.23299117,0.226024115,-0.024545873,-0.057828294,-1.834163475
2012-09-18,2249.43 ,2253.14 ,2228.04 ,2235.24 ,2241.46 ,3322869600,3322869600,30171.5,52.47,61.55,12.6192,2285.604,2280.146,2289.860667,42774.4905,-75.16,41.0856,-2.2,2353.05,2167.48,2207,-78.28869161,0.227216378,-0.010389139,0.135340467,-1.755378151
2012-09-19,2237.22 ,2249.24 ,2229.49 ,2246.24 ,2240.55 ,3434970600,3434970600,32607.01,40.32,54.47,8.1012,2270.838,2284.782,2285.075333,39998.8578,-83.76,40.56475,-1.08,2349.25,2166.35,2210,-77.17240703,0.227163568,0.004919832,0.292804572,-1.6195301
2012-09-20,2236.19 ,2236.19 ,2194.22 ,2195.95 ,2215.64 ,4254577900,4254577900,38385.86,27.29,45.41,-1.2286,2250.336,2282.595,2277.883667,40071.2294,-80.05,41.34895,-2.42,2345.41,2159.57,2315,-77.30008668,0.239008258,-0.022386339,0.47299163,-1.412407187
2012-09-21,2190.33 ,2217.47 ,2186.53 ,2199.06 ,2198.35 ,3812059300,3812059300,34043.37,20.96,37.26,-6.2666,2227.04,2270.783,2271.194,35792.1805,-80.34,41.6595,-1.26,2343.84,2153.47,2313,-74.89213234,0.236798569,0.001417154,0.619456392,-1.304064981
2012-09-24,2183.97 ,2225.80 ,2172.88 ,2215.52 ,2199.54 ,3750168600,3750168600,33608.76,22.62,32.38,-6.6324,2218.402,2259.668,2266.647,33763.2988,-66.28,42.2891,-0.13,2343.95,2152.1,2308,-72.29227573,0.227314664,0.007481823,0.634560307,-1.318152349
2012-09-25,2209.98 ,2225.33 ,2202.38 ,2210.15 ,2211.96 ,2787701900,2787701900,26677.06,22.87,29.21,-6.8217,2213.384,2249.494,2261.751333,33064.4122,-68.85,43.4819,-0.15,2343.95,2149.27,2299,-68.91066194,0.22668786,-0.002420204,0.67692709,-1.328251558
2012-09-26,2208.91 ,2216.82 ,2181.08 ,2184.89 ,2197.93 ,2745462600,2745462600,24918.92,17.76,25.39,-9.4135,2201.114,2235.976,2256.860667,31526.7933,-73.31,43.9848,-0.74,2345.39,2144.84,2292,-66.78907884,0.227233337,-0.011430425,0.624569438,-1.336873551
2012-09-27,2186.00 ,2266.30 ,2185.77 ,2251.72 ,2222.45 ,5301690000,5301690000,48210.58,30.33,27.04,-1.6,2212.268,2231.302,2254.595667,33491.7376,-68.48,46.52195,1.78,2346.16,2148.1,2285,-61.1071749,0.252085248,0.030585508,0.53113965,-1.360389262
2012-09-28,2235.06 ,2297.03 ,2234.32 ,2293.11 ,2264.88 ,5787582500,5787582500,54431.47,52.5,35.53,9.0824,2231.078,2229.059,2253.916667,37569.3572,-91.09,50.5782,2.78,2350.51,2152.58,2181,-54.81496615,0.258897313,0.018381084,0.317507257,-1.544645408
2012-10-08,2291.96 ,2305.18 ,2258.11 ,2270.05 ,2281.33 ,3553442400,3553442400,33915.84,59.48,43.51,12.7562,2241.984,2230.193,2252.858667,37630.773,-70.15,52.1783,1.25,2352.29,2154.96,2183,-48.79186785,0.260161817,-0.010052741,0.188643425,-1.576477803
2012-10-09,2281.75 ,2327.73 ,2281.75 ,2320.16 ,2302.85 ,5254888700,5254888700,48330.2,71.36,52.79,21.1546,2263.986,2238.685,2253.074,41961.3993,-66.04,53.8008,2.48,2359.5,2159.34,2188,-40.33817445,0.266357135,0.022071281,-0.013478027,-1.629592789
2012-10-10,2314.59 ,2325.75 ,2304.61 ,2324.12 ,2317.27 ,4268623800,4268623800,37874,80.13,61.91,26.1353,2291.832,2246.473,2254.025,44552.4153,-63.88,54.8719,1.41,2365.57,2165.68,2197,-33.00656573,0.265826426,0.001706781,-0.20430122,-1.563751154
2012-10-11,2315.90 ,2321.35 ,2300.93 ,2302.53 ,2310.18 ,4130065500,4130065500,36172.96,81.33,68.38,25.3923,2301.994,2257.131,2254.036,42144.8924,-77.07,54.3069,0.02,2368.45,2171.28,2205,-32.08853745,0.268351493,-0.009286968,-0.422148664,-1.375361317
2012-10-12,2311.28 ,2332.15 ,2287.01 ,2304.53 ,2308.74 ,3687414500,3687414500,33205.9,81.46,72.74,24.0536,2304.278,2267.678,2254.997667,37899.78,-67.67,49.48065,0.01,2366.69,2171.77,2212,-31.59086057,0.217856483,0.00086774,-0.426116187,-1.348389299
2012-10-15,2306.01 ,2307.88 ,2278.46 ,2294.86 ,2296.80 ,2865174600,2865174600,28569.02,79.41,74.96,20.8675,2309.24,2275.612,2257.219667,36830.4163,-70.74,45.9227,-0.62,2362.15,2173.13,2222,-30.86296754,0.217644053,-0.004197817,-0.450771461,-1.297185497
2012-10-16,2293.24 ,2315.45 ,2287.59 ,2298.16 ,2298.61 ,3205967900,3205967900,32705.14,78.53,76.15,18.2983,2304.84,2284.413,2259.211333,33705.4051,-68.84,46.6869,-0.29,2360.3,2173.61,2230,-30.41526917,0.216703037,0.001440177,-0.452256483,-1.263353802
2012-10-17,2307.36 ,2312.17 ,2280.82 ,2300.80 ,2300.29 ,3334940900,3334940900,31270.9,75.01,75.77,16.1246,2300.176,2296.004,2262.077667,32384.7857,-75,46.13585,0.03,2357.41,2174.57,2239,-28.77740571,0.216309049,0.001149179,-0.479277838,-1.228533274
2012-10-18,2307.49 ,2341.12 ,2305.88 ,2336.08 ,2322.64 ,5061510000,5061510000,45050.29,81.31,77.62,18.4419,2306.886,2304.44,2266.234667,34160.2515,-69.12,47.7891,1.27,2363.55,2172.19,2246,-26.31178542,0.220385544,0.015331169,-0.383557046,-1.234235501
2012-10-19,2335.11 ,2342.53 ,2328.73 ,2332.47 ,2334.71 ,3592773200,3592773200,33173.03,82.31,79.18,18.4469,2312.474,2308.376,2270.488,34153.6771,-67.93,47.9188,0.86,2366.45,2170.99,2256,-21.30794615,0.219120851,-0.001544042,-0.336817364,-1.240346404
2012-10-22,2320.47 ,2347.90 ,2315.90 ,2341.59 ,2331.47 ,3436828600,3436828600,32815.27,85.18,81.18,18.585,2321.82,2315.53,2274.262,35002.9274,-95.81,46.67845,0.85,2375.7,2170.02,2266,-14.92489884,0.197985236,0.003910876,-0.391439874,-1.270528411
2012-10-23,2340.89 ,2344.04 ,2309.25 ,2312.08 ,2326.57 ,3722127200,3722127200,33716.88,72.92,78.43,13.8265,2324.604,2314.722,2277.851,35205.2746,-97.32,47.16295,-0.54,2379.37,2174.04,2277,-10.8866039,0.199973708,-0.012604672,-0.594342337,-1.07745574
2012-10-24,2303.40 ,2321.43 ,2302.17 ,2307.78 ,2308.70 ,3754244500,3754244500,30392.38,62.69,73.18,9.4344,2326,2313.088,2281.447667,35029.5704,-97.62,47.06595,-0.78,2382.29,2177.27,2287,-4.750873707,0.199972425,-0.001858935,-0.772119888,-0.862350399
2012-10-25,2306.73 ,2322.92 ,2288.60 ,2291.24 ,2302.37 ,4435153100,4435153100,33183.53,47.93,64.76,3.9185,2317.032,2311.959,2283.895,32656.2176,-96.56,46.68325,-1.11,2379.2,2189.89,2348,0.095469978,0.182110937,-0.007167064,-0.991504273,-0.159087916
2012-10-26,2291.31 ,2293.18 ,2237.06 ,2247.91 ,2267.37 ,4090051900,4090051900,34530.07,35.22,54.91,-5.4409,2300.12,2306.297,2281.586,32927.6247,-86.89,47.94195,-2.27,2374.62,2199.36,2347,1.710246479,0.197102465,-0.018912038,-1.035585714,0.31093224
2012-10-29,2241.80 ,2248.14 ,2227.65 ,2235.85 ,2238.36 ,2758132500,2758132500,25328.65,25.75,45.19,-12.7152,2278.972,2300.396,2278.558667,31430.3002,-90.15,46.3203,-1.89,2372.56,2203.44,2342,2.909734155,0.196876842,-0.005361877,-1.053821325,0.587178321
2012-10-30,2236.32 ,2257.95 ,2231.78 ,2239.88 ,2241.48 ,3408312500,3408312500,29516.63,20.56,36.98,-16.2185,2264.532,2294.568,2276.158333,30590.2506,-85.92,45.2128,-1.09,2369.19,2209.79,2335,5.513797447,0.196628011,0.001801549,-1.049811098,0.972114593
2012-10-31,2241.43 ,2256.09 ,2233.68 ,2254.82 ,2246.51 ,3716979500,3716979500,30634.36,21.24,31.73,-15.7453,2253.94,2289.97,2273.983333,30638.647,-74.98,44.6417,0.04,2358.18,2227.79,2329,5.393257575,0.192239041,0.006669101,-0.415262644,-0.903964412
2012-11-01,2256.61 ,2305.63 ,2256.41 ,2297.88 ,2279.13 ,5076172900,5076172900,45602.14,33.63,32.36,-9.1793,2255.268,2286.15,2273.964,33122.369,-84.92,43.97825,1.89,2357.54,2233.05,2323,5.362494696,0.173348552,0.019098642,-0.58827435,-0.420805161
2012-11-02,2297.90 ,2309.67 ,2284.72 ,2306.77 ,2299.77 ,3983328800,3983328800,34893.88,45.08,36.6,-3.4792,2267.04,2283.58,2273.671667,33195.1307,-85.43,41.0776,1.75,2358.42,2233.53,2317,6.930369961,0.161545877,0.003868777,-0.652725805,-0.392323159
2012-11-05,2302.74 ,2318.23 ,2290.14 ,2301.88 ,2303.25 ,3951037200,3951037200,33663.15,56.02,43.07,-0.3714,2280.246,2279.609,2275.110667,34862.0311,-82.12,39.21035,0.95,2358.84,2236.29,2318,5.670001463,0.15715543,-0.002121578,-0.828302659,0.008542575
2012-11-06,2301.98 ,2304.05 ,2260.51 ,2292.21 ,2289.69 ,3928062700,3928062700,34473.38,59.94,48.7,0.3393,2290.712,2277.622,2277.009667,35853.3818,-75.99,37.90655,0.07,2356.55,2235.8,2313,3.79095139,0.136539166,-0.004202652,-0.736320499,0.01638209
2012-11-07,2288.76 ,2300.89 ,2277.02 ,2287.51 ,2288.55 ,3306740300,3306740300,30278.45,61.99,53.13,0.144,2297.25,2275.595,2278.385333,35782.1996,-77.89,37.72605,-0.42,2353.35,2235.33,2310,2.850003821,0.136346949,-0.002050863,-0.632597999,0.07314988
2012-11-08,2269.58 ,2275.40 ,2245.40 ,2245.41 ,2258.95 ,3542647500,3542647500,30411.87,47.86,51.37,-5.3829,2286.756,2271.012,2280.034,32744.145,-72.59,38.2052,-1.81,2354.24,2228.73,2307,-0.24879637,0.147516283,-0.018404331,-0.444606262,-0.555729232
2012-11-09,2241.76 ,2252.20 ,2235.23 ,2240.92 ,2242.53 ,3050696800,3050696800,24374.28,35.43,46.06,-9.1492,2273.586,2270.313,2281.429333,30640.2254,-77.48,36.79645,-1.44,2354.62,2221.99,2302,-2.933006552,0.14731969,-0.001995631,-0.266897606,-0.960491778
2012-11-12,2242.96 ,2254.70 ,2232.74 ,2251.85 ,2245.56 ,3472168500,3472168500,29040.82,31.07,41.06,-9.6255,2263.58,2271.913,2282.640333,29715.7591,-69.75,36.42325,-0.52,2354.34,2217.97,2295,-5.102056224,0.148540124,0.004874775,-0.106926894,-1.203489286
2012-11-13,2250.84 ,2250.84 ,2208.72 ,2212.44 ,2230.71 ,3408370400,3408370400,28818.45,21.85,34.66,-14.418,2247.626,2269.169,2282.716667,28584.773,-70.76,36.6794,-1.57,2357.27,2206.47,2288,-9.265103413,0.159530568,-0.017500293,-0.137423567,-1.106127241
2012-11-14,2213.09 ,2225.12 ,2206.00 ,2223.11 ,2216.83 ,2675879000,2675879000,23592.32,19.65,29.65,-15.2397,2234.746,2265.998,2283.990667,27247.5478,-64.89,36.06805,-0.52,2357.19,2198.78,2277,-14.45019824,0.160982223,0.00482273,0.012103153,-1.267929505
2012-11-15,2210.75 ,2220.99 ,2193.52 ,2193.62 ,2204.72 ,2831915100,2831915100,23778.7,13.12,24.14,-18.6206,2224.388,2255.572,2282.054,25920.9138,-66.38,34.4265,-1.38,2353.61,2188.11,2265,-20.67003833,0.152862492,-0.013263851,-0.067181963,-0.967527543
2012-11-16,2189.51 ,2191.61 ,2162.98 ,2177.24 ,2180.34 ,3024778600,3024778600,26118.25,12.12,20.14,-21.7126,2211.652,2242.619,2278.191667,26269.7077,-69.76,34.02605,-1.56,2350.51,2175.69,2252,-27.85413641,0.153494328,-0.007468467,-0.197203389,-0.671592173
2012-11-19,2175.18 ,2176.49 ,2149.54 ,2174.99 ,2169.05 ,2697866600,2697866600,26737.22,13.68,17.99,-22.6085,2196.28,2229.93,2275.023,25808.9878,-59.41,33.77375,-0.97,2342.43,2167.11,2235,-33.31602959,0.151345013,-0.001035715,-0.364833974,-0.910368425
2012-11-20,2180.21 ,2184.33 ,2163.53 ,2164.88 ,2173.24 ,2394891600,2394891600,22999.2,13.19,16.39,-23.0326,2186.768,2217.197,2269.847,24645.1367,-71.72,33.77395,-1,2339.42,2155.4,2218,-38.79512811,0.147654945,-0.004645549,-0.326654654,-0.964456145
2012-11-21,2165.41 ,2195.46 ,2151.38 ,2194.90 ,2176.79 ,3050848200,3050848200,27121.95,23.17,18.65,-17.9642,2181.126,2207.936,2265.539667,25351.062,-50.7,35.01495,0.63,2332.02,2151.51,2204,-41.67252171,0.159600471,0.013864503,-0.159105592,-1.084048415
2012-11-22,2181.18 ,2185.58 ,2169.66 ,2177.55 ,2178.49 ,2291235100,2291235100,21536.15,24.32,20.54,-15.7242,2177.912,2201.15,2261.373667,24902.5536,-62.25,35.009,-0.02,2327.53,2144.63,2193,-43.10694562,0.159911362,-0.007904703,0.027608055,-1.138329058
2012-11-23,2184.41 ,2202.47 ,2179.73 ,2192.68 ,2189.82 ,2866749300,2866749300,26307.63,30.41,23.83,-11.1928,2181,2196.326,2257.645333,24940.4302,-56.52,33.8438,0.54,2326.58,2140.06,2151,-43.11049834,0.1505981,0.006948189,0.175560852,-1.243345216
2012-11-26,2187.24 ,2191.36 ,2172.10 ,2175.60 ,2181.58 ,2474269600,2474269600,22231.5,31.77,26.48,-9.5485,2181.122,2188.701,2253.67,24039.2855,-58.4,33.7821,-0.25,2327.05,2133.56,2152,-44.16912342,0.151732268,-0.0077882,0.265799997,-1.360268468
2012-11-27,2168.59 ,2173.46 ,2150.22 ,2150.64 ,2160.73 ,3194674600,3194674600,26149.74,21.69,24.88,-10.7839,2178.274,2182.521,2248.752667,24669.3933,-59.36,33.42895,-1.27,2328.76,2122.93,2202,-47.16976725,0.155384971,-0.011473162,0.293197088,-1.359522436
2012-11-28,2142.50 ,2144.80 ,2126.03 ,2129.16 ,2135.62 ,3000933900,3000933900,24423.32,15.83,21.86,-13.2908,2165.126,2173.126,2243.031333,24129.6677,-63.24,33.1516,-1.66,2330.09,2109.03,2201,-53.24742889,0.154305736,-0.009986339,0.295842601,-1.170121832
2012-11-29,2128.80 ,2140.88 ,2114.48 ,2115.68 ,2124.96 ,2967062500,2967062500,24016.26,11.01,18.24,-15.4118,2152.752,2165.332,2235.684667,24625.6883,-60.52,30.87435,-1.72,2323.8,2097.1,2198,-60.13995745,0.131350841,-0.006333481,0.300514864,-0.820225866
2012-11-30,2114.24 ,2142.86 ,2109.96 ,2139.66 ,2126.68 ,3640691100,3640691100,28552.07,18.04,18.18,-12.3634,2142.148,2161.574,2229.257667,25074.5755,-48.74,29.8563,-0.12,2310.06,2094.13,2193,-65.24390957,0.139701398,0.011336802,0.403959515,-0.643415106
2012-12-03,2136.70 ,2152.61 ,2108.15 ,2108.85 ,2126.58 ,4018676200,4018676200,34173.65,12.27,16.21,-13.1996,2128.798,2154.96,2221.499667,27463.0065,-62.95,30.40365,-0.94,2297.32,2087.57,2187,-71.14951409,0.144604539,-0.014399945,0.329743812,-0.492312636
2012-12-04,2104.93 ,2135.66 ,2102.14 ,2131.47 ,2118.55 ,3622591500,3622591500,31732.34,17.93,16.78,-9.5773,2124.964,2151.619,2215.479333,28579.5269,-52.33,29.90295,0.31,2281.43,2087.38,2179,-75.39363839,0.154166274,0.010727648,0.349270305,-0.433103158
2012-12-05,2128.39 ,2219.09 ,2126.79 ,2207.88 ,2170.54 ,8248710300,8248710300,69109.05,42.09,25.22,3.5371,2140.708,2152.917,2212.149333,37516.6726,-58.12,33.7316,3.14,2265.43,2095.42,2102,-73.50030647,0.206966061,0.035846103,0.007720533,-0.83003013
2012-12-06,2205.61 ,2216.98 ,2191.23 ,2203.60 ,2204.36 ,4857468900,4857468900,42758.57,56.98,35.8,11.6064,2158.292,2155.522,2209.228,41265.1355,-45.6,36.7407,2.1,2258.53,2098.14,2104,-71.69139115,0.197247173,-0.001936701,-0.054477793,-0.646147518
2012-12-07,2203.89 ,2250.53 ,2198.11 ,2246.76 ,2224.82 ,7616974800,7616974800,64996.5,70.47,47.36,22.1192,2179.712,2160.93,2209.189667,48554.0221,-52.24,38.85755,3.08,2259.82,2097.44,2107,-68.36137159,0.209933701,0.019583845,-0.010763529,-0.610575139
2012-12-10,2254.92 ,2276.28 ,2250.44 ,2271.05 ,2263.17 ,7337547500,7337547500,61399.77,79.31,58.01,31.1535,2212.152,2170.475,2210.363,53999.2458,-46.95,41.66815,2.66,2264.78,2094.4,2113,-62.01300301,0.212717385,0.010810693,0.215838078,-0.181102705
2012-12-11,2263.21 ,2274.99 ,2254.30 ,2258.50 ,2262.75 ,5146870300,5146870300,45087.98,82.81,66.28,34.0144,2237.558,2181.261,2210.983667,56670.3748,-53.7,40.79005,0.94,2273.1,2090.68,2122,-57.14285286,0.203193797,-0.005524327,0.288541015,-0.448155928
2012-12-12,2257.73 ,2273.21 ,2247.95 ,2267.77 ,2261.67 ,4500645400,4500645400,39182.54,86.91,73.15,35.5635,2249.536,2195.122,2211.415333,50685.0723,-50.83,41.09655,0.81,2281.55,2086.69,2132,-50.57851022,0.203032851,0.004103166,0.368756397,-0.605600175
2012-12-13,2260.60 ,2266.72 ,2242.56 ,2242.64 ,2253.13 ,4194210000,4194210000,36665.69,84.83,77.05,31.7374,2257.344,2207.818,2209.574,49466.4953,-61.56,40.9312,-0.65,2287.42,2085.73,2140,-44.77983471,0.201105215,-0.011082267,0.261436709,-0.934255908
2012-12-14,2245.64 ,2357.11 ,2245.64 ,2355.86 ,2301.06 ,11089256200,11089256200,93934.74,89.73,81.27,42.3289,2279.164,2229.438,2211.210333,55254.1436,-69.74,45.2269,3.37,2321.4,2069.62,2148,-33.49684297,0.260917116,0.050489714,0.795947004,0.588592151
2012-12-17,2359.20 ,2380.00 ,2358.66 ,2366.70 ,2366.14 ,9408819500,9408819500,85000.82,91.4,84.65,48.238,2298.294,2255.223,2213.371,59974.3533,-70.1,50.59745,2.98,2351.87,2058.32,2165,-21.73105082,0.260256663,0.00459916,0.807868762,0.17121134
2012-12-18,2361.09 ,2398.63 ,2347.08 ,2368.12 ,2368.73 ,8578484900,8578484900,78802.84,89.36,86.22,49.5902,2320.218,2278.888,2215.901333,66717.3244,-64.08,51.4353,2.06,2377.62,2052.89,2187,-11.98329828,0.258541113,0.000599992,0.657912835,-0.427445743
2012-12-19,2362.80 ,2387.14 ,2358.03 ,2371.11 ,2369.77 ,6329253000,6329253000,61140.75,88.33,86.92,48.1028,2340.886,2295.211,2218.688,71108.9664,-67.49,51.2345,1.29,2400.31,2047.82,2212,-1.705983367,0.256388076,0.001262183,0.504202745,-0.922779006
2012-12-20,2361.32 ,2391.92 ,2346.55 ,2384.82 ,2371.15 ,6565546200,6565546200,63028.69,89.27,87.71,46.1721,2369.322,2313.333,2223.335,76381.5678,-79.18,51.79335,0.65,2423.1,2045.76,2234,7.986315801,0.252611359,0.005780839,0.339680569,-1.225779191
2012-12-21,2386.38 ,2414.22 ,2365.03 ,2372.00 ,2384.41 ,6871415800,6871415800,66887.71,84.65,86.69,40.5734,2372.55,2325.857,2227.704333,70972.1612,-74,53.53635,-0.02,2440.56,2046.23,2254,17.40715001,0.254844647,-0.005373161,0.156945263,-1.466700395
2012-12-24,2368.01 ,2396.73 ,2367.04 ,2381.22 ,2378.25 ,5308700400,5308700400,54121.54,83.36,85.58,35.6897,2375.454,2336.874,2232.016667,64796.3054,-63.78,54.15805,0.24,2457.3,2050.05,2277,28.06574251,0.251046204,0.003884904,-0.032970849,-1.556477371
2012-12-25,2373.88 ,2459.30 ,2365.41 ,2448.40 ,2411.75 ,9550235000,9550235000,89877.77,87.23,86.13,38.8267,2391.51,2355.864,2239.882,67011.292,-59.6,57.69055,2.38,2483.68,2053.44,2296,42.62415539,0.256480049,0.028211625,-0.094058903,-1.326393239
2012-12-26,2445.99 ,2458.01 ,2441.64 ,2457.62 ,2450.82 ,7159182800,7159182800,68406.24,91.22,87.83,39.3401,2408.812,2374.849,2247.699,68464.3908,-55.18,61.3818,2.03,2505.38,2064.59,2322,57.59009762,0.249267935,0.003767366,-0.174417271,-1.145150085
2012-12-27,2464.78 ,2479.79 ,2443.68 ,2444.59 ,2458.21 ,7325506700,7325506700,69327.6,85.34,87,35.2526,2420.766,2395.044,2256.064667,69724.1731,-75.81,61.9693,0.98,2517.68,2085.18,2344,69.95724274,0.248545904,-0.005299845,-0.283125017,-1.025991086
2012-12-28,2448.08 ,2481.59 ,2444.38 ,2480.05 ,2463.53 ,6716632100,6716632100,66053.29,89.85,87.95,34.6044,2442.376,2407.463,2266.158333,69557.2891,-73.35,62.2202,1.54,2534.67,2102.23,2368,85.0193306,0.249467201,0.014503431,-0.352878914,-0.779031886
2012-12-31,2485.56 ,2522.95 ,2485.56 ,2522.95 ,2504.26 ,8200229300,8200229300,81149.08,93.23,89.71,37.0166,2470.722,2423.088,2277.757,74962.7968,-66.65,63.9258,2.11,2550.11,2128.2,2391,100.3423141,0.237659776,0.017299255,-0.158050904,-0.764762993
2013-01-04,2551.81 ,2558.53 ,2498.89 ,2524.41 ,2533.41 ,9798818200,9798818200,95579.25,90.12,89.85,35.8469,2485.924,2438.717,2289.741333,76103.0917,-61.79,65.89795,1.55,2561.34,2156.27,2417,111.1517484,0.239392897,0.000577498,0.028592553,-1.082230396
2013-01-07,2518.05 ,2545.97 ,2511.60 ,2535.99 ,2527.90 ,7516799300,7516799300,73167.51,89.53,89.74,33.7035,2501.598,2455.205,2301.111,77055.3458,-52.81,62.40385,1.37,2579.42,2171,2446,122.2133109,0.217691164,0.004585628,-0.018083308,-1.050770432
2013-01-08,2534.65 ,2540.51 ,2502.49 ,2525.33 ,2525.75 ,7183710000,7183710000,76498.06,87.29,88.93,28.1467,2517.746,2469.256,2312.703667,78489.4374,-57.87,59.79585,0.3,2589.17,2193.41,2468,130.0312954,0.219063378,-0.004201523,-0.057458866,-1.160228497
2013-01-09,2518.10 ,2534.24 ,2504.30 ,2526.13 ,2520.69 ,7023117000,7023117000,74233.6,85.94,87.93,22.1403,2526.962,2484.669,2323.818667,80125.4992,-50.67,58.4182,-0.03,2599.59,2210.93,2486,136.2837306,0.214961219,0.000315206,-0.194592171,-1.100009688
2013-01-10,2525.59 ,2553.35 ,2513.73 ,2530.57 ,2530.81 ,7108586200,7108586200,71159.05,82.65,86.17,16.5811,2528.486,2499.604,2335.651,78127.4923,-59.83,56.9622,0.08,2609.47,2227.01,2501,143.0729941,0.214616884,0.00175882,-0.36613602,-0.911907964
2013-01-11,2533.50 ,2539.79 ,2473.70 ,2483.23 ,2507.56 ,7423917600,7423917600,72775.92,66.58,79.64,4.9468,2520.25,2503.087,2346.737333,73566.8277,-64.77,59.03925,-1.47,2607.11,2251.84,2553,146.6924944,0.228429692,-0.01870686,-0.517757597,-0.554173522
2013-01-14,2474.18 ,2583.63 ,2474.00 ,2577.73 ,2527.39 ,9355409100,9355409100,96853.47,76.31,78.53,8.2072,2528.598,2515.098,2361.689667,78304.0195,-59.87,63.2728,1.94,2617.21,2272.74,2474,156.1123697,0.256008621,0.038053261,-0.489174951,-0.258716267
2013-01-15,2579.13 ,2605.41 ,2576.92 ,2595.86 ,2589.33 ,9862080500,9862080500,101356.96,81.79,79.61,10.8663,2542.704,2530.225,2377.695667,83275.7994,-56.14,68.6352,2.09,2619.24,2306.02,2476,160.3063012,0.247470717,0.007033722,0.011405811,-1.399945187
2013-01-16,2591.36 ,2600.09 ,2540.52 ,2577.09 ,2577.27 ,9353608400,9353608400,95565,80.69,79.97,8.2744,2552.896,2539.929,2392.276667,87542.079,-45.51,65.88635,0.95,2629.8,2317.59,2481,162.8105861,0.196483443,-0.007228444,-0.130108743,-1.366030697
2013-01-17,2570.71 ,2575.06 ,2539.67 ,2552.76 ,2559.55 ,6991523900,6991523900,71716.12,73.8,77.92,1.7988,2557.334,2542.91,2407.073667,87653.4937,-64.84,60.9373,-0.18,2634.36,2331.64,2486,163.9019568,0.202643797,-0.009442426,-0.322720807,-1.211826754
2013-01-18,2568.69 ,2607.45 ,2553.45 ,2595.44 ,2581.26 ,7794030300,7794030300,77435.16,79.54,78.46,1.7771,2579.776,2550.013,2422.539333,88585.3419,-55.16,61.74825,0.61,2643.53,2345.2,2491,166.923359,0.207202396,0.016719564,-0.435227881,-0.969308053
2013-01-21,2605.65 ,2611.20 ,2582.65 ,2610.90 ,2602.60 ,8413374200,8413374200,85357.44,86.29,81.07,2.3234,2586.41,2557.504,2435.973333,86286.1361,-62.9,62.6325,0.95,2652.32,2360.39,2498,169.881291,0.20687283,0.005956218,-0.497504933,-0.673923125
2013-01-22,2610.39 ,2620.03 ,2578.18 ,2596.90 ,2601.38 ,10576627500,10576627500,102261.16,85.59,82.58,-0.5683,2586.618,2564.661,2449.083333,86466.9759,-71.1,62.456,0.4,2656.42,2377.5,2507,172.6320265,0.209953009,-0.00536214,-0.643764073,-0.269395557
2013-01-23,2588.20 ,2611.41 ,2576.36 ,2607.46 ,2595.86 ,7573944400,7573944400,72758.93,87.53,84.23,-2.3272,2592.692,2572.794,2461.106667,81905.7622,-71.14,60.8247,0.57,2655.88,2401.59,2518,175.3123752,0.206850692,0.00406562,-0.612226216,-0.186481755
2013-01-24,2606.43 ,2663.40 ,2564.21 ,2582.76 ,2604.20 ,11127717200,11127717200,109537.68,77.49,81.98,-7.7792,2598.692,2578.013,2471.497,89470.0745,-80.84,64.19995,-0.61,2647.3,2430.31,2528,173.2647564,0.212959913,-0.009473218,-0.378341692,-1.033521421
2013-01-25,2580.88 ,2591.51 ,2567.11 ,2571.67 ,2577.79 ,5848735900,5848735900,60689.37,60.28,74.75,-13.5051,2593.938,2586.857,2481.936,86120.9166,-86.33,60.8707,-0.86,2645.56,2444.38,2545,170.3042686,0.195213529,-0.00429038,-0.529401329,-0.692334786
2013-01-28,2577.27 ,2651.97 ,2577.27 ,2651.86 ,2614.59 ,9127479000,9127479000,98173.28,70.41,73.3,-7.4213,2602.13,2594.27,2494.739,88684.0834,-64.54,60.48385,1.91,2657.25,2452.12,2559,172.1525052,0.219518743,0.031181635,-0.319990146,-0.14803045
2013-01-29,2655.38 ,2685.53 ,2646.15 ,2675.87 ,2665.73 ,10104022900,10104022900,108827.01,78.07,74.89,-1.4079,2617.924,2602.271,2509.18,89997.2533,-56.73,63.98955,2.21,2668.7,2463.79,2571,173.3357299,0.217507474,0.009051373,0.26766637,-0.133710751
2013-01-30,2678.43 ,2689.68 ,2662.06 ,2688.71 ,2679.72 ,9987499000,9987499000,100856.65,85.14,78.31,2.8236,2634.174,2613.433,2520.275,95616.7985,-71.69,64.27045,2.07,2684.53,2468.83,2587,172.9568934,0.214370362,0.004800315,0.499890192,-0.104046049
2013-01-31,2690.95 ,2696.88 ,2671.33 ,2686.88 ,2686.51 ,9674010100,9674010100,94476.82,87.58,81.4,3.8376,2654.998,2626.845,2530.947667,92604.6265,-75.72,62.08285,1.2,2700.19,2469.56,2604,172.4326987,0.209186308,-0.000680252,0.387365366,-0.440463948
2013-02-01,2677.19 ,2744.32 ,2671.27 ,2743.32 ,2709.03 ,10387951500,10387951500,110560.93,91.54,84.78,10.2103,2689.328,2641.633,2543.454333,102578.9385,-66.68,62.08675,2.01,2727.38,2464.26,2621,174.1780138,0.218009396,0.021006505,0.563462183,-0.022596354
2013-02-04,2753.69 ,2768.50 ,2731.08 ,2748.03 ,2750.33 ,12793917900,12793917900,136119.59,91.02,86.86,12.9819,2708.562,2655.346,2556.018333,110168.2013,-66.97,64.5944,1.46,2751.2,2461.65,2645,176.6040131,0.218173422,0.001714708,0.507677901,-0.307147008
2013-02-05,2727.93 ,2779.95 ,2725.36 ,2771.68 ,2751.23 ,11613081900,11613081900,112701.17,92.73,88.82,15.7389,2727.724,2672.824,2568.913667,110943.0337,-68.92,65.4228,1.61,2775.86,2461.63,2670,180.0512624,0.216492403,0.00860508,0.478721944,-0.450899434
2013-02-06,2771.91 ,2787.46 ,2765.74 ,2775.84 ,2775.24 ,8277927100,8277927100,88989.58,93.4,90.34,15.8187,2745.15,2689.662,2582.375,108569.6188,-78.76,66.94005,1.12,2796.81,2465.64,2692,183.3124493,0.216217539,0.001504145,0.383646072,-0.686535056
2013-02-07,2771.53 ,2775.97 ,2722.87 ,2759.87 ,2757.56 ,8997814200,8997814200,95978.6,91.22,90.64,11.611,2759.748,2707.373,2594.996667,108869.9738,-93.53,67.1424,0,2810.67,2474.72,2711,187.9788269,0.219213435,-0.005754646,0.220302962,-0.899504872
2013-02-08,2755.65 ,2791.30 ,2747.95 ,2771.73 ,2766.66 ,7742964400,7742964400,82903.63,89.65,90.31,8.4621,2765.43,2727.379,2605.774333,103338.5134,-70.47,67.25895,0.23,2816.78,2497.46,2726,188.2798855,0.20136245,0.004295492,0.360364629,-1.55433251
2013-02-18,2784.07 ,2787.74 ,2731.51 ,2737.47 ,2760.20 ,7643822700,7643822700,81001.37,79.22,86.61,0.2362,2763.318,2735.94,2615.102667,92314.8688,-74.73,64.5742,-0.94,2824.02,2506.19,2791,185.9466412,0.172371239,-0.012358369,0.14798457,-1.670328897
2013-02-19,2735.05 ,2740.74 ,2674.34 ,2685.61 ,2708.94 ,8062643100,8062643100,82460.81,56.8,76.67,-12.9877,2746.104,2736.914,2623.136667,86266.7961,-84.59,61.3236,-2.2,2825.32,2513.87,2790,182.0750092,0.188532181,-0.018946319,0.007155657,-1.586335783
2013-02-20,2686.09 ,2703.10 ,2665.23 ,2702.64 ,2689.27 ,7001937700,7001937700,73636.36,47.75,67.03,-19.8285,2731.464,2738.307,2630.556333,83196.1526,-69.36,60.23835,-1.06,2825.91,2525.83,2785,180.4651087,0.18612365,0.006340841,-0.156977765,-1.430353291
2013-02-21,2675.74 ,2675.74 ,2584.76 ,2610.55 ,2636.70 ,10065798400,10065798400,103619.5,36,56.69,-36.1924,2701.6,2730.674,2633.476333,84724.3333,-57.65,63.0183,-3.37,2820.83,2536.69,2778,172.1973533,0.22484582,-0.034072674,-0.061632806,-1.517197138
2013-02-22,2607.65 ,2618.48 ,2591.15 ,2596.60 ,2603.47 ,6020485200,6020485200,65899.1,25.91,46.43,-47.6114,2666.574,2716.002,2635.882667,81323.4269,-55.4,61.31595,-2.62,2820.75,2536.89,2763,162.8727856,0.2182241,-0.005341788,-0.06064038,-1.516316095
2013-02-25,2607.15 ,2628.70 ,2590.79 ,2604.96 ,2607.90 ,5316194200,5316194200,55614.49,20.53,37.8,-52.3763,2640.072,2701.695,2638.181667,76246.0522,-52.84,60.3239,-1.33,2821.07,2535.97,2748,155.1322463,0.217457169,0.003218049,-0.060430834,-1.529038557
2013-02-26,2587.38 ,2631.09 ,2564.67 ,2567.59 ,2587.68 ,8000306500,8000306500,83373.96,14.12,29.9,-58.4382,2616.468,2681.286,2639.590333,76428.6827,-47.61,61.5528,-1.87,2823.68,2530.43,2735,145.382584,0.222689778,-0.01434379,-0.110755649,-1.490066437
2013-02-27,2576.05 ,2615.25 ,2569.38 ,2594.68 ,2588.84 ,6322674300,6322674300,64612.27,13.83,24.54,-56.6348,2594.876,2663.17,2641.875333,74623.8654,-46.92,62.3293,-0.01,2824.43,2528.4,2718,138.7095548,0.225614556,0.010547614,-0.110917073,-1.516473918
2013-02-28,2611.94 ,2673.71 ,2594.00 ,2673.33 ,2638.25 ,8692259500,8692259500,92235.38,25.45,24.85,-43.286,2607.432,2654.516,2646.634,72347.0411,-58.67,62.58595,2.53,2822.28,2539.61,2703,136.8567271,0.246486387,0.030312058,-0.205158606,-1.298258672
2013-03-01,2671.84 ,2680.85 ,2627.00 ,2668.84 ,2662.13 ,7334375300,7334375300,80342.75,36.69,28.8,-33.9135,2621.88,2644.227,2652.821,75235.7706,-50.56,65.56345,1.79,2817.69,2553.92,2689,130.8625407,0.245812129,-0.001679929,-0.232820241,-1.088064005
2013-03-04,2619.42 ,2619.57 ,2528.69 ,2545.72 ,2578.35 ,11061910300,11061910300,112585.04,27.72,28.44,-42.5887,2610.032,2625.052,2651.754,86629.8807,-55.48,65.86445,-2.46,2825.97,2535.02,2677,117.8118637,0.278048703,-0.046132846,-0.341583521,-1.060282049
2013-03-05,2547.89 ,2623.17 ,2541.77 ,2622.81 ,2583.91 ,8966115200,8966115200,92357.13,39.1,31.99,-36.4702,2621.076,2618.772,2652.652333,88426.5153,-43.99,65.1751,0.07,2825.59,2530.09,2659,108.6260705,0.298126903,0.030283044,-0.234134706,-1.234640465
2013-03-06,2634.87 ,2658.14 ,2620.43 ,2650.20 ,2640.91 ,9582965200,9582965200,95048.89,52.68,38.89,-27.6603,2632.18,2613.528,2655.089333,94513.8388,-51.4,68.8173,0.68,2824.08,2527.76,2529,101.360767,0.300225705,0.010444917,-0.148773993,-1.28314787
2013-03-07,2639.78 ,2658.97 ,2592.87 ,2619.48 ,2627.78 ,9408266600,9408266600,96498.1,55.01,44.26,-24.9792,2621.41,2614.421,2657.313333,95366.3825,-48.52,70.38145,-0.07,2822.71,2522.39,2532,90.10047863,0.302725336,-0.011592701,-0.018191519,-1.398718675
2013-03-08,2622.68 ,2632.62 ,2601.96 ,2606.93 ,2616.05 ,5942955700,5942955700,63054.59,53.81,47.45,-23.904,2609.028,2615.454,2657.696333,91908.7514,-57.07,68.7169,-0.08,2814.74,2516.72,2534,78.5404047,0.291410142,-0.004791793,0.197312325,-1.32711555
2013-03-11,2600.28 ,2611.65 ,2574.17 ,2592.37 ,2594.62 ,5094643600,5094643600,52460.9,49.83,48.24,-24.0938,2618.358,2614.195,2657.078667,79883.9229,-52.63,65.7294,-0.99,2805.11,2510.78,2537,65.64823446,0.291147141,-0.005583202,0.419033646,-1.128726763
2013-03-12,2590.39 ,2619.51 ,2530.25 ,2555.61 ,2573.94 ,7193514100,7193514100,71675.13,39.11,45.2,-27.8451,2604.918,2612.997,2655.702333,75747.5216,-40.39,67.4629,-1.89,2790.83,2503.45,2530,51.35437274,0.290489957,-0.014178906,0.554386397,-0.818500731
2013-03-13,2551.73 ,2556.77 ,2515.06 ,2527.49 ,2537.76 ,5643046000,5643046000,56003.72,28.58,39.66,-32.4657,2580.376,2606.278,2653.036667,67938.4881,-38.51,66.44395,-2.05,2774.45,2495,2633,37.1674541,0.290725275,-0.011006744,0.542517752,-0.492273305
2013-03-14,2517.75 ,2546.70 ,2514.46 ,2534.27 ,2528.30 ,4760575600,4760575600,49929.78,23.62,34.31,-32.8606,2563.334,2592.372,2651.420333,58624.824,-19.73,65.40075,-1.13,2756.92,2489.97,2630,23.4364814,0.291853128,0.002685277,0.606406922,-0.132290901
2013-03-15,2533.72 ,2600.09 ,2504.46 ,2539.87 ,2544.54 ,8137218500,8137218500,82749.88,23.39,30.67,-30.6619,2549.922,2579.475,2650.360333,62563.881,-17.33,66.76095,-0.39,2730.56,2493.15,2626,12.38475733,0.291137734,0.002209707,0.446671215,-0.508885609
2013-03-18,2526.08 ,2544.62 ,2499.83 ,2502.49 ,2518.26 ,5981277800,5981277800,63093.56,16.15,25.83,-32.3687,2531.946,2575.152,2645.381333,64690.4121,-29.11,66.1888,-1.16,2712.82,2487.38,2618,2.609869462,0.292138614,-0.014717271,0.152312552,-0.774620674
2013-03-19,2507.40 ,2532.07 ,2491.85 ,2525.10 ,2514.11 ,5453647600,5453647600,55601.01,17.4,23.02,-28.7033,2525.844,2565.381,2640.355667,61475.589,-16.9,64.8796,-0.03,2701.98,2482.17,2609,-6.397524011,0.290495169,0.009032593,0.285755188,-0.623463226
2013-03-20,2526.97 ,2610.17 ,2526.83 ,2610.17 ,2568.54 ,9070062200,9070062200,91271.02,39.62,28.55,-13.8253,2542.38,2561.378,2637.737667,68529.0487,-10.63,68.90225,2.67,2684.84,2490.06,2492,-6.09639781,0.31644377,0.033692567,0.04667789,-0.781005855
2013-03-21,2611.58 ,2626.54 ,2598.51 ,2614.99 ,2612.91 ,6955275600,6955275600,71642.67,56.89,38,-2.9107,2558.524,2560.929,2635.341333,72871.6268,-7.81,69.3385,2.21,2685.31,2490.04,2494,-4.87237792,0.291623019,0.001844322,0.035477905,-0.805477091
2013-03-22,2612.26 ,2625.53 ,2603.34 ,2618.31 ,2614.86 ,5564714100,5564714100,55882.14,69.22,48.4,4.7628,2574.212,2562.067,2631.174333,67498.0798,-15.09,69.00335,1.71,2687.29,2490.23,2500,-3.961359024,0.290930939,0.001269604,-0.025210667,-0.894132874
2013-03-25,2628.41 ,2641.61 ,2607.61 ,2613.10 ,2622.68 ,5626140200,5626140200,58004.93,73.13,56.65,8.903,2596.334,2564.14,2626.676667,66480.3546,-22.9,69.02115,0.65,2688.04,2490.29,2505,-1.488191073,0.290853981,-0.001990217,-0.047459297,-0.926420527
2013-03-26,2601.96 ,2607.36 ,2554.97 ,2575.05 ,2584.84 ,6396296100,6396296100,65306.57,67.27,60.19,6.3997,2606.324,2566.084,2620.122333,68421.4665,-11.15,68.3192,-1.2,2688.13,2490.95,2513,-2.395131519,0.291001159,-0.014560118,-0.069553455,-0.895937962
2013-03-27,2575.73 ,2611.94 ,2566.34 ,2583.53 ,2584.39 ,5690651700,5690651700,58652.25,65.26,61.88,5.7879,2600.996,2571.688,2613.712,61897.7114,-5.47,68.6386,-0.67,2687.58,2490.39,2521,-6.765224943,0.288718167,0.00329314,-0.032028209,-0.899174946
2013-03-28,2535.99 ,2535.99 ,2495.08 ,2499.30 ,2516.59 ,8757840500,8757840500,84725.9,45.16,56.31,-5.4525,2577.858,2568.191,2605.026333,64514.3581,-16.9,65.79915,-3.05,2678.25,2482.32,2642,-14.9036637,0.288287419,-0.032601905,-0.091453547,-0.995869868
2013-03-29,2502.78 ,2509.11 ,2482.49 ,2495.08 ,2497.37 ,5240213700,5240213700,52055.54,32.75,48.45,-12.541,2553.212,2563.712,2595.804667,63749.0377,0.68,62.78735,-2.28,2667.28,2475.9,2639,-16.69008051,0.288286788,-0.001688071,-0.186890232,-1.307431475
2013-04-01,2486.43 ,2507.82 ,2483.73 ,2493.19 ,2492.79 ,4734602200,4734602200,47159.82,24.07,40.33,-16.3295,2529.23,2562.782,2587.662,61580.0156,-2.41,59.5102,-1.42,2670.36,2467.57,2632,-22.33657649,0.237165042,-0.000759895,-0.192796696,-1.43190587
2013-04-02,2495.84 ,2524.46 ,2475.00 ,2486.39 ,2495.42 ,5568415200,5568415200,55637.39,18.33,32.99,-18.4406,2511.498,2558.911,2581.021333,59646.1796,-28.01,57.2595,-1,2666.6,2457.69,2626,-29.41029766,0.207214017,-0.002725828,-0.033646255,-1.460720694
2013-04-03,2493.88 ,2507.14 ,2474.93 ,2483.55 ,2489.88 ,4556422100,4556422100,45156.72,13.94,26.64,-18.8422,2491.502,2546.249,2573.718333,56947.0743,-2.45,53.05165,-0.32,2655.23,2452.39,2617,-34.73638278,0.201538104,-0.001143827,-0.007794052,-1.670442144
2013-04-08,2443.24 ,2473.31 ,2429.50 ,2472.30 ,2454.59 ,5329677200,5329677200,55249.3,16.02,23.1,-19.1816,2486.102,2531.98,2569.11,51051.754,1.9,51.937,-0.56,2649.16,2443.75,2606,-39.73096364,0.199166672,-0.004529006,0.117459886,-1.583567356
2013-04-09,2477.29 ,2505.29 ,2477.29 ,2489.43 ,2487.33 ,5238982400,5238982400,54947.04,21.63,22.61,-15.7984,2484.972,2519.092,2565.537667,51630.053,1.23,53.73885,0.18,2642.16,2439,2588,-42.89151546,0.201992285,0.006929178,0.327319964,-1.448924448
2013-04-10,2487.98 ,2495.57 ,2466.19 ,2485.31 ,2483.76 ,4750491300,4750491300,51963.82,24.62,23.28,-12.9354,2483.396,2506.313,2561.549333,52590.853,-0.49,53.33395,0.08,2636.6,2433.86,2572,-44.26223968,0.201624277,-0.001655399,0.544544251,-1.216173846
2013-04-11,2502.50 ,2508.59 ,2476.40 ,2477.88 ,2491.34 ,4298995800,4298995800,43039.95,31.56,26.04,-10.9416,2481.694,2496.596,2558.559,50071.3645,0.28,50.99105,-0.15,2635.35,2427.33,2558,-44.5296277,0.196502966,-0.002990775,0.671859264,-1.135619954
2013-04-12,2476.32 ,2489.12 ,2460.18 ,2462.11 ,2471.93 ,3991727800,3991727800,40428.05,32.48,28.19,-10.6366,2477.406,2484.454,2554.14,49125.6302,-4.49,50.3521,-0.62,2636.6,2419.54,2545,-45.91119632,0.194181355,-0.0063619,0.670986609,-1.150605384
2013-04-15,2453.97 ,2461.67 ,2430.15 ,2436.82 ,2445.65 ,4653973400,4653973400,44084.84,24.23,26.87,-12.597,2470.31,2478.206,2546.256333,46892.7394,-7.38,50.31625,-1.36,2639.06,2407.34,2537,-48.7683865,0.196114765,-0.010273294,0.603923318,-1.062709704
2013-04-16,2419.51 ,2461.05 ,2416.62 ,2459.59 ,2439.19 ,5528061300,5528061300,53783.26,29.43,27.72,-9.7117,2464.342,2474.657,2539.281333,46659.9833,7.59,47.75605,-0.19,2638.13,2400.24,2524,-48.47501717,0.199699112,0.009345794,0.710591628,-1.016632591
2013-04-17,2457.88 ,2465.20 ,2437.34 ,2458.47 ,2454.72 ,4469216400,4469216400,46800.83,34.79,30.08,-6.9674,2458.974,2471.185,2536.373,45627.3855,5.47,47.94575,-0.02,2638.83,2395.14,2509,-49.38246632,0.193499614,-0.000454954,0.724954864,-1.058409796
2013-04-18,2440.71 ,2478.41 ,2434.73 ,2464.85 ,2454.68 ,4286070700,4286070700,46270.14,40.67,33.61,-3.4824,2456.368,2469.031,2531.107667,46273.4231,7.25,48.1191,0.35,2637.93,2390.01,2496,-54.179493,0.190475394,0.002594293,0.815669573,-1.010947661
2013-04-19,2469.95 ,2542.45 ,2469.32 ,2533.83 ,2503.89 ,7552087600,7552087600,76723.68,58.17,41.79,8.2823,2470.712,2474.059,2527.228667,53532.5486,-0.97,47.58925,2.55,2626.08,2394.23,2417,-55.52856835,0.177825743,0.027983842,0.952071297,-0.507117227
2013-04-22,2525.11 ,2539.05 ,2518.26 ,2530.67 ,2528.27 ,6251188300,6251188300,63027.02,68.99,50.86,15.3932,2489.482,2479.896,2524.268333,57320.9847,-20.33,46.09,1.65,2611.48,2400.4,2419,-57.13403993,0.177396764,-0.001245941,1.073510979,0.121893112
2013-04-23,2532.20 ,2532.20 ,2448.20 ,2449.47 ,2490.52 ,6065398200,6065398200,61576.16,54.7,52.14,9.2187,2487.458,2475.9,2519.019667,58879.5653,-19.33,48.93895,-1.53,2591.58,2403.41,2422,-62.45863794,0.2081349,-0.032085969,1.222094021,0.873092912
2013-04-24,2452.78 ,2511.20 ,2446.59 ,2495.58 ,2476.54 ,6305091600,6305091600,62189.42,57.38,53.89,11.2691,2494.88,2476.927,2515.793333,61957.2832,-15.42,50.25645,0.03,2568.39,2414.85,2424,-63.30925604,0.222311352,0.018823656,1.16645342,1.159450486
2013-04-25,2486.86 ,2505.48 ,2456.57 ,2467.88 ,2479.20 ,6055792700,6055792700,59891.28,51.83,53.2,8.9208,2495.486,2475.927,2512.869,64681.5127,-11.12,50.58205,-1.11,2552.79,2419.73,2426,-65.92654324,0.220062817,-0.011101231,1.390280257,2.844146771
2013-04-26,2477.72 ,2488.59 ,2439.80 ,2447.31 ,2463.36 ,4712337800,4712337800,46351.99,42.69,49.7,4.8283,2478.182,2474.447,2510.196333,58607.175,-11.69,50.17325,-1.25,2530.03,2428.87,2429,-65.23001608,0.220149879,-0.008334701,0.543239998,0.28285123
2013-05-02,2434.60 ,2453.75 ,2423.08 ,2449.64 ,2440.27 ,4701608800,4701608800,47200.45,35.87,45.09,2.7689,2461.976,2475.729,2507.375333,55441.8598,-9.16,49.32975,-0.5,2528.31,2425.62,2423,-64.24071527,0.188641976,0.000953293,0.724130252,0.43399887
2013-05-03,2457.54 ,2521.12 ,2457.54 ,2492.91 ,2482.28 ,6233009100,6233009100,63267.04,43.42,44.53,7.3108,2470.664,2479.061,2505.81,55780.0367,-14.49,52.9008,0.9,2528.05,2425.66,2425,-61.04242951,0.199703416,0.017665052,0.738152531,0.489564659
2013-05-06,2502.98 ,2533.86 ,2500.46 ,2525.98 ,2515.82 ,6041878000,6041878000,61767.95,57.68,48.91,14.4338,2476.744,2485.812,2506.593,55695.7426,-4.42,55.44955,1.99,2533.83,2423.17,2429,-56.01070803,0.205096529,0.013266012,0.702260147,-0.111811097
2013-05-07,2519.36 ,2539.30 ,2507.76 ,2529.94 ,2524.09 ,5449064300,5449064300,59244.95,69.1,55.64,19.0526,2489.156,2492.321,2506.754333,55566.4756,-12.26,54.91855,1.64,2540.55,2420.8,2435,-50.89062263,0.204723172,0.001565727,0.606753558,-0.672852509
2013-05-08,2542.27 ,2562.01 ,2531.25 ,2542.80 ,2544.58 ,5955429400,5955429400,60309.15,74.79,62.03,22.9524,2508.254,2493.218,2504.508667,58357.9081,-21,56.0203,1.38,2549.66,2417.61,2443,-44.8211415,0.205101047,0.005083129,0.54228129,-1.001101832
2013-05-09,2542.37 ,2543.30 ,2507.79 ,2527.79 ,2530.31 ,6024014500,6024014500,64438.29,74.98,66.34,22.5875,2523.884,2492.93,2501.602,61805.4769,-12.01,55.6055,0.15,2555.04,2417.78,2455,-40.66188442,0.205668487,-0.005900587,0.339365693,-1.357582922
2013-05-10,2519.52 ,2546.98 ,2515.16 ,2540.84 ,2530.63 ,4881672800,4881672800,50896.69,78.24,70.31,23.0987,2533.47,2502.067,2499.019667,59331.4062,-33.16,53.77495,0.29,2561.81,2416.15,2466,-35.8524402,0.205105071,0.005159439,0.243501542,-1.584298736
2013-05-13,2542.41 ,2547.60 ,2516.73 ,2530.77 ,2534.38 ,5409214700,5409214700,55155.09,78,72.87,21.1287,2534.428,2505.586,2496.275333,58008.8347,-10.03,53.92805,-0.14,2566.4,2416.11,2476,-31.41521819,0.205669466,-0.003962475,0.10023941,-1.764189997
2013-05-14,2526.00 ,2526.15 ,2479.87 ,2493.34 ,2506.34 ,5488006400,5488006400,56144.57,68.86,71.54,14.1664,2527.108,2508.132,2493.551667,57388.7595,-9.66,54.12155,-1.34,2566.91,2417.14,2480,-28.28315728,0.212879968,-0.014789977,0.035137079,-1.747501208
2013-05-15,2493.97 ,2507.43 ,2491.93 ,2506.93 ,2500.07 ,4418966000,4418966000,47578.59,61.66,68.24,10.9198,2519.934,2514.094,2490.998333,54842.6468,4.13,54.05265,-0.52,2568.06,2420.48,2487,-23.36364942,0.212083135,0.005449321,-0.130945664,-1.659131325
2013-05-16,2501.12 ,2553.06 ,2487.76 ,2552.71 ,2523.66 ,7079618200,7079618200,76830.44,70.67,69.05,14.256,2524.918,2524.401,2492.778667,57321.0756,-1.89,55.74145,1.1,2573.06,2427.07,2488,-17.53961695,0.216086605,0.018263012,-0.200970059,-1.595000709
2013-05-17,2550.45 ,2598.71 ,2547.78 ,2592.05 ,2572.25 ,8185080100,8185080100,83599.37,78.58,72.23,20.6888,2535.16,2534.315,2496.011,63861.6113,-10.75,59.06715,2.24,2587.8,2425.57,2496,-9.983886101,0.219669575,0.015410687,0.044531241,-0.681095818
2013-05-20,2597.15 ,2627.62 ,2590.05 ,2609.61 ,2606.11 ,8633780300,8633780300,94059.42,81.66,75.37,25.8981,2550.928,2542.678,2499.891667,71642.4758,-11.59,60.6299,2.3,2604.13,2424.36,2510,-2.246891796,0.219819783,0.00677418,0.241191235,-0.187300961
2013-05-21,2607.39 ,2617.40 ,2594.25 ,2614.85 ,2608.47 ,7150599400,7150599400,75837.81,84.89,78.54,28.4362,2575.23,2551.169,2504.173667,75581.1239,-14.35,59.8131,1.54,2619.01,2424.48,2529,1.916752794,0.219843295,0.002010264,0.25108036,-0.23581824
2013-05-22,2613.41 ,2630.07 ,2603.75 ,2618.03 ,2616.32 ,7419181700,7419181700,78224.13,87.25,81.45,28.839,2597.45,2558.692,2508.656333,81710.2321,-14.37,56.2179,0.79,2632.29,2419.62,2545,6.189115154,0.199633128,0.001216512,0.274324209,-0.608714327
2013-05-23,2604.93 ,2624.08 ,2579.35 ,2582.85 ,2597.80 ,8482537000,8482537000,81359.91,81.02,81.31,22.9207,2603.478,2564.198,2512.341333,82616.1264,-16.15,54.9682,-0.79,2637.9,2419.23,2560,12.5485594,0.206624122,-0.013439474,0.158997466,-0.889376672
2013-05-24,2591.42 ,2608.35 ,2572.88 ,2597.23 ,2592.47 ,6073966900,6073966900,62831.24,80.06,80.89,19.6239,2604.514,2569.837,2515.934667,78462.4999,-19.97,52.54145,-0.28,2642.72,2429.18,2573,17.00358143,0.16430905,0.005567108,0.020930349,-0.948359843
2013-05-27,2593.52 ,2611.97 ,2589.74 ,2599.59 ,2598.71 ,6419508000,6419508000,66701.65,79.57,80.45,16.5643,2602.51,2576.719,2519.744,72990.9473,-3.81,51.2651,-0.11,2649.76,2432.54,2583,22.73900236,0.153509974,0.000908276,-0.182220672,-0.994462993
2013-05-28,2600.63 ,2644.36 ,2585.90 ,2644.36 ,2618.81 ,8419611200,8419611200,86756.74,86.38,82.43,19.1889,2608.412,2591.821,2525.293333,75174.7318,-18.04,51.24325,1.38,2662.14,2437.82,2586,31.45470224,0.154018628,0.017222736,-0.199551295,-0.733399423
2013-05-29,2648.93 ,2661.23 ,2640.88 ,2642.56 ,2648.40 ,7927770900,7927770900,81953.85,85.43,83.43,19.251,2613.318,2605.384,2531.308333,75920.6772,-15.44,52.5702,1.12,2668.2,2451.28,2598,39.52806713,0.148509716,-0.000679938,-0.139778872,-0.789098802
2013-05-30,2633.96 ,2647.44 ,2623.58 ,2634.32 ,2634.83 ,7014636800,7014636800,71045.07,80.14,82.33,16.8378,2623.612,2613.545,2537.891667,73857.7087,-22.28,52.2297,0.41,2669.09,2468.85,2610,44.62221377,0.150254005,-0.00311743,0.015570479,-1.381817782
2013-05-31,2638.71 ,2645.57 ,2604.75 ,2606.43 ,2623.87 ,6252853300,6252853300,65904.43,66.08,76.91,10.4533,2625.452,2614.983,2542.786333,74472.3485,-27.57,49.36855,-0.72,2669.34,2479.96,2661,46.41325308,0.149001261,-0.010589818,-0.111789367,-1.347821256
2013-06-03,2605.97 ,2625.94 ,2596.05 ,2602.62 ,2607.65 ,5977446800,5977446800,63008.71,55.28,69.7,4.964,2626.058,2614.284,2547.591333,73733.7589,-27.38,47.0472,-0.89,2671.06,2485.91,2660,47.72684043,0.143696018,-0.001459086,-0.315366011,-1.146944401
2013-06-04,2600.50 ,2600.50 ,2556.06 ,2565.67 ,2580.68 ,6631575000,6631575000,63139.42,39.9,59.77,-3.9177,2610.32,2609.366,2550.952,69010.2956,-31.33,47.3272,-1.71,2670.24,2490.29,2658,46.48389841,0.154243142,-0.014199905,-0.403843371,-0.889218083
2013-06-05,2565.33 ,2570.03 ,2545.19 ,2560.54 ,2560.27 ,4563719300,4563719300,47367.06,31.01,50.18,-10.3897,2593.916,2603.617,2551.842333,62092.9365,-26.46,45.8565,-1.29,2669.92,2492.39,2654,45.79695349,0.153627498,-0.001998312,-0.457216834,-0.733290813
2013-06-06,2552.82 ,2557.68 ,2525.31 ,2527.84 ,2540.91 ,5249652900,5249652900,54448.11,21.29,40.55,-18.5073,2572.62,2598.116,2551.748,58773.546,-38.96,45.69945,-1.74,2669.91,2492.4,2648,42.85755581,0.159245726,-0.012768405,-0.457216878,-0.732921506
2013-06-07,2526.91 ,2538.89 ,2475.69 ,2484.16 ,2506.41 ,6103089400,6103089400,61366.17,15.72,32.27,-28.5902,2548.166,2586.809,2552.904333,57865.894,-24.44,46.9005,-2.51,2675.7,2480.95,2638,38.38427802,0.169413948,-0.017281518,-0.581134762,-0.693500148
2013-06-13,2448.72 ,2448.72 ,2375.20 ,2399.94 ,2418.15 ,6973006600,6973006600,64081.6,13.36,25.97,-44.4853,2507.63,2566.844,2549.716333,58080.4726,-21.46,48.95395,-4.29,2696.38,2447.18,2622,31.79501412,0.206737167,-0.033904016,-1.27284445,1.602175773
2013-06-14,2404.42 ,2420.36 ,2396.49 ,2416.77 ,2409.51 ,5596453400,5596453400,53686.78,14,21.98,-50.1914,2477.85,2544.085,2548.012667,56189.9445,-13.23,48.8979,-2.47,2706.61,2429.29,2592,25.69756341,0.20412465,0.007014351,-1.308229481,1.117881288
2013-06-17,2422.76 ,2427.53 ,2394.39 ,2403.84 ,2412.13 ,5039571100,5039571100,51983.76,12.86,18.94,-52.896,2446.51,2520.213,2546.563667,57113.2844,-24.56,49.17735,-1.74,2717.72,2407.88,2566,16.96918524,0.202812336,-0.005350941,-1.243390083,0.431771031
2013-06-18,2413.09 ,2424.20 ,2393.32 ,2418.75 ,2412.34 ,4863037900,4863037900,48792.09,14.36,17.41,-49.9037,2424.692,2498.656,2545.534,55982.0798,-9.25,47.45665,-0.25,2723.91,2388.29,2543,7.455575981,0.191148017,0.006200915,-1.007555597,-0.476763218
2013-06-19,2408.28 ,2408.28 ,2366.35 ,2400.77 ,2395.92 ,5434626000,5434626000,52979.99,14.48,16.43,-47.5816,2408.014,2478.09,2542.462667,54304.8433,-7.83,44.0062,-0.3,2727.04,2366.03,2523,-3.359302818,0.179453953,-0.007433607,-0.756756605,-1.108555916
2013-06-20,2386.10 ,2386.10 ,2320.23 ,2321.47 ,2353.48 ,5520102000,5520102000,52171.74,9.82,14.23,-53.5196,2392.32,2449.975,2535.645667,51922.8707,-23.73,43.3081,-2.96,2735.93,2328.33,2501,-17.86068768,0.203425104,-0.033030722,-0.695180939,-0.985712059
2013-06-21,2283.15 ,2332.84 ,2269.57 ,2317.39 ,2300.74 ,5870579800,5870579800,53486.13,12.08,13.51,-54.6008,2372.444,2425.147,2528.560667,51882.7414,-7.81,45.1046,-2.32,2738.32,2296.19,2472,-31.99965329,0.201929918,-0.001754064,-0.546610809,-1.201420597
2013-06-24,2308.07 ,2308.07 ,2164.32 ,2171.21 ,2237.92 ,8659725900,8659725900,73731.93,8.66,11.9,-70.5937,2325.918,2386.214,2516.174333,56232.376,2.21,50.50085,-6.65,2759.19,2230.64,2436,-50.98162063,0.28898775,-0.063081202,-0.826999769,0.051415925
2013-06-25,2146.05 ,2169.21 ,2023.17 ,2165.42 ,2125.96 ,10755488200,10755488200,87090.39,16.92,13.57,-77.015,2275.252,2349.972,2504.095333,63892.0367,17.22,55.5664,-4.83,2772.77,2175.32,2381,-70.0228896,0.289478426,-0.002666255,-0.74338958,-0.312195182
2013-06-26,2170.33 ,2181.02 ,2131.86 ,2168.30 ,2162.88 ,7925642600,7925642600,67298.43,23.24,16.79,-75.8183,2228.758,2318.386,2491.677333,66755.7246,19.7,61.6856,-2.71,2774.75,2130.44,2310,-88.08624512,0.287076362,0.001328148,-0.572196165,-0.763395635
2013-06-27,2172.85 ,2200.21 ,2153.18 ,2160.74 ,2171.75 ,7540675300,7540675300,62927.08,26.84,20.14,-71.0692,2196.612,2294.466,2479.343,68906.794,13.14,63.14885,-1.63,2769.98,2091.33,2252,-107.8631329,0.28547716,-0.00348753,-0.391754498,-1.080577217
2013-06-28,2149.03 ,2227.46 ,2139.37 ,2200.64 ,2179.13 ,7945132700,7945132700,64106.05,32.64,24.31,-58.1228,2173.262,2272.853,2469.586333,71030.7772,10.44,64.6304,1.26,2746.98,2069.96,2227,-124.5660762,0.287001964,0.01846779,-0.21948568,-1.278251076
2013-07-01,2187.09 ,2213.97 ,2166.35 ,2213.32 ,2195.18 ,5772622700,5772622700,51874.74,38.22,28.95,-44.0591,2181.684,2253.801,2459.799333,66659.3381,29.92,64.59365,1.45,2717.36,2056.65,2132,-139.3880724,0.290412591,0.005761054,-0.063382719,-1.377236695
2013-07-02,2211.80 ,2226.11 ,2191.80 ,2221.98 ,2212.92 ,6183885000,6183885000,59632.9,43.74,33.88,-30.4449,2192.996,2234.124,2448.775,61167.8397,45.98,66.38855,1.32,2682.93,2049.85,2134,-151.6407688,0.293313535,0.003915842,0.075335303,-1.411529054
2013-07-03,2211.04 ,2211.04 ,2169.14 ,2203.83 ,2198.76 ,6583602200,6583602200,59536.76,48.61,38.79,-21.1787,2200.102,2214.43,2435.834333,59615.5057,52.83,66.44295,0.17,2649.45,2043.07,2136,-163.9984803,0.293205844,-0.008171076,0.226831894,-1.366719253
2013-07-04,2187.18 ,2245.91 ,2176.08 ,2221.98 ,2207.79 ,7258114500,7258114500,67189.38,55.66,44.41,-10.4421,2212.35,2204.481,2422.913333,60467.9651,53.18,68.78725,0.44,2609.75,2044.71,2137,-172.9829063,0.298198021,0.008236124,0.342949132,-1.319529632
2013-07-05,2227.35 ,2252.03 ,2225.05 ,2226.85 ,2232.82 ,6182177500,6182177500,58424.4,66.78,51.87,-1.0178,2217.592,2195.427,2409.98,59331.6355,57.45,70.36275,0.42,2572.51,2048.06,2142,-181.018261,0.299250639,0.00219174,0.484151742,-1.142459241
2013-07-08,2194.42 ,2205.21 ,2162.19 ,2163.62 ,2181.36 ,5478249300,5478249300,49288.25,53.33,52.35,-1.5997,2207.652,2194.668,2394.833,58814.3388,48.42,71.27215,-1.99,2532.2,2048.68,2148,-190.178648,0.30820643,-0.028394382,0.546885744,-1.171763537
2013-07-09,2160.70 ,2174.79 ,2149.79 ,2162.67 ,2161.99 ,4149443300,4149443300,37246.19,42.45,49.05,-0.4701,2195.79,2194.393,2380.827,54336.9964,56.67,70.9035,-1.51,2492.67,2051.7,2150,-196.7442656,0.308988752,-0.000439079,0.603266653,-1.273775511
2013-07-10,2163.10 ,2224.14 ,2157.47 ,2224.07 ,2192.20 ,6114978100,6114978100,54373.76,53.36,50.49,9.6322,2199.838,2199.97,2368.388333,53304.3959,58.27,71.4607,1.1,2456.48,2061.87,2156,-195.7006523,0.331464666,0.028388995,0.696993627,-1.231797017
2013-07-11,2232.16 ,2351.22 ,2232.16 ,2326.69 ,2285.56 ,12579319200,12579319200,111329.81,64.85,55.27,30.068,2220.78,2216.565,2359.291667,62132.4826,12.09,77.4728,4.77,2444.36,2066.67,2162,-190.4197697,0.358542212,0.046142087,0.751961883,-0.995676035
2013-07-12,2319.02 ,2331.99 ,2274.07 ,2275.37 ,2300.11 ,8973308200,8973308200,82064.56,64.01,58.19,36.1926,2230.484,2224.038,2346.992,66860.5136,1.57,80.20665,2.01,2421.82,2075.07,2177,-187.3220812,0.364318533,-0.022054955,0.868441029,-0.528956806
2013-07-15,2289.76 ,2336.04 ,2274.67 ,2307.30 ,2301.94 ,7475788400,7475788400,71796.19,68.74,61.7,43.5694,2259.22,2233.436,2335.816667,71362.1012,19.5,81.64765,2.13,2403.64,2083.6,2191,-183.5283771,0.369075836,0.014030227,0.900745528,-0.159243173
2013-07-16,2300.83 ,2317.85 ,2281.94 ,2317.85 ,2304.62 ,6562415700,6562415700,62085.63,73.64,65.68,48.5161,2290.256,2243.023,2325.267667,76329.9896,26.25,82.26235,1.2,2380.71,2096.44,2204,-178.4978083,0.368641347,0.004572883,0.713950062,-0.478079733
2013-07-17,2311.44 ,2326.93 ,2281.61 ,2282.84 ,2300.71 ,6765524800,6765524800,63229.06,71.11,67.49,45.7548,2302.01,2250.924,2314.481333,78101.0503,12.84,82.43145,-0.83,2354.87,2110.48,2215,-171.5044179,0.37114993,-0.015105391,0.374626437,-1.400856141
2013-07-18,2272.95 ,2282.44 ,2241.93 ,2245.33 ,2260.66 ,5714429200,5714429200,51937.24,63.22,66.07,37.8836,2285.738,2253.259,2302.571667,66222.5348,9.13,81.1628,-1.77,2343.95,2113.79,2225,-166.532497,0.356895123,-0.01643044,0.455069091,-1.118082693
2013-07-19,2248.13 ,2257.92 ,2188.75 ,2190.48 ,2221.32 ,7053528200,7053528200,66179.07,48.88,60.34,24.9227,2268.76,2249.622,2290.065333,63045.4382,27.48,81.45715,-3.45,2330.85,2114.2,2327,-157.2424721,0.366168726,-0.024428502,0.661889074,-0.682708984
2013-07-22,2170.09 ,2203.06 ,2159.81 ,2202.19 ,2183.79 ,5328349500,5328349500,48872.95,40.28,53.65,17.8897,2247.738,2253.479,2278.120333,58460.7897,17.39,76.4322,-2.03,2330.17,2117.97,2324,-147.5419485,0.283048644,0.005346322,0.656705681,-0.598745835
2013-07-23,2211.59 ,2276.74 ,2206.76 ,2265.84 ,2240.23 ,7480973100,7480973100,69255.42,45.32,50.87,21.5295,2237.336,2263.796,2269.387,59894.748,8.04,74.97665,1.27,2332.99,2125.2,2318,-135.2874511,0.299269366,0.028905784,0.490726792,-0.739708882
2013-07-24,2253.38 ,2265.58 ,2217.19 ,2249.15 ,2246.33 ,6959230700,6959230700,69279.83,47.11,49.62,21.3647,2230.598,2266.304,2261.553333,61104.9008,7.55,70.02525,0.83,2333.3,2132.98,2311,-124.1022785,0.301227599,-0.007367671,0.386389476,-0.661008711
2013-07-25,2255.22 ,2268.84 ,2227.85 ,2237.68 ,2247.40 ,6577431600,6577431600,60558.36,46.14,48.46,19.4415,2229.068,2257.403,2256.144667,62829.1263,22.88,69.18995,0.39,2331.17,2142.8,2305,-116.0449646,0.301661408,-0.005098813,0.404311155,-0.479763012
2013-07-26,2226.43 ,2238.42 ,2209.81 ,2224.01 ,2224.67 ,4894109800,4894109800,45636.07,43.56,46.83,16.1918,2235.774,2252.267,2249.719333,58720.5258,29.21,66.2162,-0.53,2331.01,2145.3,2299,-109.7081664,0.296301605,-0.006111232,0.364775023,-0.378214676
2013-07-29,2205.08 ,2205.08 ,2169.02 ,2175.97 ,2188.79 ,5460092500,5460092500,49624.61,32.26,41.97,7.8573,2230.53,2239.134,2242.123667,58870.859,10.17,64.28985,-2.45,2332.68,2139.89,2296,-106.5234581,0.30588098,-0.021599742,0.337702199,-0.569975917
2013-07-30,2184.01 ,2221.59 ,2162.98 ,2189.39 ,2189.49 ,5519362300,5519362300,50907.23,29.55,37.83,4.5993,2215.24,2226.288,2234.478333,55201.2198,17.59,64.23235,-1.17,2333.15,2136.16,2288,-101.9192852,0.306445836,0.006166445,0.37787234,-0.70327479
2013-07-31,2211.75 ,2235.38 ,2187.21 ,2193.02 ,2206.84 ,4832705500,4832705500,46723.49,29.17,34.94,3.4338,2204.014,2217.306,2227.553333,50689.9534,21.02,65.75725,-0.5,2333.43,2134.8,2278,-98.2712209,0.305256441,0.001659368,0.384308418,-0.751929993
2013-08-01,2206.00 ,2245.56 ,2200.63 ,2245.36 ,2224.39 ,6260399700,6260399700,58944.77,43.83,37.91,9.8503,2205.55,2217.309,2225.016333,50367.2339,-4.44,64.8362,1.8,2334.55,2136.02,2269,-92.43190985,0.315613348,0.023867989,0.307895564,-0.786682457
2013-08-02,2263.50 ,2274.71 ,2244.25 ,2247.26 ,2257.43 ,6089089300,6089089300,58460,53.92,43.24,14.2223,2210.2,2222.987,2222.678667,52932.0198,1.26,64.74275,1.68,2335.63,2136.98,2275,-83.62811436,0.315555313,0.000845743,0.239974008,-0.820399216
2013-08-05,2249.98 ,2278.33 ,2243.22 ,2278.33 ,2262.47 ,5534215100,5534215100,53623.07,69.28,51.92,20.7743,2230.672,2230.601,2226.249333,53731.7109,12.13,64.34695,2.14,2336.83,2147.25,2187,-73.66370864,0.298923959,0.013823927,0.12225943,-0.811404404
2013-08-06,2270.67 ,2302.48 ,2256.72 ,2293.64 ,2280.88 ,7374689500,7374689500,68993.58,77.41,60.42,26.2905,2251.522,2233.381,2230.523333,57348.9804,17.44,66.0602,1.87,2338.25,2158.92,2189,-66.50172321,0.299040506,0.006720715,0.06759267,-0.939541409
2013-08-07,2292.38 ,2313.88 ,2276.86 ,2280.62 ,2290.94 ,7304869500,7304869500,69560.48,77.59,66.14,27.1923,2269.042,2236.528,2234.267333,61916.3781,27.22,65.201,0.51,2341.39,2161.44,2194,-65.47988705,0.285194421,-0.005675692,-0.112339912,-0.96070998
2013-08-08,2277.25 ,2297.63 ,2267.07 ,2276.78 ,2279.68 ,5309843000,5309843000,52710.28,76.87,69.72,26.2644,2275.326,2240.438,2238.135333,60669.4803,13.78,57.041,0.06,2332.66,2165.18,2201,-62.1354427,0.233434283,-0.001684189,-0.267258621,-0.955108735
2013-08-09,2288.51 ,2301.59 ,2258.33 ,2286.01 ,2283.61 ,6460001700,6460001700,62663.98,78.42,72.62,25.8466,2283.076,2246.638,2240.981,61510.2762,-3.19,54.21235,0.13,2334.03,2164.88,2208,-60.09302056,0.220020946,0.004053089,-0.276173744,-1.008505338
2013-08-12,2296.22 ,2352.89 ,2293.18 ,2352.79 ,2323.77 ,9786321600,9786321600,94038.91,85.59,76.94,33.0571,2297.968,2264.32,2245.63,69593.4446,6.39,55.8418,2.39,2344.87,2158.59,2214,-55.34106953,0.237894465,0.02921422,0.157199375,-0.296580392
2013-08-13,2352.88 ,2360.83 ,2340.73 ,2359.07 ,2353.38 ,7839363600,7839363600,71178.52,90.03,81.3,36.8734,2311.054,2281.288,2250.199667,70030.4337,2.47,57.0656,2.08,2354.6,2152.98,2225,-48.76241606,0.237610082,0.002666617,0.420382673,-0.003174616
2013-08-14,2362.62 ,2386.60 ,2340.83 ,2349.08 ,2359.78 ,7594212800,7594212800,71338.22,84.63,82.41,36.2016,2324.746,2296.894,2255.041333,70385.9812,-19.52,57.0931,1.05,2365.96,2148.24,2239,-41.13669525,0.230842135,-0.004233875,0.435657344,-0.427439293
2013-08-15,2348.84 ,2362.09 ,2319.78 ,2321.58 ,2338.07 ,6195185300,6195185300,59411.2,74.64,79.82,30.4347,2333.706,2304.516,2258.361333,71726.1666,-26.02,57.1831,-0.52,2373.32,2148.51,2256,-32.52496049,0.226474399,-0.011708414,0.258057003,-0.801433612
2013-08-16,2314.26 ,2423.08 ,2295.02 ,2304.14 ,2334.13 ,12036956300,12036956300,104026.77,59.26,72.97,22.991,2337.332,2310.204,2260.937667,79998.7254,-3.46,60.1278,-1.42,2375.44,2157.75,2272,-25.80096247,0.207301335,-0.007508692,0.090844911,-0.736393295
2013-08-19,2286.20 ,2340.19 ,2284.08 ,2331.43 ,2310.48 ,7248322400,7248322400,67064.93,54.3,66.74,20.5435,2333.06,2315.514,2266.531333,74603.9284,-20.97,60.7714,-0.07,2381.15,2164.97,2284,-21.23166434,0.209702873,0.011842142,-0.107859547,-0.707455698
2013-08-20,2325.86 ,2353.41 ,2303.67 ,2312.47 ,2323.85 ,7308634500,7308634500,67589.71,47.15,60.21,15.4057,2323.74,2317.397,2271.524667,73886.1658,-16.53,58.39155,-0.48,2384.83,2165.95,2304,-17.00438113,0.18966289,-0.008134493,-0.224036261,-0.792735034
2013-08-21,2320.58 ,2321.64 ,2291.05 ,2308.59 ,2310.47 ,5500738400,5500738400,50886.5,41.6,54.01,10.7407,2315.642,2320.194,2274.342,69795.821,-25.41,56.9799,-0.3,2388.03,2168.69,2423,-12.60886207,0.187371076,-0.001676134,-0.384103773,-0.730904435
2013-08-22,2302.67 ,2329.14 ,2297.02 ,2303.93 ,2308.19 ,5533810400,5533810400,51686.31,32.5,46.84,6.4926,2312.112,2322.909,2273.583333,68250.8424,-24.07,56.30205,-0.35,2390.16,2173.18,2420,-7.982218966,0.186284969,-0.00201725,-0.569776552,-0.485056948
2013-08-23,2314.87 ,2321.04 ,2251.92 ,2286.93 ,2293.69 ,6896713300,6896713300,65459.85,28.48,40.72,1.1385,2308.67,2323.001,2273.968667,60537.4568,-15.07,58.3272,-0.94,2389.86,2179.78,2418,-2.035158018,0.187028844,-0.007379992,-0.750178705,0.023430096
2013-08-26,2294.76 ,2336.38 ,2288.50 ,2335.62 ,2313.82 ,7037104300,7037104300,66541.01,35.29,38.91,3.7538,2309.508,2321.284,2274.912667,60432.6737,-26.38,60.74695,1.13,2386.69,2198.91,2411,5.377999883,0.178138076,0.021289249,-0.820051804,0.50379371
2013-08-27,2332.80 ,2345.11 ,2322.46 ,2340.88 ,2335.31 ,6599033300,6599033300,62575.38,40.85,39.56,5.6753,2315.19,2319.465,2275.680333,59429.8078,-21.12,60.6469,1.11,2382.89,2217.86,2405,12.50209989,0.177918382,0.002254223,-0.813720301,0.978130685
2013-08-28,2326.10 ,2345.36 ,2307.04 ,2328.06 ,2326.64 ,8925617400,8925617400,80965.56,42.06,40.39,4.7405,2319.084,2317.363,2277.187667,65445.6212,-16.54,58.9424,0.39,2373.09,2241.16,2398,16.01159489,0.180608705,-0.005478707,-0.233690135,-0.664412473
2013-08-29,2338.56 ,2342.32 ,2308.15 ,2318.31 ,2326.84 ,6608541500,6608541500,59719.88,49.85,43.54,2.4456,2321.96,2317.036,2279.620333,67052.3355,-18.69,57.78875,-0.16,2370.09,2251.46,2393,18.76341515,0.164813613,-0.004185896,-0.202172512,-0.501781445
2013-08-30,2315.91 ,2334.41 ,2303.61 ,2313.91 ,2316.96 ,8765451500,8765451500,76696,53.59,46.89,0.0957,2327.356,2318.013,2283.734667,69299.5654,-11.29,55.62475,-0.58,2365.34,2262.88,2388,19.60429439,0.165267541,-0.001898365,0.141560828,-1.04159994
2013-09-02,2319.96 ,2329.87 ,2297.45 ,2320.34 ,2316.91 ,7951024900,7951024900,73575.87,60.14,51.31,-0.7833,2324.3,2316.904,2287.673,70706.5373,-29.46,55.4902,-0.17,2364.63,2267.79,2385,19.95922967,0.158935884,0.002780575,0.067406539,-0.844909112
2013-09-03,2326.23 ,2354.86 ,2321.30 ,2354.50 ,2339.22 ,8055400500,8055400500,72663.98,73.31,58.64,2.8467,2327.024,2321.107,2290.628333,72724.2575,-14.7,55.39735,1.18,2369.32,2269.18,2380,22.65521819,0.165120174,0.014721093,-0.0942014,-0.900553064
2013-09-04,2352.54 ,2360.66 ,2345.44 ,2350.70 ,2352.34 ,7872576300,7872576300,68509.01,79.15,65.48,4.2611,2331.552,2325.318,2294.013333,70232.9478,-11.9,54.5071,0.82,2371.23,2274.28,2375,25.21830728,0.163453572,-0.001615204,-0.224718855,-0.808274451
2013-09-05,2350.93 ,2351.22 ,2336.75 ,2341.74 ,2345.16 ,6295138300,6295138300,59606.07,77.36,69.44,3.5443,2336.238,2329.099,2297.482,70210.1843,-19.06,53.70255,0.24,2370,2282.01,2370,26.74364192,0.164181809,-0.003813334,-0.225019545,-0.870685384
2013-09-06,2336.77 ,2361.18 ,2335.93 ,2357.78 ,2347.92 ,7334011600,7334011600,63916.89,83.13,74,4.7121,2345.012,2336.184,2301.941,67654.3641,-16.02,52.80205,0.54,2371.51,2287.67,2366,25.65585982,0.165070348,0.006852611,-0.226713405,-0.928134522
2013-09-09,2374.26 ,2449.25 ,2372.69 ,2440.61 ,2409.20 ,14988964000,14988964000,127299.55,86.86,78.29,15.514,2369.066,2346.683,2310.762333,78399.0995,-13.19,53.7401,3.02,2398.46,2269.5,2336,28.45011683,0.178337716,0.035129202,1.846696928,5.668591021
2013-09-10,2446.45 ,2475.20 ,2435.83 ,2474.89 ,2458.09 ,15485599200,15485599200,130648.13,91.18,82.58,25.556,2393.144,2360.084,2320.279,89995.9296,-16.11,55.483,3.42,2429.57,2249.97,2338,33.31831099,0.183461898,0.014047723,2.048545735,4.465704767
2013-09-11,2483.79 ,2504.47 ,2471.62 ,2482.89 ,2485.69 ,16691497400,16691497400,142830.29,90.64,85.27,31.1828,2419.582,2375.567,2329.941333,104860.1846,-19.91,56.62185,2.62,2456.78,2236.15,2344,39.71804544,0.181784836,0.003230441,1.719860209,2.097626794
2013-09-12,2480.47 ,2527.38 ,2469.72 ,2507.46 ,2496.26 ,14517317500,14517317500,126115.53,90.88,87.14,35.7912,2452.726,2394.482,2338.678,118162.0772,-16.54,57.38985,2.23,2486.65,2224.87,2353,47.89769317,0.174907984,0.009894119,1.426701075,0.781151351
2013-09-13,2502.54 ,2515.78 ,2481.45 ,2488.90 ,2497.17 ,11077504900,11077504900,98275.01,87.69,87.32,33.9331,2478.95,2411.981,2346.732667,125033.6995,-30.1,53.2901,0.4,2506.22,2223.78,2367,53.37640851,0.174813079,-0.007399136,1.112056327,-0.318915224
2013-09-16,2501.08 ,2503.69 ,2467.13 ,2478.39 ,2487.57 ,10538328200,10538328200,97043.84,83.27,85.97,29.0695,2486.506,2427.786,2353.401333,118982.5587,-36.61,52.3125,-0.33,2521.29,2223.4,2380,59.00383808,0.174431921,-0.004223549,0.829556014,-1.036471464
2013-09-17,2480.81 ,2481.71 ,2426.46 ,2427.32 ,2454.08 ,9945998200,9945998200,93115.11,71.42,81.12,17.3339,2476.992,2435.068,2357.857333,111475.9544,-45.88,51.6083,-2.01,2526.17,2230,2392,61.99029618,0.190291493,-0.020605312,0.63998998,-1.281186822
2013-09-18,2426.04 ,2439.63 ,2407.24 ,2432.51 ,2426.36 ,7104075900,7104075900,69341.33,64.43,75.56,9.0475,2466.916,2443.249,2362.920333,96778.1616,-39.09,51.698,-1.39,2530.48,2238.09,2403,65.31968137,0.189681908,0.002137335,0.456211775,-1.449555595
2013-09-23,2441.52 ,2473.16 ,2439.99 ,2472.29 ,2456.74 ,8012835200,8012835200,80920.69,64.42,71.84,7.7517,2459.882,2456.304,2369.437333,87739.1935,-33.91,53.0895,0.5,2538.81,2246.6,2412,71.3216473,0.194754116,0.016352656,0.251249844,-1.650490393
2013-09-24,2470.72 ,2470.75 ,2420.09 ,2443.89 ,2451.36 ,9785301300,9785301300,96769.83,53.11,65.6,2.1856,2450.88,2464.915,2374.7,87438.1588,-41.31,52.1667,-0.29,2539.41,2261.68,2419,73.16901494,0.198365537,-0.011488548,0.144352434,-1.778513165
2013-09-25,2440.84 ,2455.04 ,2423.28 ,2429.03 ,2437.05 ,9051841800,9051841800,89119.22,41.45,57.55,-4.0421,2441.008,2463.757,2377.241333,85853.2337,-41.37,49.69125,-0.49,2541.14,2269.3,2423,73.91801419,0.189362803,-0.006078437,-0.020222996,-1.711026081
2013-09-26,2422.63 ,2422.63 ,2382.54 ,2384.44 ,2403.06 ,8623677000,8623677000,84183.92,28.07,47.73,-14.1434,2432.432,2454.712,2378.087,84066.9967,-36.56,48.8656,-1.97,2540.34,2274.45,2473,73.04146348,0.20282446,-0.018355887,-0.079635475,-1.60031994
2013-09-27,2382.22 ,2402.20 ,2379.86 ,2394.97 ,2389.81 ,6597150800,6597150800,66383.99,22.42,39.29,-19.0756,2424.924,2445.92,2379.616667,83475.5299,-33.83,48.06685,-1.24,2538.55,2282.94,2471,73.22239031,0.201712196,0.004415287,-0.152822403,-1.423795294
2013-09-30,2406.21 ,2415.07 ,2397.22 ,2409.04 ,2406.89 ,5951399200,5951399200,60990.14,22.8,33.79,-20.014,2412.274,2436.078,2382.532,79489.4207,-28.76,48.06395,-0.13,2535.49,2295.07,2468,74.31762079,0.201157963,0.00587314,-0.223055991,-1.203827555
2013-10-08,2406.42 ,2446.70 ,2392.57 ,2441.81 ,2421.88 ,8478550600,8478550600,84229.91,35.48,34.36,-15.9676,2411.858,2431.369,2387.121,76981.4362,-23.19,49.2303,1.24,2532.41,2310.94,2464,76.67508975,0.204685546,0.013604606,-0.306806497,-1.039246254
2013-10-09,2432.94 ,2453.75 ,2424.77 ,2453.58 ,2441.26 ,7627764500,7627764500,76128.34,49.99,39.57,-11.6529,2416.768,2428.888,2391.192667,74383.261,-30.82,50.6681,1.52,2528.98,2327.7,2461,77.79538526,0.204824089,0.004821012,-0.360276914,-0.960055657
2013-10-10,2455.64 ,2455.98 ,2422.02 ,2429.32 ,2440.74 ,9032970600,9032970600,89468.02,51,43.38,-11.9683,2425.744,2429.088,2395.087667,75440.0804,-24.68,49.49585,0.15,2526.53,2337.62,2458,77.836516,0.204570509,-0.009890026,-0.476910676,-0.512007023
2013-10-11,2442.36 ,2471.17 ,2439.63 ,2468.51 ,2455.42 ,9338826100,9338826100,91811.54,66.36,51.04,-7.0436,2440.452,2432.688,2400.418333,80525.5907,-28.29,49.9853,1.15,2525.49,2350.44,2393,80.2833402,0.210415006,0.016132518,-0.641127619,0.014163456
2013-10-14,2472.27 ,2483.13 ,2462.55 ,2472.54 ,2472.62 ,10008130100,10008130100,99109.16,74.16,58.74,-3.5641,2453.152,2432.713,2406.038667,88149.3935,-29.06,51.43695,0.79,2520.55,2368.46,2394,82.00717319,0.209147809,0.001634186,-0.564812684,0.017216888
2013-10-15,2475.32 ,2479.13 ,2449.42 ,2467.52 ,2467.85 ,8917349600,8917349600,86100.82,77.73,65.07,-2.32,2458.294,2435.076,2412.058333,88523.5761,-19.68,51.66055,0.38,2514.68,2385.31,2398,79.25221453,0.20920329,-0.002032321,-0.340235262,-0.415439657
2013-10-16,2459.08 ,2459.08 ,2409.72 ,2421.37 ,2437.31 ,8897983400,8897983400,83150.85,65.22,65.12,-7.7864,2451.852,2434.31,2414.916667,89928.077,-19.83,48.46265,-1.24,2514.87,2383.2,2401,72.6134538,0.184426913,-0.018701391,-0.262382089,-0.632087703
2013-10-17,2432.65 ,2440.92 ,2407.78 ,2413.33 ,2423.67 ,7122247400,7122247400,67722.89,51.12,60.45,-12.2905,2448.654,2437.199,2417.331667,85579.0514,-9.67,44.9943,-1.44,2512.45,2379.46,2404,65.50483111,0.176634482,-0.003320846,-0.045012873,-0.767896986
2013-10-18,2415.12 ,2435.71 ,2410.60 ,2426.05 ,2421.87 ,6029163000,6029163000,59138.75,46.4,55.77,-13.2774,2440.162,2440.307,2420.598,79044.4939,-1.15,42.9589,-0.58,2507.8,2378.43,2408,58.15953956,0.177464703,0.005272383,0.144056572,-0.557540429
2013-10-21,2431.92 ,2472.79 ,2423.56 ,2471.32 ,2449.90 ,8490979500,8490979500,82223.15,59.04,56.86,-7.8235,2439.918,2446.535,2425.698333,75667.2917,-6.08,43.18495,1.29,2500.18,2382.43,2410,54.37256258,0.186967858,0.018659107,-0.16334119,-0.863343309
2013-10-22,2470.26 ,2470.26 ,2439.86 ,2445.89 ,2456.57 ,9070302900,9070302900,83412.05,56.22,56.65,-7.6243,2435.592,2446.943,2430.097667,75129.5381,-9.31,43.21645,0.42,2493.69,2384.62,2413,50.02898445,0.188633816,-0.010290444,-0.252762031,-0.72517512
2013-10-23,2451.56 ,2474.37 ,2412.48 ,2418.49 ,2439.23 ,9154535500,9154535500,83286.78,42.22,51.84,-10.9633,2435.016,2443.434,2433.369333,75156.7248,-12.31,44.48265,-0.68,2488.14,2384.18,2412,47.08598523,0.191919272,-0.011202462,-0.136515964,-0.663850117
2013-10-24,2412.24 ,2422.94 ,2395.47 ,2400.51 ,2407.79 ,6456082100,6456082100,60427.24,30.06,44.58,-15.1176,2432.452,2440.553,2434.903,73697.5935,-16.29,43.0937,-1.31,2489.1,2380.55,2474,43.13173597,0.179268379,-0.007434388,-0.08570188,-0.9463404
2013-10-25,2400.52 ,2413.33 ,2353.99 ,2368.56 ,2384.10 ,7707018200,7707018200,70778.1,23.92,37.69,-21.3137,2420.954,2430.558,2435.498333,76025.4616,-2.64,44.4415,-2.16,2493.48,2369.77,2473,35.78869917,0.184578679,-0.013310499,-0.287111889,-0.714733182
2013-10-28,2372.57 ,2377.25 ,2351.86 ,2365.95 ,2366.91 ,6287615200,6287615200,56602.1,19.78,31.72,-24.6714,2399.88,2419.899,2436.305333,70901.2523,-9.65,42.41485,-1.41,2491.63,2360.99,2468,30.10271421,0.172582741,-0.001099825,-0.284397727,-0.708949589
2013-10-29,2369.22 ,2408.62 ,2327.90 ,2372.05 ,2369.45 ,10673783300,10673783300,91741.56,23.24,28.89,-24.906,2385.112,2410.352,2436.781,72567.1535,-8.35,43.9174,-0.55,2491.76,2353.67,2461,25.7487285,0.169685891,0.002577819,-0.127424515,-0.990848851
2013-10-30,2371.85 ,2407.85 ,2365.51 ,2407.47 ,2388.17 ,9217812600,9217812600,75735.07,33.6,30.46,-19.3719,2382.908,2408.962,2435.676333,71056.8112,3.47,46.16715,1.03,2490.94,2352.34,2450,25.61269207,0.178188639,0.01493137,-0.027608033,-1.038112632
2013-10-31,2398.40 ,2398.40 ,2370.23 ,2373.72 ,2385.19 ,8273696400,8273696400,70393.88,32.83,31.25,-19.2965,2377.55,2405.001,2432.304,73050.14,-18.68,45.8068,-0.16,2491.76,2350.44,2441,23.26940747,0.172864678,-0.014020107,-0.053110712,-1.075935451
2013-11-01,2373.96 ,2395.01 ,2365.15 ,2384.96 ,2379.77 ,6305576200,6305576200,57820.03,34.87,32.46,-16.8602,2380.83,2400.892,2429.039667,70458.5263,-17.04,46.18275,0.17,2492.18,2349.02,2432,20.9020871,0.1729818,0.00473603,-0.041935389,-1.149441837
2013-11-04,2397.21 ,2404.90 ,2376.36 ,2380.45 ,2389.73 ,5179846100,5179846100,48959.46,35.21,33.37,-15.0437,2383.73,2391.805,2424.806,68929.9991,-14.75,46.4093,-0.14,2492.83,2345.51,2423,16.78913274,0.171558946,-0.00188934,0.017010397,-1.316386629
2013-11-05,2366.88 ,2385.69 ,2343.80 ,2383.77 ,2370.04 ,6208448800,6208448800,56935.55,43.07,36.6,-12.6771,2386.074,2385.593,2421.301667,61968.7971,-10.03,45.7971,-0.1,2490.74,2341.79,2419,12.45897611,0.163545114,0.001392592,0.213401327,-1.330655032
2013-11-06,2371.32 ,2383.54 ,2352.79 ,2353.57 ,2365.31 ,6377666300,6377666300,59536.87,38.73,37.31,-14.3394,2375.294,2379.101,2417.141,58729.1583,-10.23,44.72535,-0.91,2488.57,2333.96,2411,8.0485773,0.166828262,-0.012669432,0.322370927,-1.131206862
2013-11-07,2351.87 ,2356.67 ,2328.25 ,2340.55 ,2344.34 ,5482174700,5482174700,50942.57,31.04,35.22,-16.2142,2368.66,2373.105,2414.248667,54838.8962,-19.25,44.4482,-1.19,2489.76,2323.9,2404,1.248348435,0.164799973,-0.005530327,0.324436819,-1.03539506
2013-11-08,2329.08 ,2342.67 ,2306.04 ,2307.95 ,2321.44 ,5378850800,5378850800,48565,21.32,30.59,-20.5861,2353.258,2367.044,2410.096667,52987.8909,-15.25,43.82235,-1.93,2487.48,2310.13,2395,-7.043918986,0.155857752,-0.013931329,0.069701656,-0.31656864
2013-11-11,2305.94 ,2325.23 ,2295.00 ,2315.89 ,2310.52 ,4573945700,4573945700,42566.55,20.38,27.18,-21.0727,2340.346,2362.038,2404.883333,51709.3081,-10.71,43.15875,-1.04,2479.89,2302.04,2383,-14.27312304,0.156753224,0.003442023,0.016736704,-0.267869899
2013-11-12,2319.36 ,2342.53 ,2316.60 ,2340.00 ,2329.62 ,5268754500,5268754500,49854.76,27.24,27.2,-16.9867,2331.592,2358.833,2401.420333,50293.1508,-0.6,44.04915,0.36,2468.55,2300.63,2369,-17.62801689,0.164052974,0.010411121,0.071057665,-0.202234282
2013-11-13,2325.36 ,2325.56 ,2287.55 ,2288.12 ,2306.65 ,5984883100,5984883100,53183.05,18.32,24.24,-19.9091,2318.502,2346.898,2396.723333,49022.3862,-9.68,43.482,-1.31,2470.33,2285.53,2357,-23.00731604,0.169105906,-0.02217265,-0.024503436,-0.108576121
2013-11-14,2291.27 ,2305.70 ,2279.01 ,2304.50 ,2295.12 ,5731035600,5731035600,51945.08,18.96,22.48,-18.3133,2311.292,2339.976,2394.058667,49222.8879,-2.3,43.1594,-0.29,2468.84,2276.14,2344,-27.93460024,0.17273732,0.007160913,0.126312486,-0.304196455
2013-11-15,2306.55 ,2377.21 ,2306.55 ,2350.73 ,2335.26 ,8639177100,8639177100,83147.86,35.05,26.67,-10.1176,2319.848,2336.553,2392.584,56139.4596,-1.87,46.6729,1.33,2462.1,2275.34,2279,-32.56727023,0.188299953,0.020062044,0.314026149,0.077690435
2013-11-18,2367.88 ,2429.57 ,2361.04 ,2428.90 ,2396.85 ,11003463300,11003463300,108549.51,56.55,36.63,5.8849,2342.45,2341.398,2393.246,69336.0525,0.5,49.71445,3.69,2451.73,2281.47,2281,-31.78830672,0.213488523,0.033253018,-0.07297397,-0.491259682
2013-11-19,2427.93 ,2427.93 ,2405.08 ,2412.16 ,2418.28 ,7864829600,7864829600,79884.94,67.18,46.81,13.8144,2356.882,2344.237,2392.257667,75342.0871,-17.84,50.7243,2.35,2444.59,2285.24,2287,-30.51529138,0.211810218,-0.006892,-0.321320783,-0.659222907
2013-11-20,2428.77 ,2435.43 ,2406.42 ,2424.85 ,2423.87 ,7229180100,7229180100,67741.43,75.87,56.5,19.9931,2384.228,2351.365,2391.3,78253.7627,-19.15,49.1474,1.7,2445.86,2284.61,2293,-27.77257681,0.208970192,0.005259595,-0.281533832,-0.653881014
2013-11-21,2412.45 ,2415.38 ,2382.88 ,2409.99 ,2405.18 ,8770667700,8770667700,82220.53,78.49,63.83,21.1885,2405.326,2358.309,2390.655667,84308.8526,-17.81,49.3992,0.19,2447.31,2284.1,2301,-24.31244797,0.208387878,-0.006128627,-0.270862795,-0.711166808
2013-11-22,2415.29 ,2419.00 ,2393.58 ,2397.96 ,2406.46 ,7500067500,7500067500,70052.21,77.67,68.44,19.5108,2414.772,2367.31,2388.304,81689.7222,-20.84,48.2383,-0.7,2450.05,2284.31,2309,-21.49642557,0.203187963,-0.004990479,-0.349393922,-0.802640623
2013-11-25,2385.78 ,2418.85 ,2380.69 ,2388.63 ,2393.49 ,6614473400,6614473400,63811.27,75.14,70.68,16.4203,2406.718,2374.584,2385.507,72742.0726,-15.37,48.87715,-0.75,2451.73,2284.89,2317,-19.59280429,0.203743937,-0.003892055,-0.425225006,-0.817780416
2013-11-26,2387.83 ,2399.02 ,2380.41 ,2387.42 ,2388.67 ,5918586400,5918586400,53334.2,73.2,71.52,13.6054,2401.77,2379.326,2382.837,67431.9262,-17.98,45.77205,-0.6,2452.92,2285.24,2324,-19.61591408,0.203616795,-0.000507823,-0.474353452,-0.829492892
2013-11-27,2386.36 ,2422.81 ,2383.78 ,2414.48 ,2401.86 ,7529408800,7529408800,70744.78,76.71,73.25,14.6879,2399.696,2391.962,2382.607333,68032.5957,-21.12,43.8944,0.62,2454,2284.86,2330,-16.59696837,0.200633585,0.011336525,-0.461173872,-0.85675874
2013-11-28,2419.15 ,2460.56 ,2417.24 ,2439.53 ,2434.12 ,9066040600,9066040600,86852.45,77.43,74.64,17.8666,2405.604,2405.465,2383.480667,68958.9793,-24.27,46.08875,1.41,2462.93,2282.51,2337,-13.03861996,0.19629627,0.010374486,-0.404202314,-0.943600673
2013-11-29,2442.68 ,2446.40 ,2432.39 ,2438.94 ,2440.10 ,6180374600,6180374600,61907.37,75.96,75.08,18.8791,2413.8,2414.286,2383.910333,67330.0129,-31.26,46.0538,1.04,2470.28,2280.56,2349,-9.462188958,0.19596083,-0.00024021,-0.379358087,-1.062385807
2013-12-02,2423.97 ,2464.86 ,2397.01 ,2418.79 ,2426.16 ,11965512300,11965512300,112921.84,65.79,71.99,15.9413,2419.832,2413.275,2382.159333,77152.1281,-28.61,47.4591,-0.04,2474.16,2280.52,2361,-7.23812951,0.198568846,-0.008264232,-0.446885537,-1.135628806
2013-12-03,2410.69 ,2448.33 ,2406.66 ,2442.78 ,2427.12 ,7445575200,7445575200,72045.23,68.48,70.82,16.2789,2430.904,2416.337,2382.055667,80894.3341,-21.82,47.93105,0.49,2481.43,2279.14,2373,-2.415423035,0.201169216,0.009920671,-0.460066236,-1.214014592
2013-12-04,2439.82 ,2486.64 ,2434.69 ,2475.14 ,2459.07 ,10265023500,10265023500,94783.93,75.38,72.34,19.6831,2443.036,2421.366,2383.944,85702.1652,-19.26,49.94295,1.31,2495.08,2277.65,2384,4.434498117,0.198300838,0.013243496,-0.427284034,-0.998574734
2013-12-05,2476.45 ,2481.75 ,2460.58 ,2468.20 ,2471.75 ,7770893200,7770893200,72999.93,77.8,74.16,19.77,2448.77,2427.187,2386.200333,82931.6624,-28.2,50.87465,0.79,2505.07,2280.43,2398,12.22537321,0.19705816,-0.002803079,-0.555329224,-0.810310237
2013-12-06,2463.04 ,2470.81 ,2445.62 ,2452.29 ,2457.94 ,6611408900,6611408900,64843.21,74.42,74.25,16.5831,2451.44,2432.62,2388.991333,83518.8291,-29.11,50.3026,0.03,2507.8,2292.13,2411,18.43400455,0.190277654,-0.006446001,-0.770221286,-0.300643015
2013-12-09,2460.03 ,2468.95 ,2445.94 ,2450.87 ,2456.45 ,5716488400,5716488400,57634.54,71.36,73.28,13.323,2457.856,2438.844,2391.822,72461.3687,-26.13,49.9576,-0.28,2509.15,2304.27,2421,23.05590432,0.19069775,-0.000577012,-1.024271869,0.506872023
2013-12-10,2456.23 ,2466.66 ,2444.53 ,2453.32 ,2455.19 ,6694142400,6694142400,61236.73,68.51,71.69,10.6514,2459.964,2445.434,2394.531,70299.6677,-24.68,48.688,-0.27,2511.77,2312.99,2431,30.16340911,0.188682656,0.000999644,-1.313434412,1.480108914
2013-12-11,2440.50 ,2440.50 ,2400.74 ,2412.76 ,2423.63 ,6807514400,6807514400,62808.85,51.53,64.97,2.975,2447.488,2445.262,2394.707333,63904.6516,-22.64,48.77525,-1.42,2499.02,2338.21,2471,34.06833865,0.179544503,-0.016532278,-1.275251284,2.365899397
2013-12-12,2406.77 ,2423.31 ,2402.77 ,2410.02 ,2410.72 ,5014771900,5014771900,47481.45,39.19,56.38,-2.6156,2435.852,2442.311,2395.917333,58800.9548,-17.18,48.5691,-1.06,2484.07,2363.71,2469,35.32897172,0.179206398,-0.001138943,-0.443946374,0.465155477
2013-12-13,2388.66 ,2416.26 ,2386.25 ,2406.64 ,2399.45 ,5150119600,5150119600,47583.53,32.9,48.55,-6.6816,2426.722,2439.081,2396.64,55349.0188,-20.36,45.15955,-0.83,2476.93,2376.44,2468,32.44932313,0.166945259,-0.001400821,0.289514875,-0.737466037
2013-12-16,2408.68 ,2412.73 ,2367.43 ,2367.92 ,2389.19 ,6458167400,6458167400,62107.89,22.07,39.72,-14.0741,2410.132,2433.994,2396.222333,56243.6897,-13.28,41.2739,-1.75,2480.31,2366.96,2465,28.61485698,0.130782933,-0.016087166,0.040407607,-0.545654688
2013-12-17,2369.26 ,2373.29 ,2351.18 ,2356.38 ,2362.53 ,4848389100,4848389100,46306.08,16.04,31.83,-19.663,2390.744,2425.354,2395.309333,53257.559,-15.82,39.03455,-1.44,2484.9,2356.79,2459,23.76041413,0.129816778,-0.004876426,-0.219775894,-0.459174327
2013-12-18,2356.70 ,2368.58 ,2350.45 ,2357.23 ,2358.24 ,4001520700,4001520700,39675.27,12.57,25.41,-22.2021,2379.638,2413.563,2395.431333,48630.8428,-27.37,38.4236,-0.94,2487.49,2347.44,2450,19.93424342,0.127756424,0.000360723,-0.196137665,-0.765936248
2013-12-19,2366.21 ,2370.99 ,2331.19 ,2332.41 ,2350.20 ,4809568000,4809568000,45148.87,8.68,19.83,-25.9225,2364.116,2399.984,2395.16,48164.3267,-29.59,38.7882,-1.34,2493.28,2333.89,2440,15.65993125,0.130868655,-0.010527629,-0.375738934,-0.645905896
2013-12-20,2335.05 ,2338.88 ,2278.10 ,2278.14 ,2307.54 ,6520420700,6520420700,60862.13,5.79,15.15,-33.8879,2338.416,2382.569,2394.166333,50820.0471,-42.06,40.0211,-2.58,2507.65,2307.54,2427,9.352284688,0.152034015,-0.023269494,-0.947421456,0.826931595
2013-12-23,2283.80 ,2295.77 ,2259.57 ,2284.60 ,2280.94 ,4558028500,4558028500,44415.34,8.47,12.93,-36.268,2321.752,2365.942,2393.123333,47281.5369,-43.4,39.9224,-1.6,2516.44,2288.35,2406,3.743970453,0.153123972,0.002838285,-0.919498713,0.127126617
2013-12-24,2291.13 ,2312.83 ,2270.25 ,2288.25 ,2290.62 ,4559916800,4559916800,45173.19,11.49,12.45,-35.2985,2308.126,2349.435,2391.398333,47054.9601,-38.75,41.65475,-0.86,2522.33,2272.54,2383,-2.754878069,0.153618023,0.001595902,-0.791160473,-0.546424689
2013-12-25,2291.75 ,2305.61 ,2281.60 ,2305.11 ,2296.02 ,4400532600,4400532600,41202.98,17.35,14.08,-30.5139,2297.702,2338.67,2391.964667,47360.503,-37.29,41.30325,0.32,2523.14,2260.79,2363,-9.338134166,0.149654908,0.007368957,-0.568466103,-1.08767454
2013-12-26,2299.97 ,2301.49 ,2263.92 ,2265.33 ,2282.68 ,5149756300,5149756300,48603.01,12.82,13.66,-30.7486,2284.286,2324.201,2390.659,48051.3324,-51.67,39.343,-0.83,2523.92,2242.59,2347,-17.55172746,0.150955558,-0.017255576,-0.405375748,-1.316016615
2013-12-27,2268.54 ,2315.18 ,2264.39 ,2303.48 ,2287.90 ,5338915700,5338915700,51197.95,21.42,16.24,-24.1003,2289.354,2313.885,2389.084,46118.4957,-46.12,40.448,0.62,2518.89,2234.07,2333,-22.43964108,0.167209188,0.016838135,-0.182794122,-1.496719244
2013-12-30,2313.38 ,2316.62 ,2295.64 ,2299.46 ,2306.28 ,4841430800,4841430800,46156.44,26.21,19.57,-18.8138,2292.326,2307.039,2384.769333,46466.7157,-50.14,39.66695,0.31,2515.44,2225.59,2322,-28.48395903,0.1659943,-0.001745187,0.019799847,-1.598804422
2013-12-31,2289.01 ,2333.07 ,2287.12 ,2330.03 ,2309.81 ,5663107000,5663107000,57026.49,38.55,25.9,-10.2002,2300.682,2304.404,2382.031667,48837.3746,-38.77,39.3985,1.28,2506.71,2223.05,2264,-34.31521108,0.169679149,0.013293567,0.213945756,-1.461962576
2014-01-02,2323.43 ,2325.99 ,2310.65 ,2321.98 ,2320.51 ,4519429100,4519429100,49012.21,51.93,34.57,-4.8588,2304.056,2300.879,2378.602667,50399.22,-33.62,37.34335,0.78,2490.25,2224.2,2265,-39.91040053,0.159465887,-0.003454039,0.36276412,-1.291319492
2014-01-03,2311.97 ,2314.84 ,2280.89 ,2290.78 ,2299.62 ,5978264500,5978264500,57739.71,48.78,39.31,-4.792,2309.146,2296.716,2374.629,52226.5593,-31.22,36.68815,-0.8,2473.65,2223.05,2267,-45.9902805,0.163607701,-0.013436389,0.514577577,-1.109318913
2014-01-06,2286.37 ,2286.37 ,2229.33 ,2238.64 ,2260.18 ,6630040300,6630040300,59979.36,35.51,38.04,-10.6966,2296.178,2292.766,2369.318333,53982.842,-17.36,38.2805,-2.51,2462.09,2213.25,2333,-54.30251647,0.17726846,-0.022761689,0.510426419,-0.71461276
2014-01-07,2222.31 ,2246.79 ,2218.65 ,2238.00 ,2231.44 ,4375310300,4375310300,42565.65,29.31,35.13,-13.4367,2283.886,2288.106,2364.297333,53264.6831,-15.4,38.52145,-2.01,2447.01,2207.04,2331,-62.35344065,0.177358761,-0.000284101,0.505987306,-0.456060671
2014-01-08,2240.64 ,2262.58 ,2228.42 ,2241.91 ,2243.39 ,5134885400,5134885400,50691.49,26.32,32.19,-13.4385,2266.262,2283.472,2359.447,51997.6836,-12.49,39.6116,-1.07,2426.42,2206.49,2327,-67.77836862,0.177687605,0.001747095,0.380713971,-0.710594372
2014-01-09,2236.97 ,2258.89 ,2220.80 ,2222.22 ,2234.72 ,5598704100,5598704100,54399.49,18.58,27.66,-14.7053,2246.31,2275.183,2353.038333,53075.1397,-17.38,39.52815,-1.07,2414.76,2199.1,2322,-73.77915019,0.172674181,-0.008782686,0.353706922,-0.490746738
2014-01-10,2216.52 ,2224.49 ,2200.22 ,2204.85 ,2211.52 ,5416929300,5416929300,47572.31,13.55,22.95,-16.369,2229.124,2269.135,2345.215667,51041.6596,-29.35,39.61375,-1.09,2402.22,2191.12,2318,-80.17959268,0.172783599,-0.007816504,0.174611548,-0.404775308
2014-01-13,2207.00 ,2222.07 ,2183.60 ,2193.68 ,2201.59 ,5012277200,5012277200,46123,11.28,19.06,-17.3656,2220.132,2258.155,2337.040333,48270.3883,-28.12,40.0368,-1.19,2387.76,2184.28,2311,-84.88281304,0.17241624,-0.005067009,-0.172800116,-0.814346699
2014-01-14,2192.84 ,2214.12 ,2179.91 ,2212.85 ,2199.93 ,5404994700,5404994700,46785.1,15.04,17.72,-13.9798,2215.102,2249.494,2330.175667,49114.2787,-24.75,39.4824,-0.1,2377.32,2179.21,2301,-87.81517239,0.17289544,0.008737377,-0.113940819,-0.994170332
2014-01-15,2210.02 ,2215.90 ,2193.80 ,2208.94 ,2207.17 ,4896239500,4896239500,45755.91,17.2,17.55,-10.9387,2208.508,2237.385,2322.381,48127.1638,-21.46,40.177,0.02,2367.38,2174.4,2289,-90.83866377,0.172890968,-0.001764696,-0.031468273,-1.117817956
2014-01-16,2209.45 ,2227.26 ,2201.56 ,2211.84 ,2212.53 ,5229890200,5229890200,49842.78,21.46,18.85,-7.3789,2206.432,2226.371,2313.604333,47215.8223,-23.16,40.9434,0.25,2354.47,2172.78,2278,-92.32503058,0.173186251,0.001314204,-0.02949191,-1.429106352
2014-01-17,2203.82 ,2205.97 ,2175.88 ,2178.49 ,2191.04 ,5027315500,5027315500,46268.16,15.31,17.67,-8.2905,2201.16,2215.142,2303.947333,46954.9922,-39.11,40.45835,-1.03,2348.3,2163.55,2268,-92.69117905,0.176541432,-0.01508063,-0.026634027,-1.338624851
2014-01-20,2173.65 ,2182.46 ,2156.46 ,2165.99 ,2169.64 ,4056015400,4056015400,39157.23,13.2,16.18,-9.2769,2195.622,2207.877,2294.404,45561.837,-39.21,38.71965,-1.35,2350.32,2150.32,2257,-93.9870701,0.160170267,-0.00573563,0.009009897,-1.28219086
2014-01-21,2168.42 ,2197.92 ,2168.42 ,2187.41 ,2180.54 ,4030624700,4030624700,38590.99,18.87,17.08,-5.9079,2190.534,2202.818,2285.622,43923.0156,-38.39,38.9834,-0.14,2347.87,2143.06,2243,-94.3296166,0.165131597,0.009887844,0.199731296,-1.317208247
2014-01-22,2190.43 ,2244.13 ,2187.53 ,2243.80 ,2216.47 ,7064137500,7064137500,64803.36,45.79,26.65,4.4912,2197.506,2203.007,2278.638,47732.5041,-30.2,40.1062,2.11,2343.64,2142.84,2156,-92.67883577,0.19189586,0.025777518,0.323380674,-1.118313871
2014-01-23,2242.25 ,2248.92 ,2228.06 ,2231.89 ,2237.78 ,5634595100,5634595100,55726.42,57.72,37.01,10.0239,2201.516,2203.974,2272.609,48909.2308,-30.91,41.4075,1.38,2335.73,2143.42,2158,-89.71714398,0.18986513,-0.005306632,0.497115642,-0.719831436
2014-01-24,2225.76 ,2257.36 ,2222.89 ,2245.68 ,2237.92 ,6116767000,6116767000,59563.45,67.95,47.32,15.4736,2214.954,2208.057,2267.131,51568.2879,-24.72,41.25205,1.39,2334.04,2143.15,2162,-88.12128678,0.182137718,0.006178175,0.567867776,-0.586902712
2014-01-27,2233.02 ,2233.23 ,2211.80 ,2215.92 ,2223.49 ,7034424600,7034424600,63503.99,64.95,53.2,14.9919,2224.94,2210.281,2260.773667,56437.6409,-31.48,39.76065,-0.41,2325.05,2143.38,2168,-87.89217244,0.175758026,-0.013251677,0.803366825,0.06920502
2014-01-28,2220.79 ,2233.26 ,2205.97 ,2219.86 ,2219.97 ,5326913000,5326913000,49408.76,64.24,56.88,15.0849,2231.43,2210.982,2255.838333,58601.1933,-29.74,38.51315,-0.52,2315.86,2144.61,2173,-89.00611382,0.176252545,0.001776238,1.060796345,1.058291769
2014-01-29,2225.71 ,2233.06 ,2219.93 ,2227.78 ,2226.62 ,5022271700,5022271700,48788.68,66.39,60.05,16.0069,2228.226,2212.866,2251.551667,55398.2584,-29.62,37.56955,-0.02,2296.72,2153.53,2178,-89.26565813,0.16854726,0.003570504,1.02708791,2.059177425
2014-01-30,2223.16 ,2223.16 ,2200.22 ,2202.45 ,2212.25 ,4363230400,4363230400,43475.96,59.45,59.85,13.1197,2222.338,2211.927,2246.392333,52948.1671,-13.95,36.7728,-0.89,2274.91,2163.39,2183,-89.21882522,0.171659571,-0.011370507,0.417187742,1.249545101
2014-02-07,2187.34 ,2212.50 ,2177.12 ,2212.48 ,2197.36 ,5045931500,5045931500,49597.11,56.15,58.62,12.4797,2215.698,2215.326,2242.394667,50954.8994,-20.52,36.8444,-0.15,2259.66,2170.81,2177,-86.06558396,0.168416499,0.004555382,-0.543845875,-0.1977936
2014-02-10,2221.54 ,2270.19 ,2221.54 ,2267.53 ,2245.20 ,8306571600,8306571600,81103.24,69.81,62.35,18.9994,2226.02,2225.48,2242.041,54474.7497,-8.07,38.6464,1.86,2265.93,2167.43,2180,-80.28565476,0.173312988,0.024881999,-0.084947669,0.080732807
2014-02-11,2267.74 ,2296.52 ,2262.60 ,2285.56 ,2278.11 ,9922982900,9922982900,92688.97,76.82,67.17,24.8965,2239.16,2235.295,2242.073,63130.7927,-0.04,40.988,2.07,2276.54,2161.57,2188,-74.08882202,0.17516821,0.007950487,0.451119055,0.53039485
2014-02-12,2286.19 ,2294.32 ,2276.44 ,2291.25 ,2287.05 ,7659216100,7659216100,73487.38,83.07,72.47,28.4625,2251.854,2240.04,2242.173,68070.532,-1.35,40.37705,1.75,2286.84,2156.21,2199,-66.93313092,0.175226603,0.002486916,0.666815328,0.314025993
2014-02-13,2288.45 ,2307.47 ,2278.26 ,2279.55 ,2288.43 ,9621778900,9621778900,87352.12,81.58,75.51,28.096,2267.274,2244.806,2241.321,76845.7647,1.95,40.02395,0.54,2294.68,2154.1,2208,-59.85132438,0.172925697,-0.0051029,0.525821746,-0.395723846
2014-02-14,2278.40 ,2295.85 ,2274.43 ,2295.57 ,2286.06 ,6708299700,6708299700,64613.33,84.67,78.56,28.758,2283.892,2249.795,2242.329,79849.009,3.77,39.88115,0.51,2305.35,2152.5,2220,-51.76395816,0.170555373,0.007028129,0.397353116,-0.773986438
2014-02-17,2308.79 ,2315.58 ,2293.55 ,2311.65 ,2307.39 ,8783166600,8783166600,86871.35,88.84,81.99,29.972,2292.716,2259.368,2242.601333,81002.6307,-1.15,40.0149,0.83,2317.73,2151.92,2231,-44.23571025,0.169266864,0.007001296,0.334279359,-0.836888036
2014-02-18,2310.31 ,2310.31 ,2276.11 ,2282.44 ,2294.79 ,8704974300,8704974300,88107.27,84.58,82.85,25.6193,2292.092,2265.626,2242.034,80086.2905,-3.76,40.01415,-0.42,2323.14,2153.47,2243,-38.34887474,0.175997566,-0.012633849,0.128682491,-1.07332841
2014-02-19,2280.93 ,2317.42 ,2274.15 ,2308.66 ,2295.29 ,9935256100,9935256100,88341.9,87.64,84.45,25.0223,2295.574,2273.714,2241.321667,83057.1946,-1.34,40.3778,0.57,2332.47,2154.11,2253,-31.590831,0.178903665,0.011485067,-0.017196244,-1.179383731
2014-02-20,2314.09 ,2331.70 ,2286.20 ,2287.44 ,2304.86 ,10643953300,10643953300,91771.6,78.37,82.42,20.6985,2297.152,2282.213,2240.170333,83941.0889,1.04,41.5821,-0.42,2337.04,2157.1,2263,-24.56388945,0.183462332,-0.009191495,-0.222257093,-1.17761518
2014-02-21,2284.03 ,2287.87 ,2250.65 ,2264.29 ,2271.71 ,7636899300,7636899300,69908.19,57.85,74.23,13.9719,2290.896,2287.394,2239.287333,85000.0611,-4.91,41.93815,-1.16,2335.56,2167.16,2332,-18.42064498,0.178119355,-0.010117004,-0.355299296,-0.873881161
2014-02-24,2246.72 ,2246.72 ,2194.16 ,2214.51 ,2225.53 ,8921593900,8921593900,79599.15,43.5,63.99,2.6612,2271.468,2282.092,2238.483,83545.6198,6.51,43.26545,-2.51,2330.06,2177.52,2330,-16.14466273,0.19623358,-0.021986986,-0.087206684,-1.336550644
2014-02-25,2216.52 ,2225.21 ,2150.09 ,2157.91 ,2187.43 ,9323755100,9323755100,88306.57,30.44,52.8,-11.8065,2246.562,2269.327,2235.813333,83585.4806,12.71,44.9479,-3.95,2334.87,2169.75,2325,-19.63177959,0.215215288,-0.025558713,-0.439234775,-0.40322694
2014-02-26,2147.74 ,2164.70 ,2137.08 ,2163.41 ,2153.23 ,7799329700,7799329700,68640.58,24.8,43.47,-19.5413,2217.512,2256.543,2233.196667,79645.2167,13.41,42.5432,-2.44,2339.92,2156.66,2314,-22.07439061,0.192488265,0.00254691,-0.454935647,-0.70934604
2014-02-27,2170.81 ,2180.06 ,2150.14 ,2154.11 ,2163.78 ,9010429600,9010429600,81588,19.45,35.46,-24.495,2190.846,2243.999,2230.926333,77608.4975,7.91,41.6229,-1.68,2345.12,2143.69,2300,-25.54917108,0.19227749,-0.004297392,-0.465212567,-0.943831974
2014-02-28,2149.45 ,2180.47 ,2133.55 ,2178.97 ,2160.61 ,7666805700,7666805700,70216.8,20.61,30.51,-23.0302,2173.782,2232.339,2230.063667,77670.2196,9.37,42.2461,0.24,2345.94,2136.2,2287,-26.11911253,0.196075577,0.011542133,-0.313382583,-1.288000498
2014-03-03,2173.91 ,2194.22 ,2167.91 ,2190.37 ,2181.60 ,8207231400,8207231400,69408.74,23.3,28.11,-19.2846,2168.954,2220.211,2229.953333,75632.1383,28.57,44.2083,0.99,2346.55,2133.03,2272,-26.2874069,0.192250362,0.005231368,-0.261181833,-1.42403068
2014-03-04,2183.86 ,2188.60 ,2161.59 ,2184.27 ,2179.58 ,7306925000,7306925000,64691.44,24.06,26.76,-16.4954,2174.226,2210.394,2229.000667,70909.1115,21.67,44.19465,0.46,2347.33,2128.69,2258,-27.14843656,0.192191338,-0.002783548,-0.193200788,-1.579074766
2014-03-05,2187.35 ,2189.09 ,2159.59 ,2163.98 ,2175.00 ,6133201500,6133201500,55669.68,22.62,25.38,-16.2255,2174.34,2195.926,2227.502,68314.9312,22.58,44.3153,-0.48,2349.01,2120.63,2245,-27.71471473,0.193747719,-0.009292337,-0.110213152,-1.744822192
2014-03-06,2159.40 ,2181.43 ,2136.45 ,2173.63 ,2162.73 ,6909376700,6909376700,61495.02,26.88,25.88,-13.6904,2178.244,2184.545,2226.228333,64296.336,17.83,45.417,-0.21,2349.99,2116.77,2234,-28.27142899,0.191080279,0.004463081,-0.07867537,-1.823164949
2014-03-07,2170.04 ,2189.39 ,2161.44 ,2168.36 ,2172.31 ,6426517700,6426517700,58693.18,30.58,27.45,-11.7415,2176.122,2174.952,2225.890667,61991.6118,41.16,46.29475,-0.36,2351.07,2111.27,2224,-31.81665754,0.19016287,-0.002427272,-0.021782956,-1.920015312
2014-03-10,2149.68 ,2149.68 ,2095.07 ,2097.79 ,2123.06 ,7141640700,7141640700,63086.41,21.3,25.4,-18.57,2157.606,2163.28,2223.617333,60727.1463,47.19,44.37135,-2.77,2355.12,2090.25,2216,-39.61457467,0.19729272,-0.032545825,-0.074093168,-1.451412621
2014-03-11,2092.61 ,2118.79 ,2088.73 ,2108.66 ,2102.20 ,5762124300,5762124300,53075.78,20.5,23.76,-20.1051,2142.484,2158.355,2220.992333,58404.0152,43.86,42.1256,-1.58,2352.1,2075.58,2201,-46.76309593,0.195342016,0.005183558,0.057391835,-1.395031961
2014-03-12,2102.80 ,2130.59 ,2090.76 ,2114.13 ,2109.57 ,7006974700,7006974700,60115.24,21.69,23.07,-18.8854,2132.514,2153.427,2216.67,59293.1272,59.73,42.63255,-0.86,2345.04,2064.93,2185,-52.69594114,0.195390269,0.002595486,0.231334726,-1.301719599
2014-03-13,2119.55 ,2149.44 ,2115.99 ,2140.33 ,2131.33 ,6922602800,6922602800,59163.09,30.77,25.64,-13.3139,2125.854,2152.049,2213.618,58826.7413,69.13,44.015,0.68,2336.31,2059.74,2172,-57.82324408,0.203716988,0.012392308,0.455985294,-1.083746756
2014-03-14,2129.87 ,2140.38 ,2109.57 ,2122.84 ,2125.67 ,5861773700,5861773700,49805.25,31.81,27.69,-10.8531,2116.75,2146.436,2209.523333,57049.1552,63.44,44.4843,0.29,2323.53,2055.24,2160,-64.37263188,0.200795431,-0.008174896,0.668938009,-0.686934808
2014-03-17,2132.79 ,2143.20 ,2118.95 ,2143.04 ,2134.50 ,5240944500,5240944500,47571.29,39.19,31.53,-5.6356,2125.8,2141.703,2207.094,53946.1305,55.84,44.10785,0.81,2303.44,2058.48,2150,-68.12420028,0.202775087,0.009516515,0.85011753,-0.137053768
2014-03-18,2146.12 ,2152.46 ,2134.92 ,2138.13 ,2142.91 ,5535413200,5535413200,54188.44,42.48,35.18,-2.1558,2131.694,2137.089,2204.369667,54168.6622,76.53,44.07325,0.3,2287.76,2059.72,2152,-73.24414027,0.200045652,-0.002288807,1.123375224,0.858922385
2014-03-19,2131.28 ,2131.28 ,2101.29 ,2120.87 ,2121.18 ,5930390500,5930390500,55283.94,38.97,36.44,-1.519,2133.042,2132.778,2200.806,53202.4032,62.27,43.40975,-0.57,2261.23,2067.48,2146,-77.91023325,0.192914363,-0.008073866,1.146316584,1.440527591
2014-03-20,2116.19 ,2134.79 ,2086.50 ,2086.97 ,2106.11 ,6763128500,6763128500,58951.6,26.21,33.03,-4.8179,2122.37,2124.112,2196.956667,53160.1047,79.77,42.9472,-1.67,2238.19,2070.47,2139,-82.88107159,0.196783107,-0.015985421,0.733125579,1.193159035
2014-03-21,2079.87 ,2163.23 ,2077.76 ,2158.80 ,2119.92 ,10402480700,10402480700,83560.51,49.08,38.38,3.0951,2129.562,2123.156,2195.167333,59911.1576,56.4,45.35965,1.37,2215.19,2082.92,2078,-81.52256801,0.237927417,0.034418848,-0.119068445,-0.442858083
2014-03-24,2161.90 ,2186.73 ,2150.87 ,2176.55 ,2169.01 ,10449198400,10449198400,81203.91,62.94,46.57,10.7112,2136.264,2131.032,2192.134667,66637.6826,75.75,48.1807,1.89,2207.29,2087.02,2079,-76.51418961,0.228593815,0.008224947,-0.506242143,-0.771372707
2014-03-25,2170.78 ,2191.49 ,2164.67 ,2174.44 ,2175.35 ,8687751000,8687751000,67548.47,70.3,54.48,15.1827,2143.526,2137.61,2188.430667,69309.689,74.44,46.456,1.44,2209.19,2086.78,2084,-72.13673013,0.208653653,-0.00097126,-0.531364515,-0.84998616
2014-03-26,2181.23 ,2186.08 ,2165.22 ,2171.05 ,2175.90 ,5827617600,5827617600,50116.02,74.21,61.05,17.2508,2153.562,2143.302,2184.424,68276.1048,67.05,46.1455,0.81,2210.07,2086.66,2090,-67.68294362,0.208598301,-0.001560402,-0.542738474,-0.885888196
2014-03-27,2168.34 ,2186.89 ,2146.92 ,2155.71 ,2164.47 ,7127513200,7127513200,62175.86,72.32,64.81,16.1396,2167.31,2144.84,2180.296,68920.9565,72.71,45.99515,-0.54,2210.18,2086.71,2096,-65.46199644,0.209623471,-0.007065715,-0.550026477,-0.884851921
2014-03-28,2154.52 ,2172.67 ,2144.58 ,2151.97 ,2155.94 ,7008607300,7008607300,60123.34,69.96,66.53,14.5377,2165.944,2147.753,2175.509333,64233.5224,56.97,45.05305,-0.65,2207.18,2087.01,2102,-64.10914662,0.205262043,-0.001735857,-0.50798127,-0.787126871
2014-03-31,2156.05 ,2165.25 ,2134.42 ,2146.30 ,2150.51 ,5545748800,5545748800,48105.02,66.73,66.59,12.4327,2159.894,2148.079,2169.997667,57613.7436,47.3,43.56085,-0.63,2201.42,2088.36,2107,-62.80208929,0.204187817,-0.002630154,-0.559465137,-0.689273126
2014-04-01,2143.72 ,2170.09 ,2141.15 ,2163.11 ,2154.52 ,4886640300,4886640300,43659.06,69.5,67.56,12.9636,2157.628,2150.577,2166.02,52835.8618,49.31,43.9939,0.25,2198,2089.66,2112,-59.70503483,0.206416876,0.007832065,-0.667515861,-0.608568837
2014-04-02,2166.07 ,2182.68 ,2164.01 ,2180.73 ,2173.37 ,6503925700,6503925700,56777.15,76.51,70.55,15.1927,2159.564,2156.563,2161.755667,54168.0875,53.13,44.5956,0.98,2200.64,2088.7,2117,-56.36513308,0.205785038,0.008141962,-0.592788551,-0.688542707
2014-04-03,2188.64 ,2196.14 ,2160.75 ,2165.01 ,2177.64 ,7153603200,7153603200,57708.86,67.53,69.54,14.0793,2161.424,2164.367,2157.674667,53274.6874,50.21,44.1165,0.17,2199.4,2089.08,2121,-53.71437643,0.20689981,-0.007208147,-0.611531139,-0.632567913
2014-04-04,2157.98 ,2186.15 ,2155.28 ,2185.47 ,2171.22 ,4794588800,4794588800,43912.62,72.59,70.56,15.515,2168.124,2167.034,2155.047333,50032.544,44.47,43.01355,0.8,2202.32,2087.87,2127,-46.64440761,0.209457796,0.009452159,-0.507347969,-0.68777271
2014-04-08,2179.92 ,2243.97 ,2178.91 ,2237.32 ,2210.03 ,9721911700,9721911700,85692.89,79.7,73.61,22.4444,2186.328,2173.111,2155.807667,57550.1187,34.72,44.71775,2.33,2218.32,2085.82,2132,-37.87943723,0.184212078,0.023722107,0.392292899,1.310892982
2014-04-09,2239.79 ,2246.79 ,2228.99 ,2238.62 ,2238.55 ,6635726800,6635726800,61178.63,84.05,77.09,25.9506,2201.43,2179.529,2158.498,61054.0319,40.42,46.6091,1.69,2232,2085.14,2143,-29.76116537,0.184287565,0.000582841,0.554479671,1.020474531
2014-04-10,2241.45 ,2290.74 ,2229.52 ,2273.76 ,2258.87 ,11454540500,11454540500,101616.82,85.74,79.97,31.3876,2220.036,2189.8,2162.176333,70021.9646,23.96,47.60365,2.42,2253.16,2079.94,2156,-21.6017071,0.189601641,0.015697617,0.880062736,1.270196321
2014-04-11,2269.57 ,2281.11 ,2261.13 ,2270.67 ,2270.62 ,9061589700,9061589700,86154.85,86.22,82.05,32.7986,2241.168,2201.296,2166.061667,75711.1634,33.87,47.2492,1.32,2270.33,2075.81,2175,-13.13012174,0.187504651,-0.001361181,0.754968772,0.34822143
2014-04-14,2267.94 ,2275.83 ,2255.46 ,2268.61 ,2266.96 ,6226499800,6226499800,60254.15,85.88,83.33,31.669,2257.796,2212.96,2169.049667,78979.4688,31.41,46.72745,0.48,2283.44,2077.27,2191,-6.194865656,0.183486156,-0.00090414,0.586027676,-0.245646222
2014-04-15,2261.41 ,2261.47 ,2225.69 ,2229.46 ,2244.51 ,6821813000,6821813000,62599.12,75.51,80.72,24.2,2256.224,2221.276,2170.352667,74360.7133,33.06,46.83585,-1.19,2288.42,2080.93,2205,-1.318622373,0.195921294,-0.01725724,0.367994786,-0.498305551
2014-04-16,2223.47 ,2245.32 ,2221.15 ,2232.53 ,2230.62 ,5167801000,5167801000,47770.22,69.35,76.93,18.4828,2255.006,2228.218,2171.961333,71679.0308,37.33,46.3685,-1,2292.81,2085.98,2217,4.330108745,0.195293263,0.001373873,0.155353213,-0.592818821
2014-04-17,2238.78 ,2241.62 ,2221.95 ,2224.80 ,2231.79 ,4833362800,4833362800,45096.43,63.34,72.4,12.7426,2245.214,2232.625,2173.988667,60374.9546,30,45.89205,-0.91,2293.87,2095.32,2276,11.00540331,0.192735263,-0.00345931,0.000362794,-0.40452407
2014-04-18,2215.88 ,2228.77 ,2203.05 ,2224.48 ,2218.05 ,5075799500,5075799500,45709.62,55.81,66.87,8.2057,2235.976,2238.572,2175.683667,52285.9072,32.88,44.76345,-0.51,2287.53,2115.41,2275,13.73918314,0.180334692,-0.000145631,0.397749663,-1.323511175
2014-04-21,2209.94 ,2231.71 ,2186.76 ,2187.25 ,2203.92 ,5627828000,5627828000,51856.11,37.36,57.03,-0.0689,2219.704,2238.75,2176.313333,50606.2995,22.45,42.73775,-1.46,2286.9,2118.88,2272,13.58692399,0.153940432,-0.016736953,0.373748346,-1.24674902
2014-04-22,2184.02 ,2196.85 ,2165.07 ,2196.80 ,2185.69 ,5709469400,5709469400,52351.99,33.32,49.13,-4.2815,2213.172,2234.698,2179.613667,48556.875,24.6,38.87785,-0.74,2287.06,2120.75,2267,14.02532779,0.15204004,0.004364846,0.318889357,-1.206106271
2014-04-23,2191.23 ,2205.59 ,2187.39 ,2194.67 ,2194.72 ,4776353100,4776353100,45191.15,30.72,42.99,-7.2083,2205.6,2230.303,2182.480667,48041.0615,26.67,38.8728,-0.5,2287.05,2122.78,2259,14.5051114,0.152039661,-0.000968229,0.269775987,-1.144445685
2014-04-24,2192.77 ,2209.45 ,2186.76 ,2190.47 ,2194.86 ,4505891100,4505891100,41927.01,28.12,38.04,-9.4235,2198.734,2221.974,2185.025333,47407.1773,24.07,38.9369,-0.38,2286.78,2124.99,2251,15.51820583,0.152106785,-0.001910995,0.233938526,-1.061508548
2014-04-25,2195.82 ,2201.71 ,2167.64 ,2167.83 ,2183.25 ,6024538300,6024538300,52092.02,19.7,31.93,-13.4088,2187.404,2211.69,2185.942,48683.6584,13.63,38.64165,-0.89,2285.98,2127.01,2244,15.53534554,0.154706327,-0.010339315,0.262164213,-1.02502154
2014-04-28,2165.77 ,2171.39 ,2132.70 ,2134.97 ,2151.21 ,6048518700,6048518700,49998.81,13.81,25.89,-19.5684,2176.948,2198.326,2186.346333,48312.1978,8.97,39.17195,-1.93,2287.9,2123.39,2238,14.19177826,0.164215899,-0.015156659,0.134147676,-0.899187409
2014-04-29,2134.41 ,2159.38 ,2131.78 ,2158.47 ,2146.01 ,4820493100,4820493100,41550.35,17.3,23.03,-19.5298,2169.282,2191.227,2186.860667,46151.8698,15.07,39.01015,-0.5,2286.82,2125.68,2227,13.24993935,0.168774828,0.011007654,0.185398313,-0.89126511
2014-04-30,2158.76 ,2164.18 ,2153.12 ,2158.66 ,2158.68 ,4533462400,4533462400,39493.02,20.5,22.18,-18.5391,2162.08,2183.84,2187.545,45012.2441,25.86,38.8461,-0.16,2287.12,2124.94,2216,11.48404238,0.166421621,0.000087562,0.175982902,-0.910089089
2014-05-05,2152.59 ,2161.70 ,2131.23 ,2156.47 ,2150.50 ,4934407300,4934407300,41470.45,22.04,22.14,-17.2649,2155.28,2177.007,2188.731667,44920.9315,15.47,38.29305,0.06,2288.2,2121.44,2206,10.48294026,0.163577275,-0.001014056,0.173740064,-1.034398191
2014-05-06,2151.39 ,2173.62 ,2150.11 ,2157.33 ,2158.11 ,4808651900,4808651900,41486.45,25.82,23.36,-15.4513,2153.18,2170.292,2191.077,42799.8173,24.73,38.6428,0.19,2288.65,2120.21,2195,8.551593247,0.161679015,0.000397872,0.16453494,-1.06679295
2014-05-07,2151.47 ,2153.72 ,2136.99 ,2137.32 ,2144.88 ,4460747000,4460747000,37751.02,19.81,22.18,-16.0232,2153.65,2165.299,2190.361,40350.2593,17.72,37.9356,-0.76,2291.14,2112.91,2186,3.124013585,0.160615551,-0.00927629,0.123842924,-1.18822865
2014-05-08,2132.04 ,2168.21 ,2128.32 ,2135.50 ,2141.02 ,4833245200,4833245200,40729.77,16.15,20.17,-15.7021,2149.056,2159.169,2188.992667,40186.1431,14.5,35.49535,-0.63,2289.13,2104.73,2179,-2.188387095,0.131935859,-0.000851535,0.279504399,-1.147641067
2014-05-09,2138.84 ,2141.56 ,2120.59 ,2133.91 ,2133.73 ,4918113500,4918113500,40242.75,16.24,18.86,-14.7729,2144.106,2153.093,2187.641667,40336.0877,9.31,33.14915,-0.48,2285.8,2097.59,2171,-9.07146774,0.131631496,-0.000742216,0.454199853,-0.999975145
2014-05-12,2150.31 ,2184.33 ,2139.48 ,2180.05 ,2163.54 ,8347256000,8347256000,66275.51,41.92,26.55,-7.3857,2148.822,2152.051,2187.941667,45297.0994,12.25,33.2486,1.45,2272.89,2101.14,2121,-13.14849435,0.143270689,0.021623676,0.55356552,-0.640409977
2014-05-13,2180.06 ,2185.05 ,2167.77 ,2174.85 ,2176.93 ,6491251800,6491251800,50241.28,56.01,36.37,-2.8738,2152.326,2152.753,2188.579667,47048.0643,20.05,32.94725,1.05,2258.61,2105.83,2122,-17.17911964,0.143246503,-0.002386179,0.590528039,-0.335399449
2014-05-14,2175.09 ,2184.22 ,2169.00 ,2172.37 ,2175.17 ,4851420600,4851420600,39214.12,64.11,45.62,-0.047,2159.336,2156.493,2189.259667,47340.6852,17.97,32.75125,0.6,2242.12,2112.7,2124,-19.17471365,0.143221574,-0.001140308,0.356268308,-0.90893223
2014-05-15,2169.28 ,2171.45 ,2142.34 ,2144.08 ,2156.79 ,4673403200,4673403200,38938.53,54.89,48.71,-1.7187,2161.052,2155.054,2189.185667,46982.4366,10.28,32.41755,-0.79,2234.57,2111.71,2127,-22.63807797,0.137865261,-0.013021711,0.523496237,-0.596994616
2014-05-16,2143.93 ,2150.50 ,2132.19 ,2145.95 ,2143.14 ,4225319700,4225319700,34987.59,49.71,49.04,-2.2689,2163.46,2153.783,2188.613667,45931.4049,17.15,32.12515,-0.81,2224.56,2113.06,2129,-25.44872407,0.137716081,0.000871235,0.602726463,-0.361188703
2014-05-19,2139.36 ,2139.36 ,2105.71 ,2115.14 ,2124.89 ,4289360700,4289360700,37135.95,37.1,45.06,-6.2534,2150.478,2149.65,2186.427333,40103.4933,16.54,32.78415,-1.64,2217.44,2109.22,2184,-29.64308787,0.144647951,-0.014356798,0.36975166,-0.134951015
2014-05-20,2124.71 ,2131.57 ,2110.72 ,2115.77 ,2120.69 ,3729968300,3729968300,31576.34,28.96,39.69,-8.1543,2138.662,2145.494,2184.786,36370.5059,17.77,32.7907,-1.07,2207.82,2107.97,2183,-31.73478348,0.144753075,0.000296907,-0.055338785,-0.944389002
2014-05-21,2106.76 ,2136.10 ,2096.51 ,2135.91 ,2118.82 ,3894604200,3894604200,32246.81,34.14,37.84,-6.141,2131.37,2145.353,2183.134,34977.0427,18.71,32.5224,0.21,2204.17,2106.49,2181,-33.1925443,0.140197278,0.009516153,0.148384978,-0.822979838
2014-05-22,2134.09 ,2160.91 ,2128.86 ,2130.87 ,2138.68 ,4625273600,4625273600,39227.55,35.7,37.13,-4.9796,2128.728,2144.89,2179.585667,35034.8468,16.27,34.15345,0.1,2197.89,2106.17,2178,-34.72291709,0.1386943,-0.002358251,0.2450218,-0.722113936
2014-05-23,2130.78 ,2148.58 ,2128.66 ,2148.41 ,2139.11 ,3762310500,3762310500,32420.02,43.34,39.2,-1.5198,2129.22,2146.34,2176.578667,34521.3335,4.61,33.1235,0.9,2190.96,2108.48,2174,-35.08977123,0.142934891,0.008234203,0.195138628,-0.54716389
2014-05-26,2161.89 ,2165.42 ,2147.45 ,2155.98 ,2157.69 ,3955065600,3955065600,37788.48,51.49,43.3,1.9302,2137.388,2143.933,2172.652667,34651.8399,6.98,33.82685,0.87,2184.69,2111.29,2171,-33.92778267,0.14380325,0.003519806,-0.047233969,-0.61967638
2014-05-27,2154.40 ,2160.03 ,2145.75 ,2147.28 ,2151.87 ,3589717100,3589717100,32374.26,56.91,47.83,3.1121,2143.69,2141.176,2168.539667,34811.4234,4.08,32.837,0.17,2182.46,2111.47,2168,-31.61584354,0.139894055,-0.00403344,0.059319989,-0.325077792
2014-05-28,2147.47 ,2171.17 ,2142.01 ,2169.35 ,2157.50 ,5005626000,5005626000,45627.62,70.46,55.38,6.7308,2150.378,2140.874,2165.231,37487.5857,-4.85,32.36075,0.88,2185.05,2112.32,2129,-29.49095136,0.133246453,0.010279051,-0.135058943,-0.481294835
2014-05-29,2171.26 ,2178.09 ,2154.93 ,2155.16 ,2164.86 ,4489155600,4489155600,41076.91,70.94,60.56,7.0437,2155.236,2141.982,2162.754333,37857.4583,-7.84,32.7852,0,2184.73,2112.31,2130,-28.19115379,0.130014685,-0.006540202,-0.112949224,-0.43847707
2014-05-30,2156.38 ,2166.91 ,2146.22 ,2156.46 ,2156.49 ,4392386300,4392386300,39769.2,71.79,64.3,7.2293,2156.846,2143.033,2160.218667,39327.2942,-2.54,32.20005,-0.02,2184.5,2112.32,2131,-26.7818961,0.130036192,0.000603202,-0.099157085,-0.40609056
2014-06-03,2157.64 ,2169.00 ,2149.29 ,2149.92 ,2156.46 ,4198295400,4198295400,37906.23,69.68,66.1,6.3081,2155.634,2146.511,2157.722667,39350.8429,-6.68,31.81535,-0.27,2183.98,2112.18,2133,-25.8133013,0.130433465,-0.003035525,-0.04515992,-0.349114751
2014-06-04,2149.41 ,2149.45 ,2117.31 ,2128.27 ,2136.11 ,4181724900,4181724900,35607.02,52.47,61.55,2.7985,2151.832,2147.761,2154.515667,39997.3961,-14.53,31.303,-1.09,2183.3,2109.96,2178,-24.97473623,0.135103342,-0.010067361,0.141074501,-0.510762243
2014-06-05,2126.61 ,2150.93 ,2123.52 ,2150.60 ,2137.92 ,3647742400,3647742400,33050.78,53.23,58.78,3.4577,2148.082,2149.23,2153.294,37482.0272,-14.8,32.1472,0.12,2183.73,2110.85,2177,-22.97069942,0.136535802,0.01049113,0.030585388,-0.454919486
2014-06-06,2149.21 ,2149.78 ,2123.98 ,2134.72 ,2139.42 ,3573805800,3573805800,32415.6,45.04,54.2,1.8103,2143.994,2149.615,2151.224667,35749.7646,-7.48,31.46575,-0.43,2183.75,2110.76,2176,-21.78191445,0.139236691,-0.007386769,0.034226197,-0.469391542
2014-06-09,2128.23 ,2153.90 ,2126.67 ,2134.28 ,2135.77 ,3931106000,3931106000,35326.73,39.33,49.24,0.7702,2139.558,2148.202,2149.211667,34861.271,-9.72,31.9137,-0.25,2183.74,2110.8,2175,-22.98146873,0.139212656,-0.000203774,0.032777285,-0.462290678
2014-06-10,2138.67 ,2161.53 ,2132.45 ,2161.27 ,2148.48 ,5050790200,5050790200,44416.14,50.33,49.61,3.6645,2141.828,2148.731,2148.238333,36163.254,-10.53,30.4699,0.91,2180.11,2112.55,2173,-22.51159529,0.123913036,0.012644539,-0.167461619,-0.422926326
2014-06-11,2156.15 ,2163.61 ,2152.08 ,2160.77 ,2158.15 ,4256371800,4256371800,37311.08,57.39,52.2,5.356,2148.328,2150.08,2148.003,36504.0656,-5.03,29.7499,0.58,2177.44,2113.82,2172,-21.96631553,0.123697732,-0.000232271,-0.346413857,-0.364331336
2014-06-12,2156.76 ,2160.99 ,2148.41 ,2153.41 ,2154.89 ,4302584300,4302584300,37252.04,61.54,55.31,5.3172,2148.89,2148.486,2148.617667,37344.319,-9.99,29.55595,0.21,2174.18,2115.18,2171,-20.40169975,0.124157688,-0.003404348,-0.559818403,-0.234056752
2014-06-13,2150.99 ,2183.65 ,2150.57 ,2176.24 ,2165.36 ,5925287600,5925287600,51765.51,70.64,60.42,8.0371,2157.194,2150.594,2149.21,41214.3014,-12.96,29.8618,0.88,2178.98,2113.59,2132,-17.86711476,0.120481864,0.010602719,-0.319236389,-0.269689687
2014-06-16,2176.44 ,2196.34 ,2174.28 ,2191.86 ,2184.73 ,6329687500,6329687500,56904.3,78.53,66.46,11.4049,2168.71,2154.134,2150.316667,45529.8147,-8.74,31.2348,1.07,2187.1,2110.06,2133,-13.13815902,0.122611276,0.007174294,0.180062132,0.197525737
2014-06-17,2185.68 ,2185.68 ,2168.45 ,2169.67 ,2177.37 ,4993366500,4993366500,46244.98,73.48,68.8,10.1504,2170.39,2156.109,2150.756667,45895.582,-15.93,30.41415,-0.03,2187.51,2115.11,2136,-9.786101073,0.116187385,-0.010119739,0.171992497,0.225748806
2014-06-18,2169.25 ,2172.55 ,2158.50 ,2160.24 ,2165.14 ,4946389700,4946389700,42538.1,65.69,67.76,7.67,2170.284,2159.306,2150.853667,46940.985,-16.36,29.82405,-0.46,2185.79,2121.27,2138,-8.08009602,0.117868685,-0.00434858,0.415910963,0.296243576
2014-06-19,2161.43 ,2166.41 ,2119.50 ,2126.91 ,2143.56 ,5316264500,5316264500,46029.75,47.01,60.84,1.4833,2164.984,2156.937,2150.506667,48696.5256,-20.09,30.1902,-1.76,2186.61,2119.56,2196,-7.874141219,0.127222042,-0.015429774,0.293791503,0.155413801
2014-06-20,2124.96 ,2137.03 ,2120.81 ,2136.73 ,2129.88 ,4239371900,4239371900,35425.71,38.81,53.5,-1.1981,2157.082,2157.138,2150.547667,45428.5659,-16.07,27.84725,-0.94,2186.18,2120.58,2195,-8.064684158,0.12806199,0.004617973,0.341453516,0.287540788
2014-06-23,2137.93 ,2147.23 ,2132.45 ,2134.11 ,2137.93 ,4117925800,4117925800,37112.43,32.21,46.41,-3.1269,2145.532,2157.121,2150.554333,41470.192,-10.89,28.17225,-0.53,2186.52,2118.8,2193,-8.75474995,0.1245123,-0.001225705,0.366509121,0.011892188
2014-06-24,2131.69 ,2145.21 ,2130.29 ,2144.82 ,2138.00 ,4016435600,4016435600,38778.51,32.46,41.76,-2.7743,2140.562,2155.476,2149.38,39976.8975,-7.78,27.0804,0.2,2186.1,2118.1,2192,-8.439962452,0.125234774,0.005018954,0.465323822,0.024603908
2014-06-25,2141.73 ,2141.73 ,2126.04 ,2133.37 ,2135.72 ,3766610000,3766610000,33809.32,27.66,37.06,-3.8324,2135.188,2152.736,2147.997333,38231.1415,-15.43,27.1512,-0.09,2186.38,2116.44,2190,-9.81701433,0.125844962,-0.005338441,0.489610154,-0.17694404
2014-06-26,2135.16 ,2151.11 ,2134.89 ,2149.08 ,2142.56 ,4435116600,4435116600,40601.84,31.27,35.13,-2.2439,2139.622,2152.303,2147.221,37145.5598,-8.12,26.9469,0.44,2184.33,2116.45,2189,-9.630563613,0.123015837,0.007361589,0.665645147,0.326922839
2014-06-27,2146.37 ,2159.53 ,2138.93 ,2150.26 ,2148.77 ,5272289600,5272289600,45525.67,36.34,35.53,-0.9293,2142.328,2149.705,2147.427,39165.552,-15.34,26.3744,0.37,2184.02,2116.28,2188,-9.459335433,0.120916856,0.000550004,0.717023188,0.410113723
2014-06-30,2152.31 ,2168.22 ,2152.31 ,2165.12 ,2159.49 ,5430418800,5430418800,50277.57,52.89,41.32,1.8929,2148.53,2147.031,2148.066,41798.5804,-10.08,26.80465,0.77,2185,2116.16,2186,-8.226368661,0.123442121,0.006910799,0.634580089,0.116911228
2014-07-01,2169.20 ,2171.15 ,2157.13 ,2164.56 ,2165.51 ,5332310000,5332310000,49936.28,64.34,48.99,3.5397,2152.478,2146.52,2149.713333,44030.1362,-11.44,26.608,0.56,2186.3,2116.33,2185,-6.000800228,0.122867195,-0.000258185,0.494899155,-0.198484894
2014-07-02,2164.00 ,2171.51 ,2155.61 ,2170.87 ,2165.50 ,5968550100,5968550100,53273.66,75.81,57.93,5.2321,2159.978,2147.583,2151.55,47923.0049,-13.13,25.7961,0.5,2187.7,2119.19,2184,-4.687510216,0.116708684,0.00291422,0.339764968,-0.355850678
2014-07-03,2169.00 ,2184.96 ,2164.84 ,2180.19 ,2174.75 ,6369069000,6369069000,56024.94,81.17,65.68,7.2368,2166.2,2152.911,2153.026,51007.6255,-5.01,25.583,0.65,2191.16,2118.69,2185,-2.179334706,0.112055883,0.004295519,0.202584549,-0.790824044
2014-07-04,2180.45 ,2183.80 ,2174.07 ,2178.70 ,2179.26 ,5285110600,5285110600,47990.03,83.91,71.75,7.9358,2171.888,2157.108,2154.620333,51500.4974,-4.1,25.2178,0.31,2193.53,2120.71,2184,0.15033203,0.108082193,-0.000686637,0.00518779,-0.866196953
2014-07-07,2178.55 ,2186.20 ,2171.08 ,2176.29 ,2178.03 ,5024233400,5024233400,47663.88,83.78,75.76,7.6443,2174.122,2161.326,2155.549667,50977.7586,-0.71,24.4776,0.1,2194.92,2123.52,2186,0.893865428,0.108264662,-0.001104331,-0.193708542,-0.747014404
2014-07-08,2174.83 ,2180.78 ,2163.36 ,2180.47 ,2174.86 ,5074359900,5074359900,46017.27,85.46,79,7.5709,2177.304,2164.891,2156.366,50193.9551,0.27,23.6055,0.15,2197.13,2123.24,2186,1.834522157,0.099378768,0.001922539,-0.259288633,-0.933432841
2014-07-09,2178.14 ,2178.51 ,2148.26 ,2148.71 ,2163.41 ,6202204600,6202204600,58980.25,63.87,73.96,3.0337,2172.872,2166.425,2156.413667,51335.273,1.91,23.55985,-1.11,2196.88,2122.28,2185,1.507796049,0.112971392,-0.014567023,-0.157850839,-1.053804804
2014-07-10,2146.60 ,2151.77 ,2139.52 ,2142.85 ,2145.19 ,5573249700,5573249700,50931.67,44.96,64.29,-0.7648,2165.404,2165.802,2155.530333,50316.6189,-3.75,23.5437,-1.04,2197.01,2121.1,2184,-0.237343754,0.112747683,-0.002728614,-0.095026855,-1.199110899
2014-07-11,2136.32 ,2154.74 ,2134.80 ,2148.01 ,2143.47 ,6137427400,6137427400,51551.83,38.54,55.71,-2.4927,2159.266,2165.577,2155.292,51028.9773,-5.79,22.7791,-0.52,2195,2120.28,2181,-2.417776566,0.105907608,0.002408945,0.095096744,-1.100579578
2014-07-14,2149.54 ,2171.90 ,2145.28 ,2171.76 ,2159.62 ,6615886300,6615886300,60467.09,49.66,53.69,-0.454,2158.36,2166.241,2155.802,53589.6197,-5.24,22.34575,0.62,2191.09,2122.18,2177,-2.192687738,0.110449081,0.011056285,-0.110082665,-1.318830546
2014-07-15,2170.09 ,2176.27 ,2165.21 ,2174.98 ,2171.64 ,7181569400,7181569400,64304.88,59.17,55.52,1.2195,2157.262,2167.283,2156.637333,57247.1414,0.38,23.03365,0.82,2191.86,2121.95,2135,-1.346203351,0.104442572,0.001481749,-0.112684455,-1.371482705
2014-07-16,2172.82 ,2183.25 ,2166.77 ,2170.87 ,2173.43 ,8156023000,8156023000,61126.05,62.84,57.96,1.638,2161.694,2167.283,2158.057333,57676.3026,-2.33,23.23315,0.42,2192.92,2121.95,2136,0.919156817,0.103400806,-0.001888757,-0.179416495,-1.451972876
2014-07-17,2166.83 ,2166.93 ,2147.08 ,2157.07 ,2159.48 ,5945356800,5945356800,46354.65,56.33,57.41,0.0074,2164.538,2164.971,2158.273,56760.8981,-9.33,21.8801,-0.35,2191.4,2126.48,2138,1.890148976,0.08892987,-0.006356904,-0.156042948,-1.460899595
2014-07-18,2147.66 ,2176.32 ,2145.45 ,2164.14 ,2158.39 ,6547329500,6547329500,53758.92,57.74,57.52,-0.1584,2167.764,2163.515,2159.253667,57202.3168,-6.26,22.54725,-0.17,2191.09,2129.53,2139,3.297341527,0.088277623,0.003280379,-0.302653643,-1.21414817
2014-07-21,2164.22 ,2171.94 ,2158.96 ,2166.30 ,2165.36 ,5417226000,5417226000,47731.63,60.17,58.4,-0.0235,2166.672,2162.516,2160.321,54655.2249,-15.7,22.55095,-0.02,2190.2,2133.64,2141,4.206174451,0.088007238,0.000993927,-0.394946303,-1.008939843
2014-07-22,2162.44 ,2197.59 ,2162.24 ,2192.70 ,2178.74 ,7854258300,7854258300,66806.11,70.85,62.55,3.3865,2170.216,2163.739,2161.368667,55155.4728,-19.3,23.73675,1.04,2194.54,2134.09,2143,6.962215728,0.095836903,0.012188091,-0.277368727,-0.465584617
2014-07-23,2191.39 ,2210.28 ,2190.55 ,2197.83 ,2197.51 ,8421387200,8421387200,69178,75.07,66.72,5.9481,2175.608,2168.651,2162.604,56765.8615,-17.97,25.3545,1.02,2197.61,2137.46,2146,9.051954942,0.092805223,0.002341864,0.149617758,-0.457250327
2014-07-24,2199.83 ,2239.82 ,2199.83 ,2237.02 ,2219.13 ,11943553400,11943553400,99964.37,82.39,71.95,12.1773,2191.598,2178.068,2165.391,67487.8058,-32.98,26.56355,2.07,2213.98,2129.89,2151,12.93720719,0.107525555,0.01782756,1.497607394,3.933105667
2014-07-25,2243.07 ,2260.89 ,2239.07 ,2260.45 ,2250.87 ,9897283800,9897283800,81994.56,88.13,77.34,18.3395,2210.86,2189.312,2168.198,73134.934,-51.35,28.38465,2.24,2233.93,2120.96,2160,17.05714684,0.111395169,0.010477802,1.785602383,3.663819344
2014-07-28,2272.38 ,2331.47 ,2272.38 ,2323.90 ,2300.03 ,17986933300,17986933300,145277.42,90.73,81.81,29.2029,2242.38,2204.526,2172.599333,92644.0929,-52.7,31.54025,3.64,2271.46,2099.31,2172,24.17118949,0.142396229,0.028066486,2.188255066,5.20693582
2014-07-29,2326.04 ,2342.77 ,2316.22 ,2331.37 ,2329.10 ,13426964100,13426964100,112176.55,91.9,85.17,35.2317,2270.114,2220.165,2177.989333,101718.1793,-39.83,34.1174,2.7,2301.01,2086.43,2194,30.98773002,0.141700199,0.003215289,1.78918412,2.469455138
2014-07-30,2324.69 ,2339.04 ,2316.06 ,2322.01 ,2325.45 ,12302283200,12302283200,103362.31,91.09,87.14,35.6859,2294.95,2235.279,2183.381667,108555.0414,-44.59,34.47135,1.18,2322.22,2080.34,2218,36.52929352,0.144332525,-0.004013951,1.392029932,0.656416386
2014-07-31,2321.97 ,2350.55 ,2316.59 ,2350.25 ,2334.84 ,11098776900,11098776900,93135.57,94.01,89.43,37.3401,2317.596,2254.597,2190.826333,107189.2813,-58.75,34.72825,1.41,2347.26,2072.31,2238,43.28062884,0.147612667,0.012161872,1.130043563,-0.250709276
2014-08-01,2341.23 ,2371.50 ,2328.97 ,2329.40 ,2342.78 ,12631739000,12631739000,106125.19,89.3,89.39,33.3088,2331.386,2271.123,2197.248667,112015.4073,-62.6,36.52625,-0.09,2363.84,2070.8,2258,48.7722474,0.153657705,-0.008870967,0.848240368,-0.998161139
2014-08-04,2336.63 ,2375.62 ,2332.14 ,2375.62 ,2355.00 ,11671375400,11671375400,101301.89,92.87,90.55,34.41,2341.73,2292.055,2205.299,103220.3001,-62.58,38.103,1.45,2388.44,2066.13,2281,56.09098503,0.163056954,0.019841144,0.674105395,-1.270068863
2014-08-05,2376.80 ,2380.77 ,2353.80 ,2369.35 ,2370.18 ,11186178900,11186178900,97906.97,93.14,91.41,31.8923,2349.326,2309.72,2212.783333,100366.3851,-52.45,39.66385,0.85,2408.15,2065.31,2300,64.31858578,0.164765514,-0.002638048,0.4671592,-1.582140049
2014-08-06,2358.21 ,2371.67 ,2334.33 ,2363.22 ,2356.86 ,11634182900,11634182900,96681.3,91.3,91.37,27.1836,2357.568,2326.259,2220.445,99030.1831,-49.78,40.018,0.24,2422.49,2072.42,2316,72.12135649,0.151501255,-0.002588048,0.264184606,-1.78161824
2014-08-07,2363.61 ,2369.20 ,2326.27 ,2327.46 ,2346.64 ,11672921000,11672921000,94254.45,77.8,86.85,17.5047,2353.01,2335.303,2226.391,99253.9605,-58.34,41.5522,-1.09,2427.92,2085.45,2381,77.48768866,0.165570771,-0.015133583,0.075688676,-1.862567226
2014-08-08,2329.18 ,2339.27 ,2319.29 ,2331.13 ,2329.72 ,8673969400,8673969400,72605.67,59.63,77.78,10.2106,2353.356,2342.371,2232.42,92550.0557,-57.87,41.5543,-0.94,2432.12,2099.56,2380,81.58210423,0.165711171,0.001579836,-0.113408738,-1.856406131
2014-08-11,2338.01 ,2367.00 ,2337.01 ,2365.35 ,2351.84 ,9160117100,9160117100,82973.9,65.15,73.57,8.6697,2351.302,2346.516,2239.094333,88884.4581,-46.05,42.08475,0.6,2441.28,2109.76,2377,87.02164902,0.168154893,0.014677406,-0.318893963,-1.733517172
2014-08-12,2361.17 ,2361.17 ,2344.72 ,2357.05 ,2356.03 ,9182260800,9182260800,82973.77,64.44,70.53,5.3687,2348.842,2349.084,2245.510667,85897.8178,-56.75,41.74285,0.35,2447.1,2122.15,2375,91.97976657,0.170175961,-0.003507728,-0.543830517,-1.481792431
2014-08-13,2358.46 ,2370.51 ,2335.69 ,2358.90 ,2355.89 ,11044778900,11044778900,94185.27,64.44,68.5,2.4208,2347.978,2352.773,2251.778333,85398.6113,-38.1,42.5817,0.47,2450.43,2137.62,2373,97.47242824,0.169205992,0.000784455,-0.782287842,-1.062697496
2014-08-14,2357.20 ,2363.18 ,2334.08 ,2335.95 ,2347.60 ,9796949300,9796949300,84251.44,51.99,63,-3.322,2349.676,2351.343,2256.970333,83398.0077,-38.85,43.0443,-0.58,2446.32,2159.62,2371,101.1888568,0.172414758,-0.009731651,-1.014738674,-0.486480473
2014-08-15,2337.99 ,2366.90 ,2333.12 ,2360.64 ,2349.66 ,9359254600,9359254600,81888.22,57.08,61.02,-4.4276,2355.578,2354.467,2263.035,85254.5179,-47.76,43.1893,0.21,2442.35,2183.24,2369,105.846414,0.173928529,0.010569598,-1.267280078,0.317080734
2014-08-18,2366.27 ,2379.80 ,2361.20 ,2374.56 ,2370.46 ,10450955400,10450955400,90148.91,68.5,63.52,-3.9331,2357.42,2354.361,2269.644,86689.5198,-32.44,44.19865,0.73,2435.51,2210.9,2333,109.6472933,0.173544251,0.005899684,-1.454773188,1.09709319
2014-08-19,2378.89 ,2379.47 ,2358.97 ,2374.77 ,2373.03 ,11585002000,11585002000,102742.76,76.23,67.75,-4.2027,2360.964,2354.903,2276.120667,90643.3178,-31.03,43.29225,0.58,2428.42,2236.2,2334,113.0116786,0.171870986,8.68E-05,-1.716806724,2.579676063
2014-08-20,2371.65 ,2375.48 ,2360.84 ,2366.14 ,2368.53 ,10128808800,10128808800,91374.8,76.63,70.71,-6.0557,2362.412,2355.195,2283.368333,90081.2251,-30.26,41.71545,0.16,2414.03,2267.43,2335,113.8173447,0.173929936,-0.003633197,-1.714903405,3.013384328
2014-08-21,2365.73 ,2367.46 ,2333.30 ,2354.24 ,2355.18 ,10069021100,10069021100,92192.06,66.17,69.2,-9.2076,2366.07,2357.873,2290.414667,91669.3506,-34.76,40.9605,-0.5,2401.38,2291.79,2333,112.8159775,0.168308528,-0.005027598,-1.650871286,3.98186889
2014-08-22,2352.32 ,2368.46 ,2350.99 ,2365.36 ,2359.28 ,8982393800,8982393800,85642.46,67.13,68.51,-10.0492,2367.014,2361.296,2297.659667,92420.1999,-43.64,39.66555,-0.07,2389.24,2314.43,2334,109.2485286,0.165971567,0.004723385,-0.37886232,-1.459402531
2014-08-25,2367.02 ,2367.61 ,2338.46 ,2342.86 ,2353.99 ,9737371700,9737371700,85182.49,51.71,62.91,-13.6669,2360.674,2359.047,2303.363,91426.9167,-42.74,36.5028,-0.75,2388.11,2317.46,2335,104.3608022,0.141129127,-0.009512701,-0.405147194,-1.28863072
2014-08-26,2339.60 ,2350.39 ,2317.18 ,2324.09 ,2332.82 ,9384422200,9384422200,83135.03,38.15,54.66,-18.3277,2350.538,2355.751,2308.333333,87505.3714,-51.51,34.6438,-1.13,2388.81,2316.03,2368,99.24681205,0.143792722,-0.008011992,-0.43798307,-1.278716455
2014-08-27,2323.79 ,2336.74 ,2322.89 ,2327.59 ,2327.75 ,6767622100,6767622100,62448.68,30.98,46.76,-20.5138,2342.828,2352.62,2313.557333,81720.1459,-45.81,34.47245,-0.65,2388.18,2317.22,2367,93.15167145,0.143159121,0.001507255,-0.390668661,-1.356547783
2014-08-28,2328.06 ,2336.36 ,2309.64 ,2311.28 ,2321.34 ,7049065500,7049065500,66195.97,21.43,38.32,-23.5158,2334.236,2350.153,2318.697667,76520.9266,-59.32,34.084,-0.98,2390.78,2310.71,2366,87.58788787,0.137953465,-0.00701024,-0.464348675,-1.17002169
2014-08-29,2317.30 ,2338.77 ,2313.26 ,2338.29 ,2326.91 ,6321142300,6321142300,58359.97,27.96,34.87,-21.2892,2328.822,2347.918,2324.502667,71064.4274,-49.71,32.795,0.41,2390.42,2311.97,2364,81.34184348,0.14122371,0.011685743,-0.508768984,-1.005489508
2014-09-01,2340.93 ,2355.55 ,2338.53 ,2355.32 ,2347.58 ,7732087000,7732087000,73362.24,41.77,37.17,-17.1273,2331.314,2345.994,2330.803333,68700.3767,-31.28,32.5768,1.03,2387.76,2312.6,2362,76.57295131,0.124433739,0.007283109,-0.526152269,-0.90240472
2014-09-02,2359.86 ,2387.66 ,2349.95 ,2386.46 ,2370.98 ,11443673300,11443673300,106925.79,60.67,45,-10.1306,2343.788,2347.163,2337.262,73458.5281,-39.94,32.60125,1.82,2391.14,2310.92,2310,73.90625374,0.133019845,0.013222424,-0.27983078,-0.750211356
2014-09-03,2389.69 ,2414.26 ,2389.68 ,2408.84 ,2400.62 ,12973420400,12973420400,123629.19,72.05,54.02,-2.819,2360.038,2351.433,2344.295667,85694.6309,-41.76,33.95015,2.07,2400.85,2305.78,2311,74.27999105,0.136207587,0.009377069,0.344489527,0.159342079
2014-09-04,2411.93 ,2427.30 ,2404.08 ,2426.22 ,2417.38 ,11127229800,11127229800,108294.7,81.06,63.03,3.6751,2383.026,2358.631,2350.602333,94114.3782,-62.38,33.68425,1.81,2414.24,2302.26,2315,75.3204915,0.123495941,0.007217588,0.695457191,0.788745747
2014-09-05,2433.17 ,2450.63 ,2427.99 ,2449.26 ,2440.26 ,13355176400,13355176400,123349.32,87.05,71.04,10.0303,2405.22,2367.021,2356.896,107112.2487,-68.94,35.01275,1.83,2431.81,2296.51,2322,75.74996693,0.126204374,0.009494177,0.974978536,1.152798039
2014-09-09,2452.23 ,2454.89 ,2437.08 ,2445.22 ,2447.36 ,11819434400,11819434400,107795.21,89.15,77.07,12.4861,2423.2,2377.257,2360.94,113998.8433,-60.78,33.97225,0.91,2444.92,2291.39,2332,76.37106858,0.11847638,-0.001647437,0.870139016,0.191822731
2014-09-10,2435.59 ,2437.08 ,2422.65 ,2432.43 ,2431.94 ,10917551700,10917551700,97472.68,87.61,80.59,11.2239,2432.394,2388.091,2364.308667,112108.2218,-55.77,33.4862,0,2453.63,2290.21,2345,76.22911515,0.119632667,-0.005231014,0.641952289,-0.553619673
2014-09-11,2430.68 ,2461.47 ,2417.27 ,2423.45 ,2433.22 ,13298258300,13298258300,127203.38,83.19,81.45,8.1581,2435.316,2397.677,2367.69,112823.0603,-42.55,33.95545,-0.49,2459.74,2290.55,2356,76.79310939,0.121074531,-0.003691366,0.431104956,-0.992356054
2014-09-12,2418.75 ,2438.36 ,2412.62 ,2438.36 ,2427.02 ,10916017000,10916017000,96625.77,82.53,81.81,7.1532,2437.744,2410.385,2370.627,110489.2727,-45.84,33.78725,0.03,2467.24,2293.3,2368,76.83960392,0.114680401,0.0061499,0.224796531,-1.229664556
2014-09-15,2433.00 ,2439.25 ,2418.96 ,2437.19 ,2432.10 ,12224715900,12224715900,112507.69,81.09,81.57,5.424,2435.33,2420.275,2374.22,108320.9468,-41.21,33.4299,0.08,2474.11,2294.08,2379,76.12897373,0.110607155,-0.000479421,0.041668424,-1.421804105
2014-09-16,2440.34 ,2442.92 ,2386.98 ,2388.77 ,2414.75 ,18674279100,18674279100,147250.17,54.86,72.67,-2.7116,2424.04,2423.62,2374.658333,116211.9381,-48.43,33.89305,-1.46,2474.73,2294.88,2461,73.02237504,0.133299384,-0.019868792,-0.01023254,-1.414453856
2014-09-17,2395.36 ,2405.37 ,2379.09 ,2401.33 ,2395.29 ,12526902800,12526902800,98039.47,45.57,63.64,-6.6468,2417.82,2425.107,2375.724333,116325.2955,-42.67,34.1816,-0.68,2476.22,2296.05,2460,71.13055629,0.134443299,0.005258366,-0.104948076,-1.42025064
2014-09-18,2396.38 ,2414.95 ,2389.62 ,2408.66 ,2402.40 ,11592637600,11592637600,92105.33,42.35,56.54,-8.3953,2414.862,2425.089,2377.239,109305.6856,-36.74,35.14885,-0.26,2478.36,2298.16,2457,70.29502847,0.133769868,0.003055812,-0.249890472,-1.380513603
2014-09-19,2409.31 ,2430.15 ,2402.31 ,2425.21 ,2416.75 ,10181357700,10181357700,88221.04,46.89,53.33,-7.4857,2412.232,2424.988,2380.497333,107624.7402,-47.19,35.46715,0.54,2481.86,2301.76,2454,69.77262705,0.13343383,0.006869783,-0.456041438,-1.240001215
2014-09-22,2419.33 ,2419.33 ,2374.11 ,2378.92 ,2397.92 ,10224087000,10224087000,88958.06,33.1,46.58,-12.9612,2400.578,2417.954,2382.090333,102914.8134,-39.28,35.97015,-0.9,2481.9,2303.07,2451,68.0868457,0.151655427,-0.019087411,-0.505683587,-1.146209933
2014-09-23,2379.52 ,2402.48 ,2379.52 ,2399.46 ,2390.25 ,8403334100,8403334100,75463.68,31.74,41.63,-13.5924,2402.716,2413.378,2383.227333,88557.5162,-36.94,35.9313,-0.14,2481.65,2308.99,2446,68.45100341,0.149706045,0.008635011,-0.691588293,-0.723089204
2014-09-24,2391.42 ,2443.98 ,2387.07 ,2441.86 ,2416.08 ,14271353000,14271353000,120389.94,53.48,45.58,-8.333,2410.822,2414.321,2386.054333,93027.6091,-62.54,37.4938,1.29,2483.03,2319.38,2374,70.74190324,0.15614372,0.017671461,-0.900861366,-0.122531385
2014-09-25,2453.42 ,2462.67 ,2429.59 ,2436.97 ,2445.66 ,13866189100,13866189100,119612.63,59.31,50.16,-5.6742,2416.484,2415.673,2388.656667,98529.0679,-56.23,40.29605,0.85,2482.16,2331.19,2376,73.48915808,0.156928296,-0.002006254,-1.150414757,0.841433339
2014-09-26,2430.81 ,2439.65 ,2420.50 ,2437.20 ,2432.04 ,10029949400,10029949400,87757.38,63.29,54.54,-4.1183,2418.882,2415.557,2392.031667,98436.3357,-49.4,39.91735,0.76,2474.7,2351.24,2379,74.76040018,0.153304118,9.68E-05,-1.009988042,0.403641144
2014-09-29,2443.91 ,2453.67 ,2435.61 ,2447.80 ,2445.25 ,12340172700,12340172700,111463.78,69.93,59.67,-2.0022,2432.658,2416.618,2394.937,102937.4804,-40,40.1189,0.62,2471.04,2365.85,2382,75.64648017,0.149795339,0.004348431,-0.86266229,-0.003575407
2014-09-30,2452.17 ,2454.89 ,2444.20 ,2450.99 ,2450.56 ,11580422900,11580422900,101906.56,75.56,64.96,-0.5873,2442.964,2422.84,2397.484667,108226.0554,-37.61,38.9681,0.33,2468.55,2377.91,2386,75.09055616,0.148662926,0.001302803,-0.62526512,-0.888075225
2014-10-08,2460.87 ,2478.38 ,2445.27 ,2478.38 ,2465.73 ,12195360400,12195360400,116500.11,83.7,71.21,3.4042,2450.268,2430.545,2400.938333,107448.09,-38.22,38.2208,1.15,2476,2379.66,2389,74.81327835,0.146815316,0.011177125,-0.254585125,0.069319038
2014-10-09,2480.20 ,2488.11 ,2461.11 ,2481.96 ,2477.85 ,13792392000,13792392000,120752.63,87.34,76.59,5.7546,2459.266,2437.875,2404.799,107676.0906,-28.24,37.1475,0.92,2484.45,2378.52,2394,73.85916443,0.144156943,0.001441262,-0.13384022,0.105812383
2014-10-10,2472.10 ,2482.14 ,2457.68 ,2466.79 ,2469.68 ,14763430700,14763430700,121924.97,85.01,79.4,4.547,2465.184,2442.033,2408.550667,114509.6096,-34.21,36.4892,0.07,2488.69,2378.33,2402,71.04270621,0.144928073,-0.006110506,-0.240919838,-0.208018458
2014-10-13,2457.41 ,2460.39 ,2430.55 ,2454.95 ,2450.83 ,13159336200,13159336200,112784.48,79.07,79.29,1.5871,2466.614,2449.636,2411.537,114773.7494,-31.45,35.65375,-0.47,2489.37,2378.22,2408,67.9766709,0.142498443,-0.004800978,-0.253681669,-0.272542323
2014-10-14,2451.09 ,2467.90 ,2436.34 ,2446.56 ,2450.47 ,12739370500,12739370500,106356.64,65.56,74.71,-1.8791,2465.728,2454.346,2414.993667,115663.7662,-20.44,36.17635,-0.78,2489.5,2378.23,2415,65.28428736,0.142927743,-0.003415146,-0.259265292,-0.282692554
2014-10-15,2444.54 ,2465.50 ,2431.19 ,2463.87 ,2451.28 ,13580188200,13580188200,114837.29,65.09,71.5,-2.1964,2462.826,2456.547,2419.653,115331.2027,-18.33,37.1701,0.04,2492.65,2378.21,2421,64.04107299,0.143574882,0.007076052,-0.354160009,-0.469886515
2014-10-16,2448.97 ,2480.30 ,2441.82 ,2444.40 ,2453.87 ,15816660300,15816660300,128340.53,51.41,64.81,-5.2129,2455.314,2457.29,2423.546667,116848.7821,-27.4,37.4155,-0.44,2493.55,2379.42,2426,61.14086934,0.146041849,-0.007905843,-0.473330572,-0.362811263
2014-10-17,2443.22 ,2456.11 ,2410.40 ,2441.73 ,2437.87 ,13275998800,13275998800,112685.63,47.71,59.11,-7.6069,2450.302,2457.743,2427.895,115000.9126,-25.27,38.4139,-0.35,2493.76,2379.54,2410,58.31097587,0.144544947,-0.001089431,-0.491601832,-0.358288629
2014-10-20,2448.45 ,2456.62 ,2441.90 ,2454.71 ,2450.42 ,9143540100,9143540100,84843.61,50.82,56.35,-7.4704,2450.254,2458.434,2431.775667,109412.7378,-24.49,39.3933,0.18,2495.2,2379.85,2416,58.69272708,0.145705827,0.005315489,-0.564111828,-0.393909271
2014-10-21,2453.41 ,2459.26 ,2432.55 ,2433.39 ,2444.65 ,9624191200,9624191200,86622.2,43.74,52.14,-10.1158,2447.62,2456.674,2434.378,105465.8496,-30.41,37.93125,-0.58,2492.75,2386.76,2421,57.36134072,0.129245707,-0.00868534,-0.644357721,0.254423071
2014-10-22,2434.89 ,2447.47 ,2417.56 ,2418.64 ,2429.64 ,8865619300,8865619300,82251.74,32.99,45.76,-13.5046,2438.574,2450.7,2435.450667,98948.7404,-36.36,38.1125,-0.82,2491.5,2389.74,2459,54.99212369,0.130471772,-0.0060615,-0.673612252,0.689121933
2014-10-23,2415.44 ,2424.66 ,2392.53 ,2395.94 ,2407.14 ,10349183900,10349183900,86045.45,23.29,38.27,-18.1656,2428.882,2442.098,2435.020667,90489.7259,-35.66,37.92625,-1.36,2492.83,2387.15,2458,50.7787675,0.13451733,-0.009387503,-0.700414929,0.443145235
2014-10-24,2397.85 ,2404.99 ,2385.73 ,2390.71 ,2394.82 ,7497486900,7497486900,65601.23,17.28,31.27,-21.1085,2418.678,2434.49,2433.837,81072.8458,-29.29,36.8633,-1.16,2495.23,2381.3,2456,48.82912913,0.13198114,-0.002182863,-0.651626589,-0.173768934
2014-10-27,2377.54 ,2377.54 ,2361.68 ,2368.83 ,2371.40 ,7386244700,7386244700,65956.48,13.53,25.36,-24.8972,2401.502,2425.878,2431.156,77295.421,-35.97,35.3955,-1.36,2497.06,2378.45,2451,44.85617267,0.117208193,-0.009149599,-0.802646689,0.267662727
2014-10-28,2373.16 ,2416.77 ,2373.16 ,2416.65 ,2394.94 ,10152305500,10152305500,90529.9,24.47,25.06,-20.0646,2398.154,2422.887,2430.203667,78076.9612,-30.55,36.7311,0.77,2496.06,2381.18,2444,41.35281404,0.134289158,0.020187586,-0.86789014,0.701244457
2014-10-29,2423.81 ,2461.27 ,2415.70 ,2451.38 ,2438.04 ,15858406200,15858406200,134541.72,46.33,32.15,-11.7066,2404.702,2421.638,2430.835333,88534.9571,-28.42,37.9139,1.94,2496.8,2381.38,2362,40.00612334,0.129182279,0.01437153,-0.905754471,0.696650375
2014-10-30,2450.36 ,2474.38 ,2443.76 ,2468.93 ,2459.36 ,18962635300,18962635300,139157.36,62.61,42.3,-3.7432,2419.3,2424.091,2432.351333,99157.3381,-22.47,37.06765,2.05,2499.9,2381.48,2364,39.59201717,0.131172783,0.00715555,-0.958789598,0.589009986
2014-10-31,2473.50 ,2512.19 ,2466.50 ,2508.32 ,2490.13 ,23917241200,23917241200,181604.62,74.22,52.94,6.3515,2442.822,2430.75,2434.683333,122358.0165,-41.68,39.53165,2.68,2510.68,2377.81,2368,40.63871631,0.141755559,0.015958362,-0.543445475,0.500887116
2014-11-03,2515.82 ,2524.17 ,2502.06 ,2512.55 ,2513.65 ,20580122800,20580122800,151406.84,80.43,62.1,12.7508,2471.566,2436.534,2437.195333,139448.0874,-25.45,40.75675,1.66,2520.62,2374.35,2377,41.6847805,0.141347605,0.001683594,-0.322213564,0.167016471
2014-11-04,2511.04 ,2517.46 ,2498.61 ,2513.17 ,2510.07 ,21824700500,21824700500,155291.88,84.7,69.63,16.0085,2490.87,2444.512,2441.342,152400.4833,-22.83,40.7358,0.9,2529.42,2371.77,2389,41.33999147,0.141397417,0.000248354,-0.250168916,-0.18958938
2014-11-05,2516.87 ,2519.40 ,2499.23 ,2503.45 ,2509.74 ,19049186200,19049186200,146130.9,85.55,74.94,15.7702,2501.284,2452.993,2444.746,154718.3176,-36.55,40.06655,0.09,2533.29,2370.41,2399,40.3476419,0.137488489,-0.003869214,-0.220171853,-0.384307858
2014-11-06,2505.17 ,2510.99 ,2482.98 ,2506.07 ,2501.30 ,14965111700,14965111700,118839.2,86.65,78.84,14.8921,2508.712,2464.006,2447.993,150654.6867,-38.13,39.3244,-0.11,2537.04,2369.06,2409,40.2941598,0.137459948,0.001046157,-0.192129695,-0.548319
2014-11-07,2508.77 ,2541.55 ,2489.42 ,2502.15 ,2510.47 ,20876091100,20876091100,176868.67,83.3,80.33,12.7905,2507.478,2475.15,2450.557667,149707.4963,-19.85,41.0301,-0.21,2541.48,2368.16,2419,40.63980181,0.135487986,-0.00156181,-0.227814377,-0.748907206
2014-11-10,2529.83 ,2565.73 ,2514.71 ,2565.73 ,2544.00 ,22659973500,22659973500,187612.57,88.87,83.18,18.6183,2518.114,2494.84,2456.784667,156948.6432,-26.27,43.3535,1.89,2560.21,2360.51,2431,44.56621172,0.158878792,0.025408918,0.120817158,-0.364501585
2014-11-11,2578.44 ,2602.37 ,2532.57 ,2558.61 ,2568.00 ,32371165600,32371165600,265840.51,83.38,83.24,20.0445,2527.202,2509.036,2462.089667,179058.3686,-19.39,45.86875,1.24,2574.73,2357.2,2447,47.07480114,0.158592889,-0.002774259,0.094619967,-0.650726569
2014-11-12,2545.40 ,2594.32 ,2539.60 ,2594.32 ,2568.41 ,18468626100,18468626100,157847.38,86.95,84.48,24.0579,2545.376,2523.33,2467.171667,181401.6662,-16.68,47.24055,1.92,2595.44,2349.53,2469,52.21721108,0.163109173,0.013955223,0.242683529,-0.618100621
2014-11-13,2597.39 ,2607.52 ,2567.46 ,2579.75 ,2588.03 ,21981561500,21981561500,192985.45,83.86,84.27,23.0102,2560.112,2534.412,2471.931,196230.916,-18.85,48.18085,0.77,2610.33,2348.17,2487,56.50725053,0.161332831,-0.005615349,0.115794207,-0.908732625
2014-11-14,2569.21 ,2581.93 ,2557.67 ,2581.09 ,2572.48 ,16504996500,16504996500,145409.93,82.17,83.57,20.8235,2575.9,2541.689,2476.727333,189939.1697,-24.11,47.10895,0.2,2623.57,2348.87,2507,60.000988,0.160932522,0.000520593,-0.038530567,-1.079753468
2014-11-17,2613.51 ,2614.09 ,2565.94 ,2567.10 ,2590.16 ,15847809500,15847809500,147724.65,76.17,81.1,16.0334,2576.174,2547.144,2480.704,181961.5849,-28.7,47.61895,-0.35,2632.9,2350.77,2523,63.6864386,0.16319433,-0.005420959,-0.208334453,-1.177279622
2014-11-18,2565.27 ,2570.21 ,2534.93 ,2541.42 ,2552.96 ,14294135600,14294135600,124246.65,65.64,75.95,8.334,2572.736,2549.969,2483.718333,153642.8128,-30.38,48.048,-1.22,2637.15,2357.33,2535,66.64086667,0.16444524,-0.01000545,-0.416519536,-1.005519295
2014-11-19,2538.23 ,2550.50 ,2531.32 ,2537.22 ,2539.32 ,12214697400,12214697400,113031.72,56.54,69.48,1.9374,2561.316,2553.346,2485.679667,144679.6806,-24.58,47.51185,-0.94,2639.05,2367.29,2614,70.37317334,0.162234321,-0.001649868,-0.643920302,-0.596983805
2014-11-20,2528.78 ,2545.47 ,2522.84 ,2537.10 ,2533.55 ,10614986400,10614986400,98145.54,45.2,61.39,-2.791,2552.786,2556.449,2487.517667,125711.6978,-41.3,47.0372,-0.61,2637.01,2383.44,2612,74.17416467,0.156480269,-4.89E-05,-0.873352469,0.134850348
2014-11-21,2537.54 ,2585.36 ,2530.03 ,2583.46 ,2559.10 ,15102813900,15102813900,143750.81,52.28,58.35,-0.2871,2553.26,2564.58,2491.406667,125379.8737,-46.54,49.2001,1.18,2637.36,2402.37,2609,81.19660644,0.164186402,0.018271262,-1.043626884,1.002241205
2014-11-24,2614.16 ,2667.67 ,2602.94 ,2649.26 ,2633.51 ,27983972000,27983972000,264974.91,63.95,60.22,9.1005,2569.692,2572.933,2497.883667,148829.9271,-61.34,55.28895,3.1,2642.05,2425.72,2523,88.76702611,0.172953817,0.025470929,-0.147709309,0.386136414
2014-11-25,2650.09 ,2686.06 ,2643.84 ,2685.56 ,2666.39 ,22261169900,22261169900,206879.21,75.86,65.43,18.5246,2598.52,2585.628,2505.850333,165356.4389,-76.64,56.6906,3.35,2660.86,2433.8,2526,96.03752481,0.167304931,0.013703082,0.697985773,0.780202843
2014-11-26,2695.26 ,2723.36 ,2690.31 ,2723.02 ,2707.99 ,24396248500,24396248500,239333.9,83.85,71.57,27.5834,2635.68,2598.498,2514.488667,190616.8744,-57.18,56.2608,3.31,2690.03,2431.8,2532,103.9402986,0.167013183,0.013947551,1.132793865,1.106737224
2014-11-27,2737.03 ,2754.49 ,2718.70 ,2754.49 ,2741.18 ,26546473000,26546473000,261164.88,89.24,77.46,35.1109,2679.158,2615.972,2524.825,223220.7421,-27.31,56.53615,2.81,2723.25,2427.14,2544,111.0515336,0.168374819,0.011557764,1.257858049,0.846303916
2014-11-28,2753.93 ,2809.54 ,2740.37 ,2808.82 ,2778.17 ,37532366200,37532366200,330256.02,92.74,82.55,44.1217,2724.23,2638.745,2537.061333,260521.7841,-38.58,57.6566,3.11,2767.76,2412.68,2560,120.312507,0.171869609,0.019723796,1.250741345,0.741466532
2014-12-01,2825.61 ,2855.33 ,2808.65 ,2819.81 ,2827.35 ,36548741700,36548741700,338833.08,91.6,85.57,47.9577,2758.34,2664.016,2549.231333,275293.4185,-13.99,60.5211,2.23,2806.46,2404.7,2585,129.6288816,0.171367934,0.003913745,1.074896678,0.013075432
2014-12-02,2807.34 ,2944.51 ,2804.29 ,2923.94 ,2870.02 ,36146532200,36146532200,341185.19,92.77,87.97,60.1276,2806.016,2702.268,2565.583,302154.6146,-41.66,66.589,4.2,2867.19,2385.04,2618,144.1720375,0.201085092,0.036927285,1.151952026,0.453562555
2014-12-03,2936.12 ,3028.23 ,2912.25 ,2967.55 ,2961.04 ,46615668500,46615668500,464857.5,91.12,89.02,69.0217,2854.922,2745.301,2583.88,347259.3348,-60.85,76.7459,3.95,2927.22,2371.43,2664,160.0375357,0.197889925,0.014914465,1.097886389,0.175399508
2014-12-04,2975.40 ,3104.89 ,2968.88 ,3104.35 ,3038.38 ,42681292800,42681292800,433875.56,94.05,90.7,87.1333,2924.894,2802.026,2607.493667,381801.4714,-120.05,84.978,6.14,3014.98,2343.49,2722,182.1455589,0.234244171,0.046099323,1.222856797,0.725563531
2014-12-05,3143.97 ,3195.80 ,3011.94 ,3124.89 ,3119.15 ,52488126000,52488126000,554362.91,91.75,91.05,95.0354,2988.108,2856.169,2631.966333,426622.8478,-107.51,93.3958,4.58,3089.65,2331.1,2791,200.9960309,0.2303355,0.006614587,1.102327419,0.110385507
2014-12-08,3108.27 ,3270.88 ,3075.70 ,3252.88 ,3176.93 ,48446234400,48446234400,515773.68,93.47,91.85,109.6218,3074.722,2916.531,2661.434667,462010.9675,-136.32,102.5275,5.79,3187.95,2301.52,2872,225.6596794,0.247973259,0.040960227,1.043867087,0.000932996
2014-12-09,3233.10 ,3387.83 ,3074.52 ,3106.91 ,3200.59 ,63287456700,63287456700,702150.1,81.65,88.45,92.4165,3111.316,2958.666,2684.443333,534203.9496,-77.49,113.8099,-0.14,3234.31,2309.98,2952,240.0064454,0.318883835,-0.044873452,0.778942821,-0.712290029
2014-12-10,3120.21 ,3229.05 ,3058.19 ,3221.55 ,3157.25 ,42501870800,42501870800,477300.1,79.21,85.37,89.239,3162.116,3008.519,2710.115667,536692.4701,-85.45,119.2654,1.88,3298.8,2308.21,3039,260.0959231,0.332350805,0.036896109,0.579478142,-1.12693712
2014-12-11,3185.16 ,3254.42 ,3158.44 ,3183.01 ,3195.26 ,36709169100,36709169100,392944.83,74.44,81.73,75.2658,3177.848,3051.371,2733.918333,528506.3248,-111.99,125.68115,0.16,3344.81,2322.53,3109,277.187077,0.337295973,-0.011961338,0.362628003,-1.430149353
2014-12-12,3182.92 ,3239.45 ,3167.93 ,3193.23 ,3195.88 ,30106532500,30106532500,337817.44,71.84,78.43,61.3107,3191.516,3089.812,2756.748667,485197.2312,-122.37,128.51805,0.05,3384.96,2343.6,3164,294.6340231,0.33637542,0.003209225,0.156740205,-1.58682129
2014-12-15,3176.83 ,3226.22 ,3143.30 ,3217.23 ,3190.90 ,29019383400,29019383400,326668.04,69.27,75.38,49.7174,3184.386,3129.554,2780.238,447376.1028,-131.97,129.84325,1.03,3420.51,2373.06,3143,313.692922,0.331272574,0.007516221,-0.033337858,-1.620098631
2014-12-16,3221.36 ,3303.40 ,3207.69 ,3303.40 ,3258.96 ,35812384700,35812384700,425665.73,72.8,74.52,48.034,3223.684,3167.5,2806.579,392079.2287,-156.6,136.0843,2.47,3460.62,2409.15,3166,336.3172259,0.3253603,0.02678517,-0.15871209,-1.53695449
2014-12-17,3325.82 ,3368.19 ,3275.74 ,3360.60 ,3332.59 ,44814077000,44814077000,527748.94,79.45,76.16,48.8432,3251.494,3206.805,2835.150667,402168.9957,-234.6,143.1505,3.36,3499.62,2452.48,3193,360.6763146,0.320861285,0.017314272,-0.232978396,-1.406548463
2014-12-18,3359.09 ,3393.71 ,3322.23 ,3345.93 ,3355.24 ,35597020700,35597020700,416260.45,81.55,77.96,41.8877,3284.078,3230.963,2863.146,406832.1188,-298.67,147.9174,1.88,3521.94,2511.05,3228,380.7660989,0.323737645,-0.004365592,-0.307400632,-1.378601731
2014-12-19,3345.63 ,3397.18 ,3280.92 ,3383.17 ,3351.73 ,41121159000,41121159000,435516.87,86.32,80.75,36.9601,3322.066,3256.791,2892.513333,426372.0043,-240.43,150.60445,1.84,3543.9,2569.06,3261,398.4232439,0.323470182,0.01112995,-0.367619746,-1.315292012
2014-12-22,3396.25 ,3455.21 ,3357.66 ,3394.48 ,3400.90 ,54980167100,54980167100,537021.1,85.78,82.43,30.1682,3357.516,3270.951,2920.138333,468442.6165,-92.32,152.43705,1.1,3563.71,2623.77,3288,413.9480817,0.322299621,0.003344204,-0.464935822,-1.152155225
2014-12-23,3358.80 ,3431.78 ,3316.91 ,3324.92 ,3358.10 ,36973609300,36973609300,377227.77,76.6,80.48,12.173,3361.82,3292.752,2945.682,458755.0255,-84.88,154.0244,-1.1,3564.73,2686.69,3317,423.3459776,0.342936934,-0.020491203,-0.615082117,-0.912122508
2014-12-24,3332.15 ,3340.36 ,3188.50 ,3230.39 ,3272.85 ,31744958700,31744958700,339475.8,60.37,73.78,-15.1155,3335.778,3293.636,2966.884333,421100.3978,-109.61,157.64165,-3.16,3548.82,2753.33,3455,425.9734287,0.370110195,-0.028433432,-0.760748428,-0.503425317
2014-12-25,3254.48 ,3335.78 ,3226.32 ,3335.42 ,3288.00 ,30979954700,30979954700,330128.94,60.78,69.45,-21.293,3333.676,3308.877,2992.073333,403874.0961,-122.58,161.79685,0.05,3538.86,2821.39,3450,431.0047573,0.379319547,0.032514391,-0.886062189,-0.105347593
2014-12-26,3343.64 ,3453.34 ,3335.01 ,3445.84 ,3394.46 ,38461412400,38461412400,438838.43,72.68,70.53,-13.1783,3346.21,3334.138,3020.898333,404538.4085,-134.96,168.6057,2.98,3544.03,2879.92,3189,440.7558694,0.386614345,0.033105286,-0.871151065,0.326251234
2014-12-29,3502.18 ,3524.28 ,3405.84 ,3455.46 ,3471.94 ,42501503700,42501503700,505004.51,74.96,72,-9.3665,3358.406,3357.961,3050.510333,398135.0898,-114.54,172.3212,2.89,3537.2,2950.32,3194,445.293826,0.386877143,0.002790612,-0.612248098,-0.074941902
2014-12-30,3450.81 ,3491.83 ,3422.17 ,3457.55 ,3455.59 ,32823387300,32823387300,394607.77,76.68,73.56,-9.3913,3384.932,3373.376,3081.048,401611.0895,-135.45,169.61005,2.15,3537.27,3003.6,3207,447.5293847,0.375511566,0.000607445,-0.444059671,-0.27417622
2014-12-31,3462.39 ,3542.34 ,3452.50 ,3533.71 ,3497.74 ,34593476000,34593476000,403710.89,83.64,76.92,-2.344,3445.596,3390.687,3114.264333,414458.1072,-161.49,164.42175,2.56,3549.95,3047.54,3220,446.6206154,0.37790532,0.02202453,0.061755935,-0.921988129
2015-01-05,3566.09 ,3669.04 ,3551.51 ,3641.54 ,3607.05 ,45119809800,45119809800,519849.82,87.19,80.34,12.814,3506.82,3420.248,3151.079,452402.2827,-160.26,165.61675,3.84,3602.82,3048.39,3239,450.1223847,0.36219328,0.030516413,0.437415208,-0.081642326
2015-01-06,3608.43 ,3683.23 ,3587.23 ,3641.06 ,3629.99 ,42096218500,42096218500,498529.59,88.62,83.1,18.4076,3545.864,3446.037,3186.332333,464340.5149,-154.94,160.85645,2.68,3645.55,3057.28,3273,447.0251654,0.363319876,-0.000132362,0.50073958,-0.22153315
2015-01-07,3620.92 ,3671.19 ,3601.70 ,3643.79 ,3634.40 ,32019123200,32019123200,398731.72,89.75,85.32,18.081,3583.53,3470.968,3219.483333,443085.9574,-155.61,152.10715,1.68,3688.54,3053.38,3314,451.5177572,0.342919227,0.000750057,0.364358277,-0.625215636
2015-01-08,3650.07 ,3659.95 ,3552.10 ,3559.26 ,3605.35 ,29500304500,29500304500,355831.97,84.12,84.92,2.8822,3603.872,3494.402,3248.606667,435330.7963,-131.14,141.83385,-1.24,3696.05,3091.1,3351,445.8275193,0.305339885,-0.023198648,0.343409374,-0.934257077
2015-01-09,3547.57 ,3689.75 ,3536.40 ,3546.72 ,3580.11 ,34998267200,34998267200,430210.59,75.98,81.94,-11.6597,3606.474,3526.035,3276.063333,440630.7372,-111.28,140.95895,-1.66,3708.3,3111.37,3385,441.7216933,0.286541327,-0.003522081,0.145519968,-1.015394902
2015-01-12,3531.52 ,3560.53 ,3461.32 ,3513.58 ,3516.74 ,26656717500,26656717500,334257.13,63.3,75.73,-27.6301,3580.882,3543.851,3301.366333,403512.2003,-152.42,136.10755,-1.88,3708.09,3144.64,3421,435.6530587,0.284627717,-0.00934581,0.047556918,-0.965325187
2015-01-13,3506.45 ,3550.16 ,3494.77 ,3514.04 ,3516.36 ,18715396500,18715396500,250796.68,53.64,68.37,-39.3072,3555.478,3550.671,3324.873667,353965.6179,-146.76,136.49915,-1.17,3704.05,3180.76,3453,428.7110057,0.285084784,0.000132059,-0.002946511,-0.916113798
2015-01-14,3522.91 ,3547.24 ,3471.56 ,3502.42 ,3511.03 ,19601251000,19601251000,241285.84,42.78,59.84,-49.1335,3527.204,3555.367,3347.627333,322476.4413,-137.98,136.13705,-0.7,3696.85,3216.48,3472,417.2265055,0.286302262,-0.003305882,-0.008767452,-0.844655646
2015-01-15,3501.72 ,3604.12 ,3482.27 ,3604.12 ,3548.06 ,23781233800,23781233800,303445.35,49.36,56.34,-42.709,3536.176,3570.024,3370.3,311999.118,-183.48,134.75985,1.92,3709.12,3234.28,3482,408.5413302,0.288649213,0.02903647,-0.195729654,-0.755753
2015-01-16,3616.25 ,3662.16 ,3601.26 ,3635.15 ,3628.71 ,28268161400,28268161400,355568.71,58.27,56.99,-35.3582,3553.862,3580.168,3392.553333,297070.7417,-134.85,135.72895,2.29,3727.5,3243.35,3497,402.5752137,0.28518179,0.008608202,-0.375179005,-0.670749178
2015-01-19,3414.01 ,3497.25 ,3330.98 ,3355.16 ,3399.35 ,32950527500,32950527500,366017.53,41.09,51.69,-67.4287,3522.178,3551.53,3400.913667,303422.8215,10.16,138.14375,-4.74,3726.88,3244.9,3662,381.045853,0.412753009,-0.077023316,-0.376198552,-0.642736713
2015-01-20,3336.79 ,3419.20 ,3325.68 ,3396.22 ,3369.47 ,29784323200,29784323200,381917.9,33.85,45.74,-81.3956,3498.614,3527.046,3409.958,329647.0671,-128.18,137.00655,-2.93,3726.43,3246.66,3656,362.0806103,0.41315657,0.012239971,-0.387253139,-0.595209673
2015-01-21,3420.49 ,3557.79 ,3409.43 ,3548.89 ,3484.15 ,33792821000,33792821000,425433.7,43.01,44.83,-68.8524,3507.908,3517.556,3419.825,366476.6404,-141.11,139.89765,1.17,3731.6,3256.93,3642,355.1746298,0.441463969,0.044950831,-0.58126532,-0.335324591
2015-01-22,3551.05 ,3576.76 ,3520.05 ,3567.61 ,3553.87 ,26885359900,26885359900,345026.04,52.64,47.43,-57.2905,3500.606,3518.391,3435.181667,374792.7784,-124.39,142.52065,1.91,3731.79,3281,3630,354.2772983,0.433120425,0.00527715,-0.824461062,0.387002964
2015-01-23,3582.09 ,3627.81 ,3548.63 ,3571.73 ,3582.57 ,28017217200,28017217200,361835.55,59.47,51.44,-48.6827,3487.922,3520.892,3446.854333,376046.1455,-152.27,140.3152,2.4,3709.04,3337.89,3628,348.3790834,0.41614332,0.001154554,-0.538027351,-0.424105382
2015-01-26,3580.12 ,3611.62 ,3559.38 ,3607.99 ,3589.78 ,23976620300,23976620300,309585.71,67.61,56.83,-38.1646,3538.488,3530.333,3461.020333,364759.7811,-135.41,136.10055,1.96,3703.57,3370.61,3616,339.0674292,0.404411227,0.010149978,-0.560674939,-0.302501492
2015-01-27,3614.04 ,3616.26 ,3510.02 ,3574.93 ,3578.81 ,28766917900,28766917900,357548.25,69.77,61.14,-35.7611,3574.23,3536.422,3473.743667,359885.8503,-108.27,130.0618,0.02,3705.07,3382.03,3616,328.0878578,0.392170754,-0.009161346,-0.790563854,0.25906826
2015-01-28,3547.24 ,3583.31 ,3512.39 ,3525.32 ,3542.07 ,21622021400,21622021400,278749.17,66.29,62.86,-40.6006,3569.516,3538.712,3484.013333,330548.9424,-100.68,124.26315,-1.24,3703.48,3390.6,3612,315.0719149,0.396126304,-0.013876632,-0.936286212,0.851140283
2015-01-29,3474.92 ,3505.58 ,3453.90 ,3481.80 ,3479.05 ,21161886000,21161886000,251897.93,61.42,62.38,-48.8564,3552.354,3526.48,3489.96,311923.3195,-90.2,122.5477,-1.99,3702.13,3394.38,3608,296.7229691,0.398988109,-0.012346386,-0.98005996,1.130664644
2015-01-30,3496.89 ,3514.22 ,3431.94 ,3434.39 ,3469.36 ,19647915700,19647915700,237420.79,52.94,59.23,-59.2058,3524.886,3506.404,3492.419667,287040.369,-75.41,120.65345,-2.57,3705.33,3381.24,3599,271.5292707,0.393551741,-0.013615954,-0.796570963,0.26726246
2015-02-02,3360.19 ,3407.26 ,3347.09 ,3353.96 ,3367.13 ,19518369900,19518369900,224837.77,36.11,51.52,-74.4044,3474.08,3506.284,3492.687333,270090.7809,-115.64,112.8348,-3.46,3704.7,3353.12,3585,243.5978572,0.382619311,-0.023419006,-0.739658516,-0.167736341
2015-02-03,3388.60 ,3441.71 ,3360.72 ,3437.45 ,3407.12 ,19284609600,19284609600,241100.02,34.8,45.95,-70.7541,3446.584,3510.407,3494.496667,246801.1357,-111.75,110.9802,-0.27,3690.71,3346.74,3562,221.1007143,0.395862169,0.024891472,-0.593365292,-0.438698408
2015-02-04,3446.14 ,3476.82 ,3399.57 ,3401.77 ,3431.08 ,19130434900,19130434900,244034.3,29.69,40.53,-70.5302,3421.874,3495.695,3494.739667,239858.1621,-83.23,112.58725,-0.59,3675.59,3337.66,3540,202.1711286,0.396492932,-0.01037893,-0.489732243,-0.808788894
2015-02-05,3487.95 ,3487.95 ,3366.86 ,3366.95 ,3427.43 ,25043060900,25043060900,311523.67,22.26,34.44,-72.195,3398.904,3475.629,3496.140667,251783.3107,-79.25,113.24945,-0.94,3675.01,3319.01,3521,183.0737222,0.390371762,-0.010236442,-0.295422741,-1.146975847
2015-02-06,3352.33 ,3374.05 ,3285.94 ,3312.42 ,3331.19 ,19266418600,19266418600,221433.18,17.51,28.8,-77.3074,3374.51,3449.698,3498.875,248585.7886,-134.58,109.98735,-1.84,3679.61,3290.98,3503,163.862236,0.393330726,-0.016194498,-0.23196447,-1.176845952
2015-02-09,3305.73 ,3376.53 ,3298.60 ,3345.92 ,3331.70 ,17235382000,17235382000,220766.53,18.4,25.33,-72.901,3372.902,3423.491,3499.225,247771.5396,-146.88,109.55665,-0.8,3680.34,3273.48,3477,147.2631742,0.395468248,0.010113754,-0.078497345,-1.406346932
2015-02-10,3345.08 ,3407.18 ,3339.55 ,3406.94 ,3374.69 ,15930908800,15930908800,199120.68,29.93,26.86,-59.0805,3366.8,3406.692,3497.928333,239375.6711,-150.06,110.544,1.19,3676.51,3266.61,3454,135.1260155,0.402091115,0.018237729,0.076188518,-1.457185718
2015-02-11,3415.98 ,3445.66 ,3412.14 ,3434.12 ,3426.98 ,14461377200,14461377200,185979.22,41.59,31.77,-44.2685,3373.27,3397.572,3497.217,227764.6556,-138.68,112.06525,1.8,3673.2,3263.08,3446,119.8698648,0.403419691,0.00797812,0.182690249,-1.440050915
2015-02-12,3435.36 ,3453.58 ,3405.63 ,3442.87 ,3434.36 ,15608169100,15608169100,191285.87,53.62,39.06,-31.8629,3388.454,3393.679,3496.727667,203717.0964,-135.33,107.83495,1.61,3655.06,3265.1,3299,104.2627715,0.388374925,0.002547957,0.329131006,-1.16616458
2015-02-13,3458.83 ,3509.51 ,3452.08 ,3469.83 ,3472.56 ,20108997100,20108997100,247076.15,63.17,47.09,-19.2191,3419.936,3397.223,3494.598333,208845.6904,-113.97,104.03445,1.46,3628.72,3274.9,3302,104.7832829,0.388097862,0.007828924,0.299799437,-1.079684705
2015-02-16,3473.29 ,3504.48 ,3466.61 ,3499.48 ,3485.97 ,16564134300,16564134300,222799.72,73.95,56.04,-6.7017,3450.648,3411.775,3489.863,209252.3297,-134.12,98.3407,1.42,3631.05,3287.01,3310,104.7071688,0.258137964,0.008546533,0.138716025,-1.011557178
2015-02-17,3511.54 ,3536.82 ,3511.09 ,3522.32 ,3520.44 ,16532831300,16532831300,214457.27,80.71,64.27,4.2265,3473.724,3420.262,3485.905,212319.6471,-114.68,97.1752,1.4,3636.9,3293.77,3318,98.14366035,0.255985212,0.006526393,-0.059210819,-1.007329533
2015-02-25,3529.55 ,3529.55 ,3463.96 ,3478.73 ,3500.45 ,16553935100,16553935100,211739.06,79.42,69.32,5.0971,3482.646,3427.958,3480.403,217471.6151,-77.07,88.8493,-0.11,3629.01,3294.64,3331,88.79227734,0.206301085,-0.012376211,0.017825981,-0.814265998
2015-02-26,3473.71 ,3569.33 ,3456.87 ,3566.30 ,3516.55 ,22932843800,22932843800,279809.08,85.91,74.85,16.3474,3507.332,3447.893,3480.637667,235176.2554,-134.9,86.10595,1.68,3628.77,3294.75,3343,84.08081347,0.225064563,0.025171837,0.016123965,-0.811893884
2015-02-27,3565.23 ,3594.81 ,3560.46 ,3572.84 ,3573.34 ,22278643800,22278643800,271861.95,87.74,79.14,23.134,3527.934,3473.935,3481.508333,240133.4137,-100.76,87.6154,1.27,3628.98,3294.65,3362,78.1196728,0.225124533,0.001836079,0.01794158,-0.813155396
2015-03-02,3603.45 ,3608.69 ,3566.53 ,3601.27 ,3594.99 ,24817612500,24817612500,325164.9,90.61,82.96,29.5085,3548.292,3499.47,3484.431333,260606.4488,-92.53,86.87765,1.49,3627.43,3295.53,3385,75.53038916,0.223961717,0.00795501,-0.010257633,-0.852187586
2015-03-03,3579.32 ,3579.32 ,3504.20 ,3507.90 ,3542.69 ,26186648900,26186648900,335700.12,77.19,81.04,19.6771,3545.408,3509.566,3484.226667,284855.0189,-104.1,85.3213,-1.06,3616.99,3299.27,3412,70.8827197,0.240731181,-0.025925612,-0.029680364,-0.652388967
2015-03-04,3514.67 ,3540.91 ,3497.17 ,3530.82 ,3520.89 ,19966398100,19966398100,257468.79,68.22,76.77,15.0015,3555.826,3519.236,3485.173333,294000.9652,-68.38,83.84355,-0.7,3617.77,3299.03,3435,69.78978371,0.236981561,0.006534394,-0.031566507,-0.675067017
2015-03-05,3513.25 ,3517.08 ,3467.68 ,3496.34 ,3498.59 ,21750880500,21750880500,279030.59,54.15,69.23,6.442,3541.834,3524.583,3481.580667,293845.2686,-78.46,83.72985,-1.28,3619.08,3299.18,3456,69.39799453,0.235330595,-0.009764865,-0.05675816,-0.711472277
2015-03-06,3501.18 ,3516.24 ,3472.39 ,3478.52 ,3492.08 ,18151805400,18151805400,233468.25,40.85,59.77,-1.9913,3522.97,3525.452,3476.359667,286166.5287,-67.68,82.04415,-1.26,3621.07,3301.61,3472,72.1560948,0.23051584,-0.005097897,-0.146534353,-0.682582026
2015-03-09,3449.70 ,3546.71 ,3417.49 ,3537.75 ,3487.91 ,23394041100,23394041100,277860.47,48.2,55.91,-0.0646,3510.266,3529.279,3482.446,276705.6436,-96.25,85.49655,0.78,3625.32,3315.74,3417,73.56354006,0.218382412,0.017027357,-0.346305593,-0.412321258
2015-03-10,3523.64 ,3551.21 ,3511.99 ,3520.61 ,3526.86 ,19426765700,19426765700,245366.63,50.11,53.98,-1.4929,3512.808,3529.108,3486.592333,258638.9451,-68.59,87.4513,0.22,3630.2,3319.17,3433,75.82751306,0.203701868,-0.004844605,-0.499794075,-0.351628696
2015-03-11,3524.58 ,3568.92 ,3512.22 ,3524.65 ,3532.59 ,18894782500,18894782500,235772.76,52.09,53.35,-2.2424,3511.574,3533.7,3485.784333,254299.738,-78.55,84.49285,0.37,3633.91,3327.75,3450,79.92148741,0.199027845,0.001148096,-0.725423678,0.044667745
2015-03-12,3557.69 ,3603.34 ,3536.53 ,3592.84 ,3572.60 ,26566462500,26566462500,322141.25,65.3,57.33,5.6658,3530.874,3536.354,3486.625333,262921.8694,-67.16,82.99455,1.75,3643.14,3341.1,3469,89.94661304,0.202772314,0.019346869,-0.866486295,0.675631648
2015-03-13,3604.67 ,3641.39 ,3594.74 ,3617.66 ,3614.62 ,24686476800,24686476800,297298.52,73.33,62.66,13.0374,3558.702,3540.836,3488.156333,275687.9238,-73.34,83.83165,1.66,3642.83,3371.94,3493,99.03608238,0.189348988,0.006906228,-0.500520067,0.381657349
2015-03-16,3641.77 ,3705.74 ,3621.12 ,3705.67 ,3668.58 ,27543830700,27543830700,358497.57,82.21,69.18,27.7218,3592.286,3551.276,3491.412333,291815.3435,-77.33,84.85195,3.16,3665.98,3384.76,3523,109.0206783,0.201023102,0.024329006,0.700616575,0.966401918
2015-03-17,3733.96 ,3762.58 ,3716.81 ,3757.12 ,3742.62 ,37162566600,37162566600,455003.83,87.61,75.33,41.4905,3639.588,3576.198,3497.485333,333742.7835,-82.08,86.4956,3.23,3706.69,3379.07,3559,119.7195444,0.197908613,0.013884395,1.220574752,1.552331358
2015-03-18,3769.09 ,3846.06 ,3763.85 ,3846.06 ,3806.27 ,41519001100,41519001100,484465.53,91.74,80.8,58.6539,3703.87,3607.722,3508.176667,383481.3382,-56.14,87.65255,3.84,3768.2,3358.76,3600,133.8926171,0.208390272,0.023670512,1.534835649,2.154185693
2015-03-19,3851.25 ,3859.13 ,3809.71 ,3839.74 ,3839.96 ,39154763000,39154763000,463212.82,93.03,84.88,64.753,3753.25,3642.062,3520.108,411695.6527,-71.26,90.0187,2.3,3814.09,3352.55,3649,145.6935363,0.209747738,-0.001642202,1.361633004,0.872163684
2015-03-20,3852.49 ,3916.86 ,3832.42 ,3892.57 ,3873.59 ,40181755200,40181755200,544468.37,93.35,87.7,70.9996,3808.232,3683.467,3535.380667,461129.6243,-81.63,90.18265,2.21,3866.75,3342.17,3691,158.0634095,0.21164291,0.01376005,1.189936659,0.134786626
2015-03-23,3923.08 ,3972.30 ,3922.21 ,3972.06 ,3947.41 ,39111992200,39111992200,519760.22,95.55,90.32,80.2522,3861.51,3726.898,3555.984,493382.1544,-78.94,94.55685,2.86,3932.35,3323.83,3736,172.647189,0.21766095,0.020420164,1.084491786,-0.095591248
2015-03-24,3980.07 ,3989.86 ,3883.78 ,3973.05 ,3956.69 ,46858131200,46858131200,591066.8,95.8,92.15,80.7015,3904.696,3772.142,3573.837333,520594.7493,-44.95,96.35,1.75,3986.98,3314.27,3783,188.7306795,0.218726128,0.000247982,0.872477624,-0.692017489
2015-03-25,3961.58 ,3980.72 ,3913.99 ,3940.41 ,3949.18 ,37996885100,37996885100,501733.89,93.03,92.44,71.1332,3923.566,3813.718,3591.792,524048.4218,-64.79,97.91695,0.43,4023.49,3323.93,3825,197.9999956,0.214483103,-0.008213849,0.654689058,-1.198536971
2015-03-26,3921.75 ,3992.00 ,3892.88 ,3950.00 ,3939.16 ,34675631500,34675631500,468538.49,91.58,92.15,61.0155,3945.618,3849.434,3611.227,525113.5556,-24.6,97.24995,0.11,4059.55,3326.23,3858,206.9577958,0.203120557,0.002432994,0.430142056,-1.549303186
2015-03-27,3957.54 ,3993.03 ,3932.87 ,3971.70 ,3963.79 ,29875606400,29875606400,393132.35,91.81,92.04,52.4906,3961.444,3884.838,3633.203,494846.3503,-47.9,95.36055,0.26,4095.06,3330.61,3885,215.131506,0.202752813,0.005493166,0.226602381,-1.744888312
2015-03-30,3999.02 ,4101.65 ,3999.02 ,4088.18 ,4046.97 ,42829702000,42829702000,546211.08,93.21,92.43,57.3884,3984.668,3923.089,3657.945,500136.5219,-78.42,101.3878,2.6,4150.27,3324.1,3906,233.3888307,0.219364754,0.029327766,0.144872272,-1.641292068
2015-03-31,4138.89 ,4166.02 ,4037.77 ,4051.20 ,4098.47 ,43606563500,43606563500,598121.73,84.73,89.86,50.7249,4000.298,3952.497,3679.420333,501547.5083,-13,105.9818,1.27,4185.33,3343.37,3945,247.7384892,0.192297889,-0.009044127,-0.026073939,-1.644518198
2015-04-01,4057.50 ,4139.50 ,4046.94 ,4123.90 ,4091.96 ,32951285300,32951285300,466596.91,85.61,88.45,51.0477,4036.996,3980.281,3702.413,494520.1109,-26.3,108.8812,2.15,4229.04,3358.97,3990,266.7291147,0.195892262,0.017943061,-0.144537749,-1.490646645
2015-04-02,4149.95 ,4156.84 ,4068.65 ,4124.78 ,4125.06 ,33907048700,33907048700,476617.84,85.54,87.48,46.4494,4071.952,4008.785,3725.143333,496135.9803,-10.22,111.906,1.3,4260.72,3390.13,4025,285.705459,0.186991425,0.000213633,-0.274163437,-1.339521011
2015-04-03,4104.67 ,4170.56 ,4092.38 ,4170.54 ,4134.54 ,32130376600,32130376600,466965.6,90.36,88.44,44.6301,4111.72,4036.582,3748.500333,510902.6309,-60.46,114.5731,1.43,4289.19,3430.86,4053,303.059586,0.180337846,0.011094421,-0.33809987,-1.166881981
2015-04-07,4213.89 ,4260.47 ,4197.02 ,4260.04 ,4232.86 ,41536265400,41536265400,564646.32,93.53,90.14,50.129,4146.092,4065.38,3773.852333,514589.6799,-4.96,116.51655,2.75,4332.61,3459.67,4077,324.8782567,0.183471341,0.0214615,-0.329843177,-0.80691344
2015-04-08,4277.45 ,4304.78 ,4204.83 ,4295.80 ,4270.72 ,45867671500,45867671500,658308.06,94.96,91.74,52.9532,4195.012,4097.655,3799.635,526626.9459,41.4,115.21865,2.4,4368.63,3501.17,4113,347.1918439,0.175793595,0.008394045,-0.268895328,-0.580435385
2015-04-09,4316.96 ,4332.17 ,4212.61 ,4262.14 ,4280.97 ,43969990200,43969990200,650419.15,90.79,91.43,44.9717,4222.66,4129.828,3825.748667,563391.3952,32.14,118.7391,0.93,4383.49,3560.06,4152,363.2969517,0.18447886,-0.007836719,-0.22042678,-0.643756881
2015-04-10,4249.38 ,4351.69 ,4231.20 ,4344.42 ,4294.17 ,34819017000,34819017000,509354.29,93.18,92.01,45.3314,4266.588,4169.27,3851.686,569938.6859,-45.38,121.13675,1.82,4412.55,3606.15,4188,381.4700541,0.184449971,0.019304396,-0.105934791,-0.639922299
2015-04-13,4394.05 ,4432.02 ,4361.59 ,4421.07 ,4402.18 ,43415303600,43415303600,598518.14,94.52,92.85,50.0785,4316.694,4214.207,3879.960333,596249.1938,-18.93,125.93525,2.42,4448.47,3650.57,4221,398.1666514,0.186290046,0.017644949,0.166810614,-0.779726583
2015-04-14,4432.13 ,4474.35 ,4385.91 ,4438.18 ,4432.64 ,43443212600,43443212600,602127.44,93.53,93.08,49.613,4352.322,4249.207,3907.857333,603745.4175,11.18,126.0236,1.97,4486.68,3685.62,4263,412.3114188,0.179818957,0.003870327,0.271550241,-0.948449062
2015-04-15,4439.31 ,4476.00 ,4379.61 ,4380.51 ,4418.86 ,47215413100,47215413100,596822.88,87.87,91.34,36.2472,4369.264,4282.138,3936.944333,591448.38,-4.29,123.7702,0.26,4506.91,3727.73,4305,418.4187479,0.195016248,-0.012994279,0.240502815,-1.258355747
2015-04-16,4355.49 ,4513.77 ,4335.63 ,4513.55 ,4429.61 ,42260374800,42260374800,564722.84,91.9,91.53,39.7551,4419.546,4321.103,3969.702,574309.1186,-39.45,126.21465,2.13,4556.47,3744.92,4336,431.1881605,0.203192245,0.030369274,0.234679724,-1.195666065
2015-04-17,4578.68 ,4630.27 ,4553.90 ,4596.14 ,4589.75 ,55280266300,55280266300,733953.61,91.97,91.68,47.1253,4469.89,4368.239,4006.362,619228.9823,-13.86,136.18275,2.82,4612.83,3764.19,4371,444.8068525,0.202867306,0.018298252,0.329762572,-1.062492739
2015-04-20,4615.03 ,4671.17 ,4492.60 ,4521.92 ,4575.18 ,68643907500,68643907500,939264.9,83.98,89.11,36.4082,4490.06,4403.377,4041.142,687378.3352,-29.68,139.7533,0.71,4645.24,3794.72,4423,450.0594098,0.220771467,-0.016147695,0.213616314,-1.255863765
2015-04-21,4520.46 ,4620.06 ,4504.56 ,4619.16 ,4566.06 ,49031499100,49031499100,685365.03,85.54,87.92,36.7175,4526.256,4439.289,4077.189,704025.8524,-50.84,139.1322,2.05,4696.23,3808.44,4473,459.8623394,0.221614334,0.02150525,0.120005053,-1.234536943
2015-04-22,4637.06 ,4740.93 ,4632.59 ,4739.81 ,4687.60 ,51621379200,51621379200,769924.8,90.29,88.71,46.8259,4598.116,4483.69,4117.829,738646.238,-85.19,145.64715,3.08,4764.45,3816.9,4512,476.8393224,0.228878768,0.026119445,0.159730087,-0.951712331
2015-04-23,4764.48 ,4782.04 ,4693.97 ,4740.89 ,4745.35 ,49743095400,49743095400,752258.24,90.45,89.29,47.1782,4643.584,4531.565,4158.370333,776153.3164,-27.31,148.2732,2.1,4815.01,3846.38,4558,492.5420063,0.222379648,0.000227435,0.146089867,-0.968167744
2015-04-24,4682.63 ,4730.43 ,4618.32 ,4702.64 ,4683.51 ,48015293600,48015293600,721273.1,87.71,88.76,36.2697,4664.884,4567.387,4195.363667,773617.2139,-80.76,148.92285,0.81,4844.99,3891.66,4603,504.462106,0.229683295,-0.008068313,0.082911946,-1.11182602
2015-04-27,4753.87 ,4810.48 ,4735.31 ,4807.59 ,4776.81 ,51307654800,51307654800,765910.4,91.6,89.71,37.0698,4722.018,4606.039,4235.028,738946.3136,-55.41,153.5235,1.81,4886.94,3933.3,4639,515.2097007,0.23408705,0.02231746,0.127207956,-1.200514783
2015-04-28,4811.32 ,4839.08 ,4703.57 ,4741.86 ,4773.96 ,60863854500,60863854500,860349.88,87.96,89.13,23.2972,4746.558,4636.407,4269.567667,773943.283,-31.34,151.86,-0.1,4916.31,3969.3,4673,523.9820656,0.236285839,-0.013672333,-0.025423814,-1.243012057
2015-04-29,4722.90 ,4797.93 ,4695.79 ,4774.33 ,4747.74 ,39505698000,39505698000,601676.35,85.75,88,13.5936,4753.462,4675.789,4303.474667,740293.5924,-56.07,148.617,0.44,4936.74,4021.19,4696,530.3045123,0.228158191,0.006846468,-0.088735437,-1.348891577
2015-04-30,4788.41 ,4818.73 ,4749.48 ,4749.89 ,4776.63 ,39972744400,39972744400,612511.42,81.92,85.97,-0.3458,4755.262,4699.423,4333.602333,712344.2282,-70.71,149.6772,-0.11,4951.11,4069.42,4724,535.0447867,0.229900829,-0.005119047,-0.223006728,-1.32423751
2015-05-04,4757.64 ,4795.92 ,4699.40 ,4787.74 ,4760.18 ,37784385300,37784385300,565453.37,82.83,84.92,-8.2582,4772.282,4718.583,4365.202333,681180.2834,-15.06,149.0079,0.32,4961.31,4125.51,4699,539.1526974,0.228477807,0.007969665,-0.29111825,-1.388445631
2015-05-05,4785.19 ,4785.19 ,4572.98 ,4596.84 ,4685.05 ,46041962600,46041962600,660020.22,58.21,76.02,-41.1559,4730.132,4726.075,4388.678,660002.2466,-51.16,154.5229,-2.82,4944.28,4185.17,4819,529.0347125,0.28460147,-0.039873502,-0.319749101,-1.381148132
2015-05-06,4626.23 ,4700.91 ,4511.76 ,4553.33 ,4598.06 ,37607370200,37607370200,586033.99,43.04,65.03,-69.0835,4692.426,4719.492,4408.053667,605139.069,-46.67,155.5759,-2.96,4931.01,4227.77,4814,515.4591769,0.282061954,-0.009465204,-0.376506644,-1.163152459
2015-05-07,4520.82 ,4546.34 ,4467.46 ,4470.09 ,4501.18 ,29775920300,29775920300,427189.95,28.93,52.99,-97.3453,4631.578,4692.52,4424.621667,570241.7896,-81.51,154.1318,-3.49,4918.11,4258.1,4802,500.083768,0.291612187,-0.018280699,-0.351779091,-1.024237851
2015-05-08,4515.55 ,4559.06 ,4445.59 ,4558.40 ,4519.65 ,30240796700,30240796700,452090.7,28.84,44.94,-102.2173,4593.28,4674.271,4445.221333,538157.6455,-29,153.4381,-0.76,4895.83,4310.01,4782,485.7789796,0.29554578,0.019756877,-0.197141773,-1.245609469
2015-05-11,4582.09 ,4690.95 ,4535.15 ,4690.53 ,4624.68 ,37383842000,37383842000,583260.41,39.98,43.29,-86.3478,4573.838,4673.06,4469.905667,541719.0525,2.33,158.7524,2.55,4888.71,4351.74,4755,474.9629807,0.304015137,0.028985584,-0.254382374,-1.245360318
2015-05-12,4692.12 ,4748.00 ,4660.02 ,4747.42 ,4711.89 ,37705389100,37705389100,607123.3,53.61,46.73,-67.7162,4603.954,4667.043,4495.763,531139.6688,11.02,159.35375,3.12,4893.48,4379.6,4446,466.6766816,0.301377069,0.012128475,-0.441399899,-1.00850563
2015-05-13,4746.71 ,4758.00 ,4678.85 ,4718.44 ,4725.50 ,37073042400,37073042400,590479.85,60.12,51.19,-59.1359,4636.976,4664.701,4516.771667,532028.8409,44.84,158.61485,1.76,4892.05,4409.06,4452,460.2389975,0.303323066,-0.00610542,-0.642784964,-0.549697641
2015-05-14,4717.96 ,4735.28 ,4670.17 ,4700.78 ,4706.05 ,33772515200,33772515200,513219.66,64.36,55.58,-55.7256,4683.114,4657.346,4538.424333,549234.7814,28.38,157.05125,0.38,4872.53,4460.61,4464,446.5886477,0.298507833,-0.003742342,-0.497674642,-1.117670304
2015-05-15,4690.76 ,4690.76 ,4592.05 ,4617.47 ,4647.76 ,32843116600,32843116600,506695.01,59.78,56.98,-63.9869,4694.928,4644.104,4554.876667,560155.6445,66.27,153.07975,-1.65,4866.4,4477.13,4476,425.3259153,0.29057658,-0.017722173,-0.548006917,-0.818895263
2015-05-18,4582.06 ,4623.38 ,4565.06 ,4575.14 ,4586.41 ,26918048900,26918048900,434083.13,53.67,55.88,-73.7543,4671.85,4622.844,4569.888667,530320.1886,50.14,141.26385,-2.07,4867.28,4474.14,4487,406.7206695,0.285531969,-0.009167358,-0.525302344,-0.910915677
2015-05-19,4577.64 ,4740.01 ,4577.64 ,4731.22 ,4656.63 ,31478595200,31478595200,524232.16,66.26,59.34,-58.4614,4668.61,4636.282,4588.578,513741.9606,-60.38,141.08265,1.34,4866.35,4496.01,4498,391.987536,0.302647289,0.03411524,-0.747810254,-0.358002581
2015-05-20,4751.57 ,4843.10 ,4745.21 ,4754.92 ,4773.70 ,36318074800,36318074800,589956.27,70.11,62.93,-45.026,4675.906,4656.441,4605.074,513637.2456,-37.48,147.9829,1.69,4873.52,4502.41,4507,373.1434092,0.294488022,0.005008643,-0.940720967,-0.073664751
2015-05-21,4768.69 ,4841.62 ,4746.03 ,4840.98 ,4799.33 ,30505453700,30505453700,505346.11,79.84,68.57,-25.3972,4703.946,4693.53,4623.246667,512062.5356,-59.82,140.9844,2.91,4889.71,4496.34,4528,359.4904388,0.287111961,0.018098521,-0.749774756,-0.207619542
2015-05-22,4895.93 ,4951.99 ,4870.60 ,4951.34 ,4917.47 ,45584671800,45584671800,719129.95,86.51,74.55,0.244,4770.72,4732.824,4646.22,554549.5242,-96.46,143.80975,3.79,4931.11,4475.99,4547,353.9506168,0.297012313,0.022796849,-0.113392883,0.218104745
2015-05-25,4949.11 ,5099.84 ,4949.11 ,5099.50 ,5024.39 ,46573659000,46573659000,757085.83,90.98,80.03,33.1335,4875.592,4773.721,4671.389333,619150.0636,-91.7,149.6662,4.59,5011.72,4435.06,4579,350.848236,0.309473687,0.029923243,0.694008034,1.4009248
2015-05-26,5140.80 ,5199.30 ,5063.15 ,5198.92 ,5150.54 ,48794935900,48794935900,802295.84,93.97,84.67,62.5455,4969.132,4818.871,4697.317667,674762.8002,-116.48,152.5671,4.62,5100.22,4385.7,4631,356.1586742,0.307488725,0.019496636,1.095300109,1.489260198
2015-05-27,5216.17 ,5226.84 ,5126.86 ,5181.43 ,5187.83 ,47079873000,47079873000,777826.31,93.69,87.68,73.1717,5054.434,4865.17,4722.092667,712336.8075,-147.17,153.97645,2.51,5172.46,4357.41,4699,358.7061405,0.301720526,-0.003363008,0.95967155,0.372355626
2015-05-28,5174.10 ,5213.18 ,4831.33 ,4834.01 ,5013.16 ,57182904700,57182904700,873207.36,76.01,83.79,29.1887,5053.04,4878.493,4737.209333,785909.0591,-130.99,167.96245,-4.33,5176.6,4359.23,4773,344.9768835,0.399272804,-0.067052287,0.905081572,0.261940069
2015-05-29,4839.53 ,4924.30 ,4665.52 ,4840.83 ,4817.55 ,42787885900,42787885900,636008.15,64.19,77.25,-1.5695,5030.938,4900.829,4748.118667,769284.699,-89.17,174.75495,-3.78,5182.33,4362.6,4666,330.3824393,0.398697407,0.001411252,0.826003288,0.124992101
2015-06-01,4862.76 ,5079.32 ,4835.77 ,5076.18 ,4963.51 ,41750374100,41750374100,637843.68,67.18,73.9,6.7457,5026.274,4950.933,4764.12,745436.2701,-218.62,190.619,0.99,5218.72,4355.05,4744,337.8304173,0.431258238,0.048617706,0.645962784,-0.532934081
2015-06-02,5091.27 ,5162.56 ,5047.08 ,5161.87 ,5115.70 ,41297319600,41297319600,658452.86,74.26,74.02,19.9983,5018.864,4993.998,4785.451667,716667.6733,-159.33,196.34765,2.85,5268.04,4362.24,4812,351.3660465,0.401369425,0.016881004,0.44192122,-0.948071026
2015-06-03,5176.60 ,5186.97 ,5059.50 ,5143.59 ,5141.67 ,41425827000,41425827000,672056.53,77.9,75.31,22.3349,5011.296,5032.865,4802.932667,695513.7179,-96.01,193.88455,2.64,5302.62,4386.69,4868,367.4727941,0.398903939,-0.003541352,0.255286406,-1.178250805
2015-06-04,5156.01 ,5194.23 ,4863.47 ,5181.42 ,5098.78 ,48276726800,48276726800,735170.67,82.57,77.73,24.8179,5080.778,5066.909,4817.653,667906.3791,-118.58,206.479,1.98,5326.03,4434.41,4863,380.2497544,0.388218621,0.007354008,0.219267286,-1.493087901
2015-06-05,5254.91 ,5288.34 ,5104.18 ,5230.55 ,5219.50 ,54596119600,54596119600,855224.4,85.29,80.25,28.6481,5158.722,5094.83,4833.975,711749.6291,-47.45,222.04945,1.39,5358.83,4468.83,4916,388.2382667,0.385660277,0.009483122,0.118168171,-1.627150457
2015-06-08,5259.41 ,5370.61 ,5202.60 ,5353.75 ,5296.59 ,63731323700,63731323700,949498.01,89.39,83.3,42.5107,5214.236,5120.255,4855.678667,774080.4956,-5.25,223.1029,2.68,5419.9,4474.08,4983,399.1428534,0.382152708,0.023553728,0.053620561,-1.431669249
2015-06-09,5379.47 ,5380.43 ,5251.21 ,5317.46 ,5332.14 ,57042726300,57042726300,871431.82,89.99,85.53,41.4811,5245.354,5132.109,4872.674333,816676.2876,26.46,221.3517,1.37,5466.13,4484.85,5061,409.1369607,0.384445692,-0.006778425,-0.10820973,-1.42550998
2015-06-10,5254.30 ,5374.83 ,5209.68 ,5309.11 ,5286.98 ,44216567600,44216567600,711509.26,90,87.02,34.6431,5278.458,5144.877,4891.582667,824566.8325,31.11,224.709905,0.58,5501.59,4508.45,5125,419.0968127,0.382929932,-0.00157011,-0.296078794,-1.314882619
2015-06-11,5305.14 ,5329.30 ,5248.16 ,5306.59 ,5297.30 ,39233875500,39233875500,660584.87,88.82,87.62,25.188,5303.492,5192.135,4909.324667,809649.6723,-4.01,227.434885,0.06,5527.63,4543,5176,432.597972,0.382011211,-0.000475032,-0.498233082,-1.064986152
2015-06-12,5329.28 ,5351.65 ,5283.09 ,5335.12 ,5324.79 ,43013138600,43013138600,694213.17,89.62,88.29,18.4939,5324.406,5241.564,4928.832333,777447.4263,-33.28,227.67391,0.2,5539.3,4603.09,5217,448.9668284,0.371453939,0.005375411,-0.639215797,-0.761400121
2015-06-15,5354.01 ,5362.45 ,5207.31 ,5221.17 ,5286.24 ,47574570300,47574570300,766237.73,82.81,86.46,-4.3464,5297.89,5256.063,4943.28,740795.3696,8.17,232.51498,-1.45,5512.96,4694.04,5375,451.015712,0.38118973,-0.021358227,-0.630743106,-0.977546819
2015-06-16,5165.02 ,5204.30 ,5015.26 ,5064.82 ,5112.35 ,41167563800,41167563800,651522.53,68.19,80.37,-41.5113,5247.362,5246.358,4958.879333,696813.5121,-30.38,233.2197,-3.48,5491.16,4749.2,5371,443.9600364,0.388753991,-0.029944515,-0.676464755,-0.675562474
2015-06-17,5072.31 ,5158.37 ,4949.29 ,5138.83 ,5079.70 ,39712418700,39712418700,589868.37,60.12,73.62,-56.2097,5213.306,5245.882,4978.396,672485.3341,-10.97,230.400235,-1.43,5468.1,4810.65,5357,436.6547696,0.390730495,0.014612461,-0.721569473,-0.352205291
2015-06-18,5107.69 ,5121.22 ,4926.43 ,4930.55 ,5021.47 ,36439581400,36439581400,555646.76,40.38,62.54,-91.958,5138.098,5220.795,4993.744667,651497.7116,-39.45,235.319445,-4.04,5457.56,4830.15,5333,413.7827361,0.418191011,-0.040530933,-0.660825192,-0.329310676
2015-06-19,4847.06 ,4910.45 ,4634.69 ,4637.05 ,4757.31 ,35810474400,35810474400,519609.58,27.02,50.7,-149.6935,4998.484,5161.445,4996.366333,616576.9919,28.25,238.809295,-7.23,5507.14,4749.14,5300,369.9714343,0.46418869,-0.059526311,-1.154960681,1.056108258
2015-06-23,4641.42 ,4786.96 ,4455.33 ,4786.09 ,4667.45 ,36508794400,36508794400,536984.11,30.01,43.8,-161.3587,4911.468,5104.679,4999.551667,570726.2685,10.89,243.928475,-2.55,5521.2,4703.73,5234,330.8314926,0.466260378,0.032140875,-0.93867451,0.020544164
2015-06-24,4811.59 ,4883.73 ,4744.31 ,4880.13 ,4829.94 ,43463872300,43463872300,615374.09,35.61,41.07,-150.1885,4874.53,5060.946,5003.975333,563496.5792,0.93,252.83929,0.11,5515.8,4677.26,5140,299.224523,0.466355388,0.019647664,-0.699442633,-0.527451221
2015-06-25,4906.24 ,4919.26 ,4667.22 ,4706.52 ,4799.81 ,44613598200,44613598200,640246.4,32.97,38.37,-159.1104,4788.068,5000.687,5003.578,573572.1862,93.12,257.25637,-1.7,5524.35,4621.21,5058,277.8887418,0.480901648,-0.035574941,-0.512402763,-1.016962638
2015-06-26,4573.87 ,4650.19 ,4278.68 ,4336.19 ,4459.73 ,44663979000,44663979000,612959.48,23.75,33.5,-204.9038,4669.196,4903.647,4991.425,585034.7308,108.59,256.739215,-7.13,5598.83,4496.95,4986,238.7625897,0.504723191,-0.078682662,-1.060071902,0.710839816
2015-06-29,4446.84 ,4451.17 ,4000.93 ,4191.55 ,4272.62 ,52566248200,52566248200,704014.55,21.11,29.37,-242.1338,4580.096,4789.29,4977.227667,621915.7256,182.95,266.312105,-8.48,5682.1,4348.76,4887,182.5929402,0.513871397,-0.033357843,-1.250063129,0.899014778
2015-06-30,4161.07 ,4475.77 ,4016.01 ,4473.00 ,4281.46 ,52704528000,52704528000,716045.83,27.67,28.8,-217.1088,4517.478,4714.473,4973.823,657728.0679,98,269.36427,-0.98,5693.64,4276.9,4745,139.0196732,0.541601633,0.067146782,-0.967846877,-0.126966139
2015-07-01,4408.98 ,4526.13 ,4235.70 ,4253.02 ,4355.96 ,43172141100,43172141100,623330.6,25.95,27.85,-217.8808,4392.056,4633.293,4957.883,659319.3701,193.02,278.530895,-3.17,5714.04,4165.61,4626,87.54023956,0.555952905,-0.049178788,-0.749482629,-0.774661039
2015-07-02,4287.73 ,4312.19 ,4000.06 ,4108.00 ,4177.00 ,45706219400,45706219400,593506.69,21.21,25.64,-224.7173,4272.352,4530.21,4936.319,649971.4269,-6.4,287.143055,-3.85,5739.54,4036.55,4526,29.49223259,0.562350033,-0.034099267,-0.598436175,-1.082634462
2015-07-03,4017.20 ,4164.63 ,3785.90 ,3885.92 ,3963.41 ,42930085000,42930085000,538216.87,17.08,22.79,-244.3199,4182.298,4425.747,4904.483667,635022.9051,-59.68,289.541025,-7.09,5772.31,3874.23,4431,-39.21413404,0.578888151,-0.054060227,-0.53886184,-1.038329628
2015-07-06,4218.27 ,4218.27 ,3832.47 ,3998.54 ,4066.89 ,64809453000,64809453000,779558.04,17.64,21.07,-227.62,4143.696,4361.896,4872.723667,650131.6042,-67.46,289.9155,-3.5,5758.15,3765.19,4302,-105.0141273,0.593138665,0.028981603,-0.348346269,-1.310588292
2015-07-07,3877.85 ,3960.64 ,3743.62 ,3928.00 ,3877.53 ,67938500700,67938500700,795962.64,16.99,19.71,-211.9007,4034.696,4276.087,4833.673667,666114.9682,278.6,287.44456,-2.64,5712.19,3668.57,4199,-169.236346,0.577125408,-0.017640077,-0.199889796,-1.440322906
2015-07-08,3651.06 ,3762.62 ,3612.25 ,3663.04 ,3672.24 ,58146709700,58146709700,640122.4,12.96,17.46,-221.9521,3916.7,4154.378,4782.477667,669473.3286,230.04,286.822025,-6.48,5682.23,3533.09,4108,-243.0782537,0.607144478,-0.067455405,-0.156195417,-1.306383006
2015-07-09,3621.68 ,3930.26 ,3537.83 ,3897.63 ,3746.85 ,50387061000,50387061000,564744.04,20.77,18.56,-183.3629,3874.626,4073.489,4739.684333,663720.8002,121.43,298.186425,0.59,5603.05,3471.12,4009,-301.372526,0.669682105,0.064042151,0.012515141,-1.359245282
2015-07-10,3916.27 ,4179.11 ,3887.55 ,4106.56 ,4022.37 ,50070180200,50070180200,629079.51,33.03,23.39,-119.1669,3918.754,4050.526,4715.436,681893.3288,54.56,324.269915,4.79,5494.67,3459.5,3538,-347.7318497,0.710205838,0.053604369,0.171663855,-1.269889928
2015-07-13,4132.23 ,4278.16 ,4072.43 ,4211.81 ,4173.66 ,50209218600,50209218600,659251.72,44.75,30.51,-55.2479,3961.408,4052.552,4694.468667,657832.0648,177.21,338.626155,6.32,5360.08,3481.76,3551,-380.8130022,0.720433737,0.025631088,0.251744797,-1.178775506
2015-07-14,4178.63 ,4258.51 ,4062.50 ,4112.15 ,4152.95 ,45442200900,45442200900,597521.26,54.56,38.53,-20.8812,3998.238,4016.467,4662.334333,618143.7884,226.35,340.669625,2.85,5233.99,3496.95,3580,-409.4059721,0.720906169,-0.023662692,0.359397946,-1.034450978
2015-07-15,4068.88 ,4114.24 ,3899.51 ,3966.76 ,4012.35 ,42195636700,42195636700,514064.53,55.68,44.24,-12.6279,4058.982,3987.841,4622.497333,592932.2151,345.56,341.954435,-2.27,5130.41,3490.73,3608,-447.5392835,0.723076762,-0.035356284,0.532350055,-0.727656699
2015-07-16,3949.64 ,4067.02 ,3856.32 ,3997.36 ,3967.59 ,33053134500,33053134500,410050.9,57.81,48.77,1.3166,4078.928,3976.777,4584.289667,561993.5853,248.56,342.0358,-2,4984.69,3522.3,3635,-471.8219993,0.720131669,0.007713351,0.558442672,-0.730567594
2015-07-17,4023.76 ,4190.19 ,4000.23 ,4151.50 ,4091.42 ,33110713100,33110713100,435597.1,66.17,54.57,33.8624,4087.916,4003.335,4549.959,523297.1035,171.5,348.98956,1.56,4873.28,3555.8,3660,-472.5087044,0.732871099,0.038560518,0.650175466,-0.300383944
2015-07-20,4157.06 ,4221.69 ,4106.39 ,4160.61 ,4161.44 ,35267347200,35267347200,483493.9,72.16,60.43,57.7728,4077.676,4019.542,4514.294333,488145.5376,324.61,346.274725,2.03,4818.88,3562.56,3684,-480.1571991,0.70641939,0.002195932,0.860517468,0.416549193
2015-07-21,4109.76 ,4201.48 ,4081.70 ,4166.01 ,4139.74 ,31837494500,31837494500,431695.84,76.39,65.75,74.4121,4088.448,4043.343,4474.703,454980.4538,309.01,335.68242,1.9,4721.89,3597.54,3706,-491.8553592,0.693400285,0.001296372,1.01397132,1.625311414
2015-07-22,4148.56 ,4187.43 ,4094.71 ,4157.16 ,4146.97 ,31894599700,31894599700,441832.51,74.7,68.73,83.6334,4126.528,4092.755,4436.026333,440534.0484,309.16,319.548685,0.74,4572.2,3674.93,3726,-494.7303662,0.686703614,-0.002123209,0.599983998,1.771726396
2015-07-23,4158.93 ,4262.06 ,4148.82 ,4250.81 ,4205.16 ,35447175900,35447175900,483972.22,80.97,72.81,100.6138,4177.218,4128.073,4400.749667,455318.3135,126.81,315.31422,1.76,4462.66,3738.9,3746,-474.2633329,0.686229979,0.022526097,-0.370017572,0.879900766
2015-07-24,4255.20 ,4299.65 ,4154.62 ,4176.28 ,4221.44 ,39204537300,39204537300,535901.65,78.04,74.55,99.8723,4182.174,4135.045,4363.072667,475379.2222,216.48,304.279985,-0.14,4439.51,3746.06,3777,-451.3136613,0.626041633,-0.017532279,-0.408426394,1.350842119
2015-07-27,4097.80 ,4156.31 ,3817.17 ,3818.73 ,3972.50 ,36505451100,36505451100,477952.01,52.13,67.08,51.711,4113.798,4095.737,4312.526333,474270.8454,245.13,298.72517,-7.17,4438.17,3710.12,4300,-461.4612882,0.691440839,-0.08561385,-0.219245969,0.653055213
2015-07-28,3690.97 ,3883.45 ,3627.42 ,3811.09 ,3753.23 ,38352721600,38352721600,482654.54,43.86,59.34,20.8955,4042.814,4065.631,4265.523667,484462.5853,203.69,287.78434,-5.73,4371.17,3710.93,4290,-460.4846438,0.640994375,-0.00200035,-0.678051087,-0.342872401
2015-07-29,3839.96 ,3934.00 ,3769.19 ,3930.38 ,3868.38 ,27697284500,27697284500,372287.87,44.26,54.32,18.7206,3997.458,4061.993,4227.709,470553.6579,191.38,277.60771,-1.68,4342.72,3707.11,4263,-446.3412616,0.634524995,0.031299817,-0.578889876,-0.405234199
2015-07-30,3915.78 ,3968.53 ,3802.88 ,3815.41 ,3875.65 ,27154866500,27154866500,376351.17,38.83,49.15,4.6686,3910.378,4043.798,4183.595,449029.448,287.01,271.96847,-2.43,4338.75,3681.82,4238,-427.5494535,0.631548757,-0.029250944,-0.355579562,-0.827903932
2015-07-31,3777.15 ,3863.62 ,3757.99 ,3816.70 ,3803.87 ,22237676700,22237676700,299312.54,35.27,44.53,-1.263,3838.462,4010.318,4146.466667,401711.6273,267.5,258.31384,-0.57,4342.19,3671.46,4214,-415.2638658,0.601078287,0.000337447,-0.331384534,-0.975196599
2015-08-03,3766.07 ,3829.24 ,3742.58 ,3829.24 ,3791.78 ,24580503000,24580503000,309631.3,33.52,40.86,-0.355,3840.564,3977.181,4119.539667,368047.4847,403.84,241.02848,-0.29,4343.03,3653.7,4190,-399.4390276,0.591257162,0.00328454,-0.205396276,-1.229164753
2015-08-04,3827.37 ,3948.45 ,3801.03 ,3948.16 ,3881.25 ,22023655600,22023655600,288756.5,38.25,39.99,18.3709,3867.978,3955.396,4091.608667,329267.8767,327.16,240.47141,2.07,4343.28,3655.45,4172,-365.2111812,0.599177228,0.031055808,-0.223724071,-1.204277985
2015-08-05,3937.62 ,3962.28 ,3858.66 ,3866.90 ,3906.37 ,20048426900,20048426900,272693.51,37.38,39.12,21.6911,3855.282,3926.37,4057.834333,309349.0059,326.1,240.26486,0.3,4322.17,3696.96,4155,-348.4869471,0.546014185,-0.020580649,0.031442784,-1.675233627
2015-08-06,3802.93 ,3888.69 ,3793.24 ,3831.85 ,3829.18 ,14727869400,14727869400,195532.36,37.8,38.68,21.03,3858.57,3884.474,4028.678667,273185.2445,211.85,225.415735,-0.69,4325.16,3687.39,4139,-344.7978248,0.499877164,-0.009063643,0.037649816,-1.723501613
2015-08-07,3866.43 ,3926.65 ,3857.91 ,3906.94 ,3889.48 ,18334915300,18334915300,246546.12,52.52,43.29,31.9178,3876.618,3857.54,4014.370333,262631.9596,186.94,200.022055,0.78,4314.45,3678.13,4123,-342.8012735,0.466105948,0.019597106,0.218440857,-1.67212517
2015-08-10,3947.47 ,4101.73 ,3932.84 ,4084.36 ,4016.60 ,30678054000,30678054000,401702.02,66.73,51.11,62.4618,3927.642,3884.103,4010.797333,281046.1041,154.36,192.682725,3.99,4294.73,3685.11,4110,-327.0504198,0.485735493,0.045411392,0.233787412,-1.569835383
2015-08-11,4083.59 ,4110.13 ,4042.00 ,4066.67 ,4075.60 ,32203419100,32203419100,416996.54,73.88,58.7,78.6794,3951.344,3909.661,3997.253,306694.1117,200.67,191.74664,2.92,4289.28,3686.01,4110,-305.7023639,0.478672247,-0.004332473,0.268093674,-1.493752063
2015-08-12,4025.67 ,4078.03 ,4015.35 ,4016.13 ,4033.80 ,25514619600,25514619600,339799.37,74.06,63.82,80.6951,3981.19,3918.236,3989.356667,320115.2819,182.13,184.14366,0.88,4291.84,3688.39,4097,-289.4787107,0.462597607,-0.012428599,0.213861699,-1.515575187
2015-08-13,4010.01 ,4075.70 ,3967.82 ,4075.46 ,4032.25 ,24283697900,24283697900,319887.6,79.56,69.07,87.5432,4029.912,3944.241,3988.272,344986.3298,190.66,179.0026,1.13,4298.15,3689.89,4088,-278.8064051,0.464671509,0.014774635,0.133529534,-1.594093395
2015-08-14,4097.92 ,4113.16 ,4056.73 ,4073.54 ,4085.34 ,25339299600,25339299600,340076.81,82.25,73.46,89.0439,4063.232,3969.925,3994.526,363692.4686,255.54,169.57628,0.25,4287.68,3692.56,4113,-269.2196849,0.443785896,-0.000471848,0.16950361,-1.484995265
2015-08-17,4058.11 ,4081.77 ,4009.99 ,4077.87 ,4056.94 ,25693963800,25693963800,336830.56,84.49,77.14,87.709,4061.934,3994.788,3997.170333,350718.1771,281.27,162.092275,0.39,4275.76,3696.21,4107,-260.1653806,0.443697888,0.001063473,0.196442585,-1.363073786
2015-08-18,4084.31 ,4103.05 ,3816.55 ,3825.41 ,3957.33 ,31988107000,31988107000,424924.18,59.68,71.32,51.6915,4013.682,3982.513,3993.750667,352303.7057,393.01,170.42835,-4.69,4254.18,3683.73,4103,-263.7445216,0.496447932,-0.061909715,0.404927134,-1.167009595
2015-08-19,3748.27 ,3898.74 ,3668.19 ,3886.14 ,3800.34 ,26904983900,26904983900,340923.47,56.11,66.25,35.6799,3987.684,3984.437,4001.187333,352528.5269,375.14,176.6694,-2.55,4228.48,3682.33,4086,-268.7907605,0.501498228,0.015873714,0.62720473,-0.740279673
2015-08-20,3848.40 ,3880.82 ,3761.45 ,3761.45 ,3813.03 ,21216796500,21216796500,270576.7,44.39,58.96,9.2996,3924.882,3977.397,3996.648,342666.3461,330.25,178.933465,-4.16,4179.12,3682.75,4052,-276.0924525,0.502112982,-0.032083697,0.489489085,-1.171367415
2015-08-21,3714.29 ,3757.78 ,3578.17 ,3589.54 ,3659.95 ,21798640300,21798640300,267498.43,30.3,49.41,-28.2449,3828.082,3945.657,3979.414,328150.6687,289.54,180.37238,-6.23,4165.86,3637.33,4022,-273.7476099,0.521262978,-0.045705277,-0.224711129,0.007523561
2015-08-24,3454.60 ,3468.15 ,3266.55 ,3275.53 ,3366.21 ,25543665200,25543665200,273124.23,20.56,39.79,-88.8913,3667.614,3864.774,3948.204667,315409.4017,312.73,173.495175,-10.69,4258.89,3489.99,3977,-286.8381494,0.525547637,-0.087476938,-1.614389922,4.086519024
2015-08-25,3070.01 ,3200.11 ,3019.56 ,3042.93 ,3083.15 ,27608130600,27608130600,281160.33,14.42,31.33,-150.245,3511.118,3762.4,3912.564,286656.6316,376.33,169.72154,-13.33,4371.11,3300.95,3892,-316.8688669,0.574564502,-0.071013638,-1.871733961,3.735452296
2015-08-26,3062.57 ,3192.93 ,2952.01 ,3025.69 ,3058.30 ,30827062300,30827062300,312188.25,11.73,24.8,-180.9958,3339.028,3663.356,3881.195,280909.5872,415.89,166.438615,-9.38,4434.27,3147.32,3770,-340.5114136,0.553329468,-0.005663824,-1.540118288,1.612091993
2015-08-27,3092.81 ,3206.72 ,3028.40 ,3205.64 ,3133.39 ,26729493000,26729493000,278769.98,15.16,21.59,-165.3723,3227.866,3576.374,3854.804333,282548.2441,351.64,169.207175,-0.69,4454.64,3065.97,3639,-354.0389329,0.603342439,0.059472511,-1.212368569,0.253937784
2015-08-28,3246.24 ,3353.24 ,3223.62 ,3342.29 ,3291.35 ,29949842600,29949842600,318763.48,21.41,21.53,-126.651,3178.416,3503.249,3827.830667,292801.2553,325.29,180.16769,5.16,4454.82,3018.36,3529,-360.6844412,0.628934773,0.042627652,-0.967307561,-0.44523629
2015-08-31,3307.40 ,3368.28 ,3205.54 ,3366.54 ,3311.94 ,28025040300,28025040300,306610.89,28.87,23.97,-89.5399,3196.618,3432.116,3801.361667,299498.5879,514.54,183.971945,5.32,4448.72,2978.18,3437,-371.7311942,0.629916273,0.007255393,-0.752120361,-0.914877135
2015-09-01,3296.53 ,3370.50 ,3190.58 ,3362.08 ,3304.92 ,35245852800,35245852800,351387.83,33.96,27.3,-58.8437,3260.448,3385.783,3774.564,313544.0868,656.08,182.674685,3.12,4426.71,2941.59,3028,-378.3854895,0.615050573,-0.001322784,-0.530852359,-1.228449117
2015-09-02,3220.85 ,3387.02 ,3213.64 ,3365.83 ,3296.84 ,34778941200,34778941200,348986.39,39.76,31.46,-32.5954,3328.476,3333.752,3748.186333,320903.715,727.03,184.434325,1.12,4409.47,2908.72,3035,-382.767205,0.613937461,0.001115112,-0.333989668,-1.436730259
2015-09-07,3347.29 ,3422.22 ,3240.24 ,3250.49 ,3315.06 ,20422443100,20422443100,221756.79,45.78,36.23,-25.6367,3337.446,3282.656,3714.842333,309501.0763,448.69,190.09092,-2.61,4397.08,2862.98,3049,-396.4518347,0.621904008,-0.034269924,-0.135587868,-1.621751992
2015-09-08,3221.79 ,3340.22 ,3170.81 ,3334.02 ,3266.71 ,15459963100,15459963100,168294.75,57.6,43.36,-5.692,3335.792,3257.104,3686.767,279407.3298,272.22,191.89094,-0.05,4367.68,2835.08,3072,-414.146308,0.625770088,0.025700257,0.064675189,-1.63037724
2015-09-09,3344.82 ,3426.65 ,3330.29 ,3399.31 ,3375.27 ,22046742100,22046742100,258815.8,69.82,52.18,19.0316,3342.346,3269.482,3672.786333,269848.3106,284.31,192.49195,1.7,4303.17,2831.09,3093,-426.8071826,0.603936657,0.019580577,0.242303936,-1.464380444
2015-09-10,3349.28 ,3398.32 ,3337.31 ,3357.56 ,3360.62 ,14488297100,14488297100,168108.27,74.09,59.48,31.7489,3341.442,3300.945,3657.668667,233192.3989,294.36,187.028735,0.48,4233.94,2829.41,3119,-438.3950835,0.603755164,-0.012280274,0.435942695,-1.188832475
2015-09-11,3349.88 ,3383.13 ,3315.48 ,3347.19 ,3348.92 ,10854750800,10854750800,130262.41,72.38,63.78,40.2071,3337.714,3333.095,3638.229,189447.6032,305.39,187.277765,0.28,4166.22,2830.23,3144,-452.8890893,0.604074487,-0.003089505,0.653200606,-0.740695932
2015-09-14,3367.64 ,3373.92 ,3187.57 ,3281.13 ,3302.57 ,20545725100,20545725100,226168.55,62.62,63.39,38.3527,3343.842,3340.644,3620.419667,190329.9551,481.13,191.20154,-1.88,4074.43,2842.59,3167,-469.8650498,0.598471085,-0.019734805,0.860106512,-0.13030896
2015-09-15,3208.74 ,3240.08 ,3131.98 ,3152.23 ,3183.26 ,14355564100,14355564100,145989.21,44.04,56.94,22.0238,3307.484,3321.638,3598.270667,185868.8479,388.03,189.33961,-4.69,3969.7,2855.19,3398,-492.6538073,0.605838062,-0.039285165,1.011085984,0.538356883
2015-09-16,3149.16 ,3345.92 ,3131.37 ,3309.25 ,3233.93 ,15970999400,15970999400,168269.84,49.44,54.44,33.9219,3289.472,3315.909,3580.937667,167759.6569,357.65,196.47787,0.6,3835.9,2912.13,3393,-493.829307,0.642678277,0.049811215,0.931565295,0.660682826
2015-09-17,3287.66 ,3354.91 ,3237.00 ,3237.00 ,3279.14 ,16940188100,16940188100,190270.18,44.88,51.26,33.548,3265.36,3303.401,3557.232333,172192.0393,374,193.329615,-0.87,3757.81,2931.37,3383,-501.5946966,0.612988167,-0.021832692,1.152113208,2.028174511
2015-09-18,3254.44 ,3280.88 ,3227.83 ,3251.27 ,3253.61 ,10690348100,10690348100,121752.53,43.46,48.66,36.4685,3246.176,3291.945,3536.711333,170490.0635,345.27,184.454395,0.16,3639.34,2986.36,3372,-502.0240068,0.608376657,0.004409826,0.846600092,2.504532326
2015-09-21,3222.60 ,3312.55 ,3211.93 ,3308.25 ,3263.83 ,12278866800,12278866800,145323.02,48.94,48.75,46.6689,3251.6,3297.721,3519.258,154320.9571,307.05,178.85362,1.74,3539.33,3041.04,3363,-490.9872615,0.608431033,0.017523443,-0.212488341,1.670234416
2015-09-22,3312.37 ,3371.41 ,3303.18 ,3339.03 ,3331.50 ,14622198500,14622198500,172492.86,58.56,52.02,57.4472,3288.96,3298.222,3500.327667,159621.6869,329.23,177.84741,1.52,3485.15,3070.18,3371,-463.2631084,0.591403811,0.00930502,-1.362317153,1.353982946
2015-09-23,3290.07 ,3315.94 ,3253.33 ,3263.03 ,3280.59 ,12317143900,12317143900,136885.98,56.47,53.5,54.2627,3279.716,3284.594,3472.95,153344.9139,303.03,170.897565,-0.51,3484.62,3069.45,3365,-429.094908,0.499105729,-0.02276185,-1.340382861,1.304163963
2015-09-24,3278.90 ,3300.86 ,3255.90 ,3285.00 ,3280.17 ,10201123800,10201123800,120820.64,58.76,55.26,54.8743,3289.316,3277.338,3446.894333,139455.0062,303.8,164.246195,-0.13,3465.07,3113.22,3359,-394.6748076,0.416967978,0.006733501,-1.561261846,3.130243735
2015-09-25,3272.67 ,3290.86 ,3201.91 ,3231.95 ,3249.35 ,12141927800,12141927800,137602.17,53.14,54.55,48.133,3285.452,3265.814,3420.755,142624.9336,307.95,156.64724,-1.63,3428.21,3170.7,3353,-373.6253722,0.421842924,-0.016148467,-0.554638943,-0.281714298
2015-09-28,3226.61 ,3246.55 ,3186.51 ,3242.75 ,3225.61 ,7421946800,7421946800,88007.47,50.89,53.33,45.1762,3272.352,3261.976,3392.998,131161.8233,302.35,146.913835,-0.9,3425.36,3177.26,3344,-359.9207986,0.369634084,0.003341944,-0.562304165,-0.010058372
2015-09-29,3197.22 ,3208.42 ,3159.04 ,3178.85 ,3185.88 ,8715063300,8715063300,96691.51,37.04,47.9,35.109,3240.316,3264.638,3363.175,116001.5528,288.85,133.14031,-1.9,3426.97,3159.31,3331,-351.3088337,0.34233261,-0.019704866,-0.410449735,-0.504813174
2015-09-30,3195.90 ,3223.91 ,3186.77 ,3202.95 ,3202.38 ,7855934900,7855934900,95881.6,31.58,42.46,32.265,3228.3,3254.008,3334.011,107800.6774,279.35,128.246475,-0.79,3419.89,3150.03,3314,-341.700152,0.342455722,0.007579177,-0.209262686,-0.720085056
2015-10-08,3324.98 ,3337.33 ,3294.60 ,3296.48 ,3313.35 ,13208176800,13208176800,164120.6,42.63,42.52,42.8854,3230.596,3259.956,3316.38,116460.6692,278.48,126.778375,2.04,3411.82,3151.53,3337,-328.0826344,0.360041312,0.029202633,-0.162096913,-0.485396745
2015-10-09,3302.36 ,3352.38 ,3293.97 ,3340.12 ,3322.21 ,12435250000,12435250000,144731.34,56.84,47.29,54.923,3252.23,3268.841,3298.179333,117886.5041,237.12,119.87699,2.7,3407.51,3153.28,3159,-307.1969577,0.363490214,0.013236505,-0.196803652,-0.377310882
2015-10-12,3351.14 ,3486.63 ,3347.25 ,3447.69 ,3408.18 ,22140046800,22140046800,263706.47,67.27,53.95,75.2523,3293.218,3282.785,3287.720667,153026.3044,203.09,119.080895,4.69,3436.72,3143.78,3163,-286.1536048,0.356459852,0.032207715,0.120878688,-0.010195194
2015-10-13,3422.48 ,3452.05 ,3413.97 ,3445.04 ,3433.39 ,14543378600,14543378600,174978.94,73.94,60.61,85.4735,3346.456,3293.386,3282.904,168683.7899,230.24,115.84999,2.95,3456.94,3134.67,3176,-269.5590395,0.346583661,-0.000768717,0.266092177,-0.281684766
2015-10-14,3431.14 ,3458.70 ,3403.23 ,3406.11 ,3424.80 ,15217393800,15217393800,174599.26,74.44,65.22,83.9979,3387.088,3307.694,3287.256667,184427.3213,250.91,105.831345,0.56,3458.22,3134.06,3188,-253.6535576,0.342862963,-0.011300729,0.273109635,-0.307147901
2015-10-15,3403.39 ,3486.82 ,3402.32 ,3486.82 ,3444.84 ,17115829900,17115829900,201881.88,82.96,71.13,90.3472,3425.156,3327.876,3302.053,191979.5771,228.82,106.654945,1.8,3484.14,3121.07,3200,-233.9895197,0.349083929,0.023693704,0.480620929,-0.304525971
2015-10-16,3508.52 ,3537.54 ,3487.10 ,3534.07 ,3516.81 ,20896470900,20896470900,252211.49,88.33,76.87,96.7915,3463.946,3358.088,3318.999,213475.6068,276.27,110.03329,2.02,3520.39,3103.51,3217,-209.6433637,0.350890925,0.013551135,0.653812847,-0.27916134
2015-10-19,3548.95 ,3572.99 ,3502.50 ,3534.18 ,3539.66 ,20760674400,20760674400,254890.99,88.87,80.87,96.7203,3481.244,3387.231,3329.950333,211712.5101,402.98,105.01003,1.52,3554.76,3094.45,3243,-180.0636855,0.340811051,3.30E-05,0.539925794,-0.734719868
2015-10-20,3527.88 ,3577.80 ,3510.44 ,3577.70 ,3548.46 ,17902510800,17902510800,226525.58,92.57,84.77,97.8891,3507.776,3427.116,3337.797333,222021.838,409.7,103.36974,1.99,3587.32,3104.43,3276,-157.6377862,0.299775221,0.012314193,0.583006234,-0.893031022
2015-10-21,3580.84 ,3601.24 ,3417.41 ,3473.25 ,3518.19 ,28207605000,28207605000,326886.99,81.16,83.57,80.6646,3521.204,3454.146,3341.354333,252479.384,426.05,101.833925,-1.36,3601.35,3106.8,3312,-137.9431069,0.281508435,-0.029194237,0.386764218,-1.216158256
2015-10-22,3453.20 ,3530.77 ,3442.31 ,3524.53 ,3487.70 ,18430558000,18430558000,223583.61,77.37,81.5,72.5073,3528.746,3476.951,3346.769333,256819.7292,411.13,96.32485,-0.12,3620.46,3116.45,3353,-117.3829166,0.269038775,0.014764107,0.175025474,-1.403707045
2015-10-23,3536.84 ,3581.84 ,3515.82 ,3571.24 ,3551.44 ,19829447800,19829447800,247059.69,79.89,80.96,69.7122,3536.18,3500.063,3353.616333,255789.368,406.24,100.649175,0.99,3645.59,3123.31,3387,-98.36405075,0.270893984,0.013252022,0.008057016,-1.442681922
2015-10-26,3614.70 ,3620.76 ,3561.19 ,3589.26 ,3596.48 ,20424886300,20424886300,270489.76,81.79,81.24,66.6038,3547.196,3514.22,3364.908667,258909.1228,400.46,100.86511,1.19,3672.31,3124.69,3417,-80.93429321,0.26674369,0.005045865,-0.130502531,-1.470419383
2015-10-27,3569.45 ,3601.05 ,3486.10 ,3592.88 ,3562.37 ,19205614000,19205614000,239042.54,83.6,82.03,61.4722,3550.232,3529.004,3373.537333,261412.515,409.28,98.63864,1.2,3696.68,3125.71,3450,-60.39498355,0.266224093,0.001008091,-0.260460305,-1.493258457
2015-10-28,3575.80 ,3598.17 ,3517.21 ,3524.92 ,3554.03 ,17097709800,17097709800,213303.02,73.36,79.14,46.0653,3560.566,3540.885,3377.724333,238695.7226,423.92,101.112,-1,3705.15,3143.43,3477,-45.37919437,0.261320571,-0.018915052,-0.485571561,-1.261480973
2015-10-29,3539.98 ,3561.81 ,3507.97 ,3533.31 ,3535.77 ,12701044600,12701044600,161051.89,67.9,75.39,34.6656,3562.322,3545.534,3383.582667,226189.3785,403.31,101.428185,-0.81,3713.56,3159.85,3500,-28.04247965,0.261146294,0.002379231,-0.718592132,-0.921073041
2015-10-30,3530.22 ,3574.47 ,3497.57 ,3534.08 ,3534.09 ,13914191400,13914191400,183317.15,64.39,71.73,25.3236,3554.89,3545.535,3389.812333,213440.8714,410.08,100.82625,-0.59,3714.22,3189.4,3498,-12.07403567,0.250813869,0.000218577,-0.983346501,-0.251640118
2015-11-02,3489.23 ,3543.45 ,3474.71 ,3475.96 ,3495.84 ,13000256800,13000256800,167455.1,52.53,65.33,10.1868,3532.23,3539.713,3396.306667,192833.9399,383.16,101.2608,-1.59,3706.8,3220.14,3598,3.385061114,0.261733175,-0.016444597,-1.256657794,0.797108163
2015-11-03,3484.72 ,3501.70 ,3452.62 ,3465.49 ,3476.13 ,10140187600,10140187600,132231.5,39.35,56.67,-1.7299,3506.752,3528.492,3406.748667,171471.7327,376.69,101.246255,-1.18,3681,3274.6,3596,16.34306806,0.24824864,-0.003012,-1.345726171,1.701953648
2015-11-04,3477.16 ,3628.54 ,3477.16 ,3628.54 ,3552.85 ,20542386500,20542386500,266955.89,59.57,57.63,11.1476,3527.476,3544.021,3417.391667,182202.306,346.54,106.79884,2.87,3667.2,3330.97,3453,32.12869966,0.289009606,0.047048144,-0.857416195,0.674810395
2015-11-05,3630.78 ,3781.41 ,3627.30 ,3705.97 ,3686.37 ,39804656800,39804656800,495138.17,65.4,60.22,27.9371,3562.008,3562.165,3433.024,249019.5631,375.97,114.483125,4.04,3683.47,3355.65,3456,48.81495467,0.282278084,0.021339726,0.0481542,0.78050555
2015-11-06,3698.34 ,3801.71 ,3694.66 ,3793.37 ,3747.02 ,29875307600,29875307600,389779.45,76.13,65.52,47.5071,3613.866,3584.378,3451.094,290312.0225,333.97,120.28261,4.97,3725.82,3358.62,3469,63.65823194,0.288007324,0.023584704,1.182344048,1.91835671
2015-11-09,3796.38 ,3891.77 ,3796.38 ,3840.35 ,3831.22 ,35680482300,35680482300,463161.71,80.19,70.41,62.5269,3686.744,3609.487,3468.830667,349453.3437,290.15,120.505145,4.17,3783.03,3340.68,3489,80.24090034,0.273227205,0.012384964,1.260397418,1.46315983
2015-11-10,3806.67 ,3876.49 ,3798.82 ,3833.24 ,3828.81 ,28651960300,28651960300,380910.63,82.35,74.39,66.8608,3760.294,3633.523,3485.304333,399189.169,293.24,119.270985,1.94,3826.14,3336.39,3521,97.58517032,0.27357897,-0.001853162,1.083200442,0.417301948
2015-11-11,3828.45 ,3843.11 ,3781.41 ,3833.65 ,3821.66 ,23223429600,23223429600,307008.34,83.82,77.53,65.0775,3801.316,3664.396,3504.325,407199.6583,275.45,119.58253,0.85,3857.57,3347.71,3551,110.0474468,0.267246459,0.000106385,1.001108109,-0.380739231
2015-11-12,3841.74 ,3843.90 ,3771.27 ,3795.32 ,3813.06 ,21753764700,21753764700,302446.79,81.89,78.99,54.4604,3819.186,3690.597,3521.335667,368661.3823,317.12,118.98886,-0.62,3880.71,3355.42,3578,117.6080145,0.264559403,-0.009996125,0.746929898,-0.991879578
2015-11-13,3756.20 ,3793.71 ,3727.58 ,3746.24 ,3755.93 ,20348989100,20348989100,281961.13,76.88,78.29,37.3669,3809.76,3711.813,3538.478667,347097.7189,301.24,115.53417,-1.67,3894.16,3363.19,3603,122.3306187,0.268976269,-0.012932203,0.52369144,-1.307360631
2015-11-16,3682.73 ,3764.41 ,3680.07 ,3764.13 ,3722.84 ,16169090100,16169090100,227483.71,74.33,76.97,25.5727,3794.516,3740.63,3555.858,299962.1197,294.13,115.45643,-0.8,3908.33,3372.02,3625,125.5352628,0.268827981,0.00477385,0.302382386,-1.52634682
2015-11-17,3790.43 ,3852.77 ,3750.16 ,3758.39 ,3787.94 ,24853307100,24853307100,365138.6,66.07,73.33,14.6441,3779.546,3769.92,3575.176,296807.7135,348.19,120.326795,-0.56,3920.65,3377.76,3643,133.5151247,0.267091317,-0.001524736,0.113631683,-1.65781073
2015-11-18,3760.46 ,3771.85 ,3706.31 ,3715.58 ,3738.55 ,18568949500,18568949500,254137.95,49.64,65.44,0.066,3755.932,3778.624,3592.263667,286233.6369,326.78,114.41206,-1.07,3921.08,3401.56,3664,136.3916534,0.245006603,-0.011389807,-0.029036307,-1.592458746
2015-11-19,3725.62 ,3775.23 ,3714.68 ,3774.97 ,3747.63 ,15463198900,15463198900,204557.61,48.04,59.64,-2.9912,3751.862,3785.524,3608.213333,266655.8,324.97,112.190475,0.62,3929.96,3417.73,3683,139.7584658,0.245776321,0.015983886,-0.245177915,-1.488900363
2015-11-20,3778.88 ,3793.54 ,3757.03 ,3774.38 ,3775.96 ,18695168900,18695168900,242295.09,48.03,55.77,-6.3157,3757.49,3783.625,3622.688667,258722.592,356.38,109.157475,0.45,3939.09,3428.91,3700,142.0266525,0.243315935,-0.000155154,-0.455093012,-1.331402121
2015-11-23,3774.44 ,3802.85 ,3743.41 ,3753.34 ,3768.51 ,17562681200,17562681200,234640.98,46.16,52.57,-12.2292,3755.332,3774.924,3632.877,260154.0456,371.14,106.88305,-0.05,3945.01,3439.4,3715,142.9481049,0.244920829,-0.005576593,-0.649932928,-1.093008036
2015-11-24,3745.76 ,3754.17 ,3702.74 ,3753.89 ,3739.14 ,14338328300,14338328300,192495.1,45.02,50.05,-16.672,3754.432,3766.989,3643.172,225625.345,363.09,103.7071,-0.01,3949.98,3450.53,3703,147.2491396,0.244997012,0.000147496,-0.853037375,-0.757111269
2015-11-25,3747.76 ,3781.86 ,3735.72 ,3781.61 ,3761.74 ,15194494100,15194494100,215125.05,49.61,49.91,-16.4542,3767.638,3761.785,3655.688667,217822.7639,352.61,102.05962,0.37,3950.98,3475.2,3713,152.3017026,0.232169372,0.007383863,-1.141942868,0.026874648
2015-11-26,3795.25 ,3805.84 ,3756.82 ,3759.43 ,3779.34 ,17352546800,17352546800,239797.21,48.39,49.4,-19.6581,3764.53,3758.196,3664.775667,224870.6836,366.43,102.87357,-0.14,3947.33,3501.46,3722,155.9541075,0.234544869,-0.005864782,-1.477242789,1.253094042
2015-11-27,3739.10 ,3742.74 ,3534.39 ,3556.99 ,3643.31 ,20893935800,20893935800,269758.17,34.63,44.48,-47.8016,3721.052,3739.271,3665.539667,230363.2993,324.99,109.445855,-4.41,3944.56,3506.53,3806,152.2079071,0.313321777,-0.053847598,-1.494741393,1.417083659
2015-11-30,3554.89 ,3587.97 ,3455.07 ,3566.41 ,3541.09 ,17320116300,17320116300,220098.29,33.67,40.87,-62.9515,3683.666,3719.499,3666.614,227454.761,322.01,112.65405,-3.18,3930.31,3529.82,3800,149.6434868,0.306931277,0.002648249,-1.435313063,1.528491767
2015-12-01,3562.32 ,3617.31 ,3536.12 ,3591.70 ,3576.86 ,13653655400,13653655400,176598.81,35.43,39.06,-66.994,3651.228,3702.83,3667.080667,224275.5031,326.5,118.31174,-1.63,3907.33,3565.42,3787,140.3192274,0.307143556,0.007089422,-1.067240631,0.210825797
2015-12-02,3587.76 ,3725.85 ,3573.40 ,3721.95 ,3652.24 ,21353886500,21353886500,260938.69,48.98,42.37,-50.3136,3639.296,3703.467,3675.370667,233438.232,295.35,119.0028,2.27,3904.54,3577.55,3773,134.1025061,0.289059145,0.036266572,-1.276935232,1.058885449
2015-12-03,3709.55 ,3758.45 ,3693.14 ,3749.30 ,3727.61 ,19776212600,19776212600,236698.99,60.61,48.45,-34.5377,3637.27,3700.9,3682.863,232818.5884,324.3,113.042495,3.08,3905.89,3580.53,3761,125.1936108,0.2805197,0.007346678,-1.38017445,1.324537156
2015-12-04,3719.73 ,3726.12 ,3667.29 ,3677.59 ,3697.68 ,15119952200,15119952200,196455.6,61.55,52.82,-32.7206,3661.39,3691.221,3686.408,218158.0742,309.59,107.263915,0.44,3900.83,3574.02,3748,110.7958052,0.275467458,-0.019125258,-1.169169591,0.808124842
2015-12-07,3681.58 ,3699.34 ,3658.58 ,3687.61 ,3681.78 ,11388315000,11388315000,161220.06,63.13,56.26,-29.2417,3685.63,3684.648,3689.686333,206382.4287,318.61,99.44606,0.05,3887.1,3572.47,3740,97.97448495,0.271137799,0.002723276,-1.131502478,0.700749654
2015-12-08,3668.84 ,3668.84 ,3619.44 ,3623.02 ,3645.04 ,12578108300,12578108300,163317.23,58.05,56.85,-34.3598,3691.894,3671.561,3690.691,203726.1134,299.62,97.910195,-1.87,3875.57,3562.98,3733,82.54448571,0.276756094,-0.017514636,-0.987320234,0.036252411
2015-12-09,3613.42 ,3655.16 ,3611.49 ,3635.94 ,3629.00 ,11332542200,11332542200,154319.99,58.57,57.43,-34.6267,3674.692,3656.994,3694.391667,182402.3733,327.14,97.008505,-1.05,3860.14,3558.64,3729,70.44796642,0.2775107,0.003565534,-0.943913008,-0.436491702
2015-12-10,3634.37 ,3678.32 ,3615.99 ,3623.08 ,3637.94 ,12021562500,12021562500,168622.19,57.51,57.45,-35.0504,3649.448,3643.359,3697.384,168787.0134,351.08,96.71863,-0.72,3850.53,3551.02,3722,60.7676681,0.276167779,-0.003535264,-0.755634796,-0.889701294
2015-12-11,3605.37 ,3630.74 ,3578.15 ,3608.06 ,3605.58 ,11032248100,11032248100,145248.64,49.12,54.68,-35.7461,3635.542,3648.466,3699.85,158545.6219,326.06,96.042055,-0.76,3847.49,3540.24,3715,49.9259097,0.273393987,-0.004147157,-0.514270924,-1.297475392
2015-12-14,3573.88 ,3712.50 ,3571.00 ,3711.32 ,3642.18 ,15176911900,15176911900,203291.51,57.7,55.69,-21.3976,3640.284,3662.957,3707.695333,166959.9126,291.52,98.90053,1.95,3841.55,3540.91,3571,45.07636921,0.292931517,0.028620183,-0.478832498,-1.241974745
2015-12-15,3707.73 ,3717.36 ,3679.23 ,3694.39 ,3699.68 ,12648171000,12648171000,186795.46,60.41,57.26,-13.6636,3654.558,3673.226,3715.325333,171655.5591,314.39,97.58346,1.09,3835.01,3541.04,3574,41.76299575,0.293244118,-0.00456266,-0.411527402,-1.181022066
2015-12-16,3703.95 ,3713.09 ,3677.45 ,3685.44 ,3694.98 ,11134272300,11134272300,160118.24,64.87,59.8,-9.4311,3664.458,3669.575,3717.222,172815.2093,297.84,96.08865,0.57,3832.94,3540.11,3580,35.19838596,0.290656737,-0.002422241,-0.350865219,-1.184551198
2015-12-17,3712.78 ,3768.84 ,3709.85 ,3755.89 ,3736.84 ,17792407500,17792407500,242543.82,74.39,64.66,2.5405,3691.02,3670.234,3718.886,187599.5364,295.89,97.212265,1.76,3829.79,3541.35,3585,32.51370666,0.293135457,0.019115303,-0.378882029,-1.165795793
2015-12-18,3754.96 ,3810.22 ,3750.93 ,3767.91 ,3771.01 ,17346598000,17346598000,232281.46,77.03,68.79,11.2718,3722.99,3679.266,3718.037333,205006.1,304.91,98.287125,1.21,3828.65,3541.84,3596,31.61690633,0.293391661,0.00320156,-0.392879435,-1.164896505
2015-12-21,3762.10 ,3877.82 ,3759.99 ,3865.97 ,3816.47 ,21743527500,21743527500,289905.29,83.4,73.66,28.4704,3753.92,3697.102,3718.891333,222328.8551,289.97,101.65956,2.98,3853.15,3528.6,3613,35.63987601,0.306332449,0.026022948,0.108765308,-0.425567494
2015-12-22,3872.10 ,3880.47 ,3841.59 ,3876.73 ,3867.72 ,18030366100,18030366100,243797.37,88.53,78.62,38.8671,3790.388,3722.473,3720.341,233729.2362,279.53,105.11189,2.28,3877.6,3516.44,3640,38.61416221,0.306323353,0.002785204,0.341984597,-0.382204941
2015-12-23,3877.87 ,3926.69 ,3862.96 ,3866.38 ,3883.48 ,20701714700,20701714700,294710.77,86.7,81.31,41.6726,3826.576,3745.517,3721.432,260647.7416,270.38,105.410525,1.04,3893.78,3508.73,3669,42.0310941,0.305896452,-0.002670058,0.414132889,-0.552697606
2015-12-24,3858.13 ,3867.68 ,3787.08 ,3829.40 ,3835.57 ,14718139700,14718139700,203683.54,82.02,81.55,36.0791,3841.278,3766.149,3722.568,252875.6856,265.4,105.93391,-0.31,3904.15,3505.36,3705,53.5500294,0.307309497,-0.009564292,0.368314413,-0.828802504
2015-12-25,3832.08 ,3848.02 ,3813.20 ,3838.20 ,3832.88 ,11962401300,11962401300,163314.51,76.18,79.76,31.2754,3855.336,3789.163,3725.633333,239082.2962,238.2,98.5634,-0.44,3913.95,3523.68,3736,64.46196793,0.22418635,0.002297695,0.261835272,-1.069672715
2015-12-28,3847.53 ,3853.39 ,3727.63 ,3727.63 ,3789.05 ,15398844000,15398844000,210026.02,57.5,72.34,11.9113,3827.668,3790.794,3724.416667,223106.4425,262.63,98.206155,-2.61,3908.35,3545.4,3927,68.03564953,0.253065643,-0.028807611,0.305762897,-1.011653035
2015-12-29,3723.05 ,3762.05 ,3710.48 ,3761.87 ,3739.36 ,10188555500,10188555500,140405.06,46.33,63.67,2.8921,3804.696,3797.542,3724.532667,202427.9801,238.87,92.672855,-1.13,3905.79,3564.98,3923,66.62986706,0.25370163,0.009186235,0.272833366,-0.960879675
2015-12-30,3762.91 ,3765.66 ,3726.28 ,3765.18 ,3755.01 ,10562995500,10562995500,155744.1,39.32,55.55,-3.1249,3784.456,3805.516,3726.186,174634.6459,243.58,85.94476,-0.51,3908.33,3566.76,3914,64.0922087,0.221077416,0.000877408,0.18935684,-1.011599001
2015-12-31,3760.90 ,3772.62 ,3727.32 ,3731.00 ,3747.96 ,10187355600,10187355600,145043.7,29.38,46.83,-11.7226,3764.776,3803.027,3724.720333,162906.6764,266.2,79.00953,-0.9,3907.35,3565.92,3906,63.55822327,0.222124986,-0.009075408,0.22512924,-0.996553233
2016-01-04,3725.86 ,3726.24 ,3468.95 ,3469.07 ,3597.53 ,11537067400,11537067400,145968.21,19.59,37.75,-50.5293,3690.95,3773.143,3714.543333,159437.4154,237.87,88.93271,-6.01,3933.63,3518.78,3898,49.4532571,0.33530185,-0.070205889,-0.531594569,0.472741077
2016-01-05,3382.18 ,3518.22 ,3377.28 ,3478.78 ,3439.12 ,16211698400,16211698400,196017.09,19.22,31.57,-71.4502,3641.18,3734.424,3705.391333,156635.6284,256.78,93.941605,-4.46,3950.58,3480.95,3872,39.76856925,0.335319031,0.002800033,-0.614363805,-0.007893472
2016-01-06,3482.41 ,3543.74 ,3468.47 ,3539.81 ,3508.61 ,14596614400,14596614400,160947.2,23.86,29,-73.3507,3596.768,3700.732,3698.255333,160744.0572,286.81,99.7949,-1.58,3956.09,3467.12,3833,32.97364079,0.337942095,0.017543077,-0.579680047,-0.355110772
2016-01-07,3481.15 ,3481.15 ,3284.74 ,3294.38 ,3385.36 ,4410264100,4410264100,47130.8,16.47,24.82,-102.1779,3502.608,3643.532,3682.014333,139021.3964,256.38,107.43212,-5.94,4001.1,3387.95,3796,14.88994375,0.420021256,-0.069332655,-1.09317249,1.00486094
2016-01-08,3371.87 ,3418.85 ,3237.93 ,3361.56 ,3347.55 ,18595945100,18595945100,203498.87,17.68,22.44,-106.2382,3428.72,3596.748,3668.752,150712.4309,270.16,113.13673,-1.96,4021.35,3341.55,3745,1.82067156,0.429403788,0.020392068,-0.98053392,0.108537033
2016-01-11,3303.12 ,3342.48 ,3192.45 ,3192.45 ,3257.63 ,17463838700,17463838700,184464.05,11.78,18.89,-124.479,3373.396,3532.173,3656.600667,158411.5997,242.25,118.00841,-5.36,4064.3,3257.03,3684,-24.21396702,0.461829494,-0.050307934,-1.070084087,0.151777717
2016-01-12,3214.82 ,3242.25 ,3174.55 ,3215.71 ,3211.83 ,12822579600,12822579600,142048.91,10.15,15.98,-125.8147,3320.782,3480.981,3644.910667,147617.9644,240.71,114.318345,-3.16,4084.75,3187.03,3616,-46.93719867,0.446912901,0.007285941,-0.864901887,-0.582249813
2016-01-13,3240.48 ,3257.30 ,3155.88 ,3155.88 ,3202.39 ,12066649400,12066649400,130886.08,6.77,12.91,-126.8031,3243.996,3420.382,3630.383333,141605.7413,248.28,112.0712,-2.72,4105.16,3112.77,3545,-71.06839373,0.448661438,-0.018605907,-0.701281383,-1.020399508
2016-01-14,3076.64 ,3226.66 ,3072.04 ,3221.57 ,3149.23 ,13453767100,13453767100,144771.58,12.13,12.65,-111.2122,3229.434,3366.021,3613.704,161133.8982,283.97,118.020125,-0.24,4109.51,3062.02,3475,-94.23080905,0.459683388,0.020815978,-0.491072781,-1.444153455
2016-01-15,3200.89 ,3216.80 ,3101.05 ,3118.73 ,3159.37 ,12460177900,12460177900,131882.74,11.39,12.23,-107.3039,3180.868,3304.794,3592.685,146810.672,274.13,120.688365,-1.95,4110.56,2997.26,3394,-121.9784036,0.45781731,-0.031922713,-0.315393561,-1.621217291
2016-01-18,3068.23 ,3165.62 ,3066.73 ,3130.73 ,3107.83 ,10112838600,10112838600,109458.29,12.06,12.17,-96.0207,3168.524,3270.96,3574.456333,131809.5196,387.73,120.61449,-1.19,4099.68,2944.43,3330,-152.6412884,0.458055819,0.003847335,-0.120758161,-1.739985667
2016-01-19,3132.70 ,3227.91 ,3119.22 ,3223.13 ,3175.74 ,12765389300,12765389300,142907.69,20.62,14.99,-70.2259,3170.008,3245.395,3558.973667,131981.2749,430.53,122.32879,1.68,4058.43,2921.39,3277,-177.689594,0.461636831,0.02951268,0.080374624,-1.748954289
2016-01-20,3204.22 ,3225.95 ,3154.43 ,3174.38 ,3189.75 ,13065050400,13065050400,143313.34,23.94,17.97,-54.5432,3173.708,3208.852,3544.019,134466.7258,461.98,121.64153,0.02,4009.3,2900.29,3235,-203.4052793,0.459917604,-0.015124142,0.266188589,-1.679485935
2016-01-21,3136.38 ,3202.54 ,3081.35 ,3081.35 ,3125.41 ,11118973300,11118973300,121856.2,17.73,17.89,-51.5482,3145.664,3187.549,3525.532667,129883.6488,416.35,123.446525,-2.04,3958.39,2872.69,3203,-230.6378553,0.464221513,-0.029307378,0.413063061,-1.515331684
2016-01-22,3114.90 ,3132.17 ,3053.96 ,3113.46 ,3103.62 ,8995108700,8995108700,96885.67,21.57,19.12,-40.5728,3144.61,3162.739,3508.545333,122884.2361,468.86,123.32741,-0.99,3901.7,2857.78,3175,-255.3428826,0.470586894,0.010423109,0.60100514,-1.246648286
2016-01-25,3129.03 ,3149.33 ,3105.10 ,3128.89 ,3128.09 ,8154006100,8154006100,85777.89,26.66,21.63,-27.2073,3144.242,3156.383,3492.573,118148.1568,505.49,125.04906,-0.49,3830.23,2858.33,3151,-272.5130184,0.471622606,0.004953777,0.777752975,-0.936462976
2016-01-26,3099.60 ,3106.53 ,2934.65 ,2940.51 ,3020.32 ,12693392100,12693392100,127250.65,18.44,20.57,-38.9957,3087.718,3128.863,3466.879333,115016.7501,422.51,127.35535,-4.77,3787.63,2822.21,3132,-299.9556675,0.50260535,-0.060205933,0.833999964,-0.307844162
2016-01-27,2953.18 ,2963.54 ,2839.29 ,2930.35 ,2921.59 ,13222936600,13222936600,126997.67,20.11,20.41,-43.096,3038.912,3106.31,3441.411333,111753.6168,387.35,130.98947,-3.57,3723.03,2803.66,3092,-326.6990491,0.497585511,-0.003454028,0.862938555,0.271140393
2016-01-28,2909.33 ,2941.89 ,2841.84 ,2853.76 ,2886.71 ,9922275600,9922275600,95663.88,14.64,18.49,-50.5433,2993.394,3069.529,3413.688667,106515.1527,330.96,133.36047,-4.66,3647.73,2787.82,3042,-354.2265217,0.497316206,-0.026138738,0.624008599,0.5267492
2016-01-29,2855.60 ,2965.31 ,2854.37 ,2946.09 ,2905.34 ,11330425900,11330425900,109462.36,18.92,18.64,-38.0226,2959.92,3052.265,3386.695333,109030.4893,341.49,137.216795,-0.47,3550.64,2806.42,3001,-362.6639956,0.523080872,0.032355252,0.267153976,-0.236808783
2016-02-01,2939.04 ,2944.52 ,2869.56 ,2901.05 ,2913.54 ,8679534200,8679534200,82931.45,17.94,18.4,-31.0893,2914.352,3029.297,3357.8,108461.2017,309.25,128.85929,-0.46,3515.51,2784.74,2969,-373.4173958,0.471463708,-0.015288907,0.364656907,0.015623071
2016-02-02,2901.53 ,2972.43 ,2901.51 ,2961.33 ,2934.20 ,8860196300,8860196300,88740.23,23.16,19.99,-14.5082,2918.516,3003.117,3327.645333,100759.1173,322.33,126.955655,1.47,3464.04,2784.47,2842,-383.670251,0.481446197,0.020780768,0.461613782,0.468438081
2016-02-03,2931.29 ,2954.71 ,2909.90 ,2948.64 ,2936.14 ,7738900000,7738900000,74817.09,27.2,22.39,-2.0296,2922.174,2980.543,3296.709,90323.0016,328.44,121.292585,0.91,3380.9,2808.49,2844,-381.7740035,0.47231318,-0.004286954,-0.068819491,-0.974803479
2016-02-04,2960.33 ,2999.21 ,2960.21 ,2984.76 ,2976.13 ,9177972400,9177972400,91550.35,33.77,26.18,13.4578,2948.374,2970.884,3267.321667,89500.2959,319.76,115.937355,1.23,3353.18,2805.26,2847,-381.5254733,0.415032543,0.012250128,0.088549133,-0.836896833
2016-02-05,2982.06 ,2988.36 ,2962.85 ,2963.79 ,2974.27 ,7685080800,7685080800,77443.22,38.04,30.14,22.702,2951.914,2955.917,3238.468,83096.4691,333.79,108.29901,0.4,3303.07,2815.59,2853,-373.8822246,0.404288091,-0.007025825,-0.102082151,-1.552088272
2016-02-15,2888.43 ,2961.49 ,2886.02 ,2946.71 ,2920.66 ,7291943400,7291943400,71285.05,47.75,36.01,27.9931,2961.046,2937.699,3208.751667,80767.1882,330.11,104.571185,-0.48,3287.28,2806.8,2859,-368.6382784,0.367174498,-0.005763837,0.107808465,-1.518552451
2016-02-16,2962.19 ,3042.09 ,2962.19 ,3037.04 ,3000.88 ,11257964300,11257964300,112300.49,64.33,45.45,44.1747,2976.188,2947.352,3185.732,85479.2406,350.04,108.989525,2.04,3264.84,2811.37,2865,-356.1485345,0.385093857,0.030654121,0.19884991,-1.320303446
2016-02-17,3034.09 ,3065.78 ,3027.05 ,3063.32 ,3047.56 ,12829160700,12829160700,122279.34,75.83,55.58,58.0583,2999.124,2960.649,3162.447,94971.6902,358.72,109.098565,2.14,3253.78,2813.18,2875,-346.2536828,0.382339402,0.00865469,0.286146188,-1.098836146
2016-02-18,3079.53 ,3093.51 ,3049.84 ,3053.70 ,3069.15 ,12440146400,12440146400,122618.61,77.96,63.04,65.0592,3012.912,2980.643,3138.731,101185.3432,361.7,104.690985,1.35,3227.26,2822.91,2890,-332.1925786,0.373327549,-0.003140841,0.271410344,-0.909938484
2016-02-19,3047.94 ,3065.97 ,3032.63 ,3051.59 ,3049.53 ,8733801200,8733801200,90849.34,78.57,68.22,68.1895,3030.472,2991.193,3116.084,103866.5671,363.59,99.11975,0.7,3219.54,2823.92,2911,-319.5401447,0.356376909,-0.000692112,0.354456457,-0.677805397
2016-02-22,3083.93 ,3128.21 ,3071.33 ,3118.87 ,3100.59 ,14094696800,14094696800,141684.08,84.43,73.62,77.4308,3064.904,3012.975,3104.410667,117946.3734,390.67,98.953945,1.76,3217.64,2824.63,2929,-308.7760175,0.3652695,0.022048378,0.358374875,-0.630800332
2016-02-23,3117.20 ,3119.22 ,3061.43 ,3089.36 ,3096.80 ,11256739100,11256739100,117476.47,84.27,77.17,77.4878,3075.368,3025.778,3091.43,118981.5688,382.36,93.78447,0.45,3189.99,2838.91,2953,-297.5879616,0.349596833,-0.00945994,0.071890694,-0.993307571
2016-02-24,3077.61 ,3109.55 ,3055.25 ,3109.55 ,3087.99 ,11178265000,11178265000,112918.61,86.95,80.43,77.9519,3084.614,3041.869,3077.088,117109.4222,410.75,91.16252,0.81,3176.4,2846.01,2974,-281.2985635,0.347288101,0.006532803,-0.118122571,-1.217152732
2016-02-25,3104.41 ,3104.44 ,2905.46 ,2918.75 ,3008.27 ,15782975200,15782975200,153493.01,62.47,74.44,51.5395,3057.624,3035.268,3064.567,123284.3014,373.15,95.051845,-4.54,3169.73,2836.42,3128,-276.9692603,0.400483194,-0.06135794,0.096505822,-1.256412525
2016-02-26,2942.10 ,2964.39 ,2902.95 ,2948.03 ,2939.37 ,10694972900,10694972900,102531.57,48.32,65.73,37.6386,3036.912,3033.692,3050.782667,125620.7475,382.83,94.213065,-2.93,3154.68,2834.93,3124,-272.1635673,0.400317758,0.010031863,0.282443479,-1.033897872
2016-02-29,2939.58 ,2939.87 ,2821.21 ,2877.47 ,2894.53 ,12934102000,12934102000,118440.83,38.32,56.6,19.4793,2988.632,3026.768,3040.283333,120972.0973,377.47,95.37734,-3.72,3137.18,2827.29,3115,-261.7074839,0.406249711,-0.02393598,0.349796318,-0.904978907
2016-03-01,2881.34 ,2950.44 ,2863.32 ,2930.69 ,2906.45 ,11604591800,11604591800,110491.04,37.43,50.21,15.3573,2956.898,3016.133,3030.782667,119575.011,378.89,93.244235,-0.89,3137.3,2826.18,3097,-248.6050197,0.350715446,0.018497904,0.358693208,-0.927748562
2016-03-02,2933.92 ,3054.72 ,2933.12 ,3051.33 ,2993.27 ,17597234700,17597234700,164025.16,49.94,50.12,28.8198,2945.254,3014.934,3027.297667,129796.3218,376.13,96.601585,3.6,3144.34,2831.24,3081,-226.2959438,0.378612155,0.041163974,0.151428119,-1.068635914
2016-03-03,3050.39 ,3078.44 ,3040.25 ,3058.42 ,3056.88 ,17310574400,17310574400,165509.09,59.05,53.1,38.0396,2973.188,3015.406,3021.859333,132199.5377,365.82,98.738125,2.87,3144.09,2851.96,3078,-209.3645616,0.363342879,0.002323313,0.130526677,-1.28810427
2016-03-04,3047.54 ,3101.66 ,3032.42 ,3093.89 ,3068.88 ,21917253400,21917253400,205520.48,69.87,58.69,47.6523,3002.36,3019.636,3021.031333,152797.3184,388.89,96.026475,3.05,3155.32,2855.5,2863,-189.2542435,0.349177979,0.0115967,-0.06721618,-1.380926483
2016-03-07,3109.00 ,3130.90 ,3083.58 ,3104.84 ,3107.08 ,13246203700,13246203700,127790.34,77.11,64.83,53.7692,3047.834,3018.233,3020.168333,154667.2214,335.04,96.44316,1.87,3163.33,2867.87,2868,-172.6162313,0.342746161,0.003539299,-0.225557319,-1.30488527
2016-03-08,3100.15 ,3109.25 ,3001.83 ,3107.67 ,3079.73 ,13623574200,13623574200,128758.49,82.24,70.63,56.2154,3083.23,3020.064,3016.319667,158320.7115,348.07,96.67101,0.79,3173.79,2872.05,2879,-156.0337148,0.336732629,0.000912447,-0.408036597,-1.226552726
2016-03-09,3045.92 ,3072.92 ,3020.13 ,3071.91 ,3052.72 ,11146624500,11146624500,106298.65,81.81,74.36,51.1791,3087.346,3016.3,3012.904,146775.4097,361.71,97.56546,-0.5,3177.23,2880.94,2889,-143.874669,0.339634804,-0.011508838,-0.633157444,-0.907304709
2016-03-10,3056.21 ,3074.16 ,3012.69 ,3013.15 ,3039.05 ,7607219700,7607219700,78180.47,75.2,74.64,38.6646,3078.292,3025.74,3010.630667,129309.6859,322.35,96.173535,-2.12,3177.4,2883.61,2898,-134.2131206,0.345522791,-0.019128606,-0.701617108,-0.762121239
2016-03-11,2990.21 ,3026.44 ,2982.17 ,3018.28 ,3004.28 ,7333356400,7333356400,74367.3,69.44,72.9,30.1854,3063.17,3032.765,3007.458,103079.0501,335.48,96.979105,-1.47,3176.9,2889.56,2908,-123.9235745,0.344389966,0.001705427,-0.829865257,-0.414312496
2016-03-14,3039.57 ,3106.80 ,3034.00 ,3065.69 ,3061.52 ,11710865500,11710865500,123539.1,68.63,71.48,30.0077,3055.34,3051.587,3005.351333,102228.8001,315.69,99.43679,0.34,3177.52,2900.84,2916,-116.2946408,0.347222512,0.015706273,-1.096472882,0.327482456
2016-03-15,3061.34 ,3077.08 ,3028.58 ,3074.78 ,3060.45 ,9831194100,9831194100,101302.85,66.51,69.82,30.083,3048.762,3065.996,3009.827,96737.6717,339.78,94.0586,0.85,3180.31,2901.82,2923,-109.9069238,0.330947452,0.002964813,-1.157816356,0.382024801
2016-03-16,3068.87 ,3100.35 ,3064.52 ,3090.03 ,3080.94 ,12473644800,12473644800,126128.85,68.51,69.39,31.0307,3052.386,3069.866,3015.149667,100703.7119,360.03,92.467415,1.23,3183.05,2901.75,2931,-102.5948626,0.330026129,0.004960746,-1.168908428,0.350740104
2016-03-17,3096.81 ,3147.84 ,3077.57 ,3124.20 ,3111.61 ,12166177700,12166177700,136603.72,74.25,71.01,34.8196,3074.596,3076.444,3024.164333,112388.3613,315.2,93.31008,1.61,3191.22,2900.63,2938,-93.83417445,0.331805156,0.011058491,-1.138849737,0.245937515
2016-03-18,3136.22 ,3197.67 ,3130.10 ,3171.96 ,3158.99 ,19730256400,19730256400,210017.81,78.86,73.63,41.846,3105.332,3084.251,3031.693333,139518.4641,250.96,97.64819,2.15,3207.82,2896.07,2950,-86.48769073,0.335401036,0.015286806,-0.933076098,0.119571493
2016-03-21,3203.29 ,3267.78 ,3198.36 ,3249.44 ,3229.72 ,23326946400,23326946400,256836.64,83.77,77.01,54.2311,3142.082,3098.711,3043.306333,166177.9724,200.84,99.75318,3.42,3235.63,2881.31,2970,-74.15960619,0.337322006,0.024424686,-0.258777227,0.464383832
2016-03-22,3231.61 ,3249.68 ,3218.73 ,3225.79 ,3231.45 ,16102089700,16102089700,194211.98,84.28,79.43,56.2943,3172.284,3110.523,3052.121667,184759.7999,193.19,99.429425,1.69,3257.34,2873.25,3000,-64.63938088,0.336411173,-0.007277229,-0.132918521,0.030137718
2016-03-23,3217.73 ,3242.25 ,3202.98 ,3236.09 ,3224.76 ,12567928600,12567928600,155567.08,85.82,81.56,55.9848,3201.496,3126.941,3061.703333,190647.444,214.89,98.678245,1.08,3277.64,2865.6,3027,-45.54029684,0.336047753,0.003193667,-0.050746436,-0.315993179
2016-03-24,3211.50 ,3221.91 ,3181.81 ,3181.85 ,3199.27 ,13313112200,13313112200,162436.04,78.57,80.56,45.8391,3213.026,3143.811,3068.273,195813.9081,229.85,90.73395,-0.97,3283.15,2886.4,3051,-31.572277,0.244241169,-0.016761481,-0.207300264,-0.096722479
2016-03-25,3176.81 ,3204.44 ,3174.32 ,3197.82 ,3188.35 ,9739533000,9739533000,115195.6,75.97,79.03,38.9169,3218.198,3161.765,3076.074,176849.4669,224.82,89.168315,-0.63,3290.78,2903.75,3073,-13.97614815,0.243347014,0.005017897,-0.397756142,0.224563395
2016-03-28,3206.95 ,3229.62 ,3161.88 ,3169.73 ,3192.05 ,10344193300,10344193300,123844.04,67.9,75.32,28.6658,3202.256,3172.169,3083.508,150250.9485,234.73,86.62261,-1.02,3277.66,2946.09,3090,-1.32561074,0.225047123,-0.00878368,-0.097326231,-0.253182967
2016-03-29,3171.31 ,3178.07 ,3122.76 ,3135.41 ,3151.89 ,9729474700,9729474700,113844.28,55.4,68.68,16.005,3184.18,3178.232,3086.787,134177.408,250.41,82.927265,-1.53,3264.41,2979.81,3105,2.944524797,0.225708958,-0.010826953,0.330909112,-0.928486026
2016-03-30,3161.29 ,3216.68 ,3161.29 ,3216.28 ,3188.89 ,11780251200,11780251200,140721.77,58.43,65.26,17.1633,3180.218,3190.857,3091.885667,131208.348,238.48,78.05297,1.13,3274.5,2986.23,3118,10.68996856,0.197857072,0.025791047,0.121070127,-1.09213209
2016-03-31,3229.20 ,3241.93 ,3208.66 ,3218.09 ,3224.47 ,12155207400,12155207400,147267.62,60.87,63.8,16.7926,3187.466,3200.246,3097.365333,128174.6642,245.29,74.818505,0.96,3283.39,2993.3,3129,16.36539013,0.197992055,0.000563571,-0.089089008,-1.119592878
2016-04-01,3213.67 ,3222.61 ,3165.86 ,3221.89 ,3206.01 ,11812213900,11812213900,127050.1,66.61,64.74,15.6987,3192.28,3205.239,3103.042,130545.563,239.09,74.194745,0.93,3292.79,2996.7,3143,21.39987562,0.195150159,0.00118297,-0.275981522,-1.146107192
2016-04-05,3211.30 ,3271.93 ,3205.21 ,3264.49 ,3238.23 ,14604777200,14604777200,159296.54,76.08,68.52,19.1252,3211.232,3206.744,3107.896,137636.0629,241.89,74.57449,1.66,3308.72,2996.74,3154,28.17053684,0.199068314,0.01321924,-0.358893137,-1.106120493
2016-04-06,3250.52 ,3267.64 ,3236.20 ,3257.53 ,3252.97 ,12019630500,12019630500,137206.27,80.83,72.62,18.8363,3235.656,3209.918,3113.501667,142308.4605,242.53,72.325095,0.68,3321.41,2999.03,3171,36.04304,0.199684615,-0.002131484,-0.497320267,-1.04841801
2016-04-07,3266.29 ,3270.82 ,3208.64 ,3209.29 ,3238.76 ,11240946700,11240946700,128273.07,73.23,72.82,10.9221,3234.258,3207.238,3116.826333,139818.7192,237.29,71.879535,-0.77,3324.09,3010.09,3185,44.048113,0.203101264,-0.014807979,-0.733144291,-0.622409239
2016-04-08,3189.85 ,3197.77 ,3163.31 ,3185.73 ,3184.17 ,10100562500,10100562500,113920.72,62.89,69.51,1.7684,3227.786,3207.626,3125.725667,133149.339,239.73,70.529495,-1.3,3315.07,3036.37,3272,50.21777735,0.190355537,-0.007342558,-0.831597596,-0.178751221
2016-04-11,3213.51 ,3251.57 ,3213.51 ,3230.10 ,3227.17 ,12521270900,12521270900,142759.49,65.91,68.31,0.984,3229.428,3210.854,3135.128,136291.2176,231.3,72.7296,0.02,3306.1,3066.51,3270,55.92715348,0.194269762,0.013927721,-0.799121827,-0.345838463
2016-04-12,3227.37 ,3232.26 ,3198.90 ,3218.45 ,3219.25 ,9286943700,9286943700,99086.56,61.16,65.93,-1.666,3220.22,3215.726,3146.494,124249.2204,222.65,68.166275,-0.05,3300.06,3087.84,3268,60.31430081,0.190197292,-0.003605466,-0.93303128,0.220482517
2016-04-13,3237.86 ,3296.52 ,3237.86 ,3261.38 ,3258.41 ,19561386600,19561386600,200159.6,65.31,65.72,1.6238,3220.99,3228.323,3157.517,136839.887,209.38,70.621955,1.25,3297.41,3109.15,3297,65.86610077,0.194046079,0.013339777,-0.885150631,0.408391351
2016-04-14,3277.10 ,3286.07 ,3252.05 ,3275.83 ,3272.76 ,11315732700,11315732700,117989.44,71.7,67.72,4.8253,3234.298,3234.278,3165.000333,134783.1621,200.83,69.443975,1.28,3295.67,3129.47,3294,70.15420573,0.193982855,0.004430329,-0.549457883,-0.162974883
2016-04-15,3279.86 ,3282.98 ,3261.73 ,3272.21 ,3274.20 ,9980752900,9980752900,107963.98,75.05,70.16,5.4862,3251.594,3239.69,3172.126667,133591.8153,189.81,66.82469,0.63,3295.99,3143.94,3292,71.65861044,0.192046201,-0.001107139,-0.414671719,-0.306886043
2016-04-18,3252.67 ,3252.67 ,3221.66 ,3228.45 ,3238.86 ,9709006900,9709006900,103956.15,66.33,68.88,-0.6156,3251.264,3240.346,3176.612,125831.147,268.45,62.37029,-0.7,3295.43,3150.15,3290,67.02647492,0.193510593,-0.01337086,-0.599433662,0.299771391
2016-04-19,3243.97 ,3250.73 ,3221.58 ,3238.30 ,3238.65 ,8087144000,8087144000,90976.24,62.99,66.92,-3.7924,3255.234,3237.727,3181.060667,124209.0827,283.3,56.944035,-0.52,3294.18,3150.29,3289,64.30078117,0.173334785,0.003050935,-0.584396742,0.383814884
2016-04-20,3244.14 ,3248.42 ,3107.37 ,3181.03 ,3195.24 ,16220785800,16220785800,172324.69,54.97,62.94,-13.5276,3239.164,3230.077,3183.506,118642.1013,301.03,61.43084,-1.79,3294.23,3145.77,3286,58.33244212,0.182864782,-0.017687197,-0.410934035,-0.119686226
2016-04-21,3160.80 ,3198.56 ,3150.94 ,3160.60 ,3167.73 ,10475265100,10475265100,110324.38,46.03,57.3,-22.1302,3216.118,3225.208,3186.462333,117109.0884,281,64.02669,-1.73,3294.57,3137.88,3275,54.35345001,0.18334381,-0.006420286,-0.235157876,-0.592577284
2016-04-22,3142.56 ,3175.38 ,3137.99 ,3174.90 ,3157.71 ,7707849200,7707849200,82442.92,42.59,52.4,-25.0887,3196.656,3224.125,3191.854,112004.8764,264.3,63.891385,-0.68,3294.92,3136.83,3265,50.48999251,0.174533011,0.004523788,-0.228021675,-0.661184623
2016-04-25,3164.74 ,3172.27 ,3137.11 ,3162.03 ,3159.04 ,6751935100,6751935100,74734.85,38.02,47.61,-27.7652,3183.372,3217.318,3196.645667,106160.6159,265.63,64.142985,-0.67,3296.41,3131.77,3256,47.58073288,0.173975403,-0.004053071,-0.182858759,-0.938334464
2016-04-26,3159.77 ,3181.10 ,3150.40 ,3179.16 ,3167.61 ,5902073400,5902073400,68871.55,38.74,44.65,-26.2323,3171.544,3213.389,3200.428,101739.6795,263.56,62.95483,0.24,3295.91,3133.21,3247,47.38923124,0.172337589,0.005416578,-0.189289975,-0.865529874
2016-04-27,3181.93 ,3188.83 ,3162.69 ,3165.92 ,3174.84 ,6000414700,6000414700,70620.41,36.94,42.08,-25.9579,3168.522,3203.843,3203.466,81398.8218,267.52,62.11023,-0.08,3292.16,3140.01,3240,42.50178468,0.168235999,-0.004166163,0.039333009,-1.225121496
2016-04-28,3169.33 ,3174.77 ,3135.64 ,3160.58 ,3160.08 ,6987066000,6987066000,78876.77,36.83,40.33,-25.4192,3168.518,3192.318,3205.817667,75109.2995,259.98,59.370665,-0.25,3293.32,3133.28,3234,37.50134544,0.140002898,-0.001685042,0.110093251,-1.383418985
2016-04-29,3153.54 ,3171.29 ,3149.40 ,3156.75 ,3157.75 ,5802977600,5802977600,70807.7,36.04,38.9,-24.4924,3164.888,3180.772,3206.902667,72782.2559,256.75,57.121065,-0.26,3294.09,3126.37,3226,32.36879317,0.139903097,-0.001213638,0.196379385,-1.485820917
2016-05-03,3159.82 ,3218.49 ,3151.40 ,3213.54 ,3185.81 ,9816483500,9816483500,115733.87,49.12,42.31,-15.5778,3175.19,3179.281,3208.288667,80982.0598,245.54,57.73764,1.21,3293.51,3126.12,3219,28.20304851,0.154960395,0.017991507,0.229557874,-1.45984985
2016-05-04,3203.47 ,3222.88 ,3198.29 ,3209.46 ,3208.53 ,9086240800,9086240800,97797.14,60.95,48.52,-9.8577,3181.25,3176.397,3206.956,86767.176,260.26,56.007765,0.89,3286.71,3127.41,3223,24.38958609,0.146831565,-0.001269099,0.345716523,-1.18179271
2016-05-05,3204.17 ,3217.28 ,3196.57 ,3213.92 ,3207.99 ,7473368100,7473368100,83946.5,70.54,55.86,-5.3271,3190.85,3179.686,3206.560333,89432.3942,263.12,53.921885,0.72,3281.02,3128.74,3217,23.40159178,0.14695531,0.001389174,0.450969301,-0.838978953
2016-05-06,3213.14 ,3216.89 ,3130.15 ,3130.35 ,3172.63 ,10868024000,10868024000,119265.22,47.1,52.94,-13.0033,3184.804,3176.661,3203.035667,97510.0839,265.35,55.150395,-1.71,3283.99,3117.88,3217,19.46294219,0.166007762,-0.026001115,0.327228303,-0.802669509
2016-05-09,3115.43 ,3115.43 ,3055.01 ,3065.62 ,3087.87 ,9923047700,9923047700,100409.21,33.51,46.46,-25.4937,3166.578,3165.733,3199.161333,103430.3858,261.82,56.448185,-3.19,3297.65,3092.21,3208,10.26578008,0.179059597,-0.020681045,-0.503410868,0.706543845
2016-05-10,3055.21 ,3084.72 ,3055.18 ,3069.11 ,3066.06 ,6884993500,6884993500,70650.76,25.14,39.35,-31.5814,3137.692,3156.441,3194.871,94413.7651,260.91,53.52079,-2.19,3302.43,3071.33,3190,2.28562608,0.169671483,0.001140717,-0.503296266,0.220748818
2016-05-11,3080.64 ,3102.88 ,3063.09 ,3082.81 ,3082.36 ,8179425800,8179425800,87323.41,22.28,33.66,-31.9617,3112.362,3146.806,3191.973667,92319.0198,264.41,54.2374,-0.95,3303.5,3056.7,3174,-6.757380224,0.171411879,0.004462593,-0.333694008,-0.350093954
2016-05-12,3059.38 ,3095.35 ,3035.02 ,3090.14 ,3069.97 ,7876572600,7876572600,81418.79,24.63,30.65,-29.4851,3087.606,3139.228,3190.464667,91813.4789,251.34,52.3727,0.08,3294.95,3048.12,3159,-15.70425621,0.162567186,0.002377248,-0.182766212,-0.527393407
2016-05-13,3081.68 ,3103.10 ,3064.69 ,3074.94 ,3081.10 ,6262975500,6262975500,65851,23.51,28.27,-28.156,3076.524,3130.664,3185.753333,81130.6348,225.14,53.36563,-0.05,3281.83,3041.15,3142,-24.7825534,0.160513142,-0.004919555,-0.181795373,-0.76001056
2016-05-16,3064.53 ,3095.56 ,3053.66 ,3095.31 ,3077.27 ,5946185600,5946185600,64405.2,26.37,27.64,-23.0117,3082.462,3124.52,3181.660667,73929.8322,237.51,53.91357,0.42,3264.42,3040.87,3127,-30.20065573,0.164117241,0.006625636,-0.246445475,-1.175668293
2016-05-17,3095.52 ,3105.20 ,3073.46 ,3086.02 ,3090.05 ,6527812500,6527812500,75389.39,26.91,27.39,-19.4789,3085.844,3111.768,3177.131667,74877.5564,229.42,54.940125,0.01,3255.09,3035.96,3114,-36.30452295,0.159214201,-0.002999249,-0.085898664,-1.280824709
2016-05-18,3071.53 ,3072.61 ,3039.46 ,3068.04 ,3062.91 ,8271536900,8271536900,88458.85,23.99,26.26,-18.2062,3082.89,3097.626,3170.583333,75104.6442,227.64,55.140245,-0.48,3242.61,3031.41,3103,-40.1388268,0.158413408,-0.005829214,-0.055701603,-1.535028729
2016-05-19,3060.34 ,3086.98 ,3058.15 ,3062.50 ,3066.99 ,6044416600,6044416600,68679.06,27.38,26.63,-16.7875,3077.362,3082.484,3164.082333,72556.6977,221.7,50.46338,-0.48,3239.55,3022.62,3094,-43.03704046,0.147961733,-0.001804281,0.131447085,-1.539979218
2016-05-20,3047.78 ,3078.53 ,3041.52 ,3078.22 ,3061.51 ,5608084200,5608084200,65124.25,38.77,30.68,-12.5999,3078.018,3077.271,3159.713333,72411.3488,214.02,47.75473,0.01,3236.96,3016.98,3087,-45.71933344,0.148941656,0.005132441,0.315222474,-1.522578271
2016-05-23,3078.52 ,3098.48 ,3076.50 ,3087.22 ,3085.18 ,5969721600,5969721600,70337.51,50.64,37.33,-7.7252,3076.4,3079.431,3156.429667,73597.8117,210.42,48.733435,0.35,3231.51,3013.65,3039,-47.17389676,0.14821974,0.002925134,0.530840433,-1.308052422
2016-05-24,3083.24 ,3083.26 ,3052.59 ,3063.56 ,3070.66 ,5873438500,5873438500,61106.02,47.32,40.66,-6.8265,3071.908,3078.876,3150.878333,70741.1377,203.96,48.508945,-0.27,3227.97,3007.34,3041,-50.59544693,0.149639751,-0.007666082,0.716422835,-1.091916757
2016-05-25,3079.75 ,3089.10 ,3054.87 ,3059.23 ,3070.74 ,5665280300,5665280300,63316.56,41.57,40.96,-5.9842,3070.146,3076.518,3145.571,65712.6808,203.03,48.13541,-0.36,3220.93,3002.39,3042,-53.40015958,0.147359105,-0.001413293,0.94958364,-0.603087869
2016-05-26,3056.60 ,3072.52 ,3027.44 ,3064.21 ,3055.19 ,6039298100,6039298100,65985.18,43.48,41.8,-4.0194,3070.488,3073.925,3138.998667,65173.9055,204.61,48.468295,-0.2,3214.68,2998.48,3027,-55.5486416,0.147622309,0.001629563,1.196656009,-0.020909709
2016-05-27,3059.73 ,3073.76 ,3052.18 ,3062.50 ,3062.04 ,6046875000,6046875000,59371.78,44.01,42.54,-2.2988,3067.344,3072.681,3131.887667,64023.4107,196.1,48.82772,-0.16,3208.35,2995,3029,-57.48349952,0.147671113,-0.000558643,1.458975969,0.721890438
2016-05-30,3056.31 ,3075.26 ,3037.66 ,3066.71 ,3058.99 ,6309857900,6309857900,63496.57,47.77,44.28,-0.0606,3063.242,3069.821,3125.037667,62655.2208,183.11,48.92524,0.11,3201.64,2992.71,3030,-61.95083454,0.14804055,0.00137476,1.755475659,1.705551786
2016-05-31,3068.60 ,3170.93 ,3068.60 ,3169.56 ,3119.42 ,13886311100,13886311100,151398.18,64.86,51.14,14.9747,3084.442,3078.175,3123.074667,80713.6529,129.56,52.133885,2.76,3190.6,2999.34,3031,-60.84837282,0.180446125,0.033537673,1.801774774,2.166736671
2016-06-01,3172.96 ,3181.79 ,3159.82 ,3160.55 ,3168.78 ,11314848200,11314848200,131700.82,71.99,58.09,22.9315,3104.706,3087.426,3120.483,94390.5046,134.75,54.21984,1.8,3177.76,3007.29,3037,-60.47459918,0.180600325,-0.002843549,1.815181299,2.631028523
2016-06-02,3158.03 ,3168.82 ,3151.07 ,3167.10 ,3161.26 ,8600342700,8600342700,97093.63,78.15,64.78,27.9681,3125.284,3097.886,3120.018667,100612.1929,159.3,54.071975,1.34,3163.06,3017.31,3046,-55.61360422,0.180724688,0.00207328,1.457937711,0.806125719
2016-06-03,3172.95 ,3201.75 ,3162.09 ,3189.33 ,3181.53 ,10149178300,10149178300,136332.03,83.06,70.87,32.8481,3150.65,3108.997,3120.976333,116004.2429,138.33,52.26886,1.23,3176.82,3009.44,3054,-46.64741901,0.154972179,0.007017714,1.453422973,0.627292792
2016-06-06,3192.78 ,3197.22 ,3168.55 ,3178.79 ,3184.34 ,7669375100,7669375100,101176.23,84.32,75.35,33.1166,3173.066,3118.154,3121.106,123540.1762,145.99,51.00426,0.18,3189.65,3007.94,3066,-38.83125306,0.13314952,-0.003303896,1.123578007,-0.455650487
2016-06-07,3182.44 ,3186.62 ,3168.18 ,3177.05 ,3178.57 ,6892831400,6892831400,88711.62,84.82,78.51,31.5283,3174.564,3129.503,3121.606667,111002.8647,151.25,50.440195,0.08,3200.29,3008.09,3076,-32.1774404,0.133396718,-0.000545711,0.839727951,-1.148475232
2016-06-08,3171.81 ,3174.97 ,3148.35 ,3163.99 ,3164.78 ,7629177500,7629177500,97682.79,82.21,79.74,27.3427,3175.252,3139.979,3121.101,104199.2586,161.79,49.38652,-0.35,3207.36,3009.14,3086,-26.87610838,0.134541264,-0.004112993,0.599353606,-1.572978932
2016-06-13,3134.05 ,3145.61 ,3065.77 ,3066.34 ,3102.94 ,9297594700,9297594700,114091.32,60.63,73.37,10.8898,3155.1,3140.192,3117.781667,107598.7975,167.34,50.36213,-2.81,3207.65,3006.47,3197,-25.96199296,0.177393172,-0.030861416,0.621132367,-1.584249399
2016-06-14,3058.44 ,3078.75 ,3055.66 ,3075.98 ,3067.21 ,6627945700,6627945700,78622.31,45.06,63.93,1.2794,3132.43,3141.54,3114.961667,96056.8532,178.98,48.1132,-1.8,3207.63,3006.59,3195,-25.63014832,0.176963391,0.003144497,0.620390209,-1.583548136
2016-06-15,3043.96 ,3128.67 ,3042.23 ,3116.37 ,3082.81 ,8739325700,8739325700,106170.18,45.53,57.8,0.3836,3119.946,3146.506,3113.615667,97055.6425,176.37,50.34055,-0.11,3208.6,3007.72,3189,-22.8314759,0.181559266,0.01312907,0.553083282,-1.638422084
2016-06-16,3104.36 ,3112.48 ,3089.48 ,3094.67 ,3100.25 ,8297470300,8297470300,93496.24,41.31,52.3,-2.9289,3103.47,3139.017,3109.653333,98012.5666,179.07,51.275715,-0.28,3208.71,3008.48,3180,-20.3579521,0.183075372,-0.006961116,0.533640661,-1.639213881
2016-06-17,3096.09 ,3131.05 ,3096.09 ,3110.36 ,3108.40 ,8540298500,8540298500,97953.39,41.78,48.8,-2.8036,3092.744,3133.998,3106.35,98066.6863,194.56,51.696735,0.57,3208.99,3012.44,3172,-16.9472045,0.182435959,0.005067544,0.453387122,-1.638366165
2016-06-20,3114.91 ,3118.73 ,3089.71 ,3112.67 ,3109.01 ,6358714100,6358714100,74647.8,43,46.86,-2.2314,3102.01,3128.555,3102.975,90177.9828,196.67,50.77161,0.34,3208.84,3017.6,3164,-14.37703927,0.18219857,0.000744995,0.377122738,-1.613351298
2016-06-21,3124.90 ,3155.49 ,3097.94 ,3106.32 ,3121.16 ,8796534500,8796534500,107233.64,43.46,45.73,-2.5094,3108.078,3120.254,3102.174,95900.2504,200.72,52.209875,-0.06,3208.89,3020.36,3157,-12.70343731,0.181726519,-0.002042263,0.317922963,-1.576781527
2016-06-22,3100.45 ,3134.06 ,3096.99 ,3133.96 ,3116.37 ,6648711300,6648711300,81348.72,52.01,47.82,1.0384,3111.596,3115.771,3104.452,90935.958,191.96,51.215255,0.72,3210.69,3023.24,3153,-8.547990445,0.184004103,0.008899155,0.17292352,-1.60022746
2016-06-23,3129.72 ,3129.72 ,3102.48 ,3117.32 ,3119.81 ,6775173800,6775173800,81732.55,56.77,50.81,1.144,3116.126,3109.798,3106.059,88583.2207,187.72,51.318365,0.04,3209.95,3029.35,3149,-5.216045923,0.182748906,-0.005310947,0.091467231,-1.48612619
2016-06-24,3110.65 ,3130.54 ,3033.97 ,3077.16 ,3088.08 ,10479220800,10479220800,118967.44,49.7,50.44,-3.9179,3109.486,3101.115,3105.870667,92786.0312,185.96,54.32148,-1.04,3208.65,3032.45,3145,-4.308028627,0.189152855,-0.012883323,0.129074727,-1.483175684
2016-06-27,3065.13 ,3120.64 ,3064.97 ,3120.54 ,3092.82 ,8326725900,8326725900,104066.08,56.88,52.58,-1.2819,3111.06,3106.535,3106.884,98669.6874,169.54,56.40125,0.3,3207.39,3039.34,3137,-1.190377196,0.195311206,0.014100328,0.065958767,-1.34672521
2016-06-28,3107.40 ,3139.43 ,3099.70 ,3136.40 ,3120.73 ,9202463700,9202463700,117197.79,66.01,57.06,2.5313,3117.076,3112.577,3108.932667,100662.517,171.4,57.808825,0.62,3206.17,3047.95,3034,2.353731664,0.195770524,0.005081485,-0.018165222,-1.216831093
2016-06-29,3142.48 ,3158.08 ,3139.13 ,3151.39 ,3147.77 ,10372366800,10372366800,117958.86,75.55,63.22,6.7657,3120.562,3116.079,3110.802,107984.5461,171.59,58.847745,0.99,3205.73,3056.86,3036,1.327545081,0.196182466,0.004778885,-0.137075973,-1.092302603
2016-06-30,3152.83 ,3163.72 ,3148.20 ,3153.92 ,3154.67 ,7969261700,7969261700,100627.91,81.18,69.21,9.4362,3127.882,3122.004,3113.065333,111763.6182,175.72,53.41408,0.83,3203.57,3057.45,3041,0.929867827,0.156649986,0.000803201,-0.126938298,-0.996139107
2016-07-01,3156.93 ,3170.26 ,3148.29 ,3154.20 ,3157.42 ,7174628300,7174628300,91215.03,83.53,73.98,10.678,3143.29,3126.388,3115.937333,106213.1354,180.2,48.85725,0.35,3202.76,3057.63,3048,0.238404436,0.156349987,8.86E-05,-0.117305551,-0.952411143
2016-07-04,3136.39 ,3210.60 ,3134.02 ,3204.70 ,3171.43 ,13331052900,13331052900,149894.78,87.9,78.62,17.3445,3160.122,3135.591,3120.677333,115378.8747,165.9,51.798235,1.41,3210.38,3053.76,3058,0.995019214,0.166265899,0.016009098,0.100420503,-0.784951154
2016-07-05,3199.16 ,3216.70 ,3198.00 ,3207.38 ,3205.31 ,13022689500,13022689500,143899.1,90.24,82.49,20.9188,3174.318,3145.697,3124.982667,120719.1365,168.38,53.398025,1.04,3214.42,3051.53,3073,2.374988253,0.16454861,0.000838301,0.222739979,-0.650566759
2016-07-06,3197.62 ,3217.52 ,3183.45 ,3216.80 ,3203.85 ,12489745800,12489745800,147232.47,93.36,86.12,23.18,3187.4,3153.981,3129.302,126573.8585,174.6,53.34464,0.92,3222.37,3047.38,3091,4.24373384,0.164233049,0.002937224,0.379021126,-0.580432085
2016-07-07,3206.55 ,3220.54 ,3190.12 ,3209.95 ,3206.79 ,11859520200,11859520200,140488.83,93.3,88.51,22.3703,3198.606,3163.244,3134.181667,134546.0427,176.55,54.27723,0.35,3228.48,3044.57,3108,6.329937148,0.164475331,-0.002129226,0.416637442,-0.736045624
2016-07-08,3199.75 ,3204.93 ,3183.96 ,3192.28 ,3195.23 ,8973485500,8973485500,111063.47,87.74,88.25,18.2462,3206.222,3174.756,3138.616667,138515.7302,172.88,53.994665,-0.43,3232.5,3043.37,3126,12.31039529,0.165072613,-0.005505935,0.367726218,-0.963476171
2016-07-11,3199.04 ,3235.96 ,3197.63 ,3203.33 ,3208.99 ,13852951100,13852951100,155288.15,81.16,85.89,15.8851,3205.948,3183.035,3143.254,139594.4045,169.33,52.602895,-0.08,3237.34,3052.23,3141,18.06219553,0.114715899,0.003461287,0.276607451,-1.241345956
2016-07-12,3201.91 ,3273.47 ,3200.30 ,3273.18 ,3237.22 ,17253421700,17253421700,190853.74,87.37,86.38,22.2214,3219.108,3196.713,3150.276667,148985.3322,158.18,55.240605,1.68,3257.75,3051.54,3158,24.99979075,0.133817664,0.021806216,0.59674587,-0.364267059
2016-07-13,3274.02 ,3300.99 ,3271.78 ,3282.87 ,3282.42 ,17519609000,17519609000,196592.3,87.96,86.91,25.9478,3232.322,3209.861,3157.482,158857.298,144.87,55.95297,1.56,3279.13,3046.81,3181,33.15946621,0.128570561,0.002959139,0.582171478,-0.447557311
2016-07-14,3277.48 ,3281.95 ,3259.07 ,3276.76 ,3273.82 ,10752579800,10752579800,128090.42,87.14,86.98,25.7672,3245.684,3222.145,3161.055333,156377.6154,134.16,53.585085,0.96,3294.09,3050.06,3205,39.8218179,0.124731622,-0.001859472,0.462485118,-0.764060689
2016-07-15,3278.84 ,3285.03 ,3265.29 ,3276.28 ,3276.36 ,10266502600,10266502600,125179.81,84.42,86.13,23.8071,3262.484,3234.353,3164.913,159200.8849,136.88,52.80458,0.42,3307.18,3053.56,3224,46.01088201,0.124883906,-0.000148378,0.286674464,-1.025586823
2016-07-18,3269.71 ,3281.64 ,3251.77 ,3262.02 ,3266.29 ,11031251800,11031251800,129785.71,78.56,83.61,19.0213,3274.222,3240.085,3168.077,154100.3959,199.02,52.847525,-0.37,3315.45,3060.22,3240,51.49557291,0.127182718,-0.004351066,0.081706979,-1.146291003
2016-07-19,3260.43 ,3264.73 ,3226.20 ,3248.23 ,3249.90 ,8888686100,8888686100,107108.91,70.68,79.3,12.732,3269.232,3244.17,3170.040333,137351.4303,208.23,51.485105,-0.64,3319.2,3070.67,3285,54.63444426,0.128417339,-0.004226857,-0.108143947,-1.074045155
2016-07-20,3246.86 ,3254.51 ,3232.26 ,3237.61 ,3242.81 ,7270125500,7270125500,91367.45,62.4,73.66,6.2055,3260.18,3246.251,3172.001,116306.46,216.01,51.047105,-0.69,3322.3,3077.93,3284,57.91713705,0.12733363,-0.00327224,-0.319158434,-0.88196109
2016-07-21,3238.34 ,3271.37 ,3238.30 ,3252.52 ,3250.13 ,8600482500,8600482500,107464.07,59.3,68.88,3.1169,3255.332,3250.508,3174.516667,112181.1904,210.12,51.36652,-0.09,3324.66,3089.09,3283,63.7896452,0.124998323,0.004607603,-0.537011747,-0.502532146
2016-07-22,3251.24 ,3253.77 ,3220.89 ,3225.16 ,3237.77 ,8602912800,8602912800,107416.89,47.76,61.84,-3.0572,3245.108,3253.796,3176.555667,108628.6052,196.96,48.181605,-0.61,3315.12,3113.43,3282,65.83105294,0.118629362,-0.008412117,-0.349928611,-0.976228199
2016-07-25,3220.17 ,3243.79 ,3218.14 ,3230.89 ,3228.25 ,7020318500,7020318500,92015.84,36.97,53.55,-6.6112,3238.882,3256.552,3182.040667,101074.6328,201.69,45.13025,-0.25,3310.62,3128.96,3279,67.26368529,0.110350024,0.001774453,-0.368952324,-0.854580196
2016-07-26,3228.23 ,3269.75 ,3228.01 ,3269.59 ,3248.90 ,8105108900,8105108900,103745.76,50.29,52.46,-4.1134,3243.154,3256.193,3188.494333,100402.0031,198.59,43.987255,0.82,3310.84,3142.07,3275,69.81042102,0.115632447,0.011979133,-0.443158089,-0.758629989
2016-07-27,3270.08 ,3276.51 ,3157.41 ,3218.24 ,3230.56 ,16018866500,16018866500,186928.37,49.41,51.45,-9.4376,3239.28,3249.73,3191.89,119514.1866,219.44,47.0236,-0.65,3306.62,3152.97,3277,69.53599997,0.131328252,-0.015703874,-0.442348965,-0.416840818
2016-07-28,3204.46 ,3235.78 ,3195.27 ,3221.14 ,3214.16 ,11277996400,11277996400,137295.89,50.04,50.98,-12.4397,3233.004,3244.168,3196.105667,125480.5507,174.94,49.712815,-0.37,3301.41,3164.9,3267,69.40600997,0.131326305,0.000899093,-0.318457021,-0.216957519
2016-07-29,3217.19 ,3225.42 ,3198.68 ,3203.93 ,3211.31 ,8804483700,8804483700,103787.03,46.38,49.45,-16.3673,3228.758,3236.933,3199.224667,124754.5792,140.53,50.117275,-0.77,3294.8,3176.48,3258,65.89741948,0.133265084,-0.005341624,0.285880259,-1.428682088
2016-08-01,3196.43 ,3199.98 ,3156.75 ,3176.81 ,3182.49 ,8700349700,8700349700,98818.63,36.5,45.13,-21.8967,3217.942,3228.412,3201.362667,126115.1372,159.61,48.449675,-1.28,3297.64,3170.86,3250,61.0738685,0.124435153,-0.008465009,0.059512787,-1.149671041
2016-08-02,3173.76 ,3189.05 ,3165.54 ,3189.05 ,3179.35 ,6216763900,6216763900,70640.76,33.33,41.2,-23.0666,3201.834,3222.494,3204.120333,119494.1374,152.25,45.9309,-0.4,3298.86,3167.81,3241,56.63264508,0.125299346,0.003854119,0.025882533,-1.219397908
2016-08-03,3179.68 ,3197.16 ,3173.54 ,3193.51 ,3185.97 ,7286410200,7286410200,79754.32,32.45,38.28,-22.3831,3196.888,3218.084,3206.105333,98059.3288,125.51,45.80842,-0.11,3299.72,3164.61,3232,52.97866782,0.124893656,0.001396778,0.049617494,-1.352296809
2016-08-04,3190.55 ,3201.55 ,3170.42 ,3201.29 ,3190.95 ,7350437300,7350437300,86919.59,34.03,36.86,-20.099,3192.918,3212.961,3208.904333,87984.0685,126.89,45.510705,0.26,3300,3163.47,3225,50.78015443,0.125087617,0.002436663,0.063225231,-1.403463367
2016-08-05,3201.35 ,3224.87 ,3192.86 ,3205.11 ,3206.05 ,7719636600,7719636600,94429.54,36.15,36.62,-17.3911,3193.154,3210.956,3213.169333,86112.571,125.31,47.184965,0.37,3299.31,3165.45,3225,48.33016171,0.123513816,0.001193676,0.069554036,-1.348405575
2016-08-08,3199.57 ,3234.48 ,3187.25 ,3234.18 ,3213.87 ,8667605100,8667605100,102638.12,45.65,39.63,-11.297,3204.628,3211.285,3216.957333,86876.4671,131.18,46.94619,0.92,3299.44,3168.4,3170,43.96370362,0.126998172,0.00907089,-0.042172814,-1.206533716
2016-08-09,3232.60 ,3257.33 ,3229.17 ,3256.98 ,3244.02 ,9106525900,9106525900,105924.05,63.65,47.64,-4.1745,3218.214,3210.024,3220.976667,93933.1248,129.38,46.65785,1.2,3296.96,3169.25,3172,40.47117844,0.103226056,0.007049075,-0.04768789,-1.11047538
2016-08-10,3255.18 ,3261.86 ,3242.75 ,3243.34 ,3250.78 ,9043037200,9043037200,106157.45,69.89,55.06,-1.4224,3228.18,3212.534,3224.041667,99213.7497,124.54,43.2578,0.47,3290.81,3171.45,3175,36.77647952,0.103404305,-0.00418805,-0.106097027,-0.984733228
2016-08-11,3239.56 ,3274.03 ,3232.61 ,3233.36 ,3244.89 ,10104121300,10104121300,116996.16,68.37,59.49,-1.0834,3234.594,3213.756,3226.689667,105229.0633,121.36,44.18422,-0.04,3284.68,3173.24,3180,32.79180055,0.103691297,-0.003077228,-0.127097069,-0.795917756
2016-08-12,3231.81 ,3294.23 ,3231.14 ,3294.23 ,3262.85 ,11625404400,11625404400,129354.69,78.91,65.97,6.7708,3252.418,3222.786,3231.357333,112214.0921,113.43,46.04104,1.29,3289.25,3170.47,3188,32.76278552,0.124353183,0.018826636,0.178738564,-0.226775701
2016-08-15,3303.47 ,3417.91 ,3302.38 ,3393.42 ,3354.30 ,22054342100,22054342100,258897.46,82.64,71.53,23.7992,3284.266,3244.447,3237.648,143465.962,101.42,53.886365,3.32,3330.02,3142.84,3198,38.38413624,0.160839837,0.03011025,2.052520365,6.176298108
2016-08-16,3403.38 ,3418.69 ,3372.02 ,3378.25 ,3393.09 ,19638974000,19638974000,226785.23,83,75.35,31.0345,3308.52,3263.367,3243.343667,167638.1977,106.65,57.775325,2.11,3356.01,3129.85,3225,43.49692943,0.160968788,-0.004473004,1.701152129,2.80433862
2016-08-17,3377.77 ,3394.39 ,3356.92 ,3373.05 ,3375.53 ,13884768800,13884768800,167917.53,82.09,77.6,32.9542,3334.462,3281.321,3248.552,179990.2143,105.65,58.233095,1.16,3376.79,3122.61,3252,47.34832796,0.160335426,-0.001538521,1.343687124,0.905006899
2016-08-18,3369.95 ,3394.79 ,3349.69 ,3364.49 ,3369.73 ,14238016900,14238016900,172256.53,80.26,78.48,30.9376,3360.688,3297.641,3253.703333,191042.289,120.29,58.532405,0.11,3392.38,3118.22,3275,51.94706156,0.160832486,-0.002538506,1.072468881,-0.175685008
2016-08-19,3358.56 ,3374.05 ,3341.19 ,3365.02 ,3359.71 ,11996150800,11996150800,135382.71,77.4,78.12,27.6491,3374.846,3313.632,3259.461333,192247.893,108.42,58.53126,-0.29,3406.96,3117.62,3295,56.05644348,0.156478316,0.000158895,0.797470764,-0.905373989
2016-08-22,3364.68 ,3372.83 ,3335.47 ,3336.79 ,3352.44 ,10795100800,10795100800,128201.78,70.38,75.54,20.0022,3363.52,3323.893,3263.91,166108.757,123.79,59.117025,-0.79,3415.14,3120.04,3313,56.61395631,0.160903376,-0.008387707,0.576659079,-1.279574229
2016-08-23,3332.62 ,3359.65 ,3324.96 ,3341.83 ,3339.77 ,9292451600,9292451600,108503.69,66.59,72.56,14.225,3356.236,3332.378,3266.198333,142452.4493,124.03,58.271205,-0.43,3422.45,3119.95,3324,59.96259849,0.156245098,0.001508903,0.431389418,-1.54602992
2016-08-24,3341.93 ,3348.13 ,3323.73 ,3329.86 ,3335.91 ,8119142900,8119142900,94012.83,61.94,69.02,7.7192,3347.598,3341.03,3267.764667,127671.5095,137.86,53.53631,-0.53,3428.04,3125.52,3374,62.40079857,0.144243036,-0.003580883,0.232225519,-1.667317636
2016-08-25,3314.08 ,3315.08 ,3279.81 ,3308.97 ,3304.49 ,10058915300,10058915300,112578.14,48.29,62.11,-0.0584,3336.494,3348.591,3268.838333,115735.8309,133.77,51.381435,-0.82,3430.72,3131.63,3373,64.53284364,0.14700894,-0.006273832,0.073041278,-1.649422759
2016-08-26,3312.50 ,3328.95 ,3301.74 ,3307.09 ,3312.57 ,8153069100,8153069100,93213.21,38.74,54.32,-5.7989,3324.908,3349.877,3269.865333,107301.9308,140.09,52.33094,-0.54,3431.72,3140.94,3369,67.82025646,0.145084259,-0.000568727,-0.084631978,-1.526458875
2016-08-29,3306.57 ,3315.08 ,3297.07 ,3307.78 ,3306.63 ,7703633300,7703633300,88011.64,33.94,47.53,-9.6204,3319.106,3341.313,3271.390667,99263.9024,141.78,51.070085,-0.34,3429,3156.76,3366,70.36565864,0.140268033,0.000208945,-0.179365969,-1.394522763
2016-08-30,3310.32 ,3325.12 ,3304.60 ,3311.99 ,3313.01 ,7572598700,7572598700,89513.02,31.95,42.33,-11.5677,3313.138,3334.687,3273.516,95465.7673,134.99,50.857485,-0.03,3426.21,3171.84,3362,72.7713707,0.140121056,0.001271547,-0.28701832,-1.178303738
2016-08-31,3310.57 ,3333.97 ,3304.66 ,3327.79 ,3319.25 ,7957080500,7957080500,99215.04,38.27,40.98,-10.7324,3312.724,3330.161,3276.522,96506.2097,103.59,50.745545,0.45,3423.29,3188.19,3359,75.45805217,0.140472023,0.004772543,-0.400855901,-0.930936346
2016-09-01,3326.74 ,3329.35 ,3301.21 ,3301.58 ,3314.72 ,8494721900,8494721900,100911.46,33.32,38.43,-13.5344,3311.246,3323.87,3278.157333,94172.8743,136.58,50.595425,-0.29,3417.61,3203.9,3357,76.50847956,0.144836696,-0.007878223,-0.410466319,-0.657336035
2016-09-02,3298.72 ,3320.43 ,3295.76 ,3314.11 ,3307.26 ,8279180300,8279180300,99396.38,36.53,37.79,-13.4938,3312.65,3318.779,3281.122333,95409.5089,134.11,49.10621,0.04,3410.79,3221.62,3354,76.67960058,0.145046874,0.003797428,-0.325835995,-0.567549452
2016-09-05,3321.01 ,3338.42 ,3314.63 ,3319.68 ,3323.44 ,7829247700,7829247700,87531.09,43.81,39.8,-12.5313,3315.03,3317.068,3284.082,95313.3984,126.68,48.878055,0.14,3406.82,3234.14,3351,75.98057055,0.142424443,0.001679514,-0.358388316,-0.107111364
2016-09-06,3322.02 ,3347.95 ,3300.13 ,3342.63 ,3328.18 ,9828399800,9828399800,118366.53,59.94,46.51,-8.7945,3321.158,3317.148,3286.516667,101084.1018,129.03,47.76525,0.65,3406.2,3243.33,3348,77.14579203,0.142352734,0.006911991,-0.54783115,0.569875839
2016-09-07,3344.07 ,3357.36 ,3337.75 ,3340.82 ,3345.00 ,10294010600,10294010600,115119.91,64.34,52.45,-6.655,3323.764,3318.244,3290.602667,104265.0746,128.82,48.99246,0.51,3401.68,3257.59,3357,78.66134242,0.141066888,-0.000541102,-0.564593507,1.512502559
2016-09-08,3338.01 ,3343.40 ,3328.23 ,3339.56 ,3337.30 ,7191615800,7191615800,83742.35,66.59,57.17,-5.5433,3331.36,3321.303,3294.55,100831.2514,128.76,47.68022,0.25,3390.99,3278.9,3354,76.9947903,0.14023048,-0.000375118,0.535399004,-0.608466202
2016-09-09,3339.37 ,3344.95 ,3318.04 ,3318.04 ,3330.10 ,8265703600,8265703600,95471.19,56.45,56.93,-7.7075,3332.146,3322.398,3298.353667,100046.2135,120.44,45.870715,-0.42,3389.49,3282.79,3350,69.37605579,0.127527007,-0.006443955,0.664876409,-0.513367657
2016-09-12,3271.87 ,3276.72 ,3234.57 ,3262.60 ,3261.44 ,12291768200,12291768200,134456.63,45.24,53.03,-16.1232,3320.73,3317.88,3301.213333,109431.3217,137.8,38.638975,-1.75,3385.4,3273.79,3347,60.125213,0.085824016,-0.016708549,-0.199315374,0.50344785
2016-09-13,3265.34 ,3269.22 ,3246.39 ,3260.33 ,3260.32 ,6718028800,6718028800,76862.64,37.16,47.74,-21.1931,3304.27,3312.714,3303.589333,101130.5439,147.13,34.555905,-1.33,3382.69,3264.72,3338,51.48322235,0.085402408,-0.000696162,-0.513168428,0.523632641
2016-09-14,3245.74 ,3255.00 ,3231.34 ,3238.73 ,3242.70 ,7043269700,7043269700,79780.75,26.73,40.74,-26.3189,3283.852,3303.808,3305.096667,94062.7114,157.13,33.865665,-1.37,3382.53,3251.44,3330,42.62130123,0.087122377,-0.006626041,-0.899612624,0.758342872
2016-09-19,3242.74 ,3264.90 ,3242.74 ,3263.12 ,3253.38 ,5883108200,5883108200,67678.03,26.22,35.9,-25.2811,3268.564,3299.962,3307.157667,90849.8484,169.12,33.2887,-0.17,3377.67,3246.16,3320,35.39546117,0.09341267,0.007532058,-0.806350179,0.098577334
2016-09-20,3264.66 ,3265.04 ,3252.39 ,3257.40 ,3259.87 ,5278420600,5278420600,61626.15,24.38,32.06,-24.22,3256.436,3294.291,3308.900667,84080.8408,167.6,32.76068,0.03,3371.61,3241.46,3311,29.65611311,0.093200661,-0.001753167,-0.804970402,-0.572697253
2016-09-21,3257.71 ,3270.90 ,3254.32 ,3266.64 ,3262.39 ,5914297900,5914297900,68957.74,25.59,29.9,-21.2353,3257.244,3288.987,3309.982667,70981.0634,156.04,31.818185,0.29,3368.79,3237.26,3303,24.41363246,0.090844777,0.002834436,-0.572836766,-0.986750512
2016-09-22,3281.47 ,3303.20 ,3277.98 ,3291.12 ,3288.44 ,7575354200,7575354200,89991.76,34.6,31.47,-15.2079,3263.402,3283.836,3311.120667,73606.8869,153.92,32.52771,0.85,3363.82,3237.16,3303,21.25585083,0.095428667,0.007495417,-0.484658368,-0.977236967
2016-09-23,3292.28 ,3293.92 ,3275.03 ,3275.67 ,3284.23 ,5799398600,5799398600,68046.26,36.07,33,-12.651,3270.79,3277.321,3312.198333,71259.9891,151.87,32.25207,0.15,3360.45,3235.11,3297,18.52777829,0.095949248,-0.004695847,-0.288275128,-1.080268923
2016-09-26,3267.69 ,3267.69 ,3220.28 ,3220.28 ,3243.99 ,7045218600,7045218600,78700.84,24.05,30.02,-17.4724,3262.222,3265.393,3311.762333,73464.5498,137.08,32.858665,-1.29,3364.64,3222.05,3293,13.26106938,0.110573447,-0.016907307,-0.381626096,-0.820267253
2016-09-27,3214.87 ,3240.78 ,3214.44 ,3240.75 ,3227.71 ,5846055000,5846055000,66651.13,25.91,28.65,-16.9434,3258.892,3257.664,3309.979667,74469.5457,137.15,31.71843,-0.56,3364.73,3215.33,3284,9.246685908,0.113894562,0.006356831,-0.201241651,-1.153016764
2016-09-28,3243.65 ,3243.65 ,3228.00 ,3230.89 ,3236.55 ,4472749800,4472749800,51996.41,23.45,26.92,-16.9212,3251.742,3254.493,3304.562,71077.2778,135.49,32.27825,-0.64,3364.85,3207.53,3274,4.729511612,0.114017851,-0.003043797,-0.049625782,-1.335213402
2016-09-29,3234.86 ,3257.77 ,3234.80 ,3244.39 ,3242.96 ,5545255600,5545255600,62220.3,26.88,26.91,-14.1976,3242.396,3252.899,3300.1,65522.986,126.39,32.364185,0.06,3362.6,3203.01,3266,0.322716032,0.115299543,0.004177486,0.152497453,-1.378739507
2016-09-30,3240.18 ,3260.94 ,3239.04 ,3253.28 ,3248.36 ,4497802200,4497802200,52655.74,32.51,28.77,-10.4796,3237.918,3254.354,3296.107667,62444.8814,129.68,32.202235,0.47,3356.97,3201.2,3261,-2.10801477,0.114169906,0.002742398,0.368264715,-1.165207017
2016-10-10,3265.36 ,3294.64 ,3258.96 ,3293.87 ,3278.21 ,8051926000,8051926000,89607.99,51.5,36.35,-2.2635,3252.636,3257.429,3293.753667,64626.3124,121.07,33.57583,1.27,3356.19,3201.2,3228,-3.014879032,0.120747786,0.012474807,0.398865687,-1.104516184
2016-10-11,3296.87 ,3308.00 ,3292.88 ,3306.56 ,3301.08 ,8771316300,8771316300,88213.42,67.15,46.62,4.7856,3265.798,3262.345,3291.805,68938.7705,132.56,34.79463,1.25,3355.15,3201.48,3229,-3.52028508,0.120771324,0.003852127,0.418440328,-1.032930682
2016-10-12,3299.14 ,3302.56 ,3289.75 ,3300.01 ,3297.87 ,6866978100,6866978100,72386.91,75.26,56.16,8.2669,3279.622,3265.682,3290.579,73016.8721,135.81,33.301805,0.62,3352.42,3202.25,3232,-5.475070826,0.120749755,-0.001980126,0.468732143,-0.834971916
2016-10-13,3299.16 ,3307.41 ,3292.40 ,3302.65 ,3300.41 ,8122419800,8122419800,79923.75,81.6,64.64,10.4837,3291.274,3266.835,3289.273,76557.5614,143.25,31.79333,0.35,3345.04,3205.63,3236,-7.109902285,0.117843357,0.000798664,0.41526422,-0.676835599
2016-10-14,3298.73 ,3306.69 ,3285.73 ,3305.85 ,3299.25 ,8231627100,8231627100,81485.6,86.97,72.08,11.8393,3301.788,3269.853,3288.472667,82323.534,141.05,29.979625,0.12,3337.92,3209.25,3238,-8.44020217,0.117975525,0.000969708,0.266142755,-0.729827843
2016-10-17,3305.96 ,3309.01 ,3271.54 ,3277.88 ,3291.10 ,8611350900,8611350900,88199.42,78.5,74.22,8.5787,3298.59,3275.613,3287.436333,82041.8198,141.68,31.094615,-0.63,3326.96,3214.05,3241,-10.02645706,0.121312682,-0.008460582,0.013066836,-1.047325815
2016-10-18,3272.68 ,3321.33 ,3272.68 ,3321.33 ,3297.01 ,10286071400,10286071400,104625.04,85.67,78.04,11.6918,3301.544,3283.671,3287.911,85324.1444,136.33,32.23882,0.6,3327.72,3213.62,3245,-6.588729209,0.129199963,0.013256653,0.053601801,-0.981175104
2016-10-19,3323.30 ,3332.52 ,3309.83 ,3316.24 ,3320.47 ,10116772500,10116772500,96354.44,84.64,80.24,12.4146,3304.79,3292.206,3288.193,90117.6503,134.64,33.123585,0.35,3333.75,3212.95,3251,-3.463907748,0.113060135,-0.001533029,-0.049572246,-1.171982979
2016-10-20,3317.18 ,3324.90 ,3312.17 ,3318.60 ,3318.21 ,7923887100,7923887100,82481.1,83.45,81.31,12.5239,3307.98,3299.627,3288.413333,90629.1197,130.8,32.144705,0.32,3339.57,3212.96,3259,0.703012639,0.112920805,0.000712765,-0.175814589,-1.268034347
2016-10-21,3315.72 ,3341.56 ,3309.18 ,3327.74 ,3323.55 ,10978517600,10978517600,107114.93,82.39,81.67,13.0797,3312.358,3307.073,3288.411667,95754.9853,125.74,32.58081,0.46,3345.41,3216.02,3267,3.898652007,0.109479658,0.002752844,-0.299356026,-1.077535475
2016-10-24,3332.51 ,3382.83 ,3330.97 ,3367.58 ,3353.47 ,15301434500,15301434500,150063.01,83.69,82.34,17.7748,3330.298,3314.444,3290.611667,108127.7031,151.98,34.58497,1.12,3360.73,3211.14,3276,9.212439407,0.113782111,0.011971428,0.076515737,-0.27575546
2016-10-25,3367.48 ,3373.91 ,3356.59 ,3367.45 ,3366.36 ,11119169300,11119169300,110576.51,84.52,83.07,19.6762,3339.522,3320.533,3292.389667,109317.9969,171.45,35.617675,0.84,3373.26,3209.62,3291,13.79273744,0.113277489,-3.66E-05,0.089810324,-0.34748937
2016-10-26,3365.20 ,3367.83 ,3349.57 ,3354.80 ,3359.35 ,9802478600,9802478600,104719.32,81.29,82.47,18.0841,3347.234,3326.012,3293.560333,110990.9721,173.4,35.60482,0.23,3381.45,3210.24,3304,16.28706056,0.11478389,-0.003757853,-0.065078444,-0.591395273
2016-10-27,3351.46 ,3352.35 ,3335.13 ,3345.70 ,3346.16 ,7762985100,7762985100,85241.01,76.4,80.45,14.7975,3352.654,3330.317,3293.662667,111542.9555,173.1,34.02199,-0.21,3386.98,3210.17,3315,18.97413254,0.113246105,-0.002714111,-0.181196733,-0.806681529
2016-10-28,3347.14 ,3370.75 ,3337.29 ,3340.13 ,3348.83 ,9313330900,9313330900,104797.97,71.35,77.42,11.0381,3355.132,3333.745,3293.639667,111079.5646,170.53,34.858195,-0.45,3391.38,3212.22,3324,24.01754591,0.111781817,-0.001664467,-0.359942375,-0.813462022
2016-10-31,3332.41 ,3340.47 ,3317.33 ,3336.28 ,3331.62 ,7135286300,7135286300,80701.82,59.83,71.55,7.3737,3348.872,3339.585,3293.530333,97207.3272,172.28,33.64494,-0.38,3389.66,3225.54,3317,27.59282861,0.089876368,-0.001152172,-0.449402436,-0.609492363
2016-11-01,3338.71 ,3359.39 ,3334.46 ,3359.05 ,3347.90 ,7493819900,7493819900,84717.68,62.46,68.52,7.3419,3347.192,3343.357,3294.897333,92035.5614,171.05,34.43154,0.35,3392.28,3234.75,3325,32.62124218,0.090205211,0.00682608,-0.596479947,-0.219824451
2016-11-02,3350.71 ,3356.40 ,3331.38 ,3333.35 ,3342.96 ,9119710400,9119710400,100349,52.58,63.21,3.3852,3342.902,3345.068,3297.255667,91161.4969,164.35,34.221925,-0.29,3387.47,3249.8,3331,35.43843007,0.094879188,-0.007650701,-0.573287107,-0.002844694
2016-11-03,3326.90 ,3379.99 ,3324.84 ,3365.09 ,3349.21 ,12622350400,12622350400,137386.47,59.36,61.92,4.4997,3346.78,3349.717,3300.747667,101590.5881,165.09,35.49094,0.55,3386.95,3262.39,3325,39.25651857,0.098609409,0.009519726,-0.441788268,-0.127007354
2016-11-04,3362.21 ,3377.64 ,3348.43 ,3354.17 ,3360.61 ,10406965500,10406965500,110813.77,59.17,61.01,3.2791,3349.588,3352.36,3304.595667,102793.7467,159.57,36.824155,0.14,3383.4,3276.03,3334,40.30899264,0.100152114,-0.003242147,-0.146282124,-1.023951659
2016-11-07,3353.44 ,3362.74 ,3342.31 ,3356.59 ,3353.77 ,9987798800,9987798800,94370.88,60.33,60.78,2.354,3353.65,3351.261,3307.711333,105527.5578,158.79,35.0654,0.09,3385.03,3280.68,3341,40.79525801,0.091549665,0.000720505,-0.346432173,-0.809541941
2016-11-08,3367.70 ,3383.92 ,3361.13 ,3371.12 ,3370.97 ,10314828200,10314828200,105138.26,67.15,62.9,3.203,3356.064,3351.628,3311.502,109611.6723,151.72,34.69337,0.45,3389.38,3282.78,3347,42.31088511,0.091763918,0.004327634,-0.501472486,-0.61552949
2016-11-09,3370.60 ,3373.10 ,3322.08 ,3353.05 ,3354.71 ,13911005900,13911005900,145186.92,62.65,62.82,0.9512,3360.004,3351.453,3314.382333,118579.2575,153.05,36.60379,-0.21,3389.7,3287.76,3384,42.71580085,0.093971676,-0.005358164,-0.738546908,-0.02859713
2016-11-10,3374.91 ,3403.02 ,3374.91 ,3390.61 ,3385.86 ,13470553500,13470553500,133277.4,70.27,65.3,3.9721,3365.108,3355.944,3317.698667,117757.4437,150.81,39.767795,0.76,3396.13,3290.13,3322,44.81820081,0.100886906,0.011200891,-0.629055253,0.564408464
2016-11-11,3387.95 ,3422.67 ,3382.89 ,3417.22 ,3402.68 ,19878149600,19878149600,190647.27,78.37,69.66,8.7328,3377.718,3363.653,3322.417,133724.1448,142.22,41.108225,1.17,3408.21,3289.19,3324,49.54441077,0.103471565,0.007847905,-0.058021328,1.404819341
2016-11-14,3409.22 ,3452.62 ,3408.14 ,3430.25 ,3425.06 ,21324710500,21324710500,208353.31,79.87,73.06,12.5813,3392.45,3373.05,3329.416,156520.6312,160.85,42.720975,1.11,3416.66,3295.97,3328,52.51298023,0.096436111,0.003812191,0.994834172,1.027825062
2016-11-15,3428.87 ,3434.92 ,3415.99 ,3429.87 ,3427.41 ,13456632000,13456632000,135206.77,80.77,75.63,13.9159,3404.2,3380.132,3335.72,162534.3341,159.27,41.57054,0.75,3428.07,3295.42,3335,55.56878122,0.087653248,-0.000110342,0.90550632,0.295821835
2016-11-16,3432.43 ,3435.64 ,3419.24 ,3429.59 ,3429.23 ,12980851100,12980851100,128944.6,81.3,77.52,13.586,3419.508,3389.756,3342.343333,159285.8696,157.19,39.5607,0.29,3436.67,3298.16,3342,58.33972716,0.087112448,-0.000080936,0.817054346,-0.347344269
2016-11-17,3423.47 ,3437.67 ,3412.88 ,3436.54 ,3427.64 ,12156173100,12156173100,121576.88,83.43,79.49,13.122,3428.694,3396.901,3348.748333,156945.7663,170.74,40.046705,0.23,3445.1,3301.51,3349,60.8624908,0.087043462,0.00202441,0.745234171,-0.857145085
2016-11-18,3437.49 ,3443.12 ,3413.27 ,3417.46 ,3427.84 ,11595120500,11595120500,117345.61,79.97,79.65,9.246,3428.742,3403.23,3354.221,142285.4338,156.66,39.939695,-0.33,3448.81,3306.78,3355,60.31324626,0.09070142,-0.005551988,0.582647403,-1.256010866
2016-11-21,3412.65 ,3463.14 ,3412.08 ,3441.11 ,3432.25 ,14643452900,14643452900,147542.59,81.44,80.25,8.8673,3430.914,3411.682,3359.129,130123.2899,163.11,38.810445,0.3,3457.68,3305.26,3360,60.98037895,0.084495264,0.006921875,0.418137666,-1.543762155
2016-11-22,3443.22 ,3469.22 ,3443.22 ,3468.36 ,3456.01 ,16852344600,16852344600,167250.67,87.32,82.61,11.1398,3438.612,3421.406,3364.522333,136532.069,154.76,39.52006,0.87,3471.66,3301.38,3369,63.60953,0.087727464,0.007919856,0.402262609,-1.356699228
2016-11-23,3473.89 ,3492.96 ,3465.76 ,3474.73 ,3476.84 ,16238850400,16238850400,171247.12,86.03,83.75,12.2646,3447.64,3433.574,3370.346333,144992.5724,152.53,41.094045,0.79,3484.84,3300.19,3379,66.8807485,0.085514159,0.001835217,0.306937297,-1.350034375
2016-11-24,3468.81 ,3508.16 ,3467.01 ,3488.74 ,3483.18 ,14574630100,14574630100,165071.45,84.21,83.9,13.5581,3458.08,3443.387,3376.549333,153691.4865,154.74,42.353025,0.89,3498.64,3300.69,3392,70.96741108,0.084174026,0.004032343,0.243270645,-1.253438051
2016-11-25,3490.04 ,3521.30 ,3463.95 ,3521.30 ,3499.15 ,15362150600,15362150600,166832.18,89.48,85.76,17.2264,3478.848,3453.795,3383.731,163588.8012,132.5,43.44002,1.22,3517.44,3300.01,3409,76.67007052,0.086631461,0.009332366,0.354696464,-0.783758654
2016-11-28,3538.68 ,3553.36 ,3528.32 ,3535.08 ,3538.86 ,20737548300,20737548300,219859.77,88.67,86.73,19.7545,3497.642,3464.278,3392.304333,178052.2367,126.28,46.75357,1.07,3535.54,3301.79,3427,81.638027,0.085547441,0.003913982,0.415354243,-0.656331271
2016-11-29,3525.90 ,3583.72 ,3521.38 ,3564.04 ,3548.76 ,23691835600,23691835600,248322.82,88.63,87.36,23.328,3516.778,3477.695,3400.394667,194266.6668,123.04,47.76725,1.34,3558.99,3298.84,3449,89.09052565,0.08649919,0.00819209,0.469638417,-0.478492292
2016-11-30,3557.64 ,3567.07 ,3527.02 ,3538.00 ,3547.43 ,17856017800,17856017800,190681.23,83.54,86.09,20.2962,3529.432,3488.536,3407.786667,198153.4891,108,48.801095,0.24,3569.76,3308.53,3476,93.28179936,0.085939692,-0.007306146,0.392780987,-0.805123665
2016-12-01,3543.96 ,3575.97 ,3543.25 ,3565.04 ,3557.06 ,18017076100,18017076100,199637.74,85.4,85.86,20.012,3544.692,3501.386,3416.001333,205066.747,92.44,48.490885,0.57,3586.34,3311.95,3498,99.1607644,0.084311535,0.007641321,0.284615952,-0.951984258
2016-12-02,3559.77 ,3562.55 ,3516.79 ,3528.95 ,3542.02 ,19635548000,19635548000,203742.15,77.27,83,13.3615,3546.222,3512.535,3422.708333,212448.7403,95.15,48.138885,-0.49,3591.83,3323.93,3515,102.8208812,0.094017925,-0.01012088,0.133949791,-1.065558934
2016-12-05,3473.69 ,3496.88 ,3457.34 ,3469.41 ,3474.33 ,18085235500,18085235500,190175.06,54.7,73.56,0.0459,3533.088,3515.365,3426.102667,206511.7992,112.21,49.09444,-1.8,3588.73,3338.32,3576,102.5943171,0.116876101,-0.016873949,0.110892815,-0.910096765
2016-12-06,3466.24 ,3477.59 ,3456.81 ,3459.15 ,3464.95 ,11552909000,11552909000,125727.75,37.08,61.4,-10.4594,3512.11,3514.444,3429.159333,181992.7866,111.95,48.05335,-1.51,3585.4,3350.45,3574,102.7695313,0.117528212,-0.002955548,0.111619052,-0.677174612
2016-12-07,3458.37 ,3475.75 ,3445.76 ,3475.75 ,3463.91 ,11434510300,11434510300,115282.19,31.97,51.59,-15.2005,3499.66,3514.546,3433.191,166912.9799,131.75,47.0021,-0.68,3578.35,3369.77,3569,101.8878247,0.115403844,0.004797128,0.390764366,-0.974242591
2016-12-08,3481.81 ,3484.34 ,3466.51 ,3470.14 ,3475.70 ,11738392200,11738392200,119188.51,27.2,43.46,-18.8804,3480.68,3512.686,3437.339,150823.1331,139.94,44.884505,-0.3,3574.72,3381.35,3562,99.43950846,0.110485473,-0.001612517,0.516402061,-0.973381442
2016-12-09,3464.87 ,3507.93 ,3461.76 ,3493.70 ,3482.07 ,15030330800,15030330800,152674.87,29.72,38.88,-17.9359,3473.63,3509.926,3442.458,140609.6771,146.3,44.80455,0.58,3574.38,3389.34,3555,97.64014304,0.109705348,0.006788712,0.44832502,-0.933165391
2016-12-12,3489.27 ,3495.80 ,3400.79 ,3409.18 ,3448.76 ,18746775100,18746775100,199163.54,21.41,33.06,-27.8965,3461.584,3497.336,3444.888,142407.3729,156.18,46.06884,-1.51,3576.23,3385.38,3548,91.72362089,0.141765892,-0.024192401,0.349485927,-0.912480639
2016-12-13,3394.21 ,3416.21 ,3370.60 ,3405.04 ,3396.52 ,12110509700,12110509700,124454.19,19.86,28.66,-33.8471,3450.762,3481.436,3446.421,142152.66,144.84,47.010675,-1.32,3578.37,3380.76,3536,85.90960984,0.141799784,-0.001215512,0.251754714,-0.909424073
2016-12-14,3399.41 ,3412.28 ,3378.27 ,3378.95 ,3392.23 ,12400774400,12400774400,126182.67,14.69,24,-39.6969,3431.402,3465.531,3447.941,144332.7551,142.55,48.11278,-1.53,3583.52,3370.54,3520,78.73464435,0.144152738,-0.00766224,0.013431265,-0.740957601
2016-12-15,3363.86 ,3378.04 ,3327.14 ,3340.43 ,3352.37 ,11496066000,11496066000,121507.81,12.24,20.08,-46.6728,3405.46,3443.07,3447.119,144796.6156,139.03,49.417875,-1.91,3593.99,3350.47,3505,70.94683213,0.148599579,-0.011397491,-0.370661862,-0.281425638
2016-12-16,3335.36 ,3356.29 ,3330.49 ,3346.03 ,3342.04 ,9077542200,9077542200,98112.21,11.65,17.27,-48.2512,3375.926,3424.778,3446.847667,133884.0835,128.83,49.36324,-0.89,3600.92,3336.39,3483,62.64548553,0.148140233,0.001675441,-0.482151028,-0.427960829
2016-12-19,3342.34 ,3344.86 ,3325.00 ,3328.98 ,3335.30 ,8164067800,8164067800,86095.69,8.49,14.34,-49.1448,3359.886,3410.735,3445.927333,111270.5141,134.78,47.80312,-0.92,3609.03,3317.07,3465,52.54416125,0.145700236,-0.005094933,-0.508757,-0.71668558
2016-12-20,3328.30 ,3329.10 ,3289.27 ,3309.06 ,3313.93 ,8756959200,8756959200,88527.35,8.68,12.45,-49.8167,3340.69,3395.726,3443.858667,104085.1455,143.06,46.93788,-0.95,3616.42,3293.75,3445,41.63371319,0.141924742,-0.00598339,-0.453430081,-0.989744016
2016-12-21,3313.75 ,3342.48 ,3313.75 ,3338.54 ,3327.13 ,10825499500,10825499500,106205.49,13.3,12.73,-43.8956,3332.608,3382.005,3443.375,100089.7087,120.14,47.11146,0.18,3617.42,3279.13,3420,32.04181753,0.146787737,0.008906416,-0.278206362,-1.333146713
2016-12-22,3335.12 ,3340.36 ,3322.72 ,3335.67 ,3333.47 ,9227724900,9227724900,92564.88,16.35,13.94,-38.1815,3331.656,3368.558,3441.543667,94301.1219,122.27,46.3223,0.12,3615.81,3265.44,3399,21.15840665,0.145144363,-0.000857861,-0.088408145,-1.528902666
2016-12-23,3333.40 ,3334.89 ,3300.88 ,3307.60 ,3319.19 ,9744471300,9744471300,99575.47,15.71,14.53,-36.0261,3323.97,3349.948,3437.889667,94593.7751,117.4,45.15501,-0.49,3610.39,3249.48,3382,8.72640632,0.140019315,-0.008415965,0.086591764,-1.523647509
2016-12-26,3293.22 ,3322.42 ,3267.05 ,3322.40 ,3301.27 ,8979398200,8979398200,95493.22,23.18,17.41,-30.6603,3322.654,3341.27,3434.294667,96473.2804,122.4,43.453035,-0.01,3598.73,3239.87,3367,-3.791903996,0.140405205,0.004474998,0.290286421,-1.410315957
2016-12-27,3319.21 ,3330.23 ,3315.83 ,3316.39 ,3320.42 ,7548635900,7548635900,79617.13,30.27,21.7,-26.1499,3324.12,3332.405,3430.512,94691.2378,118.99,43.49526,-0.23,3578.29,3235.55,3349,-14.6830988,0.134118695,-0.001810558,0.435238915,-1.280480036
2016-12-28,3315.75 ,3320.55 ,3293.17 ,3301.89 ,3307.84 ,6900043700,6900043700,71759.84,33.19,25.53,-23.436,3316.79,3324.699,3426.255333,87802.1087,112.89,42.5794,-0.45,3560.91,3229.32,3334,-27.10630886,0.133436813,-0.004371175,0.608613757,-0.96545465
2016-12-29,3297.04 ,3312.11 ,3288.10 ,3297.76 ,3298.75 ,7008792300,7008792300,75972.96,35.29,28.78,-20.6135,3309.208,3320.432,3421.629333,84483.7252,104.76,41.33291,-0.35,3532.25,3231.25,3322,-37.31048841,0.127254299,-0.001248952,0.612162757,-1.14900294
2016-12-30,3302.60 ,3313.55 ,3295.75 ,3310.08 ,3305.50 ,7174411600,7174411600,76921.37,42.54,33.37,-15.7242,3309.704,3316.837,3418.05,79952.9044,112.28,40.31752,0.01,3507.43,3234.18,3314,-43.41128899,0.127726561,0.003734651,0.704443284,-1.144295002
2017-01-03,3313.95 ,3345.26 ,3313.95 ,3342.23 ,3328.85 ,8656789600,8656789600,87612.77,60.4,42.38,-7.229,3313.67,3318.162,3414.754,78376.8135,111.03,40.816075,0.86,3493.37,3235.52,3288,-47.08702954,0.124521678,0.009711666,0.953944716,-0.52664786
2017-01-04,3340.56 ,3369.57 ,3338.15 ,3368.31 ,3354.15 ,9005082700,9005082700,98014.36,73.19,52.65,2.3228,3324.054,3324.087,3411.419,82056.258,100.91,42.557525,1.33,3480.94,3238.87,3289,-50.10445807,0.129020696,0.007804526,1.179472176,0.296693023
2017-01-05,3368.34 ,3373.41 ,3361.46 ,3367.79 ,3367.75 ,8833635700,8833635700,91189.34,80.37,61.89,8.6356,3337.234,3327.012,3407.854333,85942.158,111.19,42.820925,0.92,3462.75,3246.27,3292,-52.71690516,0.127091777,-0.000155122,1.409639934,1.555393434
2017-01-06,3366.85 ,3368.87 ,3346.89 ,3347.67 ,3357.57 ,8745911400,8745911400,91072.26,78.84,67.54,10.0661,3347.216,3328.212,3403.152,88962.0173,114.07,41.990675,0.01,3441.94,3254.83,3297,-57.3827549,0.128055265,-0.005975047,1.738411381,3.874090219
2017-01-09,3345.75 ,3366.22 ,3344.35 ,3363.90 ,3355.06 ,8370794200,8370794200,87916.12,82.18,72.42,12.978,3357.98,3333.842,3397.905333,91160.9666,100.3,40.77609,0.18,3406.55,3277.24,3302,-56.77751716,0.126519191,0.004849617,0.639861257,-0.233292128
2017-01-10,3361.64 ,3370.51 ,3354.09 ,3358.27 ,3361.13 ,8381916000,8381916000,82533.97,82.2,75.68,13.8462,3361.188,3337.429,3392.011667,90145.2064,106.07,37.333525,-0.09,3396.41,3282.29,3306,-56.2768363,0.094287609,-0.001673593,0.472901086,-0.174939547
2017-01-11,3355.80 ,3366.63 ,3334.30 ,3334.50 ,3347.81 ,9107143800,9107143800,86750.46,72.93,74.77,11.041,3354.426,3339.24,3384.360333,87892.4268,99.5,36.669255,-0.59,3383.78,3287.86,3310,-55.68548949,0.096951423,-0.007079892,0.087936412,-0.980239757
2017-01-12,3332.69 ,3343.13 ,3315.96 ,3317.62 ,3327.35 ,8123913500,8123913500,75031.89,58.01,69.18,6.9346,3344.392,3340.813,3377.014333,84660.9362,107.62,35.94331,-0.8,3376.79,3288.72,3314,-54.04170001,0.094996452,-0.005059626,0.108493285,-1.052732588
2017-01-13,3317.96 ,3338.17 ,3309.37 ,3319.91 ,3321.35 ,8418058900,8418058900,84556.1,44.16,60.84,4.659,3338.84,3343.028,3368.843333,83357.7051,100.31,34.838615,-0.57,3375.96,3287.5,3309,-52.64553001,0.086516611,0.00068968,0.247872724,-1.051732504
2017-01-16,3314.15 ,3322.78 ,3264.21 ,3319.45 ,3305.15 ,15777913500,15777913500,153262.52,46.3,55.99,3.2885,3329.95,3343.965,3361.86,96426.9861,106.45,36.30992,-0.32,3374.42,3286.38,3264,-50.49011351,0.086204422,-0.000140576,0.426831201,-0.911986656
2017-01-17,3305.60 ,3327.38 ,3292.20 ,3326.36 ,3312.89 ,6945332800,6945332800,74754.51,49.84,53.94,3.4904,3323.568,3342.378,3357.091667,94871.0942,103.76,38.47541,0.08,3374.33,3286.21,3270,-47.10099784,0.08476027,0.002081914,0.445385279,-0.907053547
2017-01-18,3323.34 ,3350.96 ,3320.41 ,3339.37 ,3333.52 ,7062322700,7062322700,75680.68,56.79,54.89,5.4378,3324.542,3339.484,3353.099,92657.1383,91.17,39.421585,0.45,3374.84,3288.73,3275,-44.70448294,0.082788853,0.003910886,0.3023783,-0.866129809
2017-01-19,3330.95 ,3346.50 ,3324.68 ,3329.29 ,3332.86 ,6615980800,6615980800,63869.71,58.27,56.02,5.4177,3326.876,3335.634,3348.217,90424.7027,65.69,38.065675,0.07,3374.27,3288.37,3281,-42.7884038,0.077345467,-0.0030174,0.374507351,-0.80411426
2017-01-20,3326.98 ,3358.41 ,3326.37 ,3354.89 ,3341.66 ,6530046200,6530046200,70831.32,67.28,59.77,8.7072,3333.872,3336.356,3344.375333,87679.7473,57.89,38.42122,0.63,3376.49,3288.08,3286,-38.28448361,0.08206081,0.007689329,0.269036735,-1.081002177
2017-01-23,3359.05 ,3378.74 ,3355.85 ,3364.08 ,3364.43 ,7555749800,7555749800,76492.66,73.92,64.49,11.7842,3342.798,3336.374,3340.054667,72325.7753,91.08,39.33899,0.64,3379.88,3290.33,3294,-34.28624943,0.075615109,0.002739793,0.081951951,-1.19975776
2017-01-24,3363.14 ,3371.32 ,3355.90 ,3364.45 ,3363.70 ,6619422600,6619422600,66049.65,78.46,69.14,13.4142,3350.416,3336.992,3338.563667,70584.8044,110.05,37.34396,0.42,3383.4,3291.02,3304,-30.16865195,0.074421844,0.000110015,-0.100001264,-1.315152507
2017-01-25,3361.66 ,3376.44 ,3357.22 ,3375.90 ,3367.81 ,5837693100,5837693100,62483.4,84.81,74.37,15.4353,3357.722,3341.132,3337.592333,67945.3481,112.7,35.21187,0.54,3388.35,3292.02,3313,-24.95944436,0.074453401,0.003404211,-0.221928805,-1.208144883
2017-01-26,3378.26 ,3395.88 ,3378.26 ,3387.96 ,3385.09 ,6531664700,6531664700,66488.82,87.87,78.87,17.6384,3369.456,3348.166,3337.892667,68469.17,102.56,35.776545,0.55,3393.62,3295.36,3321,-19.20168214,0.072304978,0.00357131,-0.147628761,-0.905321076
2017-02-03,3390.93 ,3392.48 ,3362.57 ,3364.49 ,3377.62 ,5518886100,5518886100,57113.85,81.82,79.85,15.265,3371.376,3352.624,3338.694667,65725.6758,101.49,36.07129,-0.2,3392.45,3303.2,3331,-15.52102303,0.077596207,-0.00692697,-0.120217914,-1.108369709
2017-02-06,3368.11 ,3381.33 ,3358.75 ,3373.21 ,3370.35 ,6852136000,6852136000,73408.14,77.87,79.19,14.2212,3373.202,3358,3339.600667,65108.7707,120.01,35.92776,0,3393.23,3308.73,3340,-13.19607688,0.077168959,0.002589633,-0.208638466,-1.130313697
2017-02-07,3371.77 ,3376.71 ,3354.63 ,3365.68 ,3367.20 ,6375446200,6375446200,69758.18,71.11,76.5,11.9592,3373.448,3361.932,3340.824,65850.4762,122.28,34.55642,-0.23,3394.68,3309.63,3348,-12.66761304,0.07061472,-0.002229393,-0.365207847,-1.103818653
2017-02-08,3361.78 ,3383.69 ,3347.43 ,3383.29 ,3369.05 ,7540287900,7540287900,82869.74,74.7,75.9,12.2335,3374.926,3366.324,3343.298333,69927.7442,122.69,33.588585,0.25,3397.12,3308.68,3347,-11.25930238,0.067565762,0.005230109,-0.297387279,-1.151929013
2017-02-09,3381.90 ,3406.59 ,3379.79 ,3396.29 ,3391.14 ,9755851500,9755851500,102134.23,77.33,76.37,13.467,3376.592,3373.024,3345.223333,77056.8263,128.29,34.783555,0.58,3402.25,3306.41,3354,-8.265042266,0.068745681,0.003843776,-0.098987862,-1.042671264
2017-02-10,3398.32 ,3422.33 ,3398.03 ,3413.49 ,3408.04 ,12376872000,12376872000,121908.58,80.95,77.9,15.7424,3386.392,3378.884,3347.817333,90015.7717,133.49,35.81152,0.8,3412.2,3303.04,3362,-5.372520152,0.06620831,0.005062697,0.125600315,-0.654369994
2017-02-13,3416.92 ,3439.54 ,3416.87 ,3436.28 ,3427.40 ,12014453800,12014453800,125333,86.12,80.64,19.2292,3399.006,3386.104,3352.106667,100400.7445,130.28,36.79347,1.1,3426.18,3296.3,3373,-1.203724145,0.067905994,0.00667593,0.532185558,-0.009004109
2017-02-14,3438.51 ,3440.67 ,3424.40 ,3435.80 ,3434.85 ,9480946500,9480946500,98537.17,89.01,83.43,20.2785,3413.03,3393.239,3355.886667,106156.5418,132.2,36.675585,0.67,3438.07,3292.16,3386,3.921902062,0.067299865,-0.000137009,0.519173803,-0.427703305
2017-02-15,3435.39 ,3448.03 ,3417.08 ,3421.71 ,3430.55 ,12764333800,12764333800,124653.18,83.95,83.6,17.9617,3420.714,3397.82,3359.397333,114513.2306,130.51,36.606455,0.03,3445.11,3293.85,3397,8.930256959,0.06314349,-0.004101252,0.30699982,-0.797820293
2017-02-16,3421.83 ,3440.93 ,3418.35 ,3440.93 ,3430.51 ,10827696200,10827696200,101809.77,86.95,84.72,17.8672,3429.642,3403.117,3364.032,114448.3383,130.33,36.440805,0.33,3453.54,3297.74,3407,14.53478911,0.060173832,0.005617069,0.247661892,-0.913537132
2017-02-17,3443.62 ,3457.56 ,3419.61 ,3421.44 ,3435.56 ,11460003600,11460003600,118033.13,80.37,83.27,14.189,3431.232,3408.812,3368.154667,113673.2482,126.44,36.96105,-0.29,3456.53,3304.9,3415,18.90786966,0.065757094,-0.00566451,0.108426776,-1.015740795
2017-02-20,3421.64 ,3472.60 ,3421.64 ,3471.39 ,3446.82 ,13262886200,13262886200,134681.51,86.59,84.37,17.2881,3438.254,3418.63,3373.531667,115542.9495,101.59,36.68177,0.96,3468.6,3308.03,3422,25.21429117,0.079894908,0.014599313,0.334478958,-0.653436712
2017-02-21,3475.06 ,3490.09 ,3472.02 ,3482.82 ,3480.00 ,11484200900,11484200900,120675.43,88.86,85.87,19.5167,3447.658,3430.344,3378.218,119970.6023,113.62,36.945395,1.02,3481.34,3310.93,3432,31.12646161,0.079978148,0.003292742,0.478726317,-0.552112474
2017-02-22,3483.20 ,3489.95 ,3473.52 ,3489.76 ,3484.11 ,10281599400,10281599400,109232.43,92.46,88.07,20.4653,3461.268,3440.991,3382.266333,116886.4515,116.56,34.90397,0.82,3494.15,3313.17,3443,37.59351853,0.079756997,0.001990828,0.473880922,-0.663810502
2017-02-23,3487.57 ,3492.96 ,3460.12 ,3473.32 ,3478.49 ,9953633000,9953633000,106555.92,86.37,87.5,17.5312,3467.746,3448.694,3385.784,117835.6825,118.32,35.241665,0.16,3499.33,3322.39,3453,41.63556761,0.081442304,-0.004708953,0.465599382,-1.118999921
2017-02-24,3468.96 ,3473.85 ,3455.25 ,3473.85 ,3467.98 ,9553513300,9553513300,99875.17,82.52,85.84,14.4432,3478.228,3454.73,3389.99,114204.0896,118.85,34.48525,-0.13,3505.43,3328.18,3455,45.04233423,0.078989321,0.000152045,0.298777864,-1.371434887
2017-02-27,3471.13 ,3472.84 ,3441.39 ,3446.22 ,3457.90 ,9867216000,9867216000,106830.88,67.81,79.83,7.7936,3473.194,3455.724,3392.734,108633.9634,123.02,33.4391,-0.78,3506.82,3335.01,3493,46.87881252,0.086052259,-0.007953391,0.135233812,-1.371370091
2017-02-28,3445.03 ,3460.91 ,3441.36 ,3452.81 ,3450.03 ,7521526000,7521526000,81979.31,60.6,73.42,3.6101,3467.192,3457.425,3395.885333,100894.739,125.01,33.642975,-0.41,3508.04,3342.62,3492,48.38017689,0.085985288,0.001911513,-0.030318622,-1.319811403
2017-03-01,3452.21 ,3472.70 ,3449.11 ,3458.44 ,3458.12 ,10326035400,10326035400,109317.78,58.05,68.3,1.0608,3460.928,3461.098,3400.016667,100911.8101,133.44,34.182715,-0.07,3509.99,3348.93,3490,49.48501805,0.085640182,0.001629774,-0.235048431,-1.168599332
2017-03-02,3463.48 ,3468.47 ,3434.00 ,3435.10 ,3450.26 ,8989807700,8989807700,97876.19,44.99,60.53,-4.0304,3453.284,3460.515,3403.932667,99175.8632,130.7,33.97289,-0.53,3509.96,3353.67,3488,50.54096714,0.089633764,-0.006749088,-0.388358597,-0.871117074
2017-03-03,3424.66 ,3428.88 ,3412.83 ,3427.86 ,3423.56 ,8099465200,8099465200,90009.62,36.25,52.43,-8.384,3444.086,3461.157,3407.531,97202.754,138.86,33.27985,-0.47,3506.49,3363.48,3485,50.74680379,0.085720475,-0.002105763,-0.412685744,-0.52620384
2017-03-06,3427.25 ,3449.03 ,3425.90 ,3446.48 ,3437.17 ,8307088200,8307088200,95178.55,38.16,47.68,-8.7273,3444.138,3458.666,3411.765333,94872.2888,153.08,33.96084,0.07,3504.08,3373.22,3479,52.2494186,0.087023994,0.005432306,-0.517279957,0.024195548
2017-03-07,3446.16 ,3454.04 ,3440.06 ,3453.96 ,3448.56 ,8033472000,8033472000,94483.82,42.55,45.97,-7.9409,3444.368,3455.78,3416.018667,97373.1922,157.96,34.263325,0.28,3498.99,3387.14,3474,53.17038267,0.086204083,0.002168152,-0.31052307,-0.169160606
2017-03-08,3452.20 ,3457.04 ,3441.26 ,3448.73 ,3449.81 ,7958769000,7958769000,89124.91,47.98,46.64,-8.0918,3442.426,3451.677,3419.664,93334.6168,161.73,33.299425,0.18,3494.68,3397.99,3469,53.13380853,0.085449947,-0.001512816,-0.049690373,-0.323354731
2017-03-09,3442.90 ,3443.05 ,3414.68 ,3426.94 ,3431.89 ,8457038100,8457038100,90090.05,39.82,44.37,-10.9175,3440.794,3447.039,3422.919,91777.3891,162.54,31.75986,-0.4,3491.21,3404.52,3464,51.14996811,0.088482084,-0.006317541,0.372887193,-0.743064596
2017-03-10,3423.98 ,3436.24 ,3423.94 ,3427.89 ,3428.01 ,7001619900,7001619900,82161.72,34.93,41.22,-12.3443,3440.8,3442.443,3425.352333,90207.8084,167.89,30.71097,-0.38,3489.96,3407.21,3460,48.1732997,0.086796489,0.000276573,0.528425108,-0.7599393
2017-03-13,3425.67 ,3458.10 ,3412.69 ,3458.10 ,3438.64 ,9168412400,9168412400,108489.14,48.51,43.65,-9.0567,3443.124,3443.631,3428.486333,92869.9269,144.3,30.90579,0.43,3490.84,3408.52,3413,46.87932472,0.089176841,0.008811947,0.378201591,-0.829145646
2017-03-14,3456.66 ,3465.39 ,3448.90 ,3456.69 ,3456.91 ,7707796300,7707796300,95317.56,58.64,48.65,-7.0018,3443.67,3444.019,3431.561,93036.6748,157.29,32.35096,0.38,3491.46,3409.99,3414,46.28437348,0.089200121,-0.000406177,0.23992953,-0.811412033
2017-03-15,3452.21 ,3463.92 ,3445.27 ,3463.64 ,3456.26 ,7910495400,7910495400,94056.26,71.32,56.2,-4.7442,3446.652,3444.539,3434.485667,94022.9452,163.64,31.73598,0.49,3491.53,3414.1,3416,45.10567981,0.087818863,0.00201065,0.131218367,-0.712868357
2017-03-16,3472.27 ,3492.13 ,3472.27 ,3481.51 ,3479.55 ,10633391300,10633391300,124695.57,76.42,62.94,-1.0734,3457.566,3449.18,3437.604,100944.0501,138.51,32.886335,0.69,3495.16,3414.54,3418,45.85363082,0.08748843,0.005157286,-0.039859785,-0.910800999
2017-03-17,3485.31 ,3488.50 ,3441.47 ,3445.81 ,3465.27 ,10375556000,10375556000,122368.92,64.85,63.58,-3.5441,3461.15,3450.975,3440.314667,108985.4908,154.61,33.277515,-0.44,3493.5,3418.64,3422,42.28157428,0.093236931,-0.010254612,0.058927969,-0.786550489
2017-03-20,3449.05 ,3454.06 ,3429.83 ,3449.61 ,3445.64 ,8873432200,8873432200,103769.4,58.72,61.96,-4.6851,3459.452,3451.288,3442.861333,108041.5434,155.41,31.839935,-0.28,3491.79,3418.16,3426,38.50697556,0.077008026,0.001104967,0.223103512,-0.595142592
2017-03-21,3449.77 ,3466.70 ,3445.64 ,3466.35 ,3457.12 ,8770785500,8770785500,113528.2,61.66,61.86,-3.2705,3461.384,3452.527,3446.217,111683.6708,157.55,30.26169,0.14,3489.03,3419.27,3430,35.41113178,0.078159285,0.004851038,0.198099456,-0.313214705
2017-03-22,3450.75 ,3464.33 ,3433.50 ,3450.05 ,3449.66 ,10493589400,10493589400,123865.64,56.79,60.17,-4.538,3458.666,3452.659,3448.442333,117645.5476,160.85,30.90691,-0.25,3482.77,3421.56,3434,32.47690519,0.079240285,-0.004701376,-0.009490654,-0.35879352
2017-03-23,3452.41 ,3470.82 ,3435.69 ,3461.98 ,3455.23 ,9431806200,9431806200,115813.81,58.54,59.63,-3.8065,3454.76,3456.163,3450.632,115869.1956,148.38,31.13058,0.21,3480.95,3422.25,3436,30.25938493,0.07887498,0.003457341,-0.039609332,-0.095780601
2017-03-24,3464.20 ,3499.32 ,3461.11 ,3489.60 ,3478.56 ,12564583300,12564583300,141752.53,67.7,62.32,0.1508,3463.518,3462.334,3453.169,119745.9172,124.2,33.3819,0.75,3484.92,3419.85,3438,30.91526069,0.08397674,0.007978531,0.405251192,0.523011278
2017-03-27,3488.76 ,3505.98 ,3474.52 ,3478.04 ,3486.83 ,10701537700,10701537700,124388.01,66.23,63.62,0.9214,3469.204,3464.328,3454.561,123869.6389,134.04,34.053215,0.25,3488.31,3419.65,3443,30.63090765,0.07943562,-0.003313045,0.233049702,-0.07978624
2017-03-28,3480.25 ,3482.29 ,3461.47 ,3469.81 ,3473.46 ,8419482000,8419482000,97495.94,61.66,62.97,0.0772,3469.896,3465.64,3455.694667,120663.1863,123.81,34.11694,0,3489.87,3419.79,3449,29.66794727,0.079850377,-0.002366046,0.100425361,-0.348049027
2017-03-29,3472.97 ,3483.06 ,3455.55 ,3465.19 ,3469.19 ,10485170600,10485170600,114663.47,56.58,60.84,-1.2743,3472.924,3465.795,3457.144,118822.7519,123.99,33.925285,-0.22,3490.48,3419.85,3455,29.68939991,0.07986166,-0.001330333,0.04564216,-0.445404421
2017-03-30,3461.62 ,3467.30 ,3422.37 ,3436.76 ,3447.01 ,11637692200,11637692200,122088.02,43.46,55.05,-5.909,3467.88,3461.32,3457.005,120077.5935,107.96,34.44873,-0.9,3490.37,3420.13,3506,28.64968991,0.081685451,-0.008205978,0.050561593,-0.414756536
2017-03-31,3434.82 ,3456.31 ,3430.82 ,3456.05 ,3444.50 ,9157749100,9157749100,100984.91,42.4,50.83,-6.2544,3461.17,3462.344,3458.158667,111924.0691,110.45,35.343125,-0.15,3489.33,3423.99,3504,27.69528042,0.083574361,0.005612121,0.050114752,-0.01990891
2017-04-05,3476.42 ,3504.54 ,3475.15 ,3503.89 ,3490.00 ,14339901700,14339901700,160742.98,60.77,54.14,-0.2349,3466.34,3467.772,3459.242,119195.0629,99.09,37.218885,1.08,3498.01,3421.05,3422,28.8073514,0.094690643,0.013844638,0.403479024,0.42715238
2017-04-06,3507.99 ,3517.78 ,3495.72 ,3514.05 ,3508.89 ,13676700400,13676700400,145221.64,72.54,60.28,4.6496,3475.188,3472.542,3460.283,128740.204,113.45,37.943625,1.12,3507.94,3417.13,3424,30.63276383,0.094862321,0.002897834,0.612285697,0.362805999
2017-04-07,3514.45 ,3526.82 ,3506.39 ,3517.46 ,3516.28 ,14029320400,14029320400,144559.68,78.71,66.42,7.6945,3485.642,3479.283,3461.206333,134719.4455,113.46,38.64926,0.91,3517.03,3414.91,3428,33.62710563,0.094445873,0.000972241,0.570732682,-0.086368842
2017-04-10,3519.46 ,3522.80 ,3502.08 ,3505.14 ,3512.37 ,14188738000,14188738000,155747.84,78.89,70.57,7.4016,3499.318,3483.599,3462.267,141451.4081,109.74,38.26654,0.17,3520.33,3419.43,3434,35.80813035,0.092040144,-0.003503718,0.506247006,-0.496370198
2017-04-11,3503.83 ,3520.13 ,3466.14 ,3517.33 ,3501.86 ,16594583200,16594583200,189457.27,82.9,74.68,8.1433,3511.574,3486.372,3463.716333,159145.8808,127.13,39.888135,0.16,3524.98,3423.72,3439,36.97922384,0.092346256,0.003477408,0.557311871,-0.940445736
2017-04-12,3514.57 ,3523.10 ,3498.00 ,3509.44 ,3511.28 ,18182453700,18182453700,202154.57,83.05,77.47,6.9133,3512.684,3489.512,3465.823667,167428.1989,126.24,40.465555,-0.09,3529.26,3424.58,3445,37.76752764,0.088711425,-0.002242981,0.331405169,-1.280628804
2017-04-13,3500.28 ,3518.44 ,3496.57 ,3514.57 ,3507.47 ,12998181300,12998181300,133345.93,84.79,79.91,6.1579,3512.788,3493.988,3467.882333,165053.0558,119.57,38.923805,0.05,3533.82,3425.81,3449,38.42528126,0.088639782,0.00146106,0.126112621,-1.457777197
2017-04-14,3516.81 ,3517.47 ,3476.95 ,3486.50 ,3499.43 ,13547407800,13547407800,130425.39,75.86,78.56,1.488,3506.596,3496.119,3468.817667,162226.1978,127.3,40.01721,-0.57,3534.49,3427.43,3454,36.7539122,0.093861361,-0.007984399,0.000861463,-1.407396801
2017-04-17,3475.74 ,3480.57 ,3453.68 ,3479.94 ,3472.48 ,11716496100,11716496100,123884.37,62.54,73.22,-2.6484,3501.556,3500.437,3470.312333,155853.5051,124.14,39.01894,-0.62,3534.41,3427.35,3454,36.62304659,0.09238315,-0.001882344,0.010602431,-1.407503033
2017-04-18,3474.89 ,3489.08 ,3462.63 ,3462.74 ,3472.34 ,11092782300,11092782300,126790.85,45.82,64.09,-7.5858,3490.638,3501.106,3471.475,143320.2221,112.54,38.43795,-0.8,3533.42,3430.03,3458,35.44840926,0.086227937,-0.004942267,0.028401414,-1.329718532
2017-04-19,3452.99 ,3459.35 ,3418.51 ,3445.88 ,3444.18 ,12134926400,12134926400,127050.36,38.97,55.72,-12.7056,3477.926,3495.305,3471.455,128299.3803,107.48,39.26799,-0.92,3533.75,3429.33,3517,32.6524538,0.088036747,-0.004870936,0.008840221,-1.323918566
2017-04-20,3444.52 ,3465.61 ,3440.72 ,3461.55 ,3453.10 ,11418420800,11418420800,133977.26,39.7,50.38,-13.4905,3467.322,3490.055,3471.708,128425.6462,95.95,39.77887,-0.17,3533.85,3428.75,3515,31.59472611,0.08782066,0.004548045,0.02466076,-1.363637142
2017-04-21,3461.39 ,3475.56 ,3449.54 ,3466.79 ,3463.32 ,10441911000,10441911000,115208.83,41.85,47.54,-12.8176,3463.38,3484.988,3472.31,125382.3354,108.19,39.979555,0.1,3533.1,3431.17,3514,30.2554048,0.086220647,0.001513311,0.014571624,-1.246907774
2017-04-24,3458.23 ,3458.23 ,3403.98 ,3431.26 ,3437.93 ,11466079100,11466079100,122778.15,35.54,43.54,-16.4408,3453.644,3477.6,3472.454,125161.092,127.06,40.82614,-0.65,3535.79,3425.4,3512,25.82558456,0.092984932,-0.01024805,-0.146393255,-1.125409017
2017-04-25,3427.73 ,3449.67 ,3422.65 ,3440.97 ,3435.26 ,9407214800,9407214800,107599.36,34.46,40.51,-16.7551,3449.29,3469.964,3472.89,121322.7928,124.57,39.929425,-0.24,3535.92,3420.42,3507,22.68109533,0.088525305,0.002831497,0.000664171,-1.327784159
2017-04-26,3440.25 ,3466.57 ,3439.15 ,3445.18 ,3447.79 ,11194002900,11194002900,131316.58,35.08,38.7,-15.6427,3449.15,3463.538,3472.459333,122176.0362,116.98,39.88167,-0.12,3536.13,3416.92,3503,20.31573557,0.088211815,0.001223171,0.105258197,-1.47844738
2017-04-27,3435.10 ,3449.27 ,3399.54 ,3446.72 ,3432.66 ,12329842500,12329842500,134610.95,40.95,39.45,-13.9996,3446.184,3456.753,3472.127,122302.7741,114.12,41.3271,0.02,3536.4,3414.34,3499,18.37629379,0.087975669,0.00044613,0.170361191,-1.578650066
2017-04-28,3439.57 ,3439.90 ,3417.24 ,3439.75 ,3434.12 ,10163235100,10163235100,113761.01,42.27,40.39,-13.1642,3440.776,3452.078,3471.330667,122013.2091,109.55,41.97013,-0.03,3537.05,3411.14,3493,17.6072291,0.088113962,-0.0020214,0.207252135,-1.661908567
2017-05-02,3427.92 ,3436.31 ,3418.67 ,3426.58 ,3427.37 ,9279746200,9279746200,101635.86,40.03,40.27,-13.6402,3439.84,3446.742,3469.499667,117784.7499,116.18,40.67663,-0.39,3537.96,3409.21,3488,15.25342264,0.084196846,-0.003830624,0.149660052,-1.600106893
2017-05-03,3421.76 ,3432.22 ,3403.08 ,3413.13 ,3417.55 ,9166962400,9166962400,97854.12,32.65,37.73,-14.9179,3434.272,3441.781,3468.410333,115835.7023,121.33,40.437005,-0.62,3540.94,3401.95,3482,9.952501511,0.08234743,-0.003924734,0.024528298,-1.47787118
2017-05-04,3404.94 ,3421.40 ,3391.28 ,3404.39 ,3405.50 ,10348207500,10348207500,106985.95,26.95,34.14,-15.9959,3426.114,3437.632,3466.903,110969.577,125.39,38.25701,-0.63,3540.29,3392.64,3477,3.971851436,0.062561948,-0.002561228,0.082286274,-1.27235192
2017-05-05,3393.48 ,3395.45 ,3366.56 ,3382.55 ,3384.51 ,10989533300,10989533300,117464.94,23.3,30.52,-18.5278,3413.28,3429.732,3464.109667,107540.3753,131.35,37.570365,-0.9,3539.1,3380.68,3470,-2.972401136,0.062753222,-0.006414137,-0.032364839,-0.777613175
2017-05-08,3369.11 ,3374.16 ,3339.57 ,3358.81 ,3360.41 ,12374928700,12374928700,126885.43,20.58,27.21,-22.0386,3397.092,3418.934,3461.068333,110165.2593,131.41,37.744985,-1.13,3538.35,3365.57,3460,-10.14011608,0.064305986,-0.007017693,-0.293497543,-0.194130684
2017-05-09,3342.60 ,3358.05 ,3327.59 ,3352.53 ,3345.19 ,7677166800,7677166800,85528.83,19.7,24.71,-23.7,3382.282,3411.061,3457.42,106943.8539,116.53,38.23215,-0.88,3537.62,3351.04,3446,-17.87289028,0.064162546,-0.001869738,-0.335660982,-0.203335568
2017-05-10,3350.65 ,3369.43 ,3336.00 ,3337.70 ,3348.45 ,9208262800,9208262800,102194.98,15.9,21.77,-25.1526,3367.196,3400.734,3452.356667,107812.0262,117.5,37.624745,-0.88,3533.51,3337.19,3429,-25.56614576,0.060906316,-0.004424029,-0.463083243,-0.257801608
2017-05-11,3322.95 ,3359.60 ,3312.89 ,3356.65 ,3338.02 ,10925289000,10925289000,111576.38,22.09,21.88,-22.0292,3357.648,3391.881,3448.310333,108730.1115,115.25,37.11223,-0.03,3525.37,3330.05,3415,-32.18385347,0.067644618,0.005676123,-0.393307123,-0.592324237
2017-05-12,3350.94 ,3387.27 ,3349.17 ,3385.38 ,3368.19 ,9338646600,9338646600,97522.13,34.3,26.02,-14.9029,3358.214,3385.747,3445.496,104741.5485,130.58,39.73758,0.81,3511.53,3330.97,3399,-35.6309508,0.076779182,0.008559974,-0.482188387,-0.94872417
2017-05-15,3391.59 ,3406.58 ,3391.59 ,3399.19 ,3397.24 ,8297761100,8297761100,92183.33,46.98,33,-7.5117,3366.29,3381.691,3443.296,97801.1298,131.99,40.582295,0.98,3502.19,3331.58,3313,-37.88680326,0.075935705,0.004080784,-0.446711214,-0.991807042
2017-05-16,3390.93 ,3428.85 ,3373.55 ,3428.65 ,3405.50 ,10524241600,10524241600,112814.1,64.59,43.53,1.6728,3381.514,3381.898,3443.025667,103258.1841,118.65,42.002665,1.39,3494.58,3334.06,3315,-37.6971531,0.083587233,0.008665408,-0.548480749,-0.934725184
2017-05-17,3423.19 ,3433.97 ,3408.15 ,3409.97 ,3418.82 ,9973683700,9973683700,110553.45,69.79,52.29,5.3516,3395.968,3381.582,3441.489667,104929.8783,119.17,43.25311,0.41,3488.64,3334.72,3319,-37.60782044,0.083946632,-0.005449231,-0.509782125,-0.850952232
2017-05-18,3387.67 ,3409.93 ,3383.94 ,3398.11 ,3394.91 ,8575958900,8575958900,88091.17,69.99,58.19,6.245,3404.26,3380.954,3437.963667,100232.8357,119.11,42.511035,-0.18,3484.73,3333.85,3326,-38.89919942,0.083179672,-0.003475959,-0.376141269,-0.826165549
2017-05-19,3395.23 ,3405.94 ,3392.38 ,3403.85 ,3399.35 ,7147352500,7147352500,78397.08,71.7,62.69,7.5779,3407.954,3383.084,3434.290333,96407.8271,115.65,41.256785,-0.12,3477.73,3335.08,3333,-40.10110445,0.081396065,0.001688143,-0.358943514,-0.674475337
2017-05-22,3400.59 ,3424.18 ,3391.17 ,3411.24 ,3406.80 ,9253955900,9253955900,99021.12,74.88,66.75,9.3097,3410.364,3388.327,3430.749667,97775.3849,131.84,41.16457,0.03,3469.15,3338.11,3339,-39.09704923,0.081680549,0.002170925,-0.545817112,-0.636584798
2017-05-23,3405.03 ,3434.77 ,3401.53 ,3424.19 ,3416.38 ,11691103300,11691103300,126767.86,80.36,71.29,11.8891,3409.472,3395.493,3428.051333,100566.1354,123.39,40.631705,0.43,3468.24,3338.31,3344,-37.98121177,0.075001027,0.003797829,-0.544781778,-0.592872554
2017-05-24,3409.72 ,3424.17 ,3383.89 ,3424.17 ,3410.49 ,8355316100,8355316100,92620.05,82.78,75.12,13.1821,3412.312,3404.14,3424.946,96979.4542,121.57,40.36082,0.35,3465.76,3339.11,3352,-37.13296618,0.074202676,-7.91E-06,-0.581598799,-0.489314749
2017-05-25,3414.40 ,3490.42 ,3413.22 ,3485.66 ,3450.93 ,13072163100,13072163100,136634.02,87.16,79.13,21.4218,3429.822,3417.041,3424.153333,106688.0251,95.66,43.49144,1.63,3475.64,3333.28,3358,-33.32942287,0.098047532,0.017958003,0.04713407,0.341522092
2017-05-26,3479.62 ,3498.31 ,3473.04 ,3480.43 ,3482.85 ,10324115300,10324115300,112585.91,86.66,81.64,25.019,3445.138,3426.546,3423.015333,113525.7903,92.43,45.259295,1.02,3482.91,3329.38,3372,-29.62887672,0.098326711,-0.001498598,0.266505494,0.257419027
2017-05-31,3495.07 ,3515.08 ,3474.92 ,3492.88 ,3494.49 ,10482974400,10482974400,115968.73,85.47,82.92,27.7173,3461.466,3435.915,3423.228,116915.311,96.28,45.343115,0.91,3493.71,3323.89,3387,-24.83203789,0.098437648,0.00357714,0.457792725,0.054008808
2017-06-01,3485.22 ,3499.81 ,3476.43 ,3497.74 ,3489.80 ,10312772400,10312772400,116088.77,85.91,83.91,28.6789,3476.176,3442.824,3423.821333,114779.4931,84.34,45.634305,0.62,3505.93,3318.79,3405,-19.35993599,0.096931962,0.001389597,0.486596798,-0.39120876
2017-06-02,3491.59 ,3498.12 ,3470.20 ,3486.51 ,3486.61 ,8266801000,8266801000,92850.75,83.34,83.72,26.3825,3488.644,3450.478,3424.613667,114825.6334,74.51,45.572835,-0.06,3515.31,3316.75,3420,-14.28588919,0.096478026,-0.003210875,0.355463686,-0.870249096
2017-06-05,3480.17 ,3484.12 ,3462.31 ,3468.75 ,3473.84 ,7973815200,7973815200,85609.47,77.12,81.52,21.2708,3485.262,3457.542,3425.376,104620.7227,78.75,45.15742,-0.47,3521.07,3317.42,3433,-9.261414735,0.098152133,-0.005092087,0.18404678,-1.135385394
2017-06-06,3464.38 ,3492.88 ,3460.45 ,3492.88 ,3477.65 ,6408938800,6408938800,77868.79,79.11,80.72,19.9607,3487.752,3466.445,3426.420333,97677.3,87.88,45.33401,0.15,3530.11,3319.42,3445,-2.094888998,0.096288041,0.006955755,-0.00472679,-1.270348865
2017-06-07,3493.88 ,3537.09 ,3491.13 ,3533.87 ,3513.99 ,10441996800,10441996800,124189.29,85.37,82.27,23.2085,3495.95,3478.708,3428.656333,99321.4126,77.87,47.436935,1.08,3544.72,3322.31,3453,7.076825452,0.096903819,0.011735353,0.006137252,-0.993397848
2017-06-08,3531.24 ,3562.27 ,3528.18 ,3560.98 ,3545.67 ,9022490500,9022490500,112035.62,89.96,84.83,27.3183,3508.598,3492.387,3432.980333,98510.7833,76.18,49.471105,1.49,3562.04,3325.84,3466,17.88687918,0.097042715,0.007670567,0.149297104,-0.613849426
2017-06-09,3561.24 ,3590.89 ,3560.63 ,3576.17 ,3572.23 ,10118826500,10118826500,121700.59,89.54,86.4,30.1694,3526.53,3507.587,3437.487,104280.7512,71.17,50.514295,1.41,3576.92,3334.81,3483,27.96875522,0.093013586,0.004266159,0.398983775,-0.639371171
2017-06-12,3570.22 ,3603.69 ,3565.90 ,3574.39 ,3578.55 ,9038116700,9038116700,117690.8,86.21,86.34,29.8472,3547.658,3516.46,3441.794,110697.0182,80.39,50.33171,0.75,3589.39,3344.11,3505,36.02085246,0.093639844,-0.000497991,0.455383813,-0.933627023
2017-06-13,3569.16 ,3584.41 ,3559.21 ,3582.27 ,3573.76 ,7517713800,7517713800,94223.09,85.82,86.17,28.718,3565.536,3526.644,3446.312333,113967.8764,82.27,47.87273,0.47,3603.28,3349.91,3525,43.37349484,0.091485696,0.002204013,0.369448957,-1.131549468
2017-06-14,3571.25 ,3571.25 ,3530.27 ,3535.30 ,3552.02 ,8381078300,8381078300,106105.32,74.63,82.32,20.0759,3565.822,3530.886,3449.497333,110351.0827,75.3,47.05075,-0.86,3607.16,3359.64,3604,46.53730009,0.107503882,-0.013111444,0.192433757,-1.219028129
2017-06-15,3530.75 ,3542.28 ,3508.95 ,3528.79 ,3527.69 ,8263253500,8263253500,106053.9,65.66,76.77,12.2962,3559.384,3533.991,3452.904333,109154.739,65.39,45.95237,-0.86,3610.94,3365.87,3602,50.15178509,0.105295842,-0.001840325,-0.009258018,-1.200113213
2017-06-16,3522.97 ,3536.14 ,3514.39 ,3518.76 ,3523.07 ,7645270700,7645270700,91462.29,57.34,70.29,4.9876,3547.902,3537.216,3456.425333,103107.0789,72.16,44.291195,-0.82,3611.27,3376.42,3598,53.67661584,0.10341289,-0.002842757,-0.172741572,-0.982380127
2017-06-19,3520.06 ,3554.91 ,3520.06 ,3553.67 ,3537.18 ,7979714100,7979714100,98572.36,56.75,65.78,4.082,3543.758,3545.708,3461.401333,99283.3901,73.27,45.01739,0.28,3612.79,3390.46,3595,58.48359004,0.105599166,0.009919457,-0.301521421,-0.848185721
2017-06-20,3560.79 ,3563.70 ,3539.51 ,3546.49 ,3552.62 ,8050955900,8050955900,98187.6,51.04,60.87,1.8556,3536.602,3551.069,3466.866,100076.2922,77.49,46.09871,0.28,3611.49,3406.02,3591,62.32217554,0.106670105,-0.002018001,-0.405667192,-0.637490767
2017-06-21,3567.13 ,3587.99 ,3545.57 ,3587.96 ,3572.16 ,8785982400,8785982400,117147.8,61.83,61.19,5.1234,3547.134,3556.478,3474.504333,102284.7877,82.96,46.87214,1.15,3615.29,3419.9,3588,67.39411676,0.111954583,0.011690701,-0.367065854,-0.581918878
2017-06-22,3583.56 ,3635.53 ,3581.34 ,3590.34 ,3597.69 ,13552698700,13552698700,169418.8,62.65,61.67,6.6625,3559.444,3559.414,3482.431333,114957.7681,82.74,49.190605,0.87,3618.27,3433.54,3520,72.33319093,0.112035751,0.000665421,-0.328426084,-0.577760902
2017-06-23,3583.44 ,3623.24 ,3569.32 ,3622.88 ,3599.72 ,10512913400,10512913400,133975.11,71.77,65.04,10.8717,3580.268,3564.085,3491.937333,123460.3332,78.88,49.872505,1.19,3624.81,3446.86,3522,75.57778138,0.114061973,0.009063369,0.180269998,-1.057509761
2017-06-26,3627.02 ,3671.94 ,3627.02 ,3668.09 ,3648.52 ,13463799500,13463799500,170736.84,80.39,70.16,18.1263,3603.152,3573.455,3502.318667,137893.2299,76.09,49.677285,1.8,3648.49,3441.43,3525,81.18176231,0.105984865,0.01247868,0.549178847,0.093495549
2017-06-27,3665.58 ,3676.53 ,3648.76 ,3674.72 ,3666.40 ,9755870200,9755870200,123057.23,86.57,75.63,21.9438,3628.798,3582.7,3511.963333,142867.1572,76.92,47.898375,1.27,3668.65,3440.7,3531,86.2142092,0.10495404,0.001805653,0.612936264,0.000776945
2017-06-28,3664.16 ,3672.19 ,3644.03 ,3646.17 ,3656.64 ,9792085800,9792085800,124465.95,84.8,78.69,18.8667,3640.44,3593.787,3520.196,144330.7872,67.77,47.20441,0.16,3679.39,3445.28,3539,89.32491874,0.111294312,-0.007768929,0.418941064,-0.428237333
2017-06-29,3649.25 ,3669.13 ,3644.73 ,3668.83 ,3657.99 ,8558949800,8558949800,111847.27,88.23,81.87,18.1226,3656.138,3607.791,3528.202,132816.4799,63.03,47.21516,0.35,3692.97,3448.82,3548,93.9746978,0.112164362,0.006215103,0.278850986,-0.686098879
2017-06-30,3654.73 ,3669.76 ,3646.23 ,3666.80 ,3659.38 ,8151002800,8151002800,102459.98,89.79,84.51,15.6873,3664.922,3622.595,3536.763,126513.4539,63,47.070565,0.05,3702.37,3457.44,3555,99.17815791,0.110789823,-0.000553365,0.15950755,-0.843190047
2017-07-03,3667.23 ,3667.60 ,3633.78 ,3650.85 ,3654.87 ,8882086000,8882086000,115214.69,86.65,85.22,10.5072,3661.474,3632.313,3545.187667,115409.0231,65.85,47.670725,-0.29,3703.5,3474.52,3563,102.117485,0.110139014,-0.004350226,0.199825208,-1.232266483
2017-07-04,3646.83 ,3646.85 ,3611.69 ,3619.98 ,3631.34 ,9507141300,9507141300,125350.42,73.52,81.32,1.95,3650.526,3639.662,3552.392,115867.6603,78.38,47.807035,-0.84,3701.16,3489.57,3569,101.3172258,0.115490061,-0.008453437,0.213385849,-1.401213757
2017-07-05,3611.90 ,3660.73 ,3610.46 ,3659.68 ,3635.69 ,8823242500,8823242500,120351.57,77.11,79.92,0.7273,3653.228,3646.834,3560.673333,115044.7839,69.28,46.488495,0.18,3707.02,3496.29,3575,101.1864095,0.114655088,0.010965628,0.015447858,-1.466141263
2017-07-06,3654.56 ,3666.77 ,3629.56 ,3660.10 ,3652.75 ,10237924500,10237924500,132837.13,76.45,78.76,-0.8491,3651.482,3653.81,3568.537,119242.7559,82.5,45.74731,0.24,3713.24,3499.99,3581,100.323409,0.112619711,0.000113999,-0.192890351,-1.465309578
2017-07-07,3647.64 ,3657.11 ,3631.87 ,3655.93 ,3648.14 ,10373549700,10373549700,123465.39,73.91,77.14,-3.1487,3649.308,3657.115,3576.262333,123443.838,80.73,43.989555,0.18,3718.39,3502.81,3586,99.38423355,0.112415449,-0.001138604,-0.378474741,-1.417054896
2017-07-10,3647.94 ,3667.85 ,3641.53 ,3653.69 ,3652.75 ,12059191000,12059191000,141034.63,72.61,75.63,-5.5274,3649.876,3655.675,3581.863333,128607.8258,86.49,43.635495,0.1,3722.58,3506.55,3591,97.98599187,0.112438003,-0.000613387,-0.573965208,-1.256258839
2017-07-11,3646.88 ,3701.21 ,3645.99 ,3670.81 ,3666.22 ,11876082600,11876082600,145084.36,70.58,73.95,-5.3474,3660.042,3655.284,3588.209333,132554.6149,76.61,45.359745,0.29,3728.68,3509.3,3597,99.86218728,0.113101166,0.004686171,-0.742792644,-1.078489784
2017-07-12,3672.63 ,3691.58 ,3640.59 ,3658.82 ,3665.91 ,12228779200,12228779200,143494.6,64.81,70.9,-7.2763,3659.87,3656.549,3593.740667,137183.2217,86.82,45.860635,-0.03,3728.75,3521.58,3607,101.3706279,0.101175751,-0.003264948,-1.008053798,-0.436182
2017-07-13,3656.35 ,3690.48 ,3652.57 ,3686.92 ,3671.58 ,12566954900,12566954900,146388.68,71.29,71.03,-5.2925,3665.234,3658.358,3600.046667,139893.5322,81.52,46.688655,0.59,3729.58,3536.56,3617,104.7100665,0.102350317,0.007679217,-1.209269386,0.380097793
2017-07-14,3682.62 ,3703.09 ,3672.74 ,3703.09 ,3690.39 ,10551400500,10551400500,121021.45,80.86,74.31,-2.4709,3674.666,3661.987,3607.266,139404.7435,75.69,47.855365,0.77,3727.36,3557.22,3625,106.9459982,0.100834536,0.004386723,-1.103701028,0.506055534
2017-07-17,3700.62 ,3716.47 ,3621.37 ,3663.56 ,3675.51 ,17882160000,17882160000,196217.25,70.61,73.08,-6.3757,3676.64,3663.258,3613.759667,150441.2689,73.56,50.584565,-0.36,3722.3,3573.27,3621,107.4518733,0.107319113,-0.010676613,-1.339963173,1.82604508
2017-07-18,3648.49 ,3667.54 ,3622.04 ,3667.18 ,3651.31 ,12462205600,12462205600,141472.28,63.13,69.76,-8.7699,3675.914,3667.978,3619.569667,149718.8531,69.98,50.711535,-0.24,3711.42,3596.22,3622,106.0405646,0.106530296,0.000988984,-1.047780811,1.1667765
2017-07-19,3660.87 ,3731.05 ,3658.20 ,3729.75 ,3694.97 ,18247778700,18247778700,198392.45,75.02,71.51,-2.5476,3690.1,3674.985,3626.099,160698.4236,55.75,53.738235,1.07,3719.28,3602.54,3635,107.7087414,0.114451617,0.017061036,-0.131415276,2.027200082
2017-07-20,3725.14 ,3750.19 ,3723.07 ,3747.88 ,3736.57 ,14241003900,14241003900,169267.15,82.75,75.26,3.0829,3702.292,3683.763,3632.329,165274.1177,52.88,53.839715,1.23,3729.53,3608.05,3651,108.5733643,0.11479825,0.004862985,1.105485216,1.982240448
2017-07-21,3738.18 ,3751.69 ,3722.07 ,3728.60 ,3735.14 ,11794122600,11794122600,141432.63,82.59,77.7,3.2654,3707.394,3691.03,3637.41,169356.3545,52.6,52.625535,0.57,3736.37,3611.77,3669,106.1699811,0.114570325,-0.005146023,1.054277718,0.968733884
2017-07-24,3724.38 ,3755.19 ,3719.85 ,3743.47 ,3735.72 ,13486872200,13486872200,154701.88,85.48,80.3,4.3749,3723.376,3700.008,3643.046,161053.2787,74.27,49.261555,0.54,3747.32,3608.36,3685,104.299152,0.107568065,0.003988363,0.863253113,-0.035435207
2017-07-25,3742.64 ,3752.16 ,3713.28 ,3719.56 ,3731.91 ,12167205900,12167205900,133531.66,81.44,80.68,1.0476,3733.852,3704.883,3647.622333,159465.1531,78.96,48.72992,-0.38,3751.99,3608.17,3699,102.7538144,0.110675545,-0.006387018,0.661995491,-0.590162174
2017-07-26,3722.88 ,3738.53 ,3684.18 ,3705.39 ,3712.75 ,13632521000,13632521000,146518.01,75.22,78.86,-3.6453,3728.98,3709.54,3653.292,149090.2637,94.99,50.03931,-0.63,3753.95,3612.14,3755,99.44414872,0.107521893,-0.003809753,0.48407266,-0.717539321
2017-07-27,3700.86 ,3716.69 ,3672.50 ,3712.19 ,3700.56 ,14500290400,14500290400,161631.23,72.77,76.83,-6.2634,3721.842,3712.067,3659.405333,147563.0788,93.99,50.99351,-0.26,3756.93,3613.49,3754,96.74179129,0.105721539,0.001836866,0.30095199,-0.934261214
2017-07-28,3703.49 ,3725.54 ,3696.78 ,3721.89 ,3711.93 ,11141139200,11141139200,125817.86,73.51,75.72,-7.0594,3720.5,3713.947,3666.176333,144440.1246,84.69,52.39428,0.04,3760.93,3615.01,3751,95.45695672,0.105864653,0.002612121,0.10058075,-1.122744338
2017-07-31,3722.43 ,3746.52 ,3713.66 ,3737.87 ,3730.12 ,14842903900,14842903900,160890.13,76.39,75.95,-5.8539,3719.38,3721.378,3672.316333,145677.7763,83.07,53.190775,0.5,3766.33,3618.31,3747,96.57856389,0.104776876,0.004294,-0.095039303,-1.150271051
2017-08-01,3738.74 ,3770.40 ,3737.10 ,3770.38 ,3754.16 ,15254653900,15254653900,173127.58,84.25,78.71,-1.334,3729.544,3731.698,3679.779333,153596.9609,92.38,54.27052,1.09,3773.47,3626.21,3673,97.28480069,0.101420371,0.008697352,0.213781093,-1.278074684
2017-08-02,3768.19 ,3784.35 ,3759.28 ,3760.85 ,3768.17 ,17229338300,17229338300,189336.78,82.5,79.98,-0.3363,3740.636,3734.808,3685.542333,162160.7164,76.25,54.11978,0.54,3780.77,3629.02,3674,97.45835066,0.096949765,-0.002527674,0.060681087,-1.328952051
2017-08-03,3755.11 ,3766.35 ,3718.44 ,3727.83 ,3741.93 ,14615394400,14615394400,164710.46,71.49,77.15,-4.5961,3743.764,3732.803,3690.125333,162776.5637,74.23,53.69949,-0.43,3781.75,3634.82,3679,96.18028813,0.103446332,-0.008781546,-0.121056161,-1.187963488
2017-08-04,3724.72 ,3738.73 ,3707.00 ,3707.58 ,3719.51 ,15747006000,15747006000,168292.67,58.11,70.8,-10.2873,3740.902,3730.701,3692.948667,171271.5242,81.58,53.908245,-0.89,3780.09,3641.64,3683,94.06591372,0.10568702,-0.005431262,-0.191524407,-0.910181564
2017-08-07,3701.22 ,3730.78 ,3689.96 ,3726.79 ,3712.19 ,12423153000,12423153000,134348.54,54.92,65.51,-11.5176,3738.686,3729.033,3694.905333,165963.2051,77.19,54.15059,-0.32,3778.56,3650.48,3687,92.16192803,0.106721077,0.00518268,-0.284012059,-0.626876705
2017-08-08,3724.33 ,3737.33 ,3718.81 ,3732.21 ,3728.17 ,13724192800,13724192800,146481.87,54.41,61.81,-11.6211,3731.052,3730.298,3696.821667,160634.0631,86.61,53.5355,0.03,3778.63,3656.56,3691,91.22329663,0.105854935,0.001453823,-0.481373691,-0.149333636
2017-08-09,3728.03 ,3739.00 ,3713.57 ,3731.04 ,3727.91 ,12467998900,12467998900,137223.6,50.78,58.13,-11.8276,3725.09,3732.863,3699.650667,150211.4262,87.04,52.257505,0.16,3775.8,3666.6,3694,88.8683068,0.10485161,-0.000313192,-0.525660568,0.405624534
2017-08-10,3724.96 ,3746.86 ,3688.18 ,3715.92 ,3718.98 ,13008512800,13008512800,148005.17,43.47,53.24,-13.8414,3722.708,3733.236,3701.220333,146870.3677,90.72,52.69705,-0.18,3774.91,3670.39,3688,85.06623146,0.103194691,-0.004053343,-0.653178867,1.101977502
2017-08-11,3687.93 ,3700.49 ,3645.09 ,3647.35 ,3670.22 ,15038742100,15038742100,161083.47,29.52,45.34,-23.673,3710.662,3725.782,3700.572,145428.5289,92.15,52.940635,-1.71,3781.6,3658.13,3747,80.00255989,0.122001275,-0.018453165,-0.928362858,0.908574487
2017-08-14,3651.38 ,3698.37 ,3651.38 ,3694.68 ,3673.95 ,11530845100,11530845100,140233.89,31.55,40.74,-23.0423,3704.24,3721.463,3702.033,146605.6002,87.48,50.848985,-0.26,3778.58,3664.26,3745,77.37755189,0.125164906,0.012977311,-0.944195853,1.698310684
2017-08-15,3695.78 ,3719.29 ,3692.28 ,3706.06 ,3703.35 ,10644485700,10644485700,124790.63,37.79,39.76,-20.4231,3699.01,3715.031,3704.902333,142267.3526,91.66,51.93609,0.19,3775.15,3671.58,3743,72.3241743,0.125508217,0.003078343,-0.995144821,3.175908906
2017-08-16,3701.13 ,3707.14 ,3679.73 ,3701.42 ,3697.36 ,10413414100,10413414100,127282.17,43.65,41.05,-18.693,3693.086,3709.088,3706.293667,140279.0662,92.42,47.85633,0.23,3774.54,3669.36,3741,66.38478558,0.109601645,-0.001250898,-0.805079175,2.569182872
2017-08-17,3707.07 ,3722.62 ,3704.41 ,3721.28 ,3713.85 ,10865625100,10865625100,137020,54.05,45.39,-14.4412,3694.158,3708.433,3708.333,138082.0329,84.28,45.40132,0.73,3771.78,3669.46,3739,62.6995163,0.1099314,0.005364508,-0.762209521,2.989812394
2017-08-18,3707.19 ,3733.49 ,3700.41 ,3724.67 ,3716.44 ,9656170500,9656170500,123078.16,62.1,50.96,-10.901,3709.622,3710.142,3710.624333,130480.9716,85.67,45.573875,0.41,3771.48,3669.36,3737,58.62485049,0.108516552,0.000913074,-0.742584433,3.011184209
2017-08-21,3731.84 ,3744.26 ,3728.62 ,3740.99 ,3736.43 ,10031307300,10031307300,123911.72,72.81,58.24,-6.3172,3718.884,3711.562,3713.534333,127216.536,87.99,45.9994,0.59,3771.13,3669.46,3680,56.76536296,0.108718193,0.004381403,-0.748788886,3.091178452
2017-08-22,3745.75 ,3758.29 ,3734.56 ,3752.30 ,3747.73 ,10029285600,10029285600,131131.08,80.11,65.53,-1.9447,3728.132,3713.571,3716.250667,128484.6255,91.3,45.53927,0.65,3774.74,3669.13,3681,56.27257482,0.106513873,0.00302163,-0.770912063,2.516122743
2017-08-23,3747.61 ,3772.46 ,3741.72 ,3756.09 ,3754.47 ,10496157300,10496157300,124081.16,82.46,71.17,1.1109,3739.066,3716.076,3719.493,127844.4234,86.09,44.716845,0.46,3778.78,3670.16,3684,55.65363108,0.105327753,0.001010154,-0.891265643,2.383690388
2017-08-24,3755.89 ,3765.71 ,3729.09 ,3734.65 ,3746.34 ,8994737200,8994737200,107736.02,77.89,73.41,-0.042,3741.74,3717.949,3721.084,121987.6267,86.85,44.33829,-0.19,3779.76,3671.43,3689,53.50866952,0.10762137,-0.005708758,-1.027912905,2.64012101
2017-08-25,3736.29 ,3795.97 ,3736.29 ,3795.75 ,3766.08 ,12994090000,12994090000,150697.08,85.2,77.34,6.7629,3755.956,3732.789,3724.172667,127511.4105,71.95,45.03034,1.06,3791.82,3666.76,3694,53.72729605,0.12146559,0.016362623,-0.402892689,1.892090781
2017-08-28,3805.66 ,3866.94 ,3805.66 ,3842.71 ,3830.24 ,18557632500,18557632500,236446.28,85.82,80.17,16.3787,3776.3,3747.592,3730.144333,150018.3234,67.31,49.075715,1.76,3815.07,3653.98,3703,54.65738624,0.127530613,0.012371059,0.680988124,2.401449308
2017-08-29,3839.18 ,3847.93 ,3825.76 ,3834.54 ,3836.85 ,12822707000,12822707000,158978.68,84.06,81.47,20.1784,3792.748,3760.44,3735.723,155587.8445,64.14,48.35193,1.1,3828.72,3646.75,3719,55.60877193,0.125092844,-0.002127222,0.829510768,1.437483682
2017-08-30,3834.27 ,3854.71 ,3827.86 ,3834.30 ,3837.79 ,14135285700,14135285700,166235.12,82.84,81.92,21.0996,3808.39,3773.728,3739.208,164018.6377,66.3,47.43647,0.68,3841.77,3641.04,3734,58.15203833,0.124515142,-6.18E-05,0.784684477,0.482138792
2017-08-31,3835.84 ,3840.20 ,3800.89 ,3822.09 ,3824.76 ,13294493500,13294493500,157079.22,77.75,80.53,18.5925,3825.878,3783.809,3741.681667,173887.2771,50.69,47.00661,-0.1,3852.47,3639.77,3747,60.97009642,0.120173005,-0.003183814,0.568417123,-0.28123177
2017-09-01,3825.34 ,3843.62 ,3818.16 ,3830.54 ,3829.42 ,15864551100,15864551100,182770.43,76.37,79.14,16.6625,3832.836,3794.396,3745.079667,180301.9469,49.34,47.556775,-0.06,3863.35,3641.19,3759,63.1087666,0.117560423,0.002209653,0.353168746,-0.727182339
2017-09-04,3828.54 ,3847.09 ,3813.55 ,3845.62 ,3833.70 ,14956632000,14956632000,175551.07,79.09,79.13,16.0037,3833.418,3804.859,3748.484667,168122.9044,46.62,47.19251,0.32,3876.06,3640.36,3769,65.62349827,0.117146938,0.003936261,0.195691111,-1.04845099
2017-09-05,3845.55 ,3865.29 ,3841.95 ,3857.05 ,3852.46 ,12496415500,12496415500,145779.76,83.67,80.64,15.6739,3837.92,3815.334,3753.067667,165483.1187,50.05,47.410555,0.5,3889.51,3639.4,3777,68.64244335,0.117250354,0.002972241,0.065030874,-1.240231017
2017-09-06,3846.75 ,3858.25 ,3831.38 ,3849.45 ,3846.46 ,13139872300,13139872300,155883.32,84.65,81.98,13.1029,3840.95,3824.67,3757.869667,163412.7573,46.45,47.482175,0.22,3899.9,3640.85,3788,71.88677619,0.11776429,-0.001969512,-0.106854411,-1.353080011
2017-09-07,3851.69 ,3858.16 ,3828.84 ,3829.87 ,3842.14 ,12388418100,12388418100,156113.4,71.06,78.34,7.703,3842.506,3834.192,3761.792333,163219.5935,43.47,46.01427,-0.33,3905.54,3646.6,3797,77.41848738,0.118476817,-0.005086077,-0.320970706,-1.257907103
2017-09-08,3830.07 ,3843.02 ,3813.98 ,3825.99 ,3828.27 ,10603650400,10603650400,134958.58,60.36,72.35,2.7994,3841.596,3837.216,3765.262333,153657.2239,45.59,44.69604,-0.41,3901.03,3668.98,3805,80.11288301,0.092401508,-0.001013559,-0.287355464,-1.691292936
2017-09-11,3828.34 ,3850.74 ,3817.51 ,3825.65 ,3830.56 ,12388399700,12388399700,154793.9,53.06,65.92,-1.0905,3837.602,3835.51,3768.188333,149505.7904,25.85,43.87033,-0.31,3900.69,3682.41,3812,82.08667386,0.083933098,-9.00E-05,-0.457940107,-1.546237377
2017-09-12,3832.24 ,3849.39 ,3822.00 ,3837.93 ,3835.39 ,14419024200,14419024200,187605.31,54.54,62.13,-2.5281,3833.778,3835.849,3770.44,157870.9017,24.13,42.06833,0.11,3901.31,3694.98,3818,84.80801016,0.083962519,0.003212216,-0.662002023,-1.257401533
2017-09-13,3835.55 ,3847.78 ,3822.94 ,3842.61 ,3837.22 ,9541078500,9541078500,126254.36,55.08,59.78,-3.3174,3832.41,3836.68,3773.165333,151945.111,31.21,41.98684,0.27,3899.44,3710.97,3823,86.63406466,0.083246909,0.001217322,-0.816948206,-1.067750162
2017-09-14,3843.57 ,3854.49 ,3820.09 ,3829.96 ,3837.03 ,11535858300,11535858300,143111.64,47.3,55.62,-5.8634,3832.428,3837.467,3776.569667,149344.7594,32.96,41.56261,-0.06,3896.67,3724.6,3820,87.56639142,0.084109419,-0.003292219,-1.051500823,-0.496274265
2017-09-15,3826.14 ,3843.30 ,3818.52 ,3831.30 ,3829.82 ,12242700600,12242700600,153477.22,42.78,51.34,-7.5779,3833.49,3837.543,3780.693667,153048.4856,40.1,41.14728,-0.06,3892.23,3739.71,3819,87.70319185,0.084179813,0.000350161,-1.299476642,0.265471666
2017-09-18,3832.96 ,3862.36 ,3832.96 ,3843.14 ,3842.86 ,11793440500,11793440500,152841.03,48.61,50.43,-7.3241,3836.988,3837.295,3784.572,152657.9112,8.74,41.14646,0.16,3889.47,3752.68,3824,87.86027226,0.083702726,0.003091982,-1.657478832,1.73996671
2017-09-19,3849.88 ,3857.30 ,3820.29 ,3832.12 ,3839.90 ,11243298700,11243298700,145528.46,44.91,48.59,-8.7508,3835.826,3834.802,3787.902333,144242.5403,20.32,41.51335,-0.1,3885.41,3764.73,3820,87.26864365,0.08474885,-0.002869188,-2.162015075,4.495306591
2017-09-20,3830.15 ,3850.94 ,3827.89 ,3842.44 ,3837.86 ,10112954200,10112954200,135041.88,49.55,48.91,-8.4125,3835.792,3834.101,3791.615667,146000.0445,16.44,41.150995,0.17,3880.61,3778.16,3827,88.29468646,0.084947069,0.00269282,-2.940248974,10.35588401
2017-09-21,3843.26 ,3860.80 ,3837.38 ,3837.82 ,3844.82 ,11109819200,11109819200,144132.89,48.13,48.65,-8.8732,3837.364,3834.896,3795.679,146204.2954,19.02,40.96556,0.01,3859.8,3809.29,3833,85.98311214,0.081550957,-0.001201764,-1.26665182,3.965332838
2017-09-22,3826.46 ,3842.25 ,3816.82 ,3837.73 ,3830.82 ,10061980200,10061980200,128360.9,47.39,48.23,-9.2122,3838.65,3836.07,3802.025,141181.0313,29.73,38.89295,-0.02,3854.09,3819.19,3817,81.43488153,0.059741522,-2.27E-05,0.484982907,0.093493017
2017-09-25,3829.22 ,3835.39 ,3811.12 ,3817.79 ,3823.38 ,10394897600,10394897600,135980.24,35.93,44.13,-11.9697,3833.58,3835.284,3806.128667,137808.8734,23.99,33.57393,-0.41,3854.5,3816.29,3861,76.52583246,0.044452987,-0.005195493,0.34252069,0.152722411
2017-09-26,3810.33 ,3821.69 ,3808.38 ,3820.78 ,3815.30 ,8186940700,8186940700,101036.34,31.61,39.96,-13.1446,3831.312,3833.569,3809.952667,128910.4489,25.18,32.125755,-0.27,3854.9,3814.51,3860,72.02359583,0.044085821,0.000783202,0.340177744,-0.188553407
2017-09-27,3818.96 ,3832.57 ,3818.81 ,3821.20 ,3822.89 ,8565581100,8565581100,109299.49,28.99,36.3,-13.564,3827.064,3831.428,3813.945333,123761.9709,14.6,31.887595,-0.15,3855.14,3812.97,3858,68.37777604,0.04409609,0.000109506,0.383403902,-0.436597679
2017-09-28,3821.59 ,3827.33 ,3813.75 ,3822.54 ,3821.30 ,9354406900,9354406900,115646.34,28.07,33.56,-13.3395,3824.008,3830.686,3817.320667,118064.6599,7.94,30.60083,-0.04,3855.11,3813.05,3856,64.55890224,0.042649473,0.000350309,0.388480389,-0.42673138
2017-09-29,3825.20 ,3852.22 ,3825.20 ,3836.50 ,3834.78 ,9330602800,9330602800,116056.78,36.6,34.57,-11.0821,3823.762,3831.206,3821.048333,115603.8363,2.7,30.387775,0.33,3855.36,3813.39,3854,60.87520713,0.043921352,0.00365273,0.29904331,-0.451044191
2017-10-09,3910.11 ,3918.84 ,3876.03 ,3882.21 ,3896.80 ,13553585100,13553585100,171941.46,46.68,38.61,-3.5912,3836.646,3835.113,3825.755667,122796.0806,-2.79,33.39278,1.19,3865.89,3806.51,3814,59.08950677,0.059386929,0.011913537,1.623999653,3.882906939
2017-10-10,3883.00 ,3900.74 ,3855.47 ,3889.86 ,3882.27 ,11253258600,11253258600,157979.74,55.71,44.31,1.9378,3850.462,3840.887,3830.341,134184.7612,2.86,33.069535,1.02,3875.06,3800.63,3816,58.15572143,0.058935026,0.0019721,1.850416925,3.480704219
2017-10-11,3886.82 ,3913.07 ,3885.50 ,3902.69 ,3897.02 ,10441815100,10441815100,144152.74,65.6,51.4,6.6039,3866.76,3846.912,3835.227667,141155.4107,8.09,34.60645,0.93,3887.54,3793.48,3818,58.88871036,0.059058834,0.003296542,1.756872857,2.296795606
2017-10-12,3902.02 ,3917.44 ,3897.55 ,3912.95 ,3907.49 ,9434092100,9434092100,123147.25,75.29,59.36,10.1415,3884.842,3854.425,3841.171,142655.5927,2.75,34.73744,0.72,3901.41,3787.91,3820,60.29247984,0.055265809,0.002630701,1.484883037,1.031437318
2017-10-13,3912.98 ,3927.17 ,3908.89 ,3921.00 ,3917.51 ,9014206800,9014206800,114314.86,81.79,66.84,12.4811,3901.742,3862.752,3845.346,142307.2084,-8.2,34.767035,0.49,3914.82,3784,3822,62.04567585,0.054800257,0.002056784,1.236309278,0.124639781
2017-10-16,3926.28 ,3947.42 ,3913.32 ,3913.45 ,3925.12 ,12135503300,12135503300,150823.76,79.39,71.02,11.9277,3907.99,3872.318,3847.704,138083.6675,0.25,34.855925,0.14,3924.1,3783.5,3826,62.71899706,0.05576635,-0.001926931,0.949051494,-0.72662406
2017-10-17,3910.79 ,3924.61 ,3900.48 ,3913.07 ,3912.24 ,8224122700,8224122700,106708.45,77.69,73.25,10.4779,3912.632,3881.547,3850.321667,127829.4103,6.47,34.468955,0.01,3932.18,3782.93,3833,63.10618221,0.055369468,-9.64E-05,0.695411343,-1.296475584
2017-10-18,3914.82 ,3944.41 ,3914.82 ,3944.16 ,3929.55 ,10096984100,10096984100,126420.38,84.24,76.91,12.5352,3920.926,3893.843,3853.983667,124282.9383,25.96,35.376675,0.59,3946.26,3779.01,3840,65.6612331,0.060621795,0.007946142,0.609750147,-1.275660737
2017-10-19,3940.58 ,3944.03 ,3923.65 ,3931.25 ,3934.88 ,10652725200,10652725200,133189.86,83.63,79.15,11.0381,3924.586,3904.714,3857.622333,126291.4596,21.85,35.117385,0.17,3955.17,3780.23,3847,67.37582144,0.0606034,-0.003273978,0.395159769,-1.570114618
2017-10-20,3918.53 ,3928.96 ,3910.20 ,3926.85 ,3921.14 ,7298018000,7298018000,94529.64,81.63,79.98,8.4529,3925.756,3913.749,3860.832667,122334.4159,19.85,34.81687,0.03,3961.99,3782.97,3853,68.19249037,0.061132648,-0.001118601,0.177934384,-1.742890566
2017-10-23,3930.89 ,3936.27 ,3920.66 ,3930.80 ,3929.66 ,8148498000,8148498000,100280.91,78.81,79.59,6.3675,3929.226,3918.608,3863.672,112225.8469,18.8,33.92887,0.04,3968.87,3784.85,3858,69.71696585,0.060739998,0.001004902,-0.020455604,-1.82100861
2017-10-24,3926.23 ,3959.50 ,3922.03 ,3959.40 ,3941.79 ,9305815400,9305815400,120192.15,85.82,81.66,7.8365,3938.492,3925.562,3867.083667,114922.5867,32.4,34.02009,0.53,3979.71,3786.74,3863,72.07911756,0.062498456,0.007275164,-0.12062871,-1.617432823
2017-10-25,3958.17 ,3978.09 ,3954.00 ,3976.95 ,3966.80 ,8820545800,8820545800,106820.31,90.06,84.46,10.0281,3945.05,3932.988,3871.333667,111002.5727,26.95,35.29041,0.81,3992.99,3786.91,3871,75.43173168,0.063186408,0.00443343,-0.155681827,-1.339491492
2017-10-26,3980.05 ,4013.60 ,3973.55 ,3993.58 ,3990.20 ,12989546500,12989546500,170488.62,87.47,85.46,12.4174,3957.516,3941.051,3876.790667,118462.3253,10.98,36.6247,0.91,4007.51,3787.96,3882,79.4523851,0.062767538,0.004180642,-0.161406542,-1.025796152
2017-10-27,3992.55 ,4024.46 ,3991.35 ,4021.97 ,4007.58 ,12667284600,12667284600,152974.83,90.98,87.3,16.2781,3976.54,3951.148,3883.323333,130151.3642,7.57,37.898775,1.14,4026.05,3787.85,3898,85.68857084,0.064783569,0.007109519,-0.055560644,-0.586679135
2017-10-30,4022.16 ,4033.34 ,3960.27 ,4009.72 ,4006.37 ,15738760300,15738760300,193489.84,87.59,87.4,15.6344,3992.324,3960.775,3889.459,148793.1496,34.72,40.338745,0.44,4036.32,3796.77,3915,90.8511523,0.061830029,-0.003044729,-0.105077305,-0.510702469
2017-10-31,3995.39 ,4009.28 ,3983.26 ,4006.72 ,3998.66 ,10917877900,10917877900,142897.21,84.52,86.44,13.3462,4001.788,3970.14,3895.085333,153334.1609,27.32,42.12389,0.12,4043.16,3808.52,3934,95.58448968,0.062613112,-0.000749154,-0.177893246,-0.427011822
2017-11-01,4007.91 ,4032.46 ,3991.32 ,3996.62 ,4007.08 ,13041738000,13041738000,166477.14,79.74,84.21,9.2105,4005.722,3975.386,3900.219,165265.5267,23.62,43.374805,-0.23,4045.02,3824.21,3950,99.5094402,0.064544322,-0.002519718,-0.226159009,-0.339868702
2017-11-02,3994.09 ,3999.23 ,3971.38 ,3997.13 ,3990.46 ,12610057900,12610057900,151981.36,75.78,81.4,5.467,4006.432,3981.974,3905.791333,161564.0757,27.93,44.08843,-0.23,4043.58,3843.11,3963,102.5656182,0.064635512,0.000128158,-0.121489101,-0.60831428
2017-11-03,3992.35 ,3999.34 ,3963.03 ,3992.70 ,3986.86 ,12940443900,12940443900,158142.06,71.68,78.16,1.5225,4000.578,3988.559,3911.171333,162597.5208,44.7,43.98046,-0.2,4040.03,3862.27,3963,102.9618523,0.065456474,-0.001109895,0.126403966,-1.467653925
2017-11-06,3989.18 ,4021.64 ,3975.41 ,4020.89 ,4001.78 ,12208115900,12208115900,158911.86,75.89,77.4,1.8187,4002.812,3997.568,3917.096333,155681.9254,32.69,42.229205,0.45,4045.95,3870.22,3974,104.3650547,0.057619176,0.007060815,0.060055939,-1.602729502
2017-11-07,4022.40 ,4064.22 ,4021.36 ,4054.25 ,4040.56 ,15211666300,15211666300,193990.97,80.73,78.51,5.4133,4012.318,4007.053,3924.500667,165900.6788,20.45,44.40599,1.05,4057.97,3874.64,3983,106.7247869,0.062085688,0.008295901,0.181343833,-1.286427917
2017-11-08,4051.49 ,4089.15 ,4040.58 ,4048.01 ,4057.31 ,15082771900,15082771900,200949.74,76.51,77.85,5.8199,4022.596,4014.159,3931.353,172795.1992,17.21,44.914935,0.63,4067.03,3880.12,3998,108.1411526,0.063183942,-0.001539324,0.108607556,-1.310392303
2017-11-09,4043.07 ,4076.61 ,4038.40 ,4075.90 ,4058.50 ,12105633500,12105633500,159247.2,80.92,78.87,8.5501,4038.35,4022.391,3939.289,174248.3661,6.9,45.2281,0.93,4081.14,3882.3,4016,110.479,0.065640071,0.006890825,0.154851844,-1.009729204
2017-11-10,4070.28 ,4116.71 ,4067.66 ,4111.91 ,4091.64 ,14181716500,14181716500,198869.83,86.24,81.33,13.6105,4062.192,4031.385,3948.428333,182393.9216,2.31,47.66243,1.22,4102.14,3880.39,4031,114.8783,0.069885139,0.008835203,0.366005409,-0.367245918
2017-11-13,4115.55 ,4137.65 ,4115.55 ,4128.07 ,4124.21 ,15144630900,15144630900,205930.8,89,83.88,17.3014,4083.628,4043.22,3958.771,191797.7082,0.27,49.235085,1.09,4122.3,3881.69,4048,119.88461,0.068169031,0.003930557,0.499765029,-0.224637072
2017-11-14,4129.27 ,4133.55 ,4086.89 ,4099.35 ,4112.27 ,14323693600,14323693600,199605.01,85.35,84.37,14.1729,4092.648,4052.483,3968.056667,192920.5152,4.15,50.360965,0.16,4131.47,3891.15,4066,121.6497995,0.075826382,-0.006957798,0.418904528,-0.576973431
2017-11-15,4084.21 ,4102.81 ,4055.72 ,4073.67 ,4079.10 ,12063569600,12063569600,177753.08,78.02,82.26,7.2898,4097.78,4060.188,3976.472333,188281.1822,6.67,50.518745,-0.59,4136.66,3898.91,4138,122.6883145,0.078643211,-0.006264748,0.219828258,-0.69323745
2017-11-16,4063.49 ,4107.62 ,4062.27 ,4105.01 ,4084.60 ,12138441400,12138441400,172903.88,78.64,81.05,5.6753,4103.602,4070.976,3985.888,191012.5187,2.01,51.652775,0.03,4144.11,3908.84,4136,125.4619088,0.07920158,0.007693948,0.107645861,-0.819631032
2017-11-17,4094.08 ,4122.38 ,4081.37 ,4120.85 ,4104.67 ,19178411900,19178411900,253079.31,80.95,81.02,5.4565,4105.39,4083.791,3995.366333,201854.4147,5.85,53.71972,0.38,4151.19,3921.16,4134,128.6914483,0.078431303,0.003858356,0.109822739,-1.016438751
2017-11-20,4093.73 ,4144.51 ,4060.96 ,4143.83 ,4110.76 ,13744725800,13744725800,191589.64,87.08,83.04,7.0227,4108.542,4096.085,4004.087,198986.1833,-0.57,56.593485,0.86,4160.2,3933.46,4056,131.4787809,0.079013314,0.005577149,0.256838211,-1.320788471
2017-11-21,4131.85 ,4220.26 ,4129.98 ,4217.70 ,4174.95 ,18035082100,18035082100,253302.2,90.92,85.67,16.1051,4132.212,4112.43,4015.015,209725.6214,-16.3,62.61654,2.07,4188.92,3930.56,4057,136.9424669,0.094262552,0.01782603,0.725466855,0.024022055
2017-11-22,4228.37 ,4260.64 ,4191.15 ,4227.57 ,4226.93 ,18647700300,18647700300,254298.36,88.57,86.63,21.217,4162.992,4130.386,4025.844333,225034.6787,-29.03,66.346575,1.55,4215.5,3929.05,4064,141.7949135,0.09418258,0.002338975,0.785806982,-0.064091079
2017-11-23,4213.38 ,4214.19 ,4086.90 ,4102.40 ,4154.22 ,17814722800,17814722800,237536.71,66.64,79.97,6.288,4162.47,4133.036,4032.159333,237961.2435,-11,69.731075,-1.44,4216.55,3938.87,4076,138.7266178,0.150391727,-0.029608049,0.690826054,-0.038541101
2017-11-24,4089.47 ,4116.59 ,4057.49 ,4104.20 ,4091.94 ,13085804000,13085804000,182912.19,52.31,70.75,-4.228,4159.14,4132.265,4038.266,223927.819,-17.2,70.140765,-1.32,4218.57,3945.08,4057,136.514367,0.148869819,0.000440426,0.557466814,-0.044650775
2017-11-27,4088.93 ,4088.93 ,4037.15 ,4049.95 ,4066.24 ,14345526800,14345526800,183004.55,36.78,59.43,-18.5712,4140.364,4124.453,4042.816,222210.8017,14.95,69.07659,-2.18,4217.26,3950.42,4261,131.8501286,0.156822669,-0.013219593,0.567087485,0.12986556
2017-11-28,4034.21 ,4056.48 ,4010.30 ,4055.82 ,4039.20 ,10205809500,10205809500,135539.65,30.58,49.81,-26.8455,4107.988,4120.1,4047.574333,198658.2913,-4.78,68.93493,-1.27,4215.48,3957.11,4256,128.2176922,0.156784741,0.001450883,0.592697536,0.367765047
2017-11-29,4061.35 ,4069.24 ,4004.69 ,4053.75 ,4047.26 ,12455364200,12455364200,165743.34,26.78,42.13,-31.8344,4073.224,4118.108,4051.227333,180947.2872,12.95,69.70259,-0.48,4212.37,3965.92,4246,124.6377376,0.156413868,-0.000510525,0.699913688,0.683653872
2017-11-30,4034.01 ,4052.80 ,3988.00 ,4006.10 ,4020.23 ,10798334500,10798334500,145829.95,20.07,34.78,-40.2477,4053.964,4108.217,4053.722333,162605.9359,21.5,71.549845,-1.18,4211.47,3967.72,4232,119.0759207,0.162634458,-0.011755428,0.752238683,0.71999669
2017-12-01,4003.56 ,4027.11 ,3984.38 ,3998.14 ,4003.30 ,9738691300,9738691300,136010.93,15.04,28.2,-45.2086,4032.752,4095.946,4056.098667,153225.6831,18.14,71.870735,-0.86,4210.85,3968.88,4212,111.9844697,0.162752005,-0.001987669,0.792206666,0.730734376
2017-12-04,3989.05 ,4032.99 ,3982.32 ,4018.86 ,4005.81 ,10264721900,10264721900,138223.06,14.4,23.6,-43.982,4026.534,4083.449,4059.034,144269.384,10.86,71.473525,-0.19,4211,3968.54,4190,104.6157762,0.161824208,0.005182564,0.785116006,0.717426816
2017-12-05,4007.94 ,4045.93 ,4006.54 ,4040.17 ,4025.15 ,15408707600,15408707600,196337.66,17.92,21.7,-38.766,4023.404,4065.696,4061.726333,156428.9866,20.37,70.213725,0.42,4211.32,3966.8,4165,98.99322236,0.160140568,0.005303324,0.784110486,0.642728827
2017-12-06,4027.12 ,4031.75 ,3964.81 ,4015.82 ,4009.88 ,10928620500,10928620500,144114.95,23.15,22.19,-37.0623,4015.818,4044.521,4063.022,152103.3092,33.42,70.171865,0,4212.8,3962.11,4143,91.03962624,0.161443362,-0.0060268,0.736360672,0.455559555
2017-12-07,4003.58 ,4017.95 ,3955.99 ,3971.06 ,3987.15 ,9025404500,9025404500,119651.2,19.21,21.19,-40.17,4008.81,4031.387,4062.271333,146867.5598,24.06,71.359005,-0.94,4217.93,3946.49,4118,79.44492993,0.163392097,-0.011146961,0.543274808,0.1505684
2017-12-08,3962.83 ,4014.14 ,3955.44 ,4003.38 ,3983.95 ,8928286100,8928286100,124371.23,26.85,23.08,-36.2008,4009.858,4021.305,4061.651667,144539.6204,10.78,70.37825,-0.16,4216.13,3937.44,4092,69.23797844,0.162843964,0.00813947,0.672845565,0.105740822
2017-12-11,4006.88 ,4069.50 ,4005.27 ,4069.50 ,4037.79 ,9714894600,9714894600,148476.59,51.23,32.46,-23.6073,4019.986,4023.26,4063.644333,146590.3269,2.9,72.58181,1.23,4211.11,3936.6,3955,64.28351451,0.173816664,0.016516172,0.821946896,0.468910368
2017-12-12,4068.51 ,4070.15 ,4015.45 ,4016.02 ,4042.53 ,8433871800,8433871800,123515.18,51.76,38.9,-21.48,4015.156,4019.28,4063.954333,132025.8315,11.42,73.493095,0.02,4208.73,3930.65,3958,58.18667379,0.178164848,-0.0131425,0.954093379,0.552799206
2017-12-13,4013.83 ,4052.69 ,4004.74 ,4050.09 ,4030.34 ,7754613100,7754613100,115006.38,62.01,46.6,-14.8007,4022.01,4018.914,4065.736667,126204.1174,9.69,73.535785,0.7,4207.81,3929.21,3962,52.5313651,0.180064308,0.008485125,1.003921527,0.604680443
2017-12-14,4050.90 ,4057.62 ,4013.85 ,4026.15 ,4037.13 ,8076886200,8076886200,115086.95,61.89,51.7,-12.9888,4033.028,4020.919,4066.704,125291.2661,-0.85,73.584815,-0.17,4203.98,3925.15,3967,45.16983684,0.178558222,-0.005911247,1.168701753,0.895837162
2017-12-15,4018.73 ,4020.27 ,3974.93 ,3980.86 ,3998.70 ,8904438900,8904438900,118474.14,48.65,50.68,-17.0181,4028.524,4019.191,4066.309333,124111.8488,10.66,72.84666,-1.18,4199.13,3916.01,3971,34.762465,0.18122223,-0.011250396,1.321055517,1.310649671
2017-12-18,3983.30 ,4008.07 ,3967.93 ,3985.29 ,3986.15 ,7785337500,7785337500,111724.35,41.1,47.49,-18.1126,4011.682,4015.834,4065.122667,116761.4011,-10.11,70.675845,-0.66,4188.59,3910.69,3968,21.40383675,0.179529007,0.001114233,1.601114757,2.393219133
2017-12-19,3985.82 ,4035.63 ,3985.82 ,4035.33 ,4010.65 ,7752898500,7752898500,115998.2,50.62,48.53,-11.4474,4015.544,4015.35,4064.492,115258.0053,-9.67,66.09561,0.49,4154.78,3926.27,3972,10.72178491,0.172824814,0.012555669,1.926941798,5.336529872
2017-12-20,4036.02 ,4044.85 ,4015.63 ,4030.49 ,4031.75 ,9060450300,9060450300,126812.88,55.55,50.87,-7.2465,4011.624,4016.817,4063.908,117619.3043,-2.91,62.51381,0.47,4103.48,3957.86,3975,6.590355668,0.172045092,-0.001199307,0.439062905,-0.079340944
2017-12-21,4023.08 ,4080.78 ,4014.65 ,4067.85 ,4046.59 ,9683608900,9683608900,137819.52,66.55,56.1,0.5922,4019.964,4026.496,4063.639667,122165.8195,-22.15,59.455845,1.19,4096,3961.89,3978,4.443092885,0.142167545,0.009269022,0.241141814,-0.094534097
2017-12-22,4064.91 ,4076.80 ,4048.49 ,4054.60 ,4061.20 ,7347368400,7347368400,104426.5,69.97,60.72,3.8392,4034.712,4031.618,4061.729333,119356.2898,-23.6,59.608115,0.49,4084.92,3968.01,3984,4.453483241,0.142476634,-0.003257275,-0.311303198,-0.896566913
2017-12-25,4057.42 ,4086.93 ,4026.45 ,4041.54 ,4053.09 ,9192696200,9192696200,129938.84,67.26,62.9,4.0535,4045.962,4028.822,4058.845,122999.1877,-14.06,60.04304,-0.11,4083.9,3968.18,3990,3.516639079,0.134847861,-0.003220615,-0.295546659,-0.835514398
2017-12-26,4040.62 ,4056.86 ,4015.30 ,4053.62 ,4041.60 ,9111879000,9111879000,119725.1,68.85,64.88,5.5553,4049.62,4032.582,4057.320667,123744.567,-27.58,59.81184,0.1,4083.56,3968.3,3998,3.334282125,0.135192151,0.002989529,-0.299661148,-0.819554551
2017-12-27,4045.28 ,4047.74 ,3986.74 ,3991.21 ,4017.74 ,10515357700,10515357700,140516.91,52.42,60.73,-1.735,4041.764,4026.694,4054.572,126485.3728,-13.99,59.634005,-1.25,4080.86,3964.74,4087,2.422978019,0.145968552,-0.015397315,-0.084065048,-0.952730739
2017-12-28,3993.00 ,4036.70 ,3980.24 ,4018.90 ,4007.21 ,11854288600,11854288600,153636.7,49.22,56.89,-2.6499,4031.974,4025.969,4051.701667,129648.8077,-21.5,59.21733,-0.32,4081.01,3965.88,4085,3.339874118,0.142266561,0.006937725,-0.149088565,-0.858448009
2017-12-29,4022.88 ,4043.14 ,4012.87 ,4030.85 ,4027.44 ,9048668300,9048668300,121257.04,48.63,54.14,-1.5237,4027.224,4030.968,4048.701667,133014.9162,-19.75,60.2261,0.09,4081.46,3968.7,4081,3.772770412,0.142362321,0.002975319,-0.308941905,-0.612501326
2018-01-02,4045.21 ,4087.78 ,4045.21 ,4087.40 ,4066.40 ,14693543500,14693543500,178402.03,65.63,57.97,6.5186,4036.396,4041.179,4046.820667,142707.555,-27.8,61.437915,1.26,4091.27,3965.74,3980,5.945671891,0.149469013,0.014028364,-0.131078957,-0.537169815
2018-01-03,4091.46 ,4140.05 ,4088.73 ,4111.39 ,4107.91 ,15185221800,15185221800,205726.89,71.11,62.35,14.3037,4047.95,4048.785,4043.277,159907.9128,-24.61,62.999455,1.57,4104.89,3959.24,3982,10.4269583,0.149704233,0.005869573,0.276799387,-0.157030629
2018-01-04,4114.12 ,4137.64 ,4105.89 ,4128.81 ,4121.62 ,13454379400,13454379400,174523.56,78.4,67.7,20.6482,4075.47,4058.617,4039.985,166709.2426,-19.79,62.097815,1.31,4121.88,3953.55,3989,17.79336038,0.147836691,0.004236861,0.442816421,-0.070171988
2018-01-05,4133.34 ,4151.28 ,4123.28 ,4138.75 ,4136.66 ,14900987200,14900987200,185206.29,83.16,72.85,24.7555,4099.44,4065.707,4041.196667,173023.1621,-15.05,61.269985,0.96,4135.55,3956.65,3995,23.67225736,0.140149406,0.002407133,0.603977316,-0.146216108
2018-01-08,4140.85 ,4166.32 ,4127.31 ,4160.16 ,4148.66 ,17387766600,17387766600,226403.87,87.67,77.79,28.6527,4125.302,4076.263,4043.062,194052.5289,-10.64,60.486875,0.84,4154.43,3953.46,4004,27.02163449,0.138849695,0.005172817,0.621649361,-0.208329706
2018-01-09,4157.54 ,4191.28 ,4153.50 ,4189.30 ,4172.91 ,13903429400,13903429400,181975.08,91.47,82.35,33.1353,4145.682,4091.039,4047.707,194767.1383,-13.9,57.9827,1.05,4177.2,3942.66,4017,34.33462277,0.129563294,0.007004107,0.767625611,-0.16613128
2018-01-10,4187.20 ,4211.05 ,4175.14 ,4207.81 ,4195.30 ,15112166600,15112166600,194850.25,93.84,86.18,36.3176,4164.966,4106.458,4052.773333,192591.8112,-9.99,57.61626,1.03,4202.05,3936.99,4035,40.50391663,0.117635473,0.004419715,0.7129707,-0.375967237
2018-01-11,4197.11 ,4211.80 ,4181.96 ,4205.59 ,4199.12 ,12157853900,12157853900,170407.31,94.85,89.07,35.7893,4180.322,4127.896,4057.834667,191768.5611,-6.21,57.052225,0.6,4222.65,3931.94,4056,47.4504558,0.115745645,-0.00052923,0.567284063,-0.860194103
2018-01-12,4205.14 ,4227.39 ,4199.03 ,4225.00 ,4214.14 ,11135479400,11135479400,157606.21,96.13,91.42,35.6422,4197.572,4148.506,4065.131333,186248.5446,-10.6,56.679935,0.65,4244.57,3929.91,4078,57.28519301,0.112304141,0.004616408,0.426839086,-1.101124969
2018-01-15,4229.84 ,4262.93 ,4216.36 ,4225.24 ,4233.59 ,17090789700,17090789700,234986.59,90.21,91.02,33.2137,4210.588,4167.945,4072.701333,187965.0873,0.84,57.608295,0.35,4259.93,3938.98,4102,66.41832836,0.100507076,5.64E-05,0.324337653,-1.313372159
2018-01-16,4215.62 ,4260.21 ,4213.13 ,4258.47 ,4236.86 ,16149496300,16149496300,228271.23,92.53,91.52,33.6177,4224.422,4185.052,4080.688333,197224.3163,-12.93,57.955785,0.81,4279.08,3947.15,4131,74.25459194,0.101677404,0.007865519,0.303045107,-1.349271383
2018-01-17,4261.78 ,4283.34 ,4230.54 ,4248.12 ,4255.95 ,21431103200,21431103200,284554.36,87.68,90.24,30.1367,4232.484,4198.725,4087.62,215165.1374,-5.88,58.08189,0.37,4295.89,3951.62,4154,81.42319234,0.097549325,-0.002431999,0.126187171,-1.461013026
2018-01-18,4259.38 ,4292.64 ,4246.68 ,4271.42 ,4267.53 ,17203284600,17203284600,225289.69,87.51,89.33,28.6295,4245.65,4212.986,4096.14,226141.614,-19.78,58.235655,0.61,4314.07,3957.53,4180,87.53044773,0.097002582,0.005484878,-0.006906319,-1.421257803
2018-01-19,4281.94 ,4316.57 ,4269.62 ,4285.40 ,4288.38 ,20949057000,20949057000,258554.73,85.3,87.99,27.1836,4257.73,4227.651,4106.618,246331.317,-33,58.423605,0.65,4333.82,3959.54,4203,94.69375534,0.094113606,0.003272497,-0.133935253,-1.377889448
2018-01-22,4276.48 ,4338.48 ,4275.90 ,4336.60 ,4306.87 ,17464319500,17464319500,233960.22,89.82,88.6,30.5406,4280.002,4245.295,4117.725333,246126.0444,-34.4,58.75942,1.32,4360.76,3960.8,4225,104.7119326,0.096897213,0.011948117,-0.13669512,-1.062686889
2018-01-23,4346.89 ,4383.57 ,4346.79 ,4382.61 ,4364.97 ,20186758500,20186758500,257113.36,93.05,90.08,35.9999,4304.83,4264.626,4128.162333,251894.4715,-35.39,61.118915,1.81,4392.62,3963.04,4248,115.9258609,0.096818307,0.010610969,-0.04888811,-0.643138167
2018-01-24,4389.45 ,4397.82 ,4349.09 ,4389.89 ,4381.56 ,21981888900,21981888900,284470.81,94.04,91.4,37.4653,4333.184,4282.834,4140.624667,251877.7614,-37.31,61.59248,1.31,4420.84,3968.45,4275,130.0634579,0.097126188,0.001659375,-0.078303093,-0.521904097
2018-01-25,4381.98 ,4392.20 ,4336.24 ,4365.08 ,4368.88 ,19537495000,19537495000,250308.09,90.12,90.97,32.1694,4351.916,4298.783,4151.124333,256881.442,-53.92,61.34046,0.3,4430.35,3996.33,4300,140.869385,0.07456807,-0.005650694,-0.056865172,-0.628200596
2018-01-26,4352.22 ,4403.34 ,4351.49 ,4381.30 ,4372.09 ,17722723700,17722723700,223331.31,89.55,90.5,28.0769,4371.096,4314.413,4162.962667,249836.7587,-50.9,61.87232,0.23,4440.49,4022.43,4319,151.3481508,0.074045021,0.0037159,-0.028332322,-0.765303207
2018-01-29,4387.06 ,4395.91 ,4287.11 ,4302.02 ,4343.03 ,19110035400,19110035400,256176.32,73.49,84.83,12.6999,4364.18,4322.091,4173.668,254279.9788,-61.38,64.166755,-1.42,4433.42,4056.62,4403,154.5115882,0.109182506,-0.01809543,0.067425696,-1.018195432
2018-01-30,4286.68 ,4308.51 ,4251.57 ,4256.10 ,4275.72 ,13903473000,13903473000,186650.57,51,73.55,-4.7148,4338.878,4321.854,4182.695,240187.4201,-50.1,63.2686,-1.91,4426.63,4080.28,4401,154.0214888,0.11225071,-0.01067313,0.113866443,-0.934184836
2018-01-31,4234.11 ,4287.86 ,4232.77 ,4275.90 ,4257.66 ,14521016400,14521016400,194401.8,42.43,63.18,-14.095,4316.08,4324.632,4190.714,222173.6178,-37.9,61.28056,-0.93,4421.56,4101.8,4395,153.6747494,0.111783715,0.004651322,0.129925703,-0.827019562
2018-02-01,4276.34 ,4287.39 ,4214.29 ,4245.90 ,4255.98 ,19000293400,19000293400,239230.3,33.86,53.4,-24.2716,4292.244,4322.08,4197.894333,219958.0592,-26.1,62.489865,-1.08,4415.02,4120.04,4385,151.3483769,0.115836975,-0.007016256,0.241732603,-0.702056605
2018-02-02,4213.94 ,4271.76 ,4181.78 ,4271.23 ,4234.68 ,14606682700,14606682700,191169.87,36.03,47.61,-27.2965,4270.23,4320.663,4204.673667,213525.7708,-38.17,64.719335,0.02,4408.62,4139.69,4372,149.3346131,0.116923673,0.005966889,0.400504026,-0.67967599
2018-02-05,4204.46 ,4274.15 ,4200.14 ,4274.15 ,4238.23 ,16134779900,16134779900,217360.15,37.92,44.38,-28.4785,4264.656,4314.418,4211.992,205762.535,-17.45,67.185865,0.22,4403.18,4156.54,4353,146.1103174,0.116181179,0.000682192,0.579709886,-0.676588129
2018-02-06,4182.33 ,4211.52 ,4131.56 ,4148.89 ,4168.58 ,21491045000,21491045000,279415.08,27.4,38.72,-44.7387,4243.214,4291.046,4215.570333,224315.4384,26.09,67.985415,-2.22,4408.51,4147.16,4336,135.8584215,0.158141312,-0.029306624,0.275042371,-0.33455621
2018-02-07,4205.74 ,4212.57 ,4048.42 ,4050.50 ,4129.31 ,20312749300,20312749300,261507.03,18.46,31.97,-66.0658,4198.134,4257.107,4215.466333,237736.4843,6.3,73.31502,-3.52,4433.26,4106.68,4311,121.3110455,0.177453897,-0.023714416,-0.762515459,1.639220235
2018-02-08,4022.88 ,4071.67 ,3974.68 ,4012.05 ,4020.32 ,15926998500,15926998500,199061.77,15.27,26.4,-81.6497,4151.364,4221.804,4216.161,229702.7789,-18.55,76.331215,-3.36,4458.79,4061.8,4274,104.5978032,0.179398091,-0.009492662,-1.108776327,1.501608517
2018-02-09,3896.17 ,3911.29 ,3759.15 ,3840.65 ,3851.82 ,20634982800,20634982800,246774.83,15.12,22.64,-109.5999,4065.248,4167.739,4210.219333,240823.7711,65.85,81.66673,-5.52,4514.31,3967.84,4226,80.13858302,0.229397004,-0.042719961,-1.646758028,2.987119287
2018-02-12,3846.27 ,3907.84 ,3828.07 ,3890.10 ,3868.07 ,11618263700,11618263700,149858.04,18.34,21.21,-115.3978,3988.438,4126.547,4205.527667,227323.3509,37.3,85.90625,-2.47,4539.53,3909.11,4142,57.71323387,0.237271008,0.01287591,-1.362602701,1.113257306
2018-02-13,3925.60 ,3986.98 ,3925.60 ,3935.63 ,3943.45 ,11256588500,11256588500,144479.35,23.36,21.93,-107.2444,3945.786,4094.5,4200.468667,200336.2051,26.43,91.497585,-0.26,4548.12,3868.24,4073,39.20337218,0.240179199,0.01170349,-1.055753753,-0.068706773
2018-02-14,3945.09 ,3971.40 ,3923.13 ,3966.96 ,3951.65 ,7108133800,7108133800,93110.2,29.02,24.29,-92.3422,3929.078,4063.606,4195.654333,166656.8399,20.76,90.400585,0.96,4549.98,3838.25,4017,22.02043357,0.243831259,0.007960347,-0.802684358,-0.770511765
2018-02-22,4020.97 ,4058.79 ,4009.92 ,4052.73 ,4035.60 ,10581157100,10581157100,138334.36,38.35,28.98,-66.832,3937.214,4044.289,4193.118333,154511.3579,35.73,94.078615,2.93,4542.47,3823.9,3828,9.286321889,0.257689082,0.021621536,-0.609984853,-1.063231114
2018-02-23,4061.75 ,4085.20 ,4035.23 ,4071.09 ,4063.32 ,9945874600,9945874600,128195.84,48.5,35.49,-44.4619,3983.302,4024.275,4190.863,130795.5593,29.89,94.348275,2.2,4531.7,3813.23,3833,-4.453419206,0.25810687,0.004529215,-0.436137207,-1.216297757
2018-02-26,4093.40 ,4128.74 ,4048.98 ,4118.42 ,4097.39 ,13788100100,13788100100,179013.09,58.75,43.24,-21.4337,4028.966,4008.702,4189.471667,136626.5693,16.42,95.58053,2.22,4512.97,3810.15,3843,-17.44046325,0.257872829,0.011625809,-0.308038968,-1.183143941
2018-02-27,4120.87 ,4120.87 ,4051.81 ,4058.98 ,4088.13 ,12593447000,12593447000,169684.9,66.21,50.89,-12.779,4053.636,3999.711,4185.127667,141667.6786,26.58,93.791195,0.13,4483.49,3807.27,3860,-33.11367508,0.25629714,-0.014432239,-0.169576572,-1.146964155
2018-02-28,4016.79 ,4051.71 ,3991.71 ,4023.64 ,4020.96 ,10934359300,10934359300,152493.91,67.99,56.59,-10.4818,4064.972,3997.025,4178.988667,153544.4202,19.24,94.240145,-1.02,4448.69,3805.45,3876,-48.52988633,0.255999563,-0.008706398,-0.046642044,-1.11300014
2018-03-01,3994.87 ,4061.03 ,3986.89 ,4049.09 ,4022.97 ,11019985200,11019985200,146003.46,69.83,61.01,-4.507,4064.244,4000.729,4173.772,155078.2391,28.09,95.149165,-0.37,4414.16,3808.38,3891,-62.71405701,0.258698738,0.006323824,0.058244274,-0.950288742
2018-03-02,4014.95 ,4044.42 ,4006.94 ,4016.46 ,4020.69 ,9616500000,9616500000,130931.18,61.68,61.23,-3.9431,4053.318,4018.31,4166.820667,155625.3083,25.86,94.6704,-0.91,4370.3,3815.75,3905,-73.85620916,0.257570089,-0.008057447,0.0663518,-0.976582683
2018-03-05,4021.66 ,4042.83 ,3995.87 ,4018.10 ,4019.62 ,8795254800,8795254800,118197.86,56.52,59.66,-2.4172,4033.254,4031.11,4159.916,143462.2615,49.1,91.57891,-0.38,4339.63,3818.02,3918,-82.0636537,0.252672371,0.000407324,0.192285174,-0.728431131
2018-03-06,4034.99 ,4067.55 ,3998.93 ,4066.56 ,4042.01 ,13876244400,13876244400,171370.65,56.4,58.57,5.6131,4034.77,4044.203,4153.519,143799.4121,26.76,92.315915,0.79,4316.45,3822.25,3927,-88.42716602,0.256784086,0.012062352,0.309497805,-0.288227369
2018-03-07,4063.50 ,4089.70 ,4027.94 ,4036.65 ,4054.45 ,10695242600,10695242600,136572.31,49.29,55.48,7.2837,4037.372,4051.172,4146.47,140615.0914,55.65,94.099905,-0.02,4284.76,3830.02,3938,-94.46801772,0.256033234,-0.007355373,0.397237972,0.323938436
2018-03-08,4038.95 ,4078.23 ,4029.71 ,4077.60 ,4056.12 ,9115581000,9115581000,123634.64,54.18,55.05,13.9082,4043.074,4053.659,4140.009333,136141.3275,47.6,92.95951,0.85,4258.75,3839.2,3953,-99.42624183,0.259538506,0.010143675,0.434785803,1.158456553
2018-03-09,4088.07 ,4110.67 ,4076.45 ,4108.87 ,4096.02 ,11370180800,11370180800,150024.12,66.47,58.85,22.0232,4061.556,4057.437,4134.125,139959.9152,37.07,92.50821,1.16,4225.47,3856.24,3967,-102.7189897,0.260294743,0.007667525,0.131434606,1.869782959
2018-03-12,4130.71 ,4139.53 ,4112.77 ,4127.67 ,4127.67 ,14090673900,14090673900,190367.59,75.05,64.25,29.0053,4083.47,4058.362,4127.160667,154393.8621,41.67,91.043465,1.08,4188.41,3878.66,3984,-98.64401025,0.261176613,0.004575716,-0.977840724,1.014543853
2018-03-13,4124.33 ,4130.28 ,4087.56 ,4091.25 ,4108.36 ,11176643000,11176643000,141174.16,72.83,67.11,27.7971,4088.408,4061.589,4117.448667,148354.5634,55.05,89.181105,0.07,4178.47,3882.83,4006,-91.67400474,0.241240036,-0.008821668,-1.189052691,1.304504471
2018-03-14,4076.06 ,4089.09 ,4066.49 ,4073.34 ,4076.25 ,9901340900,9901340900,131537.96,66.53,66.92,23.8179,4095.746,4066.559,4106.897,147347.6941,62.54,82.10409,-0.55,4180.61,3882.98,4025,-84.0254295,0.225657095,-0.00437729,-1.206589503,1.273232848
2018-03-15,4058.71 ,4098.99 ,4058.71 ,4096.16 ,4078.14 ,8816115600,8816115600,126882.45,67.62,67.15,23.4548,4099.458,4071.266,4097.933,147997.2572,64.96,79.26888,-0.08,4187.2,3884.8,4041,-67.04865803,0.223302228,0.005601785,-1.29887078,1.345781093
2018-03-16,4096.89 ,4110.05 ,4055.82 ,4056.42 ,4079.80 ,8489618800,8489618800,122125.34,58.71,64.34,17.3389,4088.968,4075.262,4087.103667,142417.5017,72.42,74.372765,-0.8,4166.89,3926.68,4055,-55.38032513,0.155394215,-0.009701788,-1.181756459,1.424049224
2018-03-19,4054.62 ,4074.52 ,4033.52 ,4074.25 ,4059.23 ,8150288200,8150288200,118183.82,52.97,60.55,15.2464,4078.284,4080.877,4079.511333,127980.746,73.65,68.98775,-0.1,4151.17,3960.82,4034,-45.68053387,0.150977389,0.00439434,-0.92965078,1.143965615
2018-03-20,4045.74 ,4080.19 ,4040.31 ,4077.70 ,4060.99 ,8060528000,8060528000,111980.23,49.88,56.99,13.9151,4075.574,4081.991,4073.564667,122141.9607,77.9,63.375745,0.05,4139.88,3986.31,4040,-37.85937218,0.146944306,0.000848304,-0.582107507,0.793965546
2018-03-21,4097.02 ,4110.12 ,4046.24 ,4061.05 ,4078.61 ,9760948800,9760948800,139330.41,41.91,51.97,10.5336,4073.116,4084.431,4066.403,123700.4512,89.65,64.452265,-0.3,4129.91,4005.69,4046,-35.55055357,0.146460043,-0.004084137,0.126211064,-0.337309852
2018-03-22,4062.07 ,4072.38 ,4003.72 ,4020.35 ,4039.63 ,8909525900,8909525900,127664.34,32.02,45.32,2.9506,4057.954,4078.706,4058.884667,123856.8282,90.95,61.102015,-0.93,4131.55,4000.82,4110,-36.31002089,0.130571945,-0.010022334,0.100282712,-0.60729272
2018-03-23,3896.74 ,3928.51 ,3834.94 ,3904.94 ,3891.28 ,18008044900,18008044900,218905.03,29.25,39.96,-16.4106,4027.658,4058.313,4046.675,143212.7661,180.94,62.01669,-3.05,4155.09,3960.66,4108,-45.16867485,0.164079193,-0.028707334,-1.528932943,4.275652272
2018-03-26,3862.69 ,3883.90 ,3829.92 ,3879.89 ,3864.10 ,11513912800,11513912800,156604.53,25.44,35.12,-30.5686,3988.786,4033.535,4033.533,150896.9085,106.49,60.040385,-2.73,4167.39,3924.5,4097,-51.8646211,0.156492468,-0.006413038,-1.651205423,3.007502354
2018-03-27,3927.49 ,3936.78 ,3881.87 ,3913.27 ,3914.85 ,11370071100,11370071100,162291.55,26.88,32.37,-33.1959,3955.9,4015.737,4025.679,160959.171,80.47,61.78912,-1.08,4173.55,3903.77,4081,-54.79002005,0.155351783,0.008602273,-1.289071666,1.059551846
2018-03-28,3865.05 ,3907.28 ,3835.88 ,3842.72 ,3862.73 ,10149490800,10149490800,155848.95,19.44,28.06,-41.6476,3912.234,3992.675,4018.753,164262.8788,105.72,62.358745,-1.78,4190.51,3868.72,4066,-62.36905905,0.164295105,-0.018029275,-1.227835845,0.488837218
2018-03-29,3854.59 ,3913.96 ,3794.26 ,3894.05 ,3864.22 ,11662906600,11662906600,164996.78,23.49,26.54,-37.6558,3886.974,3972.464,4014.819667,171729.3678,83.45,64.636645,0.18,4193.4,3850.33,4052,-65.37116609,0.17086377,0.01335886,-0.942763768,-0.458875215
2018-03-30,3893.75 ,3915.35 ,3879.21 ,3898.50 ,3896.70 ,9751227000,9751227000,137959.28,26.66,26.58,-31.9716,3885.686,3956.672,4016.748,155540.2177,80.7,67.814745,0.33,4196.17,3835.76,4031,-68.08257279,0.169602942,0.00114223,-0.744615218,-1.032857622
2018-04-02,3897.01 ,3937.02 ,3882.89 ,3886.92 ,3900.96 ,11124266600,11124266600,159356.08,27.55,26.9,-27.4978,3887.092,3937.939,4016.642,156090.5282,94.92,68.356865,0,4198.61,3820.2,4012,-73.66073415,0.169525858,-0.002970067,-0.560301806,-1.458113257
2018-04-03,3850.15 ,3878.15 ,3839.93 ,3862.48 ,3857.68 ,9513736900,9513736900,132049.94,26.55,26.78,-25.5959,3876.934,3916.417,4014.203667,150042.2061,78.28,66.68367,-0.37,4197.24,3801.17,3995,-78.68639744,0.162272511,-0.006287577,-0.346178257,-1.726815622
2018-04-04,3873.63 ,3898.61 ,3852.50 ,3854.86 ,3869.90 ,8873060900,8873060900,131593.07,31.85,28.47,-23.2005,3879.362,3895.798,4010.467,145191.0295,79.86,65.0794,-0.63,4197.38,3782.85,3979,-85.88895757,0.161279683,-0.001972075,-0.169549001,-1.895183102
2018-04-09,3851.95 ,3870.67 ,3827.41 ,3852.93 ,3850.74 ,8410546200,8410546200,118167.27,34.93,30.62,-19.8422,3871.138,3879.056,4003.807,135825.1276,77.13,64.727915,-0.47,4190.49,3767.27,3968,-94.39130969,0.154730618,-0.000501522,0.035457856,-1.930087899
2018-04-10,3860.72 ,3927.42 ,3851.80 ,3927.17 ,3891.78 ,10617372200,10617372200,137941.3,54.32,38.52,-6.2893,3876.872,3881.279,3999.009667,135821.5316,71.77,65.680515,1.3,4173.36,3766.23,3954,-99.69640921,0.169625642,0.019269417,0.208710204,-1.821094672
2018-04-11,3934.17 ,3958.71 ,3924.96 ,3938.34 ,3939.05 ,11193302100,11193302100,139989.29,65.42,47.49,4.9073,3887.156,3887.124,3993.007,131948.1737,75.34,67.872475,1.32,4150.12,3770.54,3959,-102.3570837,0.168813483,0.002844413,0.319804732,-1.742488539
2018-04-12,3935.67 ,3937.78 ,3896.18 ,3898.64 ,3917.07 ,8269949000,8269949000,108075.57,64.77,53.25,7.5362,3894.388,3885.661,3987.662333,127153.2996,77.64,67.816715,0.11,4131.87,3769.53,3946,-105.9746946,0.169523753,-0.010082412,0.528436088,-1.490663585
2018-04-13,3920.74 ,3929.95 ,3866.19 ,3871.14 ,3897.01 ,7154420300,7154420300,98921.83,54.28,53.59,6.197,3897.644,3888.503,3982.579,120619.0514,81.74,69.874785,-0.68,4115.4,3765.78,3934,-111.9268798,0.170206927,-0.007051467,0.769967225,-1.076623241
2018-04-16,3862.47 ,3869.16 ,3789.61 ,3808.86 ,3832.53 ,9921777000,9921777000,131566.87,39.98,49.06,-2.0123,3888.83,3879.984,3974.571333,123298.97,90.06,71.83782,-2.06,4094.3,3758.15,3926,-118.7085158,0.173947806,-0.016088602,0.845751914,-0.597067271
2018-04-17,3812.87 ,3822.63 ,3745.44 ,3748.64 ,3782.40 ,9061079000,9061079000,126518.75,27.15,41.76,-13.8297,3853.124,3864.998,3965.644,121014.4604,81.24,72.985775,-2.71,4084.97,3736.7,3909,-129.053425,0.178167891,-0.015810965,0.66437561,0.224891526
2018-04-18,3785.31 ,3789.66 ,3708.11 ,3766.28 ,3762.34 ,10667670600,10667670600,143077.68,25.84,36.45,-17.3201,3818.712,3852.934,3957.25,121632.1375,82.48,75.01357,-1.37,4063.07,3727.8,3886,-138.1718588,0.178363523,0.004705919,0.630942865,0.731932731
2018-04-19,3774.78 ,3824.03 ,3767.80 ,3811.84 ,3794.61 ,9905406000,9905406000,127520.12,31.02,34.64,-11.8051,3801.352,3847.87,3948.759333,125521.0487,67.04,78.47629,0.28,4029.91,3734.38,3858,-143.7236259,0.186558237,0.012097076,0.565025508,1.212368256
2018-04-20,3801.21 ,3815.44 ,3750.10 ,3760.85 ,3781.90 ,9928292500,9928292500,123550.67,27.7,32.33,-13.2311,3779.294,3838.469,3939.566,130446.8162,84.25,78.252935,-0.49,3998.45,3735.82,3834,-149.5121796,0.189975242,-0.01337639,0.029277936,0.536290931
2018-04-23,3754.69 ,3787.40 ,3735.18 ,3766.33 ,3760.90 ,9035629100,9035629100,111763.03,26.21,30.29,-11.6952,3770.788,3829.809,3929.190333,126486.0491,86.33,77.430675,-0.12,3971.74,3737.12,3814,-148.9670606,0.189364306,0.001454829,-0.564394751,-0.866577414
2018-04-24,3769.88 ,3854.43 ,3769.88 ,3843.49 ,3809.42 ,11421952500,11421952500,145700.51,37.12,32.57,0.7923,3789.758,3821.441,3920.344333,130322.4013,83.49,78.71422,1.42,3966.3,3736.42,3735,-143.3389276,0.18088571,0.02048758,-0.461811086,-0.827308957
2018-04-25,3824.59 ,3838.69 ,3817.03 ,3828.70 ,3827.25 ,7817261200,7817261200,105750.45,42.87,36,7.7515,3802.242,3810.477,3910.378667,122856.956,81.5,79.455615,0.7,3963.34,3734.26,3738,-140.4003512,0.180048785,-0.003847312,-0.32839134,-0.881261453
2018-04-26,3823.39 ,3828.71 ,3744.89 ,3755.49 ,3788.12 ,8715064100,8715064100,125772.31,38.38,36.79,3.4067,3790.972,3796.162,3899.186667,122507.3926,88.49,78.303875,-0.94,3958.45,3723.37,3740,-137.7414036,0.188100348,-0.019120686,-0.16485778,-1.046071693
2018-04-27,3771.04 ,3776.98 ,3714.64 ,3756.88 ,3754.89 ,8953172600,8953172600,142113.63,36.7,36.76,1.7185,3790.178,3784.736,3888.638,126219.9852,66.68,77.85048,-0.88,3960.01,3713.23,3715,-137.7129984,0.178263593,0.000368101,-0.058031358,-1.297183485
2018-05-02,3769.93 ,3787.30 ,3744.55 ,3763.65 ,3766.36 ,8330103500,8330103500,120083.48,37.12,36.88,2.4666,3789.642,3780.215,3877.554333,127884.0755,64.65,75.49858,-0.69,3954.48,3705.71,3717,-137.5699285,0.170453133,0.001801922,0.153650418,-1.295102789
2018-05-03,3756.17 ,3797.53 ,3732.37 ,3793.00 ,3769.77 ,9396111800,9396111800,122740.17,43.43,39.07,7.5788,3779.544,3784.651,3868.773667,123292.0067,70.8,72.702055,0.36,3945.9,3703.75,3720,-135.3873721,0.17351603,0.007799352,0.360012829,-1.054650999
2018-05-04,3784.32 ,3801.52 ,3770.94 ,3774.60 ,3782.85 ,7155428800,7155428800,98315.26,43.25,40.46,9.0466,3768.724,3785.483,3858.785333,121804.9678,81.6,73.269405,0.16,3938.56,3699.85,3722,-133.0120785,0.173876613,-0.004851569,0.589720742,-0.755606524
2018-05-07,3782.54 ,3834.59 ,3776.03 ,3834.19 ,3806.84 ,8728619500,8728619500,126354.8,57.34,46.09,18.0868,3784.464,3787.718,3850.668333,121921.467,75.59,74.540965,1.31,3935.65,3699.94,3724,-127.3952146,0.183013418,0.015787005,0.670336446,-0.55729106
2018-05-08,3834.61 ,3892.07 ,3833.73 ,3878.68 ,3859.77 ,9421515700,9421515700,135445.86,69.05,53.74,29.4309,3808.824,3799.501,3844.589333,120587.914,78.68,77.40918,1.83,3938.88,3699.09,3728,-119.7380788,0.187664868,0.01160324,0.61790586,-0.75275246
2018-05-09,3876.13 ,3878.94 ,3855.74 ,3871.62 ,3870.61 ,6671296600,6671296600,92322.9,75.52,61,34.9776,3830.418,3810.03,3839.631667,115035.7966,95.02,77.506625,1.08,3941.22,3698.62,3738,-116.5290599,0.187798929,-0.001820595,0.573413002,-0.890626407
2018-05-10,3882.84 ,3894.49 ,3867.31 ,3893.06 ,3884.43 ,7066780900,7066780900,103255.14,83.42,68.47,40.1578,3850.43,3814.987,3839.235667,111138.791,86.06,74.443605,1.11,3933.99,3702.43,3747,-112.9669519,0.175517858,0.005538076,0.503619465,-0.949528246
2018-05-11,3902.15 ,3903.34 ,3871.95 ,3872.84 ,3887.57 ,7335660400,7335660400,107715.46,83.56,73.5,39.4278,3870.078,3819.401,3839.000667,113018.8314,83.64,70.899505,0.07,3919.58,3710.3,3759,-108.6084593,0.175849468,-0.0051934,0.249818548,-1.534887948
2018-05-14,3886.87 ,3919.30 ,3886.87 ,3909.29 ,3900.58 ,8197599900,8197599900,122520.05,87.25,78.08,42.175,3885.098,3834.781,3838.868,112251.8809,89.89,71.186645,0.62,3922,3708.94,3773,-101.2705863,0.175803501,0.009412993,0.301619468,-1.417904985
2018-05-15,3920.14 ,3924.34 ,3892.92 ,3924.10 ,3915.38 ,7604955500,7604955500,106091.91,91.46,82.54,44.0994,3894.182,3851.503,3841.580667,106381.0895,92.3,69.8718,0.77,3932.79,3703.44,3791,-90.44533202,0.174111239,0.003786925,0.431873379,-1.209170681
2018-05-16,3909.82 ,3923.34 ,3889.19 ,3892.84 ,3903.80 ,7191364600,7191364600,106533.93,87.46,84.18,39.4266,3898.426,3864.422,3841.540333,109223.2963,102.44,67.602385,-0.14,3941.62,3703.01,3810,-78.71291542,0.165772835,-0.007964456,0.263644745,-1.505041797
2018-05-17,3895.49 ,3899.51 ,3858.85 ,3864.05 ,3879.48 ,5903012300,5903012300,87104.17,78.09,82.15,31.0892,3892.624,3871.527,3840.392,105993.1012,100.05,65.776335,-0.73,3943.49,3712.69,3826,-69.88883465,0.156679671,-0.00739652,0.100665786,-1.520001414
2018-05-18,3860.16 ,3903.06 ,3841.90 ,3903.06 ,3877.05 ,7261395600,7261395600,96823.85,77.57,80.62,29.4746,3898.668,3884.373,3840.93,103814.7801,78.46,64.757105,0.11,3951.11,3718.74,3839,-61.83335792,0.159249719,0.0100964,-0.099555895,-1.522798222
2018-05-21,3925.54 ,3937.46 ,3913.60 ,3921.24 ,3924.46 ,9264173700,9264173700,120528.73,79.39,80.21,29.4327,3901.058,3893.078,3842.888667,103416.5157,75.84,63.739075,0.52,3962.17,3718.62,3851,-50.72230002,0.155055231,0.00465747,-0.216987289,-1.548344653
2018-05-22,3918.82 ,3918.82 ,3881.17 ,3906.21 ,3906.26 ,7536877800,7536877800,102883.35,75.36,78.59,26.0728,3897.48,3895.831,3844.600333,102774.8035,69.41,62.354355,0.22,3966.77,3728.56,3865,-41.19206502,0.146321164,-0.003833989,-0.42255189,-1.354240258
2018-05-23,3898.27 ,3898.27 ,3854.58 ,3854.58 ,3876.43 ,8372231900,8372231900,110684.5,54.66,70.62,16.0786,3889.828,3894.127,3844.655333,103604.9181,76.78,61.9281,-0.91,3964.87,3739.29,3937,-38.57776677,0.155972287,-0.013216295,-0.58341459,-0.959619283
2018-05-24,3853.29 ,3859.10 ,3823.92 ,3827.22 ,3840.88 ,6834502200,6834502200,93408.22,37.41,59.55,5.511,3882.462,3887.543,3841.323667,104865.7291,71.62,57.724845,-1.42,3964.55,3737.98,3936,-36.72310343,0.141029601,-0.007099472,-0.532667516,-1.041227499
2018-05-25,3823.74 ,3841.12 ,3804.13 ,3816.50 ,3821.37 ,7083638600,7083638600,95667.54,28.03,49.04,-2.7507,3865.15,3881.909,3837.262333,104634.4675,85.5,56.13365,-1.26,3964.58,3736.73,3931,-31.83675326,0.140718793,-0.00280073,-0.497676594,-1.116042324
2018-05-28,3816.26 ,3846.55 ,3799.32 ,3833.26 ,3823.85 ,7152113200,7152113200,100001.64,26.88,41.65,-5.6203,3847.554,3874.306,3835.083,100529.0501,78.66,54.303855,-0.37,3959.77,3749.32,3923,-26.4257456,0.121824833,0.004391958,-0.53452515,-0.83181602
2018-05-29,3824.19 ,3841.78 ,3800.67 ,3804.01 ,3817.66 ,8155266200,8155266200,117288.58,19.05,34.12,-10.8195,3827.114,3862.297,3832.845333,103410.0973,81.61,53.310255,-0.6,3954.77,3759.03,3914,-23.08629832,0.125671038,-0.007630738,-0.424505945,-0.903508791
2018-05-30,3755.18 ,3767.89 ,3722.07 ,3723.37 ,3742.13 ,8791328500,8791328500,115858.98,12.9,27.05,-23.7408,3800.872,3845.35,3829.995667,104444.9918,73.37,51.968115,-2.04,3962.05,3747.72,3904,-25.4133684,0.147868812,-0.021197871,-0.794691683,0.258010057
2018-05-31,3749.30 ,3804.79 ,3742.53 ,3802.38 ,3774.75 ,9266689400,9266689400,130545.42,21.03,25.04,-20.3938,3795.904,3839.183,3831.787,111872.4323,76.38,52.84636,0.17,3961.46,3749.25,3886,-22.75380998,0.164269101,0.021218264,-0.812153825,0.382881791
2018-06-01,3789.67 ,3802.54 ,3753.84 ,3770.59 ,3779.16 ,7782181300,7782181300,105934.87,22.24,24.11,-21.121,3786.722,3825.936,3831.930667,113925.8967,79.39,52.38913,-0.43,3961.91,3748.39,3870,-24.79604948,0.166158443,-0.008359721,-0.816446344,0.353099704
2018-06-04,3785.19 ,3813.41 ,3776.62 ,3807.58 ,3795.70 ,7662434100,7662434100,115146.47,31,26.41,-15.5369,3781.586,3814.57,3831.788667,116954.8626,86.38,52.185065,0.69,3962.33,3745.31,3855,-27.11117701,0.159959479,0.009809873,-0.731895916,0.055608805
2018-06-05,3811.29 ,3845.56 ,3800.93 ,3845.32 ,3825.78 ,7868736000,7868736000,121261.47,50.65,34.49,-6.1586,3789.848,3808.481,3834.604333,117749.4399,89.12,49.8302,1.46,3960.08,3744.23,3743,-27.07055816,0.158412882,0.009911366,-0.646725577,0.024273342
2018-06-06,3839.68 ,3848.33 ,3830.90 ,3837.35 ,3839.07 ,7311723700,7311723700,107142.04,64.2,44.39,-0.7138,3812.644,3806.758,3836.971667,116006.0531,86.35,49.939935,0.65,3958.15,3742.73,3745,-28.50230025,0.158444646,-0.002071429,-0.548470673,-0.04281377
2018-06-07,3846.94 ,3859.85 ,3827.69 ,3831.01 ,3841.37 ,8025614700,8025614700,112365.71,69.16,52.65,2.1896,3818.37,3807.137,3836.555667,112370.1108,80.61,49.610395,0.33,3953.45,3741.23,3749,-29.16846024,0.156900138,-0.001651738,-0.411786212,-0.002221068
2018-06-08,3819.45 ,3819.46 ,3759.27 ,3779.62 ,3794.45 ,8333733500,8333733500,107818.8,60.03,55.11,-2.407,3820.176,3803.449,3834.919667,112746.8973,89.62,50.818375,-1.06,3952.2,3733.16,3755,-34.19390722,0.162650475,-0.013416008,-0.206486272,-0.404617071
2018-06-11,3770.21 ,3792.55 ,3756.51 ,3779.98 ,3774.81 ,6870983400,6870983400,105597.93,54.03,54.75,-4.8528,3814.656,3798.121,3835.736,110837.1885,74.98,50.252655,-0.91,3944.44,3727.99,3757,-39.68999686,0.157906431,9.68E-05,-0.013784358,-0.413215159
2018-06-12,3783.19 ,3830.47 ,3765.26 ,3825.95 ,3801.22 ,7320624400,7320624400,116217.14,59.72,56.41,0.0101,3810.782,3800.315,3838.038333,109828.323,89.75,52.07701,0.4,3931.34,3731.27,3763,-41.05003702,0.164341187,0.012161858,-0.007019252,-0.028257668
2018-06-13,3814.62 ,3817.45 ,3782.07 ,3788.34 ,3800.62 ,6637797000,6637797000,97185.5,50.66,54.49,-1.4687,3800.98,3806.812,3838.861333,107837.0144,91.34,52.97865,-0.33,3923.47,3728.69,3769,-42.78311517,0.165496232,-0.009831353,0.193317717,0.237061865
2018-06-14,3774.64 ,3808.16 ,3759.25 ,3773.37 ,3778.86 ,6847132200,6847132200,99234.02,39.21,49.4,-3.9519,3789.452,3803.911,3838.207,105210.6753,89.17,53.39125,-0.42,3919.93,3723.16,3759,-47.12886941,0.164265254,-0.00395255,0.396812385,0.26676201
2018-06-15,3763.04 ,3780.34 ,3737.43 ,3753.43 ,3758.56 ,8548889300,8548889300,109534.9,30.5,43.1,-7.5597,3784.214,3802.195,3837.501333,105553.8958,77.43,52.478295,-0.81,3909.05,3719.08,3830,-53.16284094,0.159302478,-0.005282208,0.502413626,0.706523951
2018-06-19,3702.67 ,3712.82 ,3583.02 ,3621.12 ,3654.91 ,16070654200,16070654200,193848.8,24.92,37.04,-26.0084,3752.442,3783.549,3830.399,123204.0703,101.12,54.18983,-3.5,3915.22,3682.9,3829,-64.75927389,0.197439987,-0.035252307,-1.355615989,4.033818509
2018-06-20,3602.55 ,3649.34 ,3578.17 ,3635.44 ,3616.38 ,8671809800,8671809800,112804.81,23.39,32.49,-34.0176,3714.34,3762.561,3822.291,122521.605,77.24,55.865595,-2.12,3911.77,3659.27,3819,-72.4782552,0.199439463,0.003956514,-1.633558406,2.434656165
2018-06-21,3633.56 ,3673.56 ,3589.49 ,3592.97 ,3622.40 ,9390855200,9390855200,115584.15,17.55,27.51,-42.2346,3675.266,3738.123,3813.002667,126201.335,81.77,58.450715,-2.24,3920.83,3624.05,3804,-80.56694244,0.198511468,-0.011684571,-1.481229904,1.26565043
2018-06-22,3567.89 ,3609.08 ,3542.46 ,3608.90 ,3582.08 ,7511786400,7511786400,89687.28,19.39,24.8,-42.6008,3642.372,3715.912,3803.530667,124291.9884,78.1,60.022655,-0.92,3924.37,3598.68,3791,-86.91826532,0.199954336,0.004436336,-1.162846141,0.016238848
2018-06-25,3625.80 ,3631.03 ,3559.03 ,3560.48 ,3594.09 ,7987707800,7987707800,106690.35,15.01,21.54,-46.1433,3603.782,3693.998,3793.118667,123723.0773,98.68,62.601625,-1.2,3932.3,3565.15,3771,-96.21146205,0.203440767,-0.013418725,-0.970657382,-0.514160152
2018-06-26,3521.59 ,3541.78 ,3478.21 ,3531.11 ,3518.17 ,8498526900,8498526900,108132.17,15.21,19.43,-48.9545,3585.78,3669.111,3780.512667,106579.7513,103.91,63.418465,-1.52,3936.61,3530.63,3753,-105.0457939,0.201916979,-0.00824791,-0.828131918,-0.816055648
2018-06-27,3525.13 ,3537.66 ,3441.79 ,3459.26 ,3490.96 ,8149181700,8149181700,107628.9,11.73,16.86,-56.4701,3550.544,3632.442,3765.018,105544.5681,146.66,66.089125,-2.57,3950.38,3482.38,3725,-112.9990193,0.209958416,-0.020347448,-0.81248482,-0.593514516
2018-06-28,3434.94 ,3477.06 ,3416.95 ,3423.53 ,3438.12 ,7591805100,7591805100,98570.53,8.42,14.05,-61.8017,3516.656,3595.961,3749.374333,102141.8437,119.93,66.803805,-2.65,3969.45,3433.33,3691,-126.2915883,0.201827946,-0.0103307,-0.776024262,-0.714278277
2018-06-29,3431.96 ,3512.38 ,3425.22 ,3510.98 ,3470.14 ,7725703100,7725703100,97616.37,16.21,14.77,-49.6217,3497.072,3569.722,3737.605333,103727.6608,100.98,67.439595,0.4,3963.31,3410.33,3653,-132.9572389,0.209251998,0.025546473,-0.530085427,-1.171737828
2018-07-02,3504.46 ,3506.90 ,3383.50 ,3407.96 ,3450.71 ,8435144900,8435144900,107601.54,13.62,14.38,-51.302,3466.568,3535.175,3721.102,103909.8998,117.96,70.60915,-1.69,3968.61,3368.76,3620,-146.2900919,0.22814557,-0.029342397,-0.396383369,-1.330279907
2018-07-03,3410.48 ,3422.04 ,3319.29 ,3409.28 ,3390.27 ,9527869300,9527869300,129898.02,17.54,15.44,-48.1472,3442.202,3513.991,3704.036667,108263.0702,106.48,72.768345,-0.96,3962.44,3335.1,3582,-160.7774023,0.222424613,0.000386242,-0.226081897,-1.471611322
2018-07-04,3398.78 ,3418.33 ,3359.09 ,3363.75 ,3384.99 ,7515799700,7515799700,93648.56,16.45,15.78,-47.9972,3423.1,3486.822,3685.954667,105467.0027,90.95,74.27314,-1.73,3948.6,3300.78,3535,-176.4187222,0.216343074,-0.013355547,-0.129162082,-1.462290357
2018-07-05,3365.55 ,3398.49 ,3330.71 ,3342.44 ,3359.30 ,8158798100,8158798100,97544.62,13.44,15,-46.5376,3406.882,3461.769,3668.883333,105261.8212,95.84,75.29164,-1.89,3930.99,3268.9,3496,-192.0265311,0.215664087,-0.006335018,-0.032729619,-1.430618187
2018-07-06,3347.06 ,3396.25 ,3295.73 ,3365.12 ,3351.04 ,8609757900,8609757900,109481.94,18.36,16.12,-38.6131,3377.71,3437.391,3653.48,107634.9362,92.92,78.70944,-0.37,3904.79,3248.51,3464,-203.1498646,0.220399826,0.006786903,0.108199959,-1.426647277
2018-07-09,3378.91 ,3459.32 ,3378.91 ,3459.18 ,3419.08 ,7660154500,7660154500,100918.86,34.76,22.33,-17.8531,3387.954,3427.261,3641.569333,106298.4008,81.78,83.879275,2.1,3878.16,3243.1,3296,-209.0322763,0.249362384,0.02795173,0.311126004,-1.230089855
2018-07-10,3464.91 ,3474.14 ,3437.27 ,3467.52 ,3460.96 ,6954882300,6954882300,90127.45,49.61,31.42,-1.0368,3399.602,3420.902,3629.378,98344.2861,77.32,86.839315,2,3847.49,3242.52,3299,-216.5025575,0.250051975,0.002408603,0.513487532,-0.870243192
2018-07-11,3398.93 ,3427.57 ,3375.14 ,3407.53 ,3402.29 ,7204095000,7204095000,89661.51,50.27,37.71,3.7074,3408.358,3415.729,3616.162,97546.8757,89.73,85.762825,-0.02,3801.6,3246.57,3306,-224.7178996,0.246308422,-0.01729936,0.629234296,-0.635820579
2018-07-12,3403.33 ,3499.10 ,3403.33 ,3481.06 ,3446.71 ,9635356400,9635356400,117805.52,62.77,46.06,17.6696,3436.082,3421.482,3608.085,101599.0548,64.66,89.35105,1.31,3757.14,3260.31,3313,-228.0974847,0.26375761,0.021577567,0.72624737,-0.178476011
2018-07-13,3488.50 ,3499.76 ,3474.91 ,3492.69 ,3488.97 ,7295589700,7295589700,99800.19,74.02,55.38,28.7367,3461.596,3419.653,3597.762,99662.7033,81.29,91.727095,0.9,3709.6,3279.77,3324,-229.7298154,0.265124611,0.003342032,0.685723453,0.103639213
2018-07-16,3488.97 ,3506.24 ,3459.73 ,3472.09 ,3481.76 ,6828199900,6828199900,90754.29,77.28,62.68,33.2299,3464.178,3426.066,3587.812,97629.7881,78.49,91.90688,0.23,3657.74,3303.51,3338,-225.6948596,0.265178177,-0.005899121,0.299766939,-0.878983474
2018-07-17,3466.42 ,3467.19 ,3420.97 ,3449.38 ,3450.99 ,6198307600,6198307600,85720.56,75.85,67.07,33.0221,3460.55,3430.076,3575.872,96748.4117,82.38,87.7278,-0.32,3636.68,3307.39,3355,-223.7134317,0.237208638,-0.006540334,0.428282566,-0.457427853
2018-07-18,3456.61 ,3479.26 ,3430.16 ,3431.32 ,3449.34 ,6653033000,6653033000,88556.87,72.03,68.72,30.3969,3465.308,3436.833,3562.072,96527.4849,87.12,87.084325,-0.98,3608.11,3315.55,3370,-220.6098751,0.236172933,-0.005234162,0.416763958,-0.259361504
2018-07-19,3444.80 ,3466.51 ,3417.96 ,3428.34 ,3439.40 ,6847771600,6847771600,88804.91,61.55,66.33,28.2496,3454.764,3445.423,3548.438333,90727.3635,73.54,84.74206,-0.76,3586.74,3320.45,3384,-218.6074613,0.233904073,-0.000868382,0.512573714,0.342924863
2018-07-20,3426.46 ,3505.93 ,3398.95 ,3492.89 ,3456.06 ,10198472700,10198472700,122196.95,70.97,67.88,35.0693,3454.804,3458.2,3537.167667,95206.7173,62.69,86.759865,1.1,3561.08,3334.51,3396,-211.0562833,0.244575059,0.018828571,-0.011141167,-0.289624892
2018-07-23,3471.86 ,3527.53 ,3464.65 ,3525.75 ,3497.45 ,11903662700,11903662700,143960.93,80.26,72.01,43.0271,3465.536,3464.857,3528.705333,105848.0458,73.95,88.760435,1.74,3552.96,3339.16,3407,-200.7715141,0.243317143,0.00940667,-0.271468968,-0.592935608
2018-07-24,3530.66 ,3596.51 ,3530.66 ,3581.71 ,3559.89 ,15691243500,15691243500,177448.95,84.34,76.12,54.1314,3492.002,3476.276,3522.096333,124193.7239,56.71,92.17527,2.57,3565.85,3331.32,3421,-184.6107584,0.248014769,0.015870494,0.196076882,0.187910815
2018-07-25,3589.51 ,3589.98 ,3566.31 ,3577.75 ,3580.89 ,9675850100,9675850100,112176.69,86.4,79.54,58.8544,3521.288,3493.298,3513.823,128917.6881,55.35,90.347675,1.6,3585.25,3323.78,3446,-167.6688855,0.235168983,-0.001103804,0.289437429,-0.222771323
2018-07-26,3583.32 ,3593.92 ,3528.64 ,3536.25 ,3560.53 ,9034964100,9034964100,105577.29,80.76,79.95,54.4047,3542.87,3498.817,3505.42,132272.1636,57.25,90.606155,-0.19,3594.92,3325.38,3467,-158.0223862,0.236085822,-0.011601307,0.09478791,-0.545910373
2018-07-27,3533.77 ,3545.41 ,3512.70 ,3521.23 ,3528.28 ,7017810400,7017810400,81192.18,74.47,78.12,47.6947,3548.538,3501.671,3497.015333,124071.2078,45.23,87.469485,-0.77,3596.32,3325.01,3485,-144.4581119,0.219607167,-0.004247075,0.085850802,-0.602513924
2018-07-30,3520.85 ,3550.90 ,3489.55 ,3515.08 ,3519.10 ,8211699500,8211699500,96183.1,69.24,75.16,40.9431,3546.404,3505.97,3489.070333,114515.6412,52.08,84.367165,-0.88,3601.37,3330.67,3490,-131.9452413,0.189406222,-0.00174584,-0.119933345,-0.577264954
2018-07-31,3510.47 ,3528.15 ,3493.15 ,3517.66 ,3512.36 ,6798081700,6798081700,80022.15,66.19,72.17,35.5404,3533.594,3512.798,3485.621667,95030.2808,44.26,81.15985,-0.45,3605.9,3336.97,3493,-117.6525042,0.189382021,0.000733241,-0.329960998,-0.431773529
2018-08-01,3530.03 ,3543.61 ,3446.78 ,3447.39 ,3491.95 ,9034861700,9034861700,107477.22,52.3,65.55,21.8871,3507.522,3514.405,3479.353333,94090.3849,71.39,81.049215,-1.71,3600.87,3350.37,3551,-106.522364,0.197781202,-0.019975968,-0.337171848,0.033145338
2018-08-02,3434.35 ,3434.35 ,3322.10 ,3370.96 ,3390.44 ,10130872700,10130872700,122401.28,40.8,57.3,2.9421,3474.464,3508.667,3471.953,97455.1846,70.96,83.2733,-2.98,3596.42,3357.67,3549,-100.9044858,0.213543188,-0.022170494,-0.134708646,-0.306792195
2018-08-03,3366.66 ,3381.34 ,3315.20 ,3315.28 ,3344.62 ,7079691000,7079691000,91395.99,27.21,47.27,-15.6848,3433.274,3490.906,3462.165667,99495.9471,85.28,81.554535,-3.44,3605.31,3343.8,3540,-103.0542515,0.220391894,-0.01651578,-0.567861301,0.675045051
2018-08-06,3312.82 ,3344.25 ,3257.69 ,3273.27 ,3297.01 ,7797508300,7797508300,97517.99,19.69,38.08,-31.3553,3384.912,3465.658,3452.592,99762.9258,65.67,77.70327,-3.3,3624.04,3306.47,3526,-107.613674,0.196909787,-0.012671946,-0.877517972,0.762337933
2018-08-07,3284.98 ,3368.96 ,3263.50 ,3368.87 ,3321.58 ,9178391600,9178391600,107512.22,24.15,33.43,-26.716,3355.154,3444.374,3447.184,105260.9401,67.87,78.50539,0.41,3624.84,3295.81,3505,-104.1660003,0.226183693,0.029205235,-0.682951345,0.097869241
2018-08-08,3362.15 ,3368.16 ,3311.77 ,3314.51 ,3339.15 ,7928486500,7928486500,90958.91,22.56,29.81,-28.6694,3328.578,3418.05,3442.359,101957.2796,64.31,81.11715,-0.42,3631.35,3280,3485,-107.2851202,0.22511006,-0.01613657,-0.638990057,-0.393416522
2018-08-09,3303.48 ,3408.39 ,3299.62 ,3397.53 ,3352.26 ,9195757200,9195757200,108802.32,30.94,30.18,-17.0527,3333.892,3404.178,3441.492333,99237.4859,64.53,80.358275,1.91,3628.6,3274.4,3467,-106.6788592,0.229922915,0.025048156,-0.484290912,-0.611681006
2018-08-10,3398.41 ,3424.04 ,3380.57 ,3405.02 ,3402.01 ,6896729900,6896729900,85634.52,37.8,32.72,-7.1409,3351.84,3392.557,3437.960333,98085.1929,64.82,81.75784,1.59,3624.26,3269.96,3450,-104.6982563,0.229660199,0.002204337,-0.333128554,-0.714329614
2018-08-13,3369.98 ,3396.19 ,3336.70 ,3390.34 ,3373.30 ,7619153200,7619153200,90869.29,40.66,35.37,-1.6306,3375.254,3380.083,3437.373,96755.4528,64.74,82.40726,0.45,3621.52,3264.54,3435,-102.4150035,0.229301348,-0.004309814,-0.189242855,-0.846979603
2018-08-14,3386.48 ,3391.73 ,3356.61 ,3372.91 ,3376.93 ,6065144600,6065144600,72121.99,48.85,39.86,0.4846,3376.062,3365.608,3436.160667,89677.4066,68.31,82.84824,-0.09,3620.38,3258.03,3424,-100.2147033,0.228918256,-0.005141189,-0.067323648,-1.005725667
2018-08-15,3371.96 ,3372.14 ,3288.71 ,3291.98 ,3331.20 ,6817405500,6817405500,83402.19,39.44,39.72,-7.7449,3371.556,3350.067,3433.768333,88166.0629,68.58,84.10504,-2.36,3625.03,3239.44,3414,-102.0223181,0.243015212,-0.023996374,-0.022815456,-1.221660478
2018-08-16,3251.86 ,3315.20 ,3231.56 ,3276.73 ,3268.84 ,7654736600,7654736600,89269.18,34.11,37.85,-13.6261,3347.396,3340.644,3431.578,84259.435,71.53,85.860245,-2.11,3629.63,3219.68,3402,-107.7295122,0.243136401,-0.00463199,0.023759661,-1.378940933
2018-08-17,3305.90 ,3311.57 ,3224.10 ,3229.62 ,3267.80 ,6739541300,6739541300,84452.45,23.66,33.12,-21.7626,3312.316,3332.078,3427.061333,84023.0211,65.42,84.885155,-2.5,3631.3,3191.69,3381,-117.1495616,0.233593027,-0.014376477,0.07969709,-1.270979371
2018-08-20,3238.22 ,3267.25 ,3209.01 ,3267.25 ,3245.43 ,7090422800,7090422800,88963.38,24.8,30.35,-20.0207,3287.698,3331.476,3420.663667,83641.8395,58.25,81.368055,-0.62,3620.47,3176.66,3359,-127.0148785,0.235394343,0.011651526,0.27525367,-1.184177207
2018-08-21,3271.84 ,3331.71 ,3270.03 ,3326.65 ,3300.06 ,7520558300,7520558300,97925.84,34.77,31.82,-9.3543,3278.446,3327.254,3415.968,88802.609,69.85,80.9096,1.47,3592.17,3179.45,3335,-133.2192996,0.238019708,0.018180153,0.409644373,-0.966245509
2018-08-22,3328.97 ,3328.97 ,3299.39 ,3307.95 ,3316.32 ,5078705700,5078705700,66548.54,38.52,34.06,-3.6003,3281.64,3326.598,3412.648667,85431.8775,52.95,80.890555,0.8,3560.31,3184.34,3329,-137.9728896,0.237909339,-0.005619589,0.492531744,-0.846056351
2018-08-23,3308.46 ,3336.11 ,3285.81 ,3320.03 ,3312.60 ,6111233400,6111233400,80212.79,45.45,37.85,2.7099,3290.3,3318.848,3407.281,83620.5995,64.83,80.14154,0.9,3534.04,3188.99,3209,-141.1343051,0.237502788,0.003649143,0.642899761,-0.406871978
2018-08-24,3308.48 ,3353.04 ,3291.87 ,3325.33 ,3319.68 ,6376589700,6376589700,77197.85,51.52,42.41,8.1663,3309.442,3310.879,3401.702333,82169.6785,63.53,81.86794,0.48,3507.5,3195.94,3212,-143.5648249,0.238051083,0.001599084,0.784786709,0.256715835
2018-08-27,3339.39 ,3406.57 ,3339.26 ,3406.57 ,3372.95 ,9427008200,9427008200,114960.97,67.68,50.83,22.4757,3337.306,3312.502,3399.518333,87369.1949,61.57,84.535715,2.08,3484.7,3207.88,3217,-141.9407486,0.256661955,0.024430263,0.640606841,0.534282868
2018-08-28,3408.15 ,3416.59 ,3388.81 ,3400.17 ,3403.43 ,7544536300,7544536300,94945.95,75.82,59.16,30.3465,3352.01,3315.228,3397.878,86773.2168,61.97,86.4719,1.44,3456.35,3224.48,3229,-137.2045962,0.256518858,-0.001879601,-0.034728835,-0.829135751
2018-08-29,3393.05 ,3398.71 ,3377.12 ,3386.57 ,3388.86 ,6702040400,6702040400,79072.3,79.06,65.79,32.781,3367.734,3324.687,3396.386333,89277.9696,55.37,82.709965,0.56,3444.34,3230.41,3244,-129.5635814,0.247325322,-0.003998888,-0.284777702,-1.021762018
2018-08-30,3385.81 ,3402.56 ,3349.47 ,3351.09 ,3372.23 ,6838529000,6838529000,80226.05,75.52,69.04,28.8132,3373.946,3332.123,3393.811333,89280.623,50.69,79.751875,-0.68,3442.4,3230.37,3257,-121.2948873,0.236983253,-0.010476489,-0.243878536,-0.967269458
2018-08-31,3333.38 ,3356.58 ,3310.87 ,3334.50 ,3333.83 ,7620563000,7620563000,96091.89,65.01,67.69,23.3859,3375.78,3342.611,3388.531667,93059.432,55.1,78.729985,-1.22,3442.9,3231.79,3270,-112.168603,0.229804905,-0.004950801,-0.304029538,-0.899578227
2018-09-03,3320.69 ,3325.61 ,3291.78 ,3321.82 ,3314.98 ,6642985500,6642985500,81305.68,52.52,62.63,17.7741,3358.83,3348.068,3381.734,86328.3754,54.42,76.093105,-1.1,3441.28,3238.26,3282,-108.9124078,0.22522009,-0.003802305,-0.385466284,-0.563159622
2018-09-04,3324.19 ,3370.96 ,3307.96 ,3363.90 ,3341.75 ,6708880700,6708880700,85892.04,54.92,60.06,19.2896,3351.576,3351.793,3374.473667,84517.5924,53.9,74.488225,0.37,3440.76,3238.29,3292,-100.9972424,0.204881686,0.01266581,-0.377035206,-0.544077813
2018-09-05,3349.70 ,3354.20 ,3298.14 ,3298.14 ,3325.05 ,6430188800,6430188800,80656.68,38.31,52.81,11.3847,3333.89,3350.812,3365.153333,84834.4674,59.14,72.05804,-1.07,3441.05,3236.36,3371,-100.9168103,0.208855374,-0.019547915,-0.335688009,-0.673768021
2018-09-06,3286.66 ,3311.50 ,3253.76 ,3262.88 ,3278.70 ,6230028800,6230028800,79373.14,27.41,44.34,1.8567,3316.248,3345.097,3356.041,84663.8845,56.48,69.506375,-1.61,3435.73,3228.22,3369,-102.9778848,0.189649729,-0.010690992,-0.154868221,-0.8547855
2018-09-07,3273.89 ,3316.61 ,3253.73 ,3277.64 ,3280.47 ,6394740800,6394740800,81263.44,23.16,37.28,-1.8091,3304.876,3340.328,3347.921333,81698.194,47.84,66.4296,-0.82,3426.07,3225.14,3365,-103.4640055,0.190508486,0.004524529,0.000594002,-0.841587919
2018-09-10,3271.38 ,3277.88 ,3227.85 ,3230.07 ,3251.80 ,6381705100,6381705100,76175.58,15.87,30.14,-9.5598,3286.526,3322.678,3338.421,80672.1737,48.47,65.95676,-1.72,3421.81,3213.37,3358,-105.4330853,0.195678954,-0.014515214,0.044907241,-0.727342004
2018-09-11,3229.71 ,3245.62 ,3209.11 ,3224.21 ,3227.16 ,5849130500,5849130500,67722.12,13.18,24.49,-14.1191,3258.588,3305.082,3328.639333,77038.1905,49.61,65.030335,-1.05,3418.88,3201.43,3348,-103.549651,0.195419212,-0.00181312,0.140413115,-0.673126865
2018-09-12,3216.99 ,3225.60 ,3194.98 ,3202.02 ,3209.90 ,5462789900,5462789900,68887.02,10.12,19.7,-18.4912,3239.364,3286.627,3320.460333,74684.2595,37.42,62.390075,-1.15,3424.52,3186.8,3334,-102.1073085,0.178425277,-0.00688131,0.009661227,-0.785204141
2018-09-13,3239.69 ,3249.59 ,3191.40 ,3236.57 ,3229.31 ,6729032700,6729032700,85887.96,15.13,18.18,-15.2326,3234.102,3275.175,3315.980667,75987.2243,38.57,61.1175,0.08,3425.87,3181.42,3317,-96.65462303,0.182988383,0.010787362,0.040151531,-0.964364359
2018-09-14,3242.83 ,3254.10 ,3227.94 ,3242.09 ,3241.74 ,6013064000,6013064000,76481.21,19.5,18.62,-11.0326,3226.992,3265.934,3313.541,75030.7787,41.69,59.87919,0.47,3425.03,3183.52,3300,-93.07987188,0.175593618,0.001706747,0.053027775,-0.925313093
2018-09-17,3224.93 ,3230.79 ,3200.51 ,3204.92 ,3215.29 ,5225954700,5225954700,60650.94,15.77,17.67,-11.8862,3221.962,3254.244,3311.262667,71925.8508,39.12,58.481185,-0.53,3428.95,3173.37,3284,-94.51220328,0.174872692,-0.011464147,-0.001016545,-1.060815699
2018-09-18,3193.64 ,3270.11 ,3193.64 ,3269.43 ,3231.71 ,7042503500,7042503500,83899.14,31.28,22.21,-2.8577,3231.006,3244.797,3307.948,75161.2545,51.63,56.16961,1.19,3426.24,3170.35,3271,-91.71272312,0.177732578,0.020128257,0.137322304,-1.056687472
2018-09-19,3262.00 ,3335.99 ,3258.31 ,3312.48 ,3292.20 ,8917066600,8917066600,109395.42,48.77,31.06,9.1591,3253.098,3246.231,3307.880333,83262.9353,55.48,60.340105,1.83,3426.56,3170.49,3194,-87.50425696,0.183400454,0.013167548,0.125687193,-1.065663494
2018-09-20,3314.88 ,3332.31 ,3303.07 ,3310.13 ,3315.10 ,6456105700,6456105700,76660.85,59.88,40.67,16.6033,3267.81,3250.956,3304.967,81417.5119,37.53,61.525175,1.3,3425.79,3170.26,3196,-83.88948912,0.18292566,-0.0007114,0.150446402,-1.039977249
2018-09-21,3320.70 ,3410.49 ,3307.77 ,3410.49 ,3362.36 ,10841600500,10841600500,123573.12,73.26,51.53,33.8628,3301.49,3264.241,3305.149333,90835.8931,1.69,63.534285,3.3,3439.22,3165.34,3199,-79.49940966,0.211760036,0.030319029,0.170021489,-1.205772801
2018-09-25,3375.97 ,3394.38 ,3367.03 ,3379.80 ,3379.30 ,6905469300,6905469300,82870.03,77.5,60.19,39.5659,3336.466,3279.214,3304.798,95279.7109,2,62.129385,1.3,3434.06,3167.83,3208,-76.54274918,0.196421312,-0.008996168,0.119566835,-1.219959883
2018-09-26,3388.56 ,3448.26 ,3383.24 ,3417.24 ,3409.33 ,9317334300,9317334300,119113.32,80.98,67.12,46.3323,3366.028,3298.517,3306.275667,102322.5472,2.84,62.32468,1.52,3437.78,3165.81,3216,-71.18222672,0.200420752,0.011076677,0.181184772,-1.131359596
2018-09-27,3415.95 ,3423.71 ,3394.73 ,3403.59 ,3409.50 ,6976524100,6976524100,87573.3,81.47,71.9,46.7838,3384.25,3318.674,3309.996,97958.1226,-3.01,63.26888,0.57,3441.06,3164.24,3230,-64.99831538,0.200419588,-0.003994772,0.209437859,-1.134219794
2018-09-28,3409.96 ,3444.99 ,3404.70 ,3438.86 ,3424.63 ,8437775600,8437775600,94880.28,86.42,76.74,49.3911,3409.996,3338.903,3315.400333,101602.0085,-9.14,63.12701,0.85,3457,3157.08,3243,-56.53033461,0.199199027,0.010363968,0.304178274,-1.13590204
2018-10-08,3361.56 ,3364.46 ,3285.25 ,3290.90 ,3325.54 ,9788898900,9788898900,114164.22,70.34,74.61,29.7136,3386.078,3343.784,3317.443,99720.2286,-9.1,64.80241,-2.81,3454.41,3155.31,3255,-55.25011788,0.255610881,-0.043027599,0.400447064,-1.059653959
2018-10-09,3290.17 ,3309.80 ,3276.13 ,3288.69 ,3291.20 ,6672327400,6672327400,78372.94,52.23,67.15,15.6351,3367.856,3352.161,3318.157667,98820.8108,-5.71,64.79455,-2.35,3452.69,3153.71,3267,-56.24800199,0.255340308,-0.000671002,0.473526931,-1.008074988
2018-10-10,3295.43 ,3315.73 ,3256.58 ,3281.60 ,3287.34 ,6449282800,6449282800,79166.81,39.17,57.82,5.1455,3340.728,3353.378,3316.656,90831.5087,-9.6,63.793085,-1.77,3446.05,3152.12,3257,-54.26277189,0.250637559,-0.002156725,0.650789041,-0.708427113
2018-10-11,3179.54 ,3209.52 ,3099.04 ,3124.11 ,3153.05 ,12094134200,12094134200,125723.08,28.51,48.05,-21.7529,3284.832,3334.541,3310.528,98461.4655,15.71,66.51419,-4.89,3456.89,3123.88,3364,-58.48797829,0.296963376,-0.047990007,0.254309708,-0.370614022
2018-10-12,3123.37 ,3184.12 ,3094.97 ,3170.73 ,3143.30 ,9861115100,9861115100,104423.08,26.15,40.75,-31.4247,3231.206,3320.601,3305.551333,100370.0259,4.53,68.0849,-1.87,3460.39,3111.16,3359,-60.90945938,0.301609679,0.014920167,0.247868856,-0.623509649
2018-10-15,3173.85 ,3183.13 ,3120.23 ,3126.45 ,3150.92 ,6960502300,6960502300,77137.7,20.4,33.97,-41.3227,3198.316,3292.197,3298.922,92964.7216,9.45,69.348605,-2.25,3466.85,3089.59,3349,-63.04481141,0.303950703,-0.013963552,0.182517747,-0.790355751
2018-10-16,3128.58 ,3166.09 ,3089.37 ,3100.97 ,3121.25 ,6888772100,6888772100,75206.47,14.69,27.54,-48.3497,3160.772,3264.314,3288.735333,92331.4275,-7.03,70.68306,-1.89,3475.56,3067.97,3338,-66.05446084,0.301354156,-0.008149111,0.054558669,-0.87982543
2018-10-17,3140.68 ,3149.13 ,3062.55 ,3118.25 ,3117.65 ,7683713800,7683713800,86132.7,14.65,23.24,-47.6411,3128.102,3234.415,3279.338,93724.605,-13.15,73.186835,-0.31,3480.7,3052.23,3323,-66.9406628,0.30255991,0.005570025,0.044948622,-1.069075821
2018-10-18,3097.79 ,3097.79 ,3043.38 ,3044.39 ,3070.84 ,7377196800,7377196800,79703.73,9.87,18.79,-53.6452,3112.158,3198.495,3267.932,84520.7344,-15.61,74.37612,-2.18,3493.41,3023.75,3303,-73.20234966,0.312379423,-0.023684627,-0.127760825,-0.989641596
2018-10-19,3017.75 ,3137.75 ,3009.50 ,3134.95 ,3074.99 ,9883968800,9883968800,110951.37,20.24,19.27,-42.4339,3105.002,3168.104,3260.727333,85826.3929,3.15,77.878805,0.96,3494.65,3012.36,3277,-74.89946718,0.329338276,0.02974443,-0.04012128,-1.189728885
2018-10-22,3159.56 ,3297.38 ,3159.56 ,3270.27 ,3221.69 ,14586204500,14586204500,170651.31,41.88,26.8,-15.2103,3133.766,3166.041,3258.586333,104529.1148,-6.33,89.137565,4.36,3496.11,3013.72,3010,-67.88695382,0.364333721,0.043167481,-0.078840959,-1.188171171
2018-10-23,3273.13 ,3276.02 ,3163.57 ,3183.43 ,3224.04 ,12101324100,12101324100,142589.18,48.06,33.89,-7.6984,3150.258,3155.515,3253.973333,118005.656,-1.57,93.44661,1.05,3496.16,3011.52,3015,-68.79291613,0.374971863,-0.02655665,-0.056078978,-1.228046954
2018-10-24,3169.46 ,3245.40 ,3164.29 ,3188.20 ,3191.84 ,11090974400,11090974400,120954.39,52.73,40.17,-1.2251,3164.248,3146.175,3248.116667,124969.9943,-3.4,93.71471,0.76,3493.72,3005.84,3021,-71.56729532,0.367391685,0.001500302,0.04683365,-1.284111441
2018-10-25,3107.84 ,3197.32 ,3099.89 ,3194.31 ,3149.84 ,10695181700,10695181700,113291.75,56.55,45.63,4.4319,3194.232,3153.195,3244.655667,131687.5972,-0.29,91.468885,0,3487.14,3000.6,3026,-73.77980055,0.363730849,0.001915374,0.195723057,-1.233557043
2018-10-26,3204.28 ,3218.10 ,3151.92 ,3173.64 ,3186.99 ,10129935400,10129935400,106070.37,56.71,49.32,5.8524,3201.97,3153.486,3241.681,130711.3967,2.44,93.679575,-0.88,3480.14,2993.94,3032,-81.93334053,0.364076716,-0.006471949,0.362735998,-1.150832057
2018-10-29,3157.49 ,3158.81 ,3062.58 ,3076.89 ,3113.94 ,9183978900,9183978900,108479.49,45.61,48.08,-5.1808,3163.294,3148.53,3234.989333,118277.0335,-8.91,93.1205,-2.73,3459.09,2981.63,3037,-92.9824435,0.357184183,-0.030484319,0.531347586,-0.853565207
2018-10-30,3061.93 ,3146.63 ,3050.77 ,3110.26 ,3092.40 ,11607010100,11607010100,131767.1,42.07,46.08,-6.8215,3148.66,3149.459,3230.995667,116112.6187,-0.14,93.58283,-1.22,3438.03,2975.74,3041,-103.6823613,0.361229484,0.010845891,0.771853035,-0.352937121
2018-10-31,3116.66 ,3168.92 ,3106.03 ,3153.82 ,3136.36 ,11120745500,11120745500,117099.7,44.76,45.64,-1.1731,3141.784,3153.016,3228.649333,115341.6808,1.02,95.42851,0.38,3403.42,2984.01,3044,-110.9865833,0.362982869,0.01400619,0.974911907,0.47347371
2018-11-01,3185.20 ,3217.80 ,3173.10 ,3177.03 ,3188.28 ,13265337900,13265337900,145919.3,46.91,46.06,6.1532,3138.328,3166.28,3227.816333,121867.1924,12.83,98.993545,1.23,3367.38,2997.4,3048,-118.5288091,0.365209477,0.007359448,1.147051084,1.742644915
2018-11-02,3258.61 ,3290.25 ,3222.44 ,3290.25 ,3265.39 ,15346610400,15346610400,178340.64,64.6,52.24,25.6216,3161.65,3181.81,3229.605667,136321.2477,-8.75,102.33804,4.07,3325.25,3024.66,3051,-112.6350336,0.387402549,0.035634402,0.317616478,-0.837674546
2018-11-05,3269.47 ,3279.88 ,3230.36 ,3262.84 ,3260.64 ,10970668300,10970668300,123630.92,72.59,59.02,33.672,3198.84,3181.067,3230.297333,139351.5342,2.84,101.24962,2,3319.76,3027.35,3061,-108.296057,0.3558085,-0.008330807,0.277296353,-0.805473198
2018-11-06,3254.98 ,3254.98 ,3213.90 ,3243.15 ,3241.75 ,8386913800,8386913800,91703.9,75.17,64.41,35.0525,3225.418,3187.039,3231.571667,131338.8933,-2.65,101.62048,0.55,3311.22,3031.33,3070,-104.8036241,0.356369298,-0.006033005,0.221741225,-0.713979093
2018-11-07,3243.88 ,3270.50 ,3218.42 ,3221.91 ,3238.68 ,9161552800,9161552800,101814.92,73.93,67.58,31.9022,3239.036,3190.41,3229.987667,128281.9375,12.11,101.49327,-0.53,3300.67,3035.91,3079,-94.67363291,0.356952931,-0.00654928,0.167760028,-0.522865658
2018-11-08,3251.73 ,3253.57 ,3207.71 ,3212.77 ,3231.45 ,7641454000,7641454000,85221.67,71.84,69,27.5491,3246.184,3192.256,3226.664,116142.4096,5.17,98.262525,-1.03,3304.81,3040.64,3087,-87.83757626,0.308460004,-0.002835709,-0.01985246,-0.526302299
2018-11-09,3193.30 ,3193.30 ,3166.31 ,3167.44 ,3180.09 ,8428276200,8428276200,88194.19,64.13,67.38,17.9883,3221.622,3191.636,3221.907667,98113.1193,4.24,95.154375,-1.68,3304.67,3040.46,3095,-81.39606745,0.308925755,-0.014109148,-0.011590926,-0.528189921
2018-11-12,3160.25 ,3206.51 ,3152.44 ,3205.14 ,3181.09 ,8806239100,8806239100,97363.05,60.69,65.15,16.2211,3210.082,3204.461,3215.062667,92859.5452,7.34,93.449815,-0.15,3307.5,3045.49,3102,-72.11791907,0.307017765,0.011901236,-0.184764716,-0.414027167
2018-11-13,3164.92 ,3254.77 ,3161.10 ,3237.38 ,3204.54 ,12649346400,12649346400,125603.05,61,63.77,18.6977,3208.928,3217.173,3210.315333,99639.375,1.38,94.72999,0.89,3311.95,3054.69,3109,-62.55522312,0.306400734,0.01005934,-0.405763789,-0.136434622
2018-11-14,3233.64 ,3239.24 ,3200.23 ,3204.94 ,3219.51 ,11380865900,11380865900,105386.57,53.37,60.3,15.4062,3205.534,3222.285,3203.238667,100353.7044,9.94,94.308315,-0.02,3312.85,3062.45,3115,-51.39991696,0.309107781,-0.010020318,-0.603215165,0.336295247
2018-11-15,3201.28 ,3242.38 ,3198.78 ,3242.37 ,3221.20 ,9855881000,9855881000,100119.19,59.1,59.9,17.5547,3211.454,3228.819,3197.864667,103333.21,1.57,93.767995,0.96,3305.12,3089.98,3120,-43.45862112,0.295942079,0.011678462,-0.405098322,0.100972539
2018-11-16,3242.88 ,3282.39 ,3223.72 ,3257.67 ,3251.67 ,12687683500,12687683500,135379.8,66.39,62.06,20.1358,3229.5,3225.561,3191.825,112770.3323,-2.53,91.535965,0.87,3310.21,3097.16,3126,-41.91567506,0.279527496,0.004719385,-0.623828221,0.47017754
2018-11-19,3258.79 ,3294.60 ,3251.07 ,3294.60 ,3274.77 ,11595659500,11595659500,123188.78,77.6,67.24,25.5675,3247.392,3228.737,3191.948333,117935.4774,-3.8,80.685945,1.45,3315.12,3094.68,3135,-34.26102131,0.238901066,0.011336188,-0.477377648,0.388372719
2018-11-20,3268.08 ,3278.78 ,3213.68 ,3218.41 ,3244.74 ,10936115400,10936115400,114155.07,67.2,67.23,18.0048,3243.598,3226.263,3189.605667,115645.8813,-4.19,78.11805,-0.78,3316.55,3096.75,3148,-31.03768024,0.233846487,-0.023127369,-0.583411646,0.517067655
2018-11-21,3187.10 ,3230.26 ,3185.24 ,3226.49 ,3207.27 ,8411972600,8411972600,87813.27,62.16,65.54,13.4086,3247.908,3226.721,3187.768667,112131.2229,4.09,76.27764,-0.66,3318.44,3098.69,3160,-27.87662623,0.233928482,0.002511863,-0.69495801,0.629878734
2018-11-22,3232.97 ,3235.45 ,3199.70 ,3214.43 ,3220.64 ,6509829100,6509829100,70083.37,55.98,62.35,8.3117,3242.32,3226.887,3190.779333,106124.059,10.43,73.91667,-0.86,3319.27,3099.87,3170,-24.44317992,0.234368257,-0.003739201,-0.758454757,0.723163599
2018-11-23,3208.59 ,3212.20 ,3139.39 ,3143.48 ,3175.92 ,8463825500,8463825500,86864.95,38.2,54.3,-4.3672,3219.482,3224.491,3189.871,96421.0874,10.68,71.646475,-2.36,3320.63,3095.5,3279,-19.89170592,0.246865609,-0.022073014,-0.692032121,0.332431222
2018-11-26,3148.67 ,3169.44 ,3131.64 ,3141.24 ,3147.75 ,5937914000,5937914000,61899.48,27.43,45.34,-12.3541,3188.81,3218.101,3190.364,84163.2278,10.84,68.72521,-1.49,3311.01,3111.55,3276,-17.34797563,0.219120372,-0.000709979,-0.286736211,-0.423944274
2018-11-27,3152.77 ,3162.01 ,3126.29 ,3137.24 ,3144.58 ,5540783200,5540783200,61946.26,20.45,37.05,-17.1778,3172.576,3208.087,3191.573,73721.4667,10.24,65.71853,-1.11,3307.2,3118.06,3270,-17.30968185,0.216163211,-0.00127405,-0.085626591,-0.752125592
2018-11-28,3137.75 ,3179.41 ,3126.62 ,3178.93 ,3155.68 ,7488195500,7488195500,77620.55,24.06,32.72,-13.8953,3163.064,3205.486,3193.595667,71682.9225,6.93,62.46723,0.5,3305.8,3121.97,3262,-16.34925775,0.215592097,0.01328916,-0.084874919,-0.583000582
2018-11-29,3198.83 ,3204.86 ,3137.65 ,3137.65 ,3169.75 ,8049846600,8049846600,86927.61,18.29,27.91,-16.2622,3147.708,3195.014,3196.704333,75051.7704,-2.55,60.790385,-0.32,3308.71,3115.12,3253,-23.16135987,0.219023007,-0.012984988,-0.139702172,-0.757066819
2018-11-30,3136.20 ,3175.15 ,3132.42 ,3172.69 ,3154.12 ,7092104400,7092104400,77297.7,22.34,26.05,-12.2678,3153.55,3186.516,3197.962333,73138.3207,4.09,57.06962,0.61,3296.9,3115.18,3246,-26.51054687,0.180475284,0.01116624,-0.072455912,-0.738992109
2018-12-03,3260.69 ,3273.64 ,3228.36 ,3260.95 ,3255.91 ,12148715700,12148715700,145828.42,45.35,32.49,2.3251,3177.492,3183.151,3197.651667,89924.1081,-9.85,61.25832,2.63,3296.56,3115.33,3127,-24.29502953,0.206170738,0.027818728,-0.077202382,-0.732006698
2018-12-04,3256.23 ,3267.94 ,3243.70 ,3267.71 ,3258.90 ,7941503900,7941503900,90543.6,62.23,42.4,12.3883,3203.586,3188.081,3200.461,95643.5759,-13.09,61.183125,2,3300.54,3113.81,3130,-20.79030805,0.205036704,0.002072801,-0.052448389,-0.85472074
2018-12-05,3224.26 ,3266.90 ,3219.98 ,3252.00 ,3240.79 ,7615305200,7615305200,90909.09,69.92,51.57,16.1886,3218.2,3190.632,3202.587667,98301.284,-17,60.69913,1.05,3303.99,3113.36,3132,-17.78927265,0.204342075,-0.004806241,-0.107625546,-1.003235633
2018-12-06,3218.11 ,3223.52 ,3179.89 ,3181.67 ,3200.80 ,7632877100,7632877100,95678.88,59.14,54.1,8.856,3227.004,3187.356,3202.166333,100051.5383,-21.73,60.58723,-1.4,3303.17,3111.08,3135,-16.18836902,0.219051854,-0.021627002,-0.007644876,-1.082169494
2018-12-07,3187.49 ,3193.82 ,3176.71 ,3181.56 ,3184.90 ,5336192400,5336192400,66323.97,51.93,53.38,3.8722,3228.778,3191.164,3202.430333,97856.7929,-18.44,60.093215,-1.46,3302.85,3112.81,3138,-16.55775557,0.212967953,-3.41E-05,-0.032471586,-1.002845509
2018-12-10,3153.52 ,3170.15 ,3134.38 ,3144.76 ,3150.70 ,6343727300,6343727300,73717.21,38.73,48.49,-4.0699,3205.54,3191.516,3204.692667,83434.5506,-22.24,59.177965,-1.9,3303.93,3105.68,3134,-20.36082779,0.212291053,-0.011567108,0.054226281,-1.222701017
2018-12-11,3148.23 ,3161.96 ,3143.61 ,3159.82 ,3153.41 ,5322387700,5322387700,60014.97,32.29,43.09,-6.8214,3183.962,3193.774,3206.344667,77328.8245,-22.18,55.4401,-0.76,3300.76,3101.1,3137,-21.5991314,0.209501822,0.004786593,0.25355488,-1.204933273
2018-12-12,3181.57 ,3182.21 ,3160.28 ,3170.61 ,3173.67 ,5330991400,5330991400,60536.22,30.54,38.91,-6.7048,3167.684,3192.942,3206.904333,71254.2504,-15.79,53.46293,0.09,3299.93,3098.5,3139,-24.10728983,0.207396129,0.003415832,0.347801413,-1.227532167
2018-12-13,3178.89 ,3234.08 ,3169.42 ,3219.69 ,3200.52 ,9044275500,9044275500,103375.48,40.78,39.53,0.1058,3175.288,3201.146,3208.326333,72793.5695,-18.71,54.972985,1.4,3297.25,3098.91,3140,-24.80098034,0.210711687,0.015480684,0.406140768,-1.077630217
2018-12-14,3207.35 ,3210.72 ,3165.91 ,3165.91 ,3187.47 ,8430125000,8430125000,91576.9,35.06,38.04,-2.3737,3172.158,3200.468,3204.181667,77844.1554,-14.09,53.033115,-0.2,3289.49,3097.49,3144,-29.99554132,0.217623889,-0.016703925,0.637827795,-0.667358021
2018-12-17,3158.28 ,3167.51 ,3134.37 ,3161.20 ,3155.34 ,6649700700,6649700700,77151.49,30.12,35.4,-4.2777,3175.446,3190.493,3200.793667,78531.0127,-18.8,51.146395,-0.45,3271.06,3102.59,3134,-31.35631425,0.212397327,-0.001489082,0.641169357,-0.775027495
2018-12-18,3139.95 ,3165.00 ,3114.47 ,3128.43 ,3136.96 ,6382031900,6382031900,72035.45,23.97,31.59,-9.2928,3169.168,3176.565,3196.969667,80935.109,-10.37,50.418005,-1.29,3269.03,3095.62,3234,-34.69176354,0.19972703,-0.010366359,0.769564411,-0.553891311
2018-12-19,3133.74 ,3137.01 ,3086.76 ,3091.13 ,3112.16 ,5552229900,5552229900,67872.92,16.97,26.72,-16.552,3153.272,3160.478,3192.610333,82402.4488,-4.87,50.67968,-1.97,3268.64,3082.47,3232,-39.12226536,0.202560383,-0.011923246,0.620338702,-0.015003075
2018-12-20,3083.54 ,3097.72 ,3044.29 ,3067.42 ,3073.24 ,6974946300,6974946300,78181.43,15.37,22.94,-23.0649,3122.818,3149.053,3187.765333,77363.6383,-12.78,50.84039,-1.77,3271.07,3065.34,3226,-40.9690671,0.20345944,-0.007669892,0.370758268,0.305151893
2018-12-21,3055.33 ,3057.40 ,3007.61 ,3029.40 ,3037.44 ,7675810100,7675810100,84824.07,13.46,19.78,-30.5426,3095.516,3133.837,3183.164,76013.0712,-9.2,49.68947,-2.14,3282.38,3042.62,3215,-44.51302874,0.193387175,-0.012395381,-0.169665556,0.465477453
2018-12-24,3015.50 ,3040.35 ,3007.33 ,3038.20 ,3025.35 ,5729961500,5729961500,63880.74,13.51,17.69,-32.1875,3070.916,3123.181,3177.599333,73358.9211,-1.8,49.45034,-1.07,3289.32,3025.37,3198,-47.2395373,0.194092794,0.002905861,-0.255258106,-0.052688887
2018-12-25,3006.88 ,3030.14 ,2964.88 ,3017.28 ,3004.80 ,7868942500,7868942500,80413.57,15.49,16.96,-33.8102,3048.686,3108.927,3170.262667,75034.5443,0.48,50.927525,-1.03,3297.33,3005.37,3179,-52.96011544,0.1949697,-0.006884541,-0.326028262,-0.41928528
2018-12-26,3012.87 ,3029.06 ,2996.48 ,3002.03 ,3010.11 ,5564703200,5564703200,58574.97,15.37,16.43,-34.5331,3030.866,3092.069,3163.499,73174.9536,0.23,51.480725,-0.95,3302.24,2982.77,3154,-57.09318467,0.186751573,-0.005053821,-0.262660731,-0.72621256
2018-12-27,3042.95 ,3047.23 ,2990.51 ,2990.51 ,3017.80 ,8054178500,8054178500,81159.27,14.46,15.77,-34.0995,3015.484,3069.151,3155.103667,73770.5223,-5.49,50.40525,-0.83,3308.78,2961.52,3131,-63.34774043,0.182895417,-0.003839732,-0.235176121,-1.002942872
2018-12-28,2994.80 ,3024.35 ,2984.82 ,3010.65 ,3003.66 ,7105377900,7105377900,78145.31,17.26,16.27,-28.845,3011.734,3053.625,3146.869667,72434.7714,14.25,50.24544,-0.04,3308.26,2945.84,3111,-72.69518341,0.179222945,0.006737289,-0.063843452,-1.240223935
2019-01-02,3017.07 ,3018.78 ,2958.49 ,2969.54 ,2990.97 ,6866302100,6866302100,76105.57,13.57,15.37,-28.5963,2998.002,3034.459,3136.034333,74879.7375,11.14,46.198985,-0.95,3295.21,2929.74,3093,-83.96913424,0.143716,-0.013657599,-0.009634916,-1.22910453
2019-01-03,2963.02 ,3000.44 ,2953.25 ,2964.84 ,2970.39 ,7086710300,7086710300,76664.8,11.72,14.15,-26.7857,2987.514,3018.1,3127.582,74129.9835,5.84,46.579365,-0.76,3276.05,2918.61,3075,-94.12877753,0.142015062,-0.001580449,-0.009995726,-1.380320404
2019-01-04,2940.19 ,3036.81 ,2935.83 ,3035.87 ,2987.18 ,10331897200,10331897200,107141.04,35.25,21.18,-14.3642,2994.282,3012.574,3121.228,83843.1972,-0.33,49.282355,1.39,3251.48,2921.58,3055,-96.71228365,0.174448468,0.023958106,0.016758501,-1.566155195
2019-01-07,3055.15 ,3061.75 ,3035.91 ,3054.30 ,3051.78 ,10116435900,10116435900,105703.94,54.86,32.41,-2.6241,3007.04,3011.262,3115.890333,88752.1313,10.3,53.396975,1.57,3239.38,2920.94,2936,-98.23974947,0.163117051,0.006070377,0.182171991,-1.39253919
2019-01-08,3049.87 ,3055.51 ,3038.53 ,3047.70 ,3047.90 ,8617058500,8617058500,79628.88,66.19,43.67,4.8848,3014.45,3013.092,3112.697667,89048.8458,1.7,53.52121,1.1,3225.84,2921.09,2938,-98.180742,0.162944292,-0.002160722,0.359036098,-1.112386379
2019-01-09,3065.23 ,3117.96 ,3062.85 ,3078.48 ,3081.13 ,10736435000,10736435000,117129.68,70.23,52.52,14.1079,3036.238,3017.12,3110.605667,97253.6674,6.48,55.704195,1.39,3218.84,2921.46,2941,-97.3386999,0.164372936,0.010096914,0.483584713,-0.833256015
2019-01-10,3077.48 ,3092.54 ,3062.57 ,3072.69 ,3076.32 ,8527175600,8527175600,90206.87,71.87,58.97,19.2222,3057.808,3022.661,3108.454,99962.0822,-3.11,55.824085,0.49,3208.4,2923.19,2948,-97.3679049,0.162927963,-0.001880638,0.635750306,-0.360870037
2019-01-11,3082.26 ,3102.83 ,3071.03 ,3094.78 ,3087.73 ,7178642400,7178642400,77420.24,77,64.98,25.0077,3069.59,3031.936,3105.649,94017.9227,-2.42,55.90697,0.82,3196.69,2927.32,2955,-98.74521966,0.16492991,0.007189735,0.72669264,0.210032586
2019-01-14,3092.50 ,3097.41 ,3064.38 ,3067.78 ,3080.52 ,6612170200,6612170200,68115.97,75.49,68.48,24.588,3072.286,3039.663,3103.32,86500.3284,-0.22,53.86799,-0.15,3166.96,2941.85,2961,-98.71427867,0.154691247,-0.008722338,0.41137942,-0.181734565
2019-01-15,3071.52 ,3129.37 ,3064.67 ,3127.99 ,3098.39 ,8877296200,8877296200,99976.89,83.42,73.46,31.376,3088.344,3051.397,3101.83,90569.9301,2.19,54.876835,1.28,3158.23,2946.79,2968,-95.43887474,0.163182191,0.019625205,0.224919723,-0.354877867
2019-01-16,3126.13 ,3135.01 ,3117.29 ,3128.65 ,3126.77 ,8021434100,8021434100,85781.59,87.88,78.27,34.6537,3098.378,3067.308,3097.42,84300.3127,3.65,56.736535,0.98,3150.38,2951.39,2977,-90.655671,0.163171205,0.000211414,-0.021288045,-0.741741744
2019-01-17,3132.63 ,3141.71 ,3110.06 ,3111.42 ,3123.96 ,8017487100,8017487100,82888.21,82.38,79.64,33.197,3106.124,3081.966,3092.210333,82836.5797,-2.38,55.79232,0.17,3146.99,2953.07,2990,-85.10832245,0.160127037,-0.005508731,-0.089981935,-0.74540694
2019-01-18,3124.50 ,3171.69 ,3120.35 ,3168.17 ,3146.18 ,10396383400,10396383400,106780.66,87.37,82.22,38.2159,3120.802,3095.196,3089.416,88708.6635,1.97,56.361,1.52,3163.07,2944.7,3005,-75.81505633,0.166386086,0.018241561,0.26907629,-0.375581912
2019-01-21,3170.88 ,3199.21 ,3170.88 ,3185.64 ,3181.65 ,9391502200,9391502200,105536.99,88.27,84.23,41.9301,3144.374,3108.33,3089.548333,96192.867,0.64,57.633015,1.31,3183.85,2935.74,3025,-64.21223851,0.163561638,0.00551185,0.424571861,-0.445562694
2019-01-22,3181.95 ,3181.95 ,3135.34 ,3143.32 ,3160.64 ,7299052800,7299052800,78150.88,78.55,82.34,36.9047,3147.44,3117.892,3088.273667,91827.664,-0.88,57.47404,-0.13,3194.05,2936.93,3049,-55.74567659,0.164638295,-0.01328441,0.219782433,-0.81541367
2019-01-23,3136.10 ,3157.63 ,3131.87 ,3141.05 ,3141.66 ,5987047800,5987047800,62669.65,71.32,78.66,31.6928,3149.92,3124.149,3088.15,87205.2761,-1.55,57.11086,-0.28,3202.78,2938.49,3070,-46.76980776,0.164832124,-0.000720226,0.033976599,-1.040495854
2019-01-24,3146.60 ,3165.63 ,3125.30 ,3158.78 ,3149.08 ,7293463600,7293463600,80963.88,70.88,76.07,29.1176,3159.392,3132.758,3088.115333,86820.4101,4.98,55.86396,-0.02,3212.94,2942.48,3088,-36.59386737,0.162169563,0.005644126,-0.160128255,-1.087950843
2019-01-25,3165.18 ,3203.17 ,3164.41 ,3184.47 ,3179.31 ,8396772900,8396772900,93207.96,76.09,76.08,29.2796,3162.652,3141.727,3088.577333,84105.8694,13.27,56.548365,0.69,3225.14,2948.52,3104,-25.065979,0.160976064,0.008132218,-0.300238995,-0.940688098
2019-01-28,3203.12 ,3228.87 ,3174.72 ,3183.78 ,3197.62 ,8262243100,8262243100,97371.5,71.41,74.52,27.7151,3162.28,3153.327,3087.380333,82472.7713,15.38,56.93489,0.68,3233.47,2959.52,3120,-15.15647505,0.159451741,-0.000217273,-0.454168473,-0.678299792
2019-01-29,3177.26 ,3200.99 ,3148.23 ,3193.97 ,3180.11 ,7765833400,7765833400,85943.91,71.15,73.4,26.4759,3172.41,3159.925,3088.315667,84031.3777,15.37,57.595915,0.68,3242.99,2968.34,3139,-3.1769263,0.158891141,0.00320126,-0.616900445,-0.330488846
2019-01-30,3181.66 ,3202.90 ,3167.89 ,3168.48 ,3180.23 ,6374651700,6374651700,73005.12,62.22,69.67,20.8912,3177.896,3163.908,3088.558333,86098.472,12.68,57.31461,-0.3,3239.59,2991.63,3156,7.163960015,0.152045023,-0.007979694,-0.697916429,0.027191349
2019-01-31,3182.70 ,3216.07 ,3178.01 ,3201.63 ,3194.60 ,8624783900,8624783900,97509.93,66.04,68.46,20.3125,3186.466,3172.929,3090.998333,89407.6815,21.63,57.36398,0.48,3234.93,3019.96,3169,15.09371201,0.152953387,0.010462484,-0.286952742,-1.31699649
2019-02-01,3225.73 ,3247.50 ,3207.72 ,3247.40 ,3232.09 ,8201964100,8201964100,94766.41,77.33,71.42,24.4662,3199.052,3180.852,3096.207333,89719.3731,15.4,55.788975,1.51,3249.14,3026.91,3180,23.99373141,0.139780911,0.014293955,-0.051934109,-0.808153428
2019-02-11,3239.81 ,3307.06 ,3239.81 ,3306.47 ,3273.29 ,9881843400,9881843400,114752.36,84.78,75.87,33.0103,3223.59,3192.935,3104.175667,93195.5449,21.27,54.46035,2.57,3277.81,3023.45,3193,35.73249484,0.148992077,0.018191616,0.515818318,0.560615824
2019-02-12,3306.35 ,3335.36 ,3298.63 ,3330.34 ,3317.67 ,12223246200,12223246200,122834.1,89.06,80.27,39.2901,3250.864,3211.637,3114.207,100573.5834,28.34,58.2581,2.44,3305.84,3023.69,3216,46.5388401,0.147581161,0.007216996,0.849393925,0.710670722
2019-02-13,3337.78 ,3405.58 ,3329.14 ,3397.03 ,3367.38 ,16382833200,16382833200,168866.26,91.6,84.04,49.1974,3296.574,3237.235,3126.168,119745.8111,20.23,59.633905,3.05,3349.88,3011.51,3240,60.4289581,0.156339049,0.020025701,1.129573864,1.19809193
2019-02-14,3392.85 ,3415.40 ,3381.98 ,3402.14 ,3398.09 ,15112729000,15112729000,138649.29,92.74,86.94,52.8871,3336.676,3261.571,3138.996667,127973.6837,15.34,62.448245,1.96,3385.18,3009.15,3273,72.77561519,0.154838784,0.001505051,1.085794922,0.471153177
2019-02-15,3391.24 ,3395.03 ,3335.87 ,3338.70 ,3365.21 ,14366860300,14366860300,141555.06,85.59,86.49,43.6163,3354.936,3276.994,3150.219,137331.4134,5.9,63.39313,-0.48,3401.02,3017.7,3301,82.68284443,0.176225828,-0.018645792,0.858099497,-0.249171554
2019-02-18,3366.42 ,3445.74 ,3366.42 ,3445.74 ,3406.08 ,18288608900,18288608900,180449.74,90.4,87.79,48.368,3382.79,3303.19,3165.393333,150470.8909,15.74,67.23566,1.86,3435.08,3021.44,3324,94.43642221,0.195220172,0.032060368,0.915209552,-0.497161039
2019-02-19,3454.72 ,3480.79 ,3419.07 ,3439.61 ,3448.55 ,17908378500,17908378500,185762.75,89.06,88.22,47.1049,3404.644,3327.754,3179.692,163056.62,14.21,69.704795,1.03,3465.29,3022.39,3349,105.2624061,0.190037631,-0.001781037,0.723365529,-0.981000303
2019-02-20,3449.93 ,3463.77 ,3421.51 ,3451.93 ,3446.79 ,14739031100,14739031100,145570.26,89.19,88.54,44.3855,3415.624,3356.099,3195.771667,158397.4202,18.93,68.422755,1.06,3492.94,3027.06,3375,117.0248108,0.189346353,0.003581658,0.54583107,-1.316262005
2019-02-21,3450.14 ,3500.25 ,3431.63 ,3442.71 ,3456.18 ,18014328700,18014328700,185197.16,85.43,87.5,38.0455,3423.738,3380.207,3211.700667,167706.9936,8.91,70.777645,0.55,3512.12,3041.01,3396,124.9001553,0.187524147,-0.002671464,0.391533463,-1.613498508
2019-02-22,3439.38 ,3520.12 ,3417.98 ,3520.12 ,3474.40 ,18723797400,18723797400,202869.29,90.28,88.43,40.7389,3460.022,3407.479,3227.842333,179969.8391,-3.28,72.803355,1.74,3547.54,3040.8,3417,135.3792375,0.191884809,0.022485977,0.300618761,-1.518293667
2019-02-25,3575.85 ,3729.48 ,3574.69 ,3729.48 ,3652.38 ,34255712200,34255712200,376382.39,93.52,90.13,65.7017,3516.77,3449.78,3250.348333,219156.3693,-74.32,84.43521,6.05,3635.2,3007.51,3438,157.9185756,0.267534173,0.059476668,0.842273488,0.611186541
2019-02-26,3734.71 ,3762.11 ,3679.27 ,3684.69 ,3715.20 ,35803869800,35803869800,387632.86,89.63,89.96,70.7256,3565.786,3485.215,3271.581333,259530.392,-25.31,91.475845,3.33,3689.79,3007.06,3496,177.2046618,0.266209684,-0.0120096,0.751696066,0.026732266
2019-02-27,3682.81 ,3737.63 ,3638.33 ,3678.39 ,3684.29 ,28623600700,28623600700,307306.15,86.54,88.82,67.7404,3611.078,3513.351,3291.578333,291877.569,-8.61,95.15278,1.86,3732.17,3018.42,3549,194.3249487,0.266660478,-0.001710156,0.613585795,-0.484896185
2019-02-28,3675.26 ,3695.46 ,3650.05 ,3669.37 ,3672.54 ,18481022000,18481022000,206010.96,83.21,86.95,59.39,3656.41,3540.074,3311.467667,296040.3297,-11.23,95.9929,0.35,3765.45,3036.2,3592,208.8537363,0.269104957,-0.002452648,0.448672079,-0.863618618
2019-03-01,3699.22 ,3749.71 ,3668.77 ,3749.71 ,3716.85 ,20471100400,20471100400,235620.62,87.61,87.17,59.3849,3702.328,3581.175,3333.298667,302590.5967,1.71,97.082235,1.28,3810.35,3047.82,3626,226.7078795,0.273775355,0.021895855,0.338455488,-1.039920469
2019-03-04,3783.04 ,3886.58 ,3764.78 ,3794.10 ,3807.13 ,32349012600,32349012600,376397.29,85.16,86.5,59.8868,3715.252,3616.011,3357.509333,302593.5749,1.1,104.749975,2.12,3855.61,3063.59,3653,245.3791955,0.272206743,0.011838155,0.261602933,-1.123372994
2019-03-05,3785.38 ,3816.16 ,3770.79 ,3816.01 ,3797.09 ,23085316600,23085316600,261464.12,85.09,86.03,57.6744,3741.516,3653.651,3380.443333,277359.8273,-6.99,104.681495,1.99,3896.46,3084.95,3700,265.4867507,0.271662475,0.005774539,0.176298999,-1.199396707
2019-03-06,3822.86 ,3855.16 ,3787.52 ,3848.09 ,3828.41 ,31807737100,31807737100,331155.62,87.32,86.46,55.0433,3775.456,3693.267,3404.424667,282129.721,2.69,106.16691,1.92,3930.65,3118.72,3737,284.5352732,0.264261543,0.00840592,0.165636355,-1.337659003
2019-03-07,3841.15 ,3845.18 ,3778.80 ,3808.85 ,3818.50 ,32984654800,32984654800,359339.15,83.24,85.39,43.0593,3803.352,3729.881,3427.672333,312795.36,-0.15,107.077295,0.14,3949.95,3160.13,3767,298.3811395,0.273554455,-0.010197422,0.0935517,-1.554934674
2019-03-08,3721.40 ,3774.54 ,3656.19 ,3657.58 ,3702.43 ,31799007700,31799007700,349296.69,58.08,76.28,11.4443,3784.926,3743.627,3443.986,335530.5735,-23.42,109.52061,-3.36,3944.97,3206.13,3855,301.0174076,0.323359033,-0.039715587,0.022774719,-1.611231537
2019-03-11,3663.98 ,3731.91 ,3650.81 ,3729.95 ,3694.16 ,23091286500,23091286500,268718.46,51.02,67.86,-2.2996,3772.096,3743.674,3462.129667,313994.8084,11.75,108.60809,-1.12,3949.37,3244.08,3851,305.9475022,0.324182007,0.019787843,-0.129030333,-1.609214598
2019-03-12,3758.32 ,3804.72 ,3723.68 ,3755.35 ,3760.52 ,27492638200,27492638200,325180.62,48.85,61.53,-10.1115,3759.964,3750.74,3482.530667,326738.1079,13.35,111.52583,-0.12,3953.86,3282.1,3843,308.5663421,0.32416588,0.006809011,-0.290818846,-1.54426146
2019-03-13,3758.71 ,3763.09 ,3708.81 ,3724.19 ,3738.70 ,23368224800,23368224800,286171.05,42.94,55.33,-20.9918,3735.184,3755.32,3501.968667,317741.1942,17.99,108.892555,-0.29,3956.49,3312.18,3835,309.240715,0.323650828,-0.008296906,-0.501629093,-1.257493018
2019-03-14,3710.29 ,3747.82 ,3673.85 ,3698.49 ,3707.61 ,19081723700,19081723700,231820.15,35.37,48.68,-32.4803,3713.112,3758.232,3519.959,292237.3935,11.49,108.27817,-0.39,3953.09,3345.22,3828,311.7677342,0.32609403,-0.006903051,-0.710464132,-0.786663041
2019-03-15,3713.94 ,3782.24 ,3713.94 ,3745.01 ,3738.78 ,17517454400,17517454400,224194.36,38.95,45.43,-34.4558,3730.598,3757.762,3538.643667,267216.9278,13.01,110.7395,0.39,3938.32,3400.61,3821,311.1423575,0.315580082,0.012577904,-0.792729681,-0.676638086
2019-03-18,3753.64 ,3851.75 ,3733.68 ,3851.75 ,3797.71 ,21692806000,21692806000,276473.45,58.74,49.87,-22.6005,3754.958,3763.527,3560.909333,268767.9258,4.75,112.13638,2.58,3948.62,3430.91,3674,316.1922446,0.312051968,0.028502739,-0.950152083,-0.035787409
2019-03-19,3856.59 ,3868.34 ,3815.22 ,3833.96 ,3843.53 ,18172711000,18172711000,224096.89,67.23,55.65,-18.5408,3770.68,3765.322,3582.242333,248551.1798,15.56,113.150685,1.68,3947.33,3471.64,3677,319.4843974,0.313102844,-0.004617462,-1.134254473,0.819306483
2019-03-20,3825.34 ,3855.15 ,3790.51 ,3835.44 ,3826.61 ,17563209000,17563209000,215406.99,73.11,61.47,-17.0781,3792.93,3764.057,3604.474333,234398.3689,15.44,114.147395,1.12,3939.37,3517.96,3685,323.1468825,0.313557518,0.000385267,-1.290824377,1.990983185
2019-03-21,3840.28 ,3864.07 ,3823.47 ,3836.89 ,3841.18 ,19631031000,19631031000,231993.45,77.25,66.73,-17.2848,3820.61,3766.861,3625.649667,234433.0281,27.69,113.887935,0.43,3915.74,3581,3692,322.8281934,0.312717876,0.00037847,-0.916183639,1.310573056
2019-03-22,3838.13 ,3845.58 ,3786.59 ,3833.80 ,3826.03 ,17135699300,17135699300,198518.39,78.92,70.79,-19.0671,3838.368,3784.483,3645.196333,229297.8328,10.4,111.7304,-0.12,3896.52,3631.59,3699,311.9026937,0.306926124,-0.00080534,-0.133917091,-1.477321622
2019-03-25,3776.44 ,3807.18 ,3741.61 ,3742.83 ,3767.02 ,19858632900,19858632900,223396.56,64.43,68.67,-32.9166,3816.584,3785.771,3659.741667,218682.4559,19.23,99.43382,-1.93,3896.58,3632.86,3706,299.2141441,0.249810674,-0.023729999,-0.163002963,-1.436908884
2019-03-26,3766.53 ,3770.84 ,3687.55 ,3700.44 ,3731.34 ,17304657900,17304657900,196547.81,47.51,61.62,-47.3281,3789.88,3780.28,3672.078333,213172.6402,15.04,94.227395,-2.36,3895.53,3635.49,3864,285.3557719,0.249371295,-0.011324707,-0.157825516,-1.404175124
2019-03-27,3724.41 ,3750.26 ,3703.45 ,3743.39 ,3730.38 ,13875845400,13875845400,177507.53,41.97,55.07,-50.3361,3771.47,3782.2,3683.623667,205592.7472,37.79,92.39833,-0.74,3892.72,3644.8,3861,274.7888583,0.252432085,0.011606461,-0.197338463,-1.207330141
2019-03-28,3731.06 ,3755.72 ,3710.08 ,3728.40 ,3731.32 ,13327212900,13327212900,172604.39,35.51,48.55,-53.3193,3749.772,3785.191,3694.499,193714.9366,25.8,92.15503,-0.57,3888.3,3655.12,3857,259.9834653,0.252765014,-0.004005062,-0.135690896,-1.140186273
2019-03-29,3739.77 ,3876.38 ,3739.77 ,3872.34 ,3807.07 ,21563910300,21563910300,283022.3,56.29,51.13,-35.7241,3757.48,3797.924,3712.287,210615.7191,21.54,95.48688,3.06,3902.2,3653.48,3688,250.8961521,0.276012064,0.038608004,-0.191166313,-1.178396322
2019-04-01,3901.17 ,3982.91 ,3901.17 ,3973.93 ,3939.80 ,27138270400,27138270400,340799.4,69.85,57.37,-11.4769,3803.7,3810.142,3729.893333,234096.287,14.93,96.75292,4.48,3939.03,3634.64,3691,246.2470845,0.287236028,0.026233949,0.499851534,0.290459268
2019-04-02,3986.34 ,3988.10 ,3956.51 ,3971.29 ,3975.56 ,22600034100,22600034100,281892.06,78.04,64.26,2.3912,3857.87,3823.875,3747.616,251165.1361,20.69,98.53002,2.94,3967.5,3621.7,3703,240.0944752,0.287119865,-0.000665035,0.606535908,-0.079160451
2019-04-03,3947.87 ,4026.50 ,3939.78 ,4022.16 ,3984.08 ,23191736800,23191736800,284826.5,84.93,71.15,15.8512,3913.624,3842.547,3766.623667,272628.9295,3.16,98.647205,2.77,4002.99,3603.62,3720,238.7550965,0.288815119,0.012809808,0.785761877,-0.052177928
2019-04-04,4039.74 ,4072.11 ,4021.71 ,4062.23 ,4048.95 ,26041093900,26041093900,313539.43,89.1,77.13,26.9352,3980.39,3865.081,3787.274333,300815.9372,-15.77,101.94463,2.06,4046.85,3585.09,3745,247.0499367,0.286132134,0.009963386,0.80086553,-0.293425826
2019-04-08,4097.10 ,4122.60 ,4017.49 ,4057.23 ,4073.61 ,26750557600,26750557600,324670.45,87.72,80.66,30.1351,4017.368,3887.424,3805.178,309145.568,11.23,101.282795,0.99,4078.02,3593.88,3777,251.0611398,0.236069306,-0.001231417,0.733509932,-0.748464761
2019-04-09,4063.81 ,4084.24 ,4038.28 ,4075.43 ,4065.44 ,18295680800,18295680800,243187.91,88.06,83.13,31.1181,4037.668,3920.684,3816.709667,289623.2699,2.43,100.56568,0.94,4112.17,3594.29,3819,254.5119928,0.229847468,0.00448619,0.553947895,-1.106788796
2019-04-10,4062.44 ,4115.38 ,4035.47 ,4085.85 ,4074.79 ,19468761300,19468761300,278282.03,89.07,85.11,29.596,4060.58,3959.225,3830.081667,288901.2635,4.65,96.8655,0.62,4144.11,3595.39,3855,259.8690382,0.229762894,0.002556025,0.368485006,-1.369898499
2019-04-11,4083.46 ,4097.12 ,3990.24 ,3997.58 ,4042.10 ,16904964100,16904964100,236259.16,81.83,84.02,13.9199,4055.664,3984.644,3840.721333,279187.7958,-9.02,99.49589,-1.43,4154.47,3612.37,3887,261.8301863,0.244104792,-0.021603648,0.166281734,-1.467612546
2019-04-12,3986.78 ,4006.93 ,3961.46 ,3988.62 ,3985.95 ,13586211800,13586211800,178795.94,67.72,78.58,0.2851,4040.942,4010.666,3851.363,252239.0973,-1.78,98.07096,-1.29,4158.14,3637.72,3916,260.919267,0.241997976,-0.002241607,0.01350468,-1.474453875
2019-04-15,4056.49 ,4085.39 ,3974.23 ,3975.52 ,4022.91 ,18264557100,18264557100,236298.72,51.66,69.61,-11.8845,4024.6,4020.984,3858.89,234564.7511,41.52,98.847895,-1.22,4161.44,3657.47,3940,254.0621286,0.240936195,-0.003282441,-0.172736769,-1.328558754
2019-04-16,3958.10 ,4085.79 ,3943.49 ,4085.79 ,4018.29 ,20204196600,20204196600,250569.21,61.06,66.76,-6.7244,4026.672,4032.17,3868.613,236041.0098,22.99,99.07236,1.47,4183.39,3658.93,3943,253.9503472,0.239917283,0.027735888,-0.30436109,-1.352174415
2019-04-17,4080.72 ,4106.62 ,4057.50 ,4087.24 ,4083.02 ,18036711700,18036711700,228824.43,67.46,66.99,-4.8469,4026.95,4043.765,3877.654,226149.4907,28.44,100.49591,1.5,4202.7,3664.94,3962,253.8428348,0.238477563,0.00035506,-0.471091866,-1.259053778
2019-04-18,4085.11 ,4094.05 ,4056.24 ,4072.08 ,4076.87 ,14656212300,14656212300,187812.69,68.91,67.63,-7.2341,4041.85,4048.757,3885.120333,216460.197,21.08,99.155065,0.75,4217.12,3674.19,3982,252.9098931,0.239561553,-0.003710206,-0.665029018,-1.06308493
2019-04-19,4076.30 ,4120.64 ,4046.20 ,4120.61 ,4090.94 ,15079491000,15079491000,194701.69,79.26,71.51,-4.0237,4068.248,4054.595,3895.512333,219641.3473,13.81,99.19875,1.29,4236.97,3682.71,4000,254.6047234,0.241353795,0.01191837,-0.821603031,-0.774020102
2019-04-22,4125.97 ,4126.09 ,4015.47 ,4025.61 ,4073.29 ,18935374500,18935374500,244380.55,67.83,70.28,-15.7835,4078.266,4051.433,3907.78,221257.7129,17.41,101.78009,-1.29,4241.42,3697.44,4015,256.0137723,0.259331195,-0.023054099,-1.051350883,-0.283119752
2019-04-23,4021.63 ,4061.09 ,4005.28 ,4019.01 ,4026.75 ,15561165000,15561165000,204121.51,59.01,66.53,-24.9908,4064.91,4045.791,3917.415333,211968.1727,13.01,101.291565,-1.13,4234,3732.47,4126,259.1414087,0.240536742,-0.001640894,-1.36140456,0.839162104
2019-04-24,4033.63 ,4044.34 ,3967.81 ,4030.09 ,4018.97 ,14549869500,14549869500,186497.96,55.15,62.73,-29.8021,4053.48,4040.215,3926.573333,203502.879,11.49,100.95336,-0.58,4212.71,3786.73,4124,260.5193832,0.234029757,0.002757747,-1.642033444,2.341887026
2019-04-25,4013.60 ,4022.56 ,3938.33 ,3941.82 ,3979.08 ,15972207100,15972207100,197531,37.38,54.28,-44.2186,4027.428,4034.639,3933.827667,205446.541,-1.18,102.02941,-2.13,4188.03,3831.25,4117,258.1644491,0.250138657,-0.021903414,-1.795167154,4.381918691
2019-04-26,3921.89 ,3943.83 ,3887.25 ,3889.27 ,3910.56 ,14200806800,14200806800,186572.14,25.21,44.59,-59.2396,3981.16,4024.704,3940.187,203820.6303,10.67,102.24518,-2.31,4151.66,3883.71,4107,246.1029066,0.255596636,-0.013329186,-0.651716315,-0.064274314
2019-04-29,3896.58 ,3953.23 ,3875.45 ,3900.33 ,3906.40 ,15387092700,15387092700,203946.55,20.11,36.43,-65.5983,3956.104,4017.185,3945.364333,195733.8311,17.93,97.81914,-1.41,4147.12,3891.05,4089,230.1180563,0.218066637,0.002843486,-0.49543263,-0.427223449
2019-04-30,3887.18 ,3923.11 ,3885.15 ,3913.21 ,3902.16 ,11623337600,11623337600,161665.92,18.43,30.43,-65.8125,3934.944,3999.927,3947.413,187242.7147,24.41,88.04519,-0.55,4151.27,3880.83,4068,215.7084435,0.196672868,0.003301538,-0.477919713,-0.740497312
2019-05-06,3775.08 ,3791.61 ,3647.14 ,3684.62 ,3724.61 ,19747288200,19747288200,254115.4,14.9,25.25,-92.8342,3865.85,3959.665,3942.435,200766.2024,51.02,90.922375,-4.69,4202.02,3801.41,4049,188.0460313,0.288378119,-0.058416017,-1.780555151,4.273795839
2019-05-07,3702.27 ,3738.18 ,3671.83 ,3720.67 ,3708.24 ,13284765400,13284765400,183659.16,15.05,21.85,-101.2529,3821.62,3924.524,3938.609333,197991.8347,35.67,91.13851,-2.64,4222.67,3750.62,4000,161.5656047,0.286299358,0.009784355,-1.45033428,1.787347642
2019-05-08,3648.55 ,3722.93 ,3642.50 ,3667.46 ,3670.36 ,11286735500,11286735500,145058.49,12.02,18.57,-108.7323,3777.258,3879.209,3932.961667,189689.1045,27.86,88.543725,-2.91,4239.5,3694.3,3958,133.9987645,0.283743648,-0.014301463,-1.216021064,0.576180775
2019-05-09,3637.35 ,3656.90 ,3584.82 ,3599.70 ,3619.69 ,10103739400,10103739400,141829.1,9.09,15.41,-116.84,3717.132,3836.618,3925.158333,177265.6131,29.5,86.891685,-3.16,4258.31,3629.74,3914,103.5123263,0.287297678,-0.018475279,-1.061876157,-0.003112146
2019-05-10,3643.06 ,3732.92 ,3589.29 ,3730.45 ,3673.93 ,14800384700,14800384700,195067.17,17.15,15.99,-99.3133,3680.58,3807.762,3924.745667,183945.8624,47.45,90.959025,1.35,4248.48,3605.07,3861,80.56692495,0.321657851,0.036322804,-0.800024614,-0.644418025
2019-05-13,3675.76 ,3702.90 ,3658.00 ,3668.73 ,3676.35 ,10339186000,10339186000,135053.93,19.03,17,-90.978,3677.402,3771.626,3923.688667,160133.5678,54.93,92.64436,-0.24,4238.11,3573.73,3817,60.0959637,0.323368896,-0.01654647,-0.576390423,-1.120878726
2019-05-14,3630.44 ,3683.26 ,3630.44 ,3645.15 ,3647.32 ,10231346000,10231346000,135262.87,18.14,17.38,-83.7651,3662.298,3741.959,3920.414,150454.3097,48.55,89.94122,-0.47,4237,3539.6,3780,39.91784052,0.317542951,-0.006425992,-0.36440021,-1.457581793
2019-05-15,3674.99 ,3741.04 ,3674.99 ,3727.09 ,3704.53 ,11016176900,11016176900,152534.55,26.11,20.29,-63.975,3674.224,3725.741,3920.370333,151949.5218,63.69,93.197835,1.44,4227.68,3522.77,3749,25.50034349,0.33154207,0.022479732,-0.160616538,-1.606145213
2019-05-16,3720.04 ,3745.14 ,3707.90 ,3743.96 ,3729.26 ,11625827400,11625827400,139851.94,43.06,27.88,-45.4984,3703.076,3710.104,3916.091,151554.0906,71.36,90.508995,1.1,4217.44,3509.85,3630,7.134046317,0.332729443,0.004526639,0.025145,-1.647955344
2019-05-17,3744.88 ,3745.36 ,3637.58 ,3648.76 ,3694.15 ,12845324500,12845324500,154092.35,41.98,32.58,-43.0142,3686.738,3683.659,3905.252,143359.1264,65.16,88.78258,-1.03,4191.78,3491.81,3633,-15.146601,0.321686733,-0.025428293,0.216572534,-1.582823442
2019-05-20,3635.74 ,3644.50 ,3583.83 ,3617.79 ,3620.47 ,10896347700,10896347700,134194.26,35,33.39,-42.3878,3676.55,3676.976,3893.468667,143187.1936,61.19,83.659565,-1.6,4161.91,3474.73,3745,-37.10341595,0.321029334,-0.008487402,0.387133152,-1.4179983
2019-05-21,3619.44 ,3690.09 ,3610.68 ,3666.78 ,3646.75 ,11102292000,11102292000,133071.38,40.45,35.74,-32.6564,3680.876,3671.587,3881.622667,142748.896,69.38,87.08148,-0.38,4126.08,3470.03,3742,-57.93982515,0.328417204,0.013539693,0.596234397,-1.109277261
2019-05-22,3663.15 ,3679.27 ,3634.75 ,3649.38 ,3656.64 ,9834612800,9834612800,121775.24,40.49,37.33,-26.1276,3665.334,3669.779,3867.861,136597.0355,59.38,86.78946,-0.44,4071.16,3477.82,3739,-73.85439889,0.322187022,-0.004744386,0.679957513,-1.124599647
2019-05-23,3629.53 ,3631.47 ,3578.11 ,3583.96 ,3605.77 ,9989778100,9989778100,125611.97,28.16,34.27,-28.0178,3633.334,3668.205,3852.085333,133749.0414,60.36,83.926735,-1.36,4035.83,3468.99,3736,-91.91371395,0.318988456,-0.017924965,0.83616543,-0.673642758
2019-05-24,3584.90 ,3623.39 ,3580.79 ,3593.91 ,3595.75 ,8093404800,8093404800,101337.5,21.92,30.15,-25.402,3622.364,3654.551,3836.034667,123198.0707,62.11,83.40048,-0.79,3993.36,3468.95,3730,-109.1267683,0.320136314,0.00277606,1.006334279,-0.119595648
2019-05-27,3592.60 ,3648.03 ,3556.26 ,3637.20 ,3608.52 ,10883087100,10883087100,133399.05,28.88,29.73,-15.7859,3626.246,3651.398,3821.079667,123039.029,64.8,84.162395,0.3,3935.5,3487.52,3723,-118.9013748,0.324958269,0.012043472,1.058671518,-0.086025167
2019-05-28,3633.02 ,3683.23 ,3627.79 ,3672.26 ,3654.08 ,11788624000,11788624000,148966.34,39.7,33.05,-3.3007,3627.342,3654.109,3810.235667,126218.0197,85.26,86.29919,1.24,3894.41,3501.65,3713,-123.8070211,0.322433667,0.009640225,1.273194095,0.828760713
2019-05-29,3642.54 ,3693.23 ,3637.35 ,3663.91 ,3659.26 ,9335544100,9335544100,120002.03,45.44,37.18,4.7952,3630.248,3647.791,3799.412,125863.3777,79.91,86.742135,0.93,3861.63,3511.91,3704,-129.437915,0.32032553,-0.002274212,1.620117005,2.652075834
2019-05-30,3648.85 ,3650.97 ,3612.62 ,3641.18 ,3638.41 ,9420256100,9420256100,112864.08,50.96,41.78,7.8693,3641.692,3637.513,3788.267333,123313.7997,72.98,84.770645,-0.01,3817.7,3529.92,3695,-136.5674043,0.319754768,-0.006202583,1.970167841,5.850573917
2019-05-31,3641.00 ,3668.18 ,3627.54 ,3629.79 ,3641.63 ,8922226700,8922226700,108264.2,51.87,45.14,9.064,3648.868,3635.616,3773.067333,124699.1407,97.39,85.165575,-0.52,3750.2,3569.08,3687,-132.4804091,0.318771883,-0.003129203,0.285255512,-0.456613531
2019-06-03,3640.61 ,3672.81 ,3613.13 ,3632.01 ,3639.64 ,10072318000,10072318000,123902.45,53.01,47.77,10.7347,3647.83,3637.038,3757.893,122799.8192,82.01,80.926315,-0.43,3747.57,3566.45,3682,-130.2891736,0.239121108,0.000612542,0.456003231,-0.350346626
2019-06-04,3632.56 ,3636.13 ,3584.46 ,3598.47 ,3612.91 ,8709709400,8709709400,109467.24,45.62,47.05,8.0274,3633.072,3630.207,3742.106,114899.9996,79.67,78.957845,-0.95,3739.85,3561.95,3678,-127.2242549,0.237615252,-0.009236229,0.63731764,0.077067215
2019-06-05,3627.79 ,3634.45 ,3593.95 ,3597.11 ,3613.33 ,8864202000,8864202000,114634.23,40.35,44.82,6.807,3619.712,3624.98,3724.656,113826.4384,85.51,77.435745,-0.62,3739.09,3555.67,3671,-120.9927972,0.232812492,-0.000378383,0.740491531,0.028164358
2019-06-06,3601.04 ,3601.04 ,3557.02 ,3564.68 ,3580.95 ,8553440300,8553440300,104367.27,28.95,39.53,2.6014,3604.412,3623.052,3709.291667,112127.076,76.28,76.032995,-1.1,3742.37,3548.88,3664,-123.2318323,0.225527025,-0.009014805,0.515334488,-0.02777097
2019-06-10,3578.01 ,3623.73 ,3568.28 ,3610.74 ,3595.19 ,9237506100,9237506100,117346.61,32.45,37.17,6.7573,3600.602,3624.735,3695.682667,113943.5576,77.74,71.96361,0.28,3728.81,3550.48,3653,-119.9693407,0.188476658,0.012922823,0.677841007,0.708757817
2019-06-11,3617.52 ,3723.14 ,3617.52 ,3719.28 ,3669.37 ,14348280600,14348280600,180899.07,54.19,42.84,23.8955,3618.056,3632.943,3685.322333,125342.8827,49.08,74.02624,2.8,3737.46,3546.88,3557,-110.2645937,0.209869234,0.030058186,0.638049188,0.080459173
2019-06-12,3706.86 ,3711.88 ,3683.94 ,3691.10 ,3698.45 ,11917885300,11917885300,132296.1,63.03,49.57,30.7675,3636.582,3634.827,3676.965,129908.655,57.7,76.102855,1.5,3742.25,3546.69,3560,-106.551194,0.210431076,-0.007576797,0.49246454,-0.333843082
2019-06-13,3689.58 ,3697.59 ,3654.27 ,3685.39 ,3681.71 ,9633171800,9633171800,110459.9,67.78,55.64,33.6425,3654.238,3636.975,3670.169,129073.7898,61.79,72.73864,0.85,3734.35,3550.42,3564,-104.1521443,0.194366364,-0.001544907,0.445077213,-0.068296131
2019-06-14,3690.48 ,3709.65 ,3650.91 ,3654.88 ,3676.48 ,10181700400,10181700400,116584.26,64.82,58.7,30.6195,3672.278,3638.345,3661.987333,131517.1883,63.88,72.168395,-0.47,3716.89,3558.97,3567,-98.63858708,0.195253414,-0.008279551,0.086713418,-0.373897268
2019-06-17,3654.44 ,3683.77 ,3645.50 ,3654.82 ,3659.63 ,7297667800,7297667800,93092.58,62.84,60.08,27.875,3681.094,3640.848,3653.374333,126666.3828,58.02,68.693555,-0.71,3717.41,3559.05,3570,-91.85503773,0.172358473,-1.51E-05,0.063807709,-0.410056054
2019-06-18,3661.13 ,3675.65 ,3638.78 ,3667.62 ,3660.80 ,7069226600,7069226600,89472.84,64.09,61.42,27.0266,3670.762,3644.409,3652.807667,108381.1363,64.22,67.503435,-0.09,3720.33,3561.11,3573,-87.22017084,0.16965715,0.003500496,-0.114679992,-0.456948739
2019-06-19,3761.34 ,3771.35 ,3715.13 ,3715.94 ,3740.94 ,12559571500,12559571500,172574.18,67.44,63.42,31.8833,3675.73,3656.156,3652.65,116436.7523,56.14,68.818985,1.09,3728.97,3557.39,3575,-79.5312373,0.16930212,0.013174653,0.019305509,-0.613463407
2019-06-20,3718.94 ,3845.79 ,3717.19 ,3828.52 ,3777.61 ,16887207300,16887207300,227726.98,76.22,67.69,48.1904,3704.356,3679.297,3658.018667,139890.1683,44.52,71.92234,3.35,3771.5,3532.78,3583,-63.32699044,0.196909012,0.030296576,1.254536616,2.845219527
2019-06-21,3832.73 ,3856.09 ,3817.31 ,3833.94 ,3835.02 ,15363515500,15363515500,199961.62,81.05,72.14,57.0322,3740.168,3706.223,3665.826667,156565.6397,49.94,76.199265,2.51,3804.52,3524.75,3599,-48.15942091,0.181573076,0.001415691,1.258102048,1.701660468
2019-06-24,3836.31 ,3853.55 ,3819.77 ,3841.27 ,3837.73 ,10008462100,10008462100,143644.73,85.09,76.46,60.8453,3777.458,3729.276,3669.520667,166676.0698,51.87,75.74731,1.69,3833.33,3520.68,3620,-35.54800987,0.181636641,0.001911246,1.087435994,0.598641215
2019-06-25,3837.43 ,3838.06 ,3755.01 ,3801.31 ,3807.95 ,12407591200,12407591200,169358.79,81.66,78.19,55.132,3804.196,3737.479,3673.94,182653.2605,50.71,75.311205,-0.08,3849.76,3520.67,3639,-27.31814437,0.184898589,-0.010401805,0.807271911,-0.275236512
2019-06-26,3779.51 ,3809.76 ,3771.72 ,3794.33 ,3788.83 ,8182028300,8182028300,112106.86,78.3,78.23,47.831,3819.874,3747.802,3678.912667,170559.7967,50.53,71.699915,-0.67,3862.75,3519.88,3656,-19.43113716,0.183286455,-0.001835894,0.596883438,-0.831226947
2019-06-27,3807.54 ,3854.08 ,3805.83 ,3834.82 ,3825.57 ,10531635800,10531635800,156483.42,82.27,79.58,45.8675,3821.134,3762.745,3682.503667,156311.084,43.22,72.546125,0.36,3882.23,3517.49,3672,-8.777885298,0.185337504,0.010670181,0.411980396,-1.245414192
2019-06-28,3832.06 ,3835.23 ,3803.05 ,3825.59 ,3823.98 ,8476613900,8476613900,116512.05,83.5,80.88,40.9017,3819.464,3779.816,3685.224667,139621.1706,34.79,72.237675,0.16,3897.51,3520.65,3687,1.450908967,0.183503176,-0.002406868,0.199324819,-1.483487141
2019-07-01,3899.33 ,3936.67 ,3886.91 ,3935.81 ,3914.68 ,15837034000,15837034000,217470.25,88.87,83.55,49.4673,3838.372,3807.915,3694.793,154386.2745,42.81,76.140605,2.54,3934.18,3514.58,3700,16.56830852,0.203760342,0.028812387,0.270280192,-1.019497
2019-07-02,3931.05 ,3942.43 ,3918.94 ,3937.17 ,3932.40 ,13186349600,13186349600,173997.05,91.8,86.3,52.0579,3865.544,3834.87,3705.439,155313.9248,48.37,75.93213,1.85,3964.97,3514.31,3724,32.67501809,0.203822352,0.00034491,0.190058496,-1.037573625
2019-07-03,3927.44 ,3927.44 ,3878.84 ,3893.53 ,3906.81 ,11199260300,11199260300,163145.73,85.84,86.15,44.9056,3885.384,3852.629,3712.997333,165521.6992,32.93,75.77859,0.21,3979.44,3529.34,3750,45.86272219,0.205538832,-0.011082836,0.016173429,-1.103796408
2019-07-04,3895.20 ,3906.89 ,3854.69 ,3873.10 ,3882.47 ,9934225600,9934225600,142669.26,78.23,83.51,34.8815,3893.04,3857.087,3720.454667,162758.8666,33.3,75.88879,-0.51,3986.38,3550.01,3773,58.99079108,0.20762005,-0.005247726,-0.155656603,-1.028177857
2019-07-05,3875.37 ,3900.31 ,3857.93 ,3893.20 ,3881.70 ,7400652700,7400652700,116236.52,76.73,81.25,28.6765,3906.562,3863.013,3730.762667,162703.7609,35.6,75.96867,-0.34,3987.2,3582.04,3793,70.16420152,0.202099099,0.005189794,-0.155745392,-1.262917316
2019-07-08,3875.75 ,3875.75 ,3775.03 ,3802.79 ,3832.33 ,10953908600,10953908600,147198.42,57.22,73.24,11.0201,3879.958,3859.165,3737.725333,148649.3945,44.79,77.66944,-1.99,3979.57,3608.87,3927,70.83168145,0.222156097,-0.023223246,-0.163367357,-1.191010931
2019-07-09,3798.10 ,3811.10 ,3774.76 ,3793.13 ,3794.27 ,7484273200,7484273200,113147.6,41.8,62.76,-2.6067,3851.15,3858.347,3742.923,136479.5061,42.53,71.74304,-1.51,3979.89,3615.94,3924,72.39179738,0.198320349,-0.00254024,-0.275306368,-1.003528191
2019-07-10,3807.95 ,3810.40 ,3774.23 ,3786.74 ,3794.83 ,7283394800,7283394800,101355.48,30.34,51.95,-12.5702,3829.792,3857.588,3746.739,124121.4553,36.74,68.83355,-1.12,3977.75,3627.64,3918,73.83949251,0.196020017,-0.001684809,-0.385424775,-0.658671753
2019-07-11,3806.19 ,3830.74 ,3774.41 ,3785.22 ,3799.14 ,7531196500,7531196500,113674.62,22.41,42.11,-19.0651,3812.216,3852.628,3750.782667,118322.5275,33.82,69.49309,-0.71,3974.14,3641.24,3910,76.66457288,0.195843178,-0.000400873,-0.485286224,-0.186268002
2019-07-12,3783.07 ,3820.24 ,3774.52 ,3808.73 ,3796.64 ,7546596700,7546596700,107007.92,21.78,35.33,-19.8073,3795.322,3850.942,3756.367667,116476.8079,29.33,68.84705,0.35,3965.52,3665.24,3902,80.52665924,0.193112668,0.006211024,-0.510889498,0.458020072
2019-07-15,3792.64 ,3844.87 ,3745.85 ,3824.19 ,3801.89 ,10120522200,10120522200,142493.05,28.9,33.19,-17.8872,3799.602,3839.78,3762.847667,115535.7334,30.99,71.883915,0.65,3953.57,3694.12,3894,84.32879128,0.193071958,0.004058228,-0.342705381,1.000688629
2019-07-16,3819.25 ,3828.33 ,3799.87 ,3806.84 ,3813.57 ,8073095200,8073095200,108449.68,31.89,32.75,-18.5461,3802.344,3826.747,3768.675333,114596.1493,27.44,74.16419,0.12,3938.26,3723.35,3882,84.65769171,0.194496808,-0.004535055,0.398456137,0.546468018
2019-07-17,3800.11 ,3820.27 ,3787.90 ,3804.64 ,3803.23 ,9518388500,9518388500,116766.78,33.95,33.15,-18.8109,3805.924,3817.858,3775.547667,117678.4101,33.24,69.15454,-0.03,3929.21,3741.27,3871,79.23081213,0.190033874,-0.000579614,1.124634573,0.27506726
2019-07-18,3793.19 ,3793.39 ,3768.00 ,3768.40 ,3780.75 ,8749644500,8749644500,111669.37,28.42,31.57,-23.1167,3802.56,3807.388,3781.257333,117277.36,25.4,63.891425,-0.9,3930.84,3733.63,3861,71.99245152,0.160359985,-0.009524295,1.031234683,0.13063954
2019-07-19,3787.51 ,3828.15 ,3787.51 ,3807.96 ,3802.78 ,8808614900,8808614900,117797.53,39.85,34.33,-20.0021,3802.406,3798.864,3789.366667,119435.2808,24.16,59.95421,0.15,3930.13,3731.74,3852,66.72728894,0.165136886,0.010496014,1.093455934,0.184337572
2019-07-22,3813.50 ,3816.54 ,3765.44 ,3781.68 ,3794.29 ,9210137700,9210137700,117810.45,38.63,35.77,-20.7578,3793.904,3796.753,3795.064667,114498.7611,26.08,60.697085,-0.32,3929.4,3726.52,3845,62.4095945,0.166511666,-0.006899215,1.164352672,0.238770693
2019-07-23,3783.54 ,3792.96 ,3768.76 ,3789.91 ,3783.79 ,7131334600,7131334600,103866.61,40.59,37.37,-19.4476,3790.518,3796.431,3797.419,113582.1463,29.11,57.920785,-0.02,3929.59,3725.19,3837,59.06823977,0.162772217,0.002176359,1.160051855,0.208039535
2019-07-24,3803.59 ,3840.06 ,3803.57 ,3819.83 ,3816.76 ,9094068400,9094068400,129940.59,51.96,42.24,-14.0986,3793.556,3799.74,3801.71,116216.9076,28.63,58.748205,0.69,3929.76,3727.57,3840,55.36559278,0.16506462,0.007894375,1.130613957,0.215432274
2019-07-25,3821.39 ,3851.07 ,3812.95 ,3851.07 ,3834.12 ,9374041700,9374041700,125899.5,67.97,50.81,-6.2979,3810.09,3806.325,3807.232667,119062.935,24.27,57.004655,1.08,3931.04,3727.92,3765,53.87127314,0.163247404,0.008176798,1.066626626,0.062948309
2019-07-26,3835.23 ,3863.59 ,3832.52 ,3858.57 ,3847.48 ,8325930000,8325930000,110929.73,76.94,59.52,-0.3852,3820.212,3811.309,3814.022333,117689.3751,27.37,57.927485,1,3933.49,3728.76,3767,47.31556949,0.163051898,0.00194811,0.945079203,-0.200088816
2019-07-29,3857.94 ,3862.75 ,3842.43 ,3854.27 ,3854.35 ,8481437000,8481437000,111679.11,81.46,66.84,2.5291,3834.73,3814.317,3820.670667,116463.1072,30.27,52.758035,0.51,3917.68,3736.42,3771,40.80485601,0.12513683,-0.001113988,0.949251629,0.197379746
2019-07-30,3861.57 ,3890.73 ,3861.57 ,3870.32 ,3871.05 ,9412395500,9412395500,120480.28,82.21,71.96,6.0028,3850.812,3820.665,3827.427333,119785.8415,27.72,52.39739,0.51,3901.22,3746.19,3775,37.60378821,0.12642299,0.004163486,0.545533287,-0.980382578
2019-07-31,3856.75 ,3856.75 ,3830.09 ,3835.36 ,3844.74 ,8215115500,8215115500,111083.89,73.41,72.45,3.1206,3853.918,3823.737,3831.408,116014.5026,15.96,51.30027,-0.48,3891.33,3750.27,3782,33.8364488,0.124384785,-0.009032515,0.547813207,-0.749056036
2019-08-01,3819.32 ,3831.26 ,3791.55 ,3803.47 ,3811.40 ,8411418000,8411418000,117649.16,59.06,67.98,-3.2094,3844.398,3827.244,3830.573,114364.4348,16.07,50.676355,-1.06,3883.73,3750.9,3788,27.65797136,0.126336943,-0.008314607,0.77013337,-0.121229786
2019-08-02,3729.13 ,3754.53 ,3720.06 ,3747.44 ,3737.79 ,10833589700,10833589700,141874.79,44.72,60.23,-14.4425,3822.172,3821.192,3827.689667,120553.4466,26.44,50.84237,-1.96,3873.3,3746.76,3891,23.50748279,0.133340271,-0.014731682,0.235454511,-0.234373474
2019-08-05,3724.41 ,3739.50 ,3675.69 ,3675.69 ,3703.82 ,10132598100,10132598100,133061.1,29.81,50.09,-30.1333,3786.456,3810.593,3822.170333,124829.8451,22.49,48.996665,-2.93,3890.97,3716.37,3887,16.46004365,0.124951543,-0.019146281,-1.126022922,2.868664088
2019-08-06,3609.11 ,3649.90 ,3575.86 ,3636.33 ,3617.80 ,12983387100,12983387100,167267.48,26.28,42.15,-43.5929,3739.658,3795.235,3816.671,134187.285,31.53,50.88154,-2.76,3910.87,3680.79,3879,8.116536471,0.12903008,-0.010708062,-1.47441054,2.614263655
2019-08-07,3654.63 ,3659.08 ,3621.43 ,3621.43 ,3639.14 ,8423871600,8423871600,108667.67,22.34,35.55,-51.727,3696.872,3775.395,3810.907667,133704.0401,42.03,53.23402,-2.04,3926.61,3648.52,3861,-0.478790352,0.12921011,-0.004096962,-1.359921066,1.289792641
2019-08-08,3651.36 ,3675.46 ,3646.94 ,3669.29 ,3660.76 ,8845770700,8845770700,114981.62,24.79,31.96,-47.9686,3670.036,3757.217,3805.39,133170.5305,66.49,53.11007,-0.02,3930.55,3632.99,3844,-7.426725835,0.140211445,0.013216488,-1.084772826,0.138377541
2019-08-09,3686.75 ,3689.18 ,3628.12 ,3633.53 ,3659.40 ,8529558000,8529558000,116355.69,22.63,28.85,-47.5168,3647.254,3734.713,3798.988,128066.711,43.53,53.87204,-0.38,3935.14,3610.88,3828,-16.58829954,0.139979124,-0.009746835,-0.83637014,-0.667242606
2019-08-12,3647.87 ,3699.10 ,3643.32 ,3699.10 ,3672.35 ,8208305600,8208305600,121129.35,29.71,29.14,-36.1195,3651.936,3719.196,3791.097667,125680.3598,71.1,52.47079,1.29,3930.22,3603.3,3812,-21.14589457,0.156067243,0.018047218,-0.61808399,-1.004529568
2019-08-13,3675.59 ,3686.43 ,3658.01 ,3665.75 ,3671.45 ,7650030200,7650030200,103764.32,31.54,29.94,-31.0026,3657.82,3698.739,3782.050333,112979.7277,57.55,50.50296,0.22,3927.99,3591.42,3801,-27.03294484,0.157982667,-0.00901656,-0.393769638,-1.357649782
2019-08-14,3712.07 ,3717.56 ,3680.61 ,3682.40 ,3698.16 ,9120259000,9120259000,128301.67,40.9,33.59,-23.638,3670.014,3683.443,3775.012667,116906.5284,49,51.861525,0.34,3923.87,3583.31,3791,-29.9813176,0.159578086,0.004542043,-0.192733649,-1.52548555
2019-08-15,3618.01 ,3694.30 ,3612.11 ,3694.00 ,3654.61 ,8859883200,8859883200,119241.08,51.33,39.51,-15.8414,3674.956,3672.496,3769.042667,117758.4216,39,54.70112,0.52,3922.03,3577.71,3781,-34.17997672,0.157559987,0.003149874,-0.062042188,-1.624035783
2019-08-16,3697.94 ,3738.10 ,3687.08 ,3710.54 ,3708.42 ,8831916900,8831916900,132696.91,61.89,46.97,-7.5159,3690.358,3668.806,3762.954,121026.6657,44.14,57.99262,0.55,3915.74,3574.25,3767,-36.02820788,0.153173633,0.004476989,0.102666068,-1.569954904
2019-08-19,3736.03 ,3791.09 ,3720.69 ,3791.09 ,3759.73 ,13932701300,13932701300,195448.94,74.6,56.18,8.8915,3708.756,3680.346,3762.564,135890.5846,25.09,60.6388,2.22,3916.69,3574.25,3612,-34.16774249,0.171423322,0.021710056,0.08801563,-1.590806441
2019-08-20,3786.03 ,3799.90 ,3778.73 ,3787.73 ,3788.10 ,10860208800,10860208800,149115.34,80.9,64.42,18.7744,3733.152,3695.486,3762.384,144960.7888,31.93,63.22312,1.46,3916.47,3574.26,3616,-34.06436036,0.171282191,-0.000886868,0.091295743,-1.5858944
2019-08-21,3778.31 ,3792.60 ,3775.45 ,3781.76 ,3782.03 ,8229988000,8229988000,121688.51,84.05,70.96,23.6737,3753.024,3711.519,3762.218,143638.1556,27.96,60.5157,0.77,3911.9,3575.01,3623,-35.82657234,0.168772665,-0.001577329,0.135342298,-1.490181158
2019-08-22,3793.86 ,3797.33 ,3771.20 ,3793.51 ,3788.98 ,8580779200,8580779200,120708.14,88.23,76.72,27.4005,3772.926,3723.941,3762.494333,143931.5663,38.11,59.447275,0.55,3903.14,3578.01,3630,-37.28837873,0.166278049,0.003106545,0.146592338,-1.373621376
2019-08-23,3796.88 ,3829.36 ,3788.03 ,3820.86 ,3808.78 ,8795458300,8795458300,137802.15,90.85,81.43,32.1255,3794.99,3742.674,3762.898667,144952.6151,37.26,59.82334,0.68,3896.3,3581.09,3637,-37.09428979,0.168432361,0.007211719,0.10617992,-1.365129877
2019-08-26,3756.36 ,3778.87 ,3753.16 ,3765.91 ,3763.58 ,9385926900,9385926900,142350.99,84.16,82.34,26.651,3789.954,3749.355,3760.956,134333.0243,27.51,60.411985,-0.63,3882.94,3585.61,3648,-40.4599303,0.175623924,-0.014382428,0.107910864,-1.211352022
2019-08-27,3791.46 ,3848.24 ,3790.87 ,3816.95 ,3811.88 ,12473147800,12473147800,181748.78,85.03,83.24,28.5379,3795.798,3764.475,3761.293,140859.713,39.55,62.750355,0.56,3871.65,3591.56,3659,-39.35758379,0.182337242,0.013551942,-0.076441495,-1.498665693
2019-08-28,3818.81 ,3822.59 ,3790.14 ,3802.58 ,3808.53 ,8875081200,8875081200,137667.28,80.57,82.35,26.5261,3799.962,3776.493,3761.224333,144055.4674,29.38,63.04017,0.07,3865.6,3594.34,3674,-37.4339546,0.180062276,-0.003762563,-0.145954121,-1.551086023
2019-08-29,3805.49 ,3808.60 ,3774.40 ,3790.19 ,3794.67 ,8408338700,8408338700,126475.68,71.88,78.86,22.3686,3799.298,3786.112,3761.950667,145208.9755,26.99,62.764195,-0.24,3863.54,3595.07,3688,-33.42481687,0.177988751,-0.003260335,-0.152123688,-1.532626231
2019-08-30,3816.68 ,3828.97 ,3778.92 ,3799.59 ,3806.04 ,9669515000,9669515000,152408.67,64.2,73.97,19.8142,3795.044,3795.017,3761.671667,148130.2784,32.19,63.046005,0.12,3869.61,3594.21,3701,-25.55868102,0.169474012,0.002479983,-0.206094059,-1.622215743
2019-09-02,3803.69 ,3855.78 ,3799.82 ,3848.32 ,3826.90 ,11028934900,11028934900,164994.46,73.71,73.88,23.3732,3811.526,3800.74,3763.893,152658.9731,34.72,63.698165,0.97,3884.89,3596.2,3713,-13.68120197,0.156998825,0.012826002,-0.30655937,-1.426116528
2019-09-03,3852.58 ,3856.68 ,3833.76 ,3853.61 ,3849.16 ,9771463100,9771463100,146270.63,81.48,76.42,24.9798,3818.858,3807.328,3766.016333,145563.343,36.61,62.839765,0.91,3895.43,3607.38,3727,-1.388161874,0.149330917,0.001374834,-0.411904621,-1.166289024
2019-09-04,3848.65 ,3886.00 ,3846.42 ,3886.00 ,3866.77 ,12662861500,12662861500,176839.75,87.66,80.16,28.6803,3835.542,3817.752,3768.222,153397.8365,19,61.29121,1.32,3906.99,3622.28,3743,9.51662622,0.148127943,0.00840526,-0.302075342,-0.941029217
2019-09-05,3909.21 ,3970.00 ,3909.21 ,3925.32 ,3928.44 ,18165623100,18165623100,244681.23,84.9,81.74,34.3185,3862.568,3830.933,3770.697,177038.9463,13.92,64.76886,1.62,3929.41,3625.46,3763,23.63046491,0.145876442,0.010118834,-0.146882985,-0.386241254
2019-09-06,3946.69 ,3948.54 ,3922.34 ,3948.51 ,3941.52 ,12188237600,12188237600,181718.27,86.27,83.25,38.7385,3892.352,3843.698,3773.695,182900.8666,2.31,63.682355,1.44,3947.63,3638.74,3796,34.91908166,0.137482129,0.005906393,0.184576765,-0.245603288
2019-09-09,3980.96 ,3985.24 ,3954.88 ,3972.95 ,3973.51 ,14680975400,14680975400,209545.39,88.91,85.14,42.2346,3917.278,3864.402,3777.651,191811.0523,11.95,63.27808,1.42,3974.22,3639.54,3824,48.53297258,0.12792176,0.006189909,0.257574564,-0.155711971
2019-09-10,3976.87 ,3976.92 ,3938.74 ,3959.27 ,3962.95 ,13088938600,13088938600,184494.35,88.5,86.26,40.0067,3938.41,3878.634,3780.616,199455.7955,9.07,63.031295,0.53,3988.26,3654.84,3853,59.94949895,0.121990895,-0.003444142,0.308396297,-0.415740471
2019-09-11,3969.68 ,3971.22 ,3922.95 ,3930.10 ,3948.49 ,13159487500,13159487500,190165.01,83.42,85.31,32.2395,3947.23,3891.386,3783.774,202120.848,0.9,62.46756,-0.43,3993.78,3674.1,3877,68.756989,0.128290281,-0.007366292,0.284134687,-0.677777999
2019-09-12,3944.69 ,3975.93 ,3933.44 ,3972.38 ,3956.61 ,11024127300,11024127300,156750.65,86.64,85.75,30.4537,3956.642,3909.605,3789.404333,184534.7335,-8.02,61.007075,0.4,4004.85,3690.87,3896,78.41120455,0.130979532,0.010757996,0.354466483,-1.065821488
2019-09-16,3981.36 ,3982.20 ,3943.37 ,3957.72 ,3966.16 ,11025980500,11025980500,154736.55,85.04,85.51,25.1736,3958.484,3925.418,3796.413667,179138.39,-2.28,57.146165,-0.02,4010.47,3709.97,3912,82.82168433,0.133473003,-0.003691616,0.390835551,-1.608674167
2019-09-17,3947.16 ,3947.16 ,3879.49 ,3891.22 ,3916.26 ,11369431700,11369431700,154899.3,67.45,79.49,11.306,3942.138,3929.708,3803.598,168209.1726,15.22,55.328815,-1.29,4012.42,3718.03,3982,83.85502011,0.133461844,-0.016801259,0.241396509,-1.616486337
2019-09-18,3902.99 ,3923.15 ,3902.51 ,3910.08 ,3909.68 ,8205615200,8205615200,130159.56,54.61,71.2,3.6522,3932.3,3935.355,3812.723,157342.2141,13.08,53.55145,-0.57,4015.1,3727.58,3980,86.0785591,0.133761696,0.004847553,0.0621649,-1.598777281
2019-09-19,3923.96 ,3924.38 ,3897.07 ,3924.38 ,3917.45 ,8598423800,8598423800,127421.79,50.55,64.32,-0.2961,3931.156,3939.193,3822.821333,144793.5708,10.18,54.05983,-0.17,4017.6,3739.35,3978,88.31844115,0.133406351,0.003656853,-0.123566758,-1.525332135
2019-09-20,3933.46 ,3942.22 ,3921.41 ,3935.65 ,3933.19 ,10345595500,10345595500,153162.59,51.41,60.01,-2.1009,3923.81,3940.226,3831.7,144075.9579,15.65,55.01149,0.3,4020.9,3750.26,3976,89.64188409,0.1333798,0.002871484,-0.334682263,-1.349234337
2019-09-23,3925.19 ,3925.19 ,3868.21 ,3890.66 ,3902.31 ,9403622500,9403622500,139223.51,40.84,53.62,-9.6435,3910.398,3934.441,3840.271,140973.3487,2.46,54.952285,-0.5,4020.92,3757.22,3974,91.39734489,0.139780311,-0.011431273,-0.483107438,-1.073104754
2019-09-24,3895.87 ,3927.01 ,3886.14 ,3901.08 ,3902.53 ,8778323000,8778323000,142341.4,36.84,48.03,-13.293,3912.37,3927.254,3847.003667,138461.7687,15.68,55.792295,-0.29,4014.27,3777.38,3970,91.03397264,0.127446053,0.002676717,-0.522084316,-0.916570121
2019-09-25,3887.55 ,3889.84 ,3867.23 ,3870.98 ,3878.90 ,8952083500,8952083500,133224.46,25.64,40.56,-19.4523,3904.55,3918.425,3853.844667,139074.7499,4.58,52.1693,-0.86,4011.75,3785.31,3966,89.90223901,0.123806818,-0.007713795,-0.60371559,-0.543789232
2019-09-26,3884.70 ,3890.75 ,3840.25 ,3841.14 ,3864.21 ,10269830100,10269830100,150806.75,17.31,32.81,-26.7845,3887.902,3909.529,3859.136,143751.7417,-0.46,53.071705,-1.2,4007.96,3792.95,3960,87.95473206,0.126482189,-0.007709901,-0.563324097,-0.405074602
2019-09-27,3843.46 ,3859.50 ,3832.25 ,3852.65 ,3846.97 ,7400394700,7400394700,109130.48,17.45,27.69,-29.1286,3871.302,3897.556,3864.424333,134945.3208,-2.15,52.72446,-0.48,4000.73,3806.43,3950,86.21035046,0.125957958,0.002997705,-0.349635667,-0.612800356
2019-09-30,3842.07 ,3857.23 ,3813.55 ,3814.53 ,3831.85 ,6593131300,6593131300,100487.27,11.89,22.43,-34.4916,3856.076,3883.237,3867.890667,127198.0737,28.53,52.17995,-1.08,3998.29,3810.37,3939,80.21025293,0.131388078,-0.009895829,-0.203469839,-0.98264326
2019-10-08,3818.59 ,3861.64 ,3818.59 ,3837.68 ,3834.13 ,7665786000,7665786000,118365.68,14.18,19.68,-33.5667,3843.396,3877.883,3869.443667,122402.9303,16.48,50.741745,-0.15,3999.2,3808.39,3924,75.40316529,0.124897305,0.006069139,-0.222033807,-1.009275518
2019-10-09,3822.61 ,3845.34 ,3805.07 ,3843.24 ,3829.07 ,7585451200,7585451200,112406.21,18.73,19.36,-30.9179,3837.848,3871.199,3871.294,118239.2789,15.44,49.91217,0.14,3999.94,3806.62,3910,69.49490702,0.124909445,0.001448818,-0.227306846,-1.056861561
2019-10-10,3838.49 ,3877.14 ,3829.43 ,3874.64 ,3854.93 ,7922269400,7922269400,127474.04,31.5,23.41,-23.9588,3844.548,3866.225,3874.39,113572.7375,16.04,50.90371,0.78,3999.93,3805.49,3896,63.48596667,0.124701452,0.008170165,-0.193778672,-1.118277993
2019-10-11,3885.52 ,3922.37 ,3868.84 ,3911.73 ,3897.12 ,9341257700,9341257700,139817.3,50.16,32.32,-13.882,3856.364,3863.833,3878.330667,119710.1004,5.73,49.371425,1.44,3998.77,3805.29,3805,58.47255834,0.124126167,0.009571524,-0.155399434,-1.085971377
2019-10-14,3944.86 ,3983.81 ,3934.73 ,3953.24 ,3954.16 ,12239361100,12239361100,167857.13,61.07,41.91,-1.7837,3884.106,3870.091,3882.743333,133184.0724,10.04,53.153375,1.78,3999.51,3805.02,3807,54.56356542,0.128189766,0.010613169,-0.151985421,-1.104053311
2019-10-15,3953.16 ,3953.16 ,3928.15 ,3936.25 ,3942.68 ,8527394900,8527394900,125117.11,65.18,49.66,3.485,3903.82,3873.608,3888.421333,134534.3573,7.65,51.258905,0.83,3993.34,3807.52,3814,50.68462715,0.126954639,-0.004298068,-0.225571967,-1.041022386
2019-10-16,3939.28 ,3964.05 ,3919.02 ,3922.69 ,3936.26 ,8322970700,8322970700,128558.53,65.39,54.91,4.6266,3919.71,3878.779,3891.946,137764.8226,12.29,51.60142,0.08,3988.01,3809.19,3821,47.77967079,0.126955228,-0.003446021,-0.242760367,-0.901119855
2019-10-17,3929.39 ,3935.81 ,3913.92 ,3925.22 ,3926.09 ,6486374500,6486374500,99991.85,66,58.6,5.1647,3929.826,3887.187,3896.034,132268.3841,8.22,50.28264,-0.12,3987.43,3809.28,3828,43.03277225,0.124315145,0.000646547,-0.23546051,-0.876583206
2019-10-18,3935.42 ,3940.54 ,3864.97 ,3869.38 ,3902.58 ,8232114000,8232114000,122186.93,55.99,57.73,-2.1655,3921.356,3888.86,3898.673667,128742.3098,20.98,51.412525,-1.33,3975.95,3810.47,3834,36.46424864,0.127287672,-0.014226942,-0.231660253,-0.956137026
2019-10-21,3865.34 ,3884.74 ,3856.04 ,3880.84 ,3871.74 ,7418291800,7418291800,110858.24,51.46,55.64,-5.4484,3906.876,3895.491,3901.382,117342.5308,27.24,50.40952,-0.67,3966.43,3812.29,3839,34.12198621,0.127825373,0.002962259,-0.229245156,-0.869564583
2019-10-22,3896.31 ,3897.44 ,3870.55 ,3895.88 ,3890.05 ,6891856600,6891856600,102843.37,48.65,53.31,-5.553,3898.802,3901.311,3902.967333,112887.7836,32.28,49.095785,-0.07,3966.72,3812.48,3844,31.7057469,0.113948029,0.003875733,-0.248649643,-0.86954768
2019-10-23,3892.68 ,3901.42 ,3862.20 ,3871.08 ,3881.85 ,7019862500,7019862500,99733.6,36.36,47.66,-8.7325,3888.48,3904.095,3903.549667,107122.7966,30.08,48.874125,-0.45,3964.56,3810.73,3848,27.45558455,0.114669206,-0.006364697,-0.096878977,-0.887778955
2019-10-24,3877.92 ,3890.20 ,3852.58 ,3870.67 ,3872.84 ,7133457500,7133457500,105096.95,28.83,41.39,-10.5395,3877.57,3903.698,3903.038667,108143.8168,18.67,49.388975,-0.18,3960.21,3809.72,3852,22.83364033,0.113635989,-0.000107722,0.075099167,-0.722941532
2019-10-25,3871.77 ,3899.72 ,3849.03 ,3896.79 ,3879.33 ,7745362000,7745362000,126677.48,33.06,38.61,-7.9815,3883.052,3902.204,3902.087667,109041.9282,11.79,49.665535,0.35,3954.67,3811.36,3849,21.99849331,0.116038324,0.006749352,0.10440133,-0.399563953
2019-10-28,3904.98 ,3927.80 ,3897.82 ,3926.59 ,3914.30 ,9740602000,9740602000,150762.2,44.52,40.58,-2.3336,3892.202,3899.539,3901.357,117022.7214,17.39,50.755055,0.88,3959.03,3810.6,3851,22.17402864,0.111760361,0.007645442,0.026605139,-0.699687332
2019-10-29,3929.71 ,3932.37 ,3910.23 ,3910.23 ,3920.64 ,8225707500,8225707500,139611.42,51.97,44.38,-0.9316,3895.072,3896.937,3899.266333,124376.3312,19.03,49.54303,0.39,3960.02,3810.52,3856,23.02744221,0.11260177,-0.004166216,-0.001201736,-0.768122032
2019-10-30,3904.72 ,3908.10 ,3883.45 ,3891.23 ,3896.88 ,7787292300,7787292300,122610.5,50.02,46.26,-2.5991,3899.102,3893.791,3896.998333,128951.7119,29.83,49.64512,-0.2,3960.77,3811.8,3862,24.3804051,0.110381744,-0.004859182,-0.088284323,-0.723934442
2019-10-31,3906.86 ,3907.15 ,3878.88 ,3886.75 ,3894.91 ,8671453900,8671453900,135012.43,48.43,46.98,-4.244,3902.318,3889.944,3895.553333,134934.8066,27.75,48.53396,-0.4,3959.96,3817.17,3867,24.86630985,0.106455555,-0.001149664,-0.195232079,-0.360575422
2019-11-01,3883.81 ,3956.08 ,3876.42 ,3952.39 ,3917.18 ,10068961200,10068961200,151471.06,64.47,52.81,3.1711,3913.438,3898.245,3894.887,139893.5221,10.39,51.15444,1,3968.24,3818.86,3873,30.51594435,0.120799574,0.016886928,-0.274483882,-0.297130128
2019-11-04,3964.01 ,3985.36 ,3964.01 ,3978.12 ,3972.88 ,10419385500,10419385500,154485.36,74.55,60.06,10.7749,3923.744,3907.973,3895.567,140638.1541,21.72,54.417345,1.39,3975.81,3827.65,3881,36.01227214,0.11446898,0.006511103,0.234004634,-0.382902024
2019-11-05,3982.12 ,4030.64 ,3970.87 ,4002.81 ,3996.61 ,11291188000,11291188000,163317.86,77.92,66.01,17.9411,3942.26,3918.666,3899.286667,145379.4413,24.01,55.3443,1.54,3990.53,3829.44,3894,42.19033853,0.114532607,0.006206748,0.648449238,0.117811552
2019-11-06,4006.33 ,4007.50 ,3973.78 ,3984.88 ,3993.12 ,9731295200,9731295200,139859.76,76.88,69.64,18.9766,3960.99,3930.046,3901.78,148829.2936,24.48,55.16238,0.6,3997.81,3836.33,3913,45.5929466,0.116900217,-0.00447965,0.69031411,-0.455064912
2019-11-07,3984.55 ,4005.38 ,3975.55 ,3991.87 ,3989.34 ,8725489800,8725489800,117751.55,76.21,71.83,19.2527,3982.014,3942.166,3904.029667,145377.1194,27.27,53.13897,0.25,4007.63,3838.24,3929,47.32077927,0.11448878,0.001754958,0.514681241,-0.871903279
2019-11-08,4017.67 ,4022.04 ,3971.57 ,3973.01 ,3996.07 ,9710694800,9710694800,139026.67,71.68,71.78,15.695,3986.138,3949.788,3905.275,142888.2418,24.01,51.01532,-0.33,4013.38,3838.61,3943,45.94322031,0.112386373,-0.004725649,0.323546858,-1.21320616
2019-11-11,3948.62 ,3948.62 ,3897.55 ,3902.98 ,3924.44 ,9415562100,9415562100,130330.08,53.53,65.7,3.3541,3971.11,3947.427,3905.685667,138057.1859,20.58,47.82023,-1.72,4010.46,3836.51,4022,41.98248429,0.124092667,-0.017627035,0.497941432,-1.059925842
2019-11-12,3905.96 ,3914.88 ,3877.74 ,3903.69 ,3900.57 ,7654306900,7654306900,108828.24,41.58,57.66,-4.8238,3951.286,3946.773,3905.772667,127159.2619,35.29,48.426675,-1.2,4009.04,3834.67,4020,38.93353008,0.123353887,0.000182041,0.611914325,-0.980039223
2019-11-13,3905.28 ,3908.42 ,3882.43 ,3899.98 ,3899.03 ,7674907800,7674907800,112057.15,32.81,49.38,-10.5169,3934.306,3947.648,3906.739333,121598.7385,31.18,47.709235,-0.87,4008.45,3832.99,4014,35.72484857,0.122855695,-0.000949692,0.679634732,-0.957068117
2019-11-14,3905.93 ,3916.95 ,3895.14 ,3905.86 ,3905.97 ,8700844600,8700844600,119791.57,28.01,42.25,-13.1061,3917.104,3949.559,3908.896667,122006.741,37.06,48.34021,-0.29,4007.7,3831.8,4008,35.76257115,0.122980337,0.001506546,0.745679868,-0.904501037
2019-11-15,3908.49 ,3915.10 ,3877.09 ,3877.09 ,3894.44 ,8373091700,8373091700,115423.02,18.67,34.39,-18.0068,3897.92,3942.029,3909.711333,117286.0105,25.69,46.46221,-0.53,4007.22,3833.06,4003,33.78691259,0.114626986,-0.007365298,0.774189472,-0.89541527
2019-11-18,3874.44 ,3913.10 ,3868.32 ,3907.93 ,3890.95 ,7664599300,7664599300,107085.82,21.04,29.94,-16.45,3898.91,3935.01,3912.824667,112637.158,26.33,47.26616,0.23,4006.82,3836.16,3996,32.69997696,0.117585764,0.007954395,0.761223678,-0.85118847
2019-11-19,3904.10 ,3947.04 ,3902.38 ,3947.04 ,3925.14 ,8216102500,8216102500,123227.17,31.09,30.32,-9.8344,3907.58,3929.433,3916.47,115516.9454,15.04,49.1324,1.01,4009.22,3838.88,3985,34.86269811,0.12191147,0.010007884,0.590541393,-1.035328923
2019-11-20,3940.13 ,3943.23 ,3901.99 ,3907.86 ,3923.30 ,7681533300,7681533300,118003.06,29.3,29.98,-10.3649,3909.156,3921.731,3918.624,116706.1286,20.86,49.23305,-0.03,4007.76,3844.01,3976,34.97937821,0.125279223,-0.009925187,0.637820252,-0.966710714
2019-11-21,3894.54 ,3901.83 ,3875.97 ,3889.60 ,3890.49 ,6913053800,6913053800,104147.77,28.37,29.45,-12.653,3905.904,3911.504,3919.122667,113577.3691,19.8,48.645315,-0.42,4006.43,3847.24,3967,32.8706943,0.126607183,-0.00467419,0.726847358,-0.966657923
2019-11-22,3894.17 ,3918.84 ,3833.50 ,3849.99 ,3874.13 ,9104263900,9104263900,146981.16,23.75,27.55,-18.6188,3900.484,3899.202,3917.064667,119888.9973,36.79,50.377645,-1.29,4010.32,3838.67,3960,27.39764958,0.129372885,-0.010181823,0.446087883,-0.814745767
2019-11-25,3850.97 ,3878.25 ,3839.42 ,3878.21 ,3861.71 ,10606628900,10606628900,140851.08,28.96,28.02,-17.8772,3894.54,3896.725,3914.563667,126642.0486,33.01,48.676905,-0.42,4010.34,3833.81,3947,24.4267721,0.129111613,0.00732762,0.525458131,-0.899253431
2019-11-26,3893.43 ,3899.11 ,3869.59 ,3891.65 ,3888.45 ,11151353700,11151353700,140213.63,36.38,30.81,-14.816,3883.462,3895.521,3913.077,130039.3407,39.05,49.933535,0.21,4010.32,3831.97,3936,23.2268235,0.129168232,0.003467376,0.561473986,-0.9359868
2019-11-27,3883.43 ,3889.98 ,3862.70 ,3875.62 ,3877.93 ,7643730500,7643730500,107238.82,36.62,32.74,-14.1891,3877.014,3893.085,3911.508,127886.4926,18.22,50.06474,-0.04,4010.91,3829.82,3925,21.50881732,0.128841593,-0.00412028,0.551324035,-0.984848579
2019-11-28,3877.90 ,3887.69 ,3852.01 ,3862.30 ,3869.98 ,6523011900,6523011900,87081.79,32.87,32.79,-14.7425,3871.554,3888.729,3909.410667,124473.2965,13.5,50.43499,-0.24,4012.22,3826.07,3916,15.92916146,0.129321361,-0.003435761,0.503526819,-1.036978394
2019-11-29,3857.19 ,3861.66 ,3804.83 ,3828.67 ,3838.09 ,7414433100,7414433100,116200.56,27.5,31.02,-18.5655,3867.29,3883.887,3908.053667,118317.1754,20.07,49.29329,-1,4012.92,3812.99,3909,7.660153383,0.115649942,-0.008707836,0.457178056,-0.744023049
2019-12-02,3835.51 ,3854.75 ,3829.31 ,3836.06 ,3838.91 ,7741217300,7741217300,109992.59,25.85,29.3,-18.9594,3858.86,3876.7,3906.561,112145.4787,16.26,46.342335,-0.59,4006.51,3805.2,3896,-1.060549286,0.112513678,0.00192973,0.586025085,-0.385159055
2019-12-03,3829.21 ,3851.12 ,3811.63 ,3851.09 ,3835.76 ,7361124000,7361124000,108703.72,30.76,29.79,-16.165,3850.748,3867.105,3905.068,105843.4951,13.09,44.98531,0.01,3990.69,3805.85,3885,-7.697236822,0.110639131,0.003917667,0.671930527,-0.037099027
2019-12-04,3841.66 ,3852.99 ,3831.07 ,3849.82 ,3843.89 ,7968338500,7968338500,109646.34,33.66,31.08,-13.5624,3845.588,3861.301,3904.359333,106324.9992,13.82,45.221775,0.11,3976.75,3806.28,3875,-14.41516998,0.110348753,-0.000329336,0.812700789,0.619310362
2019-12-05,3863.61 ,3883.40 ,3859.82 ,3879.36 ,3871.55 ,8905119300,8905119300,129357.59,48.79,36.98,-7.2531,3849,3860.277,3904.649,114780.16,12.36,46.25786,0.79,3956.9,3814.88,3812,-18.37675648,0.114706933,0.007674335,0.61516261,0.756368791
2019-12-06,3885.06 ,3902.39 ,3878.70 ,3902.39 ,3892.14 ,7864888700,7864888700,116424.78,65.86,46.61,0.2345,3863.744,3865.517,3904.835667,114825.0038,3.99,45.86283,1,3941.09,3823.63,3813,-17.48756866,0.116846564,0.005934349,-0.026661223,-0.084325278
2019-12-09,3909.53 ,3911.97 ,3885.25 ,3895.45 ,3900.55 ,9535380600,9535380600,130873.1,72.1,55.11,4.2422,3875.622,3867.241,3903.797667,119001.1049,2.05,44.97282,0.51,3940.25,3823.72,3817,-17.02529022,0.098545066,-0.001778015,0.000358296,0.010005165
2019-12-10,3886.44 ,3900.96 ,3882.09 ,3900.38 ,3892.47 ,8626292800,8626292800,121118.41,77.79,62.67,7.3641,3885.48,3868.114,3903.469333,121484.0445,1.98,44.059265,0.38,3939.84,3823.79,3822,-16.15388571,0.098660886,0.001267505,0.009777514,0.058384881
2019-12-11,3907.16 ,3909.39 ,3890.34 ,3902.75 ,3902.41 ,9976548000,9976548000,127690.4,82.33,69.22,9.4236,3896.066,3870.827,3903.853333,125092.8566,4.75,43.890155,0.17,3940.18,3823.74,3828,-15.50158143,0.098625614,0.000606325,0.001367354,0.018504045
2019-12-12,3908.45 ,3908.45 ,3886.12 ,3891.02 ,3898.51 ,8470833000,8470833000,117874.31,81.26,73.23,8.8882,3898.398,3873.699,3903.995667,122796.2008,3.42,43.281175,-0.19,3938.52,3823.9,3833,-14.02975236,0.099034127,-0.003004293,0.055643751,0.217578439
2019-12-13,3928.00 ,3969.46 ,3925.28 ,3968.22 ,3947.74 ,14857134900,14857134900,201018.89,87.24,77.9,18.0846,3911.564,3887.654,3904.523333,139715.0228,-6.98,45.54729,1.45,3954.96,3816.58,3838,-10.31366474,0.117700563,0.019839738,0.520359485,0.637666667
2019-12-16,3970.71 ,3987.59 ,3953.51 ,3987.55 ,3974.84 ,14848667000,14848667000,202154.9,91.49,82.43,25.4713,3929.984,3902.803,3904.837667,153971.3822,2.55,46.42352,1.46,3972.2,3807.3,3848,-7.772621502,0.11585381,0.004870016,0.855499267,0.724868123
2019-12-17,3987.74 ,4067.14 ,3984.52 ,4041.80 ,4020.30 ,20116293700,20116293700,251637.87,90.25,85.04,35.7354,3958.268,3921.874,3906.137333,180075.2727,-16.4,48.168535,2.11,3998.79,3790.18,3862,-0.687215427,0.120106504,0.01360566,1.490528556,2.502495891
2019-12-18,4039.72 ,4057.64 ,4025.34 ,4032.78 ,4038.87 ,15135176400,15135176400,197620.21,87.42,85.83,39.108,3984.274,3940.17,3907.734,194061.2335,-20.42,49.76253,1.22,4021.99,3779.48,3887,6.506375345,0.113528718,-0.002230937,1.297334415,0.975670915
2019-12-19,4034.62 ,4038.54 ,4014.90 ,4027.15 ,4028.80 ,11790055800,11790055800,152553.81,84.41,85.36,38.3279,4011.5,3954.949,3908.91,200997.1326,-24.65,49.65205,0.39,4041.19,3774.04,3908,15.03879158,0.1117103,-0.001396827,1.02279086,-0.153989686
2019-12-20,4032.15 ,4046.73 ,4014.93 ,4017.25 ,4027.77 ,12126766200,12126766200,158460.23,80.62,83.78,34.3536,4021.306,3966.435,3910.384667,192485.4019,-27.55,46.97684,-0.1,4055.19,3776.76,3927,21.239182,0.103788219,-0.00245752,0.762734972,-0.830965298
2019-12-23,4014.69 ,4032.17 ,3964.38 ,3967.10 ,3994.59 ,12281624600,12281624600,162048.26,68.66,78.74,23.3698,4017.216,3973.6,3912.522,184464.0752,-13.7,48.129085,-1.25,4060.23,3780.61,3944,23.9493679,0.114093738,-0.012485274,0.57286259,-1.075729952
2019-12-24,3971.56 ,3994.51 ,3963.67 ,3992.96 ,3980.68 ,9598904500,9598904500,122499.16,65.45,74.31,18.2167,4007.448,3982.858,3915.497667,158636.3348,-11.64,46.6868,-0.36,4068.22,3782.76,3958,28.6188745,0.115417086,0.006519101,0.366632928,-1.366231924
2019-12-25,3988.66 ,4000.56 ,3976.36 ,3990.87 ,3989.11 ,9493889000,9493889000,131896.47,59.04,69.22,13.3794,3999.066,3991.67,3918.527333,145491.5867,-19.33,47.167455,-0.2,4074.81,3787.69,3968,33.61614078,0.113873422,-0.000523672,0.155935451,-1.497932781
2019-12-26,3993.67 ,4025.99 ,3993.54 ,4025.99 ,4009.80 ,10886064000,10886064000,140814.97,60.62,66.35,13.7125,3998.834,4005.167,3922.531667,143143.8185,-13.01,47.865065,0.68,4085.09,3793.78,3978,41.80119874,0.115131228,0.008800293,-0.048605686,-1.541428326
2019-12-27,4029.25 ,4066.80 ,4019.72 ,4022.03 ,4034.45 ,15092641100,15092641100,195090.42,59.22,63.98,12.2495,3999.79,4010.548,3927.363,150469.8554,-13.97,48.686355,0.56,4089.37,3808.83,3984,49.0095838,0.108564584,-0.000983634,-0.191117129,-1.553682101
2019-12-30,4015.52 ,4083.69 ,4001.50 ,4081.63 ,4045.59 ,15597148800,15597148800,216814.66,72.24,66.73,17.8221,4022.696,4019.956,3933.153,161423.1351,-25.17,50.300015,1.47,4102.97,3819.79,3996,58.08640961,0.116891521,0.014819788,-0.1483145,-1.331117345
2019-12-31,4077.75 ,4098.14 ,4069.01 ,4096.58 ,4085.37 ,12326425800,12326425800,173119.35,81.11,71.52,21.7727,4043.42,4025.434,3938.137667,171547.1722,-26.42,53.15786,1.31,4117.53,3829.77,4010,67.52024413,0.116871709,0.003662431,-0.116985142,-1.108440449
2020-01-02,4121.35 ,4172.66 ,4121.35 ,4152.24 ,4141.90 ,18211677200,18211677200,270105.53,84.15,75.73,29.6461,4075.694,4037.38,3946.283667,199188.9852,-27.36,56.272,1.88,4141.17,3836.38,4026,77.78808193,0.121709446,0.013586619,0.234814417,-0.488957175
2020-01-03,4161.22 ,4164.30 ,4131.86 ,4144.96 ,4150.59 ,14282624400,14282624400,215216.29,85.01,78.82,31.4645,4099.488,4049.161,3954.795667,214069.2492,-22.24,55.80309,1.11,4160.48,3843.63,4055,86.02765783,0.122322971,-0.001752283,0.247108971,-0.535501703
2020-01-06,4120.52 ,4170.64 ,4102.38 ,4129.30 ,4130.71 ,17530995300,17530995300,250182.07,83.09,80.25,28.2511,4120.942,4060.366,3964.106,225087.58,-20.7,57.08788,0.2,4174.25,3852.55,4079,93.41870494,0.124413652,-0.00378037,0.105461236,-0.66854819
2020-01-07,4137.40 ,4161.25 ,4135.10 ,4160.23 ,4148.50 ,13948903100,13948903100,196389.06,86.62,82.37,27.9345,4136.662,4079.679,3973.506667,221002.46,-15.37,58.36802,0.57,4190.18,3863.1,4097,101.7399247,0.124201307,0.007490866,0.069811723,-0.687100918
2020-01-08,4139.63 ,4149.81 ,4101.98 ,4112.32 ,4125.94 ,16758585000,16758585000,212406.26,79.85,81.53,19.3237,4139.81,4091.615,3980.862333,228859.843,-21.28,59.8161,-0.66,4193.64,3880.84,4171,107.1313285,0.134890443,-0.011516246,-0.051768257,-0.633594193
2020-01-09,4145.53 ,4165.66 ,4143.59 ,4164.37 ,4154.79 ,13688632400,13688632400,200150.35,84.95,82.67,18.6801,4142.236,4108.965,3990.487333,214868.8072,-5.83,61.63508,0.53,4203.08,3897.56,4169,115.442037,0.139117701,0.012657706,-0.043398449,-0.692475446
2020-01-10,4177.58 ,4180.98 ,4148.48 ,4163.18 ,4167.56 ,11303171900,11303171900,177827.41,86.66,84,16.2259,4145.88,4122.684,4000.516667,207391.0323,-10.42,62.38759,0.42,4204.98,3922.87,4181,119.4181252,0.137823714,-0.000284509,0.206814996,-1.534968715
2020-01-13,4166.93 ,4203.99 ,4148.60 ,4203.99 ,4180.88 ,11969198200,11969198200,199795.49,91.11,86.37,18.0893,4160.818,4140.88,4013.027333,197313.716,-14.81,60.99602,1.04,4222.38,3929.04,4102,124.2693139,0.12633422,0.009801006,0.180649164,-1.430465992
2020-01-14,4215.16 ,4223.51 ,4188.08 ,4189.89 ,4204.16 ,12932078300,12932078300,196221.26,84.85,85.86,15.5115,4166.75,4151.706,4024.821667,197280.1567,-20.71,61.62583,0.56,4234.79,3936.87,4104,125.4601782,0.127989673,-0.003354458,0.024392264,-1.468918571
2020-01-15,4186.88 ,4193.87 ,4150.88 ,4166.73 ,4174.59 ,10463313600,10463313600,163081.93,74.33,82.02,9.0935,4177.632,4158.721,4035.343,187415.2901,-10.47,58.09412,-0.26,4243.72,3940.44,4109,125.8847593,0.124002085,-0.005525639,-0.169659953,-1.512891252
2020-01-16,4174.82 ,4175.29 ,4142.18 ,4149.04 ,4160.33 ,10026764200,10026764200,156242.51,62.46,75.5,1.2824,4174.566,4158.401,4045.317,178633.7206,-22.56,56.0938,-0.61,4248.87,3946.91,4113,125.6852163,0.12501749,-0.004245771,-0.375634111,-1.387338398
2020-01-17,4162.19 ,4177.03 ,4141.64 ,4154.85 ,4158.93 ,9872568200,9872568200,166591.59,56.14,69.05,-3.996,4172.9,4159.39,4054.5,176386.5562,-19.15,56.68055,-0.43,4253.45,3955.1,4118,126.2809705,0.124574483,0.001400226,-0.599592851,-1.121903597
2020-01-20,4170.74 ,4185.96 ,4149.49 ,4185.83 ,4173.01 ,12240914700,12240914700,202692.29,60.43,66.17,-4.1884,4169.268,4165.043,4063.948,176965.9158,-8.17,57.304905,0.4,4260.22,3965.19,4122,130.903632,0.125283778,0.007455715,-0.827661537,-0.683527437
2020-01-21,4165.02 ,4165.02 ,4113.33 ,4114.31 ,4139.42 ,13052750700,13052750700,204586.88,40.58,57.64,-14.2561,4154.152,4160.451,4071.243333,178639.0392,6.11,56.50005,-0.96,4250.71,3989.42,4186,130.4259704,0.133349344,-0.017086669,-0.92095213,-0.273474904
2020-01-22,4093.80 ,4141.18 ,4046.49 ,4131.93 ,4103.35 ,12675876300,12675876300,208136.15,43.14,52.81,-18.5758,4147.192,4162.412,4078.961667,187649.8832,8.33,59.692385,-0.37,4243.18,4010.85,4185,130.9578719,0.132546273,0.004283247,-1.097589192,0.560050088
2020-01-23,4093.32 ,4103.52 ,3972.39 ,4003.90 ,4043.28 ,16035760300,16035760300,250409.36,32.94,46.19,-37.6139,4118.164,4146.365,4082.333333,206483.2536,28.7,64.404425,-2.77,4240.72,4014.61,4179,123.3056483,0.177409392,-0.030985463,-1.016239148,0.281514191
2020-02-03,3639.91 ,3732.16 ,3639.91 ,3688.36 ,3675.09 ,15755964700,15755964700,243303.11,24.73,39.03,-88.7265,4024.866,4098.883,4075.578,221825.5564,112.56,75.51003,-8.36,4334.47,3887.1,4167,100.4568659,0.338744833,-0.078809011,-3.124139566,11.33854092
2020-02-04,3652.00 ,3786.86 ,3652.00 ,3785.64 ,3719.13 ,21393332800,21393332800,298165.77,25.26,34.44,-104.3708,3944.828,4057.048,4069.492,240920.2524,47.44,79.194975,-4.04,4363.62,3834.31,4124,80.63423258,0.355497446,0.026374827,-2.437419596,5.529162334
2020-02-05,3801.10 ,3866.01 ,3781.61 ,3828.53 ,3819.31 ,17492552400,17492552400,264042.92,28.35,32.41,-103.6682,3887.672,4020.912,4064.191333,252811.4605,55.53,85.78559,-1.52,4377.35,3795.27,4086,63.19977595,0.353421553,0.011329558,-1.917480038,2.637234439
2020-02-06,3841.75 ,3914.92 ,3806.96 ,3899.78 ,3865.85 ,17646223500,17646223500,262820.09,34.76,33.2,-88.9005,3841.242,3994.217,4059.457333,263748.248,33.78,87.618225,1.52,4379.12,3773.82,4050,47.41650216,0.36103888,0.018609741,-1.597563103,1.360961056
2020-02-07,3879.55 ,3899.88 ,3849.71 ,3899.87 ,3882.25 ,15173175900,15173175900,237508.82,39.05,35.15,-74.9712,3820.436,3969.3,4055.027,261168.1397,30.87,87.08206,2.08,4374.15,3753.55,4017,32.79089705,0.356277434,2.42E-05,-1.303674346,0.434251931
2020-02-10,3872.37 ,3920.17 ,3861.01 ,3916.01 ,3892.39 ,14840696900,14840696900,229625.44,43.56,37.95,-60.0782,3865.966,3945.416,4051.322333,258432.607,64.81,88.45725,1.29,4366.96,3737.84,3988,20.4868422,0.357190761,0.004137549,-1.064890651,-0.152243075
2020-02-11,3926.42 ,3970.52 ,3915.71 ,3952.46 ,3941.28 ,14344167400,14344167400,219307.12,49.82,41.91,-42.6326,3899.33,3922.079,4049.162667,242660.8774,67.46,90.520085,1.36,4358.96,3728.16,3971,9.074345086,0.359728884,0.009310279,-0.890984025,-0.45331121
2020-02-12,3945.67 ,3984.43 ,3940.67 ,3984.43 ,3963.80 ,12671032100,12671032100,200776.71,57.99,47.27,-24.9763,3930.51,3909.091,4049.740333,230007.6345,70.23,91.012785,1.37,4346.26,3723.29,3850,2.226392831,0.359945874,0.008088169,-0.764458207,-0.555858364
2020-02-13,3985.88 ,3999.55 ,3950.14 ,3959.92 ,3973.87 ,14500184300,14500184300,228605.97,68.32,54.28,-15.2653,3942.538,3891.89,4048.639,223164.8098,59.12,91.56528,0.44,4338.1,3716.2,3852,-8.10747181,0.35857657,-0.006152369,-0.618663989,-0.705600813
2020-02-14,3954.23 ,4001.56 ,3954.02 ,3987.73 ,3974.39 ,14323980300,14323980300,222895.07,77.56,62.04,-4.3308,3960.11,3890.273,4048.534333,220242.0612,48.53,90.95244,0.7,4322.83,3713.81,3858,-16.47463322,0.356129955,0.007024235,-0.509009654,-0.679020677
2020-02-17,3999.65 ,4077.45 ,3999.65 ,4077.42 ,4038.54 ,18277896900,18277896900,273067.82,85.04,69.71,14.7053,3992.392,3929.179,4050.248667,228930.5363,32.42,95.25434,2.13,4312.3,3715.76,3867,-21.97911156,0.366534322,0.022491444,-0.495704945,-0.571912271
2020-02-18,4069.83 ,4076.39 ,4027.79 ,4057.51 ,4057.88 ,16323622000,16323622000,242552.52,87.57,75.66,23.7992,4013.402,3956.366,4051.431333,233579.6159,48.51,96.315855,1.1,4292.26,3721.15,3884,-27.49892598,0.364495402,-0.004883794,-0.529842837,-0.388654445
2020-02-19,4049.59 ,4085.17 ,4042.85 ,4051.31 ,4057.23 ,16904644100,16904644100,257554.54,86.92,79.41,27.8803,4026.778,3978.644,4050.420667,244935.1818,48.31,95.439725,0.61,4273.08,3726.47,3899,-31.89516468,0.364447616,-0.001528055,-0.5740011,-0.181960559
2020-02-20,4062.90 ,4148.53 ,4055.81 ,4144.66 ,4102.98 ,21223262400,21223262400,310835.59,90.83,83.22,41.2482,4063.726,4003.132,4052.023333,261381.1066,55.26,98.57447,1.99,4269.3,3728.04,3918,-30.51977145,0.374203869,0.02304079,-0.602058029,-0.144591799
2020-02-21,4134.87 ,4184.44 ,4130.17 ,4149.49 ,4149.74 ,21721360400,21721360400,326564,89.55,85.33,48.3438,4096.078,4028.094,4051.931667,282114.8926,41.29,103.350125,1.3,4269.38,3728.01,3946,-29.26191788,0.373932026,0.001166369,-0.60154196,-0.145411909
2020-02-24,4131.84 ,4149.01 ,4097.18 ,4132.84 ,4127.72 ,21286930300,21286930300,326387.8,85.98,85.55,48.2842,4107.162,4049.777,4051.527667,292778.8893,59.84,104.1727,0.63,4265.77,3729.42,3979,-30.44840198,0.374158958,-0.004012903,-0.625016305,-0.103183149
2020-02-25,4066.30 ,4126.71 ,4020.91 ,4123.85 ,4084.44 ,24416783100,24416783100,372213.72,82.03,84.37,44.6107,4120.43,4066.916,4051.346,318711.1292,53.85,107.246795,0.08,4254.83,3734.16,4008,-28.44869188,0.373091262,-0.00217393,-0.727307563,-0.01235339
2020-02-26,4070.10 ,4132.78 ,4061.13 ,4073.02 ,4084.26 ,26109406100,26109406100,366022.42,71.9,80.22,33.4228,4124.772,4075.775,4048.439,340404.7057,45.22,110.255745,-1.25,4249.4,3735.46,4032,-29.97205229,0.370646196,-0.012328054,-0.736780095,0.071017932
2020-02-27,4084.08 ,4110.53 ,4067.44 ,4084.88 ,4086.73 ,18129098100,18129098100,282050.21,63.31,74.58,26.0366,4112.816,4088.271,4047.524333,334647.6291,53.88,107.99134,-0.68,4242.49,3737.67,4054,-24.42471967,0.370444244,0.00291202,-0.771245398,0.177909572
2020-02-28,3988.73 ,4031.15 ,3928.07 ,3940.05 ,3972.00 ,23027509300,23027509300,330358.91,43.76,64.31,1.362,4070.928,4083.503,4040.047,335406.6098,66.25,106.588735,-3.21,4240.18,3733.6,4133,-10.61893369,0.375882291,-0.035454468,-0.682888415,0.038109856
2020-03-02,3968.84 ,4092.54 ,3968.84 ,4069.67 ,4024.97 ,21931355900,21931355900,317426.21,47.59,58.73,2.1713,4058.294,4082.728,4036.93,333614.2908,61.47,101.225185,0.28,4218.81,3793.1,4129,4.113442994,0.244055833,0.03289741,-0.436400487,-0.691161135
2020-03-03,4125.14 ,4147.65 ,4067.91 ,4091.36 ,4108.02 ,21936977700,21936977700,330802.59,52.96,56.81,5.1303,4051.796,4086.113,4033.175667,325332.0643,67.56,102.817935,0.98,4210.02,3832.46,4148,17.04948584,0.231015161,0.005330978,-0.383380226,-0.942284694
2020-03-04,4078.50 ,4115.26 ,4060.73 ,4115.05 ,4092.39 ,18242473000,18242473000,281784.86,59.61,57.74,9.5252,4060.202,4092.487,4030.681,308484.5535,63.45,94.84421,1.35,4205.3,3865.83,4143,26.96087655,0.22950493,0.005790469,-0.332117559,-1.336631975
2020-03-05,4150.21 ,4215.85 ,4127.04 ,4206.73 ,4174.96 ,23182311500,23182311500,362838.83,72.02,62.5,23.2458,4084.572,4098.694,4032.014333,324642.2786,70.33,95.935225,2.99,4224.42,3877.41,3969,40.95562272,0.232914571,0.022277408,-0.233729426,-0.915772114
2020-03-06,4158.20 ,4181.31 ,4135.39 ,4138.51 ,4153.35 ,17247571700,17247571700,253168.63,72.39,65.8,21.6306,4124.264,4097.596,4031.663333,309204.2235,76.71,94.002625,0.35,4225.07,3900.62,3974,50.03294159,0.243437881,-0.016216391,-0.328757498,-0.816697033
2020-03-09,4063.08 ,4063.08 ,3995.13 ,3997.13 ,4029.61 ,20810203500,20810203500,305428.73,56.26,62.62,1.1007,4109.756,4084.025,4026.406,306804.7285,90.53,94.251485,-2.74,4217.29,3916.51,3979,49.76470451,0.277704293,-0.034160796,-0.196186794,-0.833226956
2020-03-10,3975.23 ,4093.00 ,3954.75 ,4082.73 ,4026.43 ,19741640200,19741640200,296184.44,55.42,60.22,-1.2401,4108.03,4079.913,4022.969333,299881.0987,72.73,95.6883,-0.62,4213.9,3932.93,3955,52.19141928,0.285511746,0.021415102,-0.297172259,-0.428439479
2020-03-11,4090.93 ,4091.27 ,4028.40 ,4028.43 ,4059.76 ,16165611100,16165611100,244990.87,48.57,56.34,-9.9111,4090.706,4075.454,4020.106667,292522.3005,93.43,99.07805,-1.52,4211.53,3939.7,3960,53.00735332,0.289225725,-0.013300556,-0.321746786,-0.144800207
2020-03-12,3976.11 ,3987.43 ,3926.27 ,3950.91 ,3960.18 ,15706045800,15706045800,233152.85,35.22,49.3,-25.0363,4039.542,4062.057,4014.072667,266585.1039,73.11,99.19207,-2.19,4212.75,3937.58,4093,48.51583065,0.297035706,-0.019242688,-0.358563534,-0.115847233
2020-03-13,3771.01 ,3937.18 ,3765.15 ,3895.31 ,3842.16 ,18829672200,18829672200,280213.45,33.1,43.9,-40.559,3990.902,4057.583,4010.453,271994.0682,71.51,105.22268,-2.4,4225.59,3915.5,4090,36.98447412,0.299805101,-0.014072273,-0.697932255,0.324321515
2020-03-16,3899.86 ,3899.86 ,3720.51 ,3727.84 ,3812.02 ,18596826000,18596826000,282836.24,22.56,36.79,-69.7034,3937.044,4023.4,4011.769,267475.5698,126.64,108.01888,-5.31,4270.94,3835.19,4077,18.65170041,0.322445879,-0.042993466,-1.532607282,3.099242284
2020-03-17,3739.78 ,3786.89 ,3618.31 ,3709.68 ,3713.67 ,16624612900,16624612900,250824.03,20.14,31.24,-86.6417,3862.434,3985.232,4009.237,258403.4877,101.28,112.611225,-3.95,4302.16,3769.19,4055,0.637690394,0.32244566,-0.00487081,-1.40083462,1.569232186
2020-03-18,3729.69 ,3775.85 ,3636.26 ,3636.26 ,3694.52 ,15503754700,15503754700,244127.16,14.49,25.65,-101.8971,3784,3937.353,4002.828,258230.7455,128.86,117.61918,-3.9,4335.44,3694.4,4020,-24.81417413,0.326833759,-0.019792989,-1.276227492,0.73368218
2020-03-19,3623.79 ,3647.99 ,3503.19 ,3589.09 ,3591.02 ,18080740700,18080740700,271827.47,14.51,21.94,-111.7153,3711.636,3875.589,3992.471667,265965.6693,113.49,119.57504,-3.3,4353.36,3620.92,3988,-51.59335042,0.310177313,-0.012970455,-1.10213721,0.046172099
2020-03-20,3629.51 ,3663.95 ,3588.78 ,3653.22 ,3633.87 ,13960300000,13960300000,211223.07,18.15,20.68,-103.1505,3663.218,3827.06,3984.25,252167.5934,117.42,121.181925,-0.27,4348.92,3575.74,3940,-72.9944279,0.321447944,0.017868388,-0.842716248,-0.714986014
2020-03-23,3542.68 ,3585.80 ,3523.79 ,3530.31 ,3545.65 ,13710879000,13710879000,197669.63,13.64,18.33,-107.1504,3623.712,3780.378,3971.393333,235134.2707,108.31,121.961305,-2.58,4355.05,3509.35,3896,-99.0221315,0.336069735,-0.033646473,-0.695242475,-0.994530098
2020-03-24,3598.65 ,3627.76 ,3545.45 ,3625.11 ,3599.24 ,14310302100,14310302100,208553.84,17.49,18.05,-90.7842,3606.798,3734.616,3960.481667,226680.2337,119.11,121.86988,0.51,4341.2,3473.33,3857,-116.4660549,0.357272119,0.026855691,-0.464509444,-1.371794721
2020-03-25,3711.48 ,3732.65 ,3685.99 ,3722.52 ,3713.16 ,15349595800,15349595800,231561.52,28.5,21.53,-61.9708,3624.05,3704.025,3951.751333,224167.1051,129.72,125.63623,2.72,4323.8,3455.68,3821,-128.7606422,0.374934698,0.026869082,-0.256453504,-1.517015853
2020-03-26,3692.61 ,3736.25 ,3681.27 ,3698.05 ,3702.05 ,11231066500,11231066500,169336.31,35.38,26.15,-42.2812,3645.842,3678.739,3943.022333,203668.8739,138.85,125.915445,1.43,4302.32,3438.48,3792,-134.4226901,0.373960915,-0.006573749,-0.044954348,-1.565940396
2020-03-27,3746.39 ,3758.78 ,3709.92 ,3710.06 ,3731.29 ,12406099500,12406099500,186103.43,47.89,33.4,-24.5898,3657.21,3660.214,3933.766667,198644.9445,138.06,124.63729,1.45,4295.23,3422.56,3765,-145.6818406,0.356185361,0.003248552,0.107148677,-1.619278196
2020-03-30,3657.46 ,3690.64 ,3637.59 ,3674.11 ,3664.95 ,12687667300,12687667300,180640.8,52.82,39.87,-15.1436,3685.97,3654.841,3920.323,195239.1794,118.71,119.06631,-0.32,4271.07,3407.17,3743,-159.2602835,0.331203165,-0.009689788,0.32561534,-1.488690042
2020-03-31,3708.14 ,3716.07 ,3676.20 ,3686.16 ,3696.64 ,11145302500,11145302500,161595.51,59.08,46.27,-5.1996,3698.18,3652.489,3907.944667,185847.5133,132.36,114.05013,-0.33,4238.84,3398.88,3732,-172.7421344,0.330428052,0.003278154,0.552953551,-1.187974449
2020-04-01,3682.30 ,3731.78 ,3670.97 ,3675.08 ,3690.03 ,11935262000,11935262000,170422.57,60.85,51.13,1.5949,3688.692,3656.371,3895.403667,173619.7233,126.88,114.36422,-0.37,4197.15,3396.58,3732,-190.6874926,0.328016022,-0.003005652,0.795366296,-0.684949787
2020-04-02,3656.32 ,3734.53 ,3652.32 ,3734.53 ,3694.43 ,11516820900,11516820900,168893.26,70.46,57.57,15.0576,3695.988,3670.915,3881.732667,173531.112,108.73,110.7188,1.04,4124.44,3422.07,3638,-201.351948,0.321948094,0.016177843,0.882475046,-0.428090742
2020-04-03,3721.48 ,3738.83 ,3698.98 ,3713.22 ,3718.13 ,9982508300,9982508300,150132.82,73.19,62.78,21.6519,3696.62,3676.915,3867.190333,166336.9898,111.62,112.331,0.45,4058.74,3445.23,3640,-205.4800606,0.31959803,-0.005706822,0.99610442,0.007012657
2020-04-07,3779.91 ,3803.63 ,3772.21 ,3798.02 ,3788.44 ,14277803000,14277803000,207642.82,81,68.85,37.0896,3721.402,3703.686,3856.029667,171737.394,118.22,113.79176,2.06,4027.47,3456.59,3644,-209.4415626,0.31456132,0.022838167,1.174859642,0.927758937
2020-04-08,3776.42 ,3793.00 ,3767.29 ,3780.34 ,3779.26 ,11138951300,11138951300,161576.77,82.66,73.45,44.0963,3740.238,3719.209,3844.579333,171733.6464,112.34,108.164665,1.07,3964.37,3489.46,3653,-211.3737045,0.301806594,-0.004654239,1.087733768,1.440736242
2020-04-09,3798.49 ,3801.72 ,3785.31 ,3792.81 ,3794.58 ,10048503200,10048503200,154595.32,86.27,77.72,49.199,3763.784,3726.238,3835.239,168568.1964,117.81,103.06028,0.77,3908.98,3521.29,3662,-208.7100492,0.300617861,0.003297583,0.664503521,1.201106578
2020-04-10,3794.84 ,3824.74 ,3758.96 ,3769.18 ,3786.93 ,10244495600,10244495600,162251.23,80.95,78.8,48.1211,3770.714,3733.351,3824.715667,167239.7921,112.78,103.29133,-0.04,3867.72,3544.37,3671,-204.5812768,0.294652844,-0.006230815,0.088146225,0.987708582
2020-04-13,3751.71 ,3769.88 ,3740.19 ,3753.26 ,3753.76 ,7905334300,7905334300,119874.3,73.48,77.03,44.1001,3778.722,3737.671,3818.489333,161188.0897,122.26,96.173835,-0.67,3836.26,3561.63,3683,-193.0813729,0.291460581,-0.004224157,-0.716055878,0.551298141
2020-04-14,3777.83 ,3825.76 ,3764.98 ,3825.70 ,3798.57 ,11063758500,11063758500,170612.58,82.31,78.79,49.6226,3784.258,3752.83,3810.357,153782.0416,142.3,91.484795,1.1,3852.03,3555.64,3694,-177.6264593,0.254269869,0.019301238,-0.500811294,0.220553192
2020-04-15,3820.85 ,3829.80 ,3793.44 ,3797.36 ,3810.36 ,10846198400,10846198400,169700.22,82.11,79.9,47.8612,3787.662,3763.95,3800.557,155406.7304,131.56,86.29646,0.26,3862.21,3554.22,3707,-160.6898463,0.255251694,-0.00740696,-0.531533941,-0.034791447
2020-04-16,3777.80 ,3807.36 ,3774.56 ,3802.38 ,3790.53 ,9594796500,9594796500,147164.3,81.09,80.29,45.7754,3789.576,3776.68,3790.134667,153920.5271,130.38,80.0592,0.34,3872.09,3560.96,3722,-141.990954,0.242722629,0.001321523,-0.722932632,0.215481252
2020-04-17,3831.92 ,3863.45 ,3821.42 ,3839.49 ,3839.07 ,13200430100,13200430100,203595.27,80.91,80.5,47.5872,3803.638,3787.176,3777.893333,162189.3337,150.49,77.26384,0.94,3881.7,3576.39,3735,-125.5782463,0.237090498,0.009758755,-0.800312134,0.86093663
2020-04-20,3845.46 ,3853.80 ,3831.55 ,3853.46 ,3846.07 ,10001311500,10001311500,151924.09,84.57,81.86,48.685,3823.678,3801.2,3768.391667,168599.2911,175.66,70.8445,0.78,3896.95,3581.16,3753,-103.141869,0.230985879,0.003637986,-0.867743296,1.100584213
2020-04-21,3838.23 ,3838.23 ,3780.00 ,3808.05 ,3816.13 ,10292188800,10292188800,155077.45,74.73,79.48,41.5877,3820.148,3802.203,3762.089,165492.266,182.45,70.38511,-0.32,3879.23,3626.66,3768,-88.83813554,0.194336123,-0.011783633,-0.252246261,-0.854248102
2020-04-22,3789.13 ,3839.38 ,3782.21 ,3839.38 ,3812.53 ,8589946400,8589946400,135547.28,76.65,78.54,39.426,3828.552,3808.107,3753.977333,158661.6788,189.98,68.15587,0.28,3880.26,3647.05,3782,-78.55296376,0.17595109,0.008228889,-0.133252203,-1.324781509
2020-04-23,3851.91 ,3857.47 ,3826.56 ,3829.75 ,3841.42 ,9550845000,9550845000,142122.55,75.32,77.46,35.1533,3834.026,3811.801,3747.354667,157653.3282,198.15,62.55861,-0.11,3887.51,3650.53,3793,-68.04005057,0.152873438,-0.00250845,-0.328759452,-1.287545224
2020-04-24,3826.31 ,3827.21 ,3787.07 ,3796.97 ,3809.39 ,9484413500,9484413500,138961.2,61.04,71.99,26.7466,3825.522,3814.58,3742.223333,144726.5148,173.57,61.8163,-0.75,3888.16,3659.77,3857,-60.29246805,0.154421946,-0.008559404,-0.537600703,-0.929426311
2020-04-27,3808.02 ,3842.87 ,3793.77 ,3822.77 ,3816.86 ,9546273500,9546273500,145301.15,58.77,67.58,23.6053,3819.384,3821.531,3739.805333,143401.9272,174.37,60.730465,0.09,3891.62,3667.58,3856,-49.84493464,0.155508634,0.006794072,-0.780557102,-0.496984757
2020-04-28,3835.35 ,3859.68 ,3768.20 ,3849.15 ,3828.10 ,12209347600,12209347600,184179.76,67.51,67.56,23.9492,3827.604,3823.876,3743.849,149222.3882,175.35,62.65156,0.56,3892.76,3683.95,3860,-39.20311791,0.150698837,0.006900103,-0.907528558,0.033996367
2020-04-29,3837.51 ,3880.74 ,3833.72 ,3867.03 ,3854.75 ,9585459000,9585459000,151282.1,74.28,69.8,25.3201,3833.134,3830.843,3749.094,152369.3528,174.43,64.35451,0.88,3895.69,3699.11,3768,-27.64515202,0.150889847,0.004646615,-0.942622112,0.710365697
2020-04-30,3880.41 ,3921.70 ,3880.41 ,3912.58 ,3898.78 ,13291712500,13291712500,202268.29,80.87,73.49,30.7368,3849.7,3841.863,3758.304667,164398.5008,136.18,65.71298,1.63,3902.6,3715.94,3770,-17.36056441,0.1529284,0.011777818,-0.036049153,0.465478847
2020-05-06,3867.26 ,3937.69 ,3865.99 ,3936.25 ,3901.80 ,13985567500,13985567500,214935.96,86.97,77.98,35.5426,3877.556,3851.539,3769.876667,179593.4532,150.85,65.187455,1.51,3921.83,3716.88,3777,-5.340756194,0.145668294,0.006051433,0.379377779,0.92428299
2020-05-07,3937.59 ,3941.48 ,3915.90 ,3924.89 ,3929.97 ,10551464600,10551464600,167207.8,88.12,81.36,35.1615,3897.98,3858.682,3778.932333,183974.7832,154.49,64.636465,0.69,3929.95,3729.93,3786,1.269941616,0.143849195,-0.002885815,0.800416084,0.138389623
2020-05-08,3943.00 ,3979.66 ,3935.98 ,3963.62 ,3955.57 ,11694334100,11694334100,190299.59,89.55,84.09,37.8624,3920.874,3874.239,3793.376,185198.7483,151.62,62.59204,1.09,3953.38,3723.06,3799,10.37030454,0.126643633,0.009867042,0.783280934,-0.08251594
2020-05-11,3974.76 ,3998.10 ,3944.50 ,3960.18 ,3969.39 ,12267380300,12267380300,193758.09,87.54,85.24,36.8849,3939.504,3886.319,3804.545,193693.9463,151.58,64.41238,0.52,3971.1,3723.33,3817,18.22027931,0.124641536,-0.000868246,0.635769852,-0.55784645
2020-05-12,3961.34 ,3970.11 ,3930.21 ,3960.24 ,3955.48 ,9825055400,9825055400,157465.78,86.2,85.56,34.0157,3949.036,3899.368,3812.469,184733.4446,169.84,64.68581,0.28,3986.42,3724.75,3838,26.86224534,0.124846601,1.45E-05,0.445912848,-0.950968544
2020-05-13,3946.64 ,3972.53 ,3932.57 ,3968.25 ,3955.00 ,8819066900,8819066900,145563.38,86.47,85.86,31.0483,3955.436,3916.496,3821.475667,170858.9288,168.45,63.51233,0.32,3998.96,3732.12,3858,36.26894808,0.12084468,0.002023894,0.328019273,-1.187367075
2020-05-14,3952.20 ,3952.20 ,3924.05 ,3925.22 ,3938.42 ,8853000400,8853000400,143499.18,76.2,82.64,21.5898,3955.502,3926.741,3828.647667,166117.2039,163.22,63.43586,-0.77,3998.98,3749.29,3874,39.43143067,0.12793996,-0.010844873,0.329636055,-1.548173709
2020-05-15,3941.13 ,3945.20 ,3907.40 ,3912.82 ,3926.64 ,9261838200,9261838200,153301.51,62.62,75.97,12.4187,3945.342,3933.108,3836.604667,158717.588,171.82,61.04722,-0.82,4002.3,3754.69,3889,43.23253914,0.112466853,-0.003159519,0.145342861,-1.58777417
2020-05-18,3914.66 ,3946.43 ,3898.40 ,3922.91 ,3920.60 ,11280176200,11280176200,188528.12,56.11,69.35,6.7509,3937.888,3938.696,3844.496333,157671.5935,172.91,60.20772,-0.38,4003.9,3765.64,3898,47.09746718,0.107881129,0.002580188,-0.017500958,-1.571612633
2020-05-19,3963.78 ,3966.85 ,3944.07 ,3956.25 ,3957.74 ,9401529100,9401529100,159886.22,56.75,65.15,6.5281,3937.09,3943.063,3853.868667,158155.682,173.25,61.990185,0.49,4009.03,3775.89,3907,50.58071382,0.110557971,0.008498229,-0.188320664,-1.539333962
2020-05-20,3955.71 ,3955.71 ,3923.92 ,3935.22 ,3942.64 ,10079115000,10079115000,157102.53,50.14,60.15,2.7753,3930.484,3942.96,3860.558333,160463.512,165.62,59.135165,0.12,4012.52,3781.98,3914,52.14002313,0.10949972,-0.005315009,-0.403008335,-1.368433902
2020-05-21,3950.60 ,3951.74 ,3907.58 ,3913.79 ,3930.93 ,9486103300,9486103300,149154.14,38.57,52.95,-3.0506,3928.198,3941.85,3867.244,161594.5049,169.99,59.72446,-0.37,4013.85,3786.68,3967,54.82039697,0.111592184,-0.005444953,-0.570145448,-1.135745747
2020-05-22,3907.58 ,3907.58 ,3818.15 ,3824.06 ,3864.34 ,10337836000,10337836000,157286.51,26.99,44.3,-18.581,3910.446,3927.894,3868.112,162391.5049,153.86,61.28409,-2.21,4012.11,3790.02,3965,51.31340713,0.133688259,-0.022926827,-0.541488407,-1.164733168
2020-05-25,3828.32 ,3835.63 ,3800.18 ,3829.32 ,3823.36 ,7903332600,7903332600,127011.92,23.63,37.41,-27.2135,3891.728,3914.808,3869.744667,150088.2641,153.72,60.08744,-1.6,4012.87,3788.26,3960,48.72633677,0.130437566,0.001375631,-0.53804901,-1.206714948
2020-05-26,3850.00 ,3874.75 ,3844.48 ,3872.77 ,3860.50 ,7744807600,7744807600,125445.62,30.27,35.03,-26.1336,3875.032,3906.061,3872.41,143200.1435,162.97,60.05308,-0.06,4010.88,3794.55,3950,50.07991993,0.13616235,0.0113455,-0.611522341,-0.928820895
2020-05-27,3873.70 ,3873.70 ,3838.42 ,3845.61 ,3857.86 ,8371183100,8371183100,123737.5,29.27,33.11,-27.9754,3857.11,3893.797,3874.957667,136527.1371,159.21,59.809735,-0.3,4005.19,3805.11,3941,48.71814893,0.134878269,-0.00701219,-0.469732402,-1.198043435
2020-05-28,3848.49 ,3885.42 ,3818.43 ,3856.63 ,3852.24 ,9306405400,9306405400,139108.41,30.8,32.34,-26.6152,3845.678,3886.938,3878.403333,134517.9902,165.63,60.36924,0.28,4002.04,3811.64,3933,46.65653649,0.133223549,0.002865317,-0.422503424,-1.190507821
2020-05-29,3838.38 ,3872.30 ,3830.42 ,3867.02 ,3852.03 ,9381383200,9381383200,135658.14,33.9,32.86,-23.339,3854.27,3882.358,3879.780667,130192.3164,179.62,58.489035,0.33,4000.97,3814.5,3925,44.32326966,0.131357255,0.002694268,-0.439293131,-1.078551767
2020-06-01,3901.73 ,3976.32 ,3901.73 ,3971.34 ,3937.78 ,13645665200,13645665200,208436.51,54.99,40.24,-6.9917,3882.674,3887.201,3885.58,146477.2354,164.74,60.156645,2.28,4008.24,3817.65,3818,45.04525618,0.16097124,0.026976047,-0.602232858,-0.866752901
2020-06-02,3969.95 ,3991.78 ,3958.98 ,3983.57 ,3976.07 ,14430306000,14430306000,195563.3,68.57,49.68,4.9534,3904.834,3889.933,3891.619667,160500.7724,168.57,60.259935,2.02,4016.89,3816.11,3822,45.15868337,0.156441927,0.003078935,-0.588405923,-0.921862613
2020-06-03,4001.17 ,4018.68 ,3982.93 ,3983.65 ,3996.61 ,13659748300,13659748300,200882.77,73.7,57.69,11.9511,3932.442,3894.776,3896.425,175929.8257,171.65,59.65969,1.3,4023.37,3814.36,3828,45.8384042,0.155276334,2.01E-05,-0.551903535,-1.008257236
2020-06-04,3998.16 ,3999.81 ,3968.57 ,3982.19 ,3987.18 ,10427773700,10427773700,149057.86,76.9,64.09,15.2571,3957.554,3901.616,3900.716,177919.7153,169.19,57.44654,0.62,4030.01,3813.46,3840,44.47465399,0.154782064,-0.000367151,-0.579333153,-1.079069577
2020-06-05,3988.22 ,4001.25 ,3967.93 ,4001.25 ,3989.66 ,10244394200,10244394200,154311.34,81.7,69.96,18.6603,3984.4,3919.335,3907.156,181650.3567,168.45,55.92489,0.42,4036.18,3811.05,3851,44.30445129,0.151860015,0.004787773,-0.486263381,-1.096212755
2020-06-08,4023.61 ,4050.22 ,4016.10 ,4021.95 ,4027.97 ,13792581300,13792581300,193047.52,83.73,74.55,22.1127,3994.522,3938.598,3913.241667,178572.5579,180.35,56.93382,0.69,4046.64,3806.77,3861,45.17508373,0.152659962,0.005174382,-0.329175734,-1.069430926
2020-06-09,4027.56 ,4052.16 ,4016.34 ,4047.03 ,4035.77 ,11530447900,11530447900,166533.97,88.42,79.18,25.9238,4007.214,3956.024,3920.484333,172766.6902,190.63,56.741495,0.99,4061.87,3800.21,3876,46.85514954,0.15383297,0.006234381,-0.118977198,-0.970170541
2020-06-10,4046.23 ,4046.23 ,4024.42 ,4039.71 ,4039.15 ,11226572800,11226572800,166778.64,90.41,82.92,25.5653,4018.426,3975.434,3928.575667,165945.8652,195.51,56.120415,0.53,4073.39,3795.84,3893,50.23676206,0.154124489,-0.001809772,-0.055888865,-1.088614065
2020-06-11,4031.74 ,4043.01 ,3979.75 ,3995.88 ,4012.60 ,12730894100,12730894100,197079.44,81.14,82.33,17.894,4021.164,3989.359,3934.346,175550.1824,208.28,57.87575,-0.63,4079.49,3796.81,3909,51.87835896,0.154127134,-0.01084745,-0.181460506,-1.196852588
2020-06-12,3931.62 ,4011.06 ,3927.25 ,4003.08 ,3968.25 ,13416664900,13416664900,193504.05,74.33,79.66,12.5138,4021.53,4002.965,3939.477,183388.7231,206.48,60.176575,-0.46,4086.34,3798.98,3924,53.29300101,0.153399771,0.001801428,-0.33670217,-1.226628973
2020-06-15,3982.97 ,4007.14 ,3954.99 ,3954.99 ,3975.02 ,13129786000,13129786000,211125.34,56.95,72.09,1.7661,4008.138,4001.33,3942.409,187004.2866,224.99,61.769745,-1.33,4087.73,3800.8,3936,50.56529096,0.16025648,-0.01201439,-0.411225066,-1.171943738
2020-06-16,3995.58 ,4014.57 ,3987.86 ,4014.57 ,4003.15 ,11105153900,11105153900,185104.03,61.27,68.48,1.9561,4001.646,4004.43,3945.808667,190718.2993,211.57,61.326455,0.32,4094,3800.36,3947,52.00443641,0.166131625,0.015065,-0.465026632,-1.242155878
2020-06-17,4018.61 ,4018.61 ,3992.13 ,4017.59 ,4011.74 ,10560579900,10560579900,176977.5,64.96,67.31,1.7681,3997.222,4007.824,3948.52,192758.0715,208.59,61.27408,0.51,4101.3,3801.3,3957,54.59417459,0.164584263,0.000753231,-0.57073983,-1.244421397
2020-06-18,4009.78 ,4047.56 ,4000.90 ,4044.38 ,4025.66 ,13814876100,13814876100,210192.92,74.56,69.73,4.383,4006.922,4014.043,3952.503,195380.7668,178.18,61.837005,0.93,4112.25,3803.4,3963,62.88047586,0.163855533,0.006668195,-0.6964481,-1.11599297
2020-06-19,4047.05 ,4109.36 ,4043.49 ,4098.71 ,4074.65 ,15294699000,15294699000,255549.8,81.09,73.51,12.1226,4026.048,4023.789,3957.006,207789.9169,135.51,62.78861,1.8,4124.74,3818.38,3973,73.20570207,0.1399972,0.01343228,-0.642451847,-0.578580036
2020-06-22,4097.51 ,4126.94 ,4088.78 ,4102.05 ,4103.82 ,15582946500,15582946500,259200.52,83.24,76.76,16.1329,4055.46,4031.799,3961.735,217404.9538,110.45,65.188405,1.15,4133.54,3836.85,3992,81.00920697,0.14012256,0.000814012,-0.596620686,-0.196425386
2020-06-23,4098.04 ,4124.73 ,4080.75 ,4121.79 ,4106.33 ,12922951000,12922951000,234806.51,87.97,80.49,19.6518,4076.904,4039.275,3967.12,227345.4501,134.39,63.65855,1.1,4148.05,3847.25,4014,90.76779162,0.137169745,0.004814305,-0.58380431,0.300773111
2020-06-24,4128.10 ,4144.68 ,4123.36 ,4138.99 ,4133.78 ,12171246500,12171246500,224551.43,91.11,84.03,22.3094,4101.184,4049.203,3972.811333,236860.2354,111.39,65.09111,0.92,4157.42,3867.22,4032,100.347257,0.131832216,0.004171751,-0.363174549,0.564641852
2020-06-29,4127.93 ,4137.37 ,4092.54 ,4109.72 ,4116.89 ,13086585400,13086585400,226522.06,87.93,85.33,18.3058,4114.252,4060.587,3978.961333,240126.0637,121.92,63.983365,-0.11,4156.4,3893.54,4052,107.4645542,0.137275683,-0.007072523,-0.170871172,0.485218272
2020-06-30,4130.00 ,4174.42 ,4129.78 ,4163.96 ,4149.54 ,12593352100,12593352100,227935.7,90.08,86.91,20.9539,4127.302,4076.675,3987.332667,234603.2452,134.76,65.38422,0.89,4162.95,3916.69,4069,111.7225015,0.141699202,0.013199767,0.632512077,-0.805466353
2020-07-01,4172.64 ,4247.78 ,4163.50 ,4247.78 ,4207.93 ,16999045600,16999045600,305711.8,93.39,89.07,31.3602,4156.448,4105.954,3998.161667,243905.501,127.58,63.989795,2.2,4203.55,3903.73,4090,119.3471664,0.128747177,0.02012981,1.021995594,0.722159271
2020-07-02,4239.41 ,4340.10 ,4238.12 ,4335.84 ,4288.37 ,25293936800,25293936800,399571.53,95.17,91.11,46.5533,4199.258,4138.081,4010.814667,276858.5041,86.04,68.31773,3.25,4263.34,3879.17,4122,130.9896481,0.142393455,0.020731047,1.373336248,1.881933904
2020-07-03,4353.19 ,4419.60 ,4348.45 ,4419.60 ,4385.21 ,29048553900,29048553900,442335.02,96.78,93,63.2953,4255.38,4178.282,4026.960667,320415.223,69,74.40676,3.86,4335.6,3850.51,4165,146.3106857,0.15079903,0.01931596,1.484221907,1.905597036
2020-07-06,4465.81 ,4678.11 ,4465.81 ,4670.09 ,4569.96 ,40582102500,40582102500,597438.22,97.41,94.47,101.2668,4367.454,4240.853,4052.170667,394598.4546,-60.91,89.32805,6.93,4475.81,3779.08,4216,172.4373514,0.231007454,0.056679259,1.974969463,4.17910795
2020-07-07,4739.61 ,4796.32 ,4688.06 ,4698.13 ,4730.53 ,40600855300,40600855300,635254.74,93.7,94.21,121.9308,4474.288,4300.795,4081.306333,476062.2622,10.13,104.187175,5,4588.27,3736.31,4309,197.6240588,0.230825851,0.006002341,1.666816301,2.058605095
2020-07-08,4692.86 ,4803.36 ,4670.65 ,4774.00 ,4735.22 ,34807484700,34807484700,532849.83,94.42,94.28,136.4904,4579.532,4367.99,4112.795667,521489.8675,53,106.70812,4.25,4700.03,3699.76,4406,224.0916009,0.232251741,0.016150651,1.391011687,0.765686456
2020-07-09,4770.08 ,4854.12 ,4757.29 ,4840.77 ,4805.57 ,35104689300,35104689300,556718.73,95.7,94.75,144.9881,4680.518,4439.888,4145.062333,552919.3086,43.17,114.07891,3.42,4809.71,3669.45,4486,252.9403258,0.232815971,0.013985534,1.145280413,-0.09859579
2020-07-10,4796.09 ,4821.37 ,4734.47 ,4753.13 ,4776.27 ,31694965100,31694965100,510472.06,92.48,94,129.2022,4747.224,4501.302,4175.313,566546.7147,31.13,116.92936,0.12,4880.9,3669.61,4559,278.1557445,0.249633122,-0.018104119,0.862876108,-0.870302596
2020-07-13,4742.37 ,4878.08 ,4741.87 ,4852.96 ,4803.82 ,32164544600,32164544600,541105.1,93.82,93.94,122.6567,4783.798,4575.626,4208.524,555280.0909,60.96,120.946595,1.45,4960.68,3675.53,4618,306.7418723,0.242830917,0.021002546,0.653522522,-1.296814876
2020-07-14,4836.17 ,4860.44 ,4729.93 ,4806.69 ,4808.31 ,29724198500,29724198500,511211.05,92.16,93.34,103.3189,4805.51,4639.899,4239.846333,530471.352,71.69,123.281825,0.02,5018.19,3698.39,4670,333.9898737,0.250974898,-0.009534591,0.436128856,-1.620764152
2020-07-15,4821.52 ,4837.48 ,4723.36 ,4744.47 ,4781.71 ,27238900600,27238900600,486748.35,86.36,91.02,74.7056,4799.604,4689.568,4265.617333,521251.0564,61.47,124.993045,-1.15,5050.5,3745.03,4712,353.785305,0.252052099,-0.01294477,0.252649292,-1.833725951
2020-07-16,4741.53 ,4772.56 ,4513.65 ,4516.25 ,4636.00 ,28465713300,28465713300,511237.96,61.65,81.23,20.4208,4734.7,4707.609,4283.373333,512154.9025,78.25,134.959455,-4.61,5051.7,3793.99,4878,361.0289948,0.324912835,-0.048101382,0.125002374,-1.819160822
2020-07-17,4524.77 ,4601.37 ,4485.82 ,4544.70 ,4539.17 ,20737556300,20737556300,372973.89,46.11,69.52,-14.395,4693.014,4720.119,4302.075,484655.2689,71.1,139.199765,-3.16,5050.1,3848.3,4871,367.99337,0.324346189,0.006298916,-0.002513342,-1.775603224
2020-07-20,4597.20 ,4681.94 ,4534.23 ,4680.30 ,4623.42 ,24606891400,24606891400,416714.22,47.26,62.1,-21.4741,4658.482,4721.14,4325.345333,459777.0936,112.7,146.234715,0.47,5058.55,3903.44,4855,378.6734565,0.334687575,0.029837807,-0.180339178,-1.723950449
2020-07-21,4697.50 ,4714.29 ,4661.44 ,4691.04 ,4691.07 ,20041565900,20041565900,356069.81,48.95,57.72,-26.6848,4635.352,4720.431,4348.338333,428748.8451,124.24,149.814845,1.2,5065.95,3955.28,4841,389.1896137,0.334340613,0.002294274,-0.381893318,-1.544032989
2020-07-22,4682.66 ,4790.45 ,4675.35 ,4714.45 ,4715.73 ,22419921100,22419921100,386470.86,52.06,55.83,-28.7733,4629.348,4714.476,4371.421667,408693.3476,116.05,152.09262,1.84,5068.54,4013.92,4826,399.362683,0.333686345,0.004988848,-0.59039815,-1.248115746
2020-07-23,4668.74 ,4731.40 ,4607.66 ,4712.44 ,4680.06 ,23431456900,23431456900,405175.27,53.96,55.21,-31.9744,4668.586,4701.643,4393.602,387480.8087,108.04,156.08113,0.94,5064.24,4077.29,4813,408.0668589,0.334649012,-0.000426286,-0.814516177,-0.775194882
2020-07-24,4679.03 ,4691.70 ,4479.39 ,4505.59 ,4588.93 ,24390520300,24390520300,437726.71,38.27,49.56,-61.7768,4660.764,4676.889,4409.131333,400431.3738,145.39,163.500145,-3.33,5040.48,4137.71,4802,407.4572259,0.38157361,-0.043893458,-0.927551693,-0.240248868
2020-07-27,4535.01 ,4558.12 ,4482.44 ,4528.45 ,4526.01 ,17142055100,17142055100,301893.37,30.08,43.07,-77.2304,4630.394,4644.438,4426.883667,377467.2034,131.45,165.19473,-2.2,5002.84,4217.23,4782,405.3086796,0.379214133,0.005073564,-0.915596903,0.038449505
2020-07-28,4567.67 ,4590.25 ,4537.68 ,4568.26 ,4565.97 ,16276849800,16276849800,292835.79,29.58,38.57,-80.5407,4605.838,4620.595,4445.723,364820.3993,147.06,166.49075,-0.82,4963.49,4297,4764,401.0669506,0.378268672,0.008790558,-0.78484592,0.005746977
2020-07-29,4559.16 ,4680.56 ,4548.85 ,4679.01 ,4616.90 ,18669530500,18669530500,350432.65,41.11,39.42,-66.8284,4598.75,4614.049,4469.857,357612.7571,102.01,167.734,1.75,4932.52,4371.1,4747,398.1717781,0.380689111,0.024243467,-0.643645434,-0.187076314
2020-07-30,4689.76 ,4704.63 ,4649.77 ,4656.15 ,4675.08 ,16696756600,16696756600,324009.24,46.35,41.73,-60.0665,4587.492,4628.039,4491.243,341379.5519,115.75,166.692425,1.5,4905.95,4429.7,4731,390.0909442,0.377477177,-0.004885095,-0.412688176,-0.523894826
2020-07-31,4652.18 ,4741.81 ,4621.96 ,4695.05 ,4677.75 ,18483902600,18483902600,351119.31,54.01,45.82,-49.9957,4625.384,4643.074,4513.825,324058.072,127.25,163.610715,1.51,4889.18,4474.01,4742,371.833962,0.373492764,0.008353596,-0.267006123,-0.6509226
2020-08-03,4735.90 ,4771.37 ,4720.02 ,4771.31 ,4749.65 ,21477623900,21477623900,401914.83,67.29,52.98,-33.4966,4673.956,4652.175,4538.056,344062.3629,137.71,154.59808,2.08,4897.96,4475.35,4549,356.9014839,0.323646235,0.016243631,-0.377062912,-0.741179502
2020-08-04,4778.49 ,4807.08 ,4747.77 ,4775.80 ,4777.29 ,23997498500,23997498500,426411.35,75.01,60.32,-22.9172,4715.464,4660.651,4560.625667,370777.475,129.8,142.42537,1.28,4905.55,4475.53,4553,339.1463197,0.323125663,0.000941377,-0.445082295,-0.826534131
2020-08-05,4761.76 ,4786.70 ,4711.27 ,4777.11 ,4759.21 ,19670054800,19670054800,347407.84,80.29,66.98,-16.9565,4735.084,4666.917,4583.127667,370172.5131,158.11,139.5612,0.89,4905.97,4475.42,4563,319.0058887,0.318095396,0.000273567,-0.44513376,-0.832254285
2020-08-06,4779.24 ,4791.86 ,4691.16 ,4762.76 ,4756.26 ,22785440600,22785440600,404323.4,82.31,72.09,-16.1632,4756.406,4671.949,4604.493333,386235.3453,148.56,135.42268,0.13,4893.27,4480.33,4573,303.5371393,0.313960985,-0.0030028,-0.538287635,-0.758000976
2020-08-07,4742.29 ,4749.02 ,4637.84 ,4707.93 ,4709.27 ,21351821600,21351821600,397041.21,75.94,73.37,-23.7802,4758.982,4692.183,4623.458,395419.7254,148.13,136.63653,-1.07,4888.93,4480.14,4583,281.1085323,0.309899286,-0.011513902,-0.49661556,-0.714130935
2020-08-10,4681.76 ,4757.66 ,4646.29 ,4724.87 ,4702.65 ,20378883200,20378883200,371297.56,73.35,73.36,-27.0547,4749.694,4711.825,4643.963,389296.2724,162.47,135.447325,-0.52,4867.8,4488.46,4592,262.9620807,0.300108128,0.003598931,-0.719110969,-0.723223356
2020-08-11,4730.37 ,4791.53 ,4674.86 ,4681.78 ,4719.64 ,20554651100,20554651100,350828.59,59.67,68.8,-35.0361,4730.89,4723.177,4661.223667,374179.7205,163.18,136.183855,-1.04,4851.7,4492.07,4600,246.6797267,0.299958957,-0.009118982,-0.782966572,-0.663841749
2020-08-12,4668.89 ,4681.62 ,4566.27 ,4647.64 ,4641.11 ,20288723900,20288723900,347298.67,51.04,62.88,-44.3271,4704.996,4720.04,4674.552333,374157.8873,150.64,136.24546,-1.22,4843.82,4490.27,4566,240.9153103,0.297677666,-0.0072919,-0.67488405,-0.70069327
2020-08-13,4666.49 ,4671.77 ,4626.10 ,4635.71 ,4650.02 ,15255009200,15255009200,250945.87,43.64,56.47,-51.016,4679.586,4717.996,4684.548,343482.381,164.31,128.57472,-0.94,4835.86,4510.17,4575,233.4201398,0.237271697,-0.002567322,-0.740160848,-0.221937262
2020-08-14,4627.61 ,4708.07 ,4617.63 ,4704.63 ,4664.49 ,14729292100,14729292100,254343.93,48.25,53.73,-45.2878,4678.926,4718.954,4694.049,314942.9253,124.63,127.31907,0.55,4832.65,4529.38,4584,222.9653428,0.241499453,0.014866366,-0.981944692,0.702659022
2020-08-17,4727.12 ,4838.09 ,4721.36 ,4815.23 ,4775.45 ,26800155600,26800155600,416469.16,62.69,56.72,-26.6539,4696.998,4723.346,4698.887,323977.2442,116.43,128.535705,2.52,4850.84,4524.69,4592,218.0262557,0.232970856,0.023508188,-0.80508451,0.434784458
2020-08-18,4816.57 ,4825.39 ,4788.83 ,4812.76 ,4810.89 ,18913985400,18913985400,314395.91,72.02,61.82,-15.2789,4723.194,4727.042,4702.708,316690.7079,123.56,124.733965,1.9,4866.25,4521.44,4607,212.0404929,0.233044543,-0.000512894,-0.738739146,0.177620327
2020-08-19,4804.67 ,4809.05 ,4738.01 ,4740.68 ,4773.10 ,19244294800,19244294800,319403.29,69.4,64.35,-17.8997,4741.802,4723.399,4701.597333,311111.6302,145.68,121.835775,-0.02,4868.62,4521.69,4621,202.8506033,0.239616398,-0.014976449,-0.767323017,0.149319509
2020-08-20,4708.13 ,4721.44 ,4662.80 ,4679.15 ,4692.88 ,15836863900,15836863900,260486.56,60.11,62.93,-27.7681,4750.49,4715.038,4696.21,313019.7684,131.95,118.580305,-1.5,4866.9,4520.09,4634,201.3862631,0.244261969,-0.012977889,-0.704957152,0.084454296
2020-08-21,4717.79 ,4739.48 ,4684.81 ,4718.84 ,4715.23 ,14265786400,14265786400,251775.16,58.78,61.55,-28.6793,4753.332,4716.129,4695.067,312506.0136,133.84,111.799065,-0.73,4853.46,4554.85,4646,200.8366049,0.180286702,0.008482024,-0.649034265,0.444572224
2020-08-24,4746.40 ,4769.47 ,4716.61 ,4755.85 ,4747.08 ,15114351200,15114351200,272428.69,62.44,61.85,-24.2053,4741.456,4719.227,4691.83,283697.9199,157.85,112.09562,0.3,4841.27,4589.78,4657,200.1743497,0.181105492,0.007842176,-0.387323825,0.081509515
2020-08-25,4769.21 ,4802.41 ,4746.31 ,4761.95 ,4769.97 ,14170135100,14170135100,262308.79,63.45,62.38,-20.4804,4731.294,4727.244,4690.338667,273280.4966,146.95,110.99552,0.65,4831.53,4618.89,4666,194.3127672,0.1795925,0.001282968,0.027200343,-0.967729536
2020-08-26,4761.72 ,4786.42 ,4689.88 ,4706.13 ,4736.04 ,15130518000,15130518000,277456.36,55.68,60.15,-25.2769,4724.384,4733.093,4689.060667,264891.1118,143.73,108.67906,-0.39,4831.08,4622.05,4674,187.0961088,0.166157873,-0.011722192,-0.020318244,-0.831257687
2020-08-27,4718.06 ,4731.94 ,4679.36 ,4731.35 ,4715.18 ,11904285000,11904285000,223631.51,50.15,56.82,-24.7617,4734.824,4742.657,4696.230667,257520.1014,136.55,103.51885,-0.07,4829.45,4631.2,4679,179.5562484,0.165894654,0.005357884,-0.109415249,-0.492621525
2020-08-28,4727.29 ,4850.49 ,4719.35 ,4844.27 ,4785.35 ,15939976500,15939976500,305047.88,65.67,59.77,-9.6944,4759.91,4756.621,4706.216333,268174.6459,112.47,106.08291,1.77,4847.62,4627.96,4687,174.226156,0.183036904,0.023866384,0.001641113,-0.344695159
2020-08-31,4870.93 ,4901.21 ,4816.21 ,4816.22 ,4851.14 ,20256702900,20256702900,357005.07,65.23,61.59,-4.2664,4771.984,4756.72,4710.747,285089.9215,138.02,107.70556,0.93,4854.49,4625.58,4700,167.5354932,0.176344043,-0.005790331,0.009383334,-0.59867096
2020-09-01,4803.39 ,4842.14 ,4791.78 ,4842.12 ,4819.86 ,13839540200,13839540200,262018.07,68.56,63.91,1.7309,4788.018,4759.656,4715.783,285031.7779,124.12,105.870505,1.13,4865.73,4620.96,4720,162.4093885,0.177198347,0.00537912,0.08674868,-0.78619689
2020-09-02,4859.08 ,4863.55 ,4797.52 ,4843.89 ,4841.01 ,15798952400,15798952400,280778.61,70.43,66.08,4.6868,4815.57,4769.977,4720.097667,285696.2286,151.09,105.687365,0.59,4876.38,4617,4738,158.3450591,0.177195812,0.000364448,0.110827667,-0.993803124
2020-09-03,4841.50 ,4877.01 ,4800.06 ,4817.10 ,4833.92 ,14567120100,14567120100,279411.99,67.65,66.6,1.9255,4832.72,4783.772,4723.586333,296852.324,137.1,104.62695,-0.32,4882.74,4616.07,4754,155.8862561,0.178126045,-0.005531054,0.03415189,-1.191718255
2020-09-04,4737.24 ,4778.20 ,4726.56 ,4770.22 ,4753.06 ,12003279600,12003279600,238463.34,58.75,63.98,-6.843,4817.91,4788.91,4732.407333,283535.4151,140.42,101.650355,-0.99,4884.68,4620.36,4727,150.3594083,0.176604584,-0.009731217,-0.105881636,-1.111289504
2020-09-07,4759.52 ,4789.30 ,4655.56 ,4669.37 ,4718.44 ,14860779100,14860779100,282316.39,41.04,56.34,-25.7899,4788.54,4780.262,4737.104667,268597.681,160.37,102.346475,-2.49,4886.59,4612.89,4877,142.2206379,0.192603612,-0.02114186,-0.061184222,-1.297736684
2020-09-08,4683.83 ,4707.90 ,4639.05 ,4694.39 ,4681.29 ,13919922700,13919922700,249198.14,34.4,49.02,-33.9991,4758.994,4773.506,4741.309,266033.6945,140.99,98.52639,-1.36,4886.02,4614.73,4873,137.446846,0.190918117,0.005358691,-0.066765478,-1.255296964
2020-09-09,4634.25 ,4645.20 ,4558.03 ,4584.59 ,4605.52 ,16227710700,16227710700,244905.19,25.51,41.19,-52.1779,4707.134,4761.352,4738.161667,258859.0101,134.59,97.11738,-2.6,4895.28,4599.16,4863,128.0183087,0.207484545,-0.023389773,-0.409838897,-0.482362148
2020-09-10,4632.10 ,4647.75 ,4572.21 ,4581.98 ,4608.51 ,15065287800,15065287800,226146.36,19.33,33.9,-61.8524,4660.11,4746.415,4735.689333,248205.8834,137.78,96.32862,-1.68,4902.72,4586.35,4845,115.4848283,0.207364639,-0.00056956,-0.592250055,-0.210814739
2020-09-11,4572.26 ,4630.88 ,4563.11 ,4627.28 ,4598.38 ,11530242400,11530242400,198240.93,20.13,29.31,-59.4335,4631.522,4724.716,4733.430333,240161.4012,151.68,95.19558,-0.09,4906.55,4574.78,4828,100.3134119,0.203233127,0.009887674,-0.516681508,-0.639575737
2020-09-14,4652.05 ,4666.99 ,4625.99 ,4651.05 ,4649.02 ,10723517900,10723517900,211653.41,23.14,27.25,-52.1739,4627.858,4708.199,4729.421667,226028.8048,159.65,89.366865,0.5,4899.06,4565.86,4812,87.21245628,0.184051721,0.005136514,-0.295235381,-0.862293096
2020-09-15,4649.45 ,4691.50 ,4630.54 ,4688.48 ,4664.99 ,10191592500,10191592500,194573.68,29.06,27.85,-40.3985,4626.676,4692.835,4726.511,215103.914,170.48,87.441105,1.34,4889.47,4563.02,4796,80.24204346,0.187264314,0.008048053,-0.124468251,-0.790206996
2020-09-16,4683.01 ,4690.68 ,4638.46 ,4657.36 ,4667.38 ,10875364100,10875364100,196120.19,33.69,29.8,-35.0673,4641.23,4674.182,4722.519333,205346.9126,177.16,86.896245,0.35,4887.98,4556.18,4782,75.14014129,0.181332993,-0.006638438,0.015224282,-0.946300036
2020-09-17,4642.05 ,4664.95 ,4601.64 ,4632.71 ,4635.34 ,10598363100,10598363100,214146.65,33.22,30.94,-33.1488,4651.376,4655.743,4718.184333,202946.9711,172.71,87.130125,-0.4,4889.45,4550.07,4769,67.07668923,0.176449217,-0.005291455,0.044716455,-1.086045253
2020-09-18,4636.64 ,4737.80 ,4631.70 ,4737.09 ,4685.81 ,16042647500,16042647500,281885.94,55.35,39.08,-16.9257,4673.338,4652.43,4719.156333,219675.9745,98.09,90.10435,1.36,4890.53,4550.81,4759,62.78483477,0.191906113,0.022529881,0.009268938,-1.097479869
2020-09-21,4750.75 ,4752.98 ,4688.72 ,4691.43 ,4720.97 ,12453582700,12453582700,224137.91,59.71,45.95,-11.699,4681.414,4654.636,4718.041667,222172.8746,112.23,91.93526,0.21,4886.95,4547.95,4753,56.11946303,0.192741827,-0.009638958,0.129499396,-1.065016738
2020-09-22,4654.22 ,4706.21 ,4622.11 ,4635.76 ,4654.58 ,11967294700,11967294700,202909.22,52.56,48.16,-14.8895,4670.87,4648.773,4716.507667,223839.9809,133.56,91.849845,-0.75,4883.04,4539.24,4744,49.79501988,0.196627618,-0.011865747,0.310984293,-1.078338404
2020-09-23,4639.66 ,4665.96 ,4623.55 ,4652.33 ,4645.38 ,9582652800,9582652800,190393.47,50.7,49.01,-13.9343,4669.864,4655.547,4716.664,222694.6384,136.93,89.215095,-0.38,4882.35,4534.55,4735,43.35437888,0.193333325,0.003573631,0.385445164,-1.123577606
2020-09-24,4623.95 ,4631.95 ,4562.21 ,4563.07 ,4595.30 ,11259368300,11259368300,193515.87,33.95,43.99,-23.9065,4655.936,4653.656,4714.242667,218568.4837,119.07,90.073435,-1.99,4885.19,4514.88,4729,27.12668494,0.202964965,-0.01918644,0.395811042,-1.110832453
2020-09-25,4582.48 ,4599.54 ,4554.72 ,4570.02 ,4576.69 ,9301515500,9301515500,167457.38,25.21,37.73,-27.8708,4622.522,4647.93,4709.755667,195682.7702,97.02,83.75807,-1.14,4867.07,4505.57,4715,13.46066569,0.180179665,0.001524392,0.523497791,-0.82228344
2020-09-28,4582.65 ,4613.63 ,4571.15 ,4581.91 ,4587.34 ,8504838900,8504838900,159314.68,21.38,32.28,-27.1676,4600.618,4641.016,4701.978333,182718.1228,98.11,77.61075,-0.41,4850.21,4499.01,4699,-0.223057593,0.180858337,0.00260106,0.730751805,-0.356196731
2020-09-29,4608.29 ,4616.68 ,4586.35 ,4591.80 ,4600.78 ,8599385800,8599385800,159937.89,20.49,28.35,-23.7691,4591.826,4631.348,4694.613,174123.8574,86.8,77.369445,0,4822.44,4501.74,4685,-12.81628971,0.179361769,0.002158664,0.886705132,0.226678053
2020-09-30,4607.58 ,4634.72 ,4563.41 ,4587.40 ,4598.28 ,8908120000,8908120000,165532.22,19.15,25.28,-20.6291,4578.84,4624.352,4689.503667,169151.6071,125.4,77.3467,0.19,4787.96,4510.57,4672,-23.66047023,0.179127676,-0.000959101,0.867425838,0.383614092
2020-10-09,4663.61 ,4695.40 ,4655.09 ,4681.14 ,4673.81 ,11133751200,11133751200,229926.73,34.02,28.2,-5.2427,4602.454,4629.195,4689.57,176433.7786,129.74,79.9718,1.71,4757.9,4527.03,4563,-26.93133672,0.196279901,0.02043554,0.471088666,-0.362472776
2020-10-12,4705.19 ,4823.27 ,4704.16 ,4823.16 ,4763.95 ,15578455800,15578455800,307848.56,56,37.46,23.1873,4653.082,4637.802,4693.047333,204512.0149,107.16,85.79852,3.66,4774.47,4515.76,4566,-17.89526488,0.222637129,0.03033803,1.022660984,1.555223562
2020-10-13,4812.90 ,4845.92 ,4795.37 ,4839.20 ,4823.35 ,11651633800,11651633800,242172.57,69.9,48.28,42.1699,4704.54,4652.579,4695.825667,221083.5932,116.6,86.19955,2.86,4809.29,4497.93,4576,-9.759921637,0.207103247,0.003326286,1.126271397,0.975348155
2020-10-14,4830.46 ,4830.46 ,4795.91 ,4807.10 ,4815.98 ,11190692300,11190692300,229836.21,75.49,57.35,47.9956,4747.6,4669.713,4697.330667,235063.257,109.1,84.5116,1.25,4828.69,4489.8,4593,1.853744445,0.208742598,-0.006633099,0.992600642,0.089112359
2020-10-15,4810.78 ,4833.89 ,4796.26 ,4798.74 ,4809.92 ,10996496200,10996496200,213878.29,78.26,64.32,48.19,4789.868,4684.354,4700.417667,244732.4698,103.54,82.05254,0.19,4846.45,4493.45,4608,12.59898722,0.187551243,-0.001740342,0.738102864,-0.607194855
2020-10-16,4798.92 ,4825.55 ,4765.97 ,4791.68 ,4795.53 ,11671610200,11671610200,204175.13,79.11,69.25,44.9008,4811.976,4707.215,4702.428667,239582.1497,102.08,80.545775,-0.42,4859.83,4501.05,4622,20.18870786,0.187760556,-0.001471242,0.512867973,-1.02223666
2020-10-19,4823.49 ,4849.60 ,4747.34 ,4755.49 ,4793.98 ,12924636100,12924636100,225392.2,75.11,71.2,35.7801,4798.442,4725.762,4699.469333,223090.8777,176.09,82.27034,-0.9,4867.4,4506.3,4635,24.40113247,0.188586756,-0.007552284,0.31146207,-1.211395791
2020-10-20,4751.37 ,4793.47 ,4739.46 ,4793.47 ,4769.44 ,9804815600,9804815600,185849.2,76.87,73.09,32.8677,4789.296,4746.918,4698.711,211826.2039,195.07,79.77678,0.09,4879.73,4508.2,4653,28.43030585,0.189599924,0.007986415,0.121693359,-1.43266567
2020-10-21,4801.63 ,4801.63 ,4758.86 ,4792.83 ,4788.74 ,10380570300,10380570300,189978.7,74.85,73.68,28.995,4786.442,4767.021,4697.068,203854.7018,192.23,79.60983,0.13,4890.09,4508.28,4668,33.78229055,0.188090692,-0.000133265,-0.005278332,-1.590665499
2020-10-22,4780.60 ,4791.81 ,4725.50 ,4777.98 ,4768.97 ,10135089100,10135089100,194614.97,66.82,71.39,22.8437,4782.29,4786.079,4694.871,200002.039,197.58,79.91805,-0.09,4898.17,4512.26,4683,39.35669103,0.186561081,-0.003097107,-0.177151758,-1.619938708
2020-10-23,4775.47 ,4802.46 ,4717.10 ,4718.49 ,4753.38 ,10682518400,10682518400,200985.82,44.9,62.56,9.8368,4767.652,4789.814,4691.584,199364.1773,157.69,81.020425,-1.03,4899.46,4519.55,4696,36.45882647,0.191636542,-0.012452196,-0.310116184,-1.468094536
2020-10-26,4684.05 ,4713.39 ,4639.30 ,4691.24 ,4682.00 ,10834327500,10834327500,205518.99,38.16,54.43,-2.6925,4754.802,4776.622,4688.951333,195389.5353,168.24,77.91681,-1.34,4896.87,4517.55,4802,34.62627515,0.175346236,-0.005775621,-0.232821302,-1.488211994
2020-10-27,4680.14 ,4708.46 ,4671.85 ,4699.28 ,4689.93 ,9265630400,9265630400,186675.55,34.95,47.93,-9.7553,4735.964,4762.63,4689.948333,195554.8048,164.48,75.31106,-0.77,4897.16,4518.05,4799,36.07088139,0.172051891,0.001714538,-0.246778949,-1.478803696
2020-10-28,4703.00 ,4753.31 ,4685.60 ,4737.27 ,4719.80 ,10846340200,10846340200,226754.26,38.83,44.9,-9.1767,4724.852,4755.647,4691.377667,202909.9182,153.27,75.17908,0.26,4899.56,4525.8,4796,38.51456232,0.168115202,0.008084772,-0.410359712,-1.296613657
2020-10-29,4683.61 ,4803.03 ,4679.25 ,4772.92 ,4734.70 ,11711725000,11711725000,252303.51,47.06,45.62,-4.1166,4723.84,4753.065,4697.655333,214447.625,139.52,79.175575,1.04,4905.17,4532.25,4803,47.08153921,0.169458642,0.007525006,-0.597382346,-1.120117021
2020-10-30,4776.47 ,4778.51 ,4683.47 ,4695.33 ,4733.45 ,13980230300,13980230300,280783.32,42.78,44.68,-10.957,4719.208,4743.43,4701.433667,230407.1249,127.53,80.651395,-0.51,4897.36,4553.28,4800,50.99307225,0.164905301,-0.016255459,-0.672088849,-0.768658682
2020-11-02,4702.75 ,4738.02 ,4695.44 ,4720.83 ,4714.26 ,14286769300,14286769300,279027.69,45.12,44.82,-11.7149,4725.126,4739.964,4704.552,245108.8643,116.43,81.138055,-0.09,4888.7,4577.03,4797,55.38955863,0.165512606,0.005430391,-0.764915498,-0.275361973
2020-11-03,4743.17 ,4793.40 ,4734.17 ,4777.56 ,4762.08 ,13605540800,13605540800,252390.56,58.23,49.29,-4.6078,4740.782,4738.373,4708.769,258251.8664,127.16,83.090065,0.78,4882.31,4602.98,4795,61.9081557,0.169519783,0.012016845,-0.926755218,0.434155376
2020-11-04,4781.45 ,4825.46 ,4770.56 ,4813.66 ,4797.78 ,11466180600,11466180600,230513.77,70.04,56.21,4.4336,4756.06,4740.456,4712.941667,259003.7682,142.06,85.378215,1.21,4877.26,4630.21,4683,70.12580292,0.170615698,0.007555236,-1.004068359,1.133534096
2020-11-05,4861.34 ,4885.11 ,4838.00 ,4885.11 ,4867.39 ,13924459400,13924459400,281951.93,80.03,64.15,18.7153,4778.498,4751.169,4720.533333,264933.4537,116.11,87.54024,2.23,4878.78,4658.47,4686,76.81804277,0.175589634,0.014844308,0.064770934,-0.517705439
2020-11-06,4897.63 ,4897.63 ,4845.43 ,4885.72 ,4881.60 ,15363903400,15363903400,305365.1,84.93,71.07,26.4485,4816.576,4767.892,4728.967,269849.8101,116.12,83.92207,1.44,4892.73,4664.97,4694,76.10514063,0.163746404,0.00012405,0.173697761,-0.426194148
2020-11-09,4918.86 ,4997.80 ,4918.86 ,4981.35 ,4954.22 ,19713198400,19713198400,371923.28,88.23,76.79,41.7394,4868.68,4796.903,4737.109,288428.9295,90.55,83.131615,2.31,4931.42,4642.11,4706,79.4073186,0.143081643,0.019573767,0.988659218,1.452177864
2020-11-10,4995.41 ,4995.41 ,4928.93 ,4953.88 ,4968.41 ,17626721400,17626721400,334271.46,87.56,80.38,45.1588,4903.944,4822.363,4745.857333,304805.1102,96.68,79.871015,1.02,4954.01,4630.98,4730,82.77562767,0.14511617,-0.005515393,0.97535023,0.600323852
2020-11-11,4937.76 ,4957.58 ,4901.71 ,4904.90 ,4925.49 ,16447051500,16447051500,303858.56,81.85,80.87,38.1097,4922.192,4839.126,4754.828667,319474.0672,87.7,80.910685,-0.35,4966.51,4628.27,4751,83.94494629,0.147903329,-0.009886704,0.793679768,-0.124340983
2020-11-12,4916.77 ,4926.34 ,4891.51 ,4908.46 ,4910.77 ,11811461900,11811461900,227645.91,78.05,79.93,31.4878,4926.862,4852.68,4763.366333,308612.8622,91.86,80.753015,-0.37,4979.14,4626.6,4771,85.58704897,0.147553984,0.000726804,0.610218936,-0.683141116
2020-11-13,4886.98 ,4886.98 ,4825.76 ,4856.85 ,4864.14 ,13369307900,13369307900,255353.11,67.55,75.8,18.3674,4921.088,4868.832,4773.159,298610.4638,100.45,80.834775,-1.31,4983.93,4628.33,4789,86.37586652,0.153112106,-0.010514839,0.485547347,-0.869503077
2020-11-16,4880.96 ,4904.17 ,4848.62 ,4904.17 ,4884.48 ,14877098000,14877098000,266705.03,64.63,72.08,14.4467,4905.652,4887.166,4784.297333,277566.8137,95.17,79.641995,-0.03,4994.85,4632.28,4806,87.5922932,0.153037293,0.009743,0.26825552,-1.141215093
2020-11-17,4903.12 ,4909.29 ,4865.39 ,4894.79 ,4893.15 ,15148746400,15148746400,288911.41,56.46,66.87,9.2279,4893.834,4898.889,4794.726667,268494.8034,101.19,79.974865,0.02,5003.19,4634.08,4818,88.31055854,0.151552825,-0.001913799,0.111545128,-1.318524813
2020-11-18,4889.67 ,4911.09 ,4870.72 ,4891.67 ,4890.79 ,16421661600,16421661600,290727.22,50.41,61.39,4.247,4891.188,4906.69,4804.722333,265868.5365,94.67,79.150885,0.01,5010.5,4636.65,4826,89.57938561,0.151615263,-0.000636269,-0.039935961,-1.415071259
2020-11-19,4880.92 ,4939.79 ,4870.20 ,4927.99 ,4904.73 ,13368137800,13368137800,247727.14,53.41,58.73,4.7006,4895.094,4910.978,4816.075333,269884.782,80.79,79.31499,0.67,5022.28,4639.86,4833,95.57546633,0.152407056,0.007424354,-0.216850261,-1.466871955
2020-11-20,4928.22 ,4947.43 ,4922.59 ,4943.29 ,4935.38 ,12940034100,12940034100,229053.68,58.7,58.72,5.8431,4912.382,4916.735,4824.813667,264624.8955,77.49,78.90857,0.63,5032.08,4652.54,4844,103.399308,0.143073623,0.003104532,-0.424217038,-1.272564961
2020-11-23,4954.60 ,5029.65 ,4940.45 ,5005.03 ,4982.43 ,20591518700,20591518700,333633.83,68.44,61.96,13.2715,4932.554,4919.103,4830.876,278010.6545,76.63,80.55704,1.47,5047.07,4668.94,4856,113.5167476,0.143961332,0.01248948,-0.450629913,-0.934016531
2020-11-24,4997.05 ,5001.06 ,4960.98 ,4974.29 ,4983.35 ,15663791100,15663791100,264804.44,69.91,64.61,12.4164,4948.454,4921.144,4835.379,273189.2614,63.69,80.12962,0.52,5052.01,4691.5,4881,119.6915952,0.147731113,-0.006142184,-0.587657816,-0.630389333
2020-11-25,4992.75 ,5004.77 ,4910.70 ,4910.70 ,4954.73 ,17034052700,17034052700,277070.64,60.49,63.24,2.1931,4952.26,4921.724,4838.832333,270457.9454,47.9,80.760335,-0.84,5049.8,4711.05,4901,120.5960255,0.15635673,-0.012782841,-0.811061838,0.060064007
2020-11-26,4908.32 ,4925.29 ,4867.82 ,4919.59 ,4905.26 ,13720233800,13720233800,239748.15,53.4,59.96,-4.12,4950.58,4922.837,4842.860667,268862.1475,51.59,77.444915,-0.63,5050.09,4725.43,4868,125.7790942,0.15490382,0.001810577,-1.080882886,0.923515931
2020-11-27,4930.59 ,4980.77 ,4917.35 ,4980.77 ,4952.37 ,16295292200,16295292200,253178.97,59.01,59.64,-0.968,4958.076,4935.229,4849.163667,273687.2059,38.97,78.1296,0.46,5041.74,4762.32,4890,132.4868245,0.144070214,0.012434732,-1.026007604,1.351160937
2020-11-30,4994.11 ,5055.19 ,4960.25 ,4960.25 ,4992.45 ,26263895000,26263895000,396495.83,55.78,58.36,-2.4743,4949.12,4940.837,4855.989,286259.6075,44.25,82.294205,0.22,5026.77,4801.23,4906,134.9970383,0.145875453,-0.004118464,-0.664599145,0.681864352
2020-12-01,4963.13 ,5072.55 ,4963.13 ,5067.10 ,5016.48 ,20406563800,20406563800,328451.01,69.64,62.12,9.4413,4967.682,4958.068,4865.11,298988.9217,35.5,83.011445,2,5041.83,4815.12,4930,140.9192814,0.157284501,0.021540519,0.443257828,0.912085366
2020-12-02,5072.98 ,5090.61 ,5043.31 ,5067.14 ,5068.51 ,19543547600,19543547600,310609.73,76.25,66.83,15.4905,4998.97,4975.615,4874.253667,305696.7389,49.94,84.820905,1.36,5057.11,4825.2,4956,142.9749623,0.156640353,9.16E-06,0.927573446,0.379934415
2020-12-03,5065.45 ,5072.30 ,5033.79 ,5057.06 ,5057.15 ,17786574800,17786574800,275335.21,79.14,70.93,16.2187,5026.464,4988.522,4883.556333,312814.1513,45.66,81.01902,0.61,5073.45,4826.05,4983,144.3933392,0.150539311,-0.001990154,0.725937704,-0.329088576
2020-12-04,5049.52 ,5072.39 ,5017.85 ,5065.92 ,5051.42 ,14434716700,14434716700,257798.82,82.4,74.76,15.9541,5043.494,5000.785,4895.137333,313738.1212,43.92,80.76432,0.44,5088.9,4828.62,5004,141.4020022,0.150419894,0.001751215,0.547133455,-0.786033514
2020-12-07,5065.73 ,5067.87 ,5014.61 ,5022.24 ,5042.61 ,13989621700,13989621700,264657.77,78.04,75.85,8.3387,5055.892,5002.506,4906.170667,287370.5091,46.24,75.80874,-0.67,5093.7,4827.91,5015,137.7498771,0.139508427,-0.008622567,0.459968731,-1.025431102
2020-12-08,5029.11 ,5043.06 ,4998.92 ,5009.88 ,5020.24 ,12307302900,12307302900,234880.65,73.28,74.99,0.4938,5044.448,5006.065,4916.524,268656.4359,46.08,74.18809,-0.69,5098.23,4828.98,5072,136.1114082,0.138195141,-0.002460359,0.326400866,-1.213413363
2020-12-09,5022.38 ,5033.64 ,4942.52 ,4942.70 ,4985.31 ,13891696500,13891696500,260772.77,53.73,67.91,-14.0818,5019.56,5009.265,4923.371667,258689.0449,32.5,75.950305,-1.53,5097.69,4833.3,5071,131.0176178,0.142304389,-0.013409507,0.288518332,-1.129301056
2020-12-10,4931.29 ,4962.74 ,4919.77 ,4940.52 ,4938.58 ,12591427000,12591427000,229651.28,39.87,58.56,-23.7837,4996.252,5011.358,4928.958333,249552.2591,44.72,76.35738,-1.12,5097.14,4837.05,5066,128.6504169,0.142327366,-0.00043978,0.257027193,-1.043288739
2020-12-11,4957.82 ,4957.82 ,4849.35 ,4889.63 ,4913.66 ,15935769700,15935769700,275212.73,32.14,49.76,-36.085,4960.994,5002.244,4935.435,253035.041,51.83,78.719825,-1.44,5093.66,4843.82,5057,121.4907761,0.142110539,-0.010301679,0.412494937,-1.197173899
2020-12-14,4903.63 ,4937.26 ,4887.66 ,4934.84 ,4915.85 ,12080155200,12080155200,247878.28,33.24,44.25,-37.0229,4943.514,4999.703,4942.568667,249679.1421,62.04,79.194405,-0.18,5092.58,4847.96,5040,117.4186973,0.141690014,0.009245282,0.414749305,-1.130165637
2020-12-15,4931.60 ,4954.19 ,4904.79 ,4945.10 ,4933.92 ,11834263300,11834263300,248093.39,36.47,41.66,-35.1657,4930.558,4987.503,4948.153333,252321.6905,59.5,79.48752,0.29,5090.54,4855.03,5025,114.2191824,0.141566466,0.00208007,0.440869409,-1.03634649
2020-12-16,4957.30 ,4968.86 ,4938.19 ,4953.87 ,4954.56 ,10677896800,10677896800,229696.04,39.93,41.08,-31.7638,4932.792,4976.176,4952.827,246106.3428,68.27,80.40601,0.43,5087.77,4864.02,5011,109.8021183,0.141565538,0.001772866,0.504646763,-0.949618128
2020-12-17,4960.73 ,5021.62 ,4950.37 ,5017.48 ,4987.55 ,13338547900,13338547900,270180.36,52.27,44.81,-20.5004,4948.184,4972.218,4957.239333,254212.1584,45.68,81.097675,1.4,5091.33,4869.41,4888,108.0215224,0.146168856,0.012840757,0.31003015,-1.057884795
2020-12-18,5014.32 ,5027.44 ,4979.01 ,4999.97 ,5005.19 ,12804961800,12804961800,258938.55,60.76,50.13,-15.2068,4970.252,4965.623,4961.047667,250957.3227,67.37,81.08988,0.6,5093.07,4873.34,4890,102.3674713,0.146726232,-0.00348992,0.167931176,-1.035780354
2020-12-21,4995.76 ,5048.51 ,4970.00 ,5046.84 ,5015.28 ,14081178200,14081178200,298204.3,73.56,57.94,-5.6808,4992.652,4968.083,4963.230667,261022.5261,65.04,79.6622,1.09,5098.45,4872.14,4896,100.8768027,0.143806394,0.00937442,0.11032967,-1.231901126
2020-12-22,5034.98 ,5055.13 ,4960.95 ,4964.77 ,5003.96 ,16234497000,16234497000,326758.82,67.74,61.21,-10.4457,4996.586,4963.572,4963.593667,276755.6116,57.57,81.341055,-0.64,5098.25,4871.39,4905,98.53659757,0.15422465,-0.016261048,0.135143986,-1.247995505
2020-12-23,4977.30 ,5028.45 ,4968.15 ,5007.12 ,4995.26 ,14029281900,14029281900,308729.04,70.72,64.38,-8.0139,5007.236,4970.014,4967.001,292562.2119,62.12,80.01264,0,5097.88,4881.4,4917,97.98638269,0.149327188,0.00853026,0.012042594,-1.099048626
2020-12-24,5006.01 ,5033.04 ,4979.24 ,5000.02 ,5004.58 ,11441866700,11441866700,246674.48,69.51,66.09,-7.492,5003.744,4975.964,4970.053,287861.0359,59.62,80.383475,-0.07,5096.8,4890.52,4928,94.04958356,0.149527086,-0.001419598,-0.099528446,-0.836795048
2020-12-25,4985.77 ,5042.10 ,4973.68 ,5042.01 ,5010.89 ,12100697900,12100697900,243992.27,76.76,69.65,-1.912,5012.152,4991.202,4976.225,284871.7793,57.81,78.15682,0.6,5101.87,4891.58,4938,93.43519438,0.146068677,0.008399634,-0.241980142,-0.944031153
2020-12-28,5042.94 ,5089.34 ,5037.86 ,5064.41 ,5058.64 ,13691440700,13691440700,281019.25,79.01,72.77,4.0498,5015.666,5004.159,4981.566333,281434.7707,55.81,77.04779,0.97,5109.76,4894.11,4948,88.62925466,0.145545367,0.004442868,-0.413596977,-0.907593614
2020-12-29,5071.45 ,5077.42 ,5034.31 ,5042.94 ,5056.53 ,14119866200,14119866200,279035.23,74.88,73.47,4.3299,5031.3,5013.943,4986.504667,271890.0539,46.14,73.58836,0.23,5105.98,4895.46,4962,82.98736193,0.125180918,-0.004241082,-0.451381309,-0.840448161
2020-12-30,5037.98 ,5113.71 ,5036.63 ,5113.71 ,5075.51 ,14862644800,14862644800,296577.81,83.25,76.73,12.7972,5052.618,5029.927,4993.906,269459.8089,50.71,71.184585,1.21,5116.26,4889.84,4975,81.67050383,0.134929897,0.014034364,-0.129426958,-0.499804784
2020-12-31,5122.48 ,5215.62 ,5122.48 ,5211.29 ,5167.97 ,17160250900,17160250900,358731.37,88.27,80.58,29.3451,5094.872,5049.308,5003.349333,291871.188,31.29,78.20824,2.29,5155.96,4865.57,4991,84.85558864,0.149496155,0.019081643,0.939287293,1.866513917
2021-01-04,5212.93 ,5284.43 ,5190.94 ,5267.72 ,5239.01 ,21171138200,21171138200,452796.18,90.46,83.87,44.7711,5140.014,5076.083,5014.163667,333631.9695,50.72,83.579165,2.48,5205.01,4836.7,5023,92.88695921,0.15308033,0.010828339,1.351956751,2.090747111
2021-01-05,5245.84 ,5368.50 ,5234.38 ,5368.50 ,5304.31 ,22493115900,22493115900,498041.94,93.64,87.13,64.2439,5200.832,5108.249,5026.279333,377036.5066,77.7,89.79451,3.22,5279.19,4797.14,5065,106.1739262,0.158954975,0.019132915,1.52450542,2.129216059
2021-01-06,5386.51 ,5433.47 ,5341.43 ,5417.67 ,5394.77 ,19377344400,19377344400,444434.38,94.61,89.62,78.4986,5275.778,5153.539,5041.058667,410116.3354,80.27,97.54217,2.69,5352.66,4764.45,5119,124.6136849,0.158667838,0.009157633,1.379438053,1.118304564
2021-01-07,5428.39 ,5513.66 ,5413.35 ,5513.66 ,5467.27 ,21987208000,21987208000,473385.35,96.41,91.88,94.5325,5355.768,5204.193,5061.157333,445477.8436,54.86,101.59738,2.95,5439.02,4735.19,5182,147.0395957,0.151609035,0.01771779,1.287913872,0.701826561
2021-01-08,5526.29 ,5547.47 ,5442.69 ,5495.43 ,5502.97 ,20432495600,20432495600,473567.65,94.23,92.66,96.0471,5412.596,5253.734,5080.352,468445.1,50.43,106.15473,1.53,5503.67,4726.03,5248,169.9776859,0.153424165,-0.003305646,1.042686538,-0.214365474
2021-01-11,5504.24 ,5555.69 ,5412.50 ,5441.16 ,5478.40 ,23183598300,23183598300,522298.48,88.83,91.39,83.5629,5447.284,5293.649,5095.698333,482345.5614,64.56,107.890635,-0.11,5542.07,4742.78,5308,186.7949566,0.152847746,-0.009875896,0.835529484,-0.890243171
2021-01-12,5419.50 ,5596.35 ,5417.63 ,5596.35 ,5507.46 ,22422018600,22422018600,486233.76,92.55,91.77,89.503,5492.854,5346.843,5116.901667,479983.9256,79.75,112.68776,1.88,5610.72,4740.28,5358,210.0178338,0.172654958,0.028522273,0.717737476,-1.077974504
2021-01-13,5609.26 ,5644.72 ,5535.14 ,5577.97 ,5591.77 ,26156988600,26156988600,546959.74,90.77,91.44,84.3222,5524.914,5400.346,5133.930667,500488.9975,70.77,120.715945,0.96,5663.35,4750.94,5405,230.7221471,0.175420963,-0.003284532,0.53911484,-1.404220865
2021-01-14,5556.21 ,5568.02 ,5458.68 ,5470.46 ,5513.34 ,24368338000,24368338000,501890.11,81.05,87.98,60.8741,5516.274,5436.021,5147.374667,506189.9491,42.06,122.97959,-0.83,5687.29,4778.65,5453,241.8349347,0.197098424,-0.019274894,0.337256911,-1.645965555
2021-01-15,5471.39 ,5500.63 ,5390.27 ,5458.08 ,5455.09 ,23863743500,23863743500,475709.92,72.2,82.72,39.2089,5508.804,5460.7,5160.742,506618.4024,59.48,124.32645,-0.92,5708.06,4801.95,5645,252.648858,0.196426944,-0.00226217,0.122583883,-1.750298285
2021-01-18,5438.16 ,5541.46 ,5410.78 ,5518.52 ,5477.23 ,20705186900,20705186900,422717.21,67.6,77.68,29.002,5524.276,5485.78,5175.828667,486702.1477,121.72,128.032165,-0.1,5731.88,4829.99,5640,263.6004601,0.195628905,0.01107336,-0.082788196,-1.762209247
2021-01-19,5525.97 ,5532.48 ,5415.72 ,5437.52 ,5477.92 ,21104342500,21104342500,433205.18,51.26,68.87,8.3931,5492.51,5492.682,5189.671333,476096.4308,105.72,130.19196,-1,5742.47,4858.46,5635,274.0579721,0.206848541,-0.014677322,-0.293049569,-1.623225056
2021-01-20,5439.91 ,5496.05 ,5426.54 ,5476.43 ,5459.73 ,17091326000,17091326000,373770.38,45.46,61.07,-2.3696,5472.202,5498.558,5205.223,441458.5605,130.63,129.49914,0.08,5744.87,4907.23,5630,283.8205785,0.192878809,0.007155868,-0.478223927,-1.437926259
2021-01-21,5492.96 ,5593.11 ,5490.56 ,5564.97 ,5535.40 ,20995019700,20995019700,453183.68,53.19,58.44,-0.0567,5491.104,5503.689,5225.965333,431717.275,126.97,134.4524,1.35,5757.35,4950.54,5625,297.8772446,0.196564207,0.016166671,-0.670830347,-1.106899588
2021-01-22,5562.38 ,5573.66 ,5513.88 ,5569.78 ,5554.93 ,19930002000,19930002000,456622.19,58.98,58.62,-0.3564,5513.444,5511.124,5246.940667,427899.7296,147.98,135.362885,1.02,5760.26,5004.6,5621,309.3714973,0.195696618,0.000863742,-0.851411426,-0.698825501
2021-01-25,5564.12 ,5655.48 ,5543.27 ,5625.92 ,5597.20 ,19704701900,19704701900,508166.98,68.94,62.06,4.2745,5534.924,5529.6,5271.483667,444989.6839,166.92,139.022185,1.64,5768.35,5054.9,5427,321.9783475,0.196120627,0.010080693,-1.007057687,-0.079352835
2021-01-26,5600.90 ,5600.90 ,5506.00 ,5512.97 ,5555.19 ,17190459000,17190459000,415008.07,61.38,61.83,-9.8385,5550.014,5521.262,5290.754667,441350.2626,156.97,137.984285,-0.67,5753.29,5114.81,5431,329.3810151,0.216438184,-0.020077665,-1.259785341,0.96062597
2021-01-27,5505.77 ,5534.99 ,5449.64 ,5528.00 ,5504.60 ,16019084100,16019084100,376892.61,58.23,60.63,-18.6029,5560.328,5516.265,5310.184667,441974.7069,180.8,140.096555,-0.58,5721.16,5195.45,5436,333.6266093,0.214212756,0.002727315,-1.31679906,1.523323858
2021-01-28,5450.37 ,5462.24 ,5360.38 ,5377.14 ,5412.53 ,17048558500,17048558500,376166.52,40.71,53.99,-44.6865,5522.762,5506.933,5324.293667,426571.2746,123.74,141.21935,-2.64,5683.02,5259.93,5655,325.2379889,0.23955213,-0.027290269,-0.947827877,0.870926213
2021-01-29,5413.97 ,5430.20 ,5288.10 ,5351.96 ,5371.06 ,18217878400,18217878400,390287.69,32.94,46.97,-64.1149,5479.198,5496.321,5335.443,413304.3739,139.16,139.3752,-2.32,5660.99,5296.04,5650,313.1884144,0.232683278,-0.004682431,-0.509459709,0.006614361
2021-02-01,5356.85 ,5422.30 ,5342.05 ,5417.65 ,5384.71 ,16631370600,16631370600,346859.08,33.71,42.55,-66.6092,5437.544,5486.234,5349.365667,381042.7945,156.45,137.987655,-0.37,5642.49,5329.53,5635,299.9861687,0.233505294,0.012272839,-0.012174068,-0.83198763
2021-02-02,5429.70 ,5503.21 ,5411.52 ,5501.09 ,5461.38 ,16521056500,16521056500,380016.72,41.8,42.3,-55.9415,5435.168,5492.591,5364.507333,374044.5238,190.89,137.167705,1.21,5639.07,5346.21,5621,289.1580503,0.230188931,0.015402089,-0.075295805,-0.521847021
2021-02-03,5499.30 ,5532.89 ,5473.12 ,5485.20 ,5497.63 ,18805431700,18805431700,404343.6,45.75,43.45,-50.1338,5426.608,5493.468,5381.855,379534.7231,174.2,133.281565,1.08,5638.22,5353.81,5608,273.2773478,0.228667241,-0.002888645,-0.172152606,-0.214374942
2021-02-04,5453.98 ,5510.05 ,5411.57 ,5473.95 ,5462.39 ,18057565400,18057565400,397995.21,47.36,44.76,-46.9701,5445.97,5484.366,5397.416,383900.4596,154.95,129.594175,0.51,5636.3,5351.75,5595,258.5393254,0.21981991,-0.002051575,-0.081471771,-0.23832125
2021-02-05,5494.70 ,5550.77 ,5477.65 ,5483.41 ,5501.63 ,18969959800,18969959800,395400.13,52.39,47.3,-42.8793,5472.26,5475.729,5413.529,384922.9485,162.41,129.847965,0.2,5635.78,5351.07,5585,247.7251441,0.219650742,0.001729374,-0.05339615,-0.248192479
2021-02-08,5506.14 ,5576.49 ,5479.85 ,5564.56 ,5531.76 ,16403377500,16403377500,367582.77,66.88,53.83,-29.1737,5501.642,5469.593,5430.947333,389067.6861,188.36,127.63057,1.14,5643.1,5356.09,5578,233.7493519,0.222422744,0.014798773,-0.259915594,-0.253860702
2021-02-09,5584.17 ,5686.25 ,5555.05 ,5686.25 ,5627.93 ,16488726000,16488726000,378769.12,77.92,61.86,-4.9196,5538.674,5486.921,5451.675333,388818.1671,183.45,128.75804,2.66,5664.94,5343.24,5412,227.4758393,0.21296457,0.021868461,0.258114377,0.389733477
2021-02-10,5709.68 ,5823.42 ,5707.33 ,5807.72 ,5762.04 ,17016978600,17016978600,417056.46,84.3,69.34,24.658,5603.178,5514.893,5477.168,391360.7392,160.12,130.821835,3.65,5724.33,5306.83,5417,232.9651873,0.224106975,0.021361863,1.16850389,2.265352252
2021-02-18,5922.07 ,5930.91 ,5747.66 ,5768.38 ,5842.26 ,21884868600,21884868600,507481.24,80.33,73,35.4403,5662.064,5554.017,5498.990333,413257.9453,172.38,136.534165,1.88,5766.42,5294.53,5433,236.831938,0.21219765,-0.006773348,0.964769986,0.805810168
2021-02-19,5734.02 ,5787.89 ,5667.32 ,5778.84 ,5742.02 ,21447578000,21447578000,456433.79,77.13,74.38,40.1525,5721.15,5596.705,5517.908667,425464.6772,168.84,137.04442,1.01,5804.33,5288.7,5463,238.0064161,0.211437024,0.001813438,0.751108262,-0.092747565
2021-02-22,5785.51 ,5785.51 ,5597.33 ,5597.33 ,5691.42 ,28212438200,28212438200,543633.15,63.34,70.7,16.2193,5727.704,5614.673,5528.895667,460674.7535,144.33,138.89389,-2.28,5808.88,5292.03,5491,234.0965603,0.242145072,-0.031409286,0.648288893,-0.228797515
2021-02-23,5542.68 ,5644.76 ,5541.11 ,5579.67 ,5577.06 ,23380772700,23380772700,424904.47,53.02,64.81,-3.5376,5706.388,5622.531,5535.934667,469901.8234,151.67,137.99097,-2.22,5810.67,5304.45,5518,227.5534573,0.235709095,-0.003155896,0.544847566,-0.164725288
2021-02-24,5591.48 ,5598.83 ,5379.73 ,5437.57 ,5501.90 ,22542861000,22542861000,472369.21,38.84,56.15,-35.516,5632.358,5617.768,5536.598,480964.3729,152.57,144.929365,-3.46,5811.93,5299.31,5788,209.8057344,0.253217476,-0.025467429,0.542079681,-0.247432336
2021-02-25,5494.47 ,5527.63 ,5444.16 ,5469.56 ,5483.96 ,23073602800,23073602800,412206.16,31.33,47.88,-51.1773,5572.594,5617.329,5535.128,461909.3572,136.56,143.99595,-1.85,5809.96,5291.74,5780,194.3045677,0.246980808,0.005883163,0.63031018,-0.270026794
2021-02-26,5343.90 ,5416.32 ,5318.86 ,5336.76 ,5353.96 ,21226454300,21226454300,405717.7,21.86,39.21,-76.7067,5484.178,5602.664,5529.839,451766.1385,147.16,144.7142,-2.69,5815.13,5263.26,5772,170.1312243,0.260747815,-0.024279382,0.585441182,-0.393091968
2021-03-01,5389.25 ,5421.56 ,5345.94 ,5418.78 ,5393.88 ,17746352300,17746352300,358146.55,20.02,32.81,-79.4896,5448.468,5588.086,5529.093,414668.817,157.98,142.768925,-0.54,5806.61,5251.07,5754,156.9154581,0.264610121,0.015369398,0.770606855,-0.207576283
2021-03-02,5453.28 ,5454.97 ,5305.05 ,5349.63 ,5390.73 ,19651111500,19651111500,376444.61,15.72,27.11,-86.9829,5402.46,5554.424,5520.869,404976.8438,173.63,145.51936,-0.98,5809.78,5231.56,5736,140.1510202,0.259005769,-0.012761831,0.760635647,-0.343592555
2021-03-03,5327.35 ,5452.40 ,5316.48 ,5452.21 ,5387.11 ,19470905400,19470905400,337610.31,20.64,24.95,-74.9187,5405.388,5518.873,5516.677,378025.0643,182.41,148.61872,0.87,5807.57,5226.19,5710,136.8969592,0.268782597,0.019175606,0.829126627,-0.307646948
2021-03-04,5388.48 ,5392.37 ,5254.78 ,5280.71 ,5329.09 ,21277521100,21277521100,384382.46,15.39,21.76,-86.0403,5367.618,5470.106,5510.352,372460.3243,149.91,150.40556,-1.62,5815.43,5208.69,5686,126.4891712,0.274859864,-0.031456349,0.660406489,-0.347135166
2021-03-05,5191.97 ,5307.82 ,5174.25 ,5262.80 ,5234.21 ,20262795600,20262795600,352539.77,16.53,20.02,-91.3116,5352.826,5418.502,5503.842667,361824.7391,144,149.978985,-1.68,5823.25,5191.95,5652,112.4220826,0.274661355,-0.003391592,0.511136364,-0.37782072
2021-03-08,5299.79 ,5326.26 ,5079.80 ,5080.02 ,5196.47 ,23023163500,23023163500,407133.8,11.04,17.03,-113.4749,5285.074,5366.771,5489.226,371622.1903,165.82,155.5919,-3.88,5858.45,5123,5604,85.74763351,0.295765657,-0.034728917,-0.098398689,0.171731842
2021-03-09,5066.15 ,5094.31 ,4917.91 ,4971.00 ,5012.34 ,23071100400,23071100400,414415.21,10.26,14.77,-135.3909,5209.348,5305.904,5473.675333,379216.3122,135.8,156.353565,-4.58,5899.08,5029.35,5541,55.75018184,0.294208512,-0.02146155,-0.449696206,0.322788207
2021-03-10,5047.06 ,5055.28 ,4981.62 ,5003.61 ,5021.89 ,16992849000,16992849000,309577.41,12.16,13.9,-137.6174,5119.628,5262.508,5457.914667,373609.7312,153.61,157.153585,-2.27,5921.01,4959.27,5454,29.44590274,0.297024183,0.006560592,-0.408755974,-0.268361059
2021-03-11,5024.56 ,5138.41 ,5020.58 ,5128.22 ,5077.94 ,18960076600,18960076600,333859.2,21.16,16.32,-115.3301,5089.13,5228.374,5443.356333,363505.0797,163.22,160.06958,0.77,5923.07,4922.63,5379,10.21368761,0.314594156,0.02490271,-0.245938657,-0.694488465
2021-03-12,5153.67 ,5153.67 ,5086.82 ,5146.38 ,5135.14 ,20102058900,20102058900,323237.75,28.29,20.31,-92.1704,5065.846,5209.336,5429.243,357644.6752,181.18,159.764535,1.59,5920.14,4891.86,5314,-11.20615677,0.31503956,0.003541778,-0.081163622,-0.955645165
2021-03-15,5116.12 ,5120.88 ,4992.40 ,5035.54 ,5066.24 ,20415308400,20415308400,330740.51,26.19,22.27,-85.9327,5056.95,5171.012,5409.563667,342366.0175,158.54,161.24642,-0.42,5913.4,4845.7,5259,-43.18115393,0.314205534,-0.021536406,0.090362697,-1.094273217
2021-03-16,5054.41 ,5084.31 ,5009.95 ,5079.36 ,5057.01 ,16139005400,16139005400,271755.05,28.81,24.45,-70.6925,5078.622,5143.985,5395.11,313833.9844,186.36,155.522035,0.01,5878.63,4819.78,5220,-77.43993124,0.302793816,0.008701801,0.300279537,-0.960520098
2021-03-17,5062.77 ,5123.55 ,5020.13 ,5100.86 ,5076.83 ,14916237600,14916237600,263492.42,34.14,27.68,-53.2963,5098.072,5108.85,5380.872,304616.9862,204.66,147.783335,0.05,5807.58,4820.15,5188,-106.9440997,0.28857137,0.004231968,0.416653882,-0.790039466
2021-03-18,5114.59 ,5160.46 ,5111.13 ,5141.77 ,5131.99 ,14290151800,14290151800,260930.05,41.03,32.13,-32.8618,5100.782,5094.956,5373.026333,290031.1557,221.77,143.620755,0.8,5732.38,4832.68,5161,-133.4505897,0.293099021,0.008020219,0.509534329,-0.539890973
2021-03-19,5068.53 ,5089.92 ,4980.76 ,5007.09 ,5036.58 ,16417484900,16417484900,282974.49,39.61,34.62,-33.9308,5072.924,5069.385,5361.530667,281978.5032,223.09,143.050275,-1.3,5644.21,4843.68,5137,-156.2901602,0.300581847,-0.026192819,0.330057357,-1.220682231
2021-03-22,5008.40 ,5071.34 ,4996.54 ,5057.15 ,5033.36 ,16740263200,16740263200,264209.1,40.58,36.61,-24.765,5077.246,5067.098,5349.514,268672.2203,212.55,138.17027,-0.4,5588.68,4845.19,5112,-174.6014572,0.291463721,0.009998081,0.438693286,-1.152833244
2021-03-23,5057.06 ,5064.02 ,4966.53 ,5009.25 ,5024.22 ,15801396700,15801396700,255755.38,34.39,35.87,-22.1115,5063.224,5070.923,5333.119333,265472.2861,186.25,137.862275,-1.07,5529.22,4847.61,5091,-187.2875043,0.291783562,-0.009472941,0.462775243,-1.334011043
2021-03-24,4985.40 ,5024.33 ,4919.89 ,4928.69 ,4964.58 ,15938598200,15938598200,265970.02,24.15,31.96,-27.797,5028.79,5063.431,5314.569,265967.8066,156.69,132.128955,-1.99,5501.43,4824.51,5069,-204.9667841,0.284793545,-0.016082381,0.579569298,-0.967189083
2021-03-25,4904.07 ,4950.76 ,4883.66 ,4926.35 ,4916.21 ,13294518900,13294518900,219782.05,21.24,28.39,-28.3642,4985.706,5043.244,5296.315667,257738.2071,154.35,128.08883,-1.19,5457.44,4814.18,5039,-215.2391449,0.282490715,-0.000474447,0.652481007,-0.692477267
2021-03-26,4953.95 ,5050.83 ,4953.95 ,5037.99 ,4999.18 ,14592669700,14592669700,273901.92,32.75,29.84,-11.0811,4991.886,5032.405,5281.468333,255923.6937,173.79,131.574125,0.92,5430.74,4811,4884,-223.5168777,0.288969832,0.022662432,0.909755681,-0.071298468
2021-03-29,5052.26 ,5086.65 ,5010.39 ,5046.88 ,5049.05 ,14338821500,14338821500,266176.6,41.49,33.72,3.3949,4989.832,5033.539,5264.212333,256317.1939,190.28,133.07472,1.14,5379.82,4824.73,4887,-227.4786738,0.28161637,0.001764077,1.128115721,0.919194188
2021-03-30,5043.10 ,5106.04 ,5032.80 ,5094.73 ,5069.17 ,13861856000,13861856000,254928.01,53.07,40.17,20.3176,5006.928,5035.076,5244.495,256151.7213,202.73,130.361325,1.75,5341.48,4837.58,4895,-233.9789101,0.282971473,0.009481467,1.403779127,2.569710375
2021-03-31,5085.95 ,5085.95 ,5015.61 ,5048.36 ,5058.97 ,14133574300,14133574300,241058.49,60.07,46.81,25.8146,5030.862,5029.826,5219.183,251169.4144,186.36,126.511385,0.35,5254.88,4883.79,4908,-233.8972196,0.272120576,-0.009101249,0.753210517,0.776449521
2021-04-01,5059.94 ,5115.43 ,5056.87 ,5110.78 ,5085.76 ,12032489000,12032489000,211493.32,72.71,55.44,37.6887,5067.748,5026.727,5197.263,249511.6694,182.38,124.622695,0.85,5219.2,4902.48,4920,-229.8033086,0.256361685,0.012363637,0.466553699,1.083012467
2021-04-02,5129.85 ,5169.83 ,5116.35 ,5161.56 ,5144.40 ,12700225400,12700225400,248060.38,80.84,63.91,51.3657,5092.462,5042.174,5176.687,244343.3601,188.76,123.59194,1.36,5191.87,4919.69,4935,-214.2365282,0.259468617,0.009935887,-0.35569497,-0.498762667
2021-04-06,5178.64 ,5181.15 ,5125.33 ,5140.34 ,5156.37 ,10983421000,10983421000,213852.44,82.66,70.16,56.149,5111.154,5050.493,5161.454,233878.5289,203.14,114.50894,0.57,5199.73,4917.86,4959,-195.0575818,0.226133358,-0.004110213,-0.364302381,-0.685382319
2021-04-07,5141.66 ,5141.66 ,5065.19 ,5103.74 ,5113.06 ,14576374800,14576374800,246271.19,79.76,73.36,53.0161,5112.956,5059.942,5145.589667,232147.1641,197.94,109.51196,-0.18,5201.37,4929.49,4986,-180.2981677,0.21260899,-0.007119955,-0.589596033,-0.223737548
2021-04-08,5078.26 ,5129.13 ,5062.07 ,5112.21 ,5095.42 ,14177104700,14177104700,228422.01,76.4,74.37,50.7175,5125.726,5078.294,5134.744333,229619.8679,204.21,105.99645,-0.26,5205.07,4936.65,5009,-172.0836093,0.21172317,0.001658744,-0.817534734,0.188717909
2021-04-09,5100.04 ,5100.04 ,5022.09 ,5035.34 ,5064.38 ,12841650900,12841650900,221519.79,55.8,68.18,38.0542,5110.638,5089.193,5120.270333,231625.1614,186.34,102.054005,-1.47,5198.48,4933.95,5022,-169.0314888,0.199826584,-0.015036789,-0.66682291,0.105734338
2021-04-12,5026.98 ,5045.60 ,4933.01 ,4947.75 ,4988.34 ,15264431400,15264431400,267218.2,39.18,58.51,18.1034,5067.876,5080.169,5107.303333,235456.7253,169.55,101.028685,-2.37,5192.96,4919.61,5142,-164.9698244,0.207468873,-0.017395359,-0.515334767,-0.371595767
2021-04-13,4949.81 ,4994.54 ,4924.20 ,4939.64 ,4952.05 ,13291935800,13291935800,225753.23,28.12,48.38,4.7341,5027.736,5069.445,5091.332,237836.8826,163.84,98.12197,-1.75,5197.64,4905.35,5137,-163.7072632,0.1938411,-0.001637534,-0.439007374,-0.825143873
2021-04-14,4945.69 ,4987.12 ,4940.27 ,4980.63 ,4963.43 ,12086083800,12086083800,221036.28,26.07,40.95,2.4467,5003.114,5058.035,5079.032,232789.8998,178.63,96.67255,-0.45,5195.38,4897.73,5129,-161.53341,0.193581788,0.008296975,-0.247794806,-1.075053406
2021-04-15,4969.91 ,4969.91 ,4900.30 ,4948.97 ,4947.27 ,10882938400,10882938400,213820.88,23.16,35.02,-2.053,4970.466,5048.096,5062.257333,229869.6757,165.97,94.47317,-0.43,5191.57,4886.35,5121,-163.0964395,0.193458197,-0.006355383,-0.040288837,-1.237431838
2021-04-16,4966.90 ,4979.17 ,4917.96 ,4966.18 ,4957.55 ,11123992400,11123992400,213389.17,23.26,31.1,-1.4613,4956.634,5033.636,5051.773,228243.5521,157.78,91.400105,0.19,5178.02,4882.35,5108,-156.9870975,0.191167103,0.003476882,0.140389526,-1.161841429
2021-04-19,4966.41 ,5088.21 ,4940.75 ,5087.02 ,5020.60 ,15476982400,15476982400,307899.78,41.29,34.49,15.5208,4984.488,5026.182,5045.913667,236379.8683,187.02,94.454825,2.06,5183.7,4884.66,5095,-147.6445177,0.188416768,0.024331654,-0.015242284,-1.263156637
2021-04-20,5065.78 ,5119.86 ,5058.92 ,5083.37 ,5081.98 ,13654170000,13654170000,276640.59,54.2,41.06,25.9611,5013.234,5020.485,5046.025333,246557.3398,204.57,98.881545,1.4,5186.31,4884.67,5120,-136.5563168,0.185320355,-0.000717729,-0.05821656,-1.325765987
2021-04-21,5055.24 ,5110.56 ,5047.99 ,5098.74 ,5078.13 ,12463727700,12463727700,242575,66.26,49.46,34.1223,5036.856,5019.985,5050.283333,250865.0836,211.54,97.13578,1.23,5192.8,4887.12,5111,-121.2255209,0.18185945,0.003025456,-0.215829689,-1.373328722
2021-04-22,5114.28 ,5119.22 ,5067.14 ,5089.24 ,5097.47 ,12116764500,12116764500,241488.85,72.86,57.26,37.1752,5064.91,5017.688,5053.137667,256398.6759,223.24,95.47572,0.48,5192.88,4903.1,5119,-107.0194149,0.17076026,-0.001863478,-0.39397296,-1.129677691
2021-04-23,5088.83 ,5149.98 ,5086.49 ,5135.45 ,5115.19 ,12205699100,12205699100,264345.18,79.96,64.83,43.892,5098.764,5027.699,5053.378667,266589.8778,218.05,96.26297,0.72,5196.39,4920.5,5048,-96.79526915,0.17255492,0.009079915,-0.525848845,-0.914612285
2021-04-26,5156.59 ,5181.11 ,5072.96 ,5077.24 ,5121.98 ,15138196700,15138196700,325760.38,74.31,67.99,39.1255,5096.808,5040.648,5051.074,270161.9993,229.04,93.31199,-0.38,5198.24,4922.57,5050,-90.43751069,0.161073506,-0.011336136,-0.619319727,-0.826029126
2021-04-27,5076.64 ,5095.98 ,5042.61 ,5090.52 ,5076.44 ,12396183700,12396183700,254738.01,72.12,69.37,36.4468,5098.238,5055.736,5052.906667,265781.4836,223.72,89.345255,-0.15,5200.9,4924.28,5043,-86.12611516,0.16119794,0.002616049,-0.71285541,-0.757991947
2021-04-28,5073.97 ,5119.45 ,5059.26 ,5119.24 ,5092.98 ,12062031800,12062031800,272182.52,73.58,70.77,37.1047,5102.338,5069.597,5054.236,271702.989,205.24,88.40472,0.33,5203.75,4923.88,5048,-78.2757394,0.158925815,0.005642371,-0.721346784,-0.797131045
2021-04-29,5128.28 ,5170.59 ,5113.65 ,5164.17 ,5144.17 ,14009248000,14009248000,294112.45,80.04,73.86,41.8039,5117.324,5091.117,5056.346333,282227.7107,191.17,90.453705,0.92,5216.27,4922.94,5053,-71.69233243,0.157592796,0.008776123,-0.739909137,-0.776331352
2021-04-30,5156.36 ,5163.25 ,5094.93 ,5123.49 ,5134.51 ,16012162100,16012162100,315075.1,72.82,73.51,37.7676,5114.932,5106.848,5055.737,292373.6947,197.09,88.878785,0.17,5217.77,4922.72,5059,-70.01111081,0.15491763,-0.007877395,-0.743158202,-0.795525582
2021-05-06,5098.80 ,5132.90 ,5037.41 ,5061.12 ,5082.56 ,15882263000,15882263000,323258.27,54.05,67.03,25.6132,5111.708,5104.258,5057.538,291873.2707,191.92,88.00533,-0.99,5206.36,4924.08,5171,-70.47142527,0.156334148,-0.012172291,-0.737921258,-0.767710786
2021-05-07,5073.46 ,5093.75 ,4996.04 ,4996.05 ,5039.83 ,17225832100,17225832100,304638.4,36.03,56.69,8.6046,5092.814,5095.526,5055.501333,301853.3492,179.05,89.650745,-1.9,5197.72,4918.29,5168,-72.332359,0.161724665,-0.012857163,-0.544669851,-1.046076516
2021-05-10,5001.44 ,5019.39 ,4953.70 ,4992.42 ,4991.74 ,17082058500,17082058500,282656.81,29.7,47.7,-2.7325,5067.45,5084.894,5054.940333,303948.2066,167.82,89.112435,-1.48,5193.35,4911.53,5161,-74.70507105,0.160311426,-0.000726714,-0.330206684,-1.268367362
2021-05-11,4956.08 ,5033.49 ,4925.92 ,5023.06 ,4984.64 ,15152649700,15152649700,270931.62,32.49,42.63,-5.5403,5039.228,5078.276,5058.086,299312.039,171.26,91.1384,-0.32,5186.55,4909.42,5149,-71.5837125,0.162101955,0.006136801,-0.174456493,-1.238283078
2021-05-12,5003.82 ,5051.17 ,4995.40 ,5044.55 ,5023.74 ,12661908600,12661908600,228344.01,37.82,41.02,-4.0101,5023.44,5069.186,5062.026,281965.8197,169.15,93.50357,0.42,5186.89,4909.99,5131,-63.16441688,0.153873899,0.00427799,-0.196721285,-1.224554632
2021-05-13,4992.35 ,5022.08 ,4975.45 ,4992.97 ,4995.71 ,13227940600,13227940600,237821.4,34.35,38.8,-9.1583,5009.81,5060.759,5060.525333,264878.4477,167.97,90.20598,-0.34,5183.6,4917.81,5114,-57.33969603,0.144709255,-0.01022377,-0.166427895,-1.139752455
2021-05-14,5007.63 ,5112.98 ,4981.29 ,5110.59 ,5053.12 ,15942618000,15942618000,318802.79,48.06,41.89,3.3943,5032.718,5062.766,5062.649,267711.3246,147.79,93.565735,1.55,5183.79,4934.71,4926,-47.97460123,0.165476646,0.023556362,-0.278974539,-1.064283093
2021-05-17,5115.31 ,5206.69 ,5115.31 ,5184.99 ,5155.58 ,15388963400,15388963400,335439.91,62.8,48.86,20.8591,5071.232,5069.341,5065.657667,278267.9455,151.99,101.68967,2.24,5200.23,4938.71,4930,-33.77531117,0.170124988,0.014557067,-0.248812468,-0.675270941
2021-05-18,5190.93 ,5201.67 ,5156.79 ,5187.60 ,5184.25 ,11840426100,11840426100,238182.27,72.93,56.88,31.2769,5104.14,5071.684,5070.299,271718.0754,147.6,102.52763,1.64,5209.39,4953.42,4941,-21.01553561,0.167357187,0.000504534,-0.136104073,-0.650474806
2021-05-19,5173.17 ,5193.56 ,5151.64 ,5172.27 ,5172.66 ,11872998300,11872998300,250736.28,77.87,63.88,34.3705,5129.684,5076.562,5072.348667,276196.5297,137.47,100.68005,0.83,5213.67,4969.74,4951,-15.70198383,0.16834192,-0.002954988,-0.138250843,-0.722278192
2021-05-20,5167.05 ,5201.59 ,5152.04 ,5186.41 ,5176.77 ,13845477500,13845477500,277088.46,82.84,70.2,36.3944,5168.372,5089.091,5073.177,284049.9413,130.41,94.665215,0.35,5225.73,4967.62,4962,-9.764554638,0.147039628,0.002733808,-0.189051844,-0.93386545
2021-05-21,5199.13 ,5216.16 ,5123.12 ,5134.15 ,5168.14 ,12476848500,12476848500,268053.63,79.14,73.18,29.0838,5173.084,5102.901,5072.970667,273900.1094,133.95,90.36187,-0.75,5229.16,4969.26,4971,-7.506156906,0.152174682,-0.010077044,-0.303794536,-0.950765973
2021-05-24,5138.81 ,5155.59 ,5092.39 ,5155.59 ,5135.60 ,12674233600,12674233600,278513.13,77.71,74.69,25.6462,5167.204,5119.218,5074.699,262514.7534,125.59,90.39324,-0.22,5234.43,4969.68,4986,-3.813649061,0.152480904,0.004175805,-0.39452833,-1.028430269
2021-05-25,5165.04 ,5324.36 ,5161.52 ,5318.48 ,5242.35 ,18299683900,18299683900,404683.31,84.58,77.98,42.8118,5193.38,5148.76,5081.574667,295814.9613,111.48,98.430165,2.41,5277.21,4949.82,5000,5.528263392,0.186632854,0.031594944,0.402804126,0.625362365
2021-05-26,5326.12 ,5344.28 ,5308.74 ,5320.59 ,5324.93 ,16960709600,16960709600,346444.65,87.54,81.17,51.3725,5223.044,5176.364,5091.083,314956.6346,109.99,103.425945,1.87,5310.82,4934.73,5026,17.41962522,0.184947895,0.000397614,0.560404086,0.199046893
2021-05-27,5311.37 ,5378.48 ,5286.05 ,5338.23 ,5328.53 ,14846285500,14846285500,311893.71,87,83.11,55.9562,5253.408,5210.89,5104.099,321917.6834,108.43,102.63986,1.61,5345.54,4926.11,5058,28.93431396,0.178304665,0.003315458,0.499047093,-0.272252633
2021-05-28,5338.73 ,5360.28 ,5288.65 ,5321.09 ,5327.19 ,16460580600,16460580600,330711.9,84.65,83.63,53.2401,5290.796,5231.94,5116.814,334449.3372,114.89,103.682515,0.57,5371.44,4923.27,5096,37.57992326,0.179455551,-0.003211606,0.333052018,-0.751682269
2021-05-31,5318.08 ,5331.63 ,5281.69 ,5331.57 ,5315.74 ,14460326900,14460326900,321450.8,84.3,83.85,49.4951,5325.992,5246.598,5128.512,343036.8702,117.77,102.33795,0.1,5396.12,4919.81,5130,44.0709471,0.179002392,0.00196971,0.196721929,-1.092943291
2021-06-01,5320.47 ,5343.75 ,5269.26 ,5341.68 ,5318.79 ,14383147400,14383147400,321845.84,85.25,84.32,45.1413,5330.632,5262.006,5141.602333,326469.3775,133.08,100.496525,0.21,5418.8,4914.89,5160,52.77693975,0.177241708,0.00189629,0.112217312,-1.339862159
2021-06-02,5348.34 ,5352.64 ,5266.79 ,5289.97 ,5314.44 ,13775431900,13775431900,296176.18,79.85,82.83,32.641,5324.508,5273.776,5152.395333,316415.684,132.97,101.373125,-0.65,5432.05,4918.29,5186,61.58055276,0.178659587,-0.009679764,-0.056693168,-1.460013701
2021-06-03,5285.71 ,5314.37 ,5255.07 ,5255.29 ,5277.61 ,14196887800,14196887800,285448.63,72.21,79.29,17.7891,5307.92,5280.664,5158.004333,311126.6693,142.49,99.56347,-0.99,5438.26,4931.49,5207,71.46316512,0.173903089,-0.00655733,-0.257577914,-1.329638855
2021-06-04,5228.28 ,5334.49 ,5221.23 ,5282.28 ,5266.57 ,14473208700,14473208700,292326.05,66.7,75.09,10.0726,5300.158,5295.477,5164.634667,303449.4998,135.08,100.341005,-0.34,5439.67,4958.71,5221,82.38276686,0.165078971,0.005136105,-0.442446032,-1.080935246
2021-06-07,5284.89 ,5286.84 ,5242.95 ,5277.63 ,5273.08 ,12770497100,12770497100,280463.26,56.42,68.87,3.1715,5289.37,5307.681,5170.597667,295251.9922,139.03,100.33686,-0.22,5435.42,4991.48,5237,90.99200852,0.165123251,-0.000880321,-0.594627522,-0.763449363
2021-06-08,5276.97 ,5319.04 ,5201.14 ,5232.12 ,5257.32 ,13055953200,13055953200,304042.22,43.44,60.39,-8.0791,5267.458,5299.045,5175.360333,291691.2675,139.12,100.85294,-0.67,5427.01,5020.8,5334,95.82082809,0.169434937,-0.008623307,-0.734819774,-0.185610945
2021-06-09,5224.95 ,5253.36 ,5215.35 ,5236.45 ,5232.53 ,12182032100,12182032100,255075.45,36.35,52.38,-15.0863,5256.754,5290.631,5178.727,283471.1218,141.05,97.201045,-0.39,5418.23,5048.77,5332,103.2035617,0.169274451,0.000828116,-0.895909731,0.705196217
2021-06-10,5236.47 ,5299.53 ,5229.52 ,5271.47 ,5259.25 ,13899196700,13899196700,301454.34,39.71,48.16,-15.1151,5259.99,5283.955,5185.201333,286672.2622,142.87,99.07814,0.22,5393.82,5101.02,5329,106.0871836,0.163747088,0.006687127,-0.359287829,-1.157196474
2021-06-11,5275.75 ,5276.10 ,5213.60 ,5224.70 ,5247.54 ,18080717300,18080717300,365363.5,31.66,42.66,-21.1732,5248.474,5274.316,5189.674,301279.7513,132.7,95.3265,-0.45,5385.28,5120.98,5327,102.7687094,0.149353198,-0.008870986,-0.26014122,-1.22910502
2021-06-15,5218.56 ,5225.50 ,5137.41 ,5166.56 ,5187.01 ,14288005800,14288005800,330616.62,25.62,36.98,-32.0958,5226.26,5257.815,5191.251333,311310.4229,133.76,88.46116,-1.14,5386.59,5117.82,5324,96.57819395,0.146670406,-0.011128537,-0.265713305,-1.276139622
2021-06-16,5163.25 ,5164.52 ,5076.02 ,5080.49 ,5121.07 ,12514798500,12514798500,298286.77,17.66,30.54,-48.9864,5195.934,5231.696,5188.462,310159.3339,115.09,88.56772,-2.22,5399.39,5094.31,5317,87.16022926,0.158024002,-0.016658822,-0.579080942,-0.598463053
2021-06-17,5074.38 ,5123.37 ,5073.82 ,5101.89 ,5093.37 ,12045251800,12045251800,281927.28,15.36,25.48,-54.9037,5169.022,5212.888,5187.742,315529.7003,117.49,88.94901,-1.3,5406.02,5080.64,5302,78.57623779,0.158915017,0.004212487,-0.618849939,-0.736955695
2021-06-18,5104.93 ,5128.03 ,5064.92 ,5102.47 ,5100.09 ,14858580500,14858580500,356697.1,15.17,22.04,-56.1651,5135.222,5197.606,5189.120333,326578.2526,100.87,89.6068,-0.64,5412.02,5066.25,5284,73.0632959,0.158439844,0.00011237,-0.590078114,-1.006912656
2021-06-21,5088.09 ,5123.78 ,5058.57 ,5090.39 ,5090.21 ,13218451600,13218451600,331527.12,14.18,19.42,-55.93,5108.36,5178.417,5192.265,319810.9766,90.79,88.21522,-0.35,5416.41,5057.48,5262,66.15002611,0.154742257,-0.002367542,-0.618977766,-1.027578915
2021-06-22,5106.07 ,5125.82 ,5086.28 ,5122.16 ,5110.08 ,13041675300,13041675300,313690.37,18.25,19.03,-49.045,5099.48,5162.87,5196.589667,316425.7263,112.56,88.41775,0.44,5418.51,5052.04,5238,53.0265398,0.155720601,0.006241747,-0.594759439,-1.151446932
2021-06-23,5127.19 ,5171.03 ,5109.76 ,5147.39 ,5138.84 ,13635605800,13635605800,358765.67,24.45,20.84,-39.0758,5112.86,5154.397,5200.734,328521.505,93.39,81.056945,0.68,5409.58,5043.87,5216,41.71526781,0.105143105,0.004926732,-0.381665181,-1.367993239
2021-06-24,5156.56 ,5160.43 ,5120.58 ,5155.97 ,5148.39 ,12668562500,12668562500,312607.42,31.23,24.3,-29.7322,5123.676,5146.349,5204.448,334657.5334,83.57,74.452825,0.63,5398.35,5038.63,5197,30.51654942,0.105563656,0.001666863,-0.190057371,-1.432805437
2021-06-25,5159.80 ,5251.61 ,5157.48 ,5239.97 ,5202.22 ,15493106100,15493106100,368265.64,52.14,33.58,-11.5765,5151.176,5143.199,5212.681333,336971.2424,75.17,76.382665,1.72,5384.83,5042.33,5086,24.93471195,0.122015943,0.016290734,-0.187717132,-1.332506682
2021-06-28,5253.61 ,5260.64 ,5226.22 ,5251.76 ,5248.06 ,13319378300,13319378300,337452.77,66.63,44.6,1.9606,5183.45,5145.905,5217.387,338156.3738,87.76,77.829365,1.32,5374.88,5045.34,5090,19.69751635,0.122198696,0.002250395,-0.194547042,-1.225615631
2021-06-29,5248.52 ,5248.52 ,5182.68 ,5190.54 ,5217.57 ,12516299700,12516299700,314896.84,66.19,51.8,2.57,5197.126,5148.303,5217.572,338397.669,76.54,78.62454,-0.13,5357.7,5048.41,5096,11.15587554,0.127835603,-0.011656263,-0.158072063,-1.136802424
2021-06-30,5189.38 ,5231.43 ,5186.63 ,5224.04 ,5207.87 ,10375267100,10375267100,281015.51,71.42,58.34,7.1284,5212.456,5162.658,5218.786667,322847.6367,83.44,77.3373,0.22,5337.95,5056.41,5103,7.301451759,0.130348941,0.006453369,-0.375500988,-1.339197938
2021-07-01,5241.20 ,5252.26 ,5190.88 ,5229.66 ,5228.50 ,12724062000,12724062000,324097.4,75.84,64.17,10.3484,5227.194,5175.435,5220.699667,325145.6322,140.46,76.3265,0.05,5329.02,5059.3,5109,5.655314171,0.126463462,0.001076408,-0.42376964,-1.292785019
2021-07-02,5186.66 ,5186.66 ,5074.36 ,5081.12 ,5132.20 ,13042642400,13042642400,342578.96,51.77,60.04,-7.1393,5195.424,5173.3,5217.19,320008.2962,95.12,78.9766,-2.2,5326.07,5044.84,5252,-4.685451537,0.160517925,-0.028404692,-0.240280059,-1.470594921
2021-07-05,5073.78 ,5098.23 ,5048.00 ,5085.79 ,5076.45 ,13121158900,13121158900,335197.79,40.44,53.5,-17.118,5162.23,5172.84,5215.578,319557.2992,79.39,75.824885,-1.48,5315.21,5036.05,5249,-14.04291396,0.158838055,0.000920113,-0.099606511,-1.609030776
2021-07-06,5089.78 ,5092.21 ,5028.51 ,5083.10 ,5073.40 ,14065522000,14065522000,362828.9,34.8,47.27,-22.7676,5140.742,5168.934,5213.161667,329143.711,72.9,75.72926,-1.12,5302.64,5029.17,5241,-20.79137826,0.15887279,-0.000528551,0.032477025,-1.703263798
2021-07-07,5052.42 ,5152.77 ,5045.41 ,5140.49 ,5097.77 ,14854906000,14854906000,336731.4,39.28,44.6,-17.6874,5124.032,5168.244,5207.228667,340286.8907,69.69,76.047515,0.32,5294.82,5027.82,5228,-24.54977935,0.163234591,0.011289479,0.203750039,-1.556624173
2021-07-08,5149.31 ,5151.22 ,5078.93 ,5088.26 ,5116.93 ,17390100800,17390100800,397879.87,34.77,41.32,-20.0994,5095.752,5161.473,5199.484333,355043.3846,63.86,78.727335,-0.15,5286.29,5021.53,5216,-32.48276538,0.166374095,-0.010161152,0.419547896,-1.373191575
2021-07-09,5063.15 ,5081.41 ,5006.41 ,5069.44 ,5055.10 ,16065322600,16065322600,352845.58,31.72,38.12,-22.7707,5093.416,5144.42,5190.524667,357096.7091,71.84,78.268225,-0.47,5269.06,5018.56,5205,-38.62197211,0.163728798,-0.003698811,0.507634464,-1.304646731
2021-07-12,5108.38 ,5159.41 ,5070.32 ,5132.71 ,5117.71 ,20621203900,20621203900,437203.15,38.27,38.17,-14.9351,5102.8,5132.515,5184.245333,377497.781,88.71,82.792985,0.59,5258.57,5019.85,5189,-38.38341851,0.169109934,0.012481211,0.697993473,-0.856752653
2021-07-13,5128.61 ,5154.05 ,5114.94 ,5142.10 ,5134.93 ,16648220900,16648220900,361328.49,43.91,40.09,-7.7677,5114.6,5127.671,5177.929667,377197.6989,86.5,82.57493,0.54,5256.67,5019.3,5174,-33.38383758,0.164850803,0.001829502,0.773061035,-0.722724559
2021-07-14,5130.75 ,5130.75 ,5075.13 ,5083.08 ,5104.93 ,18835272000,18835272000,372568.11,43.45,41.21,-10.1086,5103.118,5113.575,5169.309667,384365.0403,85.48,80.93143,-0.39,5256.54,5019.69,5161,-32.6550207,0.158791516,-0.011476675,0.777770591,-0.71727408
2021-07-15,5073.26 ,5153.81 ,5067.68 ,5151.46 ,5111.55 ,18107710300,18107710300,372484.08,60.57,47.66,-2.0026,5115.758,5105.755,5164.692667,379285.8826,79.66,82.760675,0.7,5257.9,5023.29,5068,-28.57242467,0.165186903,0.013452008,0.673832279,-0.77341936
2021-07-16,5140.90 ,5140.90 ,5090.63 ,5094.77 ,5116.80 ,16995598200,16995598200,362594.26,59.63,51.65,-3.7325,5120.824,5107.12,5159.342,381235.6174,73.57,83.266535,-0.51,5258.09,5022.33,5070,-26.92443843,0.170208939,-0.011004622,0.674118555,-0.791909472
2021-07-19,5083.73 ,5120.82 ,5047.62 ,5113.49 ,5091.42 ,15319958900,15319958900,340322.62,63.08,55.46,-1.9031,5116.98,5109.89,5153.715667,361859.513,95.49,83.6659,-0.07,5257.63,5025.1,5048,-26.01140651,0.170478474,0.003674708,0.667473237,-0.740681082
2021-07-20,5080.22 ,5114.00 ,5067.86 ,5108.99 ,5092.77 ,12930004400,12930004400,283543.13,64.4,58.44,-0.8981,5110.358,5112.479,5148.094333,346302.4408,102.59,83.62246,-0.03,5257.58,5023.84,5050,-26.63082119,0.169023337,-0.000880103,0.686837841,-0.755069685
2021-07-21,5122.78 ,5160.54 ,5122.30 ,5144.04 ,5137.42 ,16797646900,16797646900,390275.52,72.7,63.2,4.5875,5122.55,5112.834,5145.158333,349843.9226,118.64,84.01883,0.42,5257.38,5023.7,5052,-25.89583013,0.169919347,0.006860196,0.696863721,-0.742340966
2021-07-22,5150.39 ,5171.21 ,5137.88 ,5151.75 ,5152.81 ,18555686400,18555686400,418221.66,76.55,67.65,9.0939,5122.608,5119.183,5142.335,358991.4373,131.35,83.930205,0.57,5257.06,5023.59,5056,-29.01187362,0.169898127,0.001498607,0.710084802,-0.720206502
2021-07-23,5145.43 ,5145.43 ,5080.00 ,5089.23 ,5115.02 ,21653684700,21653684700,435521.17,62.26,65.85,3.7658,5121.5,5121.162,5136.260333,373576.8197,111.43,80.65072,-0.63,5241.64,5023.94,5063,-35.68788994,0.163752663,-0.012136357,0.933395509,-0.084981499
2021-07-26,5067.31 ,5067.31 ,4859.60 ,4925.30 ,4979.88 ,22811171000,22811171000,495153.66,48.53,60.08,-20.3991,5083.862,5100.421,5126.280333,404543.0259,142.1,85.877855,-3.12,5246.12,4986.82,5171,-47.16577044,0.196975654,-0.032211014,-0.86866813,3.330143658
2021-07-27,4924.28 ,4940.86 ,4749.03 ,4751.31 ,4841.37 ,23663122500,23663122500,521146.12,32.54,50.9,-56.3414,5012.326,5061.342,5112.438667,452063.6232,140.71,92.17683,-5.21,5298.7,4890.31,5165,-68.44388192,0.227327759,-0.035324962,-2.19147089,6.664147818
2021-07-28,4714.29 ,4785.66 ,4663.90 ,4760.48 ,4731.08 ,19263439300,19263439300,419706.16,28.04,43.28,-74.2753,4935.614,5029.082,5101.771667,457949.7504,132.48,95.827165,-3.55,5315.03,4827.63,5148,-88.48076782,0.225025983,0.001929909,-1.921925814,3.370647281
2021-07-29,4845.76 ,4857.97 ,4800.01 ,4850.27 ,4838.50 ,17332205400,17332205400,415676.12,30.94,39.16,-69.5224,4875.318,4998.963,5093.384333,457440.6436,148.07,102.248705,-0.51,5303.13,4801.59,5119,-95.59885943,0.239201274,0.018861953,-1.693842043,1.682759413
2021-07-30,4825.70 ,4825.70 ,4761.04 ,4811.17 ,4805.90 ,18234977600,18234977600,420943.94,30.3,36.21,-67.0915,4819.706,4970.603,5083.674333,454525.1967,140.57,99.866875,-0.18,5311.24,4766.48,5092,-104.5500615,0.221039045,-0.008062451,-1.315690024,0.197639622
2021-08-02,4794.82 ,4938.82 ,4761.46 ,4933.74 ,4857.21 ,22719491800,22719491800,524659.45,37.93,36.78,-45.4558,4821.394,4952.628,5078.452667,460426.3555,149.74,106.24444,2.33,5306.6,4755.92,5066,-106.7909734,0.242086353,0.025475407,-1.117827355,-0.266898441
2021-08-03,4909.23 ,4957.03 ,4890.85 ,4934.46 ,4922.89 ,20353336000,20353336000,471194.13,43.06,38.88,-28.3657,4858.024,4935.175,5072.196,450435.9578,137.06,112.83789,1.57,5301.29,4746.37,5042,-111.7530047,0.242134788,0.0001464,-0.93650906,-0.62181009
2021-08-04,4927.74 ,4979.29 ,4919.66 ,4978.85 ,4951.39 ,17546646100,17546646100,425801.41,50.51,42.76,-9.3822,4901.698,4918.656,5066.578,451655.0081,164.45,111.046705,1.57,5288.27,4743.22,5025,-111.6357895,0.240683757,0.008995841,-0.829165987,-0.714619278
2021-08-05,4946.17 ,4997.14 ,4921.94 ,4948.67 ,4953.48 ,16738182900,16738182900,398772.21,57.2,47.57,0.2965,4921.378,4898.348,5059.668,448274.2252,166.27,109.63027,0.55,5280.62,4736.91,5009,-112.09229,0.239163698,-0.006061161,-0.679906885,-0.882449525
2021-08-06,4943.04 ,4944.35 ,4891.80 ,4921.56 ,4925.19 ,15417968800,15417968800,371773.6,63.91,53.02,4.027,4943.456,4881.581,5049.054333,438440.159,147.36,108.508005,-0.44,5274.32,4728.42,4995,-117.0448805,0.239476957,-0.00547735,-0.511389579,-1.076629469
2021-08-09,4890.26 ,5002.89 ,4884.04 ,4985.56 ,4940.69 ,18243687100,18243687100,408897.06,74.24,60.09,15.4534,4953.82,4887.607,5040.181,415287.6817,158.96,106.800765,0.64,5259.9,4728.13,5003,-119.0194565,0.239880248,0.013003588,-0.425057756,-1.014550138
2021-08-10,4977.82 ,5043.76 ,4941.24 ,5043.15 ,5001.49 ,16705190200,16705190200,410098.76,82.75,67.64,30.251,4975.558,4916.791,5035.268,403068.6072,149.95,110.600245,1.36,5246.91,4731.22,4884,-115.0653287,0.244045402,0.011550411,-0.423478077,-0.901222097
2021-08-11,5037.08 ,5059.79 ,5009.98 ,5015.34 ,5030.55 ,18226607400,18226607400,373386.35,83.54,72.94,35.417,4982.856,4942.277,5028.311333,392585.5953,165.34,113.746335,0.65,5240.08,4731.28,4887,-116.1181622,0.241510723,-0.005513897,-0.375220553,-0.832109775
2021-08-12,4998.07 ,5016.26 ,4962.98 ,4973.35 ,4987.67 ,16822373300,16822373300,361828.38,79.37,75.09,32.3846,4987.792,4954.585,5019.767667,385196.8303,145.95,112.10378,-0.29,5218.91,4734.64,4894,-116.3833441,0.237055058,-0.008372253,-0.339702994,-0.662773142
2021-08-13,4958.76 ,4993.74 ,4921.28 ,4945.98 ,4954.94 ,15831432100,15831432100,352459.07,64.66,71.61,26.1648,4992.676,4968.066,5015.263,381333.9234,137.18,112.065515,-0.94,5205.27,4733.4,4901,-118.9397569,0.234975318,-0.00550293,-0.216257206,-0.520365271
2021-08-16,4935.92 ,4973.38 ,4931.37 ,4941.07 ,4945.44 ,16195337300,16195337300,340735.12,53.92,65.71,21.0804,4983.778,4968.799,5010.439,367701.5348,130.87,111.010255,-0.86,5186.87,4734.56,4907,-121.3890941,0.234201571,-0.000993796,-0.11297059,-0.244254587
2021-08-17,4935.00 ,4967.56 ,4823.39 ,4837.40 ,4890.84 ,18757347200,18757347200,388457.13,37.92,56.45,4.3207,4942.628,4959.093,5002.249,363373.21,125.6,114.899885,-2.13,5168.37,4725.9,5016,-130.6516094,0.244140292,-0.020980122,0.068808155,-0.145204308
2021-08-18,4838.47 ,4909.54 ,4818.90 ,4894.24 ,4865.29 ,19747437800,19747437800,395792.17,35.71,49.54,1.5988,4918.408,4950.632,4994.040667,367854.3737,128.24,114.797725,-0.49,5136.42,4732.87,5012,-136.9946939,0.247243783,0.011749072,0.062360224,0.234502996
2021-08-19,4886.56 ,4893.47 ,4839.57 ,4862.14 ,4870.44 ,20171171900,20171171900,397424.97,29.79,42.95,-3.5375,4896.166,4941.979,4986.503333,374973.6903,135.54,116.08076,-0.69,5096.27,4744.06,5005,-141.4993992,0.247178929,-0.006558528,-0.262079318,-0.109391492
2021-08-20,4817.49 ,4835.15 ,4720.83 ,4769.27 ,4785.69 ,17763581000,17763581000,404938.04,24.62,36.84,-17.666,4860.824,4926.75,4976.497667,385469.4836,134.07,118.52545,-1.88,5073.61,4734.72,4997,-142.2259892,0.251946171,-0.019100974,-0.452011999,-0.673282461
2021-08-23,4777.73 ,4843.82 ,4764.01 ,4835.88 ,4805.36 ,16757909300,16757909300,389599.13,27.73,33.81,-16.2946,4839.786,4911.782,4966.603333,395242.2848,136.08,114.289925,-0.08,5071.49,4727.89,4981,-130.8864298,0.233203631,0.013966588,-0.2902667,-0.895593647
2021-08-24,4844.59 ,4906.20 ,4842.75 ,4888.39 ,4870.48 ,19788316300,19788316300,417481.43,37.39,35,-7.0425,4849.984,4896.306,4958.146333,401047.1437,124.79,111.808295,0.79,5063.74,4749.36,4965,-117.9467283,0.196118644,0.010858834,-0.277067743,-0.628181455
2021-08-25,4890.52 ,4899.77 ,4865.76 ,4898.16 ,4888.55 ,18944801600,18944801600,371868.2,46.59,38.86,1.225,4850.768,4884.588,4951.982333,396262.3501,141.56,108.57138,0.98,5054.97,4771.9,4950,-109.6552619,0.196121118,0.001997999,-0.190745413,-0.40787895
2021-08-26,4892.20 ,4892.20 ,4798.70 ,4801.61 ,4846.18 ,19761738700,19761738700,368987.72,41.72,39.82,-5.1311,4838.662,4867.414,4940.320667,390574.9008,114.81,103.54333,-0.77,5058.65,4763.35,4937,-104.6505038,0.198897993,-0.019711046,-0.224728866,-0.599105283
2021-08-27,4794.97 ,4863.47 ,4793.59 ,4827.04 ,4819.77 ,18331021100,18331021100,368421.41,42.16,40.6,-4.7391,4850.216,4855.52,4931.396333,383271.5757,131.64,103.80412,-0.48,5057.34,4766.25,4926,-104.7526136,0.197792002,0.005296953,-0.209801252,-0.542914738
2021-08-30,4847.03 ,4849.16 ,4787.20 ,4813.27 ,4824.17 ,21963575700,21963575700,477182.07,44.44,41.88,-5.1305,4845.694,4842.74,4921.389,400788.1648,134.47,98.013225,-0.67,5057.34,4754.2,4918,-105.5743829,0.174466231,-0.0028533,-0.050165481,-0.857446331
2021-08-31,4803.09 ,4821.76 ,4740.75 ,4805.61 ,4792.80 ,23511865800,23511865800,460805.65,44.87,42.87,-5.2009,4829.138,4839.561,4911.276333,409453.0104,125.61,92.284935,-0.49,5056.61,4742.05,4908,-108.9575638,0.174392669,-0.001591517,0.105159636,-1.050227685
2021-09-01,4804.69 ,4906.40 ,4763.30 ,4869.46 ,4835.96 ,32672108000,32672108000,568819.75,56.61,47.45,4.0726,4823.398,4837.083,4902.123667,448843.3206,105.66,96.145355,0.95,5047.05,4740.67,4906,-107.4702656,0.178315957,0.013286305,0.283349675,-0.797979069
2021-09-02,4865.82 ,4892.70 ,4845.62 ,4869.41 ,4868.39 ,26785801300,26785801300,465954.13,63.63,52.85,10.5514,4836.958,4837.81,4892.712333,468236.6034,111.41,98.7415,0.67,5041.2,4738.59,4893,-104.7044223,0.177371843,-9.73E-06,0.444611937,-0.585737666
2021-09-03,4875.07 ,4886.55 ,4828.70 ,4843.06 ,4858.35 ,26809189600,26809189600,466430.12,63.01,56.23,11.558,4840.162,4845.189,4884.506667,487838.3453,94.06,99.00634,0.06,5037.89,4734.05,4887,-106.5942162,0.177348665,-0.005411106,0.593717668,-0.495230727
2021-09-06,4841.06 ,4944.45 ,4837.79 ,4933.73 ,4889.26 ,24050724500,24050724500,452756.28,73.58,62.02,23.9916,4864.254,4854.974,4884.787667,482953.186,111.93,98.85111,1.43,5029.82,4736.94,4763,-106.7355954,0.18412011,0.018720345,0.650056001,-0.143790706
2021-09-07,4932.98 ,5005.96 ,4915.61 ,4992.83 ,4961.85 ,24417851900,24417851900,417759.64,80.74,68.26,38.8514,4901.698,4865.418,4892.838333,474343.9831,100.23,99.273765,1.86,5017.12,4744.61,4767,-102.5243756,0.18449263,0.011979424,0.418346977,-0.647959684
2021-09-08,4986.80 ,5013.98 ,4955.89 ,4972.13 ,4982.20 ,26461531500,26461531500,428591.08,82.05,72.86,44.1792,4922.232,4872.815,4899.893333,446298.2489,106.53,98.26455,1.01,5007.12,4750.28,4776,-97.45908183,0.184059642,-0.004145345,0.242597801,-0.939282275
2021-09-09,4952.49 ,4970.15 ,4929.95 ,4970.01 ,4955.65 ,25653021700,25653021700,401675.69,82.67,76.13,45.5238,4942.352,4889.655,4903.884667,433442.5602,109.61,97.610505,0.56,5006.45,4750.62,4791,-91.38460773,0.181637528,-0.000426195,0.23485688,-0.940931377
2021-09-10,4967.98 ,5042.80 ,4962.37 ,5013.52 ,4996.67 ,28830435200,28830435200,472762.53,85.22,79.16,50.0218,4976.444,4908.303,4910.629667,434709.0429,85.52,99.62987,0.75,5020.45,4743.38,4804,-83.19266235,0.182959708,0.008754222,0.401046164,-0.790006752
2021-09-13,5006.77 ,5029.72 ,4964.96 ,4991.66 ,4998.28 ,24991529800,24991529800,433329.63,84.05,80.79,47.8028,4988.03,4926.142,4912.560333,430823.7134,100.46,100.392775,0.07,5029.23,4739.65,4823,-71.32020923,0.18375967,-0.004360627,0.406598666,-0.966061045
2021-09-14,4989.83 ,5000.98 ,4907.32 ,4917.16 ,4953.82 ,24559040200,24559040200,417245.83,69.8,77.13,34.6625,4972.896,4937.297,4911.983667,430720.9517,98.76,97.867215,-1.12,5032.15,4744.71,4841,-66.60803377,0.175200375,-0.014924515,0.25244727,-0.993668726
2021-09-15,4903.85 ,4903.85 ,4843.12 ,4867.32 ,4879.54 ,18798473000,18798473000,363256.65,52.55,68.93,18.4341,4951.934,4937.083,4908.266,417654.0669,88.72,96.3718,-1.71,5031.08,4743.09,4843,-63.01866708,0.174411868,-0.010136539,0.311822156,-0.986593303
2021-09-16,4866.79 ,4879.53 ,4806.14 ,4807.70 ,4840.04 ,21675209900,21675209900,393517.27,35.25,57.71,-0.1693,4919.472,4930.912,4903.567,416022.3825,67.7,96.312835,-2.27,5032.35,4736.38,5030,-57.94623373,0.178314402,-0.012249229,0.339991262,-1.105418564
2021-09-17,4797.11 ,4857.96 ,4786.09 ,4855.94 ,4824.28 ,20195812700,20195812700,360397.42,32.57,49.33,-5.519,4887.956,4932.2,4901.379667,393549.3599,63.34,94.18999,-0.65,5027.27,4750.12,5025,-54.04582204,0.167493538,0.010034408,0.46933771,-1.098803575
2021-09-22,4770.73 ,4830.85 ,4765.23 ,4821.77 ,4797.15 ,19122037600,19122037600,311952.99,28.5,42.39,-12.787,4853.978,4921.004,4895.92,369274.0323,62.77,91.321285,-0.66,5027.83,4748.15,5016,-54.67466594,0.162399218,-0.007037298,0.464221723,-1.126837488
2021-09-23,4848.22 ,4877.34 ,4837.56 ,4853.20 ,4854.08 ,22815106400,22815106400,362140.92,29.57,38.11,-12.4742,4841.186,4907.041,4889.588333,358253.05,73.2,89.81684,0.25,5026.93,4745.53,5001,-54.18900764,0.159239653,0.006517983,0.532064882,-1.120473012
2021-09-24,4845.64 ,4897.06 ,4838.54 ,4849.43 ,4857.67 ,20769329000,20769329000,361849.45,29.82,35.35,-11.8908,4837.608,4894.771,4884.058,357971.6099,49.43,89.94109,0.24,5025.31,4742.27,4987,-49.08864226,0.158999235,-0.000776396,0.629235921,-1.073231865
2021-09-27,4870.85 ,4922.56 ,4852.20 ,4877.37 ,4880.75 ,21596703000,21596703000,426083.03,34.01,34.9,-7.0938,4851.542,4885.507,4880.858667,364484.7615,40.17,89.46701,0.53,5023.79,4751.37,4973,-44.11788515,0.142708878,0.005761938,0.622774508,-1.015754861
2021-09-28,4869.08 ,4901.31 ,4846.63 ,4883.83 ,4875.21 ,17689088000,17689088000,321272.19,39.45,36.42,-2.6328,4857.12,4872.538,4878.787,356659.7158,61.83,88.70713,0.55,5023.65,4757.19,4961,-38.38410589,0.141741647,0.001324115,0.567196958,-0.966110149
2021-09-29,4846.02 ,4868.07 ,4799.88 ,4833.93 ,4836.98 ,18817136600,18817136600,331841.77,40.85,37.9,-5.8037,4859.552,4856.765,4875.215667,360637.4715,37.13,89.018675,-0.53,5022.47,4760.44,4953,-35.04899059,0.146491751,-0.010217375,0.601929366,-0.935481844
2021-09-30,4843.95 ,4876.07 ,4843.95 ,4866.38 ,4857.59 ,14611389600,14611389600,283254.69,48.67,41.49,-3.068,4862.188,4851.687,4876.181667,344860.2246,66.38,88.778265,0.09,5019.82,4769.16,4941,-33.45034606,0.148079316,0.006713898,0.672460303,-0.862736052
2021-10-08,4915.73 ,4937.09 ,4891.62 ,4929.94 ,4918.60 ,16896807700,16896807700,343635.84,64.39,49.12,7.2042,4878.29,4857.949,4877.371667,341217.501,51.54,85.1527,1.06,5023.22,4771.81,4800,-28.75134876,0.147830493,0.013060687,0.520137701,-1.031762541
2021-10-11,4941.29 ,4983.73 ,4930.71 ,4936.19 ,4947.98 ,16351162400,16351162400,315186.32,69.01,55.75,14.3305,4890.054,4870.798,4879.84,319038.1602,58.19,83.28764,0.94,5026.96,4774.75,4803,-22.65731132,0.147828153,0.001267946,0.357143388,-1.172901717
2021-10-12,4920.66 ,4925.49 ,4840.77 ,4883.84 ,4892.69 ,16807933700,16807933700,299424.24,61.23,57.58,11.5993,4890.056,4873.588,4883.659,314668.5697,54.84,84.631125,-0.13,5026.36,4779.43,4810,-24.01891076,0.151812846,-0.010606334,0.317204953,-1.079481448
2021-10-13,4880.14 ,4953.37 ,4869.83 ,4940.11 ,4910.86 ,13114281300,13114281300,280044.67,66.24,60.46,16.6701,4911.292,4885.422,4887.133333,304309.1494,54.51,84.47384,0.59,5027.05,4779.38,4817,-25.45399022,0.142375633,0.011522088,0.30268145,-1.111531681
2021-10-14,4934.26 ,4953.92 ,4903.25 ,4913.61 ,4926.26 ,11955701300,11955701300,249151.67,64.78,61.9,15.7628,4920.738,4891.463,4887.974,297488.5457,51.61,80.269725,-0.14,5015.87,4782.63,4823,-27.10729571,0.136400559,-0.005363566,0.377214938,-0.767387029
2021-10-15,4896.56 ,4939.82 ,4881.01 ,4932.11 ,4912.38 ,14282200100,14282200100,300728.49,67.16,63.66,16.8638,4921.172,4899.731,4889.105667,288907.0769,35.11,78.291585,0.22,5009.91,4784.59,4830,-27.64717592,0.136710606,0.003764257,0.421830954,-0.487111701
2021-10-18,4922.51 ,4922.51 ,4844.94 ,4874.78 ,4891.19 ,14124519900,14124519900,302539.44,58.35,61.89,9.4489,4908.89,4899.472,4891.544667,286377.7015,84.78,80.16051,-0.69,5000.14,4784.84,4835,-33.20214713,0.142463044,-0.011624461,0.630492886,0.093961828
2021-10-19,4869.39 ,4928.14 ,4868.81 ,4922.72 ,4897.27 ,13526649300,13526649300,282928.24,58.01,60.6,10.4997,4916.666,4903.361,4894.734,283078.5025,86.72,78.678295,0.12,4980.74,4795.15,4840,-34.98886977,0.143476435,0.00983592,0.289831684,-0.228939467
2021-10-20,4926.77 ,4944.02 ,4898.37 ,4910.18 ,4919.84 ,14153318300,14153318300,279747.73,54.86,58.68,9.0581,4910.68,4910.986,4897.964333,283019.1157,84.58,79.071195,-0.01,4963.75,4804,4844,-33.58828128,0.143039741,-0.002547086,-0.218156194,-0.983562933
2021-10-21,4914.74 ,4946.18 ,4893.85 ,4928.02 ,4920.70 ,14889815400,14889815400,274802.96,56.92,58.09,9.987,4913.562,4917.15,4902.044667,288149.3749,83.82,77.004325,0.29,4965.39,4803.45,4848,-28.87402222,0.133461852,0.003631432,-0.210846064,-1.037140113
2021-10-22,4934.87 ,4989.89 ,4934.87 ,4959.73 ,4954.84 ,14392622800,14392622800,289252.61,64.54,60.24,14.1004,4919.086,4920.129,4905.053667,285854.1991,69.73,78.769485,0.83,4976.21,4801.87,4854,-19.82894111,0.129420382,0.006434598,-0.218570257,-1.012756674
2021-10-25,4940.90 ,4981.65 ,4930.11 ,4979.52 ,4958.05 ,14186149000,14186149000,299408.23,73.97,64.82,18.4407,4940.034,4924.462,4908.724,285227.9566,73.92,77.67706,0.8,4984.92,4810.34,4865,-12.65832905,0.119842553,0.003991773,0.016921289,-0.900613694
2021-10-26,4983.24 ,5002.57 ,4953.48 ,4963.10 ,4975.60 ,14088894300,14088894300,301786.23,74.3,67.98,18.0319,4948.11,4932.388,4912.725333,288999.5538,77.9,77.70667,0.3,4992.62,4813.35,4875,-4.958867599,0.116989927,-0.003298529,-0.155517509,-0.917801325
2021-10-27,4949.23 ,4949.23 ,4884.94 ,4898.16 ,4920.39 ,14711159300,14711159300,299460.47,60.79,65.58,8.4339,4945.706,4928.193,4911.539667,292942.1012,83.16,77.63995,-0.96,4987.98,4825.63,4885,-2.462489219,0.124409019,-0.013083359,-0.055583639,-0.847278786
2021-10-28,4882.59 ,4898.66 ,4846.28 ,4864.14 ,4872.92 ,15664947200,15664947200,316631.71,44.59,58.58,-2.4932,4932.93,4923.246,4907.25,301307.8506,54.14,74.653645,-1.39,4987.14,4827.57,5003,-1.603849758,0.125390661,-0.006946766,-0.033881274,-0.795644024
2021-10-29,4861.27 ,4908.77 ,4855.76 ,4908.77 ,4883.64 ,15988735300,15988735300,368731.99,43.05,53.41,-3.6364,4922.738,4920.912,4905.138,317203.7256,67.97,74.80313,-0.28,4985.31,4835.33,4999,0.04635773,0.129331357,0.009175747,-0.089534276,-0.450833694
2021-11-01,4878.13 ,4908.21 ,4858.25 ,4890.69 ,4883.82 ,17158397400,17158397400,379730.77,38.17,48.33,-6.5831,4904.972,4922.503,4902.494,333268.2327,60.49,73.224075,-0.29,4984.97,4837,4996,0.386894843,0.128695975,-0.003684222,-0.120634965,-0.311774764
2021-11-02,4886.18 ,4911.23 ,4797.90 ,4839.85 ,4858.79 ,18543768800,18543768800,385731.88,32.28,42.98,-14.6719,4880.322,4914.216,4896.705,350057.3627,55.45,76.156415,-0.83,4988.56,4829.02,4993,0.663430101,0.133934067,-0.010395149,-0.22559748,-0.522248228
2021-11-03,4835.81 ,4858.71 ,4804.37 ,4821.11 ,4830.00 ,14276382000,14276382000,302269.94,25.3,37.09,-21.4293,4864.912,4905.309,4891.02,350619.2558,62.71,75.78759,-0.9,4990.61,4825.68,4986,-1.633276404,0.129570587,-0.003870743,-0.364668634,-0.235457221
2021-11-04,4841.09 ,4873.94 ,4834.74 ,4868.74 ,4854.63 ,13259297000,13259297000,308688.06,28.4,34.19,-18.4778,4865.832,4899.381,4889.406,349030.5248,61.14,75.456485,0.06,4990.49,4826.04,4978,-4.611562584,0.132215918,0.009879464,-0.367690228,-0.206699935
2021-11-05,4858.90 ,4889.68 ,4841.74 ,4842.35 ,4858.17 ,14778935900,14778935900,312070.84,26.18,31.52,-19.0012,4852.548,4887.643,4888.573667,337698.2956,43.55,73.54656,-0.21,4990.46,4817.31,4971,-9.073284454,0.124204602,-0.005421544,-0.190326568,-0.624013848
2021-11-08,4841.15 ,4866.08 ,4827.69 ,4848.18 ,4845.78 ,13739826400,13739826400,295893.82,28.53,30.52,-17.5194,4844.046,4874.509,4889.923,320930.9069,58.18,70.860985,0.09,4988.07,4810.9,4964,-10.40249023,0.124190216,0.001204726,0.01563326,-0.793159355
2021-11-09,4858.25 ,4870.79 ,4818.54 ,4846.74 ,4848.58 ,11837552600,11837552600,261645.07,33.38,31.48,-15.7465,4845.424,4862.873,4889.616333,296113.544,58.14,69.237665,0.03,4989.1,4806.16,4958,-14.55059072,0.118711674,-0.000296008,0.062116814,-0.997957081
2021-11-10,4832.80 ,4832.80 ,4754.00 ,4821.19 ,4810.20 ,13511817900,13511817900,301058.97,36.5,33.15,-16.9255,4845.44,4855.176,4889.597,295871.3503,65.19,67.547655,-0.5,4986.91,4796.46,4952,-18.44405118,0.11120769,-0.005271972,0.190110287,-0.953248681
2021-11-11,4814.77 ,4898.65 ,4809.11 ,4898.65 ,4855.30 ,16048486300,16048486300,323624.63,55,40.43,-6.7065,4851.422,4858.627,4891.112,298858.6646,59.65,70.575885,0.97,4985.67,4796.2,4940,-19.19462362,0.125461552,0.016066647,0.240108587,-0.885772279
2021-11-12,4902.93 ,4909.08 ,4875.35 ,4888.37 ,4893.93 ,13266296900,13266296900,271773.25,65.15,48.67,-1.0626,4860.626,4856.587,4892.41,290799.1452,52.17,72.63445,0.57,4981.48,4796.02,4929,-17.55491244,0.12476153,-0.002098128,0.372381037,-0.6253655
2021-11-15,4894.41 ,4906.33 ,4863.40 ,4882.38 ,4886.63 ,12182314900,12182314900,272997.75,71.03,56.13,1.9677,4867.466,4855.756,4892.577,286219.9302,48.18,70.902385,0.31,4981.68,4796.58,4918,-18.69444182,0.117571851,-0.001226829,0.348623194,-0.618034035
2021-11-16,4880.90 ,4915.37 ,4876.50 ,4883.32 ,4889.02 ,12725440600,12725440600,284094.59,74.07,62.11,4.0812,4874.782,4860.103,4892.56,290709.8353,48.52,69.34092,0.18,4978.37,4795.95,4915,-19.10291973,0.111856046,0.000193123,0.48485024,-0.375260938
2021-11-17,4883.25 ,4891.52 ,4864.52 ,4885.75 ,4881.26 ,10845922300,10845922300,246177.92,76.59,66.93,5.69,4887.694,4866.567,4894.287333,279733.6255,52.35,66.93054,-0.04,4976.5,4795.37,4909,-20.26083374,0.111602566,0.00049839,0.577555248,-0.217817416
2021-11-18,4871.42 ,4871.42 ,4830.41 ,4837.62 ,4852.72 ,11448056500,11448056500,244484.71,68.33,67.4,0.432,4875.488,4863.455,4893.328667,263905.643,49.42,66.36481,-0.78,4972.16,4790.67,4906,-25.35313706,0.115629918,-0.009852296,0.790049159,0.102292704
2021-11-19,4832.06 ,4892.81 ,4829.57 ,4890.06 ,4861.13 ,12719831200,12719831200,266280.68,73.66,69.49,3.9809,4875.826,4868.226,4891.999333,262807.1305,39.06,64.725225,0.29,4961.05,4794.82,4900,-28.5587802,0.120253729,0.010839838,0.917546354,1.046350537
2021-11-22,4895.39 ,4919.00 ,4893.27 ,4912.40 ,4905.02 ,13809283600,13809283600,316148.81,81.11,73.36,9.0129,4881.83,4874.648,4891.206333,271437.343,57.2,66.61979,0.63,4944.85,4804.3,4830,-29.66581119,0.120567873,0.00456876,0.479419109,0.604792423
2021-11-23,4905.76 ,4927.52 ,4896.88 ,4913.35 ,4910.88 ,15430441100,15430441100,301022.15,83.42,76.71,11.9601,4887.836,4881.309,4892.19,274822.854,55.35,64.709055,0.52,4931.92,4812.27,4831,-27.42345563,0.120196313,0.000192716,-0.333283249,-1.179940095
2021-11-24,4914.03 ,4935.49 ,4899.61 ,4916.66 ,4916.45 ,13715067300,13715067300,289707.34,83.02,78.81,13.7199,4894.018,4890.856,4891.408333,283528.7382,47.66,63.42532,0.46,4935.07,4810.96,4835,-23.42628785,0.110502033,0.000674123,-0.259431861,-1.198433453
2021-11-25,4917.61 ,4921.33 ,4891.73 ,4896.44 ,4906.78 ,11598403100,11598403100,255450.99,76.39,78.01,11.6088,4905.782,4890.635,4890.836,285721.9943,47.44,62.2866,-0.19,4937.39,4811.87,4841,-22.87139846,0.10849748,-0.004111797,-0.396871884,-1.200726834
2021-11-26,4886.95 ,4886.95 ,4850.81 ,4860.13 ,4871.21 ,12036897400,12036897400,243041.34,60.54,72.19,5.102,4899.796,4887.811,4888.436667,281074.1251,52.93,60.969,-0.81,4933.13,4811.27,4847,-23.25575854,0.106599583,-0.007416631,-0.255545723,-1.170926872
2021-11-29,4820.01 ,4858.53 ,4818.71 ,4851.42 ,4837.17 ,13362686200,13362686200,285995.22,49.7,64.69,-0.3078,4887.6,4884.715,4887.658,275043.4071,43.22,60.338005,-0.74,4931.19,4809.28,4935,-21.51410561,0.106056951,-0.001790797,-0.071819056,-1.225595532
2021-11-30,4857.18 ,4871.25 ,4810.22 ,4832.03 ,4842.67 ,12963059600,12963059600,279268.23,38.94,56.11,-6.1087,4871.336,4879.586,4884.635,270692.6247,45.43,57.723305,-0.81,4931.71,4807.98,4933,-19.89269533,0.100269895,-0.003998208,-0.081311103,-1.264871532
2021-12-01,4831.89 ,4844.52 ,4823.93 ,4843.85 ,4836.05 ,12308678900,12308678900,255968.91,34.91,49.04,-7.8534,4856.774,4875.396,4882.424,263944.9396,45.25,56.39784,-0.27,4929.84,4812.12,4928,-20.14260556,0.099603466,0.002447214,0.001969636,-1.274908365
2021-12-02,4839.91 ,4866.85 ,4830.32 ,4856.16 ,4848.31 ,14808852100,14808852100,278051.73,35.5,44.52,-6.8838,4848.718,4877.25,4880.028667,268465.086,46.36,55.06541,0.15,4929.58,4811.13,4924,-18.44461528,0.093459653,0.002541779,0.065437009,-1.323049466
2021-12-03,4856.98 ,4901.02 ,4853.35 ,4901.02 ,4878.09 ,14405962600,14405962600,300052.7,47.82,45.62,-0.0935,4856.896,4878.346,4878.071667,279867.3585,52.42,55.853135,0.91,4932.49,4814.09,4919,-14.88048452,0.09680996,0.009236613,-0.151407833,-1.300314474
2021-12-06,4909.43 ,4943.90 ,4888.69 ,4892.62 ,4908.66 ,17361568300,17361568300,333405.79,52.43,47.89,3.1915,4865.136,4876.368,4875.175,289349.4724,55.82,58.46112,0.56,4934.07,4816.94,4944,-11.84263529,0.097123175,-0.001713236,-0.356154334,-1.140836341
2021-12-07,4930.83 ,4934.10 ,4895.22 ,4922.10 ,4920.56 ,17905346000,17905346000,340617.77,62.85,52.88,8.9348,4883.15,4877.243,4873.808333,301619.3788,62.3,58.118755,0.8,4939.71,4818.84,4939,-6.20505353,0.099034186,0.006025523,-0.47712683,-0.910290081
2021-12-08,4934.41 ,4995.93 ,4915.79 ,4995.93 ,4960.52 ,15749055900,15749055900,329064.83,75.23,60.33,21.5581,4913.566,4885.17,4877.067333,316238.5626,57.53,59.21412,1.68,4962.08,4813.95,4853,-1.030955853,0.108140065,0.014999345,0.992382134,2.681436441
2021-12-09,5000.69 ,5114.50 ,4999.41 ,5078.69 ,5048.32 ,22056877600,22056877600,425680.96,79.57,66.74,38.9225,4958.072,4903.395,4884.219,345764.4091,38.69,61.91684,2.43,5010.04,4783.99,4856,8.536351939,0.109003112,0.016565545,1.989340604,5.193902302
2021-12-10,5046.27 ,5060.06 ,5035.81 ,5055.12 ,5049.32 ,19369515400,19369515400,356917.63,79.87,71.12,44.6881,4988.892,4922.894,4889.097333,357137.3945,27.92,59.950475,1.33,5038.5,4772.2,4867,16.74650934,0.110580686,-0.004641532,1.580429504,2.185369223
2021-12-13,5090.02 ,5143.84 ,5079.73 ,5083.80 ,5099.35 ,21180159600,21180159600,426376.53,80.33,74.19,49.4487,5027.128,4946.132,4895.534333,375731.5428,42.2,63.205385,1.13,5070,4760.84,4876,25.93318888,0.110882601,0.005674151,1.294403123,0.690747354
2021-12-14,5066.35 ,5075.21 ,5038.86 ,5049.70 ,5057.53 ,15910779000,15910779000,318685.54,76.87,75.08,45.2042,5052.648,4967.899,4902.529333,371345.0972,27.7,62.424375,-0.06,5088.61,4758.87,4892,32.83357443,0.115042969,-0.006708642,0.985434844,-0.339043571
2021-12-15,5036.28 ,5060.37 ,5003.78 ,5005.90 ,5026.58 ,15052975200,15052975200,291072.57,68.75,72.97,34.1968,5054.642,4984.104,4908.689,363746.6447,32.7,63.903725,-0.96,5097.52,4761.98,4908,39.60592571,0.120793026,-0.008673038,0.756414245,-0.801266177
2021-12-16,5006.61 ,5034.73 ,4987.22 ,5034.73 ,5015.82 ,14405386700,14405386700,291474.77,64.92,70.29,28.7198,5045.85,5001.961,4914.222,336905.4063,21.93,64.22863,-0.22,5107.75,4771.46,4922,44.85935942,0.114288404,0.005759805,0.54961163,-1.185643333
2021-12-17,5021.34 ,5022.11 ,4954.76 ,4954.76 ,4988.24 ,14900539900,14900539900,297943.31,51.26,63.95,13.0441,5025.778,5007.335,4917.969,325110.5435,8.76,64.433865,-1.41,5109.45,4776.23,4935,44.73443645,0.125950728,-0.015884102,0.448043123,-1.205286695
2021-12-20,4934.97 ,4971.67 ,4872.68 ,4880.42 ,4914.94 ,16967569000,16967569000,317536.92,35.12,54.34,-7.5133,4985.102,5006.115,4919.043667,303342.6209,-3.78,64.91181,-2.1,5109.69,4772.8,5060,40.85131963,0.136768361,-0.015004178,0.475815473,-1.243046076
2021-12-21,4876.51 ,4917.80 ,4872.95 ,4913.49 ,4895.19 ,14333989800,14333989800,259023.18,28.43,45.7,-16.3264,4957.86,5005.254,4921.268667,291410.1487,17.49,65.455155,-0.89,5109.69,4772.81,5057,38.65012365,0.139061743,0.006775547,0.475612105,-1.242993405
2021-12-22,4924.58 ,4936.67 ,4903.17 ,4914.45 ,4919.72 ,13325674000,13325674000,244642.45,24.09,38.5,-21.3776,4939.57,4997.106,4924.377333,282124.1251,25.25,66.710835,-0.51,5109.65,4772.63,5053,37.61825747,0.139041463,0.000197233,0.47894655,-1.24354342
2021-12-23,4924.29 ,4948.74 ,4906.75 ,4948.74 ,4932.13 ,13955540600,13955540600,263359.76,25.41,34.14,-19.5033,4922.372,4984.111,4926.047,276501.1226,20.74,67.509255,0.54,5110.96,4776.54,5049,40.16796459,0.140262846,0.006976258,0.394912769,-1.24617026
2021-12-24,4953.06 ,4964.91 ,4905.98 ,4921.34 ,4936.32 ,14267332300,14267332300,290483.66,24.95,31.07,-21.2158,4915.688,4970.733,4927.146,275009.1931,15.94,68.64864,0.11,5109.76,4783.86,5046,41.65566136,0.13899021,-0.005535552,0.363418199,-1.155749399
2021-12-27,4918.15 ,4939.69 ,4894.16 ,4919.32 ,4917.83 ,12410095200,12410095200,254421.53,24.92,29.02,-21.799,4923.468,4954.285,4928.377333,262386.1143,-2.48,68.93378,-0.08,5107.52,4792.89,5042,43.9377683,0.138757709,-0.00041068,0.361736044,-1.043047218
2021-12-28,4923.69 ,4959.14 ,4913.60 ,4955.96 ,4938.10 ,13045775700,13045775700,276316.73,33.74,30.59,-16.6597,4931.962,4944.911,4930.798667,265844.8252,11.16,69.13135,0.49,5103.55,4809.26,5039,47.34654988,0.139549091,0.0074483,0.402958168,-0.985538105
2021-12-29,4958.65 ,4958.65 ,4883.48 ,4883.48 ,4921.07 ,11358700200,11358700200,273225.47,24.9,28.7,-22.0926,4925.768,4932.669,4930.723,271561.4286,0.48,71.174355,-0.86,5100.12,4816.65,5036,46.34509239,0.150516428,-0.01462561,0.528263983,-1.030518181
2021-12-30,4882.16 ,4940.18 ,4878.65 ,4921.51 ,4905.63 ,12161717800,12161717800,268022.48,33.04,30.15,-19.7119,4920.322,4921.347,4933.519333,272493.9731,5.91,72.10461,0.02,5096.3,4827.01,5030,45.05250777,0.152621771,0.007787581,0.649340154,-1.011804226
2021-12-31,4937.46 ,4950.36 ,4923.14 ,4940.37 ,4937.83 ,12131373700,12131373700,266975.39,46.47,35.59,-14.9604,4924.128,4919.908,4935.196333,267792.3181,27.77,72.15568,0.33,5095.66,4831.58,5021,45.18750238,0.149807782,0.003832644,0.632518828,-0.957377218
2022-01-04,4957.98 ,4961.45 ,4874.53 ,4917.77 ,4927.93 ,15153477600,15153477600,336516.96,46.93,39.37,-14.2297,4923.818,4923.643,4935.375333,284211.4054,23.77,71.973995,-0.12,5094.53,4835.23,5013,42.71131726,0.150689733,-0.004576172,0.659615507,-0.913910449
2022-01-05,4907.93 ,4916.28 ,4851.98 ,4868.12 ,4886.08 ,17881610000,17881610000,363944.53,36.05,38.26,-19.4775,4906.25,4919.106,4933.867667,301736.9647,22.12,72.9187,-0.78,5097.7,4826.66,5002,34.1852714,0.153397971,-0.010095053,0.55490907,-0.954629484
2022-01-06,4842.16 ,4857.56 ,4786.43 ,4818.23 ,4826.10 ,15766582600,15766582600,321750.08,29.97,35.5,-28.1837,4893.2,4909.484,4930.586667,311441.8866,38.23,71.43943,-1.53,5102.14,4804.45,4987,19.45309283,0.145634075,-0.01024798,0.390105815,-0.642830755
2022-01-07,4824.32 ,4856.65 ,4818.19 ,4822.37 ,4830.38 ,18713941300,18713941300,332218.95,26.83,32.61,-31.6408,4873.372,4896.847,4928.117667,324281.1813,24.77,65.01482,-1.05,5088,4792.96,4963,6.843023186,0.129344628,0.000858635,0.371639686,-0.354392136
2022-01-10,4812.23 ,4844.39 ,4780.82 ,4844.05 ,4820.37 ,15621169600,15621169600,305033.82,29.55,31.59,-29.3158,4854.108,4889.118,4927.581667,331892.8669,31.65,65.16122,-0.21,5073.05,4786.8,4942,-5.486907974,0.131460945,0.004494928,0.518771216,0.016078169
2022-01-11,4840.01 ,4850.88 ,4791.89 ,4797.77 ,4820.14 ,14692800400,14692800400,286445.76,22.83,28.67,-32.0958,4830.108,4876.963,4925.793333,321878.6258,23.17,63.2626,-0.67,5050.96,4780.29,4919,-17.80865257,0.130621053,-0.009552265,0.205832865,-0.128497942
2022-01-12,4818.89 ,4852.73 ,4810.92 ,4845.58 ,4832.03 ,14320020400,14320020400,293153.04,27.17,28.17,-25.8474,4825.6,4865.925,4926.245,307720.3286,13.38,64.487125,0.41,5028.4,4782.44,4900,-24.93423995,0.137329578,0.009964039,0.140288902,-0.161910667
2022-01-13,4853.03 ,4853.06 ,4765.24 ,4765.92 ,4809.31 ,14251965300,14251965300,288799.12,18.23,24.86,-30.4786,4815.138,4854.169,4923.647333,301130.1367,17.72,66.048685,-1.02,5021.83,4765.01,4883,-37.12817795,0.145003131,-0.016439646,-0.070102158,0.124365512
2022-01-14,4743.91 ,4764.05 ,4723.94 ,4726.73 ,4739.66 ,14686312600,14686312600,281828.45,12.54,20.75,-36.4512,4796.01,4834.691,4919.333,291052.0362,27.53,65.678785,-1.44,5008.93,4747.11,4864,-46.67317905,0.143004859,-0.008222422,-0.821030158,-0.092824432
2022-01-17,4728.76 ,4775.24 ,4726.71 ,4767.28 ,4749.50 ,11529569100,11529569100,263788.24,15.87,19.13,-32.6908,4780.656,4817.382,4914.875,282802.9212,29.08,64.876195,-0.28,5003.21,4734.08,4839,-49.9966001,0.140262481,0.008577703,-0.635751735,-0.643067248
2022-01-18,4766.78 ,4826.30 ,4747.92 ,4813.35 ,4788.59 ,15087080200,15087080200,282749.39,32.89,23.71,-22.248,4783.772,4806.94,4912.232667,282063.6486,30.35,64.90639,0.62,5001.95,4728.63,4826,-52.50367509,0.136853293,0.009664009,-0.474570479,-0.920329035
2022-01-19,4815.81 ,4828.75 ,4755.93 ,4780.38 ,4795.22 ,13392736000,13392736000,275534.56,36.1,27.84,-18.2018,4770.732,4798.166,4907.508667,278539.9516,15.38,66.69226,0.2,4998.34,4718.93,4829,-56.58229134,0.135563138,-0.006849454,-0.249828131,-1.192652962
2022-01-20,4778.26 ,4845.00 ,4777.57 ,4823.51 ,4806.09 ,16497131500,16497131500,304344.27,49.77,35.15,-8.6224,4782.25,4798.694,4901.761333,281648.9818,11.91,67.959795,0.86,4992.06,4716.12,4727,-60.01466677,0.140412542,0.009022445,-0.078042267,-1.159342213
2022-01-21,4808.77 ,4818.31 ,4762.56 ,4779.31 ,4792.24 ,13895258500,13895258500,274699.16,47.48,39.26,-7.2039,4792.766,4794.388,4891.782,280223.1231,-7.69,68.468165,-0.28,4979.87,4711.37,4729,-64.11546843,0.140089282,-0.009162396,0.093541825,-1.132357935
2022-01-24,4753.94 ,4801.10 ,4746.45 ,4786.74 ,4772.06 ,11446388000,11446388000,246261.6,47.86,42.13,-4.3685,4796.658,4788.657,4882.836,276717.7937,52.34,68.254255,-0.21,4970.63,4707.15,4731,-67.53900001,0.139796291,0.001553256,0.310205624,-0.953065477
2022-01-25,4761.95 ,4781.39 ,4678.25 ,4678.45 ,4725.01 ,13366758600,13366758600,250555.77,31.95,38.73,-15.5538,4769.678,4776.725,4869.324333,270279.069,56.05,71.134975,-1.91,4971.07,4682.62,4845,-78.03771501,0.159134435,-0.022622213,0.073462331,-0.251278678
2022-01-26,4697.10 ,4718.99 ,4648.13 ,4712.31 ,4694.13 ,10707084200,10707084200,226553.45,32.16,36.54,-16.7617,4756.064,4763.398,4858.078,260482.8471,64.31,71.42904,-0.92,4954.05,4675.27,4842,-82.69430426,0.158962785,0.007237395,0.038881597,-0.313696148
2022-01-27,4708.10 ,4708.44 ,4616.03 ,4619.88 ,4663.11 ,12126380400,12126380400,250535.66,22,31.7,-27.7336,4715.338,4748.794,4845.210667,249721.1245,40.68,72.29124,-2.02,4961.76,4641.21,4834,-93.64130905,0.165041318,-0.019615514,-0.297798591,0.322289768
2022-01-28,4641.81 ,4660.52 ,4559.83 ,4563.77 ,4606.48 ,12648011200,12648011200,263967.89,15.13,26.17,-39.5513,4672.23,4732.498,4829.512,247574.8718,85.17,74.249025,-2.32,4965.81,4601.37,4821,-107.7893086,0.163357799,-0.012144156,-0.711705559,0.891817656
2022-02-07,4638.58 ,4672.65 ,4615.01 ,4634.09 ,4640.08 ,14484972000,14484972000,266031.79,18.77,23.71,-35.0525,4641.7,4719.179,4818.823,251528.9116,71.89,76.30424,-0.16,4946.46,4590.1,4800,-116.5836132,0.175079795,0.015407847,-0.77739771,0.282904168
2022-02-08,4626.44 ,4626.44 ,4522.47 ,4608.77 ,4596.03 ,15583070800,15583070800,281364.87,21.43,22.95,-32.6898,4627.764,4698.721,4809.768,257690.7326,63.57,77.15657,-0.41,4930.02,4575.65,4781,-123.7217975,0.175201999,-0.005463209,-0.825308008,-0.420047891
2022-02-09,4608.15 ,4659.46 ,4595.28 ,4652.06 ,4628.74 ,14833554700,14833554700,273771.96,28.89,24.93,-22.9583,4615.714,4685.889,4801.053667,267134.435,71.66,80.791145,0.79,4915.93,4568.12,4755,-125.8442526,0.178648688,0.009392522,-0.683866353,-0.818164768
2022-02-10,4657.21 ,4657.21 ,4608.09 ,4639.86 ,4640.59 ,15157666600,15157666600,287224.39,33.3,27.72,-16.1485,4619.71,4667.524,4791.900667,274472.1816,73.66,80.33122,0.44,4908.84,4557.37,4732,-128.67736,0.176132159,-0.00262215,-0.453237323,-1.150912347
2022-02-11,4617.87 ,4662.60 ,4595.88 ,4601.40 ,4619.44 ,15597458400,15597458400,307938.02,32.36,29.27,-14.8418,4627.236,4649.733,4780.322667,283266.2066,71.4,80.15632,-0.56,4901.9,4542.22,4711,-134.375982,0.177247349,-0.008290591,-0.25212292,-1.377126954
2022-02-14,4579.42 ,4593.63 ,4530.06 ,4551.69 ,4563.70 ,14367389400,14367389400,275737.55,26.53,28.36,-18.4549,4610.756,4626.228,4768.001,285207.3585,67.49,80.156425,-1.28,4892.97,4521.91,4692,-139.9614679,0.177774077,-0.010802702,-0.195050103,-1.381686621
2022-02-15,4553.81 ,4601.45 ,4550.54 ,4600.10 ,4576.48 ,11502560000,11502560000,249977.01,31.6,29.44,-12.3966,4609.022,4618.393,4757.360333,278929.7855,81.3,80.22325,-0.19,4883.89,4511.23,4676,-145.2372045,0.182380266,0.010636648,0.019717509,-1.437460654
2022-02-16,4619.85 ,4643.10 ,4607.22 ,4617.99 ,4622.04 ,10725895500,10725895500,210190.93,42.27,33.71,-4.4612,4602.208,4608.961,4746.094667,266213.5796,77.99,81.808815,0.34,4861.94,4510.41,4661,-145.3718343,0.17831901,0.003888348,0.134820008,-1.469843677
2022-02-17,4616.90 ,4650.16 ,4606.95 ,4629.16 ,4625.79 ,11001464300,11001464300,227946.25,51.86,39.76,3.3872,4600.068,4609.889,4737.617333,254357.9518,84.36,79.57808,0.63,4852.67,4506.01,4650,-142.9815826,0.170890162,0.002420014,0.341958396,-1.307177551
2022-02-18,4604.57 ,4651.34 ,4598.10 ,4651.24 ,4626.31 ,10455022800,10455022800,195825.7,65.2,48.24,12.1543,4610.036,4618.636,4728.608333,231935.4886,74.84,80.23467,0.89,4847.83,4503.3,4551,-141.6345234,0.170263241,0.004767793,0.482723603,-1.168794981
2022-02-21,4646.05 ,4646.67 ,4613.30 ,4634.31 ,4635.08 ,11251651200,11251651200,215039.18,69.69,55.39,16.0311,4626.56,4618.658,4718.406333,219795.8144,82.11,80.09849,0.17,4836.48,4501.36,4553,-143.5044523,0.166851723,-0.003638108,0.705932653,-0.765800782
2022-02-22,4601.92 ,4602.07 ,4550.80 ,4574.15 ,4582.24 ,12331723700,12331723700,246872.96,57.55,56.11,11.0851,4621.37,4615.196,4706.952333,219175.0048,73.75,77.68199,-1.02,4814.99,4498.93,4551,-146.6405147,0.166387844,-0.012981727,0.892084853,-0.212917403
2022-02-23,4582.01 ,4625.30 ,4579.29 ,4623.05 ,4602.41 ,12295291600,12295291600,259050.15,61.75,57.99,14.7632,4622.382,4612.295,4698.783333,228946.8478,82.25,77.365075,0.01,4796.57,4501.62,4553,-149.3316189,0.171866176,0.010689149,1.174837109,0.808444129
2022-02-24,4592.07 ,4610.88 ,4488.48 ,4529.32 ,4555.19 ,18440305800,18440305800,342346.67,49.53,55.17,5.4156,4602.414,4601.241,4689.153,251826.9313,65.32,79.031485,-1.59,4766.49,4502.27,4647,-154.364803,0.179300509,-0.02027399,0.964217359,1.130139099
2022-02-25,4564.63 ,4611.86 ,4561.90 ,4573.42 ,4577.95 ,14972258300,14972258300,271727.6,50.4,53.58,5.9734,4586.85,4598.443,4680.854667,267007.3111,67.62,82.413625,-0.29,4739.71,4508.47,4644,-157.3122128,0.183332572,0.009737844,1.048645526,2.316445309
2022-02-28,4563.74 ,4581.65 ,4530.68 ,4581.65 ,4564.43 ,13540697800,13540697800,248363.73,52.67,53.28,8.1186,4576.318,4601.439,4672.108,273672.2202,78.65,82.229615,0.12,4701.78,4525.89,4640,-154.2868622,0.18340085,0.001797603,0.162736619,0.227349159
2022-03-01,4597.85 ,4623.43 ,4583.92 ,4619.69 ,4606.22 ,12313922000,12313922000,260431.19,61.97,56.17,14.9325,4585.426,4603.398,4666.172,276383.8651,79.29,81.710175,0.75,4693.52,4528.28,4637,-151.2037541,0.169599428,0.008302759,0.210134933,0.895979887
2022-03-02,4594.02 ,4594.02 ,4558.44 ,4578.60 ,4581.27 ,11329832500,11329832500,215299.66,59.76,57.37,14.1817,4576.536,4599.459,4657.272667,267633.7669,70.4,79.94563,0.05,4672.71,4535.71,4634,-145.7073564,0.169378814,-0.008893569,-0.539191042,-0.48487995
2022-03-03,4595.02 ,4599.40 ,4544.43 ,4551.63 ,4572.62 ,13828587700,13828587700,242701.77,53.15,55.96,10.4988,4580.998,4591.706,4650.129667,247704.7879,72.23,78.073475,-0.64,4672.72,4528.87,4632,-139.0291736,0.156043565,-0.00589097,-0.336042883,-0.931120722
2022-03-04,4513.36 ,4539.39 ,4481.49 ,4496.43 ,4507.67 ,12726680600,12726680600,249970.28,38.89,50.27,1.544,4565.6,4576.225,4642.453,243353.3244,49.23,75.93417,-1.52,4681.87,4512.99,4630,-138.9607049,0.15602677,-0.012127133,-0.785144863,0.12654446
2022-03-07,4462.52 ,4462.52 ,4338.30 ,4352.78 ,4404.03 ,16219770600,16219770600,306898.53,27.61,42.72,-21.5385,4519.826,4548.072,4628.636333,255060.2845,72.98,76.50381,-3.7,4719.8,4446.93,4624,-144.8124396,0.181030914,-0.031948145,-2.194996961,6.353056379
2022-03-08,4361.64 ,4383.65 ,4252.54 ,4265.39 ,4315.81 ,16786327700,16786327700,315176.7,19.56,35,-45.0361,4448.966,4517.196,4610.371,266009.3871,89.19,77.860935,-4.13,4762.47,4369.92,4607,-156.9053126,0.190930307,-0.020076032,-2.138043728,4.63009464
2022-03-09,4280.98 ,4304.48 ,4068.19 ,4226.35 ,4220.00 ,19423290000,19423290000,341009.39,22.54,30.85,-61.2883,4378.516,4477.526,4591.903333,291151.3344,99.55,82.825875,-3.48,4788.59,4301.23,4579,-169.735857,0.18516031,-0.009153838,-1.81827219,2.432103168
2022-03-10,4326.20 ,4335.67 ,4288.51 ,4292.84 ,4310.81 ,14526638300,14526638300,301636.18,28.51,30.07,-58.5382,4326.758,4453.878,4574.214333,302938.2165,109.24,93.103475,-0.78,4791.36,4263.76,4528,-176.6769592,0.198810152,0.015732525,-1.421965819,0.685262087
2022-03-11,4231.20 ,4316.04 ,4176.45 ,4306.52 ,4257.55 ,15239992100,15239992100,295008.83,33.32,31.15,-50.629,4288.776,4427.188,4558.454667,311945.9265,85.32,96.747005,0.41,4791.77,4233.87,4482,-180.1014162,0.199597719,0.003187705,-1.090328964,-0.372102562
2022-03-14,4248.15 ,4280.36 ,4174.76 ,4174.76 ,4219.51 ,13018723600,13018723600,260691.66,28.9,30.4,-58.3486,4253.172,4386.499,4538.055333,302704.5529,109.76,98.848375,-1.84,4810.29,4177.65,4440,-192.3635854,0.221438799,-0.030596386,-0.920488147,-0.775501312
2022-03-15,4125.49 ,4163.42 ,3983.81 ,3983.81 ,4064.13 ,20252469900,20252469900,346988.95,19.26,26.69,-82.8812,4196.856,4322.911,4514.900667,309067.0027,177.21,104.258835,-5.08,4848.49,4077.82,4403,-214.4542711,0.260491537,-0.045738152,-1.066742118,0.205673219
2022-03-16,4053.10 ,4168.59 ,3942.86 ,4156.08 ,4080.16 ,19602198200,19602198200,378883.59,24.76,26.04,-70.1172,4182.802,4280.659,4496.359667,316641.8419,107.68,110.917185,-0.64,4841.36,4038.76,4353,-227.3857526,0.312698798,0.043242251,-0.795449549,-0.546739912
2022-03-17,4237.67 ,4302.74 ,4217.80 ,4237.70 ,4248.98 ,17940734400,17940734400,385039.2,35.42,29.17,-46.0558,4171.774,4249.266,4483.620333,333322.445,128.3,126.75092,1.58,4821.13,4019.84,4303,-236.6934749,0.323893625,0.019637394,-0.582013167,-0.869188717
2022-03-18,4218.47 ,4283.37 ,4194.94 ,4265.90 ,4240.67 ,14945830500,14945830500,275791.29,48.04,35.46,-22.8882,4163.65,4226.213,4473.691333,329478.9367,121.9,128.510245,2.46,4792.09,4010.35,3943,-243.2794212,0.324666598,0.006656,-0.422270567,-0.989718148
2022-03-21,4280.14 ,4287.82 ,4223.02 ,4258.75 ,4262.43 ,12703636000,12703636000,251214.54,58.83,43.25,-5.9548,4180.448,4216.81,4461.18,327583.5135,145.75,130.72546,1.87,4762.08,4002.8,3950,-246.8857901,0.324796114,-0.001677441,-0.262974543,-1.025126746
2022-03-22,4252.57 ,4283.33 ,4236.69 ,4255.30 ,4256.97 ,12638247000,12638247000,226213.53,65.74,50.75,6.669,4234.746,4215.801,4449.397667,303428.4308,145.3,131.17788,0.49,4738.95,3994.04,3957,-252.9290756,0.323281423,-0.000810309,-0.074803134,-0.982932561
2022-03-23,4269.61 ,4287.58 ,4241.96 ,4276.52 ,4268.92 ,11708907800,11708907800,226390.78,73.63,58.37,19.0636,4258.834,4220.818,4436.879667,272929.8688,136.32,129.9976,0.42,4703.16,3995.18,3964,-252.9226968,0.320587485,0.004987292,0.05450007,-0.773003965
2022-03-24,4249.53 ,4273.96 ,4216.85 ,4251.31 ,4247.91 ,10891827200,10891827200,219594.43,77.65,64.8,24.6953,4261.556,4216.665,4423.928,239840.9155,131.71,126.732765,-0.24,4681.22,3989.33,3970,-256.382492,0.314707218,-0.005895288,0.250220284,-0.538118752
2022-03-25,4249.07 ,4254.84 ,4173.93 ,4174.57 ,4213.10 ,10880804600,10880804600,217013.19,73.23,67.61,19.1594,4243.29,4203.47,4409.700333,228085.2947,133.77,124.609315,-1.62,4649.24,3981.41,3977,-263.9169524,0.315173394,-0.018049018,0.456523467,-0.167131781
2022-03-28,4128.84 ,4174.12 ,4091.30 ,4148.47 ,4135.68 ,11844902100,11844902100,213468.97,67.87,67.7,13.3339,4221.234,4200.841,4396.259667,220536.1808,127.47,126.20198,-1.72,4610.61,3976.73,3983,-274.2820998,0.314314629,-0.006254027,0.646594617,0.410112676
2022-03-29,4155.42 ,4177.21 ,4124.72 ,4134.14 ,4147.87 ,10026697200,10026697200,199463.85,52,62.46,9.1043,4197.002,4215.874,4380.727667,215186.2448,120.54,125.86002,-1.5,4553.92,3984.87,3989,-282.7908248,0.31049892,-0.003452408,0.68214361,0.997839554
2022-03-30,4162.17 ,4254.10 ,4160.74 ,4254.10 ,4207.78 ,13834602400,13834602400,268869.18,62.28,62.4,23.2159,4192.518,4225.676,4368.598,223681.9253,96.1,130.5503,1.47,4497.64,4008.7,3995,-283.5277536,0.332860184,0.029015631,0.573809737,2.057739191
2022-03-31,4234.72 ,4247.36 ,4214.54 ,4222.60 ,4229.81 ,13402918500,13402918500,238877.22,63.79,62.86,28.6992,4186.776,4224.166,4355.046,227538.4826,98.6,132.133255,0.86,4436.89,4036.54,4000,-283.0430309,0.333039728,-0.007405117,0.045943357,3.014459242
2022-04-01,4198.82 ,4290.67 ,4190.08 ,4276.16 ,4238.93 ,13380305300,13380305300,244758.87,73.43,66.39,39.2782,4207.094,4225.192,4342.543333,233087.6193,105.56,134.26764,1.64,4385.97,4065.43,4005,-272.7218543,0.336316504,0.012684422,-1.433275983,3.313458475
2022-04-06,4258.83 ,4277.52 ,4236.73 ,4263.84 ,4259.23 ,15906219500,15906219500,253690.93,77.8,70.19,43.9984,4230.168,4225.701,4330.194333,241132.0105,124.64,132.428995,0.8,4371.29,4071.22,4017,-259.1632566,0.317216963,-0.002880366,-1.825924903,4.230329276
2022-04-07,4240.02 ,4278.11 ,4205.74 ,4209.10 ,4233.24 ,13488035300,13488035300,216996.19,71.56,70.65,39.2845,4245.16,4221.081,4318.026,244638.4768,113.7,129.492075,-0.85,4367.09,4069.79,4028,-247.0674188,0.312332661,-0.012838494,-1.763485993,4.17230803
2022-04-08,4213.21 ,4237.81 ,4175.53 ,4230.77 ,4214.33 ,14284379300,14284379300,229081.77,71.03,70.78,38.5675,4240.494,4216.506,4304.95,236680.9935,96.77,120.79182,-0.23,4367.38,4069.95,4038,-237.8175728,0.3112813,0.00514768,-1.7709713,4.185309541
2022-04-11,4203.79 ,4203.79 ,4089.09 ,4100.07 ,4149.19 ,14819707100,14819707100,265224.93,49.17,63.57,20.8577,4215.988,4201.382,4290.641667,241950.5367,95.27,113.152655,-2.75,4362.41,4055.64,4048,-236.2492642,0.324537613,-0.030891941,-1.461927982,2.597886462
2022-04-12,4102.97 ,4179.97 ,4075.80 ,4179.97 ,4134.68 ,14428568400,14428568400,252830.41,48.94,58.7,20.258,4196.75,4201.922,4277.526667,243564.8451,88.17,111.3819,-0.4,4349.44,4055.95,4057,-224.176051,0.333077917,0.019488056,-1.522061567,2.852583256
2022-04-13,4154.41 ,4194.04 ,4139.74 ,4139.74 ,4156.98 ,12509748900,12509748900,221281.03,42.54,53.31,15.0349,4171.93,4201.049,4262.796333,237082.865,75.74,112.01381,-0.77,4349.91,4051.98,4066,-205.1709984,0.316097481,-0.009625828,-1.408797967,2.346820858
2022-04-14,4172.64 ,4217.06 ,4155.55 ,4191.57 ,4184.21 ,12479131600,12479131600,245993.82,46.32,50.98,18.9036,4168.424,4206.792,4248.525667,242882.3923,80.77,106.89974,0.56,4320.1,4102.57,4073,-193.1380785,0.266896033,0.012520457,-0.542521829,-0.975476705
2022-04-15,4162.37 ,4211.32 ,4152.97 ,4188.75 ,4178.85 ,12476226300,12476226300,226229.74,48.4,50.12,21.2498,4160.02,4200.257,4235.530667,242311.9874,78.35,98.530695,0.69,4319.19,4106.74,4079,-185.9285946,0.221683336,-0.000673066,-0.623615423,-0.716378255
2022-04-18,4152.93 ,4171.74 ,4119.99 ,4166.38 ,4152.76 ,11750461000,11750461000,212855.33,47.19,49.15,19.975,4173.282,4194.635,4222.689,231838.0666,89.78,83.124045,-0.17,4316.91,4101.89,4084,-181.6080299,0.210611584,-0.00533878,-0.423833491,-0.986551784
2022-04-19,4161.93 ,4186.94 ,4115.42 ,4134.90 ,4149.80 ,11021747100,11021747100,208570.58,41.2,46.5,15.2891,4164.268,4180.509,4210.638,222986.0998,78.9,82.278685,-0.71,4311.82,4093.88,4090,-178.7198384,0.209958272,-0.00755636,-0.219005495,-1.200929989
2022-04-20,4130.54 ,4136.17 ,4060.50 ,4070.79 ,4099.50 ,11733165800,11733165800,216536.64,29.4,40.8,4.5113,4150.478,4161.204,4201.238333,222037.2211,91.79,81.41795,-1.92,4313.93,4072.97,4211,-179.0091515,0.2158191,-0.015505278,-0.300403701,-0.79255177
2022-04-21,4048.73 ,4086.44 ,3978.37 ,3995.83 ,4027.34 ,13278382800,13278382800,227026.68,22.04,34.55,-10.9149,4111.33,4139.877,4192.253,218243.7926,77.43,83.80605,-2.81,4326.16,4034.79,4208,-184.0930639,0.223331336,-0.018413851,-0.773220414,0.678654768
2022-04-22,3967.20 ,4037.08 ,3953.72 ,4013.25 ,3992.81 ,12210181100,12210181100,206371.77,22.23,30.44,-16.6302,4076.23,4118.125,4185.149667,214272.1979,80.85,85.42975,-1.55,4323.65,4010.98,4199,-186.7912257,0.223040808,0.004359495,-0.73990915,0.13996065
2022-04-25,3933.45 ,3958.21 ,3814.91 ,3814.91 ,3880.37 ,16836450200,16836450200,272889.27,14.82,25.23,-43.4599,4005.936,4089.609,4169.218667,226278.9867,60.71,89.739315,-4.77,4362.51,3928.48,4184,-195.4347394,0.279735744,-0.049420572,-1.627249448,3.510654874
2022-04-26,3822.49 ,3871.85 ,3773.90 ,3784.12 ,3813.09 ,15757761100,15757761100,259626.35,10.65,20.37,-60.633,3935.78,4050.024,4151.805333,236490.1417,69.12,90.59113,-3.85,4395.8,3856.15,4155,-203.8803274,0.275876245,-0.008071718,-1.485171303,1.894320225
2022-04-27,3758.08 ,3895.73 ,3757.09 ,3895.54 ,3826.61 ,17273404600,17273404600,296924.1,17.26,19.33,-52.564,3900.73,4025.604,4142.498,252567.6352,82.94,93.382245,-0.13,4401.78,3824.87,4117,-205.6167111,0.300872682,0.029443122,-1.161297694,0.525150765
2022-04-28,3883.42 ,3943.43 ,3873.58 ,3921.11 ,3905.39 ,15305658600,15305658600,268502.24,24.22,20.96,-39.9344,3885.786,3998.558,4140.408,260862.7477,84.91,98.403915,0.91,4403.36,3801.99,4074,-211.9854555,0.302822759,0.006564231,-0.91099285,-0.26448853
2022-04-29,3939.62 ,4017.43 ,3898.57 ,4016.24 ,3967.97 ,17945837700,17945837700,321414.88,36.25,26.06,-16.1391,3886.384,3981.307,4135.746667,283871.3699,78.44,99.127365,3.34,4385,3796.56,4036,-211.7039727,0.296873217,0.024261948,-0.777980748,-0.403869789
2022-05-05,3995.35 ,4039.70 ,3988.93 ,4010.21 ,4008.55 ,15417071600,15417071600,290538.23,46.42,32.85,0.5325,3925.444,3965.69,4128.163667,287401.1615,93.21,101.852605,2.16,4369.64,3790.68,3757,-214.4161641,0.296412119,-0.001501603,-0.626052467,-0.507552898
2022-05-06,3928.85 ,3947.24 ,3902.05 ,3908.82 ,3921.74 ,12300555100,12300555100,214825.17,46.3,37.33,-0.3073,3950.384,3943.082,4116.261,278440.9255,100.42,99.97185,-1.05,4345.47,3778.12,3763,-221.4466609,0.301442225,-0.025284261,-0.488488079,-0.812313926
2022-05-09,3883.95 ,3914.11 ,3854.94 ,3877.44 ,3882.61 ,9293669400,9293669400,171756.5,45.06,39.91,-3.1426,3946.764,3923.747,4103.550667,253407.4055,106.44,98.55865,-1.76,4320.79,3764.16,3768,-226.9574978,0.301636147,-0.00802765,-0.366288525,-1.105279346
2022-05-10,3820.63 ,3932.68 ,3808.57 ,3919.87 ,3870.44 ,13641691800,13641691800,239060.21,49.24,43.02,2.348,3946.516,3916.151,4092.369667,247518.9994,81.87,101.145785,-0.68,4299.86,3756.17,3774,-231.154548,0.304900858,0.010943313,-0.187673115,-1.172456708
2022-05-11,3917.93 ,4033.30 ,3916.52 ,3976.42 ,3961.04 ,16563225600,16563225600,309294.91,58.7,48.25,14.5662,3938.552,3912.468,4082.366333,245095.0065,102.82,109.268225,0.96,4270.49,3760.1,3779,-225.7791806,0.31007764,0.014427704,-0.131971326,-1.097232325
2022-05-12,3949.95 ,3985.93 ,3935.59 ,3958.74 ,3957.55 ,11337606600,11337606600,202029.16,62.92,53.14,20.853,3928.258,3926.851,4072.614,227393.1916,100.54,107.00348,0.78,4261.36,3755.1,3784,-225.5518565,0.29169373,-0.004446987,0.02829461,-1.046094084
2022-05-13,3983.82 ,4003.85 ,3957.14 ,3988.60 ,3983.35 ,10996835700,10996835700,195727.05,67.91,58.06,29.1128,3944.214,3947.299,4066.415,223573.5658,98.4,105.20791,1.13,4238.58,3758.74,3789,-221.8311037,0.283289637,0.007542855,0.12784384,-0.755400111
2022-05-16,4015.00 ,4018.03 ,3947.75 ,3956.54 ,3984.33 ,11242529400,11242529400,199717.91,66.61,60.91,30.2067,3960.034,3953.399,4060.017333,229165.8471,110.74,102.80995,-0.09,4220.57,3758.44,3794,-222.4910785,0.282796713,-0.008038509,0.298663894,-0.397753194
2022-05-17,3961.76 ,4005.89 ,3955.10 ,4005.89 ,3982.16 ,10966145400,10966145400,210117.54,72.87,64.9,37.0738,3977.238,3961.877,4055.742333,223377.3127,104.89,101.851105,0.72,4191.14,3769.3,3799,-220.5092146,0.282765411,0.012474442,0.275755631,0.067758951
2022-05-18,4015.01 ,4017.34 ,3964.75 ,3991.91 ,3997.25 ,10807423300,10807423300,201800.67,75.77,68.52,39.0318,3980.336,3959.444,4047.002667,201878.4633,106.71,102.045895,0.29,4157.34,3783.42,3803,-218.2076289,0.282732214,-0.003491481,0.099228529,0.475058875
2022-05-19,3938.30 ,3999.60 ,3933.75 ,3999.60 ,3967.81 ,11629342000,11629342000,210206.68,78.85,71.96,40.4871,3988.508,3958.383,4039.569333,203513.9684,99.6,102.751125,0.28,4125.6,3798.47,3807,-214.0624124,0.282906487,0.001926773,-0.313111528,0.68746823
2022-05-20,4020.82 ,4077.60 ,4020.82 ,4077.60 ,4049.21 ,14706917300,14706917300,265609.09,85.9,76.61,50.4328,4006.308,3975.261,4032.950667,217490.3774,80,106.36792,1.78,4111.62,3806.73,3812,-203.0187468,0.291887996,0.019502308,-0.739743648,0.383933623
2022-05-23,4080.97 ,4080.97 ,4029.08 ,4053.98 ,4061.25 ,13047781000,13047781000,225981.54,85.13,79.45,52.0935,4025.796,3992.915,4025.955333,222743.1037,110.98,105.592495,0.7,4108.35,3808.31,3822,-189.9601945,0.287271883,-0.00579201,-0.81344132,0.427914318
2022-05-24,4052.87 ,4055.78 ,3959.15 ,3959.15 ,4006.74 ,14555433600,14555433600,247713.04,62.5,73.8,39.2666,4016.448,3996.843,4017.623667,230262.2037,91.95,105.02032,-1.43,4105.48,3807.52,3838,-183.1669697,0.292111657,-0.02339137,-0.755930041,0.437943333
2022-05-25,3959.77 ,3983.62 ,3946.81 ,3983.18 ,3968.35 ,10773401500,10773401500,188700.54,52.86,66.82,33.1128,4014.702,3997.519,4009.370667,227642.1779,99.78,102.69297,-0.79,4102.16,3807.83,3852,-165.5953362,0.292544926,0.006068039,-0.740177457,0.535400164
2022-05-26,3987.68 ,4015.75 ,3938.24 ,3993.04 ,3983.68 ,12626368900,12626368900,216987.03,48.66,60.77,29.5801,4013.39,4000.949,4005.803,228998.2467,95.64,99.40349,-0.51,4096.18,3831.62,3866,-146.8693294,0.224163742,0.002476967,-0.90428591,1.709514607
2022-05-27,4022.71 ,4051.14 ,3983.38 ,4001.30 ,4014.63 ,11276933700,11276933700,206944.43,47.74,56.43,27.6039,3998.13,4002.219,3999.847333,217265.3139,90.7,100.151125,0.08,4077.18,3872.33,3879,-134.237728,0.220795523,0.002067145,-0.113224344,-0.142659874
2022-05-30,4020.86 ,4040.82 ,4003.38 ,4029.02 ,4023.52 ,11115224100,11115224100,211144.72,53.4,55.42,29.1276,3993.138,4009.467,3996.156667,214297.9501,101.82,96.09063,0.9,4079.42,3883.44,3890,-122.1303116,0.198814298,0.006927526,-0.259687188,0.15176782
2022-05-31,4031.76 ,4096.20 ,4020.38 ,4091.52 ,4059.97 ,13541551300,13541551300,267770.09,67.97,59.6,37.138,4019.612,4018.03,3992.821667,218309.3599,98.72,91.414195,1.79,4095.22,3884.68,3899,-112.259966,0.204094774,0.015512391,-0.130976351,0.377568821
2022-06-01,4086.62 ,4094.90 ,4058.85 ,4083.18 ,4080.89 ,11485087900,11485087900,225416.24,75.9,65.03,39.6678,4039.612,4027.157,3989.302667,225652.5,101.18,87.94783,1.08,4106.08,3880.52,3915,-102.9986177,0.187368503,-0.002038461,-0.046290192,-0.044987222
2022-06-02,4064.00 ,4091.15 ,4057.91 ,4089.57 ,4075.66 ,11389363800,11389363800,222657.54,82.53,70.87,40.4195,4058.918,4036.154,3986.742333,226786.6025,95.17,82.55326,0.76,4117.86,3876.67,3930,-88.8110268,0.187179004,0.001565203,-0.020850789,-0.426751529
2022-06-06,4090.53 ,4166.62 ,4063.91 ,4166.09 ,4121.79 ,16787101100,16787101100,324075.63,88.28,76.67,48.8763,4091.876,4045.003,3987.782,250212.8426,102.49,84.83972,1.81,4145.04,3875.23,3943,-69.93804546,0.168686947,0.018710239,0.389941234,0.400174739
2022-06-07,4165.69 ,4198.09 ,4155.17 ,4179.13 ,4174.52 ,14299288100,14299288100,285733.72,89.75,81.03,53.5055,4121.898,4057.518,3991.393333,265130.6427,107.13,88.589935,1.39,4165.03,3885.4,3965,-53.47813819,0.163384769,0.003130877,0.845503972,0.117179359
2022-06-08,4187.15 ,4224.81 ,4158.03 ,4219.81 ,4197.45 ,15737405700,15737405700,319480.25,92.59,84.88,58.8989,4147.556,4083.584,3998.859333,275472.6756,99.81,85.86638,1.74,4195.89,3884.53,3993,-38.63477628,0.162745725,0.009734972,1.020520485,0.139422299
2022-06-09,4211.72 ,4227.45 ,4160.88 ,4175.67 ,4193.93 ,16844915400,16844915400,285172.8,87.99,85.92,53.5281,4166.054,4102.833,4004.273333,287423.9888,87.67,78.10052,0.23,4213.96,3886.39,4026,-25.85630247,0.165078568,-0.010459589,0.761132161,-0.60175758
2022-06-10,4145.65 ,4241.35 ,4140.22 ,4238.99 ,4191.55 ,18479621400,18479621400,324091.44,91.66,87.83,55.286,4195.938,4127.428,4018.409333,307710.7694,82.99,79.687115,1.03,4242.35,3886.02,4058,-12.04381734,0.168743196,0.015163753,0.682474983,-0.79883759
2022-06-13,4194.46 ,4218.23 ,4156.71 ,4189.35 ,4189.69 ,16847562200,16847562200,336585.67,86.6,87.42,46.876,4200.59,4146.233,4031.917,310212.7781,99.75,80.17447,-0.27,4257.02,3891.43,4091,0.199118524,0.176264613,-0.011710539,0.447565777,-1.188212893
2022-06-14,4143.22 ,4224.09 ,4102.93 ,4222.31 ,4173.14 ,17138590400,17138590400,335418.56,87.6,87.48,42.9697,4209.226,4165.562,4042.809333,320149.7452,80.31,82.718195,0.31,4272.91,3902.12,4103,11.0100626,0.172672728,0.007867254,0.305791699,-1.42099742
2022-06-15,4228.29 ,4348.42 ,4228.29 ,4278.22 ,4270.81 ,25704659000,25704659000,459766.82,83.68,86.21,44.9223,4220.908,4184.232,4054.713,348207.0588,79.22,92.08551,1.36,4300.74,3901.52,4128,24.77510447,0.173224245,0.01324071,0.227213365,-1.339308693
2022-06-16,4282.08 ,4302.92 ,4241.08 ,4250.06 ,4269.04 ,18407441600,18407441600,337235.91,77.6,83.34,39.6122,4235.786,4200.92,4062.507,358619.6803,81.06,92.70498,0.34,4317.26,3910.81,4172,36.05949924,0.175177556,-0.006581339,0.046226554,-1.417090017
2022-06-17,4219.23 ,4318.77 ,4218.68 ,4309.04 ,4266.43 ,15864909800,15864909800,346675.73,79.72,82.13,41.0601,4249.796,4222.867,4072.468,363136.5375,78.64,94.41651,1.39,4342.91,3916.11,4207,45.82875428,0.179105471,0.013878152,-0.017881044,-1.244590119
2022-06-20,4322.83 ,4368.36 ,4297.89 ,4330.43 ,4329.88 ,16566638200,16566638200,359569.3,81.72,81.99,41.7764,4278.012,4239.301,4086.521667,367733.2628,94.23,94.70738,1.23,4371.93,3912.37,4235,57.35984157,0.169525568,0.004963606,-0.064491282,-1.224325561
2022-06-21,4327.92 ,4357.34 ,4287.14 ,4325.57 ,4324.49 ,16466761500,16466761500,317163.32,82.44,82.14,38.5512,4298.664,4253.945,4101.459333,364082.2147,82.97,95.20967,0.63,4395.46,3916,4262,72.81242949,0.167092329,-0.001123929,-0.203324037,-1.202418763
2022-06-22,4331.90 ,4333.18 ,4269.25 ,4270.62 ,4301.24 ,15856585400,15856585400,298656.26,76.02,80.1,26.5433,4297.144,4259.026,4113.151,331860.1033,91.62,93.57508,-0.62,4397.34,3945.27,4368,83.54402301,0.147111886,-0.012701922,-0.33577498,-1.094936488
2022-06-23,4277.96 ,4343.88 ,4260.90 ,4343.88 ,4306.66 ,17088236000,17088236000,327144.78,80.94,80.38,25.9637,4315.908,4275.847,4125.399667,329841.8771,76.08,95.88321,0.65,4409.66,3969.02,4365,96.90849686,0.154314004,0.01715333,-0.397351312,-0.911006513
2022-06-24,4354.55 ,4400.69 ,4346.12 ,4394.77 ,4374.03 ,16897219900,16897219900,356054.75,86.63,82.46,29.6632,4333.054,4291.425,4139.934,331717.6818,76.57,98.997065,1.42,4427.63,3991.22,4261,111.736747,0.156270795,0.011716305,-0.299026459,-0.665476275
2022-06-27,4414.33 ,4472.69 ,4414.33 ,4444.26 ,4436.40 ,17738567600,17738567600,381432.97,87.35,84.09,35.6045,4355.82,4316.916,4155.122667,336090.4157,78.26,99.680505,2.03,4450.75,4012.4,4264,126.9122097,0.157514171,0.011261471,-0.002400035,-0.469074956
2022-06-28,4442.58 ,4497.89 ,4407.35 ,4490.52 ,4459.59 ,17475648900,17475648900,361685.97,90.69,86.29,42.146,4388.81,4343.737,4172.922,344994.9463,69.32,101.335895,2.32,4481.09,4028.21,4272,140.5165492,0.158467734,0.01040728,0.342983946,-0.298009504
2022-06-29,4472.73 ,4503.13 ,4414.00 ,4421.36 ,4452.81 ,18727668800,18727668800,395926.11,84.21,85.6,33.8931,4418.958,4358.051,4186.771,364448.9152,47.96,101.48382,0.05,4495.6,4046.69,4286,150.3997117,0.170226703,-0.015401257,0.229921137,-0.49781865
2022-06-30,4418.07 ,4515.00 ,4418.07 ,4485.01 ,4459.04 ,15666628900,15666628900,354343.89,85.54,85.58,33.674,4447.184,4381.546,4203.207667,369888.7364,64.61,102.80772,0.85,4516.78,4065.69,4303,162.6518561,0.172555058,0.014396892,0.295756788,-0.702640779
2022-07-01,4489.52 ,4500.99 ,4449.29 ,4466.72 ,4476.63 ,14477959900,14477959900,318492.13,84.03,85.06,27.9666,4461.574,4397.314,4218.778333,362376.2123,66.72,105.29178,0.12,4527.57,4092.61,4324,169.5509083,0.175061974,-0.004078675,0.364594304,-1.183499847
2022-07-04,4447.22 ,4496.03 ,4427.82 ,4496.03 ,4466.78 ,14634565100,14634565100,356968.52,86.86,85.66,25.1302,4471.928,4413.874,4232.726,357483.3233,77.83,103.26723,0.54,4548.09,4105.09,4343,176.9184529,0.167226272,0.006562402,0.2499915,-1.350098225
2022-07-05,4505.46 ,4530.32 ,4439.45 ,4489.54 ,4491.19 ,15496241500,15496241500,361891.85,86.2,85.84,19.6152,4471.732,4430.271,4247.244667,357524.4994,88.14,101.683265,0.4,4563.61,4120.61,4360,181.5588353,0.168258535,-0.00144394,0.103967592,-1.472695393
2022-07-06,4475.48 ,4484.36 ,4393.42 ,4423.97 ,4444.31 ,14980023500,14980023500,344672.71,71.55,81.08,5.1252,4472.254,4445.606,4262.738667,347273.8194,77.37,102.74845,-1.08,4568.85,4135.79,4381,184.8956485,0.178496098,-0.014604731,-0.094404766,-1.399713914
2022-07-07,4425.28 ,4457.34 ,4391.19 ,4443.47 ,4429.32 ,13266090600,13266090600,328133.13,60.23,74.13,-3.3845,4463.946,4455.565,4278.081667,342031.6687,83.67,102.58514,-0.46,4568.95,4162.46,4391,185.8748661,0.171956708,0.004408665,-0.206696607,-1.404834268
2022-07-08,4468.06 ,4479.49 ,4426.89 ,4428.78 ,4450.81 ,12319573900,12319573900,304031.11,49.16,65.8,-12.0557,4456.358,4458.966,4292.606333,339139.4642,74.98,101.943445,-0.62,4571.12,4179.27,4408,188.5525378,0.167334214,-0.003306557,-0.412527749,-1.137298299
2022-07-11,4406.15 ,4406.15 ,4330.58 ,4354.62 ,4374.38 ,13444857800,13444857800,299195.23,36.78,56.13,-27.9368,4428.076,4450.002,4304.383667,327584.8066,72.22,101.82111,-1.66,4559.29,4207.62,4484,185.7401759,0.173845878,-0.016745985,-0.333376315,-1.196690127
2022-07-12,4352.65 ,4370.34 ,4296.62 ,4313.62 ,4333.31 ,13018783800,13018783800,291072.31,26.95,46.4,-43.2082,4392.892,4432.312,4313.870333,313420.8988,69.22,99.449255,-1.8,4550.48,4225.57,4481,178.2231971,0.176872503,-0.009414904,-0.190820755,-1.376636082
2022-07-13,4313.36 ,4341.47 ,4284.94 ,4321.46 ,4315.31 ,13111317900,13111317900,286075.55,22.93,38.58,-50.9647,4372.39,4422.322,4321.535,301701.4663,72.46,90.000795,-1.16,4547.56,4232.82,4474,172.8820522,0.171082687,0.001818265,-0.17799783,-1.302503564
2022-07-14,4308.82 ,4352.10 ,4292.76 ,4322.07 ,4318.94 ,14525092600,14525092600,301569.86,20.33,32.49,-54.4111,4348.11,4406.028,4329.498,296388.8118,65.87,89.62716,-0.6,4540.6,4246.98,4463,164.8894396,0.169029967,0.000141735,-0.02279648,-1.506277444
2022-07-15,4299.47 ,4344.86 ,4248.53 ,4248.53 ,4285.35 ,15021445300,15021445300,316793.19,13.55,26.18,-64.3155,4312.06,4384.209,4334.796667,298941.2289,76.53,89.439465,-1.47,4547.11,4234.41,4452,152.5496926,0.173242841,-0.017016575,-0.190478781,-1.246142375
2022-07-18,4262.15 ,4300.78 ,4217.51 ,4292.59 ,4268.26 ,12260119200,12260119200,281055.13,18.41,23.59,-62.5919,4299.654,4363.865,4339.013333,295313.2079,77.59,86.11934,-0.16,4549.16,4228.58,4436,143.273213,0.176581984,0.010370299,-0.180603294,-1.349667564
2022-07-19,4288.44 ,4288.44 ,4238.82 ,4269.34 ,4271.26 ,10380573000,10380573000,231117.73,18.87,22.02,-62.1189,4290.798,4341.845,4342.020333,283322.2919,67.74,86.156275,-0.5,4552.86,4219.25,4414,136.0454224,0.177462873,-0.005415314,-0.19442795,-1.433159337
2022-07-20,4291.28 ,4303.37 ,4269.97 ,4283.80 ,4287.11 ,9449014400,9449014400,212301.88,21.01,21.68,-57.4999,4283.266,4327.828,4344.153333,268567.5591,74.6,86.18657,0.01,4551.69,4221.74,4394,126.2393812,0.1720018,0.003387549,-0.178720997,-1.438284244
2022-07-21,4270.36 ,4283.15 ,4236.05 ,4236.06 ,4256.41 ,11715634400,11715634400,239228.15,17.29,20.22,-58.3323,4266.064,4307.087,4346.166333,256099.2163,73.86,84.392535,-0.7,4558.77,4203.88,4377,111.9916872,0.164321283,-0.011145448,-0.220577552,-1.46940131
2022-07-22,4251.79 ,4275.47 ,4207.31 ,4238.23 ,4243.20 ,10384062400,10384062400,224295.33,17.85,19.43,-56.0345,4264.004,4288.032,4346.141,237599.6444,68.03,80.81109,-0.6,4561.92,4185.08,4361,96.09061282,0.157327773,0.000513756,-0.111716234,-1.629391017
2022-07-25,4233.93 ,4234.84 ,4201.92 ,4212.64 ,4220.83 ,8363666400,8363666400,188136.43,14.28,17.71,-55.3108,4248.014,4273.834,4346.917333,219015.904,60.84,76.128745,-0.83,4560.24,4163.6,4342,77.39245718,0.150159013,-0.006037892,0.024471184,-1.60006702
2022-07-26,4220.09 ,4259.99 ,4214.53 ,4245.98 ,4235.15 ,8582327400,8582327400,197601.41,19.3,18.24,-47.964,4243.342,4267.07,4347.706333,212312.6389,60.18,74.504915,0.06,4544.75,4154.63,4323,64.75377432,0.147547395,0.007912299,0.213609843,-1.538838024
2022-07-27,4236.15 ,4242.10 ,4217.28 ,4225.04 ,4230.14 ,7890494000,7890494000,194245.3,18.26,18.25,-43.6699,4231.59,4257.428,4345.933667,208701.3234,60.44,71.094015,-0.15,4539.46,4140.29,4306,48.51733061,0.140037949,-0.004931752,0.392770979,-1.446283735
2022-07-28,4242.27 ,4267.92 ,4223.03 ,4225.67 ,4239.72 ,10753193000,10753193000,243871.49,19.97,18.82,-38.6615,4229.512,4247.788,4345.120667,209629.9914,59.07,68.57584,-0.09,4520.39,4133.42,4291,34.03923408,0.126159751,0.00015091,0.587033525,-1.154986768
2022-07-29,4226.42 ,4243.51 ,4160.87 ,4170.10 ,4200.23 ,11417928600,11417928600,253198.58,15.48,17.71,-40.553,4215.886,4239.945,4340.489333,215410.6396,69.5,68.561895,-1.09,4505.91,4118.24,4279,16.04085237,0.131303563,-0.013150898,0.674911046,-0.673259895
2022-08-01,4160.65 ,4196.57 ,4129.45 ,4188.68 ,4168.84 ,10774902900,10774902900,251125.31,21.67,19.03,-37.1135,4211.094,4229.554,4335.764333,228008.416,72.88,68.50744,-0.53,4477.43,4115.99,4260,0.195814755,0.129387989,0.004454687,0.763094594,-0.333922688
2022-08-02,4144.38 ,4144.38 ,4071.43 ,4107.02 ,4116.80 ,14222442500,14222442500,281013.56,20.05,19.37,-43.2225,4183.302,4213.322,4328.479333,244690.8458,53.02,67.02965,-1.82,4453.27,4101.9,4236,-15.66126598,0.141138249,-0.019494072,0.361001031,-0.062633723
2022-08-03,4114.83 ,4150.98 ,4058.18 ,4066.98 ,4097.74 ,11666612400,11666612400,268695.84,14.72,17.82,-49.5853,4151.69,4191.64,4321.691333,259580.952,54.78,67.12246,-2.04,4445.07,4074.39,4203,-33.70311268,0.137429926,-0.009751246,0.040940299,0.476478409
2022-08-04,4089.44 ,4108.16 ,4064.66 ,4101.54 ,4090.95 ,8953264400,8953264400,216898.68,16.7,17.45,-46.1392,4126.864,4178.188,4313.613333,254186.3896,58.54,66.31399,-0.61,4419.5,4065.77,4174,-48.38017205,0.141501045,0.008498035,-0.159295991,0.234758236
2022-08-05,4109.63 ,4159.48 ,4097.86 ,4156.91 ,4130.97 ,10257100400,10257100400,247325.9,26.83,20.57,-33.9643,4124.226,4170.056,4305.684667,253011.8551,47.51,66.640275,0.79,4386.39,4071.7,4058,-55.84644345,0.154443868,0.013500891,-0.494583287,-0.345238526
2022-08-08,4142.11 ,4155.73 ,4135.08 ,4148.07 ,4145.25 ,9020813800,9020813800,224080.81,32.17,24.44,-25.0747,4116.104,4163.599,4295.811667,247602.9558,52.67,65.75537,0.78,4368.28,4069.16,4060,-61.33131127,0.145691703,-0.002125737,-0.463615647,-0.575760231
2022-08-09,4143.67 ,4161.81 ,4131.43 ,4156.29 ,4148.30 ,8413695900,8413695900,214223.69,37.04,28.64,-16.4756,4125.958,4154.63,4284.670667,234244.9832,58.69,63.58856,0.74,4355.87,4065.83,4062,-66.52329571,0.144019456,0.001980702,-0.313798816,-0.624847405
2022-08-10,4149.21 ,4160.79 ,4092.55 ,4109.74 ,4128.07 ,8556583900,8556583900,217447.37,33.97,30.41,-15.4625,4134.51,4143.1,4274.283333,223995.2899,54.34,64.17442,-0.6,4342.17,4058.36,4066,-73.81397593,0.147046105,-0.011200708,-0.224554783,-0.83829333
2022-08-11,4130.74 ,4193.81 ,4116.06 ,4193.54 ,4158.54 ,12138505100,12138505100,269631,55.25,38.69,-2.5847,4152.91,4139.887,4264.567667,234541.7546,45.34,65.879925,0.98,4323.64,4064.04,4070,-72.87250213,0.167619221,0.020391936,-0.348899073,-0.829215977
2022-08-12,4185.42 ,4202.47 ,4175.05 ,4191.15 ,4188.52 ,10680829500,10680829500,219208.06,67.55,48.31,6.0596,4159.758,4141.992,4255.382,228918.1853,43.75,65.383955,0.75,4318.19,4063.75,4077,-74.30056702,0.15708407,-0.000570115,-0.257281667,-0.716274915
2022-08-15,4180.00 ,4219.92 ,4174.30 ,4185.68 ,4189.98 ,10589849500,10589849500,245539.8,71.31,55.98,11.1903,4167.28,4141.692,4245.037,233209.9831,45.08,63.501305,0.44,4303.51,4067.74,4087,-74.76857367,0.151615069,-0.001305751,-0.319901327,-0.559375909
2022-08-16,4190.53 ,4208.80 ,4170.52 ,4177.84 ,4186.92 ,9390613900,9390613900,233818.59,71.84,61.26,13.5218,4171.59,4148.774,4234.647,237128.9616,46.24,61.868465,0.15,4292.16,4069.94,4101,-76.32842999,0.150841748,-0.001873627,-0.307125306,-0.317062788
2022-08-17,4182.57 ,4222.79 ,4155.17 ,4216.96 ,4194.37 ,11286465900,11286465900,252044.33,79.73,67.42,19.9396,4193.034,4163.772,4227.746667,244048.3529,45.76,62.021975,0.57,4279.43,4075.98,4113,-73.46696849,0.154599495,0.00936408,-0.642493867,-0.381957377
2022-08-18,4205.79 ,4211.91 ,4173.54 ,4180.10 ,4192.84 ,10105265000,10105265000,233115.49,75.56,70.14,18.8389,4190.346,4171.628,4218.967667,236745.2515,48.7,62.50415,-0.24,4272.88,4076.93,4126,-72.70034506,0.152656029,-0.00874066,-0.627320972,-0.219671523
2022-08-19,4174.55 ,4185.66 ,4151.07 ,4151.07 ,4165.59 ,11740297800,11740297800,262494.13,65.35,68.54,14.0399,4182.33,4171.044,4209.710667,245402.4661,43.07,60.82555,-0.75,4264.33,4076.77,4137,-72.14384281,0.154192279,-0.006943806,-0.556334712,-0.146707517
2022-08-22,4135.16 ,4183.65 ,4134.20 ,4181.40 ,4158.60 ,11244272000,11244272000,259747.16,66.31,67.8,14.719,4181.474,4174.377,4203.936667,248243.9386,47,61.65171,0,4260.84,4077.14,4134,-71.76561567,0.155695127,0.007304785,-0.522990016,-0.000427401
2022-08-23,4175.53 ,4187.39 ,4147.41 ,4161.08 ,4167.85 ,10315351200,10315351200,239101.33,58.27,64.62,12.2977,4178.122,4174.856,4198.852,249300.4878,41.48,61.407725,-0.41,4249.16,4080.33,4145,-71.37500489,0.153290548,-0.004858233,-0.692592806,0.193723101
2022-08-24,4168.58 ,4174.16 ,4079.09 ,4082.42 ,4126.06 ,11906967900,11906967900,262844.31,39.62,56.29,0.5858,4151.214,4172.124,4190.884,251460.4847,37.62,64.78284,-1.66,4244.63,4070.59,4187,-74.96894464,0.165811673,-0.018904409,-0.632360172,-0.309248161
2022-08-25,4093.29 ,4119.62 ,4058.75 ,4116.24 ,4096.98 ,11132074500,11132074500,242149.58,38.09,50.22,-1.9802,4138.442,4164.394,4184.023,253267.3027,31.44,65.29469,-0.54,4234.8,4069.48,4185,-73.91361241,0.169473714,0.008284328,-0.613790889,-0.575824685
2022-08-26,4127.81 ,4139.79 ,4102.68 ,4107.55 ,4119.46 ,9900049300,9900049300,225519.2,35.31,45.25,-4.1006,4129.738,4156.034,4179.323667,245872.3164,24.75,65.214775,-0.54,4233.52,4064.51,4180,-74.27457679,0.16358895,-0.002112146,-0.400336404,-0.931490348
2022-08-29,4063.88 ,4092.95 ,4059.60 ,4089.52 ,4076.49 ,9435443200,9435443200,203086.12,29.79,40.1,-7.0131,4111.362,4146.418,4172.554667,234540.1066,34.12,63.526255,-0.53,4230.38,4057.73,4175,-71.43602295,0.162870263,-0.004388265,-0.189445304,-1.151427382
2022-08-30,4088.53 ,4093.14 ,4048.52 ,4075.79 ,4076.50 ,9330166200,9330166200,192649,25.43,35.21,-9.7048,4094.304,4136.213,4166.103,225249.6407,29.59,62.10954,-0.45,4232.68,4052.31,4171,-67.4233068,0.147913331,-0.003356579,-0.221106992,-1.236321479
2022-08-31,4057.14 ,4112.85 ,4046.62 ,4078.84 ,4073.86 ,13244976500,13244976500,292974.67,24.58,31.67,-9.953,4093.588,4122.401,4159.271,231275.712,24.84,60.78078,-0.36,4231.32,4054.85,4163,-65.18696646,0.14368441,0.000747462,-0.163299472,-1.322971411
2022-09-01,4066.19 ,4090.89 ,4041.13 ,4043.74 ,4060.49 ,9738707100,9738707100,210898.5,16.98,26.77,-13.5033,4079.088,4108.765,4152.860333,225025.4964,23.94,60.76964,-0.87,4237.48,4042.91,4154,-67.58619814,0.143381519,-0.008605559,-0.385328288,-0.963300904
2022-09-02,4054.84 ,4056.18 ,4004.91 ,4023.61 ,4034.89 ,8678927800,8678927800,184468.33,14.74,22.76,-16.9958,4062.3,4096.019,4145.706333,216815.3224,29.01,58.591835,-0.95,4243.44,4023.62,4143,-70.42996323,0.133911557,-0.004977175,-0.420870496,-0.8690436
2022-09-05,4010.41 ,4017.00 ,3982.74 ,4015.43 ,4006.40 ,9376710900,9376710900,201118.7,15.52,20.35,-18.7049,4047.482,4079.422,4139.132667,216421.8388,24.63,57.41141,-0.79,4248.5,4005.3,4126,-73.95168007,0.133907444,-0.002034664,-0.375074351,-1.029213143
2022-09-06,4024.47 ,4054.00 ,4009.58 ,4052.28 ,4035.08 ,11350626500,11350626500,235921.84,25.1,21.93,-13.4166,4042.78,4068.542,4132.676,225076.4061,26.88,59.455465,0.23,4246.85,3996.55,4106,-73.12695107,0.138783666,0.009178054,-0.171558966,-1.2871142
2022-09-07,4032.72 ,4067.54 ,4028.37 ,4054.98 ,4045.90 ,10767805900,10767805900,215147.15,32.07,25.31,-8.3478,4038.008,4065.798,4127.007333,209510.9035,21.38,58.94144,0.42,4247.56,3990.36,4089,-76.39859351,0.133755988,0.000666983,-0.0810502,-1.467562847
2022-09-08,4059.17 ,4067.76 ,4036.02 ,4037.68 ,4050.16 ,10088604900,10088604900,186889.05,35.45,28.69,-6.216,4036.796,4057.942,4120.741,204709.0124,24.48,55.84734,0.02,4239.63,3982.7,4074,-80.25206884,0.109069988,-0.004266134,0.115156139,-1.457120069
2022-09-09,4050.59 ,4099.01 ,4042.25 ,4093.79 ,4071.41 ,11842711400,11842711400,221442.55,52.09,36.49,3.347,4050.832,4056.566,4118.197333,212103.8564,20.59,54.67609,1.06,4229.26,3983.34,4010,-80.8340654,0.12248446,0.013894971,0.265751781,-1.212976448
2022-09-13,4112.01 ,4128.11 ,4097.14 ,4111.11 ,4112.09 ,11178973700,11178973700,218521.06,64.16,45.71,12.1079,4069.968,4058.725,4115.611667,215584.3295,21.31,56.68825,1.01,4219.79,3985.36,4011,-80.12848713,0.123969846,0.004232535,0.37386401,-0.881070754
2022-09-14,4058.04 ,4089.06 ,4047.92 ,4065.36 ,4065.10 ,9079368100,9079368100,185484.97,61.72,51.05,11.8292,4072.584,4057.682,4114.223,205496.9549,16.96,56.831185,-0.18,4209.67,3984.23,4016,-83.70204277,0.129242347,-0.011129707,0.598099031,-0.433985632
2022-09-15,4078.65 ,4088.81 ,3998.86 ,4027.12 ,4048.36 ,12395119600,12395119600,254367.49,51.32,51.14,6.8309,4067.012,4052.51,4112.894333,213341.023,15.32,57.948095,-0.98,4189.04,3985.87,3999,-87.16599063,0.125789124,-0.009406402,0.524273105,-0.63130862
2022-09-16,4013.58 ,4019.41 ,3932.68 ,3932.68 ,3974.59 ,13719365500,13719365500,241251.84,34.21,45.5,-8.0522,4046.012,4041.404,4107.265667,224213.5815,11.08,59.44745,-2.8,4188.72,3961.45,4128,-93.7272511,0.145627361,-0.023450017,-0.323256603,1.044529587
2022-09-19,3928.42 ,3953.65 ,3910.31 ,3928.00 ,3930.10 ,9771957500,9771957500,183574.44,25.52,38.84,-16.8759,4012.854,4031.843,4099.635333,216639.9601,15.4,59.885185,-2.11,4189.34,3938.52,4124,-101.7107085,0.145008677,-0.001190663,-0.499833085,0.880420325
2022-09-20,3945.65 ,3957.55 ,3921.69 ,3932.84 ,3939.43 ,8482413400,8482413400,179248.15,20.46,32.71,-20.1855,3977.2,4023.584,4092.461,208785.3784,16.24,59.774895,-1.12,4177.16,3925.85,4116,-108.0374831,0.140988238,0.001231161,-0.74183631,0.282400334
2022-09-21,3921.32 ,3924.39 ,3884.23 ,3903.73 ,3908.42 ,8645839100,8645839100,168939.07,16.3,27.24,-24.1528,3944.874,4008.729,4084.042333,205476.2003,22.33,59.12379,-1.04,4169.64,3907.63,4107,-111.569844,0.141712925,-0.007399571,-0.936222724,-0.227616335
2022-09-22,3875.18 ,3900.27 ,3860.23 ,3869.34 ,3876.26 ,8094691900,8094691900,161134.1,12,22.16,-28.9431,3913.318,3990.165,4076.029,186829.5223,11.94,56.372775,-1.12,4177.36,3878.6,4094,-118.3361318,0.130718092,-0.008809717,-0.845378337,-0.446135125
2022-09-23,3865.10 ,3888.40 ,3829.69 ,3856.02 ,3859.80 ,9434246200,9434246200,172904.81,10.94,18.42,-31.2429,3897.986,3971.999,4064.778333,173160.1157,6.02,56.26429,-1.08,4176.79,3853.15,4075,-124.9955402,0.124176007,-0.003443168,-0.761365086,-0.740644486
2022-09-26,3829.60 ,3893.32 ,3827.95 ,3836.68 ,3846.89 ,10452603100,10452603100,192906.2,8.41,15.09,-32.5583,3879.722,3946.288,4052.962667,175026.4677,7.88,55.480605,-1.11,4175.5,3827.35,4051,-131.3879232,0.124248742,-0.005016544,-0.66159078,-0.978625974
2022-09-27,3844.07 ,3893.03 ,3827.93 ,3892.30 ,3864.33 ,8886016000,8886016000,185955.25,13.83,14.67,-23.5461,3871.614,3924.407,4043.183333,176367.8864,14.9,57.06814,0.53,4166.97,3816.16,4024,-133.993462,0.139264131,0.01449632,-0.442153623,-1.305639358
2022-09-28,3879.44 ,3879.44 ,3828.05 ,3828.71 ,3853.91 ,8659221300,8659221300,172438.04,9.36,12.9,-23.6948,3856.61,3900.742,4031.545667,177067.6801,3.11,57.413245,-0.72,4164.18,3794.24,3997,-139.8003089,0.147883267,-0.016336172,-0.292456843,-1.428663728
2022-09-29,3864.32 ,3873.18 ,3808.65 ,3827.14 ,3843.32 ,8565414200,8565414200,171635.94,10.38,12.06,-21.6077,3848.17,3880.744,4018.551667,179168.0476,-5.86,57.32858,-0.55,4157.22,3776.03,3973,-143.6400985,0.147538044,-0.00040912,-0.128878477,-1.512986188
2022-09-30,3833.35 ,3848.60 ,3801.28 ,3804.89 ,3822.03 ,7855996600,7855996600,158692.75,7.69,10.6,-20.8189,3837.944,3867.965,4006.044667,176325.6358,0.89,57.206825,-0.86,4154.64,3754.73,3947,-147.3944835,0.146492752,-0.005815852,0.014111998,-1.506721873
2022-10-10,3806.56 ,3807.46 ,3715.71 ,3720.94 ,3762.67 ,10264759500,10264759500,194635.9,5.96,9.05,-28.7128,3814.796,3847.259,3991.707,176671.5766,-5.86,59.23051,-2.46,4162.08,3717.02,3921,-154.7492544,0.16166048,-0.022063425,-0.089554572,-1.03083654
2022-10-11,3732.02 ,3739.81 ,3706.06 ,3727.69 ,3726.40 ,8394462500,8394462500,166800.4,7.69,8.6,-29.9931,3781.874,3826.744,3976.583333,172840.6061,-5.31,59.20483,-1.43,4163.67,3686.66,3880,-163.2414666,0.162825343,0.001814113,-0.011520242,-1.057632481
2022-10-12,3722.87 ,3784.31 ,3661.53 ,3784.31 ,3738.26 ,10808931900,10808931900,210931.36,22.78,13.33,-20.6275,3772.994,3814.802,3964.024333,180539.27,-4.89,61.78065,0.3,4150.31,3673.22,3845,-168.6132233,0.17023901,0.015188964,0.197487235,-1.006536324
2022-10-13,3756.42 ,3783.60 ,3749.64 ,3752.67 ,3760.58 ,9901891500,9901891500,198368.89,28.29,18.32,-16.2983,3758.1,3803.135,3953.032667,185885.8603,-5.33,64.98612,-0.14,4135.3,3658,3808,-174.4331121,0.170391684,-0.008359128,0.382152963,-0.825795277
2022-10-14,3783.32 ,3863.23 ,3780.84 ,3842.47 ,3817.47 ,11624229300,11624229300,256551.27,44.92,27.18,0.1845,3765.616,3801.78,3943.907,205457.565,4.27,68.69628,2.04,4117.07,3656.71,3662,-178.2773365,0.19636614,0.023928784,0.595604496,-0.372923392
2022-10-17,3822.24 ,3849.62 ,3809.12 ,3846.41 ,3831.85 ,10419201900,10419201900,220488.87,58.22,37.53,12.4616,3790.71,3802.753,3935.202333,210628.159,15.81,68.985965,1.47,4083.5,3665.55,3666,-182.5985997,0.187350531,0.001025929,0.735015775,0.326527884
2022-10-18,3865.83 ,3870.22 ,3831.17 ,3838.27 ,3851.37 ,8834690700,8834690700,186556.3,66.65,47.24,19.8889,3812.826,3797.35,3926.827333,214579.3392,19.27,67.747685,0.67,4038.02,3683.74,3670,-184.8232847,0.185397227,-0.00211761,0.605806052,0.537020482
2022-10-19,3827.47 ,3840.49 ,3776.53 ,3776.53 ,3805.26 ,8157484400,8157484400,186736.41,62.8,52.43,17.0004,3811.27,3792.132,3916.852,209740.3484,17.93,68.88838,-0.91,3998.74,3694.13,3678,-188.1113755,0.189006709,-0.016083614,0.381643221,0.333163064
2022-10-20,3746.58 ,3804.25 ,3726.79 ,3754.93 ,3758.14 ,9029089500,9029089500,203781.62,56.79,53.88,12.8823,3811.722,3784.911,3906.055,210822.8939,5.33,68.263525,-1.49,3964.38,3701.27,3685,-187.5935917,0.18796093,-0.005721279,-0.077225879,-0.858789382
2022-10-21,3753.89 ,3768.69 ,3724.69 ,3742.89 ,3747.54 ,9875003800,9875003800,180686.36,50.85,52.87,9.4,3791.806,3778.711,3896.026667,195649.911,16.89,66.12711,-1.29,3951.91,3694.76,3693,-187.4692721,0.172113605,-0.003204856,0.033820108,-0.90065884
2022-10-24,3727.92 ,3762.16 ,3619.99 ,3633.37 ,3685.86 ,13005686400,13005686400,259450.74,35.68,47.14,-5.9644,3749.198,3769.954,3883.018667,203442.2847,37.17,71.06869,-3.09,3953.21,3664.01,3840,-193.0689485,0.197211781,-0.029260682,-0.525311664,0.362597805
2022-10-25,3621.94 ,3670.73 ,3594.70 ,3627.45 ,3628.71 ,11095388200,11095388200,219302.76,27.75,40.68,-14.7343,3707.034,3759.93,3870.086,209991.5775,31.45,72.50811,-2.15,3946.92,3639.76,3836,-197.2295311,0.196485102,-0.001629092,-0.781800636,0.173409269
2022-10-26,3633.31 ,3700.88 ,3633.31 ,3656.90 ,3656.10 ,12130154800,12130154800,242453.81,26.03,35.79,-14.3631,3683.108,3747.189,3856.906667,221135.058,32.1,75.80881,-0.71,3936.88,3625.11,3826,-197.9901195,0.20061232,0.008118228,-0.695116042,-0.404627309
2022-10-27,3667.66 ,3685.08 ,3631.06 ,3631.14 ,3653.74 ,11799867500,11799867500,257473.32,21.76,31.12,-15.296,3658.35,3735.036,3842.778667,231873.3973,28.34,76.50766,-0.74,3932.75,3605.42,3817,-199.3344336,0.20005399,-0.007043638,-0.544543873,-0.812195856
2022-10-28,3605.16 ,3618.86 ,3533.50 ,3541.33 ,3574.71 ,11877216200,11877216200,245816.45,15.28,25.84,-25.1374,3618.038,3704.922,3826.233667,244899.4162,28.53,77.84067,-2.12,3940.63,3566.07,3808,-204.1351019,0.214602882,-0.024734706,-0.686071852,-0.27725957
2022-10-31,3504.51 ,3553.39 ,3495.95 ,3508.70 ,3515.64 ,13846565500,13846565500,256574.82,11.42,21.03,-32.6912,3593.104,3671.151,3806.730667,244324.232,32.5,77.44404,-2.35,3949.27,3524.63,3792,-213.1079268,0.21532784,-0.009212952,-0.695625507,-0.282831592
2022-11-01,3519.82 ,3634.17 ,3517.62 ,3634.17 ,3576.45 ,14928669800,14928669800,295089.93,22.56,21.54,-18.1614,3594.448,3650.741,3790.832667,259481.6657,6.17,81.100065,1.11,3927.82,3520.28,3768,-212.1793605,0.249328887,0.035759591,-0.62961174,-0.543084135
2022-11-02,3620.37 ,3703.47 ,3610.80 ,3677.81 ,3653.11 ,14159291900,14159291900,291648.25,37.27,26.78,-0.9549,3598.63,3640.869,3777.914333,269320.5528,17.21,87.816605,2.2,3915.06,3517.94,3746,-209.0373074,0.25001161,0.012006005,-0.501057552,-0.537694904
2022-11-03,3645.06 ,3670.16 ,3628.50 ,3647.90 ,3647.91 ,11056603500,11056603500,215379.3,43.87,32.48,7.642,3601.982,3630.166,3765.273667,260901.7492,16.3,87.557695,1.27,3901.19,3513.88,3726,-206.4348771,0.250867157,-0.00813216,-0.338711487,-0.552250232
2022-11-04,3646.77 ,3782.88 ,3646.77 ,3767.17 ,3710.90 ,14973494900,14973494900,311145.48,60.75,41.9,29.4151,3647.15,3632.594,3759.756667,273967.5543,-1.83,92.910775,3.29,3896.02,3515.28,3518,-193.8012282,0.278699153,0.032697747,-0.33868159,-0.445002249
2022-11-07,3754.52 ,3792.79 ,3746.37 ,3775.30 ,3767.25 ,12982637100,12982637100,251195.7,71.87,51.89,44.0531,3700.47,3646.787,3754.666667,272891.7299,7.3,95.62478,2.02,3901.19,3515.55,3523,-181.7306468,0.266569337,0.002156125,-0.398097606,-0.531082431
2022-11-08,3773.66 ,3779.12 ,3723.34 ,3749.33 ,3756.36 ,9901645100,9901645100,193351.33,76.37,60.05,48.9986,3723.502,3658.975,3748.549667,252544.0092,2.13,96.72621,0.69,3902.97,3515.93,3534,-174.3931795,0.267889857,-0.006879459,-0.427110453,-0.549469797
2022-11-09,3750.78 ,3760.41 ,3711.27 ,3714.27 ,3734.18 ,8943452500,8943452500,172029.53,75.43,65.18,46.3381,3730.794,3664.712,3742.234333,228620.2661,8.27,93.044105,-0.44,3896.28,3515.62,3544,-167.5936455,0.264030451,-0.009349603,-0.354716529,-0.446914974
2022-11-10,3685.83 ,3701.53 ,3665.06 ,3685.69 ,3684.53 ,10350930200,10350930200,183155.31,71.59,67.32,39.7712,3738.352,3670.167,3736.112667,222175.4682,0.69,88.764185,-1.41,3891.82,3513.38,3554,-167.0530282,0.263790193,-0.007695159,-0.250545064,-0.43217053
2022-11-11,3787.76 ,3828.90 ,3747.09 ,3788.44 ,3788.05 ,18968558600,18968558600,344471.33,76.73,70.45,47.7717,3742.606,3694.878,3733.86,228840.6379,-7.56,91.27692,1.22,3882.12,3517.68,3564,-161.5990368,0.268847023,0.027878156,-0.344313745,-0.32890466
2022-11-14,3818.14 ,3848.41 ,3781.78 ,3794.02 ,3810.59 ,16966504800,16966504800,315536.86,76.86,72.59,51.9722,3746.35,3723.41,3732.438,241708.8692,1.82,92.90403,1.27,3871.99,3522.57,3580,-155.731565,0.268889821,0.00147248,-0.493480156,-0.294536437
2022-11-15,3788.93 ,3871.64 ,3775.50 ,3865.97 ,3825.51 ,15151565000,15151565000,296268.14,83.79,76.32,61.9235,3769.678,3746.59,3731.560333,262292.2328,-4.83,94.656415,2.55,3878.45,3518.89,3601,-143.4730317,0.277514471,0.018965518,-0.343372782,-0.162492615
2022-11-16,3860.81 ,3877.68 ,3829.31 ,3834.39 ,3850.55 ,12061096400,12061096400,235844.59,82.95,78.53,61.6024,3793.702,3762.248,3731.749667,275055.2444,-4.61,96.567705,1.07,3888.34,3514.78,3628,-132.3262301,0.272581724,-0.008169406,-0.263870271,-0.321197968
2022-11-17,3821.27 ,3821.74 ,3776.57 ,3818.66 ,3809.56 ,10594063200,10594063200,219540.81,79.38,78.81,56.7421,3820.296,3779.324,3731.467,282332.3449,-0.54,94.95339,-0.04,3897.44,3512.05,3658,-121.9213636,0.272127876,-0.004101278,-0.255539279,-0.51490478
2022-11-18,3823.82 ,3840.30 ,3801.57 ,3801.57 ,3816.82 ,11507877700,11507877700,224276.13,74.32,77.32,48.9887,3822.922,3782.764,3731.356333,258293.3059,-4.63,95.93981,-0.56,3904.56,3510.8,3684,-107.4155304,0.272417605,-0.004476801,-0.286713999,-0.663177068
2022-11-21,3769.63 ,3769.87 ,3734.00 ,3769.13 ,3760.66 ,9586696600,9586696600,188230.37,65.86,73.5,37.7575,3817.944,3782.147,3732.962667,232832.0094,-7.87,90.625175,-1.28,3909.92,3519.02,3708,-94.96111892,0.250512482,-0.008533767,-0.484727931,-0.464269063
2022-11-22,3766.08 ,3809.86 ,3751.04 ,3769.57 ,3774.14 ,14448633400,14448633400,203490.83,60.29,69.1,29.0458,3798.664,3784.171,3734.358667,214276.5465,-0.63,90.616735,-0.77,3914.02,3529.13,3728,-84.57956297,0.250268511,0.000118277,-0.700232613,-0.097351027
2022-11-23,3760.22 ,3791.18 ,3753.21 ,3773.53 ,3769.54 ,14452791100,14452791100,201070.6,49.37,62.52,22.7531,3786.492,3790.097,3733.999333,207321.7491,-4.67,87.314475,-0.34,3918.66,3536.15,3741,-73.23138982,0.249214109,0.001049456,-0.889412742,0.217408164
2022-11-24,3791.54 ,3804.90 ,3751.38 ,3756.81 ,3776.16 ,10107344700,10107344700,160698.92,38.2,54.41,15.6151,3774.122,3797.209,3734.137333,195553.3712,-3.79,87.28933,-0.46,3919.82,3547.56,3751,-58.79588533,0.248178475,-0.004430999,-1.123808957,0.904133369
2022-11-25,3751.28 ,3790.57 ,3743.41 ,3775.78 ,3765.26 ,14292971100,14292971100,191711.04,35.16,48,12.8411,3768.964,3795.943,3731.914333,189040.3531,-7.02,85.378705,0.18,3908.65,3582.17,3743,-42.50244106,0.227269897,0.00504902,-1.374522339,2.552084676
2022-11-28,3701.90 ,3736.08 ,3672.13 ,3733.24 ,3710.84 ,12782574800,12782574800,196305.56,33.35,43.11,5.0678,3761.786,3789.865,3728.142,190655.3907,-2.76,85.70443,-0.76,3876.44,3636.84,3805,-35.42385901,0.228890926,-0.011264968,-0.501784309,0.017723795
2022-11-29,3766.57 ,3854.77 ,3766.57 ,3848.42 ,3809.08 ,17870139200,17870139200,289062.34,54.41,46.88,14.6875,3777.556,3788.11,3728.480333,207769.6923,-8.78,87.925495,1.88,3879.09,3655.61,3672,-25.12180106,0.220544607,0.030852537,-0.390631187,0.084917021
2022-11-30,3836.56 ,3867.66 ,3833.83 ,3853.04 ,3847.77 ,15751140000,15751140000,250051.47,67.11,53.62,20.5597,3793.458,3789.975,3731.030667,217565.8657,-4.76,83.687735,1.57,3885.75,3666.48,3676,-13.60871601,0.217965813,0.001198959,-0.472851905,0.450124917
2022-12-01,3921.30 ,3944.56 ,3893.87 ,3894.77 ,3913.63 ,16996458500,16996458500,306678.2,71.98,59.74,28.4649,3821.05,3797.586,3735.692,246761.7205,-11.63,86.256875,1.93,3892.77,3684.14,3683,-6.548575207,0.216233758,0.01083099,0.203881172,-0.078636075
2022-12-02,3886.40 ,3898.11 ,3865.88 ,3870.95 ,3880.34 ,11678635000,11678635000,201253.17,72.32,63.93,28.7986,3840.084,3804.524,3739.960667,248670.1457,-20.05,80.149205,0.8,3903.67,3683.62,3699,-1.438611447,0.189420616,-0.006116127,0.058948455,-0.480251731
2022-12-05,3907.64 ,3947.48 ,3900.67 ,3946.88 ,3925.67 ,20174722100,20174722100,296615.51,81.47,69.78,37.0352,3882.812,3822.299,3750.411,268732.1358,-4.12,76.92762,1.65,3931.33,3673.12,3714,8.510859126,0.200007324,0.01961486,0.374277452,-0.02422607
2022-12-06,3929.01 ,3988.90 ,3923.00 ,3968.20 ,3952.28 ,15510832300,15510832300,275583.43,85.47,75.01,42.7386,3906.768,3842.162,3761.769333,266036.3547,-2.8,78.55024,1.57,3959.37,3666.97,3733,20.78169117,0.197309809,0.005402247,0.461465957,-0.028243073
2022-12-07,3956.67 ,3999.59 ,3944.18 ,3958.44 ,3964.72 ,14300135600,14300135600,255490.83,86.12,78.71,42.4912,3927.848,3860.653,3771.820667,267124.2269,-2.56,79.922775,0.78,3977.46,3673.29,3758,33.38022661,0.19310031,-0.002458799,0.406280168,-0.321181261
2022-12-08,3953.20 ,3971.49 ,3941.30 ,3959.18 ,3956.29 ,11519998600,11519998600,198037.69,86.64,81.35,39.7701,3940.73,3880.89,3782.755333,245396.1258,-9.02,79.608975,0.47,3987.39,3690.71,3787,40.24827028,0.189174864,0.000186664,0.549943216,-0.909662491
2022-12-09,3961.99 ,4003.32 ,3944.44 ,3998.24 ,3977.00 ,15377495400,15377495400,268166.79,90.38,84.36,40.4415,3966.188,3903.136,3797.985667,258778.8505,-6.76,74.51794,0.81,4011.83,3687.25,3813,48.44721177,0.168846018,0.009866791,0.442297615,-1.065005915
2022-12-12,3976.17 ,3983.43 ,3950.32 ,3953.44 ,3965.84 ,12593536800,12593536800,227606.3,83.77,84.17,32.4085,3967.5,3925.156,3812.810333,244977.0082,-16.76,71.40155,-0.35,4023.93,3691.09,3839,50.39838618,0.175975888,-0.011205144,0.221089284,-1.320449517
2022-12-13,3953.55 ,3964.40 ,3939.98 ,3945.68 ,3950.90 ,10099410000,10099410000,184020.7,75.2,81.18,23.9945,3962.996,3934.882,3823.194,226664.462,-12.32,67.81518,-0.44,4032.52,3690.47,3862,53.44303687,0.16487692,-0.001963352,0.112273255,-1.512157928
2022-12-14,3952.79 ,3972.74 ,3935.77 ,3954.89 ,3954.05 ,9852800600,9852800600,196175.11,71.72,78.03,17.8941,3962.286,3945.067,3832.43,214801.318,-17.11,64.55478,-0.19,4042.96,3692.09,3882,57.58197003,0.16126149,0.002332778,-0.053012441,-1.637245682
2022-12-15,3954.67 ,3963.50 ,3926.50 ,3951.99 ,3949.17 ,8886472500,8886472500,181994.89,64.48,73.51,11.9772,3960.848,3950.789,3842.566333,211592.7577,-20.01,64.146405,-0.22,4051.92,3696.45,3899,62.22386652,0.160131936,-0.000732562,-0.241583219,-1.6382988
2022-12-16,3931.23 ,3960.47 ,3929.49 ,3954.23 ,3943.86 ,9317856700,9317856700,167488.44,55.95,67.66,7.1141,3952.046,3959.117,3848.801667,191457.0883,-22.77,62.65855,0.06,4059.54,3704.1,3911,68.3676782,0.158532467,0.000566424,-0.45407647,-1.490262727
2022-12-19,3952.77 ,3966.57 ,3878.44 ,3893.22 ,3922.75 ,10691907500,10691907500,180801.39,41.24,58.85,-4.9226,3940.002,3953.751,3852.732333,182096.1056,-24.58,65.271225,-1.19,4057.66,3718.39,3973,71.13169429,0.166423646,-0.015428123,-0.629142267,-1.112615118
2022-12-20,3881.23 ,3881.27 ,3811.48 ,3829.02 ,3850.75 ,8309682200,8309682200,164046.44,30.54,49.42,-21.2205,3916.67,3939.833,3855.388667,178101.2538,-31.78,64.967935,-2.24,4053.84,3728.16,3971,70.34953957,0.178598858,-0.016491076,-0.675123934,-0.874623531
2022-12-21,3839.00 ,3853.73 ,3821.40 ,3830.54 ,3836.17 ,6483921500,6483921500,123450.04,23.67,40.84,-30.8984,3891.8,3927.043,3859.264333,163556.2401,-24.26,65.07383,-1.57,4049.88,3737.81,3964,70.5185726,0.178600939,0.000397256,-0.716800872,-0.60535077
2022-12-22,3859.20 ,3882.13 ,3821.34 ,3836.03 ,3849.68 ,8370517300,8370517300,163970.31,20.54,34.07,-35.3425,3868.608,3914.728,3864.275667,159951.3237,-25.97,65.43721,-0.84,4042.83,3752.79,3958,70.00522397,0.177550723,0.001433115,-0.710010974,-0.332618417
2022-12-23,3811.62 ,3848.34 ,3805.95 ,3828.22 ,3823.53 ,6527814800,6527814800,130559.42,18.15,28.76,-37.8902,3843.406,3897.726,3865.601667,152565.5183,-28.58,65.199345,-0.4,4037.86,3763,3952,71.25378277,0.177216055,-0.002035752,-0.694768701,-0.086649389
2022-12-26,3830.57 ,3856.81 ,3827.52 ,3843.49 ,3839.60 ,7300571200,7300571200,148692.83,19.6,25.71,-36.0835,3833.46,3886.731,3867.250667,146143.8072,-24.51,64.544705,0.26,4022.38,3789.51,3944,67.44440863,0.171691421,0.003988774,-0.128729623,-1.699333359
2022-12-27,3860.91 ,3891.85 ,3856.58 ,3887.85 ,3874.30 ,7751535000,7751535000,152032.21,30.06,27.16,-27.8472,3845.226,3880.948,3867.98,143740.9604,-26.15,58.62908,1.11,4021.55,3794.28,3935,65.8130632,0.139540685,0.011542977,-0.195406264,-1.562782116
2022-12-28,3874.91 ,3884.72 ,3854.94 ,3871.26 ,3871.46 ,8442465600,8442465600,160671.12,33.6,29.3,-23.7285,3853.37,3872.585,3869.209,151185.1767,-28.54,55.06363,0.46,4020.89,3796.76,3928,61.34719504,0.140531941,-0.004267033,-0.21939277,-1.487341643
2022-12-29,3854.24 ,3868.29 ,3838.48 ,3856.70 ,3854.43 ,7939481500,7939481500,149011.37,32.93,30.51,-22.0935,3857.504,3863.056,3870.477,148193.3898,-26.1,51.017415,-0.02,4021.26,3792.58,3920,57.56748029,0.135459284,-0.003762001,-0.138986131,-1.628197861
2022-12-30,3873.94 ,3887.55 ,3868.76 ,3871.63 ,3875.47 ,7877327200,7877327200,148295.05,47.44,36.16,-18.2864,3866.186,3854.796,3872.812333,151740.5166,-18.77,51.859525,0.14,4021.25,3792.66,3915,50.92700127,0.13458108,0.003871988,-0.140332439,-1.625611641
2023-01-03,3864.84 ,3893.99 ,3831.25 ,3887.90 ,3869.50 ,11505187500,11505187500,207540.17,62.65,44.99,-13.105,3875.068,3854.264,3876.771333,163509.9833,-18.9,50.917215,0.33,4017,3791.02,3910,44.36571621,0.114849062,0.004201172,0.00604076,-1.57392251
2023-01-04,3886.25 ,3905.90 ,3873.65 ,3892.95 ,3889.69 ,11066074300,11066074300,198997.71,70.78,53.59,-8.7358,3876.088,3860.657,3880.884,172903.0843,-12.45,50.2388,0.44,4009.18,3791.31,3906,38.8727704,0.112848937,0.001298516,0.141177045,-1.394417162
2023-01-05,3913.49 ,3974.88 ,3912.26 ,3968.58 ,3942.30 ,11650239500,11650239500,256312.61,79.28,62.15,3.9235,3895.552,3874.461,3887.385667,192031.3816,-9.42,51.47033,1.87,4010.91,3790.59,3831,37.39905188,0.133430161,0.019427566,0.148523832,-1.414780208
2023-01-06,3969.55 ,4000.41 ,3966.47 ,3980.89 ,3979.33 ,11095303800,11095303800,235744.31,82.42,68.91,13.0246,3920.39,3888.947,3894.855,209377.9682,-14.91,54.36824,1.54,4014.81,3788.86,3834,34.66132928,0.133846497,0.003102018,0.175888271,-1.42861508
2023-01-09,3998.53 ,4023.09 ,3990.71 ,4013.12 ,4006.36 ,11705442500,11705442500,233212.43,86.55,74.79,21.9312,3948.688,3907.437,3902.766333,226361.4436,-3.48,54.09819,1.63,4018.39,3786.77,3841,35.91207782,0.132323129,0.008096383,0.265679799,-1.215516986
2023-01-10,4014.71 ,4030.46 ,4002.23 ,4017.47 ,4016.22 ,10175114100,10175114100,214871.17,88.86,79.48,26.6404,3974.602,3924.835,3912.240667,227827.6437,-4.13,54.136015,1.08,4030.69,3780.87,3852,37.70609393,0.125215256,0.001084966,0.37317131,-1.143007765
2023-01-11,4019.88 ,4043.40 ,4008.02 ,4010.03 ,4020.33 ,9999788900,9999788900,203000.26,87.33,82.1,26.9064,3998.018,3937.053,3917.627667,228628.1539,-12.97,54.973675,0.3,4041.33,3776.67,3866,38.57804923,0.125183332,-0.001852607,0.367509791,-1.309202732
2023-01-12,4021.75 ,4030.29 ,4003.51 ,4017.87 ,4018.36 ,9055262700,9055262700,183686.27,87.54,83.91,26.2626,4007.876,3951.714,3923.122,214102.8859,-12.93,54.464095,0.25,4051.87,3772.43,3884,39.94318177,0.125129676,0.001954673,0.366612927,-1.430612974
2023-01-13,4032.29 ,4074.38 ,4027.89 ,4074.38 ,4052.24 ,9587189600,9587189600,212174,91.69,86.51,31.2343,4026.574,3973.482,3929.109,209388.8243,-22.42,56.157535,1.19,4075.02,3761.52,3900,43.95353268,0.133364305,0.014064171,0.50974503,-1.133839875
2023-01-16,4077.88 ,4177.10 ,4076.64 ,4137.96 ,4117.40 ,15139545500,15139545500,319007.75,90.16,87.73,40.2964,4051.542,4000.115,3938.009333,226547.8888,-35.24,61.91985,2.13,4112.13,3742.78,3921,53.99303605,0.142166739,0.015606582,0.763130304,-0.434164189
2023-01-17,4138.84 ,4148.58 ,4118.16 ,4137.24 ,4135.71 ,9547904000,9547904000,204381.58,88.43,87.96,43.1483,4075.496,4025.049,3944.354667,224449.9709,-35.36,61.11051,1.52,4145.8,3733.51,3957,66.70462925,0.126184524,-0.000174506,0.647328276,-0.794924057
2023-01-18,4140.10 ,4151.46 ,4125.77 ,4130.31 ,4136.91 ,8420064500,8420064500,172126.17,84.88,86.93,41.0674,4099.552,4048.785,3949.758333,218275.1527,-31.89,59.285695,0.75,4170.63,3738.81,3987,78.35819278,0.104587259,-0.001674521,0.48018974,-1.127505192
2023-01-19,4125.58 ,4156.01 ,4105.98 ,4156.01 ,4135.90 ,9460839800,9460839800,192699.59,86.15,86.67,40.0749,4127.18,4067.528,3956.344,220077.817,-31.19,59.67453,0.7,4196.35,3745.64,4014,90.43926814,0.104120236,0.006220689,0.349027205,-1.299520544
2023-01-20,4166.84 ,4189.83 ,4161.67 ,4181.53 ,4174.97 ,12355380900,12355380900,222342.46,89.29,87.54,39.7023,4148.61,4087.592,3963.755667,222111.5085,-18.87,60.82787,0.79,4222.84,3753.7,4037,103.5826997,0.10387029,0.006140268,0.24212067,-1.363607571
2023-01-30,4267.62 ,4268.15 ,4197.86 ,4201.35 ,4233.75 ,16460706400,16460706400,330193.32,84.45,86.51,38.9198,4161.288,4106.415,3970.526,224348.6231,13.55,64.032245,0.96,4247.19,3766.67,4061,116.2963797,0.101124729,0.004739489,0.167915228,-1.403282569
2023-01-31,4200.58 ,4212.73 ,4153.05 ,4156.86 ,4180.81 ,12455083500,12455083500,249365.32,75.61,82.88,29.6244,4165.212,4120.354,3977.306667,233345.3721,3.06,64.473665,-0.2,4258.82,3786.37,4099,123.9317508,0.114810083,-0.0105888,0.006328014,-1.480204378
2023-02-01,4170.13 ,4195.93 ,4137.77 ,4195.93 ,4174.94 ,14100895400,14100895400,265553.95,73.72,79.83,26.0783,4178.336,4138.944,3985.648333,252030.9267,13.33,64.165475,0.42,4277.38,3798.62,4129,133.9686032,0.113193988,0.009400225,-0.164350621,-1.417425714
2023-02-02,4207.41 ,4207.41 ,4170.56 ,4181.15 ,4191.63 ,13382373600,13382373600,262497.44,67.34,75.66,19.3891,4183.364,4155.272,3993.190333,265990.4957,18.15,66.1588,-0.05,4287.49,3819.5,4154,143.4926031,0.11251538,-0.003523388,-0.343747003,-1.271246635
2023-02-03,4162.03 ,4162.03 ,4103.17 ,4141.63 ,4142.22 ,11704122100,11704122100,226914.77,52.66,68,7.8785,4175.384,4161.997,3999.511667,266904.9587,31.63,67.61117,-0.81,4285.41,3850.07,4213,149.8178779,0.119291808,-0.009451325,-0.489209608,-1.076782937
2023-02-06,4103.83 ,4105.94 ,4065.22 ,4086.88 ,4090.47 ,11019271700,11019271700,226345.11,38.67,58.22,-8.0124,4152.49,4156.889,4003.933333,246135.317,34.88,67.193655,-1.58,4275.67,3881.33,4211,152.275919,0.133452285,-0.013220393,-0.562944421,-0.806898076
2023-02-07,4098.31 ,4107.34 ,4077.96 ,4094.23 ,4094.46 ,9136007200,9136007200,183537.35,30.54,48.99,-17.8714,4139.964,4152.588,4010.633667,232969.723,30.83,66.162455,-1.1,4264.4,3913.23,4205,154.7264131,0.133369002,0.001799809,-0.591917633,-0.570162849
2023-02-08,4099.86 ,4111.47 ,4072.65 ,4076.14 ,4090.03 ,8478609900,8478609900,170591.75,22.16,40.05,-26.6391,4116.006,4147.171,4018.871,213977.2844,26.54,64.3709,-0.97,4247.76,3948.2,4199,152.3682374,0.135632231,-0.004418996,-0.317472639,-1.24368473
2023-02-09,4067.56 ,4130.86 ,4064.75 ,4130.86 ,4098.51 ,10228996100,10228996100,211722.61,25.6,35.23,-24.9095,4105.948,4144.656,4028.881667,203822.3185,31.26,62.615275,0.61,4243.42,3968.76,4194,152.2482105,0.127204623,0.013423333,-0.409906406,-1.074235119
2023-02-10,4124.10 ,4125.29 ,4092.35 ,4106.31 ,4112.01 ,9671673300,9671673300,195348.32,26.43,32.3,-26.7518,4098.884,4137.134,4037.891,197509.0286,26.11,61.23458,0.18,4236.44,3988.29,4186,149.295305,0.130199662,-0.005942303,-0.413271888,-0.915810592
2023-02-13,4098.88 ,4146.45 ,4092.27 ,4143.57 ,4120.29 ,12889257700,12889257700,251990.18,36.04,33.55,-22.7863,4110.222,4131.356,4048.402667,202638.0421,39.57,61.112425,0.81,4234.41,4003.36,4179,148.1355548,0.130887049,0.009074888,-0.584211466,-0.451690912
2023-02-14,4151.25 ,4152.05 ,4125.26 ,4145.29 ,4143.46 ,10249989000,10249989000,204915.44,42.84,36.64,-19.8726,4120.434,4130.199,4058.462667,206913.6589,31.29,62.11371,0.6,4230.9,4019.65,4172,147.491742,0.130943649,0.000414184,-0.748496043,0.228597572
2023-02-15,4146.85 ,4153.72 ,4115.97 ,4123.69 ,4135.06 ,12166450800,12166450800,219855.53,48.76,40.68,-20.7022,4129.944,4122.975,4066.324,216766.4143,41.69,61.94268,-0.15,4221.65,4040.27,4165,145.4081599,0.132646648,-0.00521095,-0.642454199,0.647220983
2023-02-16,4125.41 ,4167.90 ,4068.86 ,4093.49 ,4113.92 ,15931058500,15931058500,281315.63,41.79,41.05,-24.8848,4122.47,4114.209,4073.731667,230685.0185,43.49,65.555755,-0.7,4210.68,4058.8,4168,139.0932719,0.136193698,-0.007323951,0.061626028,-0.753330072
2023-02-17,4086.22 ,4104.64 ,4032.93 ,4034.51 ,4064.58 ,11614258900,11614258900,225737.75,28.25,36.79,-34.5666,4108.11,4103.497,4079.658667,236762.9038,40.71,65.597855,-1.79,4217,4048.49,4160,126.9657433,0.137556425,-0.014408398,-0.412685683,0.195524496
2023-02-20,4039.96 ,4134.86 ,4035.48 ,4133.49 ,4085.95 ,16179448100,16179448100,280122.96,43.67,39.08,-26.9474,4106.094,4108.158,4088.387333,242389.4599,37.29,63.23369,0.67,4216.74,4048.31,4147,120.4298262,0.153610387,0.024534001,-0.395594214,0.19102652
2023-02-21,4130.06 ,4151.80 ,4116.27 ,4144.35 ,4135.62 ,14577617300,14577617300,249674.2,56.63,44.93,-20.0696,4105.906,4113.17,4096.935667,251341.2129,37.35,65.45263,0.94,4217.24,4048.52,4033,115.1102999,0.153902397,0.002628288,-0.420465646,0.183019092
2023-02-22,4118.97 ,4134.88 ,4101.86 ,4106.95 ,4115.67 ,10429029500,10429029500,191586.16,56.03,48.63,-20.1309,4102.558,4116.251,4104.069,245687.3389,41.35,65.43841,0.11,4216.87,4046.56,4036,106.9019299,0.157224193,-0.00902505,-0.330544034,0.005240049
2023-02-23,4106.21 ,4132.39 ,4088.21 ,4103.65 ,4107.62 ,10356490600,10356490600,197193.58,54.82,50.7,-20.1401,4104.59,4113.53,4108.571333,228862.9303,41.05,65.146125,-0.02,4214.32,4043.86,4038,97.66281337,0.155347039,-0.000804563,-0.152164026,-0.078452852
2023-02-24,4100.99 ,4102.61 ,4048.24 ,4061.05 ,4078.22 ,10098942500,10098942500,191210.47,43.49,48.29,-25.0863,4109.898,4109.004,4111.243333,221957.4739,38.85,63.67216,-1.19,4209.71,4036.43,4040,85.7647077,0.156907004,-0.010381158,-0.008481796,-0.179969394
2023-02-27,4040.46 ,4067.03 ,4034.52 ,4043.84 ,4046.46 ,9378763000,9378763000,187959.49,31.69,42.76,-29.5698,4091.968,4099.031,4112.267333,203524.7797,38.44,59.973335,-1.18,4200.5,4029.89,4035,75.82580232,0.155437842,-0.004235682,-0.122233663,-0.318066882
2023-02-28,4058.13 ,4074.26 ,4026.45 ,4069.46 ,4057.08 ,11032359100,11032359100,198799.71,31.26,38.93,-27.9943,4076.99,4091.448,4114.000333,193349.882,34.66,59.379835,-0.18,4196.1,4025.55,4026,65.7107872,0.154452003,0.006334146,0.093785429,-0.322590023
2023-03-01,4068.73 ,4135.48 ,4061.22 ,4126.94 ,4098.09 ,15601579400,15601579400,255374.79,47.56,41.81,-18.5733,4080.988,4091.773,4117.897333,206107.6084,35.34,61.92315,1.13,4183.21,4031.54,4029,59.71485784,0.159439567,0.014125417,-0.219278413,-0.394987368
2023-03-02,4119.99 ,4137.25 ,4113.83 ,4117.74 ,4122.20 ,14821763700,14821763700,235953.77,55.99,46.53,-13.1973,4083.806,4094.198,4121.226333,213859.6449,37.74,62.24262,0.83,4171.92,4036.48,4033,55.53440495,0.159214505,-0.002230175,-0.598095939,-0.570076427
2023-03-03,4126.02 ,4135.21 ,4100.38 ,4130.55 ,4123.04 ,16033174100,16033174100,226914.55,65.01,52.69,-7.799,4097.706,4103.802,4123.098667,221000.461,41.55,61.041045,0.8,4170.25,4037.05,4039,54.9413547,0.156305311,0.003111806,-0.627303042,-0.506601025
2023-03-06,4131.15 ,4132.84 ,4088.45 ,4109.01 ,4115.36 ,16297180700,16297180700,283079.86,68.17,57.85,-7.0363,4110.74,4101.354,4122.133667,240024.5352,57.01,61.224355,-0.04,4170.92,4038.59,4045,52.93312197,0.14976726,-0.005215067,-0.743558218,-0.316296449
2023-03-07,4103.64 ,4124.96 ,4046.57 ,4048.85 ,4081.01 ,19591206800,19591206800,272491.99,52.19,55.96,-14.1323,4106.618,4091.804,4119.187333,254762.9915,50.85,63.037935,-1.41,4173.13,4031.84,4137,48.92200587,0.15877469,-0.014640582,-0.626719476,-0.839612697
2023-03-08,4030.74 ,4037.29 ,4011.52 ,4034.11 ,4028.42 ,11793649300,11793649300,191659.66,40.78,50.9,-19.9526,4088.052,4084.52,4115.980667,242019.9644,48.31,62.384775,-1.32,4176.61,4024.16,4135,41.63846557,0.158546265,-0.003641576,-0.633303738,-1.013141913
2023-03-09,4035.84 ,4043.85 ,4000.89 ,4019.85 ,4025.11 ,11653962900,11653962900,201737.99,31.82,44.54,-24.5614,4068.474,4076.14,4111.442,235176.8095,48.25,61.227355,-1.2,4177.6,4012.07,4130,35.2335823,0.150080642,-0.003534164,-0.499120575,-1.186620597
2023-03-10,3991.80 ,4004.36 ,3966.43 ,3967.14 ,3982.43 ,12385540900,12385540900,218286.96,21.35,36.81,-33.0209,4035.792,4066.749,4104.295667,233451.2916,53.54,60.096995,-1.7,4188.13,3987.62,4123,24.64996318,0.155138179,-0.013113746,-0.782350855,-0.100672226
2023-03-13,3962.64 ,4008.69 ,3962.64 ,4008.69 ,3985.67 ,14356137000,14356137000,242865.52,23.03,32.22,-31.3443,4015.728,4063.234,4097.873667,225408.4226,54.09,59.69031,-0.18,4183.73,3978.53,4110,16.58725502,0.156484395,0.010473755,-0.578989186,-0.613440588
2023-03-14,3999.88 ,4001.94 ,3946.94 ,3984.70 ,3983.37 ,15054417400,15054417400,267224.85,21.96,28.8,-31.6963,4002.898,4054.758,4092.135,224354.9935,56.5,59.45157,-0.45,4179.62,3966.58,4095,8.808207271,0.157015966,-0.005984604,-0.460179398,-0.927383197
2023-03-15,4011.84 ,4018.75 ,3986.90 ,3986.90 ,4001.10 ,14202600700,14202600700,232101.09,21.72,26.44,-29.8863,3993.456,4040.754,4085.167333,232443.2813,61.9,61.15458,-0.16,4176.61,3955.92,4078,3.038516907,0.156769603,0.000553719,-0.266679801,-1.181621859
2023-03-16,3958.20 ,3981.32 ,3936.48 ,3939.15 ,3953.79 ,15251564400,15251564400,246264.29,14.93,22.6,-33.1233,3977.316,4022.895,4077.100667,241348.5404,62.95,58.44478,-0.96,4181.71,3935.38,4062,-1.881233938,0.159877505,-0.011977094,-0.29103103,-1.022097703
2023-03-17,3971.16 ,4004.22 ,3945.25 ,3958.82 ,3969.86 ,17743381800,17743381800,305541.02,13.91,19.7,-30.6734,3975.652,4005.722,4071.007,258799.3523,50.82,58.24619,-0.42,4185.46,3924.06,4044,-10.52068224,0.154395105,0.004993183,-0.255222443,-1.264197412
2023-03-20,3962.66 ,3979.55 ,3935.02 ,3939.08 ,3954.08 ,20526497000,20526497000,319760.03,10.51,16.64,-29.7476,3961.73,3988.729,4066.080333,274178.2555,48.08,55.37612,-0.57,4179.94,3910.15,4029,-20.25847813,0.122785648,-0.004986941,-0.136292147,-1.312062928
2023-03-21,3948.16 ,3982.70 ,3948.16 ,3982.38 ,3965.35 ,14509067900,14509067900,251631.99,21.52,18.27,-21.7118,3961.266,3982.082,4062.352,271059.6827,50.78,51.94439,0.53,4166.06,3907.83,4014,-25.47417422,0.130595877,0.010992728,-0.001322432,-1.356906586
2023-03-22,3993.78 ,4016.45 ,3986.71 ,3999.44 ,3999.10 ,14922897000,14922897000,265180.99,39.99,25.51,-12.9403,3963.774,3978.615,4059.795333,277675.6623,48.24,53.708185,0.9,4157.32,3905.81,4016,-29.41064551,0.129595794,0.004285002,0.191142923,-1.19524359
2023-03-23,3985.99 ,4039.09 ,3984.00 ,4039.09 ,4012.04 ,15888742100,15888742100,296479.53,59.99,37,-1.2549,3983.762,3980.539,4056.736333,287718.711,46.29,54.253615,1.39,4149.53,3907.15,3935,-29.03792324,0.135561435,0.009913081,0.292959262,-0.913046497
2023-03-24,4035.16 ,4037.84 ,4017.00 ,4027.05 ,4029.26 ,15944233000,15944233000,295785.59,69.47,47.83,5.0498,3997.408,3986.53,4054.094333,285767.6256,36.45,54.22717,0.74,4146.85,3906.43,3937,-28.42596207,0.13103707,-0.002981811,0.385076919,-0.785299197
2023-03-27,4023.30 ,4023.30 ,3987.03 ,4012.48 ,4011.53 ,16848227900,16848227900,315474.7,71.13,55.59,7.317,4012.088,3986.909,4049.724667,284910.5585,41.28,54.41553,0.01,4145.16,3904.99,3939,-29.85374397,0.130815231,-0.003617689,0.471243821,-0.718715042
2023-03-28,4015.70 ,4023.78 ,3994.60 ,3999.51 ,4008.40 ,13189511700,13189511700,248736.92,68.07,59.75,7.1222,4015.514,3988.39,4044.865333,284331.5457,37.31,53.8624,-0.4,4140.28,3902.87,3941,-34.73239677,0.128699622,-0.003230523,0.655346406,-0.443483431
2023-03-29,4013.59 ,4017.76 ,3992.67 ,4006.14 ,4007.54 ,13374351000,13374351000,263866.92,68.16,62.56,7.8801,4016.854,3990.314,4040.947,284068.7318,43.54,49.66527,-0.27,4123.47,3907.59,3943,-38.57546193,0.116638676,0.001657526,0.80984623,0.284858879
2023-03-30,4009.56 ,4040.50 ,3983.90 ,4038.53 ,4018.12 ,14990103700,14990103700,280004.72,78.15,67.75,12.4651,4016.742,4000.252,4039.115,280773.7691,38.73,48.693805,0.54,4109.03,3914.12,3945,-41.24796884,0.121380021,0.00808301,0.838482893,1.103686057
2023-03-31,4045.45 ,4063.57 ,4039.96 ,4050.93 ,4049.98 ,13884254600,13884254600,279863.69,81.78,72.43,16.6288,4021.518,4009.463,4039.662333,277589.3885,34.33,50.935945,0.73,4089.91,3925.27,3949,-42.08979539,0.121361726,0.003070427,0.353261983,0.688739274
2023-04-03,4059.62 ,4094.94 ,4059.06 ,4090.57 ,4076.05 ,18212431300,18212431300,382895.56,86.54,77.14,23.749,4037.136,4024.612,4038.231667,291073.5608,49.77,51.465475,1.32,4084.5,3928.84,3956,-37.89952063,0.125943335,0.009785887,0.028718371,-0.088122655
2023-04-04,4089.29 ,4103.16 ,4080.07 ,4103.11 ,4093.91 ,19714663100,19714663100,394443.18,91.02,81.76,28.836,4057.856,4036.685,4036.857,320214.8116,38.11,49.750705,1.12,4096.62,3922.15,3967,-32.55466959,0.114003349,0.003065003,0.392026607,0.158437042
2023-04-06,4084.13 ,4098.83 ,4078.40 ,4096.64 ,4089.50 ,15070337400,15070337400,328981.85,92.19,85.24,29.8899,4075.956,4046.405,4036.513333,333237.7974,45.64,49.48393,0.51,4107.6,3917.42,3980,-27.08746111,0.113198086,-0.001575685,0.436359539,-0.283920471
2023-04-07,4096.90 ,4131.31 ,4092.18 ,4123.28 ,4110.92 ,12867673800,12867673800,286567.77,92.98,87.82,32.5185,4092.906,4054.824,4037.167667,334550.4086,40.28,49.98136,0.74,4124.93,3910.44,3993,-17.92585306,0.1137265,0.006502866,0.497025512,-0.525270685
2023-04-10,4132.01 ,4132.30 ,4099.05 ,4104.81 ,4117.04 ,15245300200,15245300200,340822.56,89.14,88.26,30.1646,4103.682,4062.6,4038.626333,346742.1829,33.61,50.09022,0.03,4135.75,3913.38,4009,-12.22327041,0.102693694,-0.004478983,0.300149448,-0.85414843
2023-04-11,4108.51 ,4116.12 ,4083.49 ,4100.15 ,4102.07 ,15390133300,15390133300,324192.95,85.54,87.35,26.5051,4105.598,4071.367,4040.503333,335001.6616,35.35,49.419555,-0.13,4145,3913.28,4027,-5.839491885,0.097762984,-0.001136203,0.132638054,-1.156216522
2023-04-12,4102.40 ,4108.25 ,4090.28 ,4097.29 ,4099.56 ,16596527800,16596527800,325425.23,82.5,85.73,22.3884,4104.434,4081.145,4041.431,321198.0718,38.29,47.90703,-0.17,4152.47,3917.07,4041,-0.028237291,0.094386389,-0.000697609,-0.077356942,-1.23386348
2023-04-13,4081.39 ,4088.88 ,4059.57 ,4068.98 ,4074.71 ,15644429500,15644429500,300291.02,65.47,78.98,14.9016,4098.902,4087.429,4039.499,315459.9056,33.98,45.781905,-0.73,4155.26,3922.48,4054,6.464579574,0.098902927,-0.006909205,-0.271056097,-1.099219131
2023-04-14,4078.97 ,4098.22 ,4075.20 ,4092.00 ,4086.10 ,15069568200,15069568200,306201.5,58.64,72.2,12.2124,4092.646,4092.776,4038.641,319386.6516,40,45.47168,-0.02,4155.14,3937.88,4065,12.80032059,0.08713543,0.005657489,-0.389002396,-0.971946493
2023-04-17,4090.07 ,4149.38 ,4089.51 ,4149.38 ,4119.59 ,18877309500,18877309500,341831.27,72.43,72.28,17.0291,4101.56,4102.621,4039.268667,319588.3947,39.58,45.79364,1.17,4165.71,3946.37,4072,22.67563457,0.096597506,0.01402366,-0.338090737,-0.605193343
2023-04-18,4139.31 ,4169.67 ,4138.46 ,4162.03 ,4152.37 ,17018413000,17018413000,331545.66,79.31,74.62,20.5499,4113.936,4109.767,4041.036,321058.9367,41.63,47.57496,1.17,4172.02,3962.36,4085,30.52454284,0.092617574,0.00304826,0.026118127,-1.010914666
2023-04-19,4159.39 ,4159.39 ,4118.63 ,4124.56 ,4140.49 ,16255459200,16255459200,312219.51,72.55,73.93,16.6299,4119.39,4111.912,4043.559667,318417.7924,35.56,47.228915,0.13,4174.07,3974.53,4100,35.2541257,0.096290151,-0.009003559,-0.071817777,-1.05267278
2023-04-20,4122.95 ,4125.82 ,4094.00 ,4113.02 ,4113.95 ,16270667700,16270667700,332172.41,64.55,70.8,11.5233,4128.198,4113.55,4046.19,324794.0701,44.22,45.40535,-0.37,4174.61,3985.35,4094,37.18790441,0.097105587,-0.002797802,-0.222653116,-0.873482888
2023-04-21,4114.26 ,4114.26 ,4031.91 ,4032.57 ,4073.25 ,18080243500,18080243500,347852.01,43.19,61.6,-2.8809,4116.312,4104.479,4046.614,333124.1721,40.37,46.7684,-2.03,4174.92,3984.39,4170,35.60458419,0.117613141,-0.019560327,-0.216074688,-0.919992042
2023-04-24,4031.30 ,4033.64 ,3967.91 ,3982.64 ,4003.87 ,17009921700,17009921700,328375.62,31.23,51.47,-18.4556,4082.964,4092.262,4047.130667,330433.0405,40.44,47.36273,-2.46,4179.67,3975.19,4167,32.33264498,0.125272105,-0.012380277,-0.365810482,-0.803287167
2023-04-25,3985.11 ,3991.69 ,3925.44 ,3962.67 ,3966.23 ,17255540900,17255540900,331110.62,25.9,42.95,-30.0814,4043.092,4078.514,4045.596667,330346.032,42.67,48.861615,-1.99,4185.9,3963.98,4159,28.87356773,0.125826537,-0.005016041,-0.560239163,-0.520798072
2023-04-26,3950.26 ,3975.66 ,3934.66 ,3959.23 ,3954.95 ,16270200600,16270200600,322062.81,21.88,35.93,-36.4444,4010.026,4064.708,4044.747667,332314.6934,39.23,49.53494,-1.27,4190.89,3954.96,4145,25.08430434,0.125454947,-0.000866462,-0.67155892,-0.422696552
2023-04-27,3948.03 ,3999.13 ,3942.82 ,3988.42 ,3969.60 ,15382819500,15382819500,304804,23.18,31.68,-34.9274,3985.106,4056.652,4044.798333,326841.012,38.42,51.503775,0.08,4192.36,3951.72,4132,21.32472913,0.128346972,0.007371682,-0.665874253,-0.538345567
2023-04-28,3993.26 ,4030.45 ,3993.26 ,4029.09 ,4011.52 ,17950848800,17950848800,328936.29,29.6,30.99,-27.0059,3984.41,4050.361,4047.796333,323057.8685,41.09,53.055035,1.12,4192.51,3950.62,4119,19.16649767,0.13033702,0.010196347,-0.64057391,-0.613624014
2023-05-04,4013.47 ,4035.78 ,4001.13 ,4030.25 ,4020.16 ,22758284600,22758284600,345492.51,34.67,32.21,-20.4669,3993.932,4038.448,4050.177333,326481.2467,38.25,51.197805,0.91,4192.57,3948.5,4108,15.19214779,0.129809273,0.000288229,-0.582946364,-0.75383057
2023-05-05,4031.09 ,4047.60 ,3998.39 ,4016.88 ,4023.49 ,20662692400,20662692400,307694.49,38.32,34.25,-16.9451,4004.774,4023.933,4052.770667,321798.0208,42.08,50.909335,0.3,4190.78,3942.92,4097,10.1211504,0.124648688,-0.00331734,-0.398196478,-1.026056716
2023-05-08,4028.11 ,4070.77 ,4018.96 ,4062.66 ,4045.13 ,25558308500,25558308500,359539.95,49.77,39.42,-7.9107,4025.46,4017.743,4055.446667,329293.4493,47.66,52.323475,0.92,4187.58,3942.08,4088,7.916212878,0.13141861,0.011398157,-0.311965787,-0.996819796
2023-05-09,4065.44 ,4092.85 ,4026.39 ,4027.88 ,4053.14 ,27930604800,27930604800,396422.12,53.58,44.14,-6.159,4033.352,4009.229,4056.394667,347617.0729,40.48,54.99652,-0.14,4184.24,3938.54,4093,2.750177234,0.134512931,-0.008562612,-0.145271845,-1.066838184
2023-05-10,4017.94 ,4019.06 ,3984.63 ,3996.87 ,4004.63 ,20755270900,20755270900,309484.85,49.94,46.08,-8.5686,4026.908,4005.659,4054.987333,343726.7845,34.47,54.07263,-0.75,4177.52,3932.62,4087,-2.784446627,0.133699616,-0.00769783,0.069853283,-1.072971082
2023-05-11,4005.78 ,4018.06 ,3988.48 ,3990.66 ,4000.75 ,14480461900,14480461900,241052.07,45.09,45.75,-10.2753,4018.99,4006.461,4053.774333,322838.6975,35.66,53.73857,-0.7,4172.69,3926.04,4079,-8.119434296,0.133251052,-0.001552665,0.280499053,-1.02925252
2023-05-12,3987.77 ,3999.38 ,3937.53 ,3937.76 ,3965.61 ,14442172800,14442172800,228992.92,30.11,40.54,-17.3877,4003.166,4003.97,4051.283667,307098.3842,33.96,55.19985,-1.63,4171.67,3910.82,4071,-15.68973258,0.139804252,-0.013256316,0.333710196,-0.862402787
2023-05-15,3938.83 ,3998.89 ,3923.03 ,3998.89 ,3964.91 ,17625736200,17625736200,279531.16,34.97,38.68,-12.9216,3990.412,4007.936,4051.263,291096.6261,27.89,57.7551,0.21,4165.26,3907.39,4058,-18.40981595,0.152894611,0.015522776,0.545288586,-0.606996025
2023-05-16,4002.52 ,4005.02 ,3966.99 ,3978.21 ,3988.19 ,13683327100,13683327100,234840.65,34.14,37.17,-11.8448,3980.478,4006.915,4050.332,258780.3325,17.61,60.38894,-0.06,4162.26,3901.31,4042,-23.17899515,0.15215175,-0.005171889,0.709811762,-0.498028802
2023-05-17,3971.70 ,3982.60 ,3945.71 ,3960.17 ,3965.05 ,11844818500,11844818500,205195.69,30.05,34.79,-12.5849,3973.138,4000.023,4047.72,237922.4994,24.97,60.30144,-0.33,4156.18,3894.2,4028,-31.4809754,0.150427349,-0.004534809,0.916307049,-0.121385563
2023-05-18,3965.52 ,3982.72 ,3939.55 ,3956.07 ,3960.97 ,13653394700,13653394700,229134.18,26.52,32.04,-12.6171,3966.22,3992.605,4044.558,235538.922,32.47,58.750765,-0.26,4136.04,3895.01,4015,-40.20502163,0.138823937,-0.001034023,1.115875482,0.724221386
2023-05-19,3946.22 ,3967.28 ,3928.32 ,3944.54 ,3946.59 ,12021247900,12021247900,207094.95,21.9,28.66,-13.1235,3967.576,3985.371,4039.690333,231159.3263,23.34,56.691105,-0.58,4107.45,3901.85,4004,-47.19570055,0.137336651,-0.002914458,1.005879505,0.688056988
2023-05-22,3941.00 ,3985.40 ,3935.80 ,3969.33 ,3957.88 ,10911660500,10911660500,202185.55,30.67,29.33,-9.2348,3961.664,3976.038,4035.231,215690.2036,36.93,57.507075,0.19,4083.78,3910,3995,-52.02049052,0.138676691,0.006283977,1.00697977,1.207240952
2023-05-23,3968.23 ,3971.94 ,3913.19 ,3913.19 ,3941.64 ,11868507700,11868507700,189955.82,20.45,26.37,-13.1038,3948.66,3964.569,4029.116,206713.2362,35.99,58.85357,-0.9,4062.83,3910.97,3987,-55.38841599,0.145427557,-0.014143327,0.107073657,-0.455572541
2023-05-24,3903.78 ,3903.78 ,3859.09 ,3859.09 ,3881.44 ,13725826500,13725826500,211768.41,13.63,22.12,-21.3421,3928.444,3950.791,4020.309667,208027.7811,34.09,56.97039,-1.77,4070.14,3886.31,3977,-58.79646519,0.137500336,-0.01382369,-0.617819673,1.275941068
2023-05-25,3851.41 ,3861.38 ,3817.84 ,3850.50 ,3845.28 ,12415077000,12415077000,213313.62,14.9,19.72,-26.0298,3907.33,3936.775,4011.832667,204863.6682,37.5,55.861155,-1.45,4079.76,3863.48,3958,-61.46495193,0.132064636,-0.002226922,-0.740719591,0.652239163
2023-05-26,3848.42 ,3859.63 ,3815.57 ,3850.95 ,3843.64 ,10032643900,10032643900,191537.82,16.16,18.53,-27.0331,3888.612,3928.094,4003.526,201752.2422,28.35,54.751565,-0.97,4086.91,3845.15,3933,-63.80576434,0.131600137,0.000117258,-0.686569392,-0.090561634
2023-05-29,3862.08 ,3866.72 ,3819.18 ,3833.94 ,3845.48 ,13185996700,13185996700,230095.61,14.38,17.15,-27.8415,3861.534,3911.599,3994.747667,207334.2531,28.94,54.79824,-0.71,4094.34,3825.19,3909,-68.33932112,0.132004204,-0.004416961,-0.628645255,-0.582055928
2023-05-30,3827.79 ,3844.01 ,3789.27 ,3837.75 ,3824.71 ,13761962900,13761962900,244566.27,17.83,17.37,-25.7644,3846.446,3897.553,3987.04,218256.3432,30.75,54.311435,-0.23,4096.57,3807.9,3890,-74.48899006,0.128160533,0.000994147,-0.446536049,-1.036194971
2023-05-31,3827.16 ,3827.16 ,3781.40 ,3798.54 ,3808.57 ,12638736800,12638736800,235606.12,14.68,16.48,-27.4199,3834.336,3881.39,3977.258,223023.8858,24.34,52.21785,-0.93,4095.64,3785.78,3870,-82.34972556,0.123044296,-0.010216838,-0.375022186,-1.063085201
2023-06-01,3788.59 ,3832.21 ,3786.73 ,3806.87 ,3803.60 ,13456188100,13456188100,241829.55,13.95,15.64,-25.1978,3825.61,3866.47,3965.841,228727.0711,21.87,52.63158,-0.49,4089.41,3769.66,3852,-88.73271428,0.123889121,0.002191498,-0.22899492,-1.221208768
2023-06-02,3821.62 ,3865.28 ,3821.62 ,3861.83 ,3842.59 ,12501511000,12501511000,232696.55,23.37,18.21,-14.6527,3827.786,3858.199,3955.834333,236958.8176,24.03,54.0986,0.89,4078.84,3764.73,3781,-94.33751357,0.138044729,0.014438589,-0.029304763,-1.215459592
2023-06-05,3860.56 ,3860.56 ,3832.46 ,3844.25 ,3849.46 ,11616398900,11616398900,211144.36,32.7,23.04,-8.669,3829.848,3845.691,3946.490667,233168.5686,27.85,52.426375,0.38,4056.65,3765.08,3783,-98.80194789,0.128962569,-0.004553407,-0.025906604,-1.529032753
2023-06-06,3840.46 ,3867.85 ,3802.84 ,3808.16 ,3829.83 ,12578125800,12578125800,222091.72,32.12,26.07,-8.2007,3823.93,3835.188,3936.328667,228673.66,33.96,51.981925,-0.41,4041.59,3758.17,3785,-103.2971805,0.129494657,-0.009387087,0.051500319,-1.665742016
2023-06-07,3815.48 ,3823.11 ,3780.10 ,3789.34 ,3802.01 ,9886243200,9886243200,189879.79,24.92,25.69,-8.991,3822.09,3828.213,3928.221,219528.3937,28.34,52.41094,-0.86,4031.7,3747.3,3780,-108.1984165,0.128466445,-0.004942304,0.172862682,-1.570852857
2023-06-08,3791.08 ,3834.39 ,3777.78 ,3820.19 ,3805.86 ,11870093400,11870093400,199119.3,32.31,27.89,-4.1685,3824.754,3825.182,3922.806,210986.3445,34.19,53.57016,-0.12,4017.99,3743.97,3778,-108.6672706,0.134032069,0.00813991,0.361365261,-1.428755907
2023-06-09,3822.41 ,3836.70 ,3811.22 ,3836.70 ,3826.76 ,13431986300,13431986300,247296.09,43.35,33.04,2.0983,3819.728,3823.757,3918.607,213906.2525,29.7,53.423745,0.44,4011.57,3740.29,3781,-111.3431371,0.129093603,0.004323323,0.570672059,-1.200211861
2023-06-12,3827.33 ,3859.72 ,3813.86 ,3844.43 ,3836.34 ,12675854300,12675854300,240791.27,53.56,39.88,7.8164,3819.764,3824.806,3914.780333,219835.6346,42.83,52.055805,0.65,3991.38,3745.03,3785,-112.4646303,0.113979287,0.002014699,0.709055204,-0.933464314
2023-06-13,3838.13 ,3867.30 ,3833.46 ,3864.91 ,3850.95 ,11092494600,11092494600,225435.22,67.95,49.24,14.5005,3831.114,3827.522,3910.663333,220504.3331,37.31,50.628925,0.88,3974.31,3750.77,3788,-111.6042787,0.116121555,0.005325884,0.842169366,-0.442812143
2023-06-14,3872.72 ,3891.67 ,3862.06 ,3864.02 ,3872.62 ,12495575900,12495575900,243932.58,70.54,56.34,18.679,3846.05,3834.07,3905.161,231314.8909,36.42,51.69468,0.47,3959.65,3755.81,3793,-110.6263348,0.115602683,-0.000228388,1.014749072,0.364636904
2023-06-15,3871.77 ,3925.50 ,3871.77 ,3925.50 ,3898.64 ,12836993800,12836993800,282635.91,80.36,64.35,28.986,3867.112,3845.933,3901.669333,248018.213,33.7,52.708345,1.51,3952.69,3759.72,3801,-106.0470631,0.130440974,0.0159095,0.968593982,0.499319692
2023-06-16,3932.21 ,3968.01 ,3928.54 ,3963.35 ,3948.03 ,13976007600,13976007600,280374.76,86.09,71.6,39.5118,3892.442,3856.085,3899.885,254633.9481,19.95,55.571975,1.82,3957.54,3756.74,3813,-101.0435499,0.134715048,0.009642467,1.04724467,0.612439703
2023-06-19,3957.03 ,3957.03 ,3922.47 ,3930.91 ,3941.86 ,13490584800,13490584800,268213.07,84.23,75.81,40.5616,3909.738,3864.751,3895.493333,260118.3078,11.11,54.445545,0.54,3947.74,3762.7,3832,-95.10538742,0.135926441,-0.00818575,0.879709153,0.352107566
2023-06-20,3926.09 ,3937.49 ,3918.47 ,3924.24 ,3926.57 ,12252031800,12252031800,266274.08,81.81,77.81,38.8135,3921.604,3876.359,3892.038667,268286.081,19.44,52.45908,0.07,3949.87,3761.68,3848,-87.09290805,0.126018331,-0.00169686,0.872323807,0.214181349
2023-06-21,3909.10 ,3920.13 ,3864.03 ,3864.03 ,3889.32 ,11834657500,11834657500,243630.71,65.77,73.8,28.4814,3921.606,3883.828,3887.610667,268225.7058,23.03,53.02943,-1.47,3950.18,3761.86,3862,-82.06162765,0.128394702,-0.015341935,0.853396829,0.181935812
2023-06-26,3833.44 ,3841.29 ,3801.05 ,3809.70 ,3821.37 ,13399041900,13399041900,247713.85,45.57,64.39,13.9962,3898.446,3882.779,3881.578667,261241.2928,0.9,52.863805,-2.28,3950.39,3757.58,3957,-80.02129126,0.137859062,-0.01406202,0.884500567,0.079047705
2023-06-27,3811.69 ,3851.90 ,3806.32 ,3845.43 ,3828.84 ,11699268100,11699268100,210097.71,39.24,56.01,9.1302,3874.862,3883.652,3878.501,247185.883,13.43,53.202955,-0.76,3950.18,3757.23,3954,-75.4456367,0.142250077,0.009380591,0.90138384,0.094121509
2023-06-28,3836.61 ,3846.85 ,3808.16 ,3840.80 ,3833.11 ,10702154100,10702154100,206187.96,34.1,48.7,5.3763,3856.84,3883.289,3873.231333,234780.8612,2.8,52.67164,-0.42,3950.27,3757.82,3951,-71.52107987,0.141399133,-0.001205274,0.887522684,0.098267673
2023-06-29,3836.73 ,3840.71 ,3817.38 ,3821.84 ,3829.17 ,9828927400,9828927400,204110.03,26.88,41.43,0.6748,3836.36,3878.982,3868.019,222348.0513,0.44,51.562685,-0.38,3950.3,3756.2,3948,-66.78002087,0.1424638,-0.004935198,0.9048043,0.060077108
2023-06-30,3816.33 ,3860.03 ,3813.55 ,3842.45 ,3833.09 ,10126842900,10126842900,208146.27,26.19,36.35,0.675,3832.044,3876.825,3864.095,215251.1647,-2.35,51.59864,0.27,3949.22,3761.67,3945,-61.66183483,0.13858071,0.005392188,0.93909522,0.221618429
2023-07-03,3853.29 ,3897.33 ,3853.29 ,3892.88 ,3874.20 ,13315805100,13315805100,256876.52,37.08,36.59,7.4266,3848.68,3873.563,3861.988667,217083.6996,1.68,53.24732,1.15,3952.02,3767.48,3942,-57.02632309,0.145439333,0.013124564,0.773592869,-0.01271183
2023-07-04,3888.03 ,3899.98 ,3878.40 ,3899.01 ,3891.36 ,10949452700,10949452700,216335.61,48.65,40.61,12.3847,3859.396,3867.129,3860.471,218331.2792,3.01,51.654005,1.03,3955.54,3767.68,3939,-51.43680193,0.136857648,0.001574977,0.63545037,-0.357386102
2023-07-05,3895.19 ,3899.52 ,3864.13 ,3868.81 ,3881.91 ,9763638400,9763638400,188400.27,51.4,44.21,11.2936,3864.998,3860.919,3857.120333,214773.7402,5.41,51.476645,0.1,3956.45,3769.22,3937,-45.83283684,0.138888773,-0.007747576,0.557601773,-0.393755609
2023-07-06,3857.03 ,3876.89 ,3836.46 ,3842.75 ,3853.28 ,10012184200,10012184200,184742.42,48.32,45.58,6.9708,3869.18,3852.77,3854.772333,210900.2181,3.35,50.24827,-0.68,3955.16,3773.97,3934,-40.87054999,0.136705535,-0.006733526,0.585714954,-0.22536848
2023-07-07,3831.60 ,3844.84 ,3819.08 ,3825.70 ,3830.31 ,10090692000,10090692000,173918.56,39.11,43.42,1.9832,3865.83,3848.937,3853.659333,204054.6756,0.7,49.386085,-1.04,3951.94,3780.83,3933,-38.55141749,0.136451567,-0.004438457,0.827760586,-0.203607426
2023-07-10,3841.56 ,3865.46 ,3831.92 ,3844.33 ,3845.82 ,9203344100,9203344100,185360.81,39.2,42.02,1.3898,3856.12,3852.4,3853.453667,189751.5342,2.53,48.874375,-0.31,3951.06,3784.12,3928,-36.24263162,0.134515516,0.004869202,0.865718637,-0.090443064
2023-07-11,3853.80 ,3870.65 ,3844.52 ,3869.49 ,3859.62 ,8651071600,8651071600,177585.69,47.71,43.91,4.4121,3850.216,3854.806,3854.071667,182001.5508,1.69,47.86475,0.5,3951.42,3787.04,3924,-33.17781504,0.135610717,0.006544501,0.798477794,-0.06473735
2023-07-12,3864.60 ,3874.04 ,3838.56 ,3843.44 ,3855.16 ,11152202400,11152202400,214046.52,43.33,43.72,2.9959,3845.142,3855.07,3854.388333,187130.8016,-2.96,47.21377,-0.04,3951.43,3786.93,3919,-32.59244929,0.13780294,-0.006731953,0.799031173,-0.069213502
2023-07-13,3855.66 ,3901.10 ,3855.66 ,3898.42 ,3877.71 ,12030023200,12030023200,235278.71,61.13,49.53,9.2074,3856.276,3862.728,3856.410667,197238.0588,-15.38,47.66844,1.09,3954.1,3787.61,3915,-29.24291682,0.145747526,0.014306466,0.656839146,-0.358294474
2023-07-14,3904.60 ,3908.49 ,3893.79 ,3899.10 ,3901.50 ,12236484600,12236484600,220230.47,70.59,56.55,12.9227,3870.956,3868.393,3859.762667,206500.44,-13.9,47.399405,0.73,3956.72,3788.49,3912,-29.10060598,0.145730341,0.000174378,0.515597975,-0.59344111
2023-07-17,3881.62 ,3881.62 ,3852.26 ,3867.17 ,3870.67 ,9834014400,9834014400,174623.55,64.99,59.36,10.6869,3875.524,3865.822,3861.772667,204352.9879,-9.43,45.695475,-0.22,3950.05,3789.34,3909,-32.45437568,0.136876287,-0.008188499,0.700268119,-0.011246229
2023-07-18,3871.04 ,3871.04 ,3844.51 ,3854.94 ,3860.38 ,9143861500,9143861500,167104.32,56.69,58.47,7.3284,3872.614,3861.415,3861.543,202256.7121,-18.66,42.21014,-0.46,3931.59,3796.95,3906,-34.6300869,0.131474039,-0.003163963,0.467817428,-0.5480601
2023-07-19,3848.48 ,3860.01 ,3830.41 ,3850.87 ,3847.44 ,7958570000,7958570000,151311.48,49.65,55.53,4.4671,3874.1,3859.621,3861.763667,189709.7045,-23.93,41.96231,-0.6,3920,3800.54,3904,-36.56715255,0.128971479,-0.001056567,0.464445991,-0.34059875
2023-07-20,3857.77 ,3875.62 ,3818.71 ,3823.69 ,3843.95 ,9204207600,9204207600,174320.87,34.95,48.67,-0.8925,3859.154,3857.715,3862.281333,177518.1375,-20.91,43.85677,-0.92,3908.92,3801.56,3899,-36.75567993,0.130745283,-0.007055997,0.33226412,-0.700448224
2023-07-21,3816.98 ,3849.51 ,3808.80 ,3821.91 ,3824.30 ,7950756300,7950756300,157144.21,27.68,41.67,-4.293,3843.716,3857.336,3863.367,164900.8865,-30.09,43.0874,-0.57,3908.64,3797.64,3893,-34.30720593,0.119557084,-0.000466721,0.450887579,-0.784082768
2023-07-24,3803.35 ,3828.79 ,3798.80 ,3805.22 ,3809.04 ,7548354500,7548354500,151448.37,20.41,34.58,-8.1805,3831.326,3853.425,3862.868,160265.8498,-41.78,42.5748,-0.68,3909.18,3796.64,3885,-34.60246563,0.109392129,-0.004366665,0.385572991,-0.719691413
2023-07-25,3866.64 ,3915.81 ,3866.64 ,3915.12 ,3891.05 ,16306632000,16306632000,299853.56,46.74,38.64,4.0064,3843.362,3857.988,3865.482,186815.6992,-39.88,45.8832,1.87,3918.99,3793.8,3799,-29.15650735,0.146110592,0.028879873,0.367324255,-0.875190906
2023-07-26,3908.17 ,3912.98 ,3893.40 ,3907.01 ,3905.39 ,10788171700,10788171700,192912.61,61.99,46.42,10.5583,3854.59,3864.345,3867.568,195135.924,-39.99,46.173775,1.36,3925.74,3793.68,3801,-23.44021698,0.146308104,-0.002069543,0.194360417,-1.171714312
2023-07-27,3914.23 ,3935.36 ,3894.69 ,3902.35 ,3911.66 ,11066710900,11066710900,196845.43,66.6,53.15,13.6511,3870.322,3864.738,3868.816,199640.8347,-39.65,46.644105,0.83,3929.86,3797.61,3803,-19.27349613,0.144934355,-0.001194519,-0.001145209,-1.231574018
2023-07-28,3889.79 ,4000.92 ,3886.55 ,3992.74 ,3942.50 ,17973548100,17973548100,310092.47,76.38,60.89,26.5142,3904.488,3874.102,3873.106667,230230.4859,-48.26,50.038425,2.26,3958.1,3784.39,3809,-13.31704633,0.163979474,0.023163452,0.956623256,1.792216533
2023-07-31,4018.89 ,4064.36 ,4002.08 ,4014.63 ,4024.99 ,19960683000,19960683000,366544.12,78.01,66.6,36.0235,3946.37,3888.848,3876.077667,273249.636,-50.37,54.74009,1.73,3985.12,3769.55,3820,-6.870354011,0.159304998,0.00548308,1.219974321,1.540605371
2023-08-01,4009.18 ,4031.70 ,3983.03 ,3998.00 ,4005.48 ,14228685900,14228685900,255620.77,77.01,70.07,37.9335,3962.946,3903.154,3877.232667,264403.0783,-55.2,54.839585,0.88,4002.62,3761.95,3840,-0.067056311,0.160579638,-0.004142125,1.070788783,0.406712255
2023-08-02,3985.70 ,4008.33 ,3958.51 ,3969.90 ,3980.61 ,12585569000,12585569000,204875.69,72.82,70.99,33.43,3975.524,3915.057,3878.532333,266795.6955,-51.1,55.56123,-0.14,4013.63,3761.04,3858,6.293311505,0.160060055,-0.007030013,0.815550552,-0.395011179
2023-08-03,3962.13 ,4005.00 ,3962.13 ,4004.98 ,3983.56 ,12900664000,12900664000,224809.83,74.43,72.13,33.1303,3996.05,3933.186,3881.223667,272388.5753,-49.02,55.863935,0.22,4030.24,3760.66,3874,14.94290093,0.159211172,0.008838748,0.595604696,-0.932817362
2023-08-04,4033.72 ,4058.24 ,4011.62 ,4020.58 ,4031.04 ,17826718900,17826718900,316529.73,75.57,73.28,32.9195,4001.618,3953.053,3886.442,273676.0286,-52.22,59.38128,0.47,4046.76,3763.63,3889,23.00837088,0.157425875,0.003893973,0.431232401,-1.209581956
2023-08-07,4002.97 ,4002.97 ,3977.02 ,3990.15 ,3993.28 ,12131066200,12131066200,227090.57,69.8,72.12,26.8253,3996.722,3971.546,3892.457,245785.3192,-62.85,58.35983,-0.16,4055.86,3769.11,3903,27.89130234,0.161099791,-0.007567591,0.207979225,-1.40992695
2023-08-08,3980.04 ,4002.29 ,3963.46 ,3979.73 ,3981.38 ,10987169900,10987169900,202611.34,64,69.41,19.8558,3993.068,3978.007,3896.933667,235183.4315,-61.67,58.364445,-0.33,4062.88,3773.11,3915,33.31150222,0.160858141,-0.002611654,0.006401036,-1.502694311
2023-08-09,3967.36 ,3982.11 ,3961.84 ,3967.57 ,3969.72 ,9464026900,9464026900,174394.24,57.86,65.56,12.4358,3992.602,3984.063,3901.159333,229087.1419,-71.83,57.603875,-0.63,4066.25,3782.16,3927,35.10304211,0.158895894,-0.003057241,-0.197734773,-1.382981998
2023-08-10,3962.86 ,3976.46 ,3945.39 ,3975.72 ,3965.11 ,9717684900,9717684900,175646.73,47.07,59.4,7.6862,3986.75,3991.4,3906.288667,219254.523,-64.88,56.03076,-0.28,4071.36,3784.78,3937,37.17858501,0.15179546,0.002054509,-0.348147097,-1.37015607
2023-08-11,3977.98 ,3977.98 ,3884.25 ,3884.25 ,3931.12 ,12608293100,12608293100,203546.32,31.38,50.06,-7.8731,3959.484,3980.551,3907.682,196657.8391,-55.35,58.075985,-1.9,4071.4,3783.25,4002,36.17360076,0.174561924,-0.023005362,-0.31749717,-1.426011791
2023-08-14,3840.89 ,3859.47 ,3814.07 ,3855.91 ,3842.59 ,11596633600,11596633600,197623.77,26.63,42.25,-21.3166,3932.636,3964.679,3906.449667,190764.4776,-62.29,58.878025,-1.95,4071.91,3781.62,4000,34.41326072,0.174042632,-0.007298107,-0.307056149,-1.466513291
2023-08-15,3858.37 ,3865.28 ,3811.68 ,3846.54 ,3845.47 ,10309711100,10309711100,177437.07,22.47,35.66,-30.2593,3905.998,3949.533,3904.700667,185729.6249,-68.06,60.231455,-1.52,4072.41,3780.27,3992,32.47606768,0.17389264,-0.002430142,-0.304002086,-1.489603381
2023-08-16,3830.83 ,3852.42 ,3817.63 ,3818.33 ,3829.80 ,9461694600,9461694600,169323.87,15.88,29.06,-38.248,3876.15,3934.376,3903.018,184715.5502,-63.87,60.788155,-1.49,4074.99,3774.44,3982,30.5842243,0.175776776,-0.007331766,-0.321462734,-1.512798286
2023-08-17,3801.20 ,3836.15 ,3782.50 ,3831.10 ,3812.74 ,9841549300,9841549300,174093.85,17.93,25.35,-39.9022,3847.226,3916.988,3902.629667,184404.9738,-67.3,60.62532,-0.42,4074.34,3775.83,3971,29.51455308,0.174429025,0.003343605,-0.314985067,-1.513269215
2023-08-18,3832.46 ,3844.20 ,3784.00 ,3784.00 ,3811.17 ,9554963800,9554963800,168445.69,12.18,20.96,-45.0499,3827.176,3893.33,3901.239667,177384.8482,-56,61.67484,-1.13,4078.79,3767.59,3956,26.97796543,0.179968109,-0.012293334,-0.409110421,-1.320440901
2023-08-21,3773.23 ,3782.11 ,3729.56 ,3729.56 ,3753.62 ,9870836900,9870836900,173379.94,8.12,16.68,-52.9517,3801.906,3867.271,3897.414,172536.0838,-57.04,62.803625,-1.9,4090.04,3748.78,3942,16.35105216,0.186330465,-0.014389203,-0.69142758,-0.519752689
2023-08-22,3748.07 ,3770.06 ,3704.68 ,3758.23 ,3745.26 ,12031832700,12031832700,203463.88,11.95,15.1,-51.4369,3784.244,3845.121,3893.705333,177741.4454,-52.37,60.22198,-0.69,4096.82,3726.3,3921,8.094214549,0.154610487,0.007687807,-0.565321097,-0.999788644
2023-08-23,3751.77 ,3756.17 ,3695.03 ,3696.63 ,3724.90 ,9708163800,9708163800,160476.23,8.15,12.79,-55.5039,3759.904,3818.027,3888.811667,175971.9179,-56.17,60.961785,-1.68,4109.8,3692.29,3895,-2.596091178,0.162931535,-0.016388898,-0.568644641,-1.031978585
2023-08-24,3711.54 ,3748.86 ,3701.57 ,3723.43 ,3721.35 ,11961452100,11961452100,196257.39,11,12.19,-51.4467,3738.37,3792.798,3882.978667,180404.6264,-51.37,61.55512,-0.4,4115.44,3668.76,3867,-15.93170162,0.166705023,0.007248595,-0.431997997,-1.387268504
2023-08-25,3703.51 ,3734.22 ,3695.84 ,3709.15 ,3710.68 ,10518261000,10518261000,175601.44,10.09,11.49,-47.6361,3723.4,3775.288,3876.647,181835.7765,-62.45,57.75556,-0.38,4110.19,3645.65,3843,-30.40903654,0.137450581,-0.00383453,-0.241635508,-1.564250793
2023-08-28,3911.55 ,3911.55 ,3740.53 ,3752.62 ,3829.06 ,19799037900,19799037900,335047.67,15.6,12.86,-36.7004,3728.012,3764.959,3872.828667,214169.3221,-58.38,59.650345,0.66,4094.16,3635.48,3912,-41.15766471,0.144482807,0.011719041,-0.04384536,-1.636852989
2023-08-29,3743.05 ,3810.38 ,3742.08 ,3790.11 ,3771.41 ,15248614600,15248614600,262134.94,25.03,16.92,-22.5516,3734.388,3759.316,3870.667667,225903.5335,-67.49,60.709135,1.49,4077.1,3631.75,3881,-48.08919648,0.15194375,0.009989636,0.146487987,-1.536128194
2023-08-30,3803.12 ,3813.70 ,3780.24 ,3788.51 ,3796.39 ,12967166100,12967166100,226727.48,31.08,21.64,-12.0685,3752.764,3756.334,3868.589,239153.7834,-61.89,61.799425,0.95,4062.94,3627.77,3855,-56.50844665,0.151227563,-0.00042136,0.352624448,-1.336205196
2023-08-31,3786.93 ,3794.00 ,3762.00 ,3765.27 ,3777.05 ,11896164600,11896164600,193577,31.53,24.94,-7.167,3761.132,3749.751,3866.641667,238617.7054,-66.53,61.07471,0.11,4040.07,3626.67,3833,-66.44859432,0.145839369,-0.00613484,0.557034638,-1.011014356
2023-09-01,3778.91 ,3808.53 ,3778.91 ,3791.49 ,3789.46 ,10531904500,10531904500,172219.14,35.87,28.58,0.3082,3777.6,3750.5,3865.627667,237941.2463,-61.11,58.595335,0.37,4009.43,3634.4,3820,-73.0592596,0.148160344,0.006964551,0.684666812,-0.662062775
2023-09-04,3812.99 ,3854.26 ,3804.59 ,3848.95 ,3830.20 ,14238520100,14238520100,237934.73,47.61,34.93,12.9913,3796.866,3762.439,3867.085333,218518.6577,-66.05,61.065195,1.37,3985.58,3644.13,3762,-75.94532162,0.160026447,0.015155119,0.737708403,-0.196216157
2023-09-05,3839.58 ,3839.58 ,3814.33 ,3820.32 ,3828.45 ,10405233300,10405233300,181377.88,50.98,40.28,17.2561,3802.908,3768.648,3863.925333,202367.2459,-62.88,60.8733,0.46,3959.08,3654.69,3764,-79.51044554,0.161275684,-0.007439506,0.797035719,0.484270981
2023-09-06,3808.10 ,3817.52 ,3790.89 ,3812.03 ,3807.14 ,9344239300,9344239300,166081.52,51.94,44.16,18.5777,3807.612,3780.188,3860.759333,190238.0546,-57.97,61.191465,0.12,3931.32,3666.9,3766,-83.71933827,0.161232122,-0.002169741,0.770142295,1.338444835
2023-09-07,3802.23 ,3802.23 ,3756.85 ,3758.47 ,3779.95 ,9510390300,9510390300,164405.75,38.12,42.15,12.1647,3806.252,3783.692,3855.963333,184403.8041,-54.53,61.906335,-1.26,3891.99,3684.5,3854,-85.82232135,0.166016503,-0.014048558,-0.033511075,-0.753673541
2023-09-08,3747.65 ,3753.26 ,3724.99 ,3739.99 ,3741.47 ,7163816600,7163816600,129197.66,29.28,37.86,5.6899,3795.952,3786.776,3847.538333,175799.5072,-48.21,58.633655,-1.47,3876.39,3685.67,3852,-87.32687528,0.147794968,-0.004917447,-0.072878957,-0.992509295
2023-09-11,3740.58 ,3788.32 ,3734.72 ,3767.54 ,3757.79 ,10535801600,10535801600,186871.76,30.49,35.41,5.3778,3779.67,3788.268,3839.302,165586.9135,-48.66,59.530365,-0.32,3865.33,3687.9,3847,-86.91046652,0.149797607,0.007364801,-0.040261628,-0.826243096
2023-09-12,3764.33 ,3775.09 ,3755.42 ,3760.60 ,3763.86 ,7938537800,7938537800,140117.51,29.51,33.44,4.5303,3767.726,3785.317,3831.388667,157334.84,-47.8,58.86887,-0.19,3854.88,3689.75,3842,-85.45139319,0.149745603,-0.001839982,0.010720922,-0.600092537
2023-09-13,3759.61 ,3768.82 ,3719.11 ,3736.65 ,3746.05 ,8157690100,8157690100,138238.09,24,30.29,1.2102,3752.65,3780.131,3823.613667,151766.1531,-45.55,59.317315,-0.43,3849.28,3687.19,3838,-85.90129853,0.149249754,-0.006369587,0.22297752,-0.423278266
2023-09-14,3736.94 ,3748.82 ,3717.31 ,3733.51 ,3734.15 ,10038607500,10038607500,151578.1,19.94,26.84,-0.8322,3747.658,3776.955,3814.564667,149200.6235,-42.69,58.209965,-0.38,3840.1,3686.61,3831,-84.13103861,0.148342979,-0.000841288,0.388373047,-0.025602344
2023-09-15,3740.79 ,3749.02 ,3699.38 ,3708.78 ,3724.49 ,10939568900,10939568900,180398.97,15.53,23.07,-4.7204,3741.416,3768.684,3804.171333,159440.8862,-51.82,57.607255,-0.87,3839.39,3679.79,3821,-80.96340668,0.144001083,-0.006624092,0.502938575,-0.124337148
2023-09-18,3698.93 ,3737.53 ,3691.11 ,3727.71 ,3713.82 ,8672774100,8672774100,156966.97,20,22.05,-3.9785,3733.45,3756.56,3795.423333,153459.9291,-52.49,57.30044,-0.15,3839.45,3679.55,3809,-78.44104134,0.13623994,0.005105295,0.50294103,-0.138049637
2023-09-19,3723.42 ,3724.07 ,3702.69 ,3720.50 ,3717.67 ,8319903800,8319903800,135216.9,22.15,22.08,-3.7007,3725.43,3746.578,3786.782333,152479.8061,-54.1,55.679635,-0.13,3839.45,3675.78,3795,-73.32557928,0.13328835,-0.001933868,0.572143631,-0.268232445
2023-09-20,3715.96 ,3718.52 ,3705.13 ,3705.69 ,3711.33 ,7544820900,7544820900,117691.81,19.77,21.31,-4.69,3719.238,3735.944,3778.053,148370.5493,-52.51,53.41425,-0.36,3838.57,3677.56,3783,-70.54627531,0.120077781,-0.003981264,0.64131019,-0.263625007
2023-09-21,3698.31 ,3708.46 ,3672.44 ,3672.44 ,3687.91 ,8303100500,8303100500,135011.8,13.18,18.6,-8.7645,3707.024,3727.341,3767.943667,145057.2885,-48.16,52.523505,-0.93,3843.52,3667.52,3772,-68.85430655,0.121168744,-0.008971339,0.281899194,-0.18409919
2023-09-22,3672.64 ,3740.42 ,3664.77 ,3738.93 ,3704.19 ,11023116600,11023116600,192236.47,31.19,22.8,-1.8088,3713.054,3727.235,3763.099667,147424.7878,-63.07,54.3874,0.7,3842.68,3671.33,3758,-66.09592622,0.137257602,0.018104534,0.260333049,0.043225058
2023-09-25,3738.06 ,3738.06 ,3711.20 ,3714.60 ,3725.48 ,9259647900,9259647900,155793.83,36.76,27.45,0.1081,3710.432,3721.941,3758.389333,147190.1585,-58.2,47.26699,0.11,3842.85,3667.36,3743,-66.56627991,0.13258265,-0.006506937,0.334101864,-0.164213865
2023-09-26,3711.71 ,3723.85 ,3692.62 ,3692.89 ,3705.27 ,7804452500,7804452500,137808.44,35.63,30.18,-0.8996,3704.91,3715.17,3753.267667,147708.467,-60.71,45.33607,-0.32,3840.56,3659.93,3730,-68.01881091,0.1278454,-0.005844742,0.486501139,-0.134820921
2023-09-27,3694.96 ,3731.14 ,3694.39 ,3700.50 ,3705.25 ,9162921000,9162921000,164790.44,37.89,32.75,0.0567,3703.872,3711.555,3749.34,157128.1929,-65.5,43.680865,-0.09,3836.88,3654.81,3731,-67.85651037,0.128372534,0.002058603,0.687223091,0.076400162
2023-09-28,3711.21 ,3716.06 ,3685.30 ,3689.52 ,3700.52 ,8522171900,8522171900,153500.42,36.17,33.89,-0.1789,3707.288,3707.156,3744.620667,160825.9178,-59.28,43.619075,-0.48,3835.95,3648.16,3721,-69.56238485,0.127227482,-0.002966576,0.79080144,0.065364696
2023-10-09,3678.93 ,3694.17 ,3642.00 ,3684.73 ,3674.96 ,10214805800,10214805800,178072.38,38.58,35.45,-0.3588,3696.448,3704.751,3741.311667,157993.0993,-51.87,43.90151,-0.32,3830.92,3642.52,3715,-74.29549061,0.123706183,-0.001298273,0.989557033,0.537899416
2023-10-10,3696.25 ,3701.26 ,3655.59 ,3657.13 ,3677.56 ,9916373000,9916373000,161938.96,30.85,33.92,-3.4049,3684.954,3697.693,3738.897333,159222.1256,-49.07,43.09711,-0.76,3811.79,3642.46,3702,-78.74029108,0.108904245,-0.007490731,0.653224875,0.346951047
2023-10-11,3674.75 ,3689.53 ,3658.36 ,3667.55 ,3672.55 ,10209158700,10209158700,187667.55,29.22,32.35,-3.2273,3679.886,3692.398,3735.874667,169193.9489,-44.65,43.04493,-0.34,3795.91,3643.06,3691,-82.02727652,0.108888661,0.002849888,0.493821623,0.340939183
2023-10-12,3697.93 ,3711.50 ,3682.84 ,3702.38 ,3698.66 ,11436322500,11436322500,194598.22,39.93,34.88,2.0844,3680.262,3692.067,3736.066333,175155.5058,-49.62,44.370655,0.6,3777.04,3650.97,3642,-80.7305327,0.116271199,0.009497925,-0.023534208,-0.787392329
2023-10-13,3677.96 ,3678.19 ,3652.31 ,3663.41 ,3667.97 ,9828798700,9828798700,170152.31,34.05,34.6,0.9115,3675.04,3691.164,3734.065667,178485.8833,-49.39,43.39604,-0.32,3772.5,3646,3643,-80.52312106,0.111708954,-0.010526195,0.079630988,-0.761861878
2023-10-16,3664.04 ,3664.04 ,3615.77 ,3626.60 ,3642.61 ,9185311800,9185311800,159537.97,25.83,31.68,-3.9908,3663.414,3679.931,3731.314,174779.0031,-40.4,44.39576,-1,3775.03,3632.14,3712,-83.54395501,0.115395343,-0.010048888,-0.172659358,-0.146304452
2023-10-17,3635.30 ,3645.57 ,3619.13 ,3639.40 ,3634.85 ,9074518800,9074518800,147056.23,24.05,29.13,-4.6326,3659.868,3672.411,3727.54,171802.458,-38,42.718855,-0.56,3767.44,3626.91,3710,-85.42690726,0.112255726,0.003530748,-0.275691645,-0.425849092
2023-10-18,3631.07 ,3632.06 ,3608.98 ,3610.58 ,3620.67 ,9454587900,9454587900,158982.36,16.53,24.93,-7.8719,3648.474,3664.18,3721.555667,166065.4185,-36.22,41.8544,-1.04,3763.38,3615.97,3708,-87.4592919,0.114410826,-0.007920285,-0.60742331,-0.353266998
2023-10-19,3588.52 ,3588.52 ,3532.31 ,3533.54 ,3560.72 ,11173752000,11173752000,189194.78,11.25,20.37,-18.7061,3614.706,3647.484,3713.056667,164984.7309,-28.46,42.179635,-2.25,3777.84,3581.2,3704,-93.0844873,0.133209208,-0.021335151,-1.481701138,2.891515469
2023-10-20,3518.35 ,3535.66 ,3501.73 ,3510.59 ,3516.58 ,9851860500,9851860500,169591.29,8.91,16.55,-26.7863,3584.142,3629.591,3704.567333,164872.5269,-36.01,42.30115,-2.05,3788.94,3547.8,3693,-98.33964794,0.13362864,-0.00649648,-1.508442252,2.05034579
2023-10-23,3500.20 ,3505.35 ,3450.65 ,3474.24 ,3482.61 ,9656165200,9656165200,152054.89,8.95,14.02,-34.366,3553.67,3608.542,3693.992333,163375.911,-16.96,42.554005,-2.24,3803.44,3509.85,3678,-106.0960255,0.13561255,-0.010352992,-1.390304709,1.224668507
2023-10-24,3481.76 ,3495.00 ,3453.10 ,3487.13 ,3479.25 ,11554728900,11554728900,186529.2,10.63,12.89,-34.8716,3523.216,3591.542,3681.931667,171270.5051,-22.47,42.450925,-1.02,3805.63,3483.6,3655,-112.4598193,0.134561904,0.003709124,-1.137706616,0.103421907
2023-10-25,3524.30 ,3531.83 ,3500.92 ,3504.46 ,3515.38 ,12800961700,12800961700,203691.74,14.97,13.58,-30.2705,3501.992,3575.233,3671.403,180212.3819,-22.34,44.739365,0.07,3802.21,3465.42,3635,-116.8984383,0.137700529,0.004968957,-0.876966959,-0.679458165
2023-10-26,3484.78 ,3515.57 ,3478.05 ,3514.14 ,3498.14 ,10514356600,10514356600,176088.47,19.9,15.69,-23.6174,3498.112,3556.409,3661.473333,177591.119,-28.26,45.824065,0.46,3797.15,3451.32,3616,-118.9685164,0.139128596,0.002764251,-0.627885828,-1.180965448
2023-10-27,3501.17 ,3576.59 ,3494.55 ,3562.39 ,3533.68 ,12022510800,12022510800,224301.96,32.37,21.25,-11.05,3508.472,3546.307,3654.937333,188533.2533,-38.81,48.95031,1.54,3792.19,3445.28,3600,-121.8474706,0.148320908,0.013727465,-0.441443547,-1.370238232
2023-10-30,3554.11 ,3592.72 ,3554.02 ,3583.77 ,3571.16 ,14401042600,14401042600,242973.33,46.04,29.51,1.161,3530.378,3542.024,3649.73,206716.9401,-28.03,50.0762,1.51,3775.45,3446.51,3593,-122.296692,0.132766755,0.006003478,-0.389507234,-1.438083069
2023-10-31,3581.68 ,3581.68 ,3554.58 ,3572.51 ,3572.61 ,11258726700,11258726700,196317.66,59.29,39.44,8.34,3547.454,3535.335,3643.229,208674.631,-32.49,47.794,0.71,3761.64,3446.11,3582,-122.2012174,0.131816796,-0.003143671,-0.279619157,-1.45968415
2023-11-01,3605.76 ,3606.41 ,3564.64 ,3571.03 ,3586.96 ,9764553800,9764553800,182943.57,65.29,48.05,13.2178,3560.768,3531.38,3636.91,204524.9961,-27.77,48.823975,0.29,3750.4,3445.16,3606,-122.5645666,0.131089078,-0.000413939,-0.139619364,-1.403612535
2023-11-02,3580.07 ,3597.17 ,3553.74 ,3554.19 ,3571.29 ,9035964300,9035964300,149465.06,65.68,53.93,14.4071,3568.778,3533.445,3630.828,199200.3137,-30.21,49.069275,-0.41,3736.22,3444.71,3597,-123.2027532,0.130736889,-0.004715142,-0.000743106,-1.331670492
2023-11-03,3558.53 ,3596.10 ,3558.53 ,3584.14 ,3574.33 ,9754210100,9754210100,165865.99,72.28,60.05,19.1613,3573.128,3540.8,3625.849,187513.1195,-29.66,49.649455,0.31,3723.29,3447.1,3596,-122.0721556,0.135761241,0.008425973,0.08131864,-1.122940808
2023-11-06,3608.32 ,3635.79 ,3600.63 ,3632.61 ,3619.34 ,15298246300,15298246300,254465.95,80.85,66.98,28.2209,3582.896,3556.637,3623.31,189811.6435,-29.39,50.90369,1.39,3714.61,3450.57,3554,-117.1944228,0.14568612,0.013524039,0.045927288,-1.004612222
2023-11-07,3623.78 ,3628.46 ,3606.30 ,3619.76 ,3619.58 ,11028859100,11028859100,190433.61,83.84,72.6,31.6131,3592.346,3569.9,3619.711667,188634.8329,-33.64,49.332265,0.76,3709.31,3452.13,3555,-113.7241517,0.143895051,-0.003537155,0.06677743,-0.843087832
2023-11-08,3610.64 ,3627.05 ,3591.82 ,3611.07 ,3610.15 ,11059423000,11059423000,192594.37,83.4,76.2,31.7342,3600.354,3580.561,3616.064,190564.9941,-24.33,49.396135,0.3,3700.82,3454.98,3557,-112.6034491,0.143475367,-0.002399883,0.071868549,-0.594388986
2023-11-09,3603.11 ,3624.41 ,3601.37 ,3612.83 ,3610.43 ,11187205700,11187205700,189355.23,79.6,77.33,31.0602,3612.082,3590.43,3612.968667,198543.0287,-27.17,48.368425,0.02,3683.05,3463.79,3559,-109.5024816,0.138438414,0.000485728,-0.295571318,-0.969418683
2023-11-10,3596.07 ,3599.45 ,3576.10 ,3586.49 ,3589.53 ,10210703400,10210703400,166924.68,66.37,73.68,26.2658,3612.552,3592.84,3610.103667,198754.7663,-24.31,48.24187,-0.72,3671,3468.14,3560,-106.0327525,0.135974221,-0.007289861,-0.445682605,-0.962076072
2023-11-13,3593.91 ,3599.39 ,3562.77 ,3579.41 ,3583.87 ,9670764900,9670764900,164821.25,54.68,67.35,21.5386,3601.912,3592.404,3604.786333,180825.8266,-26.79,47.659425,-0.62,3665.2,3469.23,3561,-103.7304999,0.131805577,-0.001972737,-0.425517724,-0.832517889
2023-11-14,3581.10 ,3600.15 ,3568.88 ,3582.06 ,3583.05 ,10088415800,10088415800,165935.16,47.96,60.88,18.294,3594.372,3593.359,3600.368333,175926.1383,-28.34,48.03859,-0.34,3656.63,3472.07,3563,-99.96988991,0.131002465,0.000738752,-0.524026334,-0.723429418
2023-11-15,3616.88 ,3620.60 ,3596.92 ,3607.25 ,3610.41 ,10492921800,10492921800,188932.15,52.99,58.25,18.9841,3593.608,3596.981,3597.513667,175193.6939,-26.75,49.47047,0.38,3656.12,3472.24,3564,-91.28635042,0.130923121,0.007031432,-0.529737807,-0.710248717
2023-11-16,3600.98 ,3605.29 ,3572.36 ,3572.36 ,3587.75 ,8746478000,8746478000,146629.22,39.71,52.07,14.3925,3585.514,3598.798,3593.242333,166648.4916,-22.04,48.306305,-0.37,3656.97,3475.27,3565,-83.6332729,0.11020851,-0.009669789,-0.673292658,-0.459685305
2023-11-17,3561.31 ,3573.68 ,3547.03 ,3568.07 ,3562.52 ,8731920700,8731920700,139621.9,35.08,46.41,10.604,3581.83,3597.191,3589.194,161187.9359,-13.93,47.9421,-0.38,3656,3481.99,3547,-74.76037425,0.107265795,-0.001202453,-0.865373154,0.175978332
2023-11-20,3569.73 ,3586.97 ,3545.10 ,3576.32 ,3569.53 ,9108044500,9108044500,157449.64,36.09,42.97,9.0939,3581.212,3591.562,3585.580333,159713.6129,-17.08,47.300505,-0.14,3648.81,3499.39,3545,-66.56270054,0.0987882,0.002313521,-0.870423416,0.737642181
2023-11-21,3587.88 ,3615.06 ,3575.68 ,3581.07 ,3589.92 ,10859431400,10859431400,175922.11,39.18,41.7,8.6235,3581.014,3587.693,3583.045,161711.0014,-14.53,48.580245,0,3641.3,3516.3,3547,-59.40407551,0.098428436,0.00132653,-0.730408556,1.214348658
2023-11-22,3569.44 ,3574.38 ,3544.42 ,3544.42 ,3558.17 ,8478438100,8478438100,136041.2,26.12,36.51,3.5257,3568.448,3581.028,3578.940667,151132.8104,-16.18,46.141855,-0.67,3635.34,3526.25,3615,-54.92030174,0.105590252,-0.010234714,-0.276384438,0.906673164
2023-11-23,3541.44 ,3562.07 ,3529.94 ,3561.52 ,3548.74 ,8480016700,8480016700,141499.81,29.02,34.01,2.6471,3566.28,3575.897,3574.245333,150106.9293,-19.68,45.872215,-0.13,3628.93,3537.4,3614,-52.21752165,0.106404581,0.004825675,0.5959015,-0.125175369
2023-11-24,3560.65 ,3560.65 ,3534.00 ,3538.01 ,3548.33 ,8501840300,8501840300,140102,22.32,30.11,-0.7302,3560.268,3571.049,3570.065333,150202.9492,-16.59,42.480785,-0.63,3631.2,3532.69,3610,-51.89480057,0.097601147,-0.006601591,0.317704422,-0.158746067
2023-11-27,3534.44 ,3534.44 ,3492.86 ,3511.94 ,3518.42 ,9910231400,9910231400,155975.44,19.86,26.69,-5.8216,3547.392,3564.302,3566.243333,149908.1097,-13.66,39.651395,-1,3636.69,3520.02,3607,-52.32822054,0.097649875,-0.007367506,-0.204485711,0.32635414
2023-11-28,3510.66 ,3521.05 ,3501.11 ,3518.52 ,3512.84 ,8933578900,8933578900,147740.54,20.24,24.54,-7.5401,3534.882,3557.948,3562.214,144271.7957,-12.28,39.67799,-0.46,3639.83,3511.47,3600,-52.33698951,0.097819215,0.001873835,-0.25117983,-0.190174054
2023-11-29,3518.88 ,3519.20 ,3482.24 ,3488.31 ,3502.16 ,9884141200,9884141200,155948.24,15.01,21.37,-11.7328,3523.66,3546.054,3558.138333,148253.2038,-14.49,38.93415,-1,3646.67,3496.36,3594,-53.01422004,0.10169762,-0.008587665,-0.522257896,-0.033783222
2023-11-30,3485.52 ,3505.13 ,3481.45 ,3496.20 ,3492.08 ,10135082000,10135082000,153790.18,13.69,18.81,-12.3669,3510.596,3538.438,3556.893667,150711.2776,-11.2,37.946475,-0.41,3650.74,3486.5,3585,-54.76018904,0.101482733,0.002263419,-0.521015437,-0.487685296
2023-12-01,3494.22 ,3494.22 ,3452.17 ,3482.88 ,3480.87 ,10853094100,10853094100,176078.32,15.41,17.68,-13.4162,3499.57,3529.919,3555.97,157906.5426,-3.92,37.930985,-0.48,3653.74,3473.37,3575,-59.50853458,0.095880559,-0.003810277,-0.421890519,-0.835849918
2023-12-04,3481.04 ,3488.13 ,3459.61 ,3460.14 ,3472.23 ,9715682600,9715682600,164664.4,12.45,15.93,-15.8426,3489.21,3518.301,3555.5,159644.3343,-0.86,35.866025,-0.83,3650.16,3459.71,3560,-64.51417285,0.079652155,-0.006530024,-0.525393458,-0.817955363
2023-12-05,3450.09 ,3450.09 ,3393.81 ,3394.26 ,3422.06 ,10047200700,10047200700,164840.69,8.39,13.42,-24.4749,3464.358,3499.62,3552.404333,163064.3653,26.26,37.288265,-2.02,3658.03,3429.28,3547,-72.12922421,0.09952193,-0.019039963,-1.019094941,0.834690808
2023-12-06,3387.88 ,3420.28 ,3382.95 ,3399.60 ,3397.68 ,10580551900,10580551900,172142.99,8.71,11.85,-27.3985,3446.616,3485.138,3548.909,166303.3157,21.8,37.39369,-1.36,3659.67,3406.5,3525,-79.184178,0.100942906,0.001573511,-0.949677484,0.207107788
2023-12-07,3394.31 ,3404.41 ,3369.77 ,3391.28 ,3389.94 ,9771324800,9771324800,160949.95,10.16,11.29,-28.2718,3425.632,3468.114,3544.813667,167735.2692,14.68,37.49622,-1,3657.66,3386.35,3503,-84.9853191,0.100126375,-0.002446083,-0.851617005,-0.364394988
2023-12-08,3391.86 ,3409.38 ,3383.45 ,3399.46 ,3396.04 ,12952205400,12952205400,203034.22,13.32,11.96,-25.6438,3408.948,3454.259,3539.382667,173126.449,16.46,38.30953,-0.28,3655.2,3370.11,3479,-89.73366815,0.100726467,0.00241192,-0.634491178,-0.906069989
2023-12-11,3378.05 ,3426.61 ,3346.89 ,3419.45 ,3392.75 ,13962624900,13962624900,219761.18,22.92,15.61,-19.3932,3400.81,3445.01,3533.905333,184145.8062,2.65,40.464475,0.55,3649.37,3359.95,3459,-93.37716474,0.105196171,0.005881225,-0.407353129,-1.236757445
2023-12-12,3410.00 ,3427.55 ,3406.10 ,3426.80 ,3417.61 ,10559001300,10559001300,166979.97,32.11,21.11,-12.7688,3407.318,3435.838,3529.048333,184573.6609,-2.2,42.62824,0.57,3640.77,3353.01,3437,-97.7304265,0.105849842,0.002148939,-0.200225887,-1.383855415
2023-12-13,3418.64 ,3418.64 ,3369.61 ,3369.61 ,3394.13 ,9528536700,9528536700,165455.93,26.55,22.92,-14.4658,3401.32,3423.968,3522.334333,183236.2491,10.61,42.49412,-0.93,3629.77,3340.26,3419,-102.9818602,0.111950567,-0.016691359,-0.169573073,-1.495433926
2023-12-14,3387.38 ,3399.14 ,3350.76 ,3351.96 ,3372.31 ,8365513500,8365513500,150245.78,18.89,21.58,-16.21,3393.456,3409.544,3515.593333,181095.4146,3.76,43.26654,-1.22,3624.2,3323.78,3404,-108.6379972,0.109711854,-0.005235361,-0.076080901,-1.430419983
2023-12-15,3365.94 ,3388.50 ,3339.52 ,3341.55 ,3358.88 ,9778778300,9778778300,164907.02,13.21,18.79,-16.9312,3381.874,3395.411,3507.507,173469.9739,3.15,44.383165,-1.19,3617.11,3308.22,3393,-114.9446773,0.109463711,-0.003106298,0.02182611,-1.348345502
2023-12-18,3329.19 ,3352.35 ,3314.91 ,3329.37 ,3331.46 ,9052682600,9052682600,142303.32,13.08,16.89,-17.1607,3363.858,3382.334,3497.399,157978.4015,-4.63,44.161515,-1.03,3605.98,3294.65,3382,-121.7825284,0.107452665,-0.003646809,0.078935516,-1.269679892
2023-12-19,3325.66 ,3345.78 ,3313.19 ,3334.04 ,3329.67 ,8380811800,8380811800,135293.66,14.8,16.19,-14.8803,3345.306,3376.312,3487.875,151641.1397,-13.76,42.293465,-0.34,3589.08,3286.85,3369,-126.212152,0.107500026,0.001404322,0.1201365,-1.350580607
2023-12-20,3334.33 ,3338.54 ,3297.37 ,3297.50 ,3316.94 ,9241286800,9241286800,141290.54,9.9,14.1,-16.3722,3330.884,3366.102,3477.422667,146808.0625,-22.5,42.854275,-1,3580.42,3270.82,3358,-133.1024544,0.108136259,-0.010959373,0.146541616,-1.121356909
2023-12-21,3285.60 ,3339.36 ,3283.99 ,3330.87 ,3309.96 ,10254619800,10254619800,171120.78,17.49,15.23,-11.19,3326.666,3360.061,3468.024,150983.0635,-22.93,44.016195,0.13,3560.39,3267.78,3346,-136.8042767,0.11495837,0.010119053,0.201633892,-1.214563169
2023-12-22,3329.47 ,3359.06 ,3315.90 ,3337.23 ,3335.42 ,10522013300,10522013300,167336.34,24.02,18.16,-5.5182,3325.802,3353.838,3459.715333,151468.9281,-26.37,46.234425,0.34,3541.86,3266.24,3284,-138.6997779,0.115719825,0.001908901,0.309204187,-1.182886379
2023-12-25,3330.33 ,3348.88 ,3330.33 ,3347.45 ,3339.25 ,7454269300,7454269300,121838.33,31.72,22.68,0.6685,3329.418,3346.638,3451.983333,147375.9296,-21.55,45.804535,0.54,3525.94,3265.71,3285,-140.318409,0.116307471,0.003063231,0.485872155,-0.907771507
2023-12-26,3345.40 ,3345.42 ,3315.94 ,3324.79 ,3332.89 ,7473293500,7473293500,121690,32.96,26.11,2.6553,3327.568,3336.437,3443.407667,144655.198,-22.81,45.86934,-0.08,3506.25,3266.02,3287,-141.4783435,0.116154317,-0.00676951,0.564710517,-0.798146628
2023-12-27,3326.93 ,3341.27 ,3309.67 ,3336.36 ,3328.56 ,9440392800,9440392800,140924.92,38.68,30.3,6.2685,3335.34,3333.112,3434.378,144582.0742,-18.24,45.6013,0.03,3490.38,3266.7,3288,-142.3967063,0.116089939,0.003479017,0.757426998,-0.296216222
2023-12-28,3335.56 ,3423.40 ,3331.21 ,3414.54 ,3376.18 ,14806485100,14806485100,245855.63,57,39.2,19.1992,3352.074,3339.37,3429.117333,159529.045,-30.46,50.103945,1.86,3473.44,3275.48,3290,-138.693921,0.14652732,0.023433672,0.605058028,-0.34965114
2023-12-29,3411.11 ,3432.54 ,3409.58 ,3431.11 ,3421.09 ,11492893200,11492893200,193573.18,71.01,49.8,29.3847,3370.85,3348.326,3424.552,164776.4126,-21.49,53.068065,1.79,3461.14,3282.6,3295,-133.21063,0.147680324,0.004852659,0.299629961,-0.988562414
2024-01-02,3426.27 ,3426.27 ,3386.35 ,3386.35 ,3406.31 ,11618072600,11618072600,184096.1,70.31,56.64,29.4207,3378.63,3354.024,3418.219667,177227.9667,-10.65,53.265865,0.23,3447.65,3288.71,3303,-126.9453435,0.152864393,-0.013044671,0.096932267,-1.262561552
2024-01-03,3379.75 ,3392.85 ,3362.66 ,3378.30 ,3378.39 ,10561385100,10561385100,165099.02,68.04,60.44,27.7119,3389.332,3358.45,3411.460667,185909.7709,-10.5,51.961505,-0.33,3446.07,3288.69,3311,-121.6631213,0.137239936,-0.002378695,0.151450086,-1.172073893
2024-01-04,3375.02 ,3375.02 ,3323.86 ,3347.05 ,3355.24 ,10672101300,10672101300,165512.26,55.5,58.79,21.9746,3391.47,3363.405,3404.881667,190827.2388,-2.95,52.652725,-1.31,3442.41,3287.09,3318,-117.7914852,0.140715834,-0.009248802,0.341646254,-0.996671193
2024-01-05,3341.31 ,3372.54 ,3313.55 ,3329.11 ,3339.13 ,12640057400,12640057400,182251.67,42.27,53.28,15.6619,3374.384,3363.229,3397.134667,178106.4449,-2.89,53.87024,-1.34,3439.81,3283.48,3314,-115.419431,0.141557015,-0.00536009,0.538143272,-0.867697636
2024-01-08,3322.61 ,3333.52 ,3283.34 ,3286.06 ,3306.38 ,11742948500,11742948500,170761.65,28.79,45.12,6.0789,3345.374,3358.112,3388.736333,173544.1377,13.66,54.398085,-1.77,3438.9,3273.05,3393,-116.3183794,0.147215699,-0.012932881,0.510853168,-0.491324245
2024-01-09,3286.71 ,3304.60 ,3273.84 ,3292.50 ,3289.41 ,10933046500,10933046500,172276.32,23.11,37.78,1.2512,3326.604,3352.617,3381.421667,171180.1828,8.7,51.94995,-1.03,3431.52,3267.74,3391,-117.2176405,0.145194448,0.001960709,0.61572526,-0.062270737
2024-01-10,3281.67 ,3312.92 ,3268.25 ,3277.13 ,3284.99 ,9419936600,9419936600,159777.65,17.21,30.93,-3.1294,3306.37,3347.851,3373.375333,170115.9091,9.73,50.15063,-0.88,3421.66,3262.63,3386,-115.9805584,0.144697237,-0.004668308,0.525528249,0.34020052
2024-01-11,3275.31 ,3311.11 ,3266.79 ,3295.67 ,3287.22 ,10878973500,10878973500,180978.53,17.28,26.38,-2.6649,3296.094,3343.782,3366.954,173209.1633,1.27,49.914945,-0.01,3419.45,3257.44,3379,-112.9961405,0.136374596,0.005658215,0.69571465,0.418465492
2024-01-12,3284.36 ,3310.47 ,3279.70 ,3284.17 ,3289.68 ,9685355500,9685355500,156536.02,15.15,22.64,-3.016,3287.106,3330.745,3359.886333,168066.0347,-0.63,49.68018,-0.09,3419.29,3250.83,3370,-110.2155835,0.135809818,-0.003490942,0.760525559,0.293335696
2024-01-15,3270.10 ,3306.92 ,3261.27 ,3280.92 ,3279.80 ,8885153000,8885153000,144331.72,15.08,20.12,-2.8001,3286.078,3315.726,3353.154333,162780.0502,4.92,49.513545,-0.16,3419.57,3244.48,3362,-107.1271143,0.135585508,-0.000988744,0.797787983,0.147452713
2024-01-16,3272.57 ,3300.88 ,3260.44 ,3300.88 ,3283.69 ,11327666500,11327666500,175650.59,21.82,20.68,0.7288,3287.754,3307.179,3347.845667,163454.9031,8.28,49.66373,0.4,3419.25,3241.95,3352,-103.4290086,0.137359145,0.006082655,0.855273865,0.112390893
2024-01-17,3291.14 ,3291.14 ,3229.08 ,3229.08 ,3260.11 ,10876972800,10876972800,173516.39,14.55,18.64,-5.5644,3278.144,3292.257,3342.339667,166202.6502,21.08,51.136985,-1.5,3424.9,3225.8,3341,-101.6785682,0.156924916,-0.021750043,0.46062113,0.155477004
2024-01-18,3214.28 ,3279.25 ,3171.63 ,3274.73 ,3234.97 ,17490916800,17490916800,256784.54,30.93,22.73,-2.6805,3273.956,3285.025,3338.177333,181363.8508,58.53,54.45912,0.02,3425.61,3222.82,3325,-99.40169976,0.162095172,0.014136092,0.46227661,0.006173974
2024-01-19,3261.24 ,3286.94 ,3251.81 ,3269.78 ,3267.44 ,11850140800,11850140800,191261.81,43.77,29.75,-0.648,3271.078,3279.092,3334.127333,188309.0078,43.18,57.456205,-0.04,3425.35,3216.97,3301,-97.80420477,0.1573701,-0.001512278,0.554861368,-0.141083281
2024-01-22,3262.47 ,3281.42 ,3193.18 ,3218.90 ,3238.99 ,14870562800,14870562800,225510.03,40.33,33.28,-5.1164,3258.674,3272.376,3328.108667,204544.6697,109.9,58.11476,-1.22,3428.63,3201.86,3281,-99.34145453,0.165352976,-0.015559077,0.43524318,-0.217199466
2024-01-23,3208.43 ,3249.53 ,3188.13 ,3231.93 ,3219.51 ,12201200000,12201200000,193791.17,41.3,35.95,-5.2565,3244.884,3266.319,3321.858,208172.7859,79.93,59.535775,-0.4,3427.61,3191.32,3264,-99.01724681,0.165772112,0.004048369,0.538211871,-0.260625304
2024-01-24,3245.96 ,3281.49 ,3190.47 ,3277.11 ,3248.76 ,15437195400,15437195400,219036.34,52.86,41.59,1.4392,3254.49,3266.317,3316.868333,217276.7772,67.51,62.729935,0.7,3425.85,3188.32,3188,-97.02879947,0.173503959,0.013978013,0.653249489,-0.206281552
2024-01-25,3274.34 ,3344.24 ,3269.79 ,3342.92 ,3307.82 ,19683361400,19683361400,265521.12,68.32,50.5,14.6982,3268.128,3271.042,3315.978667,219024.0928,60.92,68.839055,2.29,3426.55,3188.27,3190,-95.75842949,0.187943346,0.020081725,0.634513966,-0.260443233
2024-01-26,3326.65 ,3351.97 ,3315.13 ,3333.82 ,3331.89 ,18066400500,18066400500,238144.9,75.52,58.84,21.7813,3280.936,3276.007,3315.374,228400.7113,56.22,67.261365,1.61,3412.27,3194.49,3196,-95.83493802,0.167116728,-0.002721454,0.639884186,0.270211218
2024-01-29,3335.39 ,3351.37 ,3303.96 ,3303.96 ,3323.67 ,18416479500,18416479500,244698.01,74.81,64.16,21.9228,3297.948,3278.311,3314.121,232238.3077,67.36,64.56527,0.18,3387.86,3206.18,3206,-95.16278112,0.167704426,-0.008956959,0.271155574,-0.16738243
2024-01-30,3283.90 ,3300.20 ,3244.97 ,3245.04 ,3268.53 ,14364935000,14364935000,199592.93,63.44,63.92,13.9469,3300.57,3272.727,3311.31,233398.6599,69.04,65.331065,-1.68,3373.2,3206.7,3214,-97.06756206,0.172839379,-0.017833658,0.231845061,-0.159927078
2024-01-31,3231.54 ,3252.15 ,3201.93 ,3215.35 ,3225.24 ,15314346900,15314346900,215333.35,47.83,58.56,5.0003,3288.218,3271.354,3307.353667,232658.0616,71.35,66.332685,-2.22,3360.41,3203.2,3352,-98.79918896,0.174650533,-0.009148396,-0.087214602,-0.640874166
2024-02-01,3202.26 ,3251.76 ,3191.90 ,3217.71 ,3215.91 ,14551679200,14551679200,203815.06,37.91,51.67,-0.0063,3263.176,3265.652,3304.694,220316.8512,72.11,66.767955,-1.39,3352.62,3198.06,3349,-99.42925451,0.173076558,0.000733699,-0.0769217,-0.771844434
2024-02-02,3219.87 ,3235.41 ,3108.35 ,3179.63 ,3185.82 ,17375808900,17375808900,234495.15,35.02,46.12,-7.4426,3232.338,3256.637,3299.652667,219586.9016,79.83,70.171265,-1.63,3351.87,3183.86,3343,-99.77923178,0.176303193,-0.011835526,-0.274836683,-0.307224118
2024-02-05,3164.25 ,3233.85 ,3111.52 ,3200.42 ,3177.51 ,20304297000,20304297000,279713.14,35.95,42.73,-8.4811,3211.63,3254.789,3295.092333,226589.9272,136.82,73.93742,-0.35,3352.28,3174.88,3329,-99.3941502,0.174173011,0.006539823,-0.120294967,-0.688976019
2024-02-06,3185.25 ,3314.51 ,3182.82 ,3311.69 ,3248.57 ,20271309900,20271309900,285042.02,51.79,45.75,6.1126,3224.96,3262.765,3293.900333,243679.7454,85.69,82.549215,2.69,3354.96,3174.13,3315,-92.69628269,0.214982115,0.034767417,-0.129164515,-0.808876018
2024-02-07,3314.03 ,3343.63 ,3289.67 ,3343.63 ,3322.74 ,21664793300,21664793300,297997.67,66.72,52.74,19.6001,3250.616,3269.417,3294.528333,260212.6084,96.43,88.3562,2.86,3364.88,3170.85,3108,-85.66353855,0.216572054,0.009644042,-0.080966622,-0.980486263
2024-02-08,3351.41 ,3367.21 ,3336.98 ,3364.93 ,3355.13 ,18997757800,18997757800,270239.77,77.52,61,30.2844,3280.06,3271.618,3295.480667,273497.5488,75.93,90.017055,2.59,3377.07,3165.59,3113,-77.34221162,0.216787511,0.006370142,0.072148746,-0.970189555
2024-02-19,3393.19 ,3403.81 ,3364.14 ,3403.81 ,3391.24 ,18331980000,18331980000,267674.15,85.01,69,40.8265,3324.896,3278.617,3295.123,280133.3475,87.61,91.174585,2.37,3398.52,3156.1,3123,-67.33068604,0.219140781,0.011553912,0.328068969,-0.641963861
2024-02-20,3395.19 ,3415.89 ,3380.10 ,3410.85 ,3400.51 ,14073458100,14073458100,218459.28,89.46,75.82,46.5698,3366.982,3289.306,3294.447667,267882.5756,86.45,91.47956,1.3,3418.96,3148.66,3140,-58.46525174,0.218895263,0.002070152,0.366490113,-0.813339602
2024-02-21,3390.36 ,3500.13 ,3383.69 ,3456.87 ,3432.76 ,18887936200,18887936200,291823.55,89.29,80.31,53.8734,3396.018,3310.489,3296.798333,269238.8803,58.47,95.4591,1.79,3447.34,3135.87,3162,-44.15252415,0.222251411,0.013491371,0.545872908,-0.583598982
2024-02-22,3450.35 ,3486.68 ,3448.41 ,3486.67 ,3468.03 ,14102078400,14102078400,225098.13,91.72,84.11,59.579,3424.626,3337.621,3300.410667,254658.9732,58.87,97.505815,1.81,3479.82,3129.15,3196,-31.34759295,0.203634737,0.008621495,0.554526029,-0.52859385
2024-02-23,3491.34 ,3507.56 ,3472.97 ,3489.74 ,3490.40 ,14482127300,14482127300,232926.06,92.98,87.07,60.4365,3449.588,3364.824,3305.167,247196.2315,53.74,95.082055,1.16,3508.35,3122.12,3226,-18.7819483,0.200221333,0.000879606,0.456969637,-0.86909008
2024-02-26,3485.54 ,3492.61 ,3445.39 ,3453.36 ,3469.23 ,15124833100,15124833100,238951.64,89.76,87.96,53.0373,3459.498,3392.197,3309.308667,241451.7301,59.76,91.677485,-0.18,3525.71,3123.12,3260,-6.120005883,0.205470244,-0.010425729,0.255126468,-1.207744364
2024-02-27,3440.05 ,3494.79 ,3437.44 ,3494.79 ,3466.77 ,13952824600,13952824600,244488.72,91.22,89.05,50.6613,3476.286,3421.634,3316.266333,246657.6179,49.99,90.1326,0.53,3546.74,3129.68,3290,7.328719411,0.195798833,0.011996698,0.101504561,-1.286650642
2024-02-28,3499.83 ,3521.66 ,3450.26 ,3450.26 ,3480.50 ,18983754800,18983754800,328300.59,81.26,86.45,40.4713,3474.964,3435.491,3321.525,253953.0272,48.46,91.273125,-0.71,3557.09,3141.16,3316,15.61982844,0.204822277,-0.012741147,-0.113345718,-1.275518488
2024-02-29,3437.90 ,3516.08 ,3437.90 ,3516.08 ,3476.99 ,15594453200,15594453200,281971.9,86.32,86.41,39.9102,3480.846,3452.736,3329.49,265327.7813,48.28,90.51417,1.01,3578.85,3143.31,3345,23.49702202,0.209001362,0.019077636,-0.238316856,-1.24124805
2024-03-01,3515.06 ,3544.36 ,3503.46 ,3537.80 ,3525.17 ,16270957000,16270957000,288575.62,89.55,87.46,39.6939,3490.458,3470.023,3337.561,276457.6937,47.6,88.148465,1.36,3602.19,3139.46,3369,32.52129592,0.200244052,0.006177671,-0.271476496,-1.287685748
2024-03-04,3538.37 ,3548.69 ,3519.76 ,3540.87 ,3536.92 ,16324461300,16324461300,297719.93,91.45,88.79,37.2343,3507.96,3483.729,3346.117667,288211.3526,68.47,86.301275,0.94,3623.82,3138.52,3397,42.74064112,0.199325611,0.0008663,-0.357819788,-1.30915619
2024-03-05,3524.96 ,3570.69 ,3519.08 ,3565.51 ,3545.06 ,16642238900,16642238900,299895.93,93.01,90.2,36.1657,3522.104,3499.195,3355.604,299292.7943,90.31,86.511315,1.23,3647.34,3141.16,3425,56.62738907,0.19455964,0.006960354,-0.467036569,-1.189536213
2024-03-06,3556.53 ,3577.39 ,3545.10 ,3551.05 ,3557.52 ,14307661300,14307661300,248294.17,89.06,89.82,30.9521,3542.262,3508.613,3363.943,283291.5091,76.05,86.665045,0.25,3661.66,3157.44,3454,70.58083461,0.179560094,-0.004057255,-0.669676663,-0.841531928
2024-03-07,3548.10 ,3569.92 ,3522.90 ,3529.72 ,3542.66 ,14811051000,14811051000,251839.53,81.36,87,22.4664,3544.99,3512.918,3373.964333,277265.0359,73.72,86.505095,-0.43,3665.31,3185.23,3479,82.65222288,0.176685736,-0.006006283,-0.908602347,-0.232931919
2024-03-08,3529.55 ,3548.51 ,3511.58 ,3544.91 ,3533.64 ,12579266400,12579266400,225379.1,79.83,84.61,16.9846,3546.412,3518.435,3382.970333,264625.7323,78.51,85.35845,-0.04,3666.21,3217.05,3498,96.78372674,0.176086165,0.004303571,-1.158676463,0.684375664
2024-03-11,3545.94 ,3589.26 ,3542.28 ,3589.26 ,3566.69 ,14820282500,14820282500,286418.58,86.56,85.26,17.3561,3556.09,3532.025,3393.619667,262365.4623,86.26,82.889955,0.93,3659.11,3265.11,3514,111.3866254,0.166305678,0.012511912,-1.122891706,1.138099078
2024-03-12,3592.58 ,3605.70 ,3574.21 ,3597.49 ,3592.50 ,18068556000,18068556000,339997.04,89.41,86.64,16.7272,3562.486,3542.295,3406.239333,270385.6848,71.49,79.78604,0.98,3645.03,3318.9,3529,120.1073791,0.166827166,0.002293061,-0.607056808,-0.456499574
2024-03-13,3594.42 ,3594.42 ,3563.37 ,3572.36 ,3581.14 ,14459059000,14459059000,266898.76,82.07,85.12,11.2081,3566.748,3554.505,3417.587,274106.603,63.76,71.18899,0.16,3641.59,3348.4,3544,125.5385452,0.135111772,-0.006986225,-0.59194622,-0.498532557
2024-03-14,3571.79 ,3597.46 ,3545.61 ,3562.22 ,3569.27 ,14096272200,14096272200,263803.61,72.65,80.96,4.801,3573.248,3559.119,3427.090667,276499.4182,61.42,65.740955,-0.31,3636.75,3375.1,3546,129.1262779,0.135233147,-0.002837927,-0.607164669,-0.465825292
2024-03-15,3554.91 ,3572.81 ,3533.68 ,3569.99 ,3557.85 ,13831604400,13831604400,243991.56,69.12,77.01,0.4482,3578.264,3562.338,3434.659667,280221.9097,57.19,63.820435,-0.23,3631.73,3400.63,3534,130.979224,0.134740409,0.00218125,-0.549541988,-0.721122957
2024-03-18,3577.06 ,3604.05 ,3573.40 ,3603.53 ,3589.51 ,16037943800,16037943800,295314.84,78.64,77.56,0.8993,3581.118,3568.604,3443.65,282001.1614,62.73,63.997545,0.63,3635.16,3417.18,3548,134.0639528,0.133149642,0.009393576,-0.519252805,-0.616720529
2024-03-19,3593.34 ,3610.74 ,3577.19 ,3577.63 ,3589.73 ,14557178600,14557178600,259553.45,74.63,76.58,-3.251,3577.146,3569.816,3452.772333,265912.4426,59.83,63.276665,0.01,3631.17,3437.84,3559,133.3987052,0.13786526,-0.007186763,-0.460607388,-0.917686049
2024-03-20,3568.72 ,3589.55 ,3568.43 ,3585.38 ,3578.02 ,12952896600,12952896600,223752.1,74.56,75.91,-5.7654,3579.75,3573.249,3464.117,257283.1121,63.78,58.3307,0.16,3632.84,3449.03,3568,131.6642249,0.131585509,0.002167217,-0.6438987,-0.527445735
2024-03-21,3593.07 ,3601.11 ,3575.03 ,3581.09 ,3587.58 ,13074337700,13074337700,233162.49,70.22,74.01,-8.6462,3583.524,3578.386,3476.308333,251154.8888,60.29,54.815145,-0.07,3635.5,3455.81,3575,129.6484437,0.129485573,-0.001197529,-0.896008777,0.024701764
2024-03-22,3571.27 ,3575.72 ,3522.84 ,3545.00 ,3553.71 ,13922735800,13922735800,248850.93,55.21,67.75,-15.6448,3578.526,3578.395,3487.218,252126.7633,74.4,54.501695,-0.94,3634.33,3462.5,3611,127.7482115,0.135744634,-0.01007735,-1.110336754,0.833751608
2024-03-25,3536.71 ,3564.96 ,3525.76 ,3525.76 ,3538.30 ,13701572400,13701572400,233747.26,37.92,57.8,-22.6711,3562.972,3572.045,3498.755667,239813.2464,68.16,54.246835,-1.04,3626.42,3477.65,3609,122.9096009,0.131303916,-0.005427049,-1.073633166,1.611261003
2024-03-26,3526.68 ,3547.65 ,3518.60 ,3543.75 ,3534.17 ,12620953500,12620953500,226730.74,34.38,49.99,-24.543,3556.196,3566.671,3510.2,233248.7037,70.15,52.83179,-0.35,3624,3484.97,3607,121.4384659,0.125916619,0.005100541,-1.290096372,3.090007014
2024-03-27,3538.72 ,3542.96 ,3502.79 ,3502.79 ,3521.82 ,12862676300,12862676300,216404.73,22.92,40.97,-30.5542,3539.678,3559.714,3516.57,231779.2283,67.39,50.62982,-1.04,3612.6,3501.62,3604,114.7017426,0.124272741,-0.011558416,-0.131079635,-0.73955256
2024-03-28,3498.48 ,3551.21 ,3489.39 ,3520.96 ,3515.01 ,14333471700,14333471700,232530.81,23.95,35.3,-31.228,3527.652,3555.588,3522.481,231652.891,69.16,49.81202,-0.19,3612.12,3502.59,3598,108.1247054,0.105889063,0.00518964,-0.103851113,-0.729848619
2024-03-29,3516.88 ,3538.24 ,3516.88 ,3537.48 ,3527.37 ,12864329000,12864329000,201749.38,29.18,33.26,-28.6605,3526.148,3552.337,3528.232667,222232.5817,69.88,46.93155,0.32,3612.13,3502.55,3589,102.5492552,0.104887065,0.004691754,-0.102829057,-0.733851195
2024-04-01,3551.58 ,3600.92 ,3551.58 ,3595.65 ,3574.93 ,16277656100,16277656100,251637.27,51.16,39.22,-18.8147,3540.126,3551.549,3534.627333,225810.585,63.05,48.87181,1.57,3616.84,3503.31,3489,98.92840742,0.119843309,0.016441713,-0.259970131,-0.825567808
2024-04-02,3593.22 ,3596.19 ,3568.75 ,3580.68 ,3584.71 ,14127297200,14127297200,220207.52,61.34,46.6,-14.2155,3547.512,3551.854,3540.288333,224505.9411,54.68,48.521655,0.93,3618.31,3503.36,3492,95.46337704,0.118741487,-0.004163563,-0.317318574,-0.901911654
2024-04-03,3578.68 ,3582.43 ,3558.87 ,3567.80 ,3571.95 ,13559233100,13559233100,214222.9,64.33,52.51,-12.8467,3560.514,3550.096,3543.986,224069.5753,58.8,46.78424,0.2,3619.03,3504.31,3494,92.59438819,0.11853104,-0.003595075,-0.413423649,-0.829268272
2024-04-08,3553.56 ,3567.82 ,3535.77 ,3536.41 ,3548.39 ,15530428300,15530428300,243249.25,56.94,53.98,-15.9076,3563.604,3545.628,3545.644,226213.2644,63.41,46.035695,-0.76,3618.65,3505.36,3496,87.53955878,0.120899496,-0.008799645,-0.426079853,-0.738238981
2024-04-09,3533.38 ,3543.71 ,3518.86 ,3533.49 ,3532.36 ,12967094200,12967094200,195893.53,51.14,53.04,-17.9146,3562.806,3544.477,3547.102333,225042.0926,61.09,45.43197,-0.82,3619.03,3503.84,3498,80.37376084,0.119902544,-0.000825866,-0.383829979,-0.898523589
2024-04-10,3528.97 ,3531.23 ,3490.05 ,3504.71 ,3513.74 ,12879027400,12879027400,199754.77,38.67,48.25,-22.4155,3544.618,3542.372,3548.814,214665.5918,59.31,43.606495,-1.13,3618.5,3495.92,3490,71.7158078,0.113326978,-0.008144504,-0.270323468,-1.022326861
2024-04-11,3485.03 ,3520.59 ,3484.93 ,3504.24 ,3498.70 ,12653439500,12653439500,200293.48,31.33,42.61,-24.5792,3529.33,3538.421,3549.129,210682.7851,60.44,42.218765,-0.71,3615.11,3489.98,3485,64.72420241,0.112663913,-0.000132365,-0.162259102,-1.128813175
2024-04-12,3505.75 ,3516.70 ,3470.06 ,3475.84 ,3492.09 ,12892111600,12892111600,208566.21,22.36,35.86,-28.6734,3510.938,3535.726,3549.981667,209551.4465,66.64,42.99802,-1,3618.23,3477.21,3544,57.16879229,0.11348896,-0.008106112,-0.266734844,-0.76913601
2024-04-15,3473.50 ,3552.41 ,3473.50 ,3549.08 ,3512.12 ,18394125000,18394125000,267472.49,35.03,35.58,-20.7248,3513.472,3538.538,3551.081667,214396.0931,71.08,44.52319,1.01,3617.25,3476.88,3470,53.26449768,0.137940793,0.021070309,-0.212134002,-0.7421201
2024-04-16,3533.36 ,3545.50 ,3503.62 ,3511.11 ,3523.40 ,17615306500,17615306500,253315.97,34.2,35.12,-19.7917,3508.996,3535.901,3550.192,225880.5824,68.11,46.16666,0.06,3615.19,3473.05,3472,45.98060279,0.142562773,-0.010696108,-0.003756376,-0.873711458
2024-04-17,3509.13 ,3565.94 ,3498.03 ,3565.40 ,3534.63 ,16846639800,16846639800,244987.81,51.08,40.44,-11.484,3521.134,3532.876,3551.009667,234927.1912,64.2,46.04338,1.26,3608.46,3475.97,3473,43.07020765,0.149651484,0.015461871,-0.134521061,-0.80840961
2024-04-18,3550.56 ,3602.79 ,3547.60 ,3569.80 ,3567.69 ,17857410500,17857410500,261329.93,59.1,46.66,-5.3311,3534.246,3531.788,3551.152667,247134.4803,56.4,49.414525,1.01,3607.27,3476.37,3477,40.13759727,0.147640032,0.001233746,-0.138694693,-0.745562389
2024-04-19,3550.61 ,3560.95 ,3529.32 ,3541.66 ,3545.64 ,14728150500,14728150500,226229.52,57.38,50.24,-4.9924,3547.41,3529.174,3550.839667,250667.1434,53.26,49.940225,-0.16,3601.8,3477.47,3485,36.15930241,0.149898163,-0.007882763,-0.088045924,-0.455995803
2024-04-22,3536.18 ,3558.16 ,3528.02 ,3530.90 ,3538.32 ,15057904200,15057904200,229511.18,53.54,51.34,-6.086,3543.774,3528.623,3550.879,243074.8831,49.9,49.813485,-0.36,3596.22,3478.03,3492,33.64644729,0.150136247,-0.003037388,0.018280433,-0.094774395
2024-04-23,3525.67 ,3533.76 ,3499.98 ,3506.22 ,3516.41 ,14311350400,14311350400,213257.23,44.77,49.15,-9.7829,3542.796,3525.896,3549.589333,235063.1351,46.22,48.85838,-1.03,3595.72,3474.65,3498,30.98719992,0.147934668,-0.006989597,0.167582307,-0.313430609
2024-04-24,3514.01 ,3524.54 ,3495.65 ,3521.62 ,3513.96 ,12173985100,12173985100,195299.92,42.8,47.03,-9.7797,3534.04,3527.587,3547.334667,225125.5565,44.42,48.19676,-0.35,3595.67,3474.28,3496,28.33159993,0.147735753,0.004391333,0.185502197,-0.340041699
2024-04-25,3510.64 ,3543.97 ,3505.20 ,3530.28 ,3522.52 ,11518772200,11518772200,184524.62,43.17,45.74,-8.2955,3526.136,3530.191,3545.094333,209764.4954,45.28,49.16057,0.12,3594.89,3473.72,3500,28.28975493,0.146812321,0.002458924,0.258986993,-0.292660252
2024-04-26,3531.96 ,3588.40 ,3531.96 ,3584.27 ,3559.15 ,19721613300,19721613300,308045.06,56.35,49.28,-0.1563,3534.658,3541.034,3545.491333,226127.6039,36.27,51.3118,1.4,3600.97,3475.79,3503,30.04045718,0.149917243,0.015292634,0.096152364,-0.495167654
2024-04-29,3584.54 ,3645.82 ,3578.76 ,3623.91 ,3608.26 ,22272138100,22272138100,358709.71,66.04,54.87,9.8964,3553.26,3548.517,3547.547667,251967.309,22.31,53.9133,1.99,3616.2,3470.85,3510,32.85983932,0.15337695,0.011060499,0.35500383,-0.065578716
2024-04-30,3619.26 ,3630.71 ,3604.39 ,3604.39 ,3614.69 ,19129689900,19129689900,286674.16,68.16,59.3,13.0478,3572.894,3557.845,3548.694333,266650.6949,34.39,54.06819,0.88,3624.38,3469.37,3523,31.65423236,0.154721232,-0.005385919,0.231001327,-0.57399525
2024-05-06,3654.05 ,3668.26 ,3645.74 ,3657.88 ,3656.48 ,20801800700,20801800700,333270.47,76.77,65.12,20.9975,3600.146,3567.093,3550.506,294244.8054,42.08,53.059485,1.6,3639.76,3460.21,3536,33.93156074,0.152729461,0.01483811,0.726601927,0.420651586
2024-05-07,3657.00 ,3665.68 ,3648.38 ,3659.01 ,3657.52 ,16483428600,16483428600,247368.35,82.73,70.99,24.807,3625.892,3576.014,3553.218667,306813.5506,47.21,51.826345,0.91,3655.38,3452.42,3552,36.7952077,0.151596069,0.000309168,0.812294517,0.056759016
2024-05-08,3650.75 ,3650.94 ,3628.70 ,3630.22 ,3640.15 ,13003533600,13003533600,199923.46,81.14,74.37,21.9464,3635.082,3584.87,3554.713333,285189.2302,52.62,51.76028,-0.13,3664,3450.05,3566,39.64622732,0.154102864,-0.007866696,0.667663502,-0.548041546
2024-05-09,3630.41 ,3669.76 ,3630.41 ,3664.56 ,3648.79 ,14655901700,14655901700,232694.93,86.43,78.39,23.0628,3643.212,3598.236,3557.495667,259986.274,47.16,52.210765,0.59,3680.12,3446.74,3578,44.21761095,0.152467227,0.00945884,0.515584382,-0.972985142
2024-05-10,3669.09 ,3674.61 ,3641.76 ,3666.28 ,3662.94 ,15072053600,15072053600,233730.56,89.31,82.03,22.3972,3655.59,3614.242,3561.538333,249397.5541,52.08,53.177795,0.29,3694.44,3445.7,3591,50.0851554,0.15224285,0.000468296,0.339556029,-1.287443346
,,,,,,,,,,,,,,,,,,,,,,,,,,
