name,A1,A2,A3,A4,A5,A6,A7,A8,A9,A10,A11,A12,A13,A14,A15,A16,A17,A18,A19,A20,A21,A22,A23,A24,A25,A26,A27,A28,A29,A30,A31,A32,A33,A34,A35,A36,A37,A38,A39,A40,A41,A42,A43,A44,A45,A46,A47,A48,A49,A50,C01,C02,C03,C04,C05,C06,C07,C08,C09,C10,C11,C12,C13,C14,C15,C16,C17,C18,C19,C20,C21,C22,C23,C24,C25,C26,C27,C28,C29,C30,C31,C32,C33,C34,C35,C36,C37,C38,C39,C40,C41,C42,C43,C44,C45,C46,C47,C48,C49,C50
label,A,A,A,A,A,A,A,A,A,A,A,A,A,A,A,A,A,A,A,A,A,A,A,A,A,A,A,A,A,A,A,A,A,A,A,A,A,A,A,A,A,A,A,A,A,A,A,A,A,A,C,C,C,C,C,C,C,C,C,C,C,C,C,C,C,C,C,C,C,C,C,C,C,C,C,C,C,C,C,C,C,C,C,C,C,C,C,C,C,C,C,C,C,C,C,C,C,C,C,C
"(2S,3R)-2,3-Dihydroxy-5-oxohexanedioate",5304985.537,4598463.777,5618501.768,4185486.627,2983085.362,4350748.087,4193938.855,4002691.453,3290621.278,4713605.066,4530498.633,3743701.981,3904567.911,3175828.109,3966078.82,2902657.788,4192175.325,3945755.476,3435025.545,3169011.752,5256043.809,3959896.586,3537728.166,4302345.271,4174088.036,4673494.69,3791158.296,4652004.278,4411179.844,4311865.097,4832637.771,4335129.637,4179223.226,4678578.629,3824993.399,4033779.211,4061956.28,4407838.599,3864422.28,4563792.52,4722446.847,4794712.113,5107745.287,449973.7335,330292.3195,242598.9018,281781.0132,281340.633,388955.1633,412506.2614,278140.3554,550411.2648,463124.933,273529.7147,307464.9788,226739.5298,186024.5418,266790.9535,297882.954,374935.962,276663.3326,311703.8864,324430.863,411225.4629,366834.1659,354779.7992,398517.6124,310394.0427,320952.7663,407041.1325,400501.3114,298955.553,485804.2895,242433.9988,527598.5242,383370.5153,278636.3581,298514.8484,268065.025,349260.1384,273261.6357,411745.4517,351719.9929,271254.3368,281360.4048,415727.0209,2927.183625,356490.7324,463339.5895,295726.1771,267723.2725,352601.3671,420241.2808,163351.2118,310635.4473,269872.5791,204494.6147,340719.884,274214.3702,400603.8422
"(2S,3S)-2-Hydroxytridecane-1,2,3-tricarboxylate",10984386.41,13410135.99,12287123.39,13881926.2,7978.079897,3818.4216,1490.425132,3645.445437,744.507893,1035.447051,1701.834566,1151.2654,4033000.869,3680274.228,3778093.08,3565881.447,17465335.18,17913701.86,16321068.75,18137151.28,12245819.02,15850809.06,15002549.88,9487440.726,9476747.139,8603127.891,21312529.84,17305602.02,4231973.031,4230692.928,9052548.848,5306.732077,16114664.19,15823040.21,2934234.384,91416.56078,7924424.815,14286596.57,12966310.78,11283941.81,4320250.145,11636947.58,21811190.96,14028854.49,5598.791655,6763000.292,8333895.077,3792.511414,9802492.383,9191489.857,970.7287753,1690.872109,30110.04854,1881.547926,987.9704094,6477.713693,4562.291545,12166.04327,2209.919214,1984.894376,5273.921467,73385.75575,2828.394038,21632.56167,1768.0725,265252.1795,4241.953038,323.0195486,63058.72827,14255.33824,1491.542677,136640.5561,157331.5017,13318.148,16531.44725,1933.704753,3455.1,10395.77,32418.38918,6588.044444,972.259096,4409.45225,84539.30961,1851.28749,51555.64633,68666.64731,1448.277956,31514.91458,4822.166271,1857.519732,3852.316,1364.782219,41754.5,5888.992856,38636.42797,6926.82375,5443.77375,2381.40705,112489.5609,3429.701185
(3Z)-Phytochromobilin,90464.2016,84607.4291,118164.6702,113156.4899,187947.0886,274848.2606,142309.5062,153387.5856,245072.3306,214418.508,193295.8902,236703.5264,102610.496,83996.83511,97695.9891,77739.32575,56122.23995,46191.4624,43383.34283,60254.08683,54361.52115,160905.5616,169253.1992,62339.32875,37034.76805,32443.27017,22487.93458,43149.87141,53391.37232,62364.1694,207477.4952,127431.0214,78968.12309,65394.39308,58237.96443,162570.9252,47516.54664,67580.75192,69000.83697,147362.7679,81709.31737,101325.557,34512.29984,40685.99091,430802.6757,28619.80795,63871.19838,56328.1176,131104.8971,43587.19446,92462.459,115783.1675,35259.10707,182220.6716,162511.4358,105503.3189,513679.635,183345.3548,97884.35523,50987.68491,91388.78244,126136.0457,32781.83908,197915.8734,120021.5113,41617.17182,490692.3303,10866.8755,73981.85717,163688.2488,25319.70878,70642.30974,52916.38359,73751.14261,68120.10273,236704.4474,83882.2899,86995.63482,101061.8005,188251.8241,58806.2475,174289.656,47593.60913,41958.42255,80502.13761,72356.13236,156349.359,80905.80432,47222.19991,107657.5292,118793.0593,186224.6985,27299.16545,44189.42742,103641.0175,103970.7539,87764.80248,86094.06522,41946.0362,182707.1285
(3Z)-Phytochromobilin1,25539.34964,34982.28611,29712.402,21349.78698,22983.32536,23396.87114,23633.80942,16375.74989,39727.18867,38603.89443,44608.92319,47105.47782,4339.52407,5657.813274,5040.221725,4811.75199,12845.45229,17474.26507,17509.03808,16792.45,72377.9343,4726.164985,3420.746163,11982.94536,22842.29338,21932.8906,90865.7125,165660.1193,117612.8651,116167.5137,194824.1829,28858.37782,45168.5416,51302.65135,20801.74804,6657.761091,2143.575188,9374.758074,12644.48294,6586.240456,10042.09176,9201.72555,23447.14079,9244.83166,3224.063938,3323.190858,6365.929873,1313.759321,8616.639676,37489.80725,9119.768167,18184.50817,2703.457459,18250.743,9198.782239,4979.498333,6873.558068,13844.97344,3061.663231,3809.77903,9941.834833,3272.177861,2866.690329,5488.282397,4974.620925,8677.963362,7156.6882,408.0056434,3120.843586,3211.491645,1829.555404,3057.704608,4281.89725,18213.44424,5447.175912,16467.46584,7637.231539,2218.461768,4339.832325,3533.364818,5965.814834,5246.602346,3310.024875,2228.433778,6918.393052,2613.672778,10878.56651,3313.197588,3305.435538,1766.282031,13009.32261,4094.177375,4047.578365,3469.752167,1650.481625,6699.436085,5885.209684,3885.461468,4290.625816,21050.61758
"(4R,5S)-4,5,6-Trihydroxy-2,3-dioxohexanoate",5304985.537,4598463.777,5618501.768,4185486.627,2983085.362,4350748.087,4193938.855,4002691.453,3290621.278,4713605.066,4530498.633,3743701.981,3904567.911,3175828.109,3966078.82,2902657.788,4192175.325,3945755.476,3435025.545,3169011.752,5256043.809,3959896.586,3537728.166,4302345.271,4174088.036,4673494.69,3791158.296,4652004.278,4411179.844,4311865.097,4832637.771,4335129.637,4179223.226,4678578.629,3824993.399,4033779.211,4061956.28,4407838.599,3864422.28,4563792.52,4722446.847,4794712.113,5107745.287,449973.7335,330292.3195,242598.9018,281781.0132,281340.633,388955.1633,412506.2614,278140.3554,550411.2648,463124.933,273529.7147,307464.9788,226739.5298,186024.5418,266790.9535,297882.954,374935.962,276663.3326,311703.8864,324430.863,411225.4629,366834.1659,354779.7992,398517.6124,310394.0427,320952.7663,407041.1325,400501.3114,298955.553,485804.2895,242433.9988,527598.5242,383370.5153,278636.3581,298514.8484,268065.025,349260.1384,273261.6357,411745.4517,351719.9929,271254.3368,281360.4048,415727.0209,2927.183625,356490.7324,463339.5895,295726.1771,267723.2725,352601.3671,420241.2808,163351.2118,310635.4473,269872.5791,204494.6147,340719.884,274214.3702,400603.8422
"(6Z,9Z,12Z)-Octadecatrienoic acid",15335.56081,14974.0221,14663.16093,8011.092389,7593.60048,6633.592941,7886.73532,9813.440308,6656.352828,9500.482462,12434.98067,10001.6075,9930.190742,15217.16688,12391.25532,8236.865769,7379.316292,11688.588,6595.083978,10723.37849,10147.49618,7562.605348,9644.245826,5956.42087,6991.744913,6634.0197,3665.0432,8020.084364,11627.173,12710.5475,24381.85377,13740.26538,4486.519727,9365.553667,19131.47317,7541.3745,9670.120909,9183.786042,11981.86323,7856.613471,7587.796174,1,6266.405833,10964.3645,9581.753568,13718.93213,5448.1086,12532.89395,8050.66825,8932.475659,6964.919,22283.92354,4778.3904,13278.05221,14467.85654,9170.737412,4926.7515,14352.79248,1,11737.14,3445.6065,8941.799826,1,7409.112115,5799.04785,6120.653,15589.16757,7568.629636,1,5953.365385,5579.478154,1,10757.76,1,4917.8324,5127.551,9029.8215,1,8192.063187,3738.685889,4383.506667,6140.285579,8406.397321,3060.542708,1,4596.4895,5018.214923,6809.867429,1,4753.76,3452.211,10093.35962,7853.726063,9244.276786,1,5865.48,3183.786154,6815.99875,1,8515.952571
12-Methyltridecanoic acid,8562.412833,7031.84625,6487.259333,6229.387241,5622.854869,4615.31125,4175.816393,3233.689453,5257.819328,4952.189143,6098.473969,5121.898438,18438.59649,16455.56667,20068.52242,14262.43682,21188.31246,20058.49056,21524.50321,23142.37353,15720.97914,10016.92423,9716.172506,5154.145765,10101.72995,9054.707375,9609.656875,8163.836471,15498.833,22237.34481,16291.48309,5154.492813,5962.618857,5564.551781,20665.7625,4562.179742,21760.10175,24088.89375,11693.67034,11559.73519,12175.41461,22261.26571,11161.7907,49101.91375,18587.77577,4015.128047,11514.28175,47908.23882,12229.56952,9348.914043,28940.07538,56308.51448,70464.8215,65671.11027,46963.80596,24830.98679,30326.67554,28457.897,17335.02021,33472.25402,29368.15921,29894.10838,13058.775,49032.4806,92395.03459,19646.97768,25225.85219,13592.13703,19724.60571,22470.09136,16268.90185,13440.4598,11440.58754,8392.027893,25407.58167,22877.96536,22551.1645,23143.7985,224356.378,20885.22057,13112.65704,52921.89732,23672.20029,25821.54991,18796.86795,21882.96371,25083.31331,15687.39,31381.55789,11880.56716,15929.40585,34623.51793,22947.21386,14548.36066,23167.53118,26657.67857,16687.78581,9243.1265,10113.4519,14631.60168
13(S)-HODE,16134.61645,16837.65052,16187.06648,11123.29784,8615.477776,9704.806138,11003.6204,13443.03311,9248.513762,11418.26759,10131.86544,18343.065,18443.33456,24320.93019,19551.21,9480.626,9342.928593,22342.03324,15366.49073,11207.58611,20209.98864,20346.9627,8347.81019,7737.504229,11397.6034,6087.861212,3799.108696,11401.99545,17990.97272,22074.76018,47762.59758,16770.78138,6119.958959,14056.92865,28837.11493,9467.011889,11900.36732,21529.52871,16720.0704,16335.98757,9615.282763,12498.21187,6558.13536,21471.69084,19115.45545,22449.08624,11696.6585,15169.2654,14120.5515,11734.49994,7637.733952,13035.98189,8511.674258,13171.3875,11539.68448,11903.80457,8967.402667,9668.983333,5325.58544,8849.1942,8014.428259,9169.677399,7532.569,7615.936812,7330.069667,11220.13932,20036.26744,7536.201,4952.366037,8422.103875,5548.997506,4370.188306,7418.238667,2543.411,8764.208654,6099.452146,15149.95704,7751.277534,13632.502,5168.911667,8074.042667,9463.54304,6410.69088,5889.661522,6936.98645,7482.701429,12544.5956,7170.304973,7788.956359,3863.287397,7958.22592,13414.90513,11080.95098,10890.71458,6176.452904,7015.932,4044.643949,7612.935364,6294.610836,10032.42907
"15,16-Dihydrobiliverdin",90464.2016,84607.4291,118164.6702,113156.4899,187947.0886,274848.2606,142309.5062,153387.5856,245072.3306,214418.508,193295.8902,236703.5264,102610.496,83996.83511,97695.9891,77739.32575,56122.23995,46191.4624,43383.34283,60254.08683,54361.52115,160905.5616,169253.1992,62339.32875,37034.76805,32443.27017,22487.93458,43149.87141,53391.37232,62364.1694,207477.4952,127431.0214,78968.12309,65394.39308,58237.96443,162570.9252,47516.54664,67580.75192,69000.83697,147362.7679,81709.31737,101325.557,34512.29984,40685.99091,430802.6757,28619.80795,63871.19838,56328.1176,131104.8971,43587.19446,92462.459,115783.1675,35259.10707,182220.6716,162511.4358,105503.3189,513679.635,183345.3548,97884.35523,50987.68491,91388.78244,126136.0457,32781.83908,197915.8734,120021.5113,41617.17182,490692.3303,10866.8755,73981.85717,163688.2488,25319.70878,70642.30974,52916.38359,73751.14261,68120.10273,236704.4474,83882.2899,86995.63482,101061.8005,188251.8241,58806.2475,174289.656,47593.60913,41958.42255,80502.13761,72356.13236,156349.359,80905.80432,47222.19991,107657.5292,118793.0593,186224.6985,27299.16545,44189.42742,103641.0175,103970.7539,87764.80248,86094.06522,41946.0362,182707.1285
"15,16-Dihydrobiliverdin1",25539.34964,34982.28611,29712.402,21349.78698,22983.32536,23396.87114,23633.80942,16375.74989,39727.18867,38603.89443,44608.92319,47105.47782,4339.52407,5657.813274,5040.221725,4811.75199,12845.45229,17474.26507,17509.03808,16792.45,72377.9343,4726.164985,3420.746163,11982.94536,22842.29338,21932.8906,90865.7125,165660.1193,117612.8651,116167.5137,194824.1829,28858.37782,45168.5416,51302.65135,20801.74804,6657.761091,2143.575188,9374.758074,12644.48294,6586.240456,10042.09176,9201.72555,23447.14079,9244.83166,3224.063938,3323.190858,6365.929873,1313.759321,8616.639676,37489.80725,9119.768167,18184.50817,2703.457459,18250.743,9198.782239,4979.498333,6873.558068,13844.97344,3061.663231,3809.77903,9941.834833,3272.177861,2866.690329,5488.282397,4974.620925,8677.963362,7156.6882,408.0056434,3120.843586,3211.491645,1829.555404,3057.704608,4281.89725,18213.44424,5447.175912,16467.46584,7637.231539,2218.461768,4339.832325,3533.364818,5965.814834,5246.602346,3310.024875,2228.433778,6918.393052,2613.672778,10878.56651,3313.197588,3305.435538,1766.282031,13009.32261,4094.177375,4047.578365,3469.752167,1650.481625,6699.436085,5885.209684,3885.461468,4290.625816,21050.61758
16-Hydroxypalmitic acid,8685.800559,10672.39164,7348.507407,7132.236583,7603.411579,8966.918114,7342.692162,9038.053633,8419.66125,8469.179662,9092.858167,8301.238559,18388.83888,14213.73445,15983.77462,14136.84489,24145.04226,22230.33293,19598.51538,13748.36288,17930.81011,14069.88771,13281.2505,6780.409625,15407.92186,13097.93424,9137.735667,9718.800771,35552.6069,36089.13138,17188.38604,11963.83195,11844.46062,13323.19225,28170.08042,10260.03721,20164.2739,26447.83143,14901.73258,14090.38823,12791.79837,15548.96802,16353.4348,26636.58075,14040.35856,9808.927875,14095.20884,32687.92273,23041.82351,12212.20846,14887.52429,52530.85523,18695.61693,23450.84718,25708.87459,22754.40171,23323.014,15192.29894,11671.93917,19528.44032,23326.095,15980.55014,15471.12341,17947.76786,29916.91627,18192.37222,18412.32328,13751.54854,22006.98069,16361.83727,12986.427,13815.7787,15436.73593,9675.876,18565.5645,18525.25071,14904.2731,30099.33927,33150.44589,17180.63209,16270.11922,17640.67303,16914.04237,16003.50606,12539.50489,12892.67874,13107.96283,12547.1484,17165.39341,12561.29818,12532.13939,19527.1618,15842.15444,16182.56969,13433.66841,23858.11397,17303.79616,13173.39824,10381.36538,13313.51503
16-Oxopalmitate,3215.873368,2830.540186,2613.700169,2738.206329,2356.033481,2941.878865,2187.661069,2524.49892,2591.808832,2638.574823,3655.509245,2860.972493,2854.984706,2989.333286,2929.745,2264.215115,2335.684869,2509.9194,3067.754128,3277.517554,2968.450909,2342.195495,2344.716981,2663.3016,3398.270259,2298.620652,3007.080655,2392.629714,2970.794142,3302.341163,4014.375517,2869.435048,2758.421118,2997.004188,4031.47154,2745.855864,4052.856606,3574.208113,3877.728445,4591.437015,3667.985455,3451.328471,3100.324862,3237.464267,2409.724986,2996.017091,2915.30571,3495.02125,4502.639909,2917.597295,2588.336034,4713.537375,2881.584184,3423.383069,3698.845246,2734.81037,2905.918585,2802.453695,1927.6014,3477.33614,3091.042381,2741.130818,2838.297395,2626.5915,2944.819857,3550.948393,3133.729008,2727.22549,2334.596112,2938.466427,3058.756544,2184.828455,3220.123286,1733.326,2699.758557,4924.621125,4790.760104,2248.684386,3068.931703,3784.203933,6958.934574,2972.565341,2725.038571,2055.443414,3289.778079,2463.477493,3017.773308,2496.699145,2381.391141,2352.84901,2823.102033,2841.996617,3017.985231,2276.637363,2844.882853,3422.346294,3122.940242,2925.060089,2029.131967,2613.29812
1-Deoxyxylulose 5-phosphate,18132.06429,17440.48983,14923.74574,12914.47536,14890.95311,14104.51442,12697.24055,14492.73161,18009.36423,16926.219,16376.2746,20223.94065,13922.83838,13538.6174,12094.16533,10977.66169,11327.46364,13969.65817,14504.94475,14851.52462,5485.174435,10962.43892,10375.41316,24486.35081,7998.2871,10942.65838,16740.81378,9382.876071,18586.10505,20859.4119,20618.40146,11677.3557,14127.12208,13442.54148,44530.05648,12555.99045,13974.901,12300.58669,12672.12363,13307.63264,8104.59,25719.28507,8471.81802,12337.55975,9013.807487,8390.239066,13327.01685,3975.091927,9622.392399,5171.148951,12421.89375,3435.429154,12203.90429,5399.310399,6539.665064,7682.889018,8422.089123,4861.965239,2224.764759,8511.159531,6499.808357,5672.852511,6118.766833,5996.016564,11997.77931,7445.722848,5776.260043,8732.234,5636.03443,1338.165623,10075.934,10174.06225,3340.137485,9731.3105,7712.695,3922.933256,7135.352,3955.703925,1486.131512,1535.249106,4033.006175,4023.096272,7072.710999,4709.800201,5528.246294,6608.520286,3173.425362,6486.472133,10684.59904,2749.397394,3643.028268,5959.852699,6219.838069,1,12047.94411,1,4171.104244,4786.567536,5401.377751,7630.576789
1-Methylhistidine,20652.05759,15812.72325,17454.03171,19013.94,17591.76,13090.2135,16936.75113,13779.8568,11034.10778,15387.26871,11314.93629,6667.234286,9827.3005,9365.64525,7803.8255,7498.454286,36822.66664,35725.7502,35748.32414,42536.74873,16321.31627,14657.54014,15309.02333,9371.088429,32660.55367,52664.15643,55989.68131,45971.2431,5450.570667,11938.72917,8239.901286,34549.5825,31510.08405,28883.735,16491.10375,8249.631429,26118.03614,18328.16327,7716.608,16183.7085,11178.2115,14419.43438,34425.9672,30950.95988,24227.94563,98266.65975,54153.64275,73775.20069,30920.67429,23195.1357,1,19447.61117,27772.69306,19612.9395,19276.65267,33669.84814,18232.65125,13250.643,33037.815,47873.95691,19341.22725,14195.21,29894.35833,11767.7322,50139.04827,1,19835.4832,60955.4325,22103.4926,15872.688,24350.775,64808.692,28971.45829,14364.15,26586.792,12018.62236,30315.2005,31280.88188,27101.5875,14001.75333,19039.97207,11565.73371,9278.55,44085.6344,19311.32367,22350.36375,29696.53544,25856.20469,19618.85486,44322.02125,15961.6842,12359.14333,15909.58958,22422.00775,15170.22525,36866.05267,16423.94338,70720.85514,1,101968.4336
1-Myristoyl-sn-glycero-3-phosphocholine (LPC(14:0/0:0)),25323.23536,23350.848,21618.30686,21203.7896,9075.2,11076.01786,8101.081976,9147.528533,6460.665885,5834.045029,5768.7117,6417.393273,25823.88845,25532.7828,26752.85433,27087.29257,17540.27578,13818.72421,13736.06115,13099.86618,7432.0902,5493.730588,5016.911,26599.85102,10427.72946,9599.01275,29602.75227,28878.727,2035.298937,2321.425412,6632.208,37100.38261,9884.701429,11303.94286,16885.93298,72255.0128,74979.36723,18813.20057,32784.616,15100.44303,23068.87667,2859.2795,9236.109225,94523.19474,81053.82511,5422.625,13768.48524,26151.56186,16049.79843,52763.89139,54805.27358,79664.62468,148313.898,41764.9788,162294.2629,155353.3906,175721.5809,1272381.002,414262.244,259892.4479,88168.5144,345653.9358,590434.8866,274057.9821,348037.9231,151436.7086,468778.96,218131.8595,76919.87694,408917.3817,324704.46,194016.8389,322506.4108,59338.60114,122062.8377,144922.888,644500.6238,348346.0218,1328755.922,568590.22,406871.3233,721959.959,192846.1012,262038.3693,495993.7344,372837.3236,581876.438,351231.2471,322479.8663,429501.2489,540822.617,241077.0038,394241.113,236134.4386,738163.6275,1307042.879,97249.01207,392383.3846,214608.9913,477595.9126
1-O-Hexadecyl-sn-glycero-3-phosphocholine (LPC(O-16:0/0:0)),23545.542,21620.39478,27283.01443,24690.52107,23273.07045,15260.18839,17455.8461,15721.9326,9646.191,10491.68807,9861.173457,8058.29805,15671.47623,14823.809,14881.18473,15789.08194,19869.38894,19907.5247,21426.56644,18779.68291,6005.478,9852.297391,8434.43415,30074.9955,14358.42233,12593.11548,17883.74762,26962.22645,6224.514545,6377.504,27065.4015,41522.38548,17056.26313,16806.38182,8032.6015,36850.0825,37567.52083,18827.78946,20953.22586,9652.253,30172.5089,4388.134759,16269.16438,57262.65778,44065.847,8103.91619,39106.26265,18610.6065,22592.97464,62178.00414,470253.7667,112677.5249,214937.9416,110563.8622,189351.1323,120321.682,208633.9594,321568.5646,200329.9108,214399.8131,112659.1326,186452.9631,277101.6364,242434.4944,128221.6513,364883.7853,317555.8583,295429.9478,148074.6079,276428.1011,431346.3768,332058.0865,365261.0821,195220.9468,100420.7948,235703.8045,386347.6886,900179.2008,617147.3064,302592.1787,345302.1614,223548.608,247266.9876,292112.1158,374088.3701,165700.2506,481506.053,226829.8078,373074.1907,384274.5371,203045.0835,222834.1331,622267.5772,734055.8977,491500.3777,914758.3557,235883.194,361025.8889,266821.1888,455616.4789
2-(Methylthio)ethanesulfonate,13420.90429,12301.99527,13669.7612,12810.85955,10185.42646,9100.777667,12120.77935,10482.48859,10985.49844,12123.936,12087.84246,10911.67492,12188.6685,11003.80216,12933.947,11971.34044,8496.388,9889.666937,10221.78456,10966.118,21089.84703,11463.231,10627.48904,10689.59671,13311.39418,15015.87761,8314.390769,9377.12765,12237.085,13548.11537,10383.21957,11621.67667,12987.884,12932.53512,9399.586818,11357.96555,15224.93405,8954.099087,11506.46095,14314.32,13028.90994,13317.14453,13212.47056,1,1,1,1,1,1,1,1,1,1,1,1,1,1,1,1,1,1,1,1,1,465.763,1,1,1,1,1,1,1,1,1,1,1,1,1,1,1,1,1,1,1,426.198,1,1,1,1,1,1,1,1,1,1,1,1,1,1,1
"2,5-Dioxopentanoate",91572.38089,52594.60198,71909.34153,56697.47685,46945.00353,52371.245,55546.39448,51309.1425,48841.38851,66902.75402,52558.36166,54825.46688,55386.21509,56165.80767,56518.534,51246.86067,47134.95479,45495.83389,70600.46256,53445.40056,68922.13482,46413.037,50427.58252,60283.46313,65025.65081,102349.6486,41733.78826,76240.72668,62473.36664,45550.38817,102007.9092,51829.59172,50775.88094,63197.19714,58770.42692,64455.55534,51431.00402,76521.09804,51118.11044,67963.34645,72467.91019,76099.91867,58863.94953,1996.835259,1772.212158,1750.353807,1792.582199,1828.190482,1845.749633,1754.001845,3902.199875,3950.01472,4069.307303,4030.113971,4199.404452,3938.067612,4031.263702,4088.786725,4022.537545,4247.112072,3862.553346,3784.914946,4035.585063,4029.644773,4176.964983,3976.416631,3952.666168,3981.677544,3979.532767,4023.832259,3991.161292,3908.81909,4167.215572,4312.631431,3987.267745,4144.210634,3982.669203,4051.686975,4365.884378,4334.850448,4044.242324,4116.463642,4182.927562,3983.319662,4033.750153,3986.64051,3919.774212,4065.568173,4000.414058,4013.054102,4065.48245,4163.085107,4037.686917,4041.161749,3947.74467,4199.423169,3956.626306,4192.74432,4129.955009,4035.169146
2-Aminobutyric acid,1,1,1,1,2584.57375,1995.97,3934.082526,1,6287.385,5383.219154,6821.442462,1,8658.329929,1,8159.6484,5818.4547,1,19374.552,27223.1421,1,2172.847611,15241.01955,6221.779636,13376.80248,1,1,1,4689.002,8553.813286,1,13338.38853,5828.000786,1,4425.657429,1,3371.30425,4854.906857,1,1,4136.024571,5650.538222,5918.771429,9665.262,5453.58625,3919.5385,1,1,17827.88653,6403.724423,18227.69545,1,1,1,1,1,1,12300.2064,5084.350833,1,4525.5492,4441.975909,1,1,1,1,1,1,14076.414,26603.98607,1,8248.294,3865.5603,2133.6357,1,1,1,1,1,1,1,1,2835.977,1,1,1,1,1,1,1,1,1,12598.28645,4440.5745,1,1,1,1,1,1,1
2-Dehydro-3-deoxy-D-glucarate,5304985.537,4598463.777,5618501.768,4185486.627,2983085.362,4350748.087,4193938.855,4002691.453,3290621.278,4713605.066,4530498.633,3743701.981,3904567.911,3175828.109,3966078.82,2902657.788,4192175.325,3945755.476,3435025.545,3169011.752,5256043.809,3959896.586,3537728.166,4302345.271,4174088.036,4673494.69,3791158.296,4652004.278,4411179.844,4311865.097,4832637.771,4335129.637,4179223.226,4678578.629,3824993.399,4033779.211,4061956.28,4407838.599,3864422.28,4563792.52,4722446.847,4794712.113,5107745.287,449973.7335,330292.3195,242598.9018,281781.0132,281340.633,388955.1633,412506.2614,278140.3554,550411.2648,463124.933,273529.7147,307464.9788,226739.5298,186024.5418,266790.9535,297882.954,374935.962,276663.3326,311703.8864,324430.863,411225.4629,366834.1659,354779.7992,398517.6124,310394.0427,320952.7663,407041.1325,400501.3114,298955.553,485804.2895,242433.9988,527598.5242,383370.5153,278636.3581,298514.8484,268065.025,349260.1384,273261.6357,411745.4517,351719.9929,271254.3368,281360.4048,415727.0209,2927.183625,356490.7324,463339.5895,295726.1771,267723.2725,352601.3671,420241.2808,163351.2118,310635.4473,269872.5791,204494.6147,340719.884,274214.3702,400603.8422
2'-Deoxyguanosine 5'-diphosphate (dGDP),33581.86375,42586.34775,40523.96183,44429.23426,1897.179735,1724.061596,2671.05427,2251.693434,10431.81373,15468.3409,7070.23425,6971.645172,5825.381227,4973.749653,5810.574477,17417.74108,1878.629624,1864.507281,1477.447156,2060.185055,650.1207114,529.0727278,429.1413448,1784.862987,3920.410286,585.2326122,850.993451,1554.877809,282.1575657,307.162864,684.3626482,422.0650948,210.351899,570.3142779,531.4251924,850.8276065,462.7794959,196.9888268,466.6469693,832.8350431,507.1250431,2586.196675,849.8973674,6922.958875,4604.583192,3073.426925,10506.70075,2068.257625,7607.0955,10864.88417,8234.057395,14326.642,11782.214,5540.816542,11384.7912,8946.869674,14835.5919,9873.592625,16988.9241,12864.00173,9608.492481,12783.837,19543.94035,15948.29183,8076.531196,6002.330625,14760.50876,5223.273125,8044.36913,16283.09165,13498.7965,4081.622212,6592.1568,3844.961185,1835.642375,6439.4208,19309.61038,16414.75656,28269.39429,25193.31536,54925.41333,15432.36762,17847.905,26155.34481,14170.0195,11558.646,20708.34536,15832.36113,8708.8448,18137.22677,16247.7795,5926.833482,29739.23443,16935.09929,9488.627412,15118.43194,23574.84091,19155.34305,10277.559,12583.556
2-Ethyl-2-hydroxybutyric acid,12998.65878,14942.86442,14398.04763,13278.28966,24533.72781,16706.54222,21210.96687,23626.06043,29613.27738,22767.51048,23480.38944,23979.66639,5288.660459,7897.624778,8198.786135,6855.531556,26074.84585,19722.20262,23907.9635,23485.302,21994.65111,24926.15125,27849.63158,46012.7034,6458.712665,7714.32871,6317.976847,8218.05785,30135.084,30318.6219,49650.17112,38189.21512,7795.66676,12501.51816,5228.234897,12542.50725,17445.61144,13385.2625,13210.18633,17842.63272,17298.30507,72706.31844,14172.28906,16813.14363,17096.76969,32973.46688,25054.98683,15041.34395,22977.44633,18731.09333,21850.5624,51854.72077,17744.0533,11213.35083,39037.88426,18501.26068,29400.60608,13413.33,13133.34861,36347.9868,46820.51319,33297.70054,23092.62339,23020.42404,11132.65285,12744.18684,48581.82414,9098.634889,34732.152,13847.18544,76921.14518,30043.156,21654.59079,14030.10645,54054.05618,22143.50798,23838.96276,30128.29057,35142.41973,17134.79508,26594.11109,20528.82127,26392.21835,22833.10706,20948.23841,44077.0603,19780.04448,16538.87319,21158.01935,19781.6064,12483.18445,48414.08509,50284.11241,15061.1062,83298.96204,18709.62712,14648.92083,36173.2035,11619.0526,12770.45172
2-Formylaminobenzaldehyde,1,1,1,1,9716.184032,3424.047,4995.344643,8418.322,6328.0415,16151.57135,18314.32158,10927.04792,1,1,1,1,1,1,1,1,17071.31436,1,5013.578318,1,72855.24355,71820.8113,3303.534375,1,2579.375,2237.8338,8601.7024,1,1780.3585,1,3443.222981,1,16269.06839,1191.6702,2519.0382,1,1,2200.050364,9777.609583,30452.22273,3746.833786,77739.81129,1,12543.73487,19601.72436,12399.84216,13666.16179,1,1,1,1,1,4926.204667,4597.577778,13362.76487,1,1,1,1,4358.91,7053.2,5520.625368,5175.643566,35113.51248,1881.8275,11059.34442,1,1,5213.802,2039.087167,1,1,1,1,5838.345333,17502.71294,7686.172607,1,556.3824,1,4926.768,3297.747879,2618.49375,5099.0745,1,1,1,4092.182146,2068.3061,1,1,6301.044486,1,8411.411937,1,1
2-Hydroxy-2-methylbutyric acid,11259.00028,11963.74056,9035.118621,13344.35437,28697.09544,19009.23836,13138.39367,11937.74816,34640.256,25673.34,26807.48057,18981.372,6615.583298,4275.244962,3166.075494,4034.00772,40332.41518,44782.36665,37097.98657,48735.63288,20023.50477,21098.50212,23595.376,42428.2658,11895.15617,8520.495934,7330.508,8359.878218,43643.64284,44822.22548,97426.37547,22447.92922,10623.44105,16072.06219,5063.27379,7001.06,12488.36276,8584.248246,9220.027862,8808.691208,26149.79135,22615.2518,7108.774861,19813.18013,19261.81639,52824.2899,57304.42639,12238.9538,21598.7031,12089.5345,37244.0328,62209.15556,5212.887952,13002.34,7141.168149,31732.5585,28395.98807,4973.204149,9553.999683,11702.66121,83069.967,21954.97979,19537.59009,12250.96798,4653.200152,11736.09955,33707.31625,5248.299683,30998.07483,11160.53529,35639.61019,18686.60443,21399.97096,17831.92463,29997.13602,10420.68835,14171.27369,15700.67486,20971.23861,14686.4522,35209.67962,16154.2709,23871.86632,29327.50902,15798.6962,50821.49496,26938.22,16163.65714,4782.686444,9860.14185,23846.995,80624.78508,39115.77253,14486.15376,51000.15415,8977.221474,21369.19595,13138.40182,13873.66893,10132.90783
2-Hydroxy-3-methylbutyric acid,11259.00028,11963.74056,9035.118621,13344.35437,28697.09544,19009.23836,13138.39367,11937.74816,34640.256,25673.34,26807.48057,18981.372,6615.583298,4275.244962,3166.075494,4034.00772,40332.41518,44782.36665,37097.98657,48735.63288,20023.50477,21098.50212,23595.376,42428.2658,11895.15617,8520.495934,7330.508,8359.878218,43643.64284,44822.22548,97426.37547,22447.92922,10623.44105,16072.06219,5063.27379,7001.06,12488.36276,8584.248246,9220.027862,8808.691208,26149.79135,22615.2518,7108.774861,19813.18013,19261.81639,52824.2899,57304.42639,12238.9538,21598.7031,12089.5345,37244.0328,62209.15556,5212.887952,13002.34,7141.168149,31732.5585,28395.98807,4973.204149,9553.999683,11702.66121,83069.967,21954.97979,19537.59009,12250.96798,4653.200152,11736.09955,33707.31625,5248.299683,30998.07483,11160.53529,35639.61019,18686.60443,21399.97096,17831.92463,29997.13602,10420.68835,14171.27369,15700.67486,20971.23861,14686.4522,35209.67962,16154.2709,23871.86632,29327.50902,15798.6962,50821.49496,26938.22,16163.65714,4782.686444,9860.14185,23846.995,80624.78508,39115.77253,14486.15376,51000.15415,8977.221474,21369.19595,13138.40182,13873.66893,10132.90783
2-Hydroxyoctanoic acid,15078.43089,12816.24035,16471.25827,14382.38083,4448.407931,5019.431405,4961.392931,5295.721044,9340.627235,11149.16268,9300.405853,9626.609423,3947.190154,3948.651975,4056.445743,4529.92825,5650.679932,8525.093063,5373.535078,5989.417826,5033.046093,6379.284588,7196.084917,2499.556203,4764.663,4932.925734,6716.823346,15810.41187,4898.768196,6006.233483,4948.177746,4015.204167,13662.04532,12979.74539,5481.479536,4022.727176,3356.432646,3677.507565,4768.034571,5222.361915,83878.22092,5990.744,2939.453948,5473.04324,4088.722673,4053.778572,5618.913325,23802.79957,6561.163196,5086.504894,5022.447828,8992.148359,232644.8948,13669.90444,5571.18504,4355.777092,4527.273186,5374.114909,2802.077318,8432.781219,3359.452688,5237.337616,14666.32024,4024.694667,6414.119008,5634.758608,8425.727357,3757.467401,5339.605995,2603.2695,7974.83425,8672.350946,6559.418763,6311.663077,10298.15544,5041.839019,5703.6525,5525.835159,4692.93825,3187.53,4006.858431,4774.283188,5592.320118,5302.44556,6215.652727,7862.401417,7785.66045,5004.857722,6593.440717,4792.781326,4235.110795,6311.956085,6665.676417,8953.589824,3459.6666,8498.53375,6346.87725,9550.206083,6602.708333,8619.236636
2-Hydroxypalmitic acid,16487.94183,10681.49471,12245.35469,12022.90529,8240.401484,8657.625212,7850.338889,7280.525694,7959.81,7962.141469,7994.332927,7744.194769,9151.689909,8794.989353,9055.312727,9386.161111,19685.54438,19275.25782,21586.86874,19752.41144,18314.23706,18858.25959,16291.04563,10115.82124,9648.1649,11032.57576,10031.1754,11594.86181,12724.94199,12645.85729,18281.4064,5992.3556,20066.38788,19307.71647,30673.53716,9401.678912,15253.2228,29643.47742,9786.428393,19682.4601,13790.88846,20539.60252,16369.27478,17496.82018,11001.89445,13805.77472,9540.524611,27056.061,20619.81886,14976.7264,51706.95222,62193.1959,56357.10733,48487.7539,48920.52981,48583.0386,56373.292,41284.40492,27686.043,42331.68531,34593.96852,44987.66617,33931.27375,38615.70248,56158.58869,40693.02058,33345.83794,40681.33875,39854.33738,54557.61508,39141.59964,41274.21324,23020.44196,24489.65661,63362.23972,42520.4424,39827.52094,36668.73443,44001.6864,35608.18815,27731.37881,48401.694,31481.82871,38787.76467,26235.33371,35683.18529,48321.89424,33522.00467,48881.54869,26355.63024,21769.98967,40402.27425,56291.91088,46441.52136,34899.49642,48228.01944,44736.11646,26262.88748,34268.20133,34174.08
2-Hydroxystearic acid,322.0078879,152.7338748,239.4214025,322.9641007,202.1444229,196.6079947,47.49391495,297.463648,156.4629186,202.6506552,200.8468274,306.2465421,570.1489923,337.6143568,357.7290854,152.2441932,648.964807,605.7434177,739.9768109,808.2397895,1131.24,685.0896703,181.3735852,240.6259674,214.7465505,187.548387,168.6399197,560.540334,147.5810521,1052.068929,783.3634615,67.48134128,371.8514983,545.54775,1881.176846,147.8783648,481.852262,1195.500923,193.9000663,765.1335028,503.1106114,722.76,483.8635294,707.2650746,204.537314,417.1699116,156.5562367,647.4446809,412.4049434,327.331595,4563.459,5832.551,5028.788897,4096.648808,4129.681,4961.466,4582.628016,3739.495625,1942.443889,4009.624583,4195.47225,5263.5744,3081.809727,4532.17336,7380.7595,3732.36918,3622.010808,3173.037107,3336.97896,5320.92,4135.6635,3887.761436,1960.83732,2801.805417,4207.963846,4436.58298,4564.635776,3514.622222,5549.158077,3864.531,2175.017056,5016.8565,2849.481688,3506.103586,2504.053636,2638.077207,4354.9235,3733.10531,4861.181385,1941.2484,1867.63752,3841.817357,7044.17,4408.433167,2532.089548,4059.463086,3869.942222,2355.17415,2949.601,2644.162685
2-Oxoglutarate,23458.70825,23268.30806,22858.137,21974.32075,16555.87904,20795.5889,15560.66252,16949.55488,16998.75002,26704.93452,20142.31298,19517.61178,21766.16675,18546.77398,19656.91867,20001.79272,18580.25743,17310.02576,16424.22768,16700.73504,32233.67767,19160.49408,16624.28864,22362.48623,22631.04619,31851.76575,16247.30214,16162.08202,1,22176.4148,22001.49167,20397.5722,23331.90443,22702.26592,18729.6,19208.16858,27381.78938,17366.30396,19741.77648,20813.07891,22871.87417,22404.66083,22552.61155,1,1,1,1,1,1,1,1,1,1,1,1,1,1,1,1,1,1,1,1,1,1,1,1,1,1,1,1,1,1,1,1,1,1,1,1,1,1,1,1,1,1,1,1,1,1,1,1,1,1,1,1,1,1,1,1,1
2-Phenyllactic acid,1977.496,1,1,1,1759.5182,2259.864722,2948.05619,1470.761389,1962.704059,1,1,1,1614.062154,1347.38375,1,1,1,2055.735875,1237.893938,1,1,1,1,1,1,1,1,1,1,1593.214714,1,1,1,1,2057.711364,2658.222,4383.072,1,1,2008.832,1424.31075,1,3348.814962,1,1661.137875,1,1918.758,1,1,1,4055.997355,3344.091457,3121.74,2568.113077,1,2831.0888,1987.509571,1582.911,1818.954714,2955.82056,1921.762143,1377.2,3832.159107,3053.991551,3861.22625,2583.039467,2269.598,4914.768,2407.86,2877.876692,2092.015385,5610.3885,2192.262414,1510.56225,1596.519773,1456.407917,1,1791.48225,1926.608143,1763.487429,1,1485.118727,2223.449038,1649.904,1492.9208,2385.91575,1525.164143,571.5605,1839.502154,2915.626929,2942.704029,1849.555556,3026.304441,2813.512933,2049.963417,1887.425545,1978.490813,1368.931714,1963.416923,1853.289286
2-Phenyllactic acid1,37467.15531,36331.73603,36542.10803,31813.00773,17963.07037,14861.87307,14723.36323,15026.02658,40284.79492,32649.96267,36488.35275,39694.96202,4137.002241,4490.558504,3508.070204,4059.7005,115599.1732,115171.0137,133780.5533,118579.6875,73048.59094,11631.82315,14304.46842,11494.95315,10651.5078,9118.476906,28215.63882,22840.18632,23322.81952,19214.48909,45977.8836,8038.146563,30725.16175,28804.4166,4891.388009,5582.076417,21966.4915,10306.51587,8478.816875,17128.31778,11729.48672,18617.14063,10052.85313,9861.448526,8728.155,23298.59878,32737.55933,14794.06591,23467.79325,16831.61107,7347.353263,15916.87086,9679.626273,7184.71725,21195.37433,10773.66408,9521.001538,8868.862316,9127.531792,14948.51838,16584.48726,14596.27846,10947.03655,8955.333608,8052.658152,8916.468826,12445.73925,8403.614471,8165.0335,13188.85411,36437.97776,35868.94503,9330.084529,7324.263182,27579.70367,8153.767658,15302.2562,10538.26628,13626.51913,9902.466,17049.1042,7458.72,12007.7424,9870.850061,10046.61322,20016.33734,14773.89103,12657.84987,7454.07024,7413.546875,8631.235452,17377.758,9115.087545,10599.12738,52712.02759,11257.45724,6430.95425,18511.41338,10178.18419,6330.798692
2-Protocatechoylphloroglucinolcarboxylate,2802.969225,1904.351429,1828.979286,2388.31,2574.247857,2023.1025,3048.996364,2618.253778,2387.102727,2359.573429,3774.236,2289.0555,3119.055,3058.020842,2652.583667,2255.1775,3340.196875,1,1917.460667,2467.736917,1,2604.85625,1805.355,3034.4952,2785.876944,1,2370.822667,2543.071313,1628.775,2169.61875,1,2866.181143,2167.718143,2746.233571,2146.616,2620.345313,2863.742167,2376.492591,2633.191,2141.325357,2265.202333,2890.602857,2536.243846,2546.329333,2329.851563,2222.545,2456.351333,2776.978286,2875.832143,3535.648,1203.425143,1321.888,1563.8035,1226.004,1502.650773,1392.8706,1,1,1580.967143,903.3881667,1199.367,1166.454857,1411.173429,857.285,1488.891667,1436.6905,1185.1105,1,1134.9831,1025.386333,1171.089667,1315.173333,1,1191.6216,1,1429.354167,703.752,1135.232,1,1,1,1190.925,1,1,916.5754,1,956.2168,877.54,1,1,1066.3335,1,1,1095.465333,821.997,1,1118.5152,1165.225667,1,1
"3,4-Dihydroxyphenylacetate",37473.8284,36519.08716,33416.71783,34758.55717,23248.02941,24485.30789,21100.91888,26191.54286,5755.1035,3410.683275,3367.353294,3689.96413,3083.445455,1,2251.648182,1,1,1,1,2558.67075,1820.0115,10842.045,10377.87945,1,3340.75,1,3333.462543,7058.427167,952.4096,2510.869579,3765.141333,4920.857029,18750.08056,18925.92975,184283.0057,2486.7239,34009.37093,56088.22789,1848.96,5062.380682,6256.33,8383.164344,1714.0075,32269.23929,78812.01082,1,3170.450133,1,114818.8266,21833.17079,5300.235,20155.7255,2561.5435,2932.699875,43958.85133,4822.467222,6612.073778,107613.2859,55381.31107,115545.961,2106.371429,123048.142,296436.0156,772.1568,1221.322364,20751.53833,14571.67446,51484.5408,16823.675,93581.41371,81286.7725,157971.5144,34008.50108,19281.2475,5385.276556,37304.41635,82834.62682,8611.03125,43725.90279,177769.8582,7179.3135,1,23659.19633,90080.2845,62001.53543,5140.528833,1371.997917,34985.01848,26567.735,112428.7391,32476.27431,5415.4035,15969.03308,325549.45,80852.00857,18190.584,15314.11267,71751.56839,45691.86062,51118.911
"3,6-Dioxo-5alpha-cholan-24-oic acid",664.2864694,249.3044482,393.9800017,488.0898337,19.42321782,1,1,18.05336364,304.335538,176.6632971,83.71334425,151.3802107,42.54301413,19.90971563,1,24.54204311,2632.455562,3080.578314,2862.230064,3513.699148,28.0622167,151.0913779,153.6415675,1,1,21.56957738,283.8658403,376.1391116,114.7221697,67.74587879,97.18028788,28.2159753,160.2340439,87.49933024,1,1,23.12753884,1,148.5397936,19.86710765,42.08782627,21.99208132,648.219759,193.2386885,32.25644613,1,20.70406054,1,1,1,12075.95121,11814.4472,4785.843059,14415.67352,7092.513214,12346.97719,13130.32709,6575.661879,10941.3265,10733.10339,7186.321293,14425.52416,5463.435379,3046.877167,5781.166086,4006.034712,8797.488839,4049.811127,14626.72482,4840.898179,13084.99179,3624.740773,7829.737379,7244.442776,13228.02879,7325.328536,13228.413,1125.490333,12367.7561,8639.013,10051.85107,13949.28017,11268.4,17303.75271,4276.998043,2286.613333,5881.329214,8495.089586,1387.438308,3614.085521,9209.055638,13743.46178,3341.488902,7307.836875,6824.7685,9024.790281,2416.024929,15084.75729,11957.2128,27228.47266
3alpha-Hydroxy-6-oxo-5alpha-cholan-24-oic acid,14974.46483,10463.36585,11969.84486,11539.26494,1456.105575,1506.688855,1411.530639,1296.636703,2547.020792,2888.274306,2322.745706,2243.752459,3189.114831,983.3685217,907.795,2187.275702,5916.387479,14001.69218,14758.98526,15952.56156,1396.001123,1706.540234,1780.715588,1896.653011,1933.11605,1903.933879,2411.57227,3527.669122,2799.218799,1726.888091,2779.307143,1669.668,2803.621517,2574.496024,1034.541079,887.6342349,849.4599321,1527.797892,2530.576129,1804.498039,1858.483308,1971.029282,3690.761067,7565.214378,3236.754775,890.5136033,1436.628587,1586.881551,2078.758445,106.5434287,52650.51076,53029.40907,7606.817969,34127.30157,47877.53267,35433.79142,31537.60581,34614.66701,60307.6635,44082.864,30306.15189,39591.00757,15924.45535,8798.798133,18702.10191,19286.94126,47159.30169,26732.90945,35762.94437,22805.14003,45194.98133,21494.04939,25314.92868,34531.38044,52568.79503,20092.07306,45038.06289,5408.8414,29142.13878,23000.93656,41054.4152,41857.54262,40075.81739,72411.88755,24568.31386,13337.8853,11363.00384,30379.29869,4249.888603,16469.88789,35308.72664,33783.0591,4486.344968,42911.7,18862.66023,28186.9528,11455.71939,43806.96439,27679.30713,108357.2993
3beta-Hydroxy-5-cholestenoic acid (3-HCOA),3353.427429,2778.321273,2985.4085,3425.383042,3402.7864,2485.480633,2468.976178,3300.337423,1495.790875,1978.1019,1155.905333,1041.616335,1196.041,1031.243217,881.847,1255.886724,12288.904,12395.27507,10923.822,11677.008,3300.461667,3284.8565,3999.746385,1244.404222,1474.915556,1051.011,4606.630769,6609.095818,1775.849953,1840.768857,2866.75315,1320.431969,2789.846417,2200.9965,1187.068333,3050.664591,2565.363429,2164.348016,4075.109792,6398.644737,4148.15625,1729.704683,4296.282375,8190.2112,5313.059475,1319.7325,1550.349629,2954.270455,3896.231167,2790.170667,7905.978182,11862.25179,4356.346091,8400.232237,6380.191059,5248.115591,5846.022115,4201.2615,3025.037464,8280.617654,7020.373097,3204.450273,5468.243478,5931.646645,4039.261333,7791.927823,4189.890833,1143.079206,6437.376,10957.06129,444.7133203,1502.591409,6032.645833,5105.553143,4537.097182,4145.615833,7585.947643,2189.255294,6645.923792,6722.149143,10493.90555,9240.115692,2912.236636,2638.878723,2333.863462,6601.059833,16657.86426,3538.903375,4979.692266,4266.995806,3584.333375,1802.967,11393.16195,3320.918467,6631.808654,3740.549647,4562.40725,2800.6275,5264.9113,6168.9245
3-Fumarylpyruvate,69245.17543,64968.69817,63183.52706,69681.33978,68571.58277,73466.00177,58356.23423,65766.74844,64736.54786,71800.7732,72997.09221,70128.06604,77373.55135,78730.26357,66224.58446,79515.31088,67255.66786,74510.98385,62985.30963,74242.43483,106150.4684,75219.92715,66720.38234,77868.528,83933.64504,93541.93393,63369.8885,71906.90018,81785.52811,93494.78091,73675.12223,81748.54994,92850.08056,78028.43131,65058.38769,76823.40154,107671.4833,81475.06223,72433.2072,95253.45491,83318.77044,83114.8856,75150.95325,1,1,1,1,1,1,1,1,2271.415909,3319.552762,1644.591952,1622.850894,1,1,1,1,1437.381,727.05925,1,1,1764.349615,1274.145,1602.458276,1,1,1,1,1648.037881,1,1,1,1,2342.909714,1,1,1,1,1,1902.5475,1006.802963,1,1,1,1,1,1,1,1,1,1225.84818,1,1,1,1563.162182,1439.284421,1,1
3-Hydroxylauric acid,1654.130762,1604.6858,2004.062996,1874.316942,1177.958123,1928.973411,1602.095398,1282.868756,2227.870621,2710.341563,2376.92,2679.901875,3269.233595,2763.30085,2934.555733,3011.4175,3750.844538,4305.213611,4419.972321,3988.17875,4917.6,2561.591416,1976.785567,1411.788696,2858.011333,2514.602,1675.562,2661.885,4568.74275,4216.616,2924.994852,493.9948408,1560.5775,1625.046938,5616.727385,590.677593,3618.957885,6487.576125,2394.948476,3431.98075,1657.925,3501.5783,1231.6145,10302.8697,2248.708125,4122.8325,1626.751218,12881.09716,6568.912025,3895.472824,3529.315461,10614.39225,9703.303051,3435.148235,5388.485524,4580.223393,4643.672778,2293.92,1814.08995,3335.828274,5495.697778,3387.248133,2266.302316,4896.821904,3623.024813,2136.783,2566.211294,3831.27825,6069.262622,3999.376452,7318.498923,1911.998245,2569.697778,1605.825,4772.159594,5397.282941,2000.31325,6102.632667,3198.9685,2198.230333,1989.8496,5131.913972,5344.098172,4734.778816,1364.029209,2153.628613,3066.128625,2936.463792,4250.490573,1587.42017,2388.564516,5510.487735,3833.883714,5597.024286,2576.725093,5264.189132,3350.859615,2766.781083,2744.836611,2718.970625
3-Oxalomalate,72231.87234,87986.35256,97078.55575,86762.86667,69118.1859,71724.38742,69267.5426,68207.76184,74911.05426,86144.20844,72570.97862,77501.41126,80305.864,77524.6003,72204.80429,75885.49219,67028.07544,63849.31126,69173.49485,70535.10168,108745.5458,74967.41158,70752.77067,80729.6,83925.16462,104096.28,62328.62031,62142.79935,97784.057,94907.54382,84235.34791,67416.8,84400.64353,81981.34984,71964.6742,76815.62391,106756.3548,81808.608,63164.53286,76674.50296,85467.02947,94591.75403,77148.46281,1,1,1,1,1,611.66745,1,1,1,1,1,1,1,1,1,1,1,1,1,1,1,1,1,1,1,1,1,1,1,1,1,1,1,1,1,1,1,1,1,1,1,1,1,1,1,1,1,1,1,1,1,1,1,1,1,1,1
3-Phenyllactic acid,37467.15531,36331.73603,36542.10803,31813.00773,17963.07037,14861.87307,14723.36323,15026.02658,40284.79492,32649.96267,36488.35275,39694.96202,4137.002241,4490.558504,3508.070204,4059.7005,115599.1732,115171.0137,133780.5533,118579.6875,73048.59094,11631.82315,14304.46842,11494.95315,10651.5078,9118.476906,28215.63882,22840.18632,23322.81952,19214.48909,45977.8836,8038.146563,30725.16175,28804.4166,4891.388009,5582.076417,21966.4915,10306.51587,8478.816875,17128.31778,11729.48672,18617.14063,10052.85313,9861.448526,8728.155,23298.59878,32737.55933,14794.06591,23467.79325,16831.61107,7347.353263,15916.87086,9679.626273,7184.71725,21195.37433,10773.66408,9521.001538,8868.862316,9127.531792,14948.51838,16584.48726,14596.27846,10947.03655,8955.333608,8052.658152,8916.468826,12445.73925,8403.614471,8165.0335,13188.85411,36437.97776,35868.94503,9330.084529,7324.263182,27579.70367,8153.767658,15302.2562,10538.26628,13626.51913,9902.466,17049.1042,7458.72,12007.7424,9870.850061,10046.61322,20016.33734,14773.89103,12657.84987,7454.07024,7413.546875,8631.235452,17377.758,9115.087545,10599.12738,52712.02759,11257.45724,6430.95425,18511.41338,10178.18419,6330.798692
"4,4'-Dihydroxy-2,2',3,3',5,5'-hexamethylbiphenyl",5078.423447,4507.2155,5548.828444,4347.735722,3793.991949,5498.385339,4291.063645,4851.526249,30236.22385,29935.47133,30277.63607,37722.66549,10436.8083,12396.792,9202.3125,11226.69,37928.07195,43550.222,39129.21818,38455.0875,7466.235636,9746.193265,8180.161611,3433.056791,26022.82635,20529.12845,30319.9632,30282.96345,17059.81395,6730.476133,2897.534955,13251.39366,11431.667,13225.45338,12222.3332,2424.807126,9212.088811,9389.661286,9814.58789,4650.771375,4204.373625,12596.6379,51682.44836,11533.49979,4048.860324,21227.30494,5709.307232,20690.21613,5320.068069,7162.506472,6936.06375,708.1776,40856.43055,17273.33262,5491.042667,3239.424,7871.320571,1710.373875,2791.905786,6560.56525,6450.90075,1945.047,3528,6867.1965,7272.969,1827.939833,7750.659222,8397.029934,6854.358154,4808.398444,6557.331375,3501.091244,3978.319125,2617.086546,3099.2,8737.63881,2283.018563,6033.799467,3246.570301,4770.62711,2602.550563,2998.199139,3779.427126,8577.366368,5177.670875,14466.80159,8983.924286,4501.128889,2991.899692,3454.375571,1672.38003,4604.383923,8042.751273,6610.425643,1447.565202,2885.064903,8414.135676,7572.425961,1799.181541,22717.44327
4-Coumarate,1,3582.6168,1,3265.8565,1,5742.605,5606.362731,1,1,1,3771.303188,1,1,1,1,1,6547.02406,5770.24225,6366.4938,6240.962423,2996.966769,1,5219.808458,6985.622409,1,1,1,1,3388.9364,4178.2605,4613.721143,3915.531667,1,1,1845.0776,4825.076389,1,1,1,1,6890.70265,1,1,4772.2907,7702.080714,1,1,3458.627308,8028.01125,1,10061.3181,11283.26908,9046.24224,7389.56625,9383.149286,4448.429143,9976.923021,9019.1395,7568.050421,12707.296,5253.004,13903.36581,13570.45074,7251.875313,6593.181148,8676.299273,11359.20933,1,5927.8625,10513.07658,12515.536,6362.849318,11766.99691,7912.357711,8287.357273,7053.288649,8724.001471,7556.1955,1,12443.0857,8874.68897,7421.812412,9791.011312,8796.079128,1,7002.781714,4485.1725,11633.60703,3160.671056,1,7912.941985,6492.805882,1,8359.520583,8870.609128,8267.063521,8693.52,6485.017885,9582.9552,7103.235132
4-Coumarate1,4012.626013,2059.359403,4859.974167,2568.544816,3743.870274,3105.635431,6302.965625,2524.933182,2442.677127,2432.958469,1838.4228,2129.233,2054.679576,1651.378275,1694.20028,2024.420476,7485.70497,3869.498039,5995.724897,3011.819211,1620.953333,2422.708187,1007.9868,6729.456209,5120.092877,4892.711212,828.1031829,294.492,1550.684565,1316.9579,4396.757671,498.7530472,730.8387585,1569.655455,879.5967891,4083.087928,1763.267667,1349.230889,2450.492484,3085.878689,5956.875888,1335.704225,646.1707441,1810.6035,9638.272778,2482.783999,2750.916353,2378.095872,6717.18775,5722.613037,7367.149185,8792.621,3251.729502,7004.1637,4501.313414,5058.838015,12235.89774,12646.18246,11218.79664,16106.99739,3844.651125,11257.64755,16544.4899,7120.977105,7912.900889,14102.6628,15310.9358,4233.201923,4925.918261,13779.5945,9574.47225,4347.168421,17695.64862,12175.33761,8845.560295,10130.27814,14762.01254,12859.16,11060.90128,13926.88208,17500.67234,8622.169043,11931.14352,11338.8775,10851.07613,8458.015364,10622.07409,14498.55523,5077.466731,7413.574658,8228.2296,9870.009143,19842.97468,16106.71097,13777.8413,18034.15025,13831.57558,13096.50808,12042.40837,13516.12464
4-Cresol sulfate,31855.89497,20859.8163,36445.29395,36437.85346,886363.8154,836539.2292,823462.983,836244.8695,1463586.838,1408286.732,1376977.943,1456708.784,119757.0148,121540.6643,125117.8342,105098.4672,60408.03711,53831.88191,55124.34376,57351.7722,1388348.931,23069.077,23771.71422,21480.98606,40756.57176,36508.5775,259559.0419,172748.7583,438765.327,444643.2263,1034434.61,27302.27325,4665546.347,4763348.472,5923216.048,22069.76415,280647.7904,2986823.301,1557460.45,101994.5068,31143.1505,1776202.335,1842336.125,24383.15811,406905.3827,4454433.929,1890470.055,45018.46708,89005.97161,3629011.234,88384.19054,18638.70596,107357.8247,421384.689,22340.62807,28850.34383,2084435.242,497297.6509,2198580.451,977492.0098,2030980.357,327390.797,22610.76092,25445.98999,56046.14053,2882262.31,29290.44446,13641047.63,1671920.291,5770954.367,3419589.207,86747.29988,2876142.862,878177.4562,2711109.199,24758.01511,1583087.885,60803.89459,102378.2215,2399476.709,3576680.031,26456.2244,27141.47429,945.3268,27114.37112,646451.8877,3162492.712,24409.00831,26948.30648,27328.21406,2292958.341,29368.71408,25689.74463,25483.99265,3931221.033,42672.461,34018.44354,44973.3375,803843.0433,682991.7586
4-Hydroxyproline,16777.17529,20242.90714,17215.51344,18056.31275,10113.42125,8721.210143,7195.27225,8155.307071,46152.31708,43465.27871,42320.712,34705.84844,9941.334333,14217.13929,1843.1706,8457.3665,24183.94625,31608.90218,23709.83786,26632.463,20121.1998,23313.19094,23619.5865,8655.940429,1,1,69667.72068,48961.61325,19654.53629,1,1,13663.29193,40032.16543,35348.10857,1,5373.288083,11644.64167,11535.73173,9874.964357,1674.8674,8970.440143,1,15126.61613,1,1,1,1,1,1,1,1,1,4835.791056,1,1,1,1,1,1,1,1,1,1,3400.044,173455.1447,1,3371.3616,1956.139286,224887.062,1,1,1,1,1,5072.579,1,5814.2013,1854.1782,1,1,1,1,1,1,1,1,1,1,1,1,1,1,4194.3627,1,3496.974,1,1,1,1,1
4-Oxoglutaramate,3592.452571,2162.232,1,2456.9332,3922.5968,4006.332,3551.403444,3293.444423,2803.8752,3465.21,4647.197714,3133.4055,1721.2299,1802.869083,2666.464,1699.7928,1,1,1,1,1440.945,5006.1524,5553.816222,2522.589667,1,2377.8077,1,1,2859.9148,3391.6032,3546.28675,1,1,1,3867.9214,4448.8875,4382.8872,1,2889.1533,2669.238,3419.028667,2157.1407,1,2898.9738,3738.265091,1,1743.927,1,1436.8822,2127.935,2101.2229,3571.199893,2294.6112,1609.015333,1672.3634,1626.288,1661.822679,2926.546389,1722.168,2643.992833,2060.959333,3104.362917,3178.164667,2203.721143,1,1856.621,2954.568,2141.57475,1811.385417,3087.654375,2343.586,1,1449.00325,3109.440889,1,3636.1,1,2802.01625,2369.9304,2513.270667,2791.771667,2041.81,2389.253,2422.53375,2219.0905,1942.8,2164.8752,2177.707,3341.52975,2564.3475,2361.75075,1564.4174,1952.849333,2549.19,2043.849167,2346.8772,3394.422857,2443.293,1594.928,2679.856636
4-Phenylbutanoic acid,17595.23482,18573.74629,13783.50222,15753.94967,15335.6065,17848.95378,19751.90407,16132.45002,17968.89336,18854.68,17086.38218,14781.895,27671.61912,14961.30786,16295.43789,15358.53,15979.25,15074.2078,20256.57915,18219.02748,17240.71198,12399.99362,17615.97145,16110.207,16601.52364,15329.8523,14782.19039,22245.41673,18788.56433,20443.15689,26138.45144,24986.39991,21877.27733,21145.42882,24602.75029,23694.11893,30761.965,20192.16593,19170.14306,20515.551,26770.76264,16658.68,26128.91066,21680.70318,12826.78019,10861.01878,15051.43636,16818.83298,11803.01855,15152.698,19393.54806,17616.51495,17902.46506,24603.94325,21722.88833,13517.24492,12372.352,25037.184,23767.53317,28578.47625,17690.25072,17874.46682,23766.1275,16988.49411,20852.75733,18002.08094,15902.75019,12075.115,19976.55078,20573.46235,9725.248556,19348.18472,20721.36176,17668.85523,13108.088,18321.88675,21249.75447,22589.16,22079.78743,14953.6036,18876.32421,25228.775,19885.49911,22189.79997,17836.68918,17363.97811,20877.94311,18365.90782,20832.56523,14150.76372,16197.01067,13671.54874,14127.49477,19471.02433,13132.152,20021.27704,18995.34475,20865.43892,19836.41848,17183.46658
4-Vinylphenol,24859.76961,26267.85205,25279.48644,22099.54183,3659.939563,4866.887353,6341.599706,3808.642222,5882.34944,6053.726159,7218.714675,5691.216571,8838.828679,4825.3146,5087.2536,6545.749062,8284.600826,9354.73037,6742.046316,8214.733393,33647.32257,10889.82881,10695.03963,12842.61102,8146.912308,4500.9832,1,4395.8732,3527.51,5447.283684,17133.42756,3429.888079,12919.32978,9019.971429,9667.160372,4296.810091,1,11197.12667,17280.62203,6403.3715,11721.4128,1,7451.108616,18067.03546,8279.282154,5637.471,8876.327396,3417.835706,11716.43952,1,3506.167694,2105.565313,3055.767235,10434.23941,9413.5704,1,1,7506.958278,1,1,1524.004045,1,1,1,1,1,1,1,1,1,1952.172778,1,1,1,1,2171.785667,1,1,1,2161.826333,1,1,1,1,1,1,1,1376.82475,2930.360447,1828.662917,1,1,1,1,1,1,1,1,1,1
4-Vinylphenol1,1221.826667,943.9501227,1131.025,880.8227803,953.3963971,983.5229091,761.4296364,845.8967761,971.4199091,843.5827917,982.6912204,906.963,795.0821506,1035.203637,715.3739293,832.8032144,3420.300577,3718.791536,3726.080273,4004.252,868.8139559,1606.6035,1819.37675,348.1240324,2202.782029,1844.653321,2255.919929,1580.498167,595.9005945,901.4947946,593.6662659,1329.627501,902.9713333,1183.288789,8822.287704,1215.315,4762.16,2043.314545,507.4058614,4002.7976,292.8504856,622.8607776,6488.163882,11249.54506,9135.765441,20848.28455,510.6161746,5486.495327,11233.408,10795.24985,8702.199667,7173.02,3172.822692,1505.88075,15800.25858,9372.421037,609.512997,39009.1963,4179.687929,16777.5025,1811.214773,2646.551375,15318.37784,27571.35758,2171.312,8130.972754,19056.80744,9050.157,983.3137627,3264.847385,36754.37078,49212.10538,9195.020786,5641.922813,2032.24975,10304.02947,25813.572,50085.98811,27441.48107,8136.244094,12239.769,678.0097711,55632.16914,5177.53125,68876.49843,14535.5045,11130.64162,32575.27818,19696.74188,28158.17447,11726.8953,13002.40154,4116.382615,11516.61487,11001.42263,13635.64787,5629.554462,8271.5265,74352.9625,12066.5664
5-Aminopentanoic acid,127958.1333,129559.8386,131123.674,122748.417,177063.1054,169756.1565,156643.5948,161423.9415,147161.4692,136809.0013,144424.6008,1,130145.8482,151838.213,149993.6258,1,1,1,90322.94668,98634.13004,1,1,126996.3881,1,1,97841.45667,63594.137,1,116332.3321,1,1,1,74266.251,56552.63775,1,173078.6128,1,1,1,1,161861.3872,88204.70455,1,1,1,1,1,1,1,1,122041.3873,163634.6221,1,104665.3698,116224.9525,141592.4737,1,1,126822.5687,201416.1387,1,191628.1945,1,92984.5557,1,108551.7162,140618.3229,108312.3849,1,133408.4645,163655.3243,1,1,121917.6948,140855.4137,128567.5704,176588.693,1,180895.22,144075.2584,1,1,1,111116.5387,165982.421,1,150118.43,130122.1788,80663.10511,1,1,153462.537,1,1,1,122074.4995,1,141481.8983,123727.3267,142275.7082
5-Dehydro-4-deoxy-D-glucarate,5304985.537,4598463.777,5618501.768,4185486.627,2983085.362,4350748.087,4193938.855,4002691.453,3290621.278,4713605.066,4530498.633,3743701.981,3904567.911,3175828.109,3966078.82,2902657.788,4192175.325,3945755.476,3435025.545,3169011.752,5256043.809,3959896.586,3537728.166,4302345.271,4174088.036,4673494.69,3791158.296,4652004.278,4411179.844,4311865.097,4832637.771,4335129.637,4179223.226,4678578.629,3824993.399,4033779.211,4061956.28,4407838.599,3864422.28,4563792.52,4722446.847,4794712.113,5107745.287,449973.7335,330292.3195,242598.9018,281781.0132,281340.633,388955.1633,412506.2614,278140.3554,550411.2648,463124.933,273529.7147,307464.9788,226739.5298,186024.5418,266790.9535,297882.954,374935.962,276663.3326,311703.8864,324430.863,411225.4629,366834.1659,354779.7992,398517.6124,310394.0427,320952.7663,407041.1325,400501.3114,298955.553,485804.2895,242433.9988,527598.5242,383370.5153,278636.3581,298514.8484,268065.025,349260.1384,273261.6357,411745.4517,351719.9929,271254.3368,281360.4048,415727.0209,2927.183625,356490.7324,463339.5895,295726.1771,267723.2725,352601.3671,420241.2808,163351.2118,310635.4473,269872.5791,204494.6147,340719.884,274214.3702,400603.8422
"5-Hydroxy-2,4-dioxopentanoate",23458.70825,23268.30806,22858.137,21974.32075,16555.87904,20795.5889,15560.66252,16949.55488,16998.75002,26704.93452,20142.31298,19517.61178,21766.16675,18546.77398,19656.91867,20001.79272,18580.25743,17310.02576,16424.22768,16700.73504,32233.67767,19160.49408,16624.28864,22362.48623,22631.04619,31851.76575,16247.30214,16162.08202,1,22176.4148,22001.49167,20397.5722,23331.90443,22702.26592,18729.6,19208.16858,27381.78938,17366.30396,19741.77648,20813.07891,22871.87417,22404.66083,22552.61155,1,1,1,1,1,1,1,1,1,1,1,1,1,1,1,1,1,1,1,1,1,1,1,1,1,1,1,1,1,1,1,1,1,1,1,1,1,1,1,1,1,1,1,1,1,1,1,1,1,1,1,1,1,1,1,1,1
5-Hydroxyhexanoic acid,12998.65878,14942.86442,14398.04763,13278.28966,24533.72781,16706.54222,21210.96687,23626.06043,29613.27738,22767.51048,23480.38944,23979.66639,5288.660459,7897.624778,8198.786135,6855.531556,26074.84585,19722.20262,23907.9635,23485.302,21994.65111,24926.15125,27849.63158,46012.7034,6458.712665,7714.32871,6317.976847,8218.05785,30135.084,30318.6219,49650.17112,38189.21512,7795.66676,12501.51816,5228.234897,12542.50725,17445.61144,13385.2625,13210.18633,17842.63272,17298.30507,72706.31844,14172.28906,16813.14363,17096.76969,32973.46688,25054.98683,15041.34395,22977.44633,18731.09333,21850.5624,51854.72077,17744.0533,11213.35083,39037.88426,18501.26068,29400.60608,13413.33,13133.34861,36347.9868,46820.51319,33297.70054,23092.62339,23020.42404,11132.65285,12744.18684,48581.82414,9098.634889,34732.152,13847.18544,76921.14518,30043.156,21654.59079,14030.10645,54054.05618,22143.50798,23838.96276,30128.29057,35142.41973,17134.79508,26594.11109,20528.82127,26392.21835,22833.10706,20948.23841,44077.0603,19780.04448,16538.87319,21158.01935,19781.6064,12483.18445,48414.08509,50284.11241,15061.1062,83298.96204,18709.62712,14648.92083,36173.2035,11619.0526,12770.45172
5-Oxoproline,12467.63186,14706.26071,11294.744,13447.74229,15191.42457,14002.54057,11836.29292,12590.80229,17182.76679,16666.98943,13923.35825,15417.85569,19218.05,22205.9222,19028.59556,20768.27594,10492.96733,12790.75669,10436.103,13659.38525,11879.91857,23467.79038,20496.87157,12204.75436,14451.87444,10691.739,16786.37944,11059.52833,5811.368833,7698.41625,8604.594,16953.28463,9097.700571,14303.307,4496.87,13067.39857,19260.537,4408.895833,10634.76214,13587.68543,10369.219,12076.0197,13979.7385,11173.32643,6138.7125,7814.91,5588.8006,1,11304.83625,13640.69038,11097.99771,1,10565.72,11684.442,8004.0285,6098.0312,7196.009333,11891.36143,8622.039214,9216.4736,9534.6435,7574.911083,6535.779714,12634.34464,9759.369,9762.496071,9156.803,13112.78616,8562.352929,6718.90425,15972.97388,9463.25225,11136.071,8960.101667,14371.23188,12155.70338,8196.444,11472.46913,1523.647826,4655.1098,7104.157917,10279.08771,6622.910167,7720.032,10190.544,14869.4525,6971.6605,10845.58393,11711.016,10596.55156,8031.294,8763.613333,1,9828.114071,6878.4456,5407.245938,9898.8,7991.488,11321.60625,8667.0465
"5Z,8Z,11Z-Eicosatrienoic acid",3563.22052,3152.48472,3112.409586,3376.603364,2753.704111,1654.523325,1543.954167,2074.023895,2743.869556,2733.759659,2415.795517,1477.123019,5031.602393,3825.418729,4432.2735,5453.067841,7189.465905,6295.978792,528.83675,7018.400417,6623.02801,5664.934439,4496.543379,2160.99826,3246.405217,2821.876962,4294.21875,5366.788889,6233.537583,9416.526536,7785.932137,1181.04,786.2002941,1399.793065,3213.2975,835.2405,7434.433333,5283.023732,4231.027536,3435.638625,4011.026667,3095.524444,4128.639391,18351.129,6248.34528,702.60224,1867.547417,2241.787841,6142.789362,2098.517875,11820.68027,15652.01422,6906.704025,12456.44381,10979.15283,7096.032429,7736.720565,8993.0879,4720.860667,10207.692,11042.00352,6718.1976,3396.495937,11568.50435,25384.69071,8053.614,7410.466048,6779.778042,9916.518381,8990.87065,3998.398182,2240.697206,1132.958125,1599.32045,3746.603925,9636.7709,5437.600435,5342.452853,37327.42268,5817.870474,2249.759059,6961.839783,5846.457857,4155.473389,3973.515286,8561.263667,6168.3165,5379.741643,6575.5998,2416.467925,2175.6,15804.82839,8746.728632,3468.896842,2160.121818,6460.424438,2863.69075,2351.236731,2205.166111,2804.91931
6-Sialyllactose,114837.0999,129741.8484,122754.3422,122575.3425,29367.27355,30556.56493,27463.88897,28532.73045,36958.95667,36246.33608,34683.16932,36699.24814,13051.47473,12504.7937,16559.31911,13041.89467,121667.648,106954.0306,113282.2694,119180.2098,75187.91429,25766.46205,26959.2896,17922.17775,276044.9086,270275.6382,314229.4946,331445.9769,18302.10375,17146.2855,27906.42156,43707.24367,129598.576,134013.956,75925.83661,12478.83,32173.66633,68894.73039,43199.87657,54487.349,8129.31625,48563.95313,114623.2051,8508.921138,8039.826714,295510.817,35585.33424,56536.75945,34373.29726,18144.35,2443.294925,2632.393939,16233.61429,1820.289779,2275.866533,5771.469571,4692.004033,1,3032.415747,1875.975437,4164.412884,3021.247557,5142.276649,2637.059027,11158.33577,3975.867236,4463.893396,8225.185027,2725.467579,2711.332317,3824.000784,26010.25309,1081.406801,6666.053259,13706.82585,1087.5184,1899.398554,5563.695118,3257.957078,2489.461718,3785.853587,1436.087478,6314.586139,4689.623583,1,3416.625291,750.3556975,1887.929149,13331.03999,1898.767574,955.4573574,4706.74936,10368.70923,4373.254203,5131.158274,2408.045125,4155.739653,749.4482194,5109.908993,1552.952095
7-Hydroxy-3-oxo-cholest-4-en-26-oic acid,19448.4655,21188.2006,18471.05929,20963.23871,25847.48707,25315.93183,23158.55419,25254.93011,21102.3756,19727.13528,21267.2925,21471.47173,17954.46672,16057.38422,15963.97639,18364.97459,34152.2181,37416.2064,38921.96213,41820.08231,23097.07119,33518.78065,30787.8065,13668.97275,11860.5735,12123.11771,35788.15825,45024.639,13996.81658,14553.77795,16514.54952,8345.9545,28172.15674,28091.952,11675.85176,10447.35905,15329.32024,11617.6475,20778.97008,23497.79318,17699.7603,22356.45724,8112.342,18269.80706,23371.09667,26471.09177,18379.00239,21727.15867,69347.47325,12620.98127,8676.562777,17278.54106,10803.3165,16669.99031,14785.22224,7328.323607,11034.47258,4287.338409,4674.64949,12238.40925,13429.55988,3272.487143,12719.6781,4496.793429,3419.558429,7455.549615,8219.640536,1558.613929,17258.41543,6149.761071,746.4883874,4957.0939,10738.64265,4675.00403,22937.01044,6190.879107,9149.80623,4419.363305,6819.00052,12731.43581,11212.77203,13013.98499,1172.801143,3288.629429,4994.168706,12599.92951,20322.53071,4898.206071,2451.496071,8158.422611,10680.79307,3582.608248,4774.192177,2288.8,6204.756947,9217.310903,14039.894,3406.559429,5874.07075,12515.68256
7-Ketolithocholic acid,14974.46483,10463.36585,11969.84486,11539.26494,1456.105575,1506.688855,1411.530639,1296.636703,2547.020792,2888.274306,2322.745706,2243.752459,3189.114831,983.3685217,907.795,2187.275702,5916.387479,14001.69218,14758.98526,15952.56156,1396.001123,1706.540234,1780.715588,1896.653011,1933.11605,1903.933879,2411.57227,3527.669122,2799.218799,1726.888091,2779.307143,1669.668,2803.621517,2574.496024,1034.541079,887.6342349,849.4599321,1527.797892,2530.576129,1804.498039,1858.483308,1971.029282,3690.761067,7565.214378,3236.754775,890.5136033,1436.628587,1586.881551,2078.758445,106.5434287,52650.51076,53029.40907,7606.817969,34127.30157,47877.53267,35433.79142,31537.60581,34614.66701,60307.6635,44082.864,30306.15189,39591.00757,15924.45535,8798.798133,18702.10191,19286.94126,47159.30169,26732.90945,35762.94437,22805.14003,45194.98133,21494.04939,25314.92868,34531.38044,52568.79503,20092.07306,45038.06289,5408.8414,29142.13878,23000.93656,41054.4152,41857.54262,40075.81739,72411.88755,24568.31386,13337.8853,11363.00384,30379.29869,4249.888603,16469.88789,35308.72664,33783.0591,4486.344968,42911.7,18862.66023,28186.9528,11455.71939,43806.96439,27679.30713,108357.2993
"9-cis,11-trans-Octadecadienoate",1,1,1,1,1,1,1,1,1,1,1,1,1,1,1,1,1,1,1,1,1,1,1,1,1,1,1,1,1,1,1,1,1,1,1,1,1,1,1,1,1,1,1,1,1,1,1,1,1,1,5352.2375,7537.3599,2835.68445,8081.2916,5046.431125,1003.125214,1782.982895,2815.514069,6763.139486,4734.439048,1181.15144,3895.234,2049.480333,1223.647025,5809.068958,1077.749167,1896.8499,1115.620958,2006.899342,2068.689167,1670.956,501.0590588,799.980825,1,726.4026042,1,2162.7368,1,1353.06135,1849.753816,858.7463684,1435.181579,744.2762,924.7471905,426.6116667,844.44,1386.060263,898.2918095,1,808.2493,1214.577865,960.9371316,1,760.5065,1053.222026,1337.266579,1,1200.234,1076.268333,2455.942333
9-Oxooctadecanoic acid,11859.985,12721.59768,10853.37506,26853.42989,15791.07958,9922.77,8730.667913,8764.820762,23454.781,18593.12916,20017.80516,22226.29792,43445.17017,54181.95588,47034.7736,41835.67438,61605.95988,55079.83544,43714.9756,73726.06705,28916.99897,58247.23784,38478.5764,11092.30965,45727.90948,41127.18757,11902.52669,7976.31975,90837.19125,81342.79236,26619.3173,8891.903736,13898.87474,13763.39475,39074.82418,8177.727619,38553.33688,40781.49816,27613.43719,44362.37718,49874.13266,38641.1611,21380.67764,67570.54448,23639.24569,15834.52756,14315.54075,132462.195,41221.53744,16615.58872,18215.06404,171164.9823,87960.73355,43049.075,65225.472,47910.83889,41487.04809,31732.02865,12266.23932,82234.58668,58902.11589,27211.29261,35179.14117,27556.23914,42254.03728,28975.67125,55778.60859,20461.06236,37847.8327,26740.91772,21701.49721,19221.74523,17889.648,9303.003727,38715.21113,30303.8775,34210.92687,64835.633,50706.30204,26763.95,23592.60757,30298.7664,20876.87262,29802.83,13721.41575,26864.03113,23765.22803,19799.23739,29035.78265,13562.11936,14925.44784,38656.26643,27710.45955,27138.44057,22870.77516,27665.82615,15520.99014,29658.4775,19992.50289,25778.93248
9-Oxooctadecanoic acid1,11544.31096,8841.955716,8144.231228,7981.10577,5092.053318,3528.520326,7111.600327,7649.41529,4841.817656,5120.3925,7374.305075,8412.891219,7395.720615,7667.340808,10129.71578,6452.19621,7191.997506,7637.21675,8411.513922,11369.28975,10188.44144,4102.323333,5828.770447,6655.199869,11669.60955,8224.086407,17050.04202,8780.11931,7063.0395,16996.48883,12934.95131,10213.57526,6016.441466,10365.23341,13512.77639,8911.416464,12670.63045,12063.15795,12254.1711,11728.4502,9811.859166,12018.07683,6121.415,11152.44739,10242.49774,9474.74542,9465.986281,14811.55623,13514.20017,8948.654168,40625.51191,35953.49202,20626.62211,38499.19174,24510.9888,46833.54542,20349.65274,15814.59486,28457.28921,20012.18959,17941.31676,11763.32597,13094.79025,19890.43374,29191.1363,18695.36866,50017.35357,13477.82371,29728.69334,23109.89854,14851.22367,13376.4816,10459.4028,23900.0566,16178.88101,18900.76122,14817.635,16772.97112,65242.97385,48101.376,34945.2488,13754.48438,25996.85438,17857.99747,32042.99206,11691.15546,17292.08934,15486.1135,17274.45575,14253.78022,10920.712,18655.25406,22806.7244,35190.88079,15154.05293,19461.32141,32056.66328,12493.44769,15682.51654,18065.56183
Acetylcarnitine (Car(2:0)),25230.4684,24872.42076,25494.16697,22843.242,1,1,1,1,34954.00291,43865.79318,31894.18975,43424.59536,39627.14446,42396.72647,42571.43845,34173.89446,88836.82161,103421.8246,87311.71673,89322.93136,53453.53084,37107.88312,36110.77632,25011.87963,39232.69523,52151.56145,45193.977,67557.49984,55637.35832,86157.47527,18910.64882,31552.416,77424.78712,82714.08596,61189.46106,1,45619.16497,73702.46268,20402.5425,21209.12778,24902.02269,37811.78734,48827.06167,60521.00881,20855.23964,85966.44121,18522.418,1,72649.62502,35393.04081,38384.52373,67060.87787,55832.16348,47669.01998,29091.19785,36073.47676,42906.49527,39053.82708,26218.58739,35624.28448,34795.04514,26362.03823,23864.85833,48804.89243,88501.04829,17207.81531,20865.5758,30971.89143,103325.1846,23976.10227,27856.69801,93370.04588,40712.65536,14048.12415,58299.333,49322.007,30004.76832,50706.84126,25855.55036,26970.58,28606.72152,39664.95552,15936.06827,14315.7913,27503.15114,28874.04873,33871.78614,28804.17716,48871.5024,31666.08876,16737.54048,61838.02228,21671.31462,26991.85985,21489.12652,33645.65657,42675.01728,24322.5,19238.79072,29519.28537
Acetylcarnitine (Car(2:0))1,564343.1383,520527.9295,572571.1228,598960.989,331112.1199,333417.3336,295211.5448,296130.8822,771616.7021,807882.5848,664193.4549,744457.0375,643712.6379,812064.367,805882.3027,738565.4389,999571.7824,1272156.912,1131648.615,1231330.596,788847.5126,722032.3562,706175.4549,473881.5321,636746.5048,660984.9143,661261.0357,1031553.934,1285787.994,1215781.869,467032.0723,622029.7211,1286675.712,1363127.953,746328.8528,297981.09,557199.5988,1359763.978,443911.6708,526453.1508,538540.6949,794479.245,969392.2918,753838.267,386735.725,900389.4654,349217.5732,1754821.816,757525.5668,547369.3996,386249.0588,805866.131,671200.8231,497395.4233,428102.4197,452294.7107,481377.3141,387852.1295,417291.4847,458872.1566,327102.825,322871.4662,274065.8918,563553.9458,746396.64,205884.6312,345210.7113,282902.2221,786139.5255,346250.9542,302269.877,885403.9395,409008.0269,199506.4171,546484.6101,489360.3506,321033.3125,529921.3204,354836.778,348723.8303,327393.9502,483649.7907,295709.3716,228522.6563,376199.1509,362365.5696,440443.5246,302439.3364,551268.6649,343620.7046,274993.9268,667101.2563,318232.4957,343122.5443,281191.0579,440119.6008,411344.6493,348978.6208,278072.8019,356424.442
"Adenosine 3',5'-diphosphate (PAP)",33581.86375,42586.34775,40523.96183,44429.23426,1897.179735,1724.061596,2671.05427,2251.693434,10431.81373,15468.3409,7070.23425,6971.645172,5825.381227,4973.749653,5810.574477,17417.74108,1878.629624,1864.507281,1477.447156,2060.185055,650.1207114,529.0727278,429.1413448,1784.862987,3920.410286,585.2326122,850.993451,1554.877809,282.1575657,307.162864,684.3626482,422.0650948,210.351899,570.3142779,531.4251924,850.8276065,462.7794959,196.9888268,466.6469693,832.8350431,507.1250431,2586.196675,849.8973674,6922.958875,4604.583192,3073.426925,10506.70075,2068.257625,7607.0955,10864.88417,8234.057395,14326.642,11782.214,5540.816542,11384.7912,8946.869674,14835.5919,9873.592625,16988.9241,12864.00173,9608.492481,12783.837,19543.94035,15948.29183,8076.531196,6002.330625,14760.50876,5223.273125,8044.36913,16283.09165,13498.7965,4081.622212,6592.1568,3844.961185,1835.642375,6439.4208,19309.61038,16414.75656,28269.39429,25193.31536,54925.41333,15432.36762,17847.905,26155.34481,14170.0195,11558.646,20708.34536,15832.36113,8708.8448,18137.22677,16247.7795,5926.833482,29739.23443,16935.09929,9488.627412,15118.43194,23574.84091,19155.34305,10277.559,12583.556
Adenosine 3'-monophosphate,154899.459,164243.3681,150378.594,183703.683,3037.914,3223.8,5309.29775,8032.81875,41268.17829,54267.1635,24629.36525,23975.23714,6074.547,8854.8075,10012.9025,25774.82308,3494.7003,3385.7703,3163.2168,5429.233333,17738.00167,1,1,13583.42125,17988.6175,4222.7856,3645.9375,1,1,1,1,1,2088.4925,1,1,1,1,1,1,7044.43025,1,25393.90307,2651.990444,1,1,8511.7552,5894.064,9339.393,5921.7206,5535.684,8770.153333,36945.46429,14446.50275,8008.8267,23687.52642,18271.47657,28808.46257,15851.04342,37868.98388,13773.2855,11166.48,16800.85333,24500.59179,20377.872,11626.972,10969.856,21591.19057,7534.3914,17119.16825,25368.246,19818.10693,1,17100.29867,7008.349167,12632.50725,11039.3465,27791.43658,182059.6992,72037.119,29919.10821,36198.10923,23288.96536,30126.9625,21030.66818,19746.58286,17816.51767,19357.02875,18668.53333,9387.306429,44947.50262,28640.36586,8342.2095,96705.77538,80001.23833,62875.47018,78536.83763,14475.68117,23020.09714,26923.38929,24618.45433
Adenosine 5'-diphosphate (ADP),33581.86375,42586.34775,40523.96183,44429.23426,1897.179735,1724.061596,2671.05427,2251.693434,10431.81373,15468.3409,7070.23425,6971.645172,5825.381227,4973.749653,5810.574477,17417.74108,1878.629624,1864.507281,1477.447156,2060.185055,650.1207114,529.0727278,429.1413448,1784.862987,3920.410286,585.2326122,850.993451,1554.877809,282.1575657,307.162864,684.3626482,422.0650948,210.351899,570.3142779,531.4251924,850.8276065,462.7794959,196.9888268,466.6469693,832.8350431,507.1250431,2586.196675,849.8973674,6922.958875,4604.583192,3073.426925,10506.70075,2068.257625,7607.0955,10864.88417,8234.057395,14326.642,11782.214,5540.816542,11384.7912,8946.869674,14835.5919,9873.592625,16988.9241,12864.00173,9608.492481,12783.837,19543.94035,15948.29183,8076.531196,6002.330625,14760.50876,5223.273125,8044.36913,16283.09165,13498.7965,4081.622212,6592.1568,3844.961185,1835.642375,6439.4208,19309.61038,16414.75656,28269.39429,25193.31536,54925.41333,15432.36762,17847.905,26155.34481,14170.0195,11558.646,20708.34536,15832.36113,8708.8448,18137.22677,16247.7795,5926.833482,29739.23443,16935.09929,9488.627412,15118.43194,23574.84091,19155.34305,10277.559,12583.556
Adenosine monophosphate (AMP),154899.459,164243.3681,150378.594,183703.683,3037.914,3223.8,5309.29775,8032.81875,41268.17829,54267.1635,24629.36525,23975.23714,6074.547,8854.8075,10012.9025,25774.82308,3494.7003,3385.7703,3163.2168,5429.233333,17738.00167,1,1,13583.42125,17988.6175,4222.7856,3645.9375,1,1,1,1,1,2088.4925,1,1,1,1,1,1,7044.43025,1,25393.90307,2651.990444,1,1,8511.7552,5894.064,9339.393,5921.7206,5535.684,8770.153333,36945.46429,14446.50275,8008.8267,23687.52642,18271.47657,28808.46257,15851.04342,37868.98388,13773.2855,11166.48,16800.85333,24500.59179,20377.872,11626.972,10969.856,21591.19057,7534.3914,17119.16825,25368.246,19818.10693,1,17100.29867,7008.349167,12632.50725,11039.3465,27791.43658,182059.6992,72037.119,29919.10821,36198.10923,23288.96536,30126.9625,21030.66818,19746.58286,17816.51767,19357.02875,18668.53333,9387.306429,44947.50262,28640.36586,8342.2095,96705.77538,80001.23833,62875.47018,78536.83763,14475.68117,23020.09714,26923.38929,24618.45433
Allose,31326.44516,38012.78274,33653.17335,35280.41777,25978.87152,24604.06929,26898.91771,25597.77216,33035.82663,35395.4601,34010.79506,35017.49492,63553.87479,64946.93085,61121.90413,61782.72094,140845.0106,150255.208,132857.7002,145685.6795,16554.27879,28481.74138,29900.62945,23652.60359,93949.5748,96694.21985,107393.0407,132808.9063,44182.96081,45032.66366,43091.76024,25098.57556,55526.55935,65646.357,18444.825,29803.49064,28435.93316,25575.97224,31224.59087,36500.70605,23927.49569,51591.71657,51696.36347,31589.8045,7947.049494,31051.69859,36891.28288,76593.22162,25280.60216,12188.37404,4494.343152,10783.14688,45597.17322,9703.407923,12879.74287,14898.41857,11773.52133,12993.90429,5510.913286,18096.0868,12980.81577,21990.34117,19310.2096,17608.91022,19769.68667,12365.681,23450.7647,28926.4875,15120.2,6566.241813,22762.10328,25928.63231,15388.9996,20472.3384,20640.3288,11477.70275,18354.5433,7725.424306,6060.287409,12407.78693,22181.876,7172.252875,19737.27213,10056.04542,8161.421088,19667.67109,11278.119,9535.351766,28154.11777,6059.030001,9388.831833,10550.3925,23864.22917,768.8632509,24196.34442,1,10992.70338,5655.338879,9407.855222,14404.91656
alpha-CEHC (alpha-Carboxyethyl hydrochroman),20316.23847,26545.2384,18359.54596,20266.69556,22214.08737,19691.74351,20646.03225,12454.47704,16174.96727,14471.91154,14513.41381,15147.56444,18321.01745,15459.75084,14384.22984,19250.10053,15333.15577,20379.74181,14638.31105,21756.50005,23704.01,24251.0576,21001.84809,28358.26097,21360.08316,19644.35971,18414.44162,20861.5272,18650.20146,18469.16696,21176.75322,20296.56183,15796.22063,20856.92925,21968.54145,25821.88713,25124.07353,26336.99948,24323.35227,22962.31341,29989.22145,27042.42625,17940.1705,22453.7898,26424.8074,20933.82639,26936.93113,27180.50332,25178.92288,17358.91496,177200.8583,157150.0077,154381.9102,157276.5366,155942.1298,185286.764,167011.1598,142572.1507,158364.1404,157211.3023,191878.488,155611.6053,151493.0106,158709.2802,151152.5197,154996.8327,194011.8425,148942.1213,153868.9716,155367.1311,179893.7186,155006.359,164038.4315,159613.4448,152577.1238,160294.8296,197547.7567,160899.9711,165538.1409,164747.8955,197570.0076,175423.3465,178456.7775,168907.2689,169204.4686,176269.8595,209774.4582,170248.484,174536.4177,175772.4491,199776.5579,174218.6933,171102.4824,173744.5133,170987.0018,175965.0666,198511.4737,179264.0035,182399.8445,180615.375
alpha-Linolenic acid,145416.2873,102379.9193,100721.3242,88050.88017,77049.1016,60517.77478,60452.99209,61493.40227,170007.1725,183982.85,174909.6421,158683.5288,421655.6638,436804.7587,421321.5439,447515.0674,320364.6729,300837.2947,317717.019,309554.1723,290510.4625,130821.3248,112749.4073,80884.7279,182102.7931,173453.029,140977.9666,78078.81956,473858.2702,485553.8652,254257.3,48943.47826,38793.31086,32906.83339,185897.1239,32465.57693,288311.0548,222641.265,143571.2016,213975.8483,97614.05618,223057.2938,261477.1467,627612.7931,221281.1658,58769.28,86353.9644,209981.6604,140822.4322,99164.17516,293407.1284,305357.9822,651455.448,646682.1705,481673.4508,249388.1962,226990.0705,370405.2378,131800.0152,545652.174,320705.784,139004.8552,137810.0051,358279.9666,258452.2112,133148.875,398036.9589,211762.9109,242860.0499,335260.565,179602.2985,117035.6096,67515.76714,77076.4005,196082.1939,301217.9494,247052.0721,352593.483,553274.644,130613.5369,133122.522,377336.8192,221637.4957,285247.1469,50882.28857,220738.1469,172700.9399,174042.2101,234398.7521,72828.00646,72009.8043,381550.6515,238405.7167,257128.606,100108.1252,84933.25425,144931.4994,58606.30618,97763.88753,213061.6718
alpha-Linolenic acid1,80964.3933,55007.63257,69180.565,62063.21712,35751.46811,36694.02171,32508.3965,33841.59168,118559.8418,118065.1392,110459.5411,98003.94528,322404.2671,293485.9113,317891.4914,281816.1531,227209.8294,247598.1303,249648.4245,255698.5407,218555.8854,104063.7606,78234.04643,48005.52593,144217.103,150634.067,113431.2579,64113.2784,395278.8927,362155.5261,219328.4174,33741.891,27035.87772,21966.32782,140180.8196,23235.69797,255848.011,183833.9261,121618.9141,172522.0136,79434.91806,196416.6818,231982.8496,577621.4123,188279.8337,40416.39797,63424.47284,178724.0581,130369.64,81859.58375,240720.6411,236235.826,444074.0265,486546.0948,334181.025,241603.8055,215164.8164,263380.39,86546.69623,426109.7006,300702.7975,125942.9561,126342.3163,300928.9333,255259.2541,112915.6409,438134.728,186859.8151,193108.3485,254170.5963,133667.7071,111540.7826,58158.957,67600.83781,195284.7893,249575.2515,247296.5227,339596.9317,701877.9437,130311.1321,117745.9605,375900.4141,224781.8772,276479.0427,71383.57104,233084.8681,171730.3125,176006.8473,212774.4908,73234.96889,98032.86184,362207.4696,256319.665,227620.9875,108755.145,152894.0213,134875.2072,63392.73164,98872.83283,156141.63
Anthranilic acid (Vitamin L1),3786.318545,19437.72338,20569.09414,17136.225,4686.454071,4961.3967,5781.634737,4179.3384,2920.035,4241.945,4030.914167,2651.268333,14259.81857,6937.3073,10231.886,15763.43617,9658.752529,7713.3252,6132.221813,10572.46191,8097.295789,7330.9365,9641.720471,27841.65345,7365.6485,6550.814,27924.14562,25830.0385,1962.0537,3377.33687,3449.7525,8936.54775,13899.18587,18104.66438,14629.49868,5407.2678,10183.06841,41925.29597,21219.98442,3801.535833,5857.605,2759.6155,22191.73763,8899.1948,3443.8313,6027.8356,5717.448,14723.1345,1,18405.815,1,1,4432.1585,7210.0836,5363.9353,6169.360111,1,4892.16,6259.715,4640.508167,1,3939.9459,12550.5088,1,1,1,1,18751.01864,1,1,5669.0696,14682.7232,6163.841111,1,1,1,6952.1166,13530.89383,8103.557,7305.6375,1,1,1,1,5800.1566,6941.6985,1,15889.188,3370.610875,7714.690333,7307.55675,1,8481.479167,1,1,23669.08642,1,5628.588,1,4466.9404
Apocholic acid,14974.46483,10463.36585,11969.84486,11539.26494,1456.105575,1506.688855,1411.530639,1296.636703,2547.020792,2888.274306,2322.745706,2243.752459,3189.114831,983.3685217,907.795,2187.275702,5916.387479,14001.69218,14758.98526,15952.56156,1396.001123,1706.540234,1780.715588,1896.653011,1933.11605,1903.933879,2411.57227,3527.669122,2799.218799,1726.888091,2779.307143,1669.668,2803.621517,2574.496024,1034.541079,887.6342349,849.4599321,1527.797892,2530.576129,1804.498039,1858.483308,1971.029282,3690.761067,7565.214378,3236.754775,890.5136033,1436.628587,1586.881551,2078.758445,106.5434287,52650.51076,53029.40907,7606.817969,34127.30157,47877.53267,35433.79142,31537.60581,34614.66701,60307.6635,44082.864,30306.15189,39591.00757,15924.45535,8798.798133,18702.10191,19286.94126,47159.30169,26732.90945,35762.94437,22805.14003,45194.98133,21494.04939,25314.92868,34531.38044,52568.79503,20092.07306,45038.06289,5408.8414,29142.13878,23000.93656,41054.4152,41857.54262,40075.81739,72411.88755,24568.31386,13337.8853,11363.00384,30379.29869,4249.888603,16469.88789,35308.72664,33783.0591,4486.344968,42911.7,18862.66023,28186.9528,11455.71939,43806.96439,27679.30713,108357.2993
Arachidonic acid (AA),51863.65143,50679.87358,51142.85072,51200.63102,34910.96028,32201.95738,26131.6229,24915.84027,30643.48331,25442.03621,26781.06303,31375.64167,69214.07486,52547.5525,54747.17028,50739.22938,56053.35962,62539.0545,64041.05147,72794.36789,69413.27746,91972.69031,75249.4093,37249.45937,36308.8557,33054.23953,76213.14266,87413.56839,63281.95276,84191.43644,77527.99219,17166.59848,17935.77157,25926.08431,51306.05528,22553.01653,88045.87334,70330.55547,30606.70125,58541.96803,70285.52484,84690.10669,66588.40814,254057.7107,95319.06394,4875.951515,30579.91811,48094.78789,52205.55695,38877.48218,210631.4936,198208.6653,85525.11877,191049.5859,140891.1493,87546.95416,65441.23457,134391.2946,60940.5346,139976.0001,131294.0895,117763.1031,53725.28419,89700.5998,288830.5441,124354.8452,63637.37791,69481.42026,192552.3869,71105.74638,68123.438,64329.99534,17514.41792,36418.91207,80245.89562,125821.6214,57181.1264,116031.3988,578203.2686,81182.0205,37835.84159,134176.1284,94501.3319,47602.92655,67945.59595,139581.2503,127974.2701,95173.00467,80924.4631,49665.40568,41489.33155,240656.9408,258298.625,51405.01862,45615.94468,102214.1509,76763.85666,61986.44897,44212.56022,51992.62362
Arachidonoylcarnitine (Car(20:4)),4169.790188,4770.3842,4568.328477,3412.167556,2510.6895,2286.386375,1607.496333,1871.674286,610.242,950.5789286,1012.8833,765.7944,1,3051.9675,1,2696.696077,1,1,1,2371.706667,985.9678333,1,1888.606417,3889.323941,1395.512533,1202.149,3481.780941,5266.522891,2068.931188,1,1,4434.689714,1,1,1253.904,5060.040278,5108.514783,1,2914.972433,2193.556364,1747.428538,1,1830.542824,15602.022,7684.9885,2424.4592,4190.218969,1,12971.55152,15655.9538,24195.65213,17506.25408,17448.90117,12764.86684,39429.21502,17816.78961,57169.254,63215.78417,35404.86933,30642.36711,13279.52577,18655.3521,33078.834,30275.13896,28469.88254,16988.47967,19054.24395,11432.93083,50622.49989,37970.58135,9908.527222,42089.98316,28584.01788,34709.08259,27990.22218,37383.09126,56987.30697,148373.6355,139300.0522,52984.0454,24480.46647,31502.39306,16654.61589,23518.26974,20938.971,52829.555,52955.15492,37443.37754,34631.22509,47526.766,18025.55289,18512.73925,143932.7048,29526.97263,148094.4503,303455.8354,24376.50133,23292.56142,47210.76312,28190.56421
Arginine,45070.78629,40839.36467,58709.845,41762.175,74113.1366,57690.2361,72183.35773,67243.05992,62722.79467,89206.14243,75147.98107,65623.16329,129629.5549,124118.5353,124677.0398,92296.84913,32193.79778,42040.35643,36088.47527,48996.42727,47910.66389,68670.59143,72891.67863,86111.57409,30614.7702,49652.80078,48849.1965,56175.93945,41001.3012,61398.28236,38203.09914,133696.3541,27039.9066,36990.6257,23659.03375,54018.0002,94783.5255,20158.94295,43129.71576,70861.512,64616.69923,52285.3628,36516.0225,87209.1008,83695.18636,33744.855,98937.83522,43632.56081,91094.296,54786.77797,61028.94175,27090.0558,56146.958,68792.931,47160.8785,57111.28029,40790.02767,83396.6416,36669.7725,163823.5726,42134.96267,30340.13233,47366.2035,51396.784,51591.345,42214.58413,57733.2375,1,66123.39,34439.197,91032.27031,69120.298,66563.76175,45574.1208,69763.82862,36877.3485,82240.13194,46898.69843,22406.9895,50215.262,100532.5038,45660.08472,59645.74395,63515.5275,51629.13788,70895.25861,35494.83338,72240.42422,70972.24063,57361.19225,46691.98278,58303.944,1,50596.87688,54707.15387,25413.60433,78638.7875,68835.828,59886.07369,29572.60829
Azelaic acid,10765.85115,16883.75937,11205.46183,10305.56592,10285.10913,18670.44188,8364.273328,15457.02573,9810.618845,12909.92904,9138.743155,13074.29784,5908.942033,11843.68431,7118.235345,6957.318759,9303.689111,5481.885091,7689.89011,11214.3782,17991.45493,9375.737057,10760.0895,10467.09789,10833.96181,6369.44039,5696.997118,4777.731451,11192.09653,15361.22775,19287.88667,8974.170656,5252.35057,13709.20511,10609.28146,12344.12176,18366.2624,16702.7257,24147.27496,17888.75658,18482.33438,18419.81763,13201.29578,13265.52784,12762.88248,10590.92872,8064.235045,16849.95819,15151.64557,11729.05285,8632.707891,28404.55114,11536.0054,9892.671833,24241.75954,17278.7741,10543.46189,20184.78857,13331.37055,8145.438515,21476.8476,20385.17652,19438.56328,12976.9054,11395.35331,15495.52348,14009.96466,8948.259906,12347.87769,17306.80723,10530.0445,6310.626491,14815.61532,16192.29733,11911.89071,17492.30738,24100.50103,15114.61624,15439.54216,17380.92832,13015.52038,15801.74537,18367.13373,9656.748,15298.7137,12310.21268,16321.12667,18187.36233,18021.37602,12965.54959,17226.96433,15012.0096,12396.73247,14305.90015,13079.34231,11197.54261,14392.75259,18362.01673,15828.00227,22648.227
"Benzene-1,2,4-triol",116194.7636,185782.2358,161821.2547,95385.37897,107284.9227,133308.1201,107568.0614,450421.3015,104348.2624,136926.5716,100848.771,425893.3109,1,173373.5068,69517.66212,1,91542.1145,221711.3482,99598.50126,216056.2963,124666.358,99947.0645,135880.2811,91994.4675,109209.6974,83299.06833,158935.0557,451334.3338,105244.7876,89350.20131,99429.76158,156916.9712,92847.83229,96523.07467,124744.8286,110794.0399,105953.8036,92461.00364,95931.94747,85852.95961,88603.01975,89031.92783,144274.277,1,144673.093,92261.63743,96320.016,81808.81736,127347.4368,87497.2241,81669.94694,74071.12689,1,82486.78317,175087.4477,154191.9212,79412.4608,1,89821.10758,91338.45336,76656.78008,173444.6647,1,154411.2672,123794.0612,226658.1842,387804.3408,84453.35752,75440.64379,82826.02411,80601.69432,114784.0814,147029.7522,170670.6823,1,81993.16395,141301.9649,85635.90143,154653.1991,75600.8626,73194.09067,72629.75268,69531.18545,96964.19031,94916.18959,65555.99625,108505.7642,83408.95522,203005.7089,67708.25906,68785.80618,91823.06454,71298.47048,1,61693.348,65770.29625,78795.31789,241700.9576,68073.54294,69417.16182
Betaine,109907.6685,1,110186.584,1,1,1,1,1,121748.435,127994.1518,136465.4681,153797.0442,369093.5668,380604.387,379918.8826,500847.6139,425354.7866,407276.9682,311516.5505,352479.5465,327728.8119,348529.4145,226377.06,524158.3568,282860.8458,209089.5502,308563.0091,726089.8864,1312292.333,1312731.638,1192986.756,388059.0221,280242.5898,322186.9038,177170.9705,588449.1483,274757.6507,290278.8491,571722.1529,202199.6777,316438.0033,185830.4156,426230.529,365839.173,619581.0861,799837.2875,669439.2491,235877.775,913785.6668,965959.397,658033.4856,381507.1841,789443.5893,558173.9692,573449.6085,384134.413,714962.3386,538384.9007,403252.4772,618693.9733,550002.0345,424892.9955,616758.2566,591292.2666,476812.1809,603532.118,358617.0878,329500.073,550127.2654,274717.0863,627126.7015,408176.8867,525093.232,634873.4234,427182.129,435565.819,266663.0787,779539.6494,380104.0754,301214.0863,562523.3743,416373.573,786265.9511,552775.7745,365589.0211,553539.199,462226.128,269652.2848,383487.0918,513380.2663,410700.4353,505304.617,740307.5125,1046197.047,671333.4809,405121.7853,628873.9967,564791.346,692262.2007,615367.506
Bilirubin,53941.50133,61678.805,65367.7595,57944.03725,68110.311,52550.38105,57749.62779,63367.96769,34572.98442,39222.34289,26703.81,25402.02552,12774.08523,1,14411.72645,1,8178.839217,8359.585263,5409.944111,1,22760.63365,33127.59292,34105.15,13279.95938,1,3083.484444,1,1,1,1,18234.55133,1,36805.12225,36751.73545,12992.14286,40267.5003,1,14181.61298,22510.64771,32134.01356,16799.0013,16753.84291,1,1,23308.956,1,1,1,1,1,17254.55018,37737.07438,8877.195662,48728.16447,31324.24533,19304.28823,63081.07267,54452.66944,21644.42123,17086.09846,10839.08747,39879.651,5055.0665,12652.95571,24069.9731,5374.551906,15790.63059,3227.375857,6083.338182,11262.84918,3956.353125,5895.495385,6508.415,13173.63923,14854.39715,46468.998,23030.73093,12762.75675,6486.26625,1,1,23775.97856,1,1,9779.643222,1,18044.01769,11271.4013,4613.373111,6915.932923,37559.15983,17804.81792,5699.881833,10915.912,13286.3655,23063.07363,1,1,10851.94967,37107.631
Bilirubin1,38476.828,1,1,43757.93858,52130.44681,45456.19128,47485.24842,47122.0585,26780.36538,26803.62833,1,18776.09943,10216.13303,10242.23424,1,6901.20405,5543.054217,1,4488.48575,6583.587692,13077.09029,24593.672,26763.81931,11438.79167,3316.937619,1,1,11800.02363,1,2495.5,1,8278.49705,23983.66481,23526.00825,1,24669.96573,4621.67925,10498.60005,15276.10904,20428.2229,13223.85689,10935.25307,1,1,19090.00414,1,6019.8315,4099.061053,8890.36904,1,11821.38162,34436.94,5832.413333,32692.90656,1,17130.84568,46360.63042,30699.2025,1,11968.43175,1,31569.78985,1,11327.51187,1,5240.303048,12051.94838,2798.582,5344.722222,11865.999,3200.602571,5952.093045,5330.531429,9528.2179,1,36162.29782,14426.67175,8053.859437,5754.028286,30032.29611,7380.902375,16714.50254,1,1,7819.7882,3278.55575,17263.33636,9705.307667,4224.393818,5203.746625,23275.57672,10485.201,4591.653625,5693.382,11386.1977,17732.97709,11233.56285,6936.732,6109.048,17506.8192
Bilirubin2,41384.74333,42380.63971,37914.56431,41871.69268,48838.32552,39622.07532,42914.91282,46702.91081,30345.14435,33155.17433,2188.575,31027.32479,22136.62826,20436.87025,20129.25286,20966.75042,17904.79462,15570.18313,14359.66561,17199.621,21571.57656,35499.0775,29757.6284,21269.365,12069.60531,12420.59297,17512.32457,25515.26295,8233.199386,10098.61859,26877.51136,18451.05974,28542.0348,29566.5192,14978.30896,31039.6519,16071.1063,23810.43923,34939.78531,29167.50017,20279.07218,22808.15712,11249.99683,9651.429524,27367.85135,14781.18473,17996.55375,14515.4674,21181.39835,7260.651739,23472.98514,48386.32377,17574.3323,32905.68075,28793.21733,25199.82412,69508.52263,36883.41614,36498.20924,23373.098,23150.309,46165.95654,17609.76667,24792.445,32363.34168,16070.4075,30281.73525,13140.10561,19356.94793,30191.91065,10095.90489,19251.01081,19023.94957,22251.50415,24487.701,52124.09991,29428.638,20844.0735,20293.44625,26208.7689,24158.86852,29632.17136,4480.136889,4867.814,2503.715867,14191.6,27273.25418,18895.14818,12144.70965,25160.06325,29875.19659,20665.86381,17050.24722,17791.69776,22525.50357,33931.392,3529.114333,19305.22303,18223.25686,35684.1765
Bilirubin3,110884.8369,113363.7905,103914.9876,118640.4035,146698.4934,101216.7321,132497.4958,178072.5476,75710.4551,98536.99847,61870.28743,54403.95569,29920.418,30847.31475,27713.41655,14249.75472,18893.58913,21140.04173,15923.96947,20705.51817,55995.26061,61349.03,58491.32733,43811.06473,11169.19109,9808.26726,12386.00141,29406.25638,4807.19158,6705.092916,35772.30234,28545.7131,87739.72129,84458.04832,37761.66,76162.46514,12550.85052,34367.8888,61572.71535,64629.32571,47355.714,44494.06089,15362.09561,13060.7446,76356.23529,24206.28474,13812.88693,11558.44434,24385.63037,9784.406123,14150.28101,21808.87743,3982.296249,33874.88161,16254.11146,22885.79923,46134.382,31172.14381,7964.97515,11539.61502,9507.296351,38247.10167,2372.776694,8769.166442,20994.6555,3469.053962,9258.828658,1403.869857,4684.070751,5311.265997,3965.882376,3170.123215,5591.979767,8723.077143,12033.55108,36105.92884,16303.68979,8899.741481,4194.181644,13131.56872,9229.530541,19885.72728,919.5118141,2410.778714,7691.420903,4209.97467,13826.22687,9478.507007,4382.940138,3950.403547,40668.10418,16335.176,4080.813935,9672.917813,10946.11613,16645.92694,12569.39563,6667.66285,8753.232,40492.98056
Bilirubin4,6980.921622,4453.254409,7408.548863,6886.664707,1159.157264,4803.2855,8552.337143,725.9941406,5871.978,6476.4076,5017.544478,4056.805167,2850.78713,2730.292988,2041.614,2178.770525,1891.811737,2020.534656,1771.338833,1227.107245,3803.871094,1,5023.72006,3136.285024,1320.368966,1535.505961,1875.6535,3412.865625,606.8465116,1104.093417,375.3251064,2823.24187,4882.766667,5398.235182,2368.776053,6352.878877,1704.181701,319.8073585,3687.567755,4962.988,2933.22007,1,1245.032609,843.9275147,3252.953671,2154.79782,2243.961862,1770.88375,1,841.9372297,1,1,1308.505381,4790.887722,4016.02131,4887.101163,8420.4636,1,2383.973846,1,1,1,1,2658.834134,4091.438542,1442.098284,2270.820222,1,1530.530615,1,1,2066.74,1599.703875,1,1,1,2786.79625,2589.4825,1299.7305,1,1,1,1,1,1,1,3015.405231,1,1234.404184,1537.025206,4028.170732,2197.719293,1,1,2584.659,3192.742326,1,1,1,1
Bilirubin beta-diglucuronide,37196.1395,42247.91816,36245.31838,47000.9473,34505.97517,27077.10049,31877.87975,42033.07575,15771.95129,20272.428,8544.2004,15756.44588,24495.93525,25379.7023,25007.9232,15946.88369,33644.94222,27141.66471,32843.1795,29095.143,45943.08,32488.465,30336.93648,10218.41462,5957.033705,9667.356323,12271.05925,24704.73193,12070.43782,13486.89669,5093.271237,780.3212502,76894.5932,69916.711,34144.40756,156.1493567,3551.399484,37983.924,65521.75784,9464.9925,14889.34608,18068.7038,29848.65225,7627.520833,8966.062846,33692.496,4725.988513,5360.536201,15549.1875,4881.201,664.465873,3258.813937,87.21543614,4912.504909,443.0851939,1126.603268,1473.091938,73.81591967,1,516.0402985,292.719051,1532.3568,61.9140671,158.0296747,1674.590571,1,134.7692549,1,993.0483476,1,93.90683259,939.7899481,1,209.7059061,2381.058,167.8699876,94.69527639,94.76037667,1,1,174.4985587,476.1527728,54.77899632,1,1,1,226.305761,1,238.0786044,70.36945442,1,805.6517127,1,252.2945275,1,1,143.4682033,1,77.07290307,144.804013
Bilirubin-glucuronoside,211760.5703,324199.7877,213857.3809,274719.459,282240.9966,256997.1198,287127.4167,328808.0273,182865.4213,232720.2741,131553.3618,117942.5948,100333.022,68163.78097,58705.5183,53043.96892,136257.1867,100674.2514,175071.2223,129126.0626,437892.2162,365814.6772,276426.0005,35178.30448,54941.97177,67068.22686,131288.1725,458107.6891,23549.76615,17057.63292,42494.02454,18196.96218,1251245.951,992955.7807,244720.3963,17907.281,9431.835327,157844.7249,406928.1562,66176.61188,60631.07139,158973.4435,172770.2898,48751.09965,40956.27561,625153.4554,15708.00397,37162.69652,112756.2961,17112.05503,5436.082748,18183.51727,3385.365511,37058.92236,3495.849789,10459.99443,41122.5875,4699.216578,5057.195,4125.700233,4333.582669,10862.79876,195.0671078,1871.275,18055.50463,987.1402558,2915.669354,1,6485.404035,518.5373853,9145.558819,5200.214271,285.9996873,2177.813778,13894.99889,5224.425855,2245.930968,5012.821664,943.4798686,942.2587533,4356.510861,6643.399074,94.91168965,1,494.5456976,1415.513589,2609.639423,657.3908677,518.4960813,72.98237083,4399.575795,7796.129517,171.6106426,920.3444956,1064.381398,2739.786236,2981.764631,615.1988416,1875.581282,6297.903281
Biliverdin,22636.32895,27968.43733,20887.335,24951.46072,69524.1888,84514.55778,66390.95847,60590.13105,45743.08543,49084.41984,45591.44475,40598.94583,55498.22727,58873.37452,55974.09922,64053.26053,26996.57297,32762.61413,30022.17,26915.77309,252844.9697,119406.7842,124792.4167,4514.829857,21130.44779,15189.06658,50104.74761,69904.04818,10560.99446,15266.25018,24999.174,10142.75313,42301.8415,46702.82352,35837.16976,29529.80093,23864.05453,37804.74524,54475.97206,48454.49918,21227.25291,49915.9125,23310.02429,53454.15106,128617.38,26580.87731,21003.8789,75750.1806,47277.62393,11106.2016,35707.60588,97117.59286,17814.79051,99774.90467,64775.84684,45840.42283,268463.5049,79449.463,48467.59209,20298.408,46375.91125,52817.05683,14000.15029,71072.81213,44476.445,17237.44193,42866.4,1,39159.46767,85606.87967,4952.6752,12989.75878,23754.37,29025.66469,23187.24107,83832.168,27061.69441,39899.55392,47899.13837,155480.5036,18839.32976,59145.758,26235.50426,19770.29167,34555.80333,30203.14625,70511.19853,38285.14087,23246.73604,36556.07912,61170.516,50179.7975,14895.37603,20674.27588,36041.25811,53807.432,30679.64108,35018.72285,17859.14717,103722.3522
Biliverdin1,25342.39704,28885.23,24286.97355,24459.5218,26368.703,20465.66439,24994.11011,22726.0687,10237.76366,9922.954848,6608.478652,7246.918174,3041.531522,2611.285804,2302.740632,1967.031125,1639.6845,1674.552,1372.501025,1516.942793,2794.438286,5931.409391,4677.460435,2400.998636,829.9848148,868.9738235,1346.931478,2645.164455,527.7877778,781.69175,2854.985,1530.929455,3398.477478,3556.594364,1342.779295,4416.148326,896.205913,1728.09175,2954.692237,3474.958942,2059.7064,1809.481429,648.186,723.8733333,3485.85087,1070.718605,1330.749053,819.2563448,1935.573571,1,2519.87945,6481.1205,1328.725161,4746.2335,3235.262605,1884.32695,3721.014211,6075.618846,4807.874452,2700.811026,1377.9225,3646.82295,1007.51,1591.437174,2143.771795,878.815,1398.319929,666.246,1017.52312,3906.822533,1,1084.875824,1250.845447,1492.663792,1481.323381,3572.31719,2260.120875,1342.1859,1133.797727,1,1613.32395,2266.921775,1,1,1589.06037,834.7372308,2493.246,1237.518975,716.69325,2083.5441,2773.195833,1301.590619,706.4407857,994.3184211,1483.480786,2506.518711,1609.82276,1195.754526,1230.822621,3753.7875
Biliverdin2,1,1,1,1,10585.197,13598.76595,9243.803571,1,8236.064025,6525.54175,6917.704,7962.510105,5858.687429,4553.901714,6642.932306,6466.609633,1,1,1,1,1,1,9354.391591,1,1,1,6167.530825,10075.08333,3420.269231,1,11995.3125,5900.4085,1,1,1,8048.202632,1,1,8926.235175,1,7101.280324,5409.257,1,1,17682.1021,8757.840381,5282.217412,22485.87784,9776.121429,1,10411.65905,1,1,18053.15867,23673.96327,11669.36063,52545.13296,19170.74664,6603.062727,7083.022891,1,12157.06853,1,1,9674.446775,6872.780909,12749.63143,1,8893.006344,14587.917,1,5335.634812,6465.2385,1,1,28312.97276,7239.023912,9882.781538,20754.80873,37669.60118,1,14826.03868,1,6534.548526,9377.338353,1,20224.72381,11814.25982,8170.5637,8836.799733,8726.73,21572.28711,7583.1075,6514.416,7792.609816,1,6901.7472,10678.79291,5234.52625,22054.2
Biliverdin3,13885.01324,14629.41236,4627.3701,7715.628776,17503.96137,19569.20381,18040.65626,18434.59011,12300.22518,12247.0075,13049.10638,14788.17101,14341.96338,19983.78658,24727.52697,16175.97284,6396.271895,14504.59517,13726.23951,14650.51131,47954.18155,24291.41294,23974.2923,2172.041174,5963.80266,10828.18048,14518.854,17390.29575,10363.27361,5115.600875,12405.31307,4303.377756,10306.34107,9667.658,12986.92652,10427.067,5699.9635,12405.75769,10289.96675,15013.00464,7217.534631,13349.52751,7954.112036,17421.40774,40392.3496,7794.41925,7246.268938,22178.06067,16506.14925,4707.401111,8163.1215,16645.71787,4553.122086,20398.76876,13543.47065,10081.35154,49408.51283,21111.97436,9314.24652,7780.015854,6233.15625,23440.08317,6191.444148,21831.48585,7822.784562,2738.47,10598.78118,1612.436074,7146.985294,14042.31029,1157.294006,6049.045117,5249.377372,6015.291814,4884.561727,27670.41013,5263.926467,7302.453,9412.664838,30255.45639,4694.741974,9800.057825,3785.364632,3713.641412,5407.505789,5234.794167,14624.03409,7970.6655,5006.007895,8144.416056,9473.587641,9748.298725,3077.254737,3587.469205,7253.184545,13553.8934,6537.426545,10291.30431,7137.805952,17012.44155
Biocytin,100811.8616,121434.6077,105011.2442,120081.6702,111670.2528,162149.2457,164185.9782,192529.3633,198143.7943,132996.4378,154311.8525,151131.8957,3538.025217,3214.628348,3609.376,3706.6035,15505.52638,13215.69834,14470.832,13809.86332,61552.50847,170829.6023,222560.5413,5818.699818,40299.08723,37552.22109,136990.8228,82121.26338,75141.276,71018.07723,240678.4844,83649.99988,50828.77963,46679.54446,74157.64413,38597.55377,646.3456384,72386.96133,43208.90792,218294.2349,20504.9065,72424.82208,34717.10883,10596.71296,36260.03705,29968.8615,361460.718,85950.91958,9017.532913,3011.758627,4707.92425,128264.8844,41192.283,25179.45011,11738.53671,91142.79655,12319.59532,1164.110511,37872.2242,33981.70833,15449.86745,10318.78717,12218.10532,46365.77524,5812.14375,54087.671,1886.630897,13790.24567,15766.62915,7517.1156,2353.025792,20357.92588,9805.657895,11600.31816,7393.181575,1174.558342,17382.86957,25825.78523,36677.0767,33387.76222,11030.12495,28022.1583,22155.26087,11179.29,4415.373591,5766.273,3314.721913,1717.007828,9354.086783,16719.72921,5905.248,2179.084778,21468.60695,21962.32483,29386.99385,40084.995,9918.431438,11044.83191,2120.902,5297.091808
Butyrylcarnitine (Car(4:0)),28291.10486,29038.732,25390.86,22727.28886,1,1,1,1,28489.31271,21182.89643,21083.64217,22936.65375,8894.5308,7476.505143,1,6086.1611,66125.21279,73369.1525,77894.222,88106.02063,35735.43504,33944.784,32159.15908,28412.43429,80297.27835,50251.1455,1,86650.69925,1,1,38461.312,119835.1935,20748.80792,20372.14025,13228.3488,50340.36731,19941.38471,11314.6065,74394.85586,28291.47,44014.00545,27074.70443,27976.88164,36711.93167,32274.16481,89749.92144,47145.57186,77581.29281,54443.93543,66533.28881,14486.716,36542.59988,43306.90525,29667.27256,47104.36369,76032.46889,31854.04286,53082.81,39978.85125,27171.6925,16634.48057,132399.0712,42911.25986,17018.505,78022.87111,13020.65333,32677.04205,63157.11709,42892.92179,34068.37778,25642.14469,292495.3413,50998.79487,16217.48264,144819.1583,13900.41858,44964.725,28260.82567,39698.8435,56536.63033,93602.06786,35628.06086,22162.4,9703.442083,30854.304,39908.25944,31533.74675,46291.6285,21378.0305,60665.11797,47815.46437,42435.39389,16967.261,11124.4076,79646.65754,55702.8603,9691.278583,69210.091,32803.992,27594.21243
C75 trans (Drug),25922.98275,23864.8239,28344.30288,36305.82533,15117.102,18208.7558,15150.8108,18578.43675,21845.1716,19848.5523,19416.99525,22453.44093,27381.18976,15763.471,17690.71903,16884.66388,27891.64442,48759.67266,49692.8137,49091.58712,18288.15528,12024.03811,15987.21425,13124.595,24696.26434,17778.00652,32457.11719,19139.82217,18615.95109,23340.2517,15889.17579,22831.33514,19744.25063,17577.04958,21567.7662,20926.03881,24363.87792,15572.29784,10984.52911,24474.55814,13795.42974,25515.65575,20256.06346,12157.54714,15076.81669,7064.23301,11979.4308,23275.73259,11853.55231,20363.72867,16963.60425,10763.50639,19251.52619,36672.28152,12862.62457,10404.97281,28025.12358,19466.8288,18144.88791,13686.30769,8683.663484,11711.581,12125.8701,11160.57409,15079.5567,11508.97125,16447.62367,6147.837891,11665.55863,12982.78348,27009.08736,12420.43452,14520.01148,12061.91352,8555.035156,12300.95774,13762.70455,17372.63396,24321.06667,10766.07712,11465.41391,13331.43154,10892.23647,13410.9821,12794.69891,13174.3534,16050.43209,9996.883971,12717.06604,12904.00993,10986.38112,14058.20351,13750.15776,13661.74718,9531.250102,12523.27344,12781.0254,14387.64469,9910.860227,17631.02961
Caffeic aldehyde,1,4525.697143,1,4336.251182,1,5122.794133,6713.4824,3654.62175,4619.817143,4589.822929,5899.128929,6398.211409,4997.275714,4544.4672,2389.279071,1,5781.456115,1,8751.915,1,1,3539.6,6512.6607,1,1,2947.030625,5646.304,3439.885957,4487.914286,6113.23677,1,1,4486.68,1743.2275,1,4929.418421,4280.158385,2963.944846,4802.282813,4082.807719,2897.776143,4493.047,2130.509333,4393.61775,1,1,1,5849.11725,1,6403.765875,8999.651333,8367.670462,6270.100643,13081.1575,10489.5693,1,1,1,6852.151077,1,5319.348667,1,1,5032.385333,5389.367333,5529.562483,1,5394.808,1,5236.107333,1,1,1,5302.807714,1,6679.395389,7588.6355,5143.082,1,1,5463.848,1,4622.601625,1,1,5026.419563,1,1,4428.28,1,6026.249625,6251.433375,6570.637714,1,1,1,6263.844,1,1,1
Car(18:0),22319.68944,20187.00178,23814.41856,21391.14529,8020.492667,7719.835333,7454.624294,6600.840278,6932.088,6842.346,1,6190.882031,15412.58533,14922.46436,14157.35716,15076.30578,6097.4927,6797.473389,6414.022083,6563.564222,4366.110618,8419.308194,8878.228882,17684.08212,4887.9528,5058.7325,9424.46075,26576.05103,3967.623818,4182.780536,12553.33225,6968.079,16884.55344,17185.09236,5615.495833,7163.726706,25205.93153,11964.01618,9601.00025,4527.115385,10683.473,1,8109.236083,40215.35703,12815.50985,8417.276,15277.72161,9586.209529,49586.20184,64090.572,92845.51324,42023.32817,98001.51075,38784.1155,55294.94119,45506.92519,111252.1965,74809.47969,50215.6,89518.9149,60458.3105,79355.75987,61245.99731,82217.05219,43700.62297,57012.05271,52739.89387,39180.01269,58030.12529,68503.78166,89812.94122,47183.591,57209.031,68721.90253,42442.76813,48045.76541,48450.5015,172884.8638,139935.5925,54543.20687,92663.68706,32612.13759,82357.94356,58474.956,41239.89613,36092.31018,88974.8842,65348.95257,151550.1541,84968.5605,34786.4625,68087.86875,403236.498,91645.03753,146384.65,270626.8833,50909.25967,51667.55943,58141.05019,91487.56788
Car(18:1),117885.7819,119730.0291,118387.8988,123454.2083,59414.87474,54861.46121,54890.01468,51516.76,53613.19326,54837.98929,51291.62889,53409.483,116281.2883,113613.1275,122820.1444,121082.8295,109496.5149,100190.1013,96002.875,103203.3013,44808.01671,116833.2104,103770.8758,116729.1367,59949.79069,54058.50441,110365.8723,245894.7158,119460.7993,126766.043,187446.2625,66835.72671,171828.11,167378.2361,67284.46947,68689.66467,134586.7291,127676.4231,91686.62859,44473.32378,81219.23731,31317.52267,86483.37014,348283.2936,138907.1739,63531.31506,108961.1993,214999.856,351614.4655,424098.8308,559222.0512,403529.2306,545333.4438,291588.6531,330473.52,259496.5758,832405.965,382128.2076,334851.5398,404572.558,345554.9576,334190.0914,245736.8723,419229.9365,368673.4331,276712.5206,307675.9677,216517.2726,476420.292,450514.8833,273400.7908,339099.2298,235987.1476,564416.3129,421067.3365,393153.9215,178910.6431,1034965.069,894612.7189,321377.76,285017.8753,271625.3221,405137.28,403375.206,167993.2508,367275.6004,542914.805,284929.016,714957.5782,403950.1875,202936.6618,443270.0805,1851050.26,512657.2809,651545.3333,1429225.322,369682.9994,270494.2144,428475.1114,402354.376
Carnitine,1290355.937,1401841.343,1431583.7,1163281.72,904465.9732,925280.6997,815956.556,899181.4485,550123.7617,673303.435,634147.5791,749500.192,765053.8433,728271.22,675339.2614,772715.4665,1279624.634,1344987.723,1259954.019,1303797.595,671455.3224,972657.1147,847733.5546,1100198.838,1076636.479,884974.5833,998148.2113,1390665.259,215559.6802,198433.6925,513469.4163,1539853.348,1213284.074,1233907.095,765428.4249,1122901.949,627375.14,515537.0436,1117562.515,1470945.032,889762.9738,1050142.738,692336.3213,1362625.543,992127.3778,1513969.685,982790.0923,1691380.116,1218585.953,539159.312,405262.9764,989187.42,794242.3737,997958.544,1131825.397,1226072.401,1336533.501,1329923.963,1075342.082,788179.9464,468321.2017,1280691.34,943784.0347,739946.494,829185.7568,577581.5077,836067.8113,542085.5695,1036595.676,919110.3281,1157110.181,1584871.729,927365.3703,575801.3675,1121361.287,799235.3464,1076396.991,735748.481,1185262.202,1156204.613,1592726.943,1000885.59,412964.6047,711095.6135,1094931.748,1052622.264,1088787.84,1013642.947,1022995.098,1056553.131,1030634.851,1193952.439,681283.4536,482548.4036,1103575.64,1269581.965,744642.072,1039919.542,738901.9898,811239.216
Chenodeoxycholic acid,2212.075646,1454.599242,1906.359014,1602.299007,19.03732664,62.49693961,74.98277332,22.80334059,294.0873669,120.5965108,169.4763334,71.15737461,125.9171657,149.6178045,142.4128368,95.30349373,4921.595179,4867.743977,4961.700582,5646.112526,22.87720193,646.7587469,281.1781582,117.5770823,135.4147109,104.7758282,907.3585766,765.1494489,32.77714025,28.6739165,113.9403535,88.812509,240.0678323,235.9969756,1,15.14467355,1,41.1406391,34.48887247,85.60636657,1,37.31104334,858.8345772,550.0720334,18.94952463,18.54306966,14.57127627,68.16176219,95.58520198,1,34384.99376,49285.12709,5454.081077,28054.99739,93817.55368,33052.84143,40995.76904,21881.81035,51720.75,26620.93958,88552.49335,41222.72,23028.40959,11401.23952,20191.70379,51601.08775,31596.99558,19522.21223,172266.41,9143.046947,15756.42478,9343.830654,23928.58796,25311.93968,24133.954,18924.85468,26667.55451,1192.93023,39891.02948,40166.20788,20430.3435,128978.0426,114826.9018,48057.03038,20964.22311,5644.480111,12143.48893,31928.2362,7665.15435,15720.36811,101136.7038,13187.74419,5452.9713,23445.21789,17296.21933,22989.64811,29684.04314,45650.36954,95903.74795,165337.2741
Chenodeoxycholic acid1,4743.945546,3584.926145,4205.275567,3742.379596,597.3654092,393.0521987,373.2412689,350.2747082,1192.412269,1252.641892,1164.613761,1032.99,974.8318111,825.8017169,1120.816347,892.6707414,12078.95472,12135.4239,12469.88601,13071.9721,758.9940532,1527.957621,1190.729896,635.1827777,810.1506339,895.7479186,1811.616602,1476.079567,1238.275931,1165.40308,1170.932301,905.2658604,1052.697912,1050.270244,630.6835826,182.5518458,331.9321877,662.2693391,1186.110212,995.1687673,763.6146909,966.9878896,2679.470409,3127.045553,1410.749524,251.1911962,372.6104129,807.5518998,577.1687245,15.36672305,147181.2819,36124.04173,20078.1434,60049.1019,37139.06244,60350.14974,69899.6625,35713.42223,31228.17226,61425.2495,29726.71694,66494.448,25299.67356,11342.99669,17429.36279,17399.87177,25275.49862,23286.23592,46535.64745,19017.49159,31387.24641,17899.72371,27897.99231,16899.311,40047.60216,32568.48675,25448.1955,8237.246685,40586.37912,44214.02077,39779.49873,39475.38767,34325.29963,69504.05184,23802.74305,8871.132111,14730.6652,24235.9824,7425.784922,10805.8524,31185.80944,30007.94538,7544.045793,17910.94233,17875.98231,21611.64918,14689.69922,46513.89527,45277.76607,93688.72444
Chenodeoxycholic acid2,6242.338,4623.846035,6589.139215,5065.74,64853.31666,54024.1326,50600.0405,52464.33076,93070.74,94633.112,97006.7394,99690.8305,18007.59134,17301.11586,20688.71059,18308.97148,542117.631,536703.9205,592936.6441,586385.5678,10776.04576,150634.6374,159446.6758,973.2200127,21334.18617,22430.27687,92334.52313,67214.2835,6506.29005,5255.7336,10322.94815,45535.69354,2984.794003,3876.65,5175.654688,36777.2881,3046.175835,2939.905316,5607.791333,14303.51656,30868.20125,4797.194476,7415.573265,20147.76032,19254.1387,2239.640777,10892.55122,10231.59298,13326.93431,5116.178444,38893.2015,76030.72686,38246.28211,3853.611612,58332.01465,6344.755029,143227.522,25066.037,52517.9655,68566.27085,21587.76044,41279.89478,56416.44289,19331.54408,21330.99162,52342.86734,170800.8041,73940.00347,4059.23039,45786.43038,26354.17649,11721.71933,17083.05555,232151.2045,29392.42271,55811.29028,49734.56969,41273.15122,139838.0253,128755.9748,53106.99979,98975.316,9098.5245,1322.787034,10946.10524,13807.13938,200537.6614,14868.38511,26364.8271,29556.43794,18468.32042,43592.70228,59685.087,9074.852598,24440.15379,85652.23703,40409.03667,99228.295,16899.52889,44581.81489
Chenodeoxycholic acid 3-glucuronide,18638.50593,20310.81055,21971.56245,20783.33083,156122.58,146055.6932,159928.9453,148792.7309,37830.42698,37575.01062,38279.54258,40639.87722,36296.25997,34286.23428,33899.38117,37344.85848,66975.44277,62791.51752,60010.9341,64140.95246,32141.74798,19050.7099,18669.75956,28551.25556,85501.4579,88964.06068,32010.35796,45823.5243,19171.2594,16017.80906,36459.7674,33735.23075,170435.617,175160.5716,253168.4838,14758.40573,18150.57162,178357.3456,58603.104,23847.97893,34222.323,34455.46467,91115.00652,22238.05978,43857.21032,55827.18706,33841.62733,30887.08295,45103.9892,87509.02387,24589.12692,12677.77194,9741.149763,76286.2562,9085.191256,104456.776,61113.16295,6967.061105,62825.79712,37565.55118,126392.3024,340131.6313,7754.732667,14338.86939,123935.1714,147508.1098,88599.50865,10739.01632,142946.4252,63462.875,60159.3868,140029.9226,43350.61345,25410.24809,97459.0812,7302.71295,93439.60736,13254.31049,16675.39665,39246.758,42478.31133,18853.21536,6180.266734,49552.0532,5748.517857,66924.342,48713.27874,10060.90406,27287.62631,6915.60842,28137.22132,55191.10088,32073.79529,155358.1607,56800.34971,82758,78326.04527,10894.53751,13662.32743,15057.99722
Cholic acid,1,1,1,1,1,1447.5321,1227.9558,1,590.94,1,1,1,1,521.1427,1,1,12135.05038,11060.061,8484.511286,12642.27031,1,7965.505714,12764.27488,1,1,1,7584.404937,4021.697286,1,1,1,501.58,1,1,1,1,1,1,1,1,1,1,1,1,1,1,1,1,1,1,2307.213,5487.542818,5292.978,1,3786.321,1,1,2184.832,1,1,1174.9987,1772.704167,5613.098462,2836.9808,1388.374,4339.624929,17871.29143,1,1,2274.485769,1,1,2064.81055,7825.978125,879.8544,2981.1795,1,9456.066583,6835.137231,4957.7972,1,1,1,1,1,1,5640.366375,1,3200.943417,1,1154.066455,3154.1625,5027.387333,1,4514.926143,8095.865893,1104.385333,4299.596833,1,1516.301625
Cholic acid1,9783.41396,7270.817431,8297.146744,9175.544837,32158.64621,29090.06434,29680.66868,30377.09181,28347.2801,24715.44114,21771.35087,20976.9275,34173.2207,32327.56382,31111.0855,32310.20925,271305.6129,243730.1384,232544.9881,250709.2145,515.6428573,192880.95,163947.9176,411.0420441,12805.28553,13319.45361,209976.84,127776.0016,679.227408,588.3417849,2858.568084,15999.975,2063.719811,1836.995339,5476.855,9635.6525,1065.527601,2153.931567,1220.370291,10660.10638,4335.347807,2985.035269,4412.976328,2599.119916,7732.610484,1,4915.406858,12145.77437,745.8164511,223.6538333,34993.05575,99581.18661,42145.07546,1717.316476,88028.04214,9383.76138,20528.60704,51334.16896,10246.61324,43101.80405,13166.28651,15684.74778,56936.89519,37130.20256,4726.016812,38199.76387,184035.957,8201.713333,12995.32509,23895.29566,7027.483911,8055.537125,26507.16363,123503.7486,9032.036,25310.4,6231.732324,65624.0891,41026.68959,67351.7806,3474.965299,47408.39775,4533.723388,3616.985123,13965.49215,2546.242487,40872.6864,11960.48621,29653.50303,23074.36842,5139.186,30796.4292,37331.66641,2677.368353,60701.19985,60253.3789,10671.93813,33506.69574,4943.929266,8052.396523
Cholic acid 3-glucuronide,12716.92395,13543.90019,14126.99907,11653.59487,19099.21309,17349.0317,192064.564,17729.97805,15654.89421,18169.11842,16438.73861,19217.97386,138257.6819,94379.58982,92491.8075,137473.1484,51153.92472,53260.6843,63202.80669,65180.12145,72838.00373,19313.47233,16254.59429,10045.78618,52155.6295,48869.32796,66278.7887,29560.71724,5353.780816,62404.86803,241967.2234,26893.18919,13263.58654,19309.25748,27543.27405,13611.48493,34440.46278,16548.68147,6553.45939,197113.021,11287.81518,10542.82669,33156.38611,11669.07167,20803.78879,34699.38862,15960.81774,86216.32163,24049.78008,8817.507867,28111.57038,39555.68132,39918.664,25063.35493,16950.03328,50784.08533,44765.52517,12449.01552,26099.27704,58765.2911,30552.01171,197538.506,12585.2922,13674.976,44315.00831,45287.51989,586086.1226,6226.36205,203574.2375,35233.75632,21873.72673,52855.22692,34516.29491,28955.65767,30610.01313,10889.27427,28045.44533,35369.18029,25565.41028,34845.38954,70255.14241,29620.05839,65715.99641,11917.04046,84048.63153,41851.656,30533.59155,94686.75139,139103.6379,115497.082,12193.97908,30958.77442,108027.3327,22180.752,45959.62395,148932.6617,29883.63318,22081.032,67665.50129,195886.9438
cis-11.14-Eicosadienoic acid,827.4231667,549.7722593,552.6889149,572.9363929,591.77625,199.8023803,436.8045926,380.489,724.32725,805.3192174,1425.024048,598.9450909,1330.0824,1106.845379,1403.998667,1035.777962,1505.509524,1787.753739,1961.357292,1265.972478,1597.187703,1394.281516,1060.580792,576.9672821,1363.6707,994.697,1367.783619,1777.692024,2039.816463,3654.15887,3281.56125,147.9667347,509.0096667,549.9957241,1275.894,224.3162601,2461.137,1815.009541,1265.4585,2316.922722,1147.859048,2690.827129,1528.625069,3641.832048,1215.388417,866.2807333,1088.81575,1821.32016,4.109365499,970.245,5434.366625,9747.6572,5651.244643,7569.1,7046.052738,5753.2824,5719.175875,3500.483125,1938.653682,6835.36725,6332.120118,2386.02,2298.087059,6304.355538,8641.201292,3430.183095,3341.768625,2105.556115,4397.377174,3816.395816,2139.809381,2090.334545,762.098,1734.829714,2435.51131,5471.461435,1354.2696,5009.052029,6405.2625,2464.49895,1777.848615,3100.407262,3026.726357,2454.690848,1094.937237,2649.944286,4515.3635,1674.556619,3000.959,1069.728,920.2556,4268.343,4429.732571,1772.497826,831.3878571,1090.009348,2348.2944,859.118,1964.953417,1724.487429
cis-4-Decenoylcarnitine,176353.8636,159119.7097,173973.681,175735.7003,74610.33762,89237.34489,95016.114,77949.2025,62361.50725,65515.8861,61514.85667,71306.7725,89669.34667,104079.9646,108410.9124,91190.16487,393973.2656,401874.1301,339350.6182,388180.293,150116.3704,118901.4908,106010.9704,109897.4411,442136.7479,376181.6417,513538.2729,511854.8694,85181.32543,74920.47671,84922.89838,202640.71,233272.033,266510.7362,159094.0789,32174.07463,179009.4063,148867.84,215043.7398,144792.2776,87654.40425,131265.053,266399.2304,205526.5364,90136.3816,686395.279,117265.2867,1537318.026,186694.833,135252.3691,109787.6501,106266.1037,257000.1796,165772.2121,98726.4927,117588.818,122949.0282,59862.01283,58407.811,83466.4504,140974.1654,92894.14909,53205.93667,74129.88689,74272.57528,59461.532,100436.9746,124672.5084,136719.97,64873.2656,58599.17,307040.5313,51028.17975,72633.08044,201292.2923,127026.8144,31608.859,108364.9693,38012.30567,52140.485,62646.02036,64788.56091,59880.51818,54628.875,37941.48944,134655.1895,119425.44,77899.1655,67493.4416,43170.5442,28997.98312,122488.4325,211159.2686,55193.61175,40354.385,49401.1245,115613.5948,66448.22025,111325.7628,106511.3776
"cis-8,11,14-Eicosatrienoic acid",3563.22052,3152.48472,3112.409586,3376.603364,2753.704111,1654.523325,1543.954167,2074.023895,2743.869556,2733.759659,2415.795517,1477.123019,5031.602393,3825.418729,4432.2735,5453.067841,7189.465905,6295.978792,528.83675,7018.400417,6623.02801,5664.934439,4496.543379,2160.99826,3246.405217,2821.876962,4294.21875,5366.788889,6233.537583,9416.526536,7785.932137,1181.04,786.2002941,1399.793065,3213.2975,835.2405,7434.433333,5283.023732,4231.027536,3435.638625,4011.026667,3095.524444,4128.639391,18351.129,6248.34528,702.60224,1867.547417,2241.787841,6142.789362,2098.517875,11820.68027,15652.01422,6906.704025,12456.44381,10979.15283,7096.032429,7736.720565,8993.0879,4720.860667,10207.692,11042.00352,6718.1976,3396.495937,11568.50435,25384.69071,8053.614,7410.466048,6779.778042,9916.518381,8990.87065,3998.398182,2240.697206,1132.958125,1599.32045,3746.603925,9636.7709,5437.600435,5342.452853,37327.42268,5817.870474,2249.759059,6961.839783,5846.457857,4155.473389,3973.515286,8561.263667,6168.3165,5379.741643,6575.5998,2416.467925,2175.6,15804.82839,8746.728632,3468.896842,2160.121818,6460.424438,2863.69075,2351.236731,2205.166111,2804.91931
cis-9-Palmitoleic acid,12982.64894,9502.61725,9969.191,9749.401333,7220.888043,7031.073611,5660.076647,9327.592397,14766.47838,12003.52388,12644.53811,12334.96298,35603.95238,33126.10417,37382.13442,33737.10222,31837.98706,32369.3577,35217.07159,33808.665,40344.07391,12256.332,11847.80178,6521.646675,23844.48762,22457.37656,11647.357,8257.693476,29083.77661,25859.14531,21895.2006,3454.533789,4399.055062,4103.241375,35050.54908,1941.216667,34673.1,36475.2245,10904.46969,11410.00933,14144.37268,49561.902,23717.2575,57542.17714,32843.35215,4763.985208,9472.951389,69700.89805,14961.69079,12884.95413,52307.6785,62917.33903,99977.50594,52908.92329,54723.71475,22850.55,27778.664,38396.80607,12573.79769,37952.45132,45905.532,21110.02057,9851.36275,65137.656,70270.1025,31482.89803,28674.96292,28946.78718,61527.57543,25820.03613,18197.4408,27542.95923,4226.95,6039.006167,56549.2896,45642.9445,14750.47615,24561.27713,75058.62,17744.6865,10376.55125,36116.0565,21361.87929,27910.44,7927.782,34082.13496,44432.79493,21800.944,52793.6311,8028.655611,12766.27367,59007.725,30211.34353,16948.77075,9973.682778,25217.335,23178.14768,1867.4712,11079.5175,12118.78543
cis-9-Palmitoleic acid1,35216.34729,24127.8716,23918.60662,23415.27409,18434.05414,16810.98855,14354.74181,16217.37968,24875.25357,30735.44773,34001.448,24313.60842,75252.69806,74600.39267,95788.26,78783.5815,91211.40769,95689.91167,98354.51972,94119.12607,119819.8343,44890.6346,34511.61984,18796.63099,64790.16232,65545.11442,32247.96006,26356.28938,79316.73258,85277.9253,99623.97254,7744.4608,12650.55492,14459.18223,104123.5235,4321.529625,102650.7543,111813.48,37606.2896,47244.7842,51014.97347,188282.5172,75691.89467,261252.6371,104008.4668,7775.0465,30162.23393,245240.8657,47391.97347,35377.2651,187482.4179,260122.6472,325681.4922,192252.0551,203853.2513,150280.1111,159249.9819,156569.3356,57113.46,166459.071,243585.5667,105676.8902,41640.50144,239029.6976,313719.912,107896.8545,135689.328,109207.3388,218717.8508,95930.99008,69054.21,132484.8667,18395.96938,35341.6245,334495.7806,230656.335,74930.55302,115670.4025,446040.8585,83990.04105,45402.634,216130.7555,97010.33191,134464.6527,33162.32063,181305.8899,216852.6729,100394.1035,276050.5993,42160.76323,74938.50721,371984.1889,141300.6238,83326.76994,55559.86088,138493.8549,115332.2535,20387.27079,42089.62813,55125.54835
Citraconic acid,177073.2329,179170.5725,188113.5073,175589.872,110281.2247,126455.5292,122260.8128,150435.5518,163131.6693,108293.0758,107508.1289,134003.9466,141886.0612,159857.1236,162761.3055,160002.8101,154204.615,134419.5543,151815.6118,154414.4516,137824.591,173555.6786,167390.0102,174277.0106,176597.8926,166804.4836,160594.5045,156399.1666,108611.8248,162584.1568,123164.6001,130441.2909,169643.8102,181117.7228,152047.6903,136439.6189,180113.0154,195998.2382,173432.021,189106.8998,143722.8528,187496.0477,180437.1896,20689.3648,13189.35813,15378.27829,11159.65309,17519.39446,13159.13375,19342.66869,12433.05833,21145.4005,21213.39444,11508.31942,13785.50149,10665.96629,10063.12472,12448.44018,11688.8785,15497.76,10199.10924,12050.03705,14409.78501,14948.17994,14673.834,12338.57662,14794.0485,15531.68642,14297.6711,13786.75398,11727.09453,12677.67088,18769.86233,15342.29505,24948.96895,17302.11221,12175.69467,13407.3404,12854.00441,14819.39144,12775.93981,16541.96593,11631.07424,10060.80575,12990.01442,15940.97719,11085.06369,14347.6583,15942.46226,12427.62425,11208.11541,17705.24733,19855.17872,15160.90921,14777.15542,11119.35525,13598.88057,14649.42468,11720.63401,13327.23753
Citric acid,49485.42435,52892.46163,52635.9489,51470.81333,39637.66304,44429.92905,38644.21841,37529.0244,41362.76875,56353.46113,41102.19167,47888.24474,48256.9247,45644.22643,48689.3537,46891.6513,37525.58,37191.09273,37960.14058,38639.70833,81156.16067,41094.47571,40707.67,51599.50125,50540.26991,75188.18925,31507.90817,38584.35974,43566.91325,62139.51025,54650.91105,47721.27932,49383.59585,55523.52385,38960.86664,40043.19069,72651.35,39256.19565,43898.51452,58724.42061,59309.2596,54408.47952,52364.13805,1,1,1,1,1,1,1,1,1,1,1,1,1,1,1,1,1,1,1,1,1,1,1,1,1,1,1,1,1,1,1,1,1,1,1,1,1,1,1,1,1,1,1,1,1,1,1,1,1,1,1,1,1,1,1,1,1
Citric acid1,64006.8156,51888.45709,65939.43059,60362.25736,50675.03175,55822.35406,44210.518,54135.645,52813.28769,59414.09932,51357.60805,41514.44365,33181.45919,41683.37833,42057.3114,35634.16255,27871.39668,26932.43019,24270.01433,31941.73091,69512.95982,53720.452,45672.51578,63834.77333,61493.481,52913.82818,25039.61794,30506.5149,55334.87318,58737.86238,70454.2512,56033.94833,49657.4505,51437.52387,46547.10194,66428.36455,71648.16661,60574.51225,71453.6515,67182.75207,56787.605,56126.205,52599.5903,9382.4375,3426.6141,1,1,1,6484.433333,3508.911538,1,7185.436111,6183.417,4941.087667,1,1,4618.166261,1,1,1,5148.78,1,1,1,2899.05265,1,1,1976.9282,6889.1631,1,3461.40265,1,1,1,1,1,1,3773.555447,2352.1905,1,1,1,1,1,1,1,1,1,1,1349.38125,1,5926.6751,2216.2644,1,2331.513188,1,3038.361,1,1,1743.7915
Citric acid2,4444842.076,2569060.842,4436679.83,2928150.005,2537973.893,2328649.742,2044119.011,2265774.571,2177394.982,2794972.523,2597796.158,2873968.872,2540691.674,2864706.319,2513387.724,2395424.529,2229433.325,2236717.248,3498274.725,2729819.376,3522276.162,2235922.873,2111989.522,2775873.174,2931512.964,4263721.481,2005017.884,2787875.623,2409360.133,2275434.467,4554320.564,2502966.825,2587015.675,2914765.199,2642684.024,2539264.314,2756247.878,2984063.349,2510513.341,3019746.096,3007219.569,3410269.449,2790940.262,30895.09725,14032.13062,16128.39391,20574.20566,12293.62736,30892.61095,19829.87358,7921.030045,25670.31644,20537.09938,7558.414191,9958.740261,4763.75946,6202.802115,4873.551193,9368.472638,12677.94783,8085.455,10351.07868,6970.49375,18535.93488,12150.00111,13754.69367,11595.85785,11374.17337,10979.83014,14087.65676,15244.97781,12099.65674,21159.31483,8773.409038,20188.91446,14541.6832,8196.556738,9903.38374,7575.686321,11992.97498,8448.760147,10456.32563,11217.06185,8725.53526,10708.51306,11504.94421,11357.51959,10468.25781,17036.25477,10376.80892,7328.034015,14420.53214,13121.67978,9862.285743,8977.523258,5578.158214,12702.96907,10822.02197,7110.549,13298.1706
Citrulline,9565.1174,9821.673,10862.29286,9803.715,6470.102857,7199.258,7376.4009,6782.144333,8794.746833,6677.364571,7225.47875,7988.857071,15528.07379,13184.73,13914.57233,15064.18088,14699.78571,13932.66875,14537.51167,16673.5935,5270.4,8502.229667,8054.98,7906.83525,1,1,6535.11825,13192.72617,7995.503,6947.5725,6503.97825,24183.35988,6463.601667,6672.663,3425.3632,21447.34886,14191.59506,3488.07225,6995.621143,4993.0982,10200.19886,1,18261.9415,17648.86083,9467.817857,11313.5,1,1,31138.37643,43612.10571,18708.59375,1,24588.52,19318.544,13115.41886,14655.16867,10922.2526,28444.95133,16295.22514,31206.35938,15319.182,15372.6045,18271.82025,16657.03125,35824.60844,14240.30125,28635.63954,55394.7444,12839.53,18122.23392,8632.618333,34494.118,19572.11657,27216.86,12661.57233,20944.57679,36573.729,25139.1035,14082.145,20730.76521,30015.00857,15807.4635,23483.55056,21612.2865,20769.16575,24828.41588,13978.71879,16171.48527,31056.78557,22306.0745,18445.64686,16936.22571,14118.81743,17580.8605,24083.2015,17160.70033,12253.0135,32497.09467,19487.385,18129.16114
Cocaine,8949.712205,8875.259795,7580.180263,9028.998553,2982.047727,2551.3305,2301.8975,3527.029059,3621.88525,4624.636455,5455.166125,4314.521045,9368.8502,8645.011826,9620.919643,9149.265263,3448.0202,1,1,2372.1765,1566.5432,2474.127692,1,11798.52465,5079.214974,4320.828158,8479.126575,7482.828,2798.518125,3620.322867,7429.980657,8467.46387,6313.533545,7681.886667,1999.62,10917.29718,16303.86214,4274.641042,5958.371176,6660.202286,6541.427177,1733.633846,3933.579176,32573.59667,10776.24334,1440.501563,10845.73681,4735.006286,3964.646455,18228.11974,18207.50337,14707.30218,20002.268,7986.569889,32510.558,13157.989,25820.05714,23942.54375,12082.4798,24445.8999,11841.8685,17793.447,18781.69025,30464.88075,20269.27933,13405.531,13721.466,18386.044,20139.42507,10190.44857,23007.704,11512.2149,6220.352,10973.24727,10196.94,23305.913,12431.30933,33862.21718,26699.0838,8359.155,21038.81656,20004.02977,14144.03293,14135.03178,11038.643,16164.8019,30528.7158,14582.691,14915.65473,17637.09578,14765.62343,30117.39773,41733.22889,20798.96571,20524.71115,29829.45664,9907.893531,12667.28265,28300.09365,20251.10577
Colneleate,1,1,1,1,1,1,1,1,1,1,1,1,1,1,1,1,1,1,1,1,1,1,1,1,1,1,1,1,2804.006531,2584.299846,1,1,1190.040375,1,1,1,1,1,1,1,924.6445714,1,1,1,563.706,1229.977375,1,1,1,1,6916.462412,14117.59073,15854.86935,16906.52757,6295.377188,8966.465923,3835.2655,5654.05925,1,17955.99046,4932.821143,4092.410667,3844.586318,4091.599909,11830.25629,2996.754583,5445.071591,1,5571.600188,1496.3904,3742.1675,3073.506938,8030.960231,6089.399143,6929.71595,1,5301.619893,6185.6495,5424.1705,3218.712,4269.72,7103.681333,3386.478182,1,1,4492.45275,2677.594,2601.00975,4484.8326,2240.077583,1,5965.591423,3585.770125,4308.559687,1973.725875,2535.244,2535.362571,3929.526731,1,4735.763679
Coniferyl aldehyde,8716.54,6056.175259,1,7984.297794,6158.533941,4786.317,14861.87938,3518.402727,4907.278333,11676.39883,3860.650688,3911.497375,2835.518769,1,1,2603.030833,3780.807692,3366.552,2874.6575,4499.085846,12528.52945,5917.499545,3935.789,4517.356571,4994.448,6762.839059,2532.50587,5387.452714,4735.7838,7020.9523,6986.590756,9002.813481,7286.270143,5146.916727,6304.534476,6307.147,5159.19375,5150.928682,5779.241613,5956.559974,6676.651923,7930.676309,3847.9224,7726.952957,6502.506727,3885.095769,4849.554286,3992.497714,3995.472545,7892.520833,12868.24891,1,5740.710438,5537.941636,5414.027333,3312.696,3946.547,5862.8916,4232.375,5569.842333,4787.076923,1,2402.02525,3058.404844,1,4730.190824,6195.178653,5847.5025,7294.474267,3725.843333,4771.389429,4007.748,3938.315333,4439.69,5270.055,7197.920071,3383.6,4081.208333,3364.879,1,4639.513214,4739.736857,3005.453,5538.788125,4650.282,4010.894222,4367.658929,3895.656,4296.489143,1,2990.269,3814.668,3053.7055,5230.509833,2389.626643,3957.48925,8388.942838,3702.402381,2957.167333,3151.511375
Crepenynate,15335.56081,14974.0221,14663.16093,8011.092389,7593.60048,6633.592941,7886.73532,9813.440308,6656.352828,9500.482462,12434.98067,10001.6075,9930.190742,15217.16688,12391.25532,8236.865769,7379.316292,11688.588,6595.083978,10723.37849,10147.49618,7562.605348,9644.245826,5956.42087,6991.744913,6634.0197,3665.0432,8020.084364,11627.173,12710.5475,24381.85377,13740.26538,4486.519727,9365.553667,19131.47317,7541.3745,9670.120909,9183.786042,11981.86323,7856.613471,7587.796174,1,6266.405833,10964.3645,9581.753568,13718.93213,5448.1086,12532.89395,8050.66825,8932.475659,6964.919,22283.92354,4778.3904,13278.05221,14467.85654,9170.737412,4926.7515,14352.79248,1,11737.14,3445.6065,8941.799826,1,7409.112115,5799.04785,6120.653,15589.16757,7568.629636,1,5953.365385,5579.478154,1,10757.76,1,4917.8324,5127.551,9029.8215,1,8192.063187,3738.685889,4383.506667,6140.285579,8406.397321,3060.542708,1,4596.4895,5018.214923,6809.867429,1,4753.76,3452.211,10093.35962,7853.726063,9244.276786,1,5865.48,3183.786154,6815.99875,1,8515.952571
Cyclamic acid,550.5372578,759.4566507,1036.634179,1210.712986,3180.202239,2241.686588,2922.042479,1818.935579,2337.64125,3591.396088,1510.8751,4717.736179,105.3176009,115.3050937,195.7345603,188.7474246,3246.672467,1116.637785,4276.793957,2078.196147,2429.967562,239.496687,150.0701487,134.5695422,244017.1998,179726.2289,6267.271505,4919.929937,12660.60714,10053.75,53347.36408,102.8011592,120.6576875,103.6618396,6817.51625,262.1417285,23951.05797,22553.34603,603.1847062,1383.011759,668.75,1058.347991,13426.32805,29911.06576,10334.89032,8257.439938,6237.715524,135667.0425,43996.38862,7304.404608,4088.590231,5743.158158,36019.65269,2450.304889,1731.629834,25870.85325,1824.085357,3918.645908,18301.49393,2914.1775,7747.538906,1756.563694,10124.79282,20777.73276,30912.57644,5461.10125,10069.943,133753.8534,5511.905835,21016.45963,55277.87257,13234.78001,11805.11755,21859.74818,5863.358173,588.0367562,95040.6231,2414.097438,6467.017867,18937.67553,21609.57361,38989.73779,13026.68783,1213.3125,4932.901079,7646.106176,10562.36329,2740.159643,34135.94517,4835.461692,31464.85645,30532.17917,70800.47826,30725.87986,15375.85342,28014.06764,421.8146361,3043.750533,7110.378235,3223.20275
Cysteine-glutathione disulfide,46788.49846,48122.66357,57943.87846,43173.27666,10891.561,7941.178667,1,8897.1555,20215.52858,24234.0525,22856.02154,27746.66308,2629.5642,3438.52565,1889.335,1,10411.2952,17588.416,11504.3585,1,3745.737708,1,1,10799.76404,14139.762,19099.58253,1,225942.818,1,1,1,157128.5776,1,9062.191667,1,1,1,1,1,13238.7856,3971.33975,10982.989,1,1,1,1,1,1,1,6323.33975,6888.971591,34046.63057,1,19080.32188,15734.807,1,9431.576167,1,1,1,1,1,10068.81,10790.30313,1,1,1,1,1,24699.48464,1,1,16017.82533,19388.47675,10042.6605,34218.78363,1,39022.84023,29589.64382,1,1,18054.12288,11938.57533,1,12187.54545,1,10705.79829,1,1,14929.82083,1,1,6481.9575,34064.23854,22393.018,106485.6816,1,40878.17813,1,3443.3285
Cystine-glutathione,46788.49846,48122.66357,57943.87846,43173.27666,10891.561,7941.178667,1,8897.1555,20215.52858,24234.0525,22856.02154,27746.66308,2629.5642,3438.52565,1889.335,1,10411.2952,17588.416,11504.3585,1,3745.737708,1,1,10799.76404,14139.762,19099.58253,1,225942.818,1,1,1,157128.5776,1,9062.191667,1,1,1,1,1,13238.7856,3971.33975,10982.989,1,1,1,1,1,1,1,6323.33975,6888.971591,34046.63057,1,19080.32188,15734.807,1,9431.576167,1,1,1,1,1,10068.81,10790.30313,1,1,1,1,1,24699.48464,1,1,16017.82533,19388.47675,10042.6605,34218.78363,1,39022.84023,29589.64382,1,1,18054.12288,11938.57533,1,12187.54545,1,10705.79829,1,1,14929.82083,1,1,6481.9575,34064.23854,22393.018,106485.6816,1,40878.17813,1,3443.3285
Decanoylcarnitine (Car(10:0)),77317.98733,72931.50167,68710.117,68942.37536,37316.92975,35216.74068,31139.80629,37001.03143,27277.47044,35904.71813,28857.85,29893.7075,79066.96244,70568.04438,78838.50933,71884.98356,229383.1337,258273.3362,286861.1505,222926.8663,100434.4832,60439.14,56790.36514,69104.96044,251203.3911,217035.6151,258575.529,313025.0337,34483.29143,37078.73385,34404.73555,137063.7675,185778.3601,218110.2576,191636.34,21243.27508,105009.7603,92332.36,126284.1582,76041.114,50225.8323,118475.3249,94360.4077,124697.4493,59039.78457,202793.0934,74988.936,1680533.879,189743.4214,79622.1335,79624.815,107462.2524,179676.2595,107970.4213,76046.68029,79088.28621,88176.79275,32511.1635,42855.30068,53409.6775,95714.70115,114487.1879,27549.82587,81149.98155,96910.16509,61185.748,66164.97729,124972.0973,148245.8646,36257.79117,47348.72172,235686.449,39134.9136,65055.196,182963.784,70467.61818,22437.92571,116438.6106,19862.52164,42141.35809,47230.2922,67789.45356,43882.39167,27961.96963,18561.77614,87376.8505,71986.67813,58798.88673,81358.16538,44370.16312,19848.88,82574.817,164598.7058,47739.96686,50499.85478,49984.91881,89250.761,32303.432,68266.79345,47325.39679
Deoxycholic acid,6242.338,4623.846035,6589.139215,5065.74,64853.31666,54024.1326,50600.0405,52464.33076,93070.74,94633.112,97006.7394,99690.8305,18007.59134,17301.11586,20688.71059,18308.97148,542117.631,536703.9205,592936.6441,586385.5678,10776.04576,150634.6374,159446.6758,973.2200127,21334.18617,22430.27687,92334.52313,67214.2835,6506.29005,5255.7336,10322.94815,45535.69354,2984.794003,3876.65,5175.654688,36777.2881,3046.175835,2939.905316,5607.791333,14303.51656,30868.20125,4797.194476,7415.573265,20147.76032,19254.1387,2239.640777,10892.55122,10231.59298,13326.93431,5116.178444,38893.2015,76030.72686,38246.28211,3853.611612,58332.01465,6344.755029,143227.522,25066.037,52517.9655,68566.27085,21587.76044,41279.89478,56416.44289,19331.54408,21330.99162,52342.86734,170800.8041,73940.00347,4059.23039,45786.43038,26354.17649,11721.71933,17083.05555,232151.2045,29392.42271,55811.29028,49734.56969,41273.15122,139838.0253,128755.9748,53106.99979,98975.316,9098.5245,1322.787034,10946.10524,13807.13938,200537.6614,14868.38511,26364.8271,29556.43794,18468.32042,43592.70228,59685.087,9074.852598,24440.15379,85652.23703,40409.03667,99228.295,16899.52889,44581.81489
Deoxycholic acid 3-glucuronide,18638.50593,20310.81055,21971.56245,20783.33083,156122.58,146055.6932,159928.9453,148792.7309,37830.42698,37575.01062,38279.54258,40639.87722,36296.25997,34286.23428,33899.38117,37344.85848,66975.44277,62791.51752,60010.9341,64140.95246,32141.74798,19050.7099,18669.75956,28551.25556,85501.4579,88964.06068,32010.35796,45823.5243,19171.2594,16017.80906,36459.7674,33735.23075,170435.617,175160.5716,253168.4838,14758.40573,18150.57162,178357.3456,58603.104,23847.97893,34222.323,34455.46467,91115.00652,22238.05978,43857.21032,55827.18706,33841.62733,30887.08295,45103.9892,87509.02387,24589.12692,12677.77194,9741.149763,76286.2562,9085.191256,104456.776,61113.16295,6967.061105,62825.79712,37565.55118,126392.3024,340131.6313,7754.732667,14338.86939,123935.1714,147508.1098,88599.50865,10739.01632,142946.4252,63462.875,60159.3868,140029.9226,43350.61345,25410.24809,97459.0812,7302.71295,93439.60736,13254.31049,16675.39665,39246.758,42478.31133,18853.21536,6180.266734,49552.0532,5748.517857,66924.342,48713.27874,10060.90406,27287.62631,6915.60842,28137.22132,55191.10088,32073.79529,155358.1607,56800.34971,82758,78326.04527,10894.53751,13662.32743,15057.99722
Desaminotyrosine,1977.496,1,1,1,1759.5182,2259.864722,2948.05619,1470.761389,1962.704059,1,1,1,1614.062154,1347.38375,1,1,1,2055.735875,1237.893938,1,1,1,1,1,1,1,1,1,1,1593.214714,1,1,1,1,2057.711364,2658.222,4383.072,1,1,2008.832,1424.31075,1,3348.814962,1,1661.137875,1,1918.758,1,1,1,4055.997355,3344.091457,3121.74,2568.113077,1,2831.0888,1987.509571,1582.911,1818.954714,2955.82056,1921.762143,1377.2,3832.159107,3053.991551,3861.22625,2583.039467,2269.598,4914.768,2407.86,2877.876692,2092.015385,5610.3885,2192.262414,1510.56225,1596.519773,1456.407917,1,1791.48225,1926.608143,1763.487429,1,1485.118727,2223.449038,1649.904,1492.9208,2385.91575,1525.164143,571.5605,1839.502154,2915.626929,2942.704029,1849.555556,3026.304441,2813.512933,2049.963417,1887.425545,1978.490813,1368.931714,1963.416923,1853.289286
"D-Galactaro-1,4-lactone",5304985.537,4598463.777,5618501.768,4185486.627,2983085.362,4350748.087,4193938.855,4002691.453,3290621.278,4713605.066,4530498.633,3743701.981,3904567.911,3175828.109,3966078.82,2902657.788,4192175.325,3945755.476,3435025.545,3169011.752,5256043.809,3959896.586,3537728.166,4302345.271,4174088.036,4673494.69,3791158.296,4652004.278,4411179.844,4311865.097,4832637.771,4335129.637,4179223.226,4678578.629,3824993.399,4033779.211,4061956.28,4407838.599,3864422.28,4563792.52,4722446.847,4794712.113,5107745.287,449973.7335,330292.3195,242598.9018,281781.0132,281340.633,388955.1633,412506.2614,278140.3554,550411.2648,463124.933,273529.7147,307464.9788,226739.5298,186024.5418,266790.9535,297882.954,374935.962,276663.3326,311703.8864,324430.863,411225.4629,366834.1659,354779.7992,398517.6124,310394.0427,320952.7663,407041.1325,400501.3114,298955.553,485804.2895,242433.9988,527598.5242,383370.5153,278636.3581,298514.8484,268065.025,349260.1384,273261.6357,411745.4517,351719.9929,271254.3368,281360.4048,415727.0209,2927.183625,356490.7324,463339.5895,295726.1771,267723.2725,352601.3671,420241.2808,163351.2118,310635.4473,269872.5791,204494.6147,340719.884,274214.3702,400603.8422
"D-Galactaro-1,5-lactone",5304985.537,4598463.777,5618501.768,4185486.627,2983085.362,4350748.087,4193938.855,4002691.453,3290621.278,4713605.066,4530498.633,3743701.981,3904567.911,3175828.109,3966078.82,2902657.788,4192175.325,3945755.476,3435025.545,3169011.752,5256043.809,3959896.586,3537728.166,4302345.271,4174088.036,4673494.69,3791158.296,4652004.278,4411179.844,4311865.097,4832637.771,4335129.637,4179223.226,4678578.629,3824993.399,4033779.211,4061956.28,4407838.599,3864422.28,4563792.52,4722446.847,4794712.113,5107745.287,449973.7335,330292.3195,242598.9018,281781.0132,281340.633,388955.1633,412506.2614,278140.3554,550411.2648,463124.933,273529.7147,307464.9788,226739.5298,186024.5418,266790.9535,297882.954,374935.962,276663.3326,311703.8864,324430.863,411225.4629,366834.1659,354779.7992,398517.6124,310394.0427,320952.7663,407041.1325,400501.3114,298955.553,485804.2895,242433.9988,527598.5242,383370.5153,278636.3581,298514.8484,268065.025,349260.1384,273261.6357,411745.4517,351719.9929,271254.3368,281360.4048,415727.0209,2927.183625,356490.7324,463339.5895,295726.1771,267723.2725,352601.3671,420241.2808,163351.2118,310635.4473,269872.5791,204494.6147,340719.884,274214.3702,400603.8422
D-Galactose,724.229507,469.6336321,859.6976652,481.1088128,445.6343447,439.5457365,379.1146947,374.7962671,467.6721079,592.6861252,403.9957055,519.2368545,299.5530198,382.7164281,391.3408514,476.0800717,325.9456184,427.5634244,429.8612304,469.9844082,889.0028418,543.0546027,373.6786051,332.2551291,992.4012097,1046.81401,359.4961494,2086.632215,485.97403,405.107434,1332.943059,264.3532863,1048.568529,1449.119631,614.3303088,396.3065896,521.6661594,381.8627551,774.3414825,662.2799604,443.089194,629.3653332,295.1837898,11654.14756,2858.320778,9818.710493,13191.86925,32571.7245,10339.35143,3848.056872,5451.755238,13527.90417,6376.693167,4405.0354,12499.8666,7197.741048,14342.62029,11284.92172,10232.0009,10001.89709,6810.59518,10153.14171,10301.93696,5444.1322,4765.475859,5796.020938,13764.1258,3561.815337,10662.7034,14529.46266,11689.356,4423.818,13215.59535,11715.99638,13076.87333,8716.5738,9948.000913,33133.4523,37323.84514,9559.866227,15546.42744,9711.143684,8083.347891,9960.584405,10929.19568,8866.634,12518.74504,7314.3495,4658.602444,10254.32356,13281.25795,7217.492283,51171.58578,28694.96072,34806.50165,31830.61274,7482.218,10113.78086,16689.99352,10985.81862
"D-Glucaro-1,4-lactone",5304985.537,4598463.777,5618501.768,4185486.627,2983085.362,4350748.087,4193938.855,4002691.453,3290621.278,4713605.066,4530498.633,3743701.981,3904567.911,3175828.109,3966078.82,2902657.788,4192175.325,3945755.476,3435025.545,3169011.752,5256043.809,3959896.586,3537728.166,4302345.271,4174088.036,4673494.69,3791158.296,4652004.278,4411179.844,4311865.097,4832637.771,4335129.637,4179223.226,4678578.629,3824993.399,4033779.211,4061956.28,4407838.599,3864422.28,4563792.52,4722446.847,4794712.113,5107745.287,449973.7335,330292.3195,242598.9018,281781.0132,281340.633,388955.1633,412506.2614,278140.3554,550411.2648,463124.933,273529.7147,307464.9788,226739.5298,186024.5418,266790.9535,297882.954,374935.962,276663.3326,311703.8864,324430.863,411225.4629,366834.1659,354779.7992,398517.6124,310394.0427,320952.7663,407041.1325,400501.3114,298955.553,485804.2895,242433.9988,527598.5242,383370.5153,278636.3581,298514.8484,268065.025,349260.1384,273261.6357,411745.4517,351719.9929,271254.3368,281360.4048,415727.0209,2927.183625,356490.7324,463339.5895,295726.1771,267723.2725,352601.3671,420241.2808,163351.2118,310635.4473,269872.5791,204494.6147,340719.884,274214.3702,400603.8422
"D-Glucaro-1,5-lactone",5304985.537,4598463.777,5618501.768,4185486.627,2983085.362,4350748.087,4193938.855,4002691.453,3290621.278,4713605.066,4530498.633,3743701.981,3904567.911,3175828.109,3966078.82,2902657.788,4192175.325,3945755.476,3435025.545,3169011.752,5256043.809,3959896.586,3537728.166,4302345.271,4174088.036,4673494.69,3791158.296,4652004.278,4411179.844,4311865.097,4832637.771,4335129.637,4179223.226,4678578.629,3824993.399,4033779.211,4061956.28,4407838.599,3864422.28,4563792.52,4722446.847,4794712.113,5107745.287,449973.7335,330292.3195,242598.9018,281781.0132,281340.633,388955.1633,412506.2614,278140.3554,550411.2648,463124.933,273529.7147,307464.9788,226739.5298,186024.5418,266790.9535,297882.954,374935.962,276663.3326,311703.8864,324430.863,411225.4629,366834.1659,354779.7992,398517.6124,310394.0427,320952.7663,407041.1325,400501.3114,298955.553,485804.2895,242433.9988,527598.5242,383370.5153,278636.3581,298514.8484,268065.025,349260.1384,273261.6357,411745.4517,351719.9929,271254.3368,281360.4048,415727.0209,2927.183625,356490.7324,463339.5895,295726.1771,267723.2725,352601.3671,420241.2808,163351.2118,310635.4473,269872.5791,204494.6147,340719.884,274214.3702,400603.8422
Diethyltoluamide,4284.619595,3593.935227,5260.02675,3653.6925,4460.042309,4333.958364,3491.107071,3660.710857,4618.406173,3365.464625,4323.937233,3815.514,4050.467136,3039.9316,3188.935083,3950.936714,2573.5765,3472.75,2544.933143,2373.67,3700.747579,2875.656857,4483.001667,4780.414294,3337.619409,4042.0213,3379.476571,3831.334583,4386.471429,3726.856154,3571.280583,3408.171,3274.036458,3087.124071,4707.090063,3631.170824,2858.345143,3148.198393,3838.570312,4655.958125,3586.9728,3184.653333,2852.945071,2921.54175,3357.857789,3133.1831,4766.675294,4167.5996,3261.965974,2804.7892,2041.498062,2785.8786,3602.26275,2519.023625,3088.155625,2158.225714,1,1,2634.630553,2409.434176,1,2049.238714,2733.976194,1300.9536,2678.369538,3102.988867,2427.297615,1,2625.173667,2345.3127,2423.389833,2595.447375,2424.852857,3122.13875,1,2150.616,3371.855083,1,1,1,2800.16,1926.0228,1811.914667,3403.99125,2130.078417,2175.652571,2709.933714,2189.882857,2349.751429,1602.83125,2586.601357,1997.601429,1,2576.508,1842.384,1,2849.38675,2069.886,1,1
Dimethylglycine,1,1,1,1,2584.57375,1995.97,3934.082526,1,6287.385,5383.219154,6821.442462,1,8658.329929,1,8159.6484,5818.4547,1,19374.552,27223.1421,1,2172.847611,15241.01955,6221.779636,13376.80248,1,1,1,4689.002,8553.813286,1,13338.38853,5828.000786,1,4425.657429,1,3371.30425,4854.906857,1,1,4136.024571,5650.538222,5918.771429,9665.262,5453.58625,3919.5385,1,1,17827.88653,6403.724423,18227.69545,1,1,1,1,1,1,12300.2064,5084.350833,1,4525.5492,4441.975909,1,1,1,1,1,1,14076.414,26603.98607,1,8248.294,3865.5603,2133.6357,1,1,1,1,1,1,1,1,2835.977,1,1,1,1,1,1,1,1,1,12598.28645,4440.5745,1,1,1,1,1,1,1
Docosahexaenoic acid (DHA),144823.7345,116681.7708,112441.7138,106945.1802,52382.57727,49008.153,43530.5885,41760.11357,62772.39724,61947.086,56229.32247,56314.45473,124109.58,119820.7881,125651.446,120008.5915,74037.60636,73825.10833,75803.195,76972.87525,57493.89089,97918.89311,87383.07806,48212.82257,37902.04424,35116.26583,94197.52659,87128.75084,86396.06464,83740.16683,70201.76794,11444.44671,47315.55724,46437.6741,62113.89538,24212.88138,79930.99472,67161.29324,44126.36475,67224.08293,68166.007,62441.10469,85554.58898,322256.9473,78554.28213,15588.85545,33926.59875,76796.61136,68384.70965,63007.2675,190172.1736,305514.8585,195881.3397,278785.8234,275622.2658,67142.04505,83241.25755,132825.4416,73885.43036,138210.9391,68800.8475,64422.8991,70199.6616,119891.8228,318482.716,79637.8005,51172.89382,62632.69982,107638.2079,63212.86229,66993.89236,47539.2789,15388.64869,20951.36261,71837.02145,89214.895,48801.31009,62509.6461,177112.5401,35858.28705,33178.55417,82721.34062,48833.24975,57095.77745,25887.29733,47594.66775,70819.595,55852.248,69529.09583,27783.0425,29972.48917,103376.0994,139392.104,41982.9305,31856.178,37844.7132,38374.62585,18140.10489,37328.1799,41443.53778
Docosahexaenoic acid (DHA)1,130095.2582,103858.1886,116076.6767,108396.0024,55708.5168,47651.09962,46198.91944,43347.77545,63034.5405,67769.91657,47699.96997,31972.38207,138830.6511,96746.82924,149684.544,114286.8223,87788.52727,79490.60239,93010.0681,94182.43888,68336.1954,128697.6972,94988.81031,56457.72387,48869.16114,48746.29185,110745.9747,121136.8433,84962.02906,120822.3781,90712.78213,14005.24152,48331.421,38014.01871,70114.38469,26493.8477,89077.3324,92428.73018,63587.59887,88598.35891,111420.2475,83243.37935,115288.3357,408571.7564,82472.20088,14448.96713,42885.47917,99406.3975,68866.16028,64436.84372,249892.0691,357033.8956,218921.7943,348208.6247,328078.119,215896.2943,202357.0024,193956.8004,111647.8791,238941.2957,200122.0603,163570.7771,128886.9403,198064.2696,510981.9263,138403.1369,110597.168,139795.9657,201185.3776,113655.5613,123761.2144,109141.0183,28240.4624,65547.36398,158210.7205,183584.4187,96181.33724,115818.4112,384911.76,109127.8644,81297.98256,211734.9459,131606.3843,148004.4094,61398.939,100367.7288,204071.4858,141172.9676,179879.2251,83087.82526,75658.6621,234807.5006,293386.8029,111607.7295,106172.1004,105806.6462,104566.5072,50225.68757,104159.252,108161.6951
Docosapentaenoic acid (DPA),11230.29603,8962.210031,8515.460016,15345.03995,8417.96085,6528.6294,6601.3157,6021.131864,6214.655844,13596.67923,7103.67992,11501.48281,26509.5467,20636.68045,29654.912,15938.40006,41094.716,35392.50006,29292.3756,36536.18786,20912.3061,41577.61761,22033.29519,5631.910329,15554.82355,13148.73318,44413.60795,44096.27805,45597.14077,56321.77432,20340.30557,1024.573574,8145.333542,9752.095417,13562.56193,1537.041232,52036.09426,15890.04569,11611.72783,15891.72764,16560.38148,51142.04717,53416.6255,189102.8469,32937.765,3206.202125,8745.748667,25774.20889,28989.43251,9310.454245,68943.09024,130651.1636,62185.35643,107877.4536,111198.026,50522.89132,50094.13314,54609.14192,19376.08359,68763.67064,54204.2135,46479.03896,26081.661,112631.4121,252280.17,42371.70682,43398.40267,31787.57867,106321.0182,45584.14632,29362.72393,24882.3838,3364.934375,12709.28925,43223.0448,56228.28774,37220.9082,33343.875,268175.0611,28384.29033,10277.41023,89838.69519,58375.79615,33486.08705,16938.36282,60678.57964,48893.14976,45828.01737,79916.07975,15333.7128,9396.637545,109639.3615,141513.1879,10734.4185,12224.69456,28663.80018,20530.67333,8043.442696,20063.93226,18125.125
Dodecanedioic acid,3848.488658,3451.398429,3808.180327,4019.339483,2977.161333,3329.237925,2703.73325,3074.719444,3039.816786,3617.799077,3864.865609,6490.003467,3196.067176,3267.405574,3535.172495,2519.563789,3672.0075,4551.751,5767.829786,4551.222375,5747.484031,4145.953484,4495.653202,2103.66,2555.950654,2172.871091,3425.83824,4520.627182,7309.79725,6532.7966,1864.015017,3030.291,1999.376631,2666.186264,9012.977964,4247.286968,4684.159091,7110.912346,5516.647147,8241.547742,4389.981391,6189.334556,1753.484512,9711.103447,2516.527545,1,3112.5437,7942.867226,10037.12939,4183.876818,5082.095357,8802.671065,31851.99075,6227.741389,6485.666545,4832.308875,4202.166316,2922.132,3780.490385,4642.985276,5055.987176,4281.47425,5255.537857,5246.513562,11144.244,5433.74376,5907.052364,782.4706596,3221.405133,3834.978347,14736.45422,3995.622348,4880.995519,2426.244167,5218.261333,4444.280921,10187.42467,3389.277,4524.739125,4821.007844,4648.18347,8731.842,4884.920757,3107.437833,3646.024158,3187.9615,3575.386286,2627.019,5085.853889,2974.713333,3901.323579,4040.79765,6337.496667,4253.077444,758.8343856,4580.389037,4007.604288,5960.579375,3220.332938,6812.848017
Dodecanoic acid,31641.31459,25537.35306,32727.12083,27610.1265,41243.25641,29137.77952,23490.55516,35853.25143,29788.8293,40199.08667,33712.37313,35846.40703,55371.62704,38118.12274,67640.15857,47882.9423,37808.16964,40611.58674,37825.27023,45903.53565,47860.09416,31597.94517,33452.57798,30994.51068,32777.45391,30073.18223,31292.90988,27262.49215,41990.508,46152.23421,54047.23552,37965.36806,42500.43501,36121.42848,70000.87389,26132.41931,48255.4765,73540.16201,37157.9231,33219.30763,48378.74114,41601.90323,44016.15596,57617.29736,35245.9274,22852.46642,36692.012,61939.12605,28274.18107,26115.85183,31497.62334,50023.67014,173291.3937,37570.80667,44932.81622,27527.12921,27171.71086,31414.6503,25375.18765,29376.93315,50040.39514,38219.47318,19031.86616,30825.16473,72742.9927,24655.818,28982.46931,26717.81667,18925.17136,18233.40239,23579.633,14913.23333,23204.90782,16346.10513,19044.08274,23582.69592,29087.14958,40014.52039,62952.83968,22257.76733,21126.43095,82352.66671,49777.93765,27180.30236,20446.45179,22053.39059,25766.71991,21527.38877,28878.6521,14687.9512,29950.64958,28821.61051,27239.59929,21330.35422,21111.54429,27190.42273,23188.74269,16748.77305,19002.03663,17750.6342
D-Ornithine,1,1,1,1,919.6286,1,1,1,1580.085,1351.485,1444.905,1555.542286,1,1,1046.61125,1,1,1,1,1,1,1,1,1077.2874,1,1,1,663.945625,1,1,1,3653.492062,1,1348.198857,1,1573.03575,1,1,1,1,2205.48275,1,1,1,1,1,1,1,3790.237455,2903.113333,1134.24,1676.102278,1,1129.0185,1768.791,2079.2764,3277.254444,3052.4832,1919.79025,3049.031444,808.7827857,3260.5524,2261.339444,2452.332167,959.975,1190.403714,1796.73975,2782.169333,1,2613.533045,3448.1915,2989.419231,2408.4557,1933.467938,2380.29625,1989.667,3445.4008,3463.516,3766.523056,1979.109188,3879.263318,1213.809375,1,1187.5495,3115.737455,2418.0084,1432.883857,1198.8695,3229.405609,1856.379,2446.0911,3222.3334,2878.9725,2192.833778,3798.534227,4719.754125,1,4196.876864,3859.575417,2022.03605
EDTA,1,845.7415,1024.1112,831.2328,1,1,1,1,1,1,1,1,1,1,1,1,1,1,1,1,1,1,1,1,2360.7595,2524.496,10361.99294,201418.6187,5296.18,2607.809722,1,1,1,1,1,1,1,1700.066167,1,1,25890.07963,1,1296.102,19687492.82,21524713.05,21571065.84,22441374.09,19920926.85,25075601.81,19252910.68,21947398.04,27579491.92,23217019.24,24064847.06,26068559,27034377.82,24654684.29,20943484.01,24461039.36,28762265.6,19427754.71,20291311.48,25015428.18,23880617.18,19529535.59,22833820.81,26263599.49,16329790.43,20264710.45,21288480.91,20723042.66,18950245.11,22060510.18,21067944.99,18378772.32,21864793.06,22519674.63,22231317.07,25791462.23,27215856.21,25388825.25,21655964.64,21498528.35,24375952.09,23757033.27,21124451.43,21248630.57,19120237.24,19338315.57,19804399.49,23802401.42,22321707.39,30837774.66,21251500.83,21117170.69,25082127.09,22056210.72,23851987.93,19611842.36,21474149.18
EDTA1,1910.61,1819.568695,2052.640106,2805.140667,601.9032878,571.2918313,511.507386,461.3285244,431.1919546,534.7107303,457.7563238,478.6988814,184.904114,248.524752,301.4977846,366.3014945,6428.858333,7304.268889,5907.338,7425.39,267.8472535,535.3678179,520.0726114,999.6974844,11081.983,11273.59536,24161.817,5645.611394,20120.53556,20000.78167,1317.94,1094.027712,3698.728222,3907.0255,7053.025333,473.3178884,810.7738183,10380.9349,527.823691,259.9647256,506.1971297,2383.522456,4902.144,22144197.46,23599288.25,23034461.15,25740996.9,21746628.14,27761396.59,21878519.54,25578414.87,30245693.59,25165839.65,21764722.55,27792497.65,29089324.41,30268368.67,24706363.82,25966906.43,27616161.85,23608671.37,25160088.46,30566386.36,28259187.6,24667607.07,26664920.22,30594852.14,19892117.42,25790566.07,26679887.12,22595096.57,20731353.23,16207354.47,17231663.29,23937530.68,26372967.41,26158771.48,22631700.96,30979037.51,30079230.34,29857551.76,18570160.84,17942415.87,28449784.77,26686197.61,24909650.94,25641192.98,23290472.86,23241151.92,25041181.47,26417512.32,27328814.47,30901975.26,26235367.94,26426505.35,29810089.33,26267651.54,27961986.79,25908939.95,26512383
Ergothioneine,28840.0766,33602.28267,35642.53056,32519.41672,19111.76433,20665.922,15629.74689,16539.63422,7608.5196,7650.755,7024.482,5603.598,3926.6086,3514.3884,3245.225333,3417.846889,15445.57839,13520.40369,10889.47694,15352.47431,3618.4725,6398.948444,5486.181182,2566.22175,26909.4815,17019.69738,8574.143458,6014.9145,11868.29406,15249.78278,20327.944,1,1,5133.1392,1,9400.210444,6005.904222,1,10478.81956,3503.3393,11497.85035,1,5008.986,1,1,1,1,1,1,7973.8263,1,1,13119.894,1,22305.8444,1,1,11923.3826,26295.489,25414.308,1,1,1,1,1,1,1,1,15034.24957,6559.4416,1,7335.869,1,1,6154.0116,1,1,7529.1473,10624.932,10647.02427,7740.759,1,10984.08055,12515.8595,1,1,1,1,1,7887.143111,1,5746.9042,10598.0076,11899.92375,6969.72,12116.458,1,14064.5505,1,9450.03125
erythro-3-Hydroxy-Ls-aspartate,5288.560605,5375.885833,9171.590634,5406.030474,2460.373781,3975.041333,4595.656643,1,9161.946,10722.12167,8302.250429,11322.73576,7567.670727,8209.42775,9823.431167,8065.846174,1,1,1,6742.245,9134.736625,7469.146556,10122.1774,9014.5324,7011.291667,6370.353,1,9000.855333,16429.63398,5092.703769,15696.28674,3869.160685,1,4519.138826,1,1,6867.55125,9521.181259,5722.948292,6000.691038,9847.615826,11001.07491,8056.105411,18166.58832,5688.992841,8369.52672,4269.09525,7508.093132,7752.3116,14160.45489,3353.660119,15208.88122,6905.320889,5582.935217,1,4658.840167,6744.32276,4570.8642,2710.433017,4928.9787,6038.854185,2710.951071,4159.350667,3310.401811,4629.764706,1,1008.71785,3765.364159,8729.84796,1969.438462,5717.054368,1,1,3018.928423,4512.798,2925.087786,3550.59375,2463.706559,3841.637625,2883.783462,1,3965.4285,2290.738077,1831.954688,1803.338,1,4355.172286,2346.358286,1093.456618,3353.748211,2079.821045,7167.802857,1741.961412,1,2671.993731,1,1,1392.668667,2334.527708,2929.100462
Estrone 3-sulfate,15661.1385,18968.1315,21266.40115,19181.4744,2674.290977,2666.210625,2116.281675,2685.511778,28409.58225,26586.81805,25868.79358,25250.28491,288.2615243,576.4518789,588.9401674,563.8094017,1936.094118,1723.6556,1519.147389,1558.582667,30901.35386,40506.57092,31681.01483,260.7114753,7374.072214,6679.10555,7857.639,6949.524,16460.75038,16887.58773,19909.96133,730.2490419,18716.12827,19426.1965,74816.41356,1735.038278,106.0576246,21045.53,3998.7432,56297.76081,1712.8151,59798.77615,6372.317682,658.5521398,1155.460308,19069.48223,10523.7466,6175.907045,1285.529727,880.4997799,1252.454585,13855.10378,2831.2565,2988.038111,1462.261106,2560.020269,2265.568227,417.6968304,2055.510844,2213.125618,1636.106357,1755.55292,1395.664839,1261.978421,1495.181289,553.679567,795.3882266,1326.103682,2928.944071,1711.638203,1331.431369,876.7794291,1123.298603,2054.227,2187.997417,1444.4816,1984.420567,1689.512,1234.309517,1679.303179,1554.732667,3701.829,1367.674607,1407.778274,637.1471521,1605.398113,682.5887882,1030.4213,1249.350667,1503.914824,918.6123625,620.6150068,1148.191577,1560.47358,954.2860107,1275.990149,1185.050588,1521.0232,1005.101696,897.6716299
Ferulate,2343.3984,1400.594857,2413.181333,2285.813786,2316.6896,2419.6304,2978.6211,2497.566964,2615.277231,2027.572167,2816.564125,2151.87264,1,2166.645833,2104.619,1836.35275,2115.428,2261.852679,2137.344,1778.767071,2819.859375,1691.548,937.9714286,2460.145208,1,1780.189333,1423.798316,2446.572,1,1414.048438,1978.2162,2115.65536,1449.084583,1,2262.15225,1650.024733,1,1339.772,1,1,1713.999389,1,2023.185643,1,1,1,1,1135.99,1,1765.911,1,1203.732417,1,1405.6962,1514.902594,1,1,1,1479.06,1,1,843.2556,1,1,1,1,1,1,1,1,1,1,1,1,1,1,1,1,1,1,1,1,1,1,1,1,1,1,1,1,1,1,1,1,1,1,1,1,1,1
Galactose,724.229507,469.6336321,859.6976652,481.1088128,445.6343447,439.5457365,379.1146947,374.7962671,467.6721079,592.6861252,403.9957055,519.2368545,299.5530198,382.7164281,391.3408514,476.0800717,325.9456184,427.5634244,429.8612304,469.9844082,889.0028418,543.0546027,373.6786051,332.2551291,992.4012097,1046.81401,359.4961494,2086.632215,485.97403,405.107434,1332.943059,264.3532863,1048.568529,1449.119631,614.3303088,396.3065896,521.6661594,381.8627551,774.3414825,662.2799604,443.089194,629.3653332,295.1837898,11654.14756,2858.320778,9818.710493,13191.86925,32571.7245,10339.35143,3848.056872,5451.755238,13527.90417,6376.693167,4405.0354,12499.8666,7197.741048,14342.62029,11284.92172,10232.0009,10001.89709,6810.59518,10153.14171,10301.93696,5444.1322,4765.475859,5796.020938,13764.1258,3561.815337,10662.7034,14529.46266,11689.356,4423.818,13215.59535,11715.99638,13076.87333,8716.5738,9948.000913,33133.4523,37323.84514,9559.866227,15546.42744,9711.143684,8083.347891,9960.584405,10929.19568,8866.634,12518.74504,7314.3495,4658.602444,10254.32356,13281.25795,7217.492283,51171.58578,28694.96072,34806.50165,31830.61274,7482.218,10113.78086,16689.99352,10985.81862
gamma-CEHC (gamma-Carboxyethyl hydrochroman),6055.154429,7368.21075,8167.557265,7271.75418,9241.095938,7493.268,7297.452679,10306.47576,12373.113,12436.16594,13531.10781,11133.39586,2755.193048,2304.269785,3083.421284,3087.826501,5005.214842,5476.266192,4785.511401,6109.012825,2159.973491,7468.676636,6235.858626,1763.565763,5286.555313,4931.587286,5562.94956,6828.397661,5385.855682,2382,2524.752273,9092.20204,1129.7175,2206.1273,3657.748769,5345.197167,2825.523925,5490.138223,7893.210252,4363.714162,2195.7017,2085.545961,2230.980072,2189.088342,3961.747418,9214.506769,2610.555,4865.532336,5679.643925,1534.255518,4723.814727,3306.116639,3089.43925,1560.4355,4289.449446,2473.956184,10868.47694,9251.75581,1818.938438,12218.512,1870.682325,1905.475199,14295.14756,3847.927125,5278.891909,3229.639995,12622.31671,6035.793796,1511.552948,8281.953858,3385.783527,1617.517119,8420.523429,2587.379167,1848.530003,3056.429318,9630.823,5812.391813,14201.88,16876.04406,2293.367303,4431.509333,3552.370105,6134.420607,14603.32326,4421.973889,4141.063688,6739.227845,2832.32695,8277.255,3774.103112,1673.289,2496.757136,9305.965667,3532.930221,12615.5282,4102.150625,14160.201,4805.724,25678.10968
gamma-Glutamylglutamine,17229.91989,21229.1736,20704.59,21295.90892,31848.56125,40483.9045,33086.4,27373.39631,67671.56121,67419.44464,59094.87654,63667.78461,19641.35186,20809.23614,20564.005,19917.7713,37027.47639,47997.67629,49270.9945,31783.50971,8199.036,62658.2425,62160.20947,23127.33036,40293.63071,34223.3598,66996.89167,1,6126.392,6069.270167,42045.90964,97787.824,64448.19911,67884.861,7081.4976,17249.44935,24276.2195,8619.105833,4038.427,30730.12775,23655.91262,16671.85958,20456.07409,12695.8952,6958.9704,5574.229909,6943.86,1,45531.15943,22827.3297,12479.61,24710.448,1,14067.0684,16251.524,10975.2237,16929.42708,19877.2015,6687.5484,22825.8661,1,7335.3636,9105.260182,13956.6327,8494.5861,11009.7357,19274.44275,1,6363.5517,18767.7763,12490.51133,12741.8966,17062.316,18695.74958,16710.2685,29468.405,1,15825.0416,13905.7752,1,9662.7488,16922.02167,10974.2688,1,24280.47917,11766.9696,13102.688,14334.10175,5592.0769,16767.59917,10367.2816,1,5406.316,16608.5568,13741.57225,40791.77758,1,31295.3035,1,1
gamma-Linolenic acid,145416.2873,102379.9193,100721.3242,88050.88017,77049.1016,60517.77478,60452.99209,61493.40227,170007.1725,183982.85,174909.6421,158683.5288,421655.6638,436804.7587,421321.5439,447515.0674,320364.6729,300837.2947,317717.019,309554.1723,290510.4625,130821.3248,112749.4073,80884.7279,182102.7931,173453.029,140977.9666,78078.81956,473858.2702,485553.8652,254257.3,48943.47826,38793.31086,32906.83339,185897.1239,32465.57693,288311.0548,222641.265,143571.2016,213975.8483,97614.05618,223057.2938,261477.1467,627612.7931,221281.1658,58769.28,86353.9644,209981.6604,140822.4322,99164.17516,293407.1284,305357.9822,651455.448,646682.1705,481673.4508,249388.1962,226990.0705,370405.2378,131800.0152,545652.174,320705.784,139004.8552,137810.0051,358279.9666,258452.2112,133148.875,398036.9589,211762.9109,242860.0499,335260.565,179602.2985,117035.6096,67515.76714,77076.4005,196082.1939,301217.9494,247052.0721,352593.483,553274.644,130613.5369,133122.522,377336.8192,221637.4957,285247.1469,50882.28857,220738.1469,172700.9399,174042.2101,234398.7521,72828.00646,72009.8043,381550.6515,238405.7167,257128.606,100108.1252,84933.25425,144931.4994,58606.30618,97763.88753,213061.6718
gamma-Linolenic acid1,80964.3933,55007.63257,69180.565,62063.21712,35751.46811,36694.02171,32508.3965,33841.59168,118559.8418,118065.1392,110459.5411,98003.94528,322404.2671,293485.9113,317891.4914,281816.1531,227209.8294,247598.1303,249648.4245,255698.5407,218555.8854,104063.7606,78234.04643,48005.52593,144217.103,150634.067,113431.2579,64113.2784,395278.8927,362155.5261,219328.4174,33741.891,27035.87772,21966.32782,140180.8196,23235.69797,255848.011,183833.9261,121618.9141,172522.0136,79434.91806,196416.6818,231982.8496,577621.4123,188279.8337,40416.39797,63424.47284,178724.0581,130369.64,81859.58375,240720.6411,236235.826,444074.0265,486546.0948,334181.025,241603.8055,215164.8164,263380.39,86546.69623,426109.7006,300702.7975,125942.9561,126342.3163,300928.9333,255259.2541,112915.6409,438134.728,186859.8151,193108.3485,254170.5963,133667.7071,111540.7826,58158.957,67600.83781,195284.7893,249575.2515,247296.5227,339596.9317,701877.9437,130311.1321,117745.9605,375900.4141,224781.8772,276479.0427,71383.57104,233084.8681,171730.3125,176006.8473,212774.4908,73234.96889,98032.86184,362207.4696,256319.665,227620.9875,108755.145,152894.0213,134875.2072,63392.73164,98872.83283,156141.63
Gluconic acid,1416721.264,1374953.789,1529944.503,1470181.948,34010.99718,38306.37432,33835.62488,37790.961,36284.82398,26483.77184,31254.43219,33324.79755,873656.7,755163.8461,847620.0276,782811.458,231842.801,226432.6583,239888.8076,240168.2526,29607.87487,110485.8239,108782.5367,29421.76255,241802.1353,224451.9286,2360533.967,3188235.88,23399.32,20829.81235,34104.30995,52335.096,339909.5099,352471.2793,40530.46053,43977.33667,80568.39148,38534.1402,41719.21696,51467.96935,40744.38309,695713.2612,3413226.494,57442.45818,17975.152,239246.8543,41950.27067,1044064.596,68194.62409,69463.99505,22470.196,12986.04328,94064.02942,21955.2355,25286.282,18606,20848.88261,23607.30567,22341.2646,27970.8024,34511.596,29122.9716,25997.499,33888.87436,59811.31275,24419.74365,24083.71444,164588.004,15605.02917,15924.47494,34409.05909,103045.9471,21926.02267,43824.84409,43948.27273,17441.7625,27112.147,43530.366,27974.94255,16147.44444,32807.304,21063.41533,33037.77555,21357.1776,23508.9855,43620.88782,20416.948,27667.60733,70855.625,20632.92706,18578.6685,23207.9936,43580.57154,25680.0475,52314.11864,11432.24133,22359.26435,16590.866,30206.33714,21420.33389
Glucose,31326.44516,38012.78274,33653.17335,35280.41777,25978.87152,24604.06929,26898.91771,25597.77216,33035.82663,35395.4601,34010.79506,35017.49492,63553.87479,64946.93085,61121.90413,61782.72094,140845.0106,150255.208,132857.7002,145685.6795,16554.27879,28481.74138,29900.62945,23652.60359,93949.5748,96694.21985,107393.0407,132808.9063,44182.96081,45032.66366,43091.76024,25098.57556,55526.55935,65646.357,18444.825,29803.49064,28435.93316,25575.97224,31224.59087,36500.70605,23927.49569,51591.71657,51696.36347,31589.8045,7947.049494,31051.69859,36891.28288,76593.22162,25280.60216,12188.37404,4494.343152,10783.14688,45597.17322,9703.407923,12879.74287,14898.41857,11773.52133,12993.90429,5510.913286,18096.0868,12980.81577,21990.34117,19310.2096,17608.91022,19769.68667,12365.681,23450.7647,28926.4875,15120.2,6566.241813,22762.10328,25928.63231,15388.9996,20472.3384,20640.3288,11477.70275,18354.5433,7725.424306,6060.287409,12407.78693,22181.876,7172.252875,19737.27213,10056.04542,8161.421088,19667.67109,11278.119,9535.351766,28154.11777,6059.030001,9388.831833,10550.3925,23864.22917,768.8632509,24196.34442,1,10992.70338,5655.338879,9407.855222,14404.91656
Glutaconic acid,177073.2329,179170.5725,188113.5073,175589.872,110281.2247,126455.5292,122260.8128,150435.5518,163131.6693,108293.0758,107508.1289,134003.9466,141886.0612,159857.1236,162761.3055,160002.8101,154204.615,134419.5543,151815.6118,154414.4516,137824.591,173555.6786,167390.0102,174277.0106,176597.8926,166804.4836,160594.5045,156399.1666,108611.8248,162584.1568,123164.6001,130441.2909,169643.8102,181117.7228,152047.6903,136439.6189,180113.0154,195998.2382,173432.021,189106.8998,143722.8528,187496.0477,180437.1896,20689.3648,13189.35813,15378.27829,11159.65309,17519.39446,13159.13375,19342.66869,12433.05833,21145.4005,21213.39444,11508.31942,13785.50149,10665.96629,10063.12472,12448.44018,11688.8785,15497.76,10199.10924,12050.03705,14409.78501,14948.17994,14673.834,12338.57662,14794.0485,15531.68642,14297.6711,13786.75398,11727.09453,12677.67088,18769.86233,15342.29505,24948.96895,17302.11221,12175.69467,13407.3404,12854.00441,14819.39144,12775.93981,16541.96593,11631.07424,10060.80575,12990.01442,15940.97719,11085.06369,14347.6583,15942.46226,12427.62425,11208.11541,17705.24733,19855.17872,15160.90921,14777.15542,11119.35525,13598.88057,14649.42468,11720.63401,13327.23753
Glutamate,19383.939,16761.70569,18843.633,15603.523,9966.84,7296.879167,10442.24186,7831.477143,15444.47771,13805.4489,13909.98507,13484.57715,14871.25993,14633.752,12858.8125,14986.12225,15994.2903,16830.486,16624.14967,15608.21429,4383.921667,7099.4875,6563.051333,23407.19175,14703.65486,10955.99171,23973.58969,69769.28187,4064.4164,3795.828,20976.64513,14555.29233,6068.69025,7392.254438,3548.0244,8642.125,7256.51375,3594.6449,36860.96769,6910.985714,17975.91778,2835.030917,15061.77514,28305.08994,25478.16663,22132.59844,9441.608,9530.6544,40530.65688,32203.46733,10699.40588,17864.73,34440.32429,19789.2,15841.35,20414.39029,16020.93,28377.31993,20760.92325,32166.98425,20881.73588,27817.65095,16385.09086,22320.97233,26048.14178,35957.57967,28676.9595,18903.18483,20621.76071,18788.959,24745.62794,22860.05258,17917.75319,23715.2535,15946.57979,12461.78325,35806.73975,30087.504,28619.20389,24521.03086,32156.92693,11215.736,27615.10845,33922.3605,17268.726,24137.19486,17038.466,26271.74917,25182.35878,23082.02861,18844.97738,22618.056,79399.9832,27601.511,41130.05511,28819.503,25055.73278,10007.86933,43068.6378,14474.228
Glutamine,107506.5888,94438.04107,104668.7519,108554.7066,107654.8484,96941.54773,107024.7937,88303.54179,144538.7985,152380.8981,138825.285,133088.8769,161525.149,150041.3079,140321.0827,135069.1813,90188.84638,86301.74655,87645.86875,92452.60133,81039.87161,147204.7122,159017.0743,101719.7885,82353.85824,82003.59457,89877.64756,87013.47417,80212.80567,75707.26625,84514.02831,109632.8493,67778.90236,76647.087,47504.16533,113551.5737,127441.0258,50497.47711,80726.06404,105131.4559,77520.01662,80408.6451,94642.67989,144773.1142,120924.961,107582.3653,79396.39567,40565.95875,275052.96,168382.412,87453.933,67202.07203,182912.6291,110527.1225,97030.67336,118188.3781,120232.2165,126891.5329,96517.6135,137300.807,77086.69125,115274.6247,113482.4777,142845.0614,121939.8302,108035.6428,131236.2501,116173.668,117118.6838,69256.59022,154569.9665,103591.4711,115706.256,131277.3068,141980.5798,118751.4412,121655.7855,113606.6015,95053.3625,78885.67639,147138.8635,119844.1955,126477.136,122899.9015,123593.3526,165333.0993,91133.67496,113339.5391,161242.957,107257.2656,122832.075,116947.9646,110582.6588,83623.15,96799.53028,101015.9451,123310.8593,121747.2221,100508.9778,99988.04063
Glycerophosphocholine,39849.83207,52708.926,46098.8505,41063.919,11410.6112,9748.552,10716.0695,9791.4999,11960.62667,10149.272,9167.7282,9623.2856,8032.91575,9899.469,7994.346,10854.815,6127.6684,7230.722,8270.1885,10384.5969,10698.6308,1,4930.102,9899.316429,6141.0676,4992.679,40003.8615,49959.553,5319.4944,1,9714.859,8756.370312,4280.7195,3759.7716,3296.4501,10699.7018,8775.6851,1,9046.1715,5849.6494,8453.2602,7018.100833,19973.18929,66386.47125,22642.88417,35946.856,28468.23886,27996.38883,55570.66436,54703.41725,25860.76367,49408.17557,41226.59475,31626.38233,55011.92281,32143.33375,31792.94293,85183.06106,64083.96,89591.643,26285.97933,44710.10786,71777.65975,77449.58464,49558.58113,41485.07875,107121.5835,22224.93567,32799.67071,59284.14275,123682.2221,25237.00667,53125.65875,51635.25157,33055.83,45135.83988,170909.8806,374694.0301,370538.8296,58432.56761,106894.9198,87562.20469,74179.593,51883.26978,74230.19269,89410.77713,88459.17911,76593.22756,63353.43171,80506.47375,62962.776,50851.10464,634499.7345,131630.8451,433363.9732,214926.4965,36598.217,56535.232,75109.58044,73250.834
Glyco-beta-muricholic acid,5709.86398,6887.928583,6849.99182,5211.538701,464482.6538,499229.6921,480880.3607,484772.9273,57798.64019,56731.12694,52199.13644,53407.383,58473.54284,50493.42205,52724.04261,54919.70517,22430.1975,28857.92185,26090.09423,24363.78348,2219.874007,388198.2249,364817.914,6759.907935,15075.25032,11742.55951,190406.2648,249717.5735,26825.5273,29718.98068,6795.245893,27152.18152,385254.0862,410841.9034,84919.281,172715.4558,14198.68287,66517.19833,167448.0747,5645.910837,177491.0164,3049.385729,5470.680316,50896.9715,65011.3739,357002.84,47536.26204,231103.1388,62253.40974,6852.725886,105084.2001,94016.42518,529307.8867,61794.27975,33581.09592,14716.84355,41916.91609,106530.6288,52780.62472,156232.5887,102189.75,20869.56069,118205.185,79284.91124,28147.56192,121326.523,257669.4945,19304.49857,63345.91617,157756.0427,41744.942,8058.257619,148965.396,27194.84623,26915.48792,238869.1897,111607.7655,81008.02385,421617.9554,94200.89354,95712.638,23978.0763,19000.98793,26607.37358,216183.028,313987.6955,108171.3869,15326.82158,62752.8479,287677.1024,24113.93669,163741.6029,131289.8173,67472.13279,18636.77446,88078.112,31366.26013,77374.55264,60259.85863,592733.8133
Glycochenodeoxycholate 7-sulfate,41717.70188,36368.37354,35715.90443,37144.72125,85775.49037,78764.12922,73182.51144,72563.18354,44287.46446,41902.94509,41751.20169,36145.37358,13014.2222,11741.16507,12803.33458,12415.01586,30462.84192,28091.27473,32812.14537,35907.17625,20163.516,72327.85371,66162.31592,14888.66252,6574.528614,5108.075392,19736.61908,31929.74743,26522.0298,29541.12906,64152.144,7666.032818,24744.9388,28248.51629,38574.18675,10180.21456,5940.564741,20063.93896,94059.15893,12739.66278,56198.8733,14158.45524,38940.736,24337.65196,20951.59181,143287.0323,23416.62436,7185.599826,19902.7437,10410.50332,21800.07256,26946.4206,5497.592188,73610.46354,10006.83727,19412.32004,43279.97744,37792.64933,10074.82002,19283.2452,12713.84048,10480.33043,14285.84488,9635.068385,14545.92232,24734.58546,1,7422.5693,28625.06304,14484.31733,1,14981.38898,10554.5832,44880.5015,24811.89927,7745.288571,1,11973.35663,21229.0342,16018.86678,33648.75433,17728.78644,5424.181318,9561.070857,11762.7802,21222.94321,45642.24458,12640.316,7557.4554,1,16980.89475,11688.12436,25360.00201,6307.5355,16000.39606,14195.9035,7239.327,12054.21192,22876.97126,24725.32924
Glycochenodeoxycholate 7-sulfate1,236411.7367,230717.1383,258122.007,204260.8582,3608586.096,3968744.296,3489827.507,3510258.763,587284.4285,542816.12,528757.0125,504876.1944,452424.2673,409729.9641,446981.3048,428469.1706,521724.0324,530443.9164,546891.7833,540638.6252,206205.0477,891614.9008,916572.2569,137219.6873,492160.363,466292.0408,602773.504,1320376.34,595915.0134,594170.0217,1493218.856,2466693.205,500138.816,476500.1057,1163551.681,739890.576,180558.1533,640922.1487,7784677.298,55422.38779,1564276.435,141754.5596,249795.0316,579009.1394,613143.5635,11059680.92,983931.5571,400320.648,687918.2971,559711.8689,257686.7047,146290.2405,177437.3388,3936389.787,125900.2675,484907.3898,364157.7036,106202.6226,165282.6157,141433.383,507544.0057,216994.474,141055.3721,73318.53576,215506.9047,579146.1766,701697.521,94662.59476,298693.1704,195169.8941,183673.3754,494894.513,184548.7948,131371.2518,1131379.151,68603.26,230147.9118,292500.3466,372155.4954,437414.8112,611574.5587,208553.368,161119.7484,113572.7888,119636.2675,425441.407,183913.5244,73429.97494,327259.313,48046.41876,439385.4788,859804.1925,602782.8745,71773.34193,208864.5152,444927.8039,164102.0615,264647.7167,213020.8489,218716.547
Glycochenodeoxycholic acid,1,1,1,1,18914.83518,10498.33538,16550.52778,18122.84337,1,3481.075357,1,4133.3715,1,1,1,1,7553.548187,8633.656,6973.80825,6053.718,1,4917.93275,7288.576,1,734.3885385,1,2988.574188,1938.846,1,1,1,2368.807333,8253.720781,10517.39093,2647.3498,6653.513882,1,2620.465714,5638.30625,1,10063.8846,1,1,2311.902,1292.067321,9226.945167,1,3156.600962,1,1,9133.2,8394.782,20513.8115,6769.765333,4405.368,1,1,5668.12,6168.025139,8931.209464,9633.863,11790.0436,19065.53415,7908.127385,7524.889667,24642.84205,38753.897,4643.5655,5463.401143,38941.11338,5904.6354,1,24798.56832,13160.90681,1,20794.86108,26582.60271,12872.4981,23055.62244,15926.43135,19581.14,1,3404.89,1,8325.778154,27203.847,21264.02306,3175.103063,25163.039,23554.51033,1,16947.52228,58811.36453,6484.073125,5786.479077,21570.81833,1,18591.16278,9671.263846,48564.59857
Glycocholic acid,1,1,1,1,14411.34406,13486.7865,13073.23063,16917.26631,1,1,1,1,1,1,1,1,1,1,1,1,1,23296.302,21529.914,1,1,1,37253.01011,36913.15167,954.3655,1,1,1374.7401,40030.10617,64904.2335,4907.214,3933.061714,1,8594.2415,11283.2865,1,7091.381563,1,1,4441.172167,1,31115.40046,1,11855.06743,5123.45825,1,10532.835,7351.475625,46686.008,3888.465429,3163.517375,3095.884214,5650.983273,5975.7325,4017.8405,12548.79164,15831.921,2086.176,16359.62681,12258.9045,4325.6955,19440.2715,40945.728,4667.45825,9870.215467,31274.41153,6467.149187,1558.6304,21892.71323,3280.452,3145.618333,39238.9812,16976.14694,11694.35273,64918.76486,15538.70521,18555.54311,3503.273429,2747.088,4144.7745,28907.90214,47643.44057,17339.29892,1,7713.221571,53744.274,3388.176,28383.69575,23287.02075,8263.102667,2222.17,10514.84492,5024.491733,12823.20481,7257.19,98279.96083
Glycocholic acid1,5709.86398,6887.928583,6849.99182,5211.538701,464482.6538,499229.6921,480880.3607,484772.9273,57798.64019,56731.12694,52199.13644,53407.383,58473.54284,50493.42205,52724.04261,54919.70517,22430.1975,28857.92185,26090.09423,24363.78348,2219.874007,388198.2249,364817.914,6759.907935,15075.25032,11742.55951,190406.2648,249717.5735,26825.5273,29718.98068,6795.245893,27152.18152,385254.0862,410841.9034,84919.281,172715.4558,14198.68287,66517.19833,167448.0747,5645.910837,177491.0164,3049.385729,5470.680316,50896.9715,65011.3739,357002.84,47536.26204,231103.1388,62253.40974,6852.725886,105084.2001,94016.42518,529307.8867,61794.27975,33581.09592,14716.84355,41916.91609,106530.6288,52780.62472,156232.5887,102189.75,20869.56069,118205.185,79284.91124,28147.56192,121326.523,257669.4945,19304.49857,63345.91617,157756.0427,41744.942,8058.257619,148965.396,27194.84623,26915.48792,238869.1897,111607.7655,81008.02385,421617.9554,94200.89354,95712.638,23978.0763,19000.98793,26607.37358,216183.028,313987.6955,108171.3869,15326.82158,62752.8479,287677.1024,24113.93669,163741.6029,131289.8173,67472.13279,18636.77446,88078.112,31366.26013,77374.55264,60259.85863,592733.8133
Glycodeoxycholic acid,1,1,1,1,18914.83518,10498.33538,16550.52778,18122.84337,1,3481.075357,1,4133.3715,1,1,1,1,7553.548187,8633.656,6973.80825,6053.718,1,4917.93275,7288.576,1,734.3885385,1,2988.574188,1938.846,1,1,1,2368.807333,8253.720781,10517.39093,2647.3498,6653.513882,1,2620.465714,5638.30625,1,10063.8846,1,1,2311.902,1292.067321,9226.945167,1,3156.600962,1,1,9133.2,8394.782,20513.8115,6769.765333,4405.368,1,1,5668.12,6168.025139,8931.209464,9633.863,11790.0436,19065.53415,7908.127385,7524.889667,24642.84205,38753.897,4643.5655,5463.401143,38941.11338,5904.6354,1,24798.56832,13160.90681,1,20794.86108,26582.60271,12872.4981,23055.62244,15926.43135,19581.14,1,3404.89,1,8325.778154,27203.847,21264.02306,3175.103063,25163.039,23554.51033,1,16947.52228,58811.36453,6484.073125,5786.479077,21570.81833,1,18591.16278,9671.263846,48564.59857
Glyco-gamma-muricholic acid,5709.86398,6887.928583,6849.99182,5211.538701,464482.6538,499229.6921,480880.3607,484772.9273,57798.64019,56731.12694,52199.13644,53407.383,58473.54284,50493.42205,52724.04261,54919.70517,22430.1975,28857.92185,26090.09423,24363.78348,2219.874007,388198.2249,364817.914,6759.907935,15075.25032,11742.55951,190406.2648,249717.5735,26825.5273,29718.98068,6795.245893,27152.18152,385254.0862,410841.9034,84919.281,172715.4558,14198.68287,66517.19833,167448.0747,5645.910837,177491.0164,3049.385729,5470.680316,50896.9715,65011.3739,357002.84,47536.26204,231103.1388,62253.40974,6852.725886,105084.2001,94016.42518,529307.8867,61794.27975,33581.09592,14716.84355,41916.91609,106530.6288,52780.62472,156232.5887,102189.75,20869.56069,118205.185,79284.91124,28147.56192,121326.523,257669.4945,19304.49857,63345.91617,157756.0427,41744.942,8058.257619,148965.396,27194.84623,26915.48792,238869.1897,111607.7655,81008.02385,421617.9554,94200.89354,95712.638,23978.0763,19000.98793,26607.37358,216183.028,313987.6955,108171.3869,15326.82158,62752.8479,287677.1024,24113.93669,163741.6029,131289.8173,67472.13279,18636.77446,88078.112,31366.26013,77374.55264,60259.85863,592733.8133
Glycolithocholic acid 3-sulfate,27977.74301,7813.799217,23914.49925,25930.08634,1357388.357,1346259.995,1237537.399,1204364.844,446911.0294,472748.7481,474622.2958,354349.2154,104966.6139,97250.34166,123455.6345,94221.47864,24289.37131,25484.10002,27365.68559,29669.56239,267154.77,67512.67534,64775.58638,66517.58557,26371.58181,26869.43068,21862.67652,24225.46557,458656.0978,380448.5454,1534653.355,20164.45813,262875.6014,261521.3767,574165.9509,22415.09301,27287.28458,145746.8435,807117.6884,16993.07142,1189095.953,402305.6133,17749.48929,9735.485463,33461.70864,792285.5916,228211.5555,12693.16481,284101.8166,142035.5742,12780.72054,8307.486486,18721.35268,945404.9387,7971.237742,72064.26382,131835.3504,4541.198824,17311.67198,22302.92717,195653.157,11803.1413,51240.99365,16984.41867,29906.54415,36166.21871,10012.3723,8962.66944,14498.50693,228427.4385,12568.23344,13505.63255,5375.567804,43657.53885,589531.4583,10499.49628,103076.083,28604.78952,73756.94974,194457.2299,132113.4313,16479.81664,2752.825357,12696.90217,38106.53321,4285.584929,51894.67176,23607.7354,9713.945373,30615.58354,81769.45268,26330.44231,29951.13959,34298.63436,12455.95255,62877.40957,11122.30734,35439.40946,23436.44355,7637.795196
Gly-Val,3506.317214,3324.600625,1,3036.8175,3483.1655,3574.2816,1,1,1541.6472,1282.31,1,1,1,1,1,1,16980,1,16899.40359,15212.87075,4177.997389,1,1,2322.278571,1,1,3720.934125,5891.4725,1,1,1,1,6471.323636,6473.3184,8188.188556,3900.1369,5062.779,6140.593833,1,6817.2435,3464.134,2206.188889,25502.107,1,1,1,1,1,1,1,11696.517,1,1,8574.38505,12748.63869,4988.6324,11343.64,1,14322.59659,1,11584.56454,11968.546,20499.01996,1,8661.10725,1,1,1,8886.573929,1,1,1,10404.22173,4811.924,15331.13887,13092.856,11343.89475,14207.5475,14082.4572,27539.51004,14043.20241,17282.57314,1,11165.46182,14677.60446,10956.33,16003.7037,15277.51232,12537.27475,18832.93626,18213.17261,12132.34683,23241.6255,6751.6785,11505.65397,15237.171,14669.046,15975.24223,15648.1875,13140.71321
Heptadecanoic acid,393.8348684,30.05028397,261.5931667,137.4626158,8.216228724,18.08198412,107.1858034,42.31643857,308.6147368,319.5224324,350.2478571,270.3934928,701.6923421,778.3064737,696.186125,698.8938125,550.7645294,664.844,669.9831026,560.3828108,587.7531111,446.1661379,360.0162561,177.582359,583.4795417,592.9833333,506.2721429,421.596,745.8912,815.8409286,692.6364324,158.8065729,309.4144706,322.1088462,582.1222258,173.7660319,878.0990556,909.338,507.7668182,651.2800645,422.3490857,1,764.4048548,1128.718197,619.3322561,323.8375556,371.604625,651.93725,436.63825,487.7123355,2198.73225,4192.311029,1672.364528,4611.862394,3780.732268,3591.252222,2225.529087,1138.371591,1131.22095,2120.449786,2734.052457,2069.494783,1091.9205,2249.162087,3362.355194,1637.341667,1200.192188,1363.82,1621.77389,1612.759643,1269.563531,892.4865417,718.7643333,849.0848824,910.65,2475.751385,1697.98176,1338.534429,4887.42619,2144.262267,1132.225246,752.7185319,1191.933318,850.5763889,1254.417818,1000.348068,1415.652214,1241.616064,1132.744143,773.1548056,831.0872727,1667.39672,1457.05125,1144.140699,1357.18998,1043.967536,1201.839143,915.40575,912.1387941,1019.6305
Hexadecanedioic acid,2108.703068,1210.142757,1302.044746,534.9209713,1,1386.779266,866.8525185,1458.649514,5517.695304,4373.2608,4290.275253,3812.434841,7544.053948,7842.263333,10122.5825,7283.451118,10896.93967,9168.997214,13018.052,10466.85514,20591.35488,13751.78095,9747.278036,1537.488,5836.15505,5047.786869,1908.682708,2285.787538,51151.91696,42622.37056,6435.481254,1590.665,4515.297083,4276.629778,44566.93718,591.1963869,3850.042929,21426.30429,5943.26255,4372.790293,2843.592615,11305.3004,10892.86466,42041.11245,3408.557443,2566.400938,556.3369262,20026.78613,9619.38,2238.486316,6307.235,10557.11475,10777.82489,18564.46286,7718.516211,12516.08629,6019.372333,4834.763467,3731.208968,7444.114205,7430.789947,5542.097368,3738.037263,4832.426667,27910.8468,3958.831457,6456.9375,2927.495714,8937.716579,6110.607913,20210.96294,4516.3776,9869.31958,6953.226179,13014.9685,5602.3065,10470.38785,4948.127799,4360.267398,4019.915021,4976.10215,4970.4,4332.295333,4697.836466,3656.323578,4675.049619,3517.726954,3681.173174,8152.8306,2555.675685,2219.797681,6752.357237,3291.317059,5741.996,3400.950146,5300.689941,4132.2752,8688.791268,2067.094588,11993.92756
Histidine,1,17237.18031,16421.6397,1,23955.29063,14910.82283,15727.80214,19775.58333,20112.64107,23743.7,1,18095.80927,24170.27333,29294.1375,27086.56972,25026.03903,13963.3524,13675.18214,13960.19345,14340.23014,20876.272,16564.79591,22201.24667,12423.19925,10821.558,9780.8565,13023.61105,20487.92884,8800.268643,16517.17143,10308.14057,14718.6387,14003.00321,11486.14444,8940.7725,13077.55631,16199.27421,13649.94004,10895.70015,1,10456.36907,19523.53393,13313.53167,16898.57438,17823.6485,19005.39491,18725.7385,10212.68,48439.93369,19659.92464,13699.13511,26291.84455,26139.2125,21747.46517,12852.33462,34192.976,15373.5475,1,21912.099,20807.80567,1,23182.60533,21844.023,17249.3,23936.68518,21537.44453,38009.304,27206.40263,18988.69917,35688.965,1,1,25830.264,16702.335,22578.62518,21928.35214,31708.97583,21332.64583,26550.258,18393.47908,28361.718,18195.31563,21228.62,14866.9465,27237.86878,20297.648,33961.04629,28928.235,16704.08262,13608.4,16168.35111,16627.88257,25114.845,25391.54,25775.90714,1,13757.20467,37690.38,32462.22636,25060.824
Homoarginine,33808.487,48950.58988,32141.46,37995.91157,30739.45625,28570.3755,21474.43,21433.33964,28369.6375,31800.56486,20597.64,19258.314,18107.606,15370.37621,16696.71514,13383.00821,4067.5051,5105.588333,4380.8156,6727.0575,34757.2225,23626.90429,28617.72044,46881.51643,6231.430333,5156.508,5253.147,5802.136667,11266.32867,1,17145.92875,13395.24,5605.845,4660.818333,2302.7394,6025.008333,7299.579,2436.5315,5581.0105,39904.04563,19211.759,42841.47507,26570.97111,22168.98214,10038.55417,1,7389.638667,1,15251.98329,14674.28579,6276.813333,1,6206.6134,14376.87914,11574.9139,1,6581.545,18654.46894,12682.44783,37882.29686,8497.518,9074.032,10901.295,6535.078667,12891.744,8120.668,1,14017.908,1,1,15847.09267,9209.8135,8606.162143,25839.08843,7847.045,3560.2422,30895.758,6050.472429,10337.532,1,12737.98333,9069.947667,11473.23842,14141.52686,18965.74117,6111.32775,11167.44167,19186.55538,7759.7872,19409.835,16102.17788,11577.18667,1,3550.7542,49819.13606,9139.069167,1,15744.09225,11969.93936,17122.54286
Homoeriodictyol chalcone,208937.4965,204654.5118,177695.5173,203752.5102,8442.415778,1,7082.660619,6633.235,7385.511429,8651.076,703.0406667,7241.472444,23524.94737,1,19826.48588,19466.3265,311413.824,319844.5678,330175.6831,340332.0678,162472.5228,235665.5547,237980.6853,102945.1455,85078.89475,86706.5892,400634,333508.8027,25141.20622,31175.81071,98311.044,1,211780.2246,206018.2255,16658.91267,12371.7135,67769.10018,226572.8954,144367.7142,146493.6843,31776.20556,125831.4555,372368.3485,235865.3302,7598.403077,52275.746,87083.53925,7788.496538,115884.5763,124258.19,3649.349786,6043.088071,1496.335077,2425.976667,3827.145,2530.5975,4222.129,5761.327273,5241.918231,3778.935571,3756.514857,4043.783333,3774.227143,4666.709609,4208.419722,3691.543625,3592.158,2837.289,4127.1309,4355.714786,4829.331885,1,3724.872364,4824.040571,3376.1295,1140.581,5154.017727,4507.7664,5228.303583,3238.439667,4447.461792,4019.688571,4042.357667,4251.744,4669.0435,3428,4498.946,4501.523889,4473.486,3567.76875,3281.607333,2897.055429,3539.358667,5160.07,3073.9716,3507.2247,5000.32325,1,2884.287,3206.936
Homogentisate,37473.8284,36519.08716,33416.71783,34758.55717,23248.02941,24485.30789,21100.91888,26191.54286,5755.1035,3410.683275,3367.353294,3689.96413,3083.445455,1,2251.648182,1,1,1,1,2558.67075,1820.0115,10842.045,10377.87945,1,3340.75,1,3333.462543,7058.427167,952.4096,2510.869579,3765.141333,4920.857029,18750.08056,18925.92975,184283.0057,2486.7239,34009.37093,56088.22789,1848.96,5062.380682,6256.33,8383.164344,1714.0075,32269.23929,78812.01082,1,3170.450133,1,114818.8266,21833.17079,5300.235,20155.7255,2561.5435,2932.699875,43958.85133,4822.467222,6612.073778,107613.2859,55381.31107,115545.961,2106.371429,123048.142,296436.0156,772.1568,1221.322364,20751.53833,14571.67446,51484.5408,16823.675,93581.41371,81286.7725,157971.5144,34008.50108,19281.2475,5385.276556,37304.41635,82834.62682,8611.03125,43725.90279,177769.8582,7179.3135,1,23659.19633,90080.2845,62001.53543,5140.528833,1371.997917,34985.01848,26567.735,112428.7391,32476.27431,5415.4035,15969.03308,325549.45,80852.00857,18190.584,15314.11267,71751.56839,45691.86062,51118.911
Homoserine,9839.0968,8255.3394,5640.0256,7171.2585,10986.38371,8890.3455,9282.015,10762.23857,11966.38,11690.71808,13400.87229,8715.478286,15680.151,20166.73071,18110.66367,20171.25,7879.389167,9005.724,8182.746333,9931.1355,5272.973,7354.322083,9010.704,9163.8685,4960.334071,4284.518857,4284.7296,10619.903,8996.744167,9385.472857,11785.329,17815.87264,6269.02475,7798.476,3060.9122,11354.45257,9554.824875,3273.7675,7542.177786,11411.108,12383.56286,7511.221667,4840.047333,9365.533071,7872.451167,4790.2722,5855.9032,1,15975.14979,9165.541071,5687.406667,9121.268333,10925.824,8550.083333,13590.3075,1,10876.7375,15666.191,14924.13214,19007.03022,4860.920857,14694.1125,13737.6216,17110.14556,7108.3,5821.025,22889.47733,13340.45536,11507.40343,9020.261167,30746.2485,15017.037,19215.7218,15804.575,13607.278,12847.22829,14322.078,10723.10769,9243.24975,8467.750571,20916.31313,16196.66278,16350.89415,6904.9803,9180.08,17329.95055,9313.408,16377.62667,18013.51067,13071.332,22987.82111,14143.80283,10174.45064,10291.56725,16103.20529,9716.9835,6992.97,14425.53911,17274.645,11129.86233
Hydroxyisocaproic acid,12998.65878,14942.86442,14398.04763,13278.28966,24533.72781,16706.54222,21210.96687,23626.06043,29613.27738,22767.51048,23480.38944,23979.66639,5288.660459,7897.624778,8198.786135,6855.531556,26074.84585,19722.20262,23907.9635,23485.302,21994.65111,24926.15125,27849.63158,46012.7034,6458.712665,7714.32871,6317.976847,8218.05785,30135.084,30318.6219,49650.17112,38189.21512,7795.66676,12501.51816,5228.234897,12542.50725,17445.61144,13385.2625,13210.18633,17842.63272,17298.30507,72706.31844,14172.28906,16813.14363,17096.76969,32973.46688,25054.98683,15041.34395,22977.44633,18731.09333,21850.5624,51854.72077,17744.0533,11213.35083,39037.88426,18501.26068,29400.60608,13413.33,13133.34861,36347.9868,46820.51319,33297.70054,23092.62339,23020.42404,11132.65285,12744.18684,48581.82414,9098.634889,34732.152,13847.18544,76921.14518,30043.156,21654.59079,14030.10645,54054.05618,22143.50798,23838.96276,30128.29057,35142.41973,17134.79508,26594.11109,20528.82127,26392.21835,22833.10706,20948.23841,44077.0603,19780.04448,16538.87319,21158.01935,19781.6064,12483.18445,48414.08509,50284.11241,15061.1062,83298.96204,18709.62712,14648.92083,36173.2035,11619.0526,12770.45172
Hydroxyphenyllactic acid,12478.417,12353.53456,11358.54138,12766.66694,13328.49267,16184.82514,6337.248493,6214.67904,7452.884708,6904.639834,7539.06106,6778.521348,5149.308037,5314.324172,4692.812186,6102.07095,48879.72,52734.1035,60912.01925,57267.13281,13139.22865,6157.854305,4917.880806,5844.783943,10096.91234,8347.642784,6112.621581,11318.14007,14114.25901,16446.8256,11655.6838,6254.766773,10116.8434,10623.71085,4469.12782,4137.077771,9730.905314,6275.876517,7787.7585,7009.877312,7570.563569,17956.47994,6544.385838,5710.06483,14298.73368,25399.02261,6811.143537,12933.2608,22485.74354,16490.31557,4771.284,22379.70321,14563.77411,7770.404,13452.70539,4207.311316,10278.40222,12161.59817,14066.55074,7528.10014,7982.441167,11935.637,12022.40929,4508.695676,2558.797609,9137.914118,9726.84849,15504.40545,13923.04688,10720.00655,15292.12049,11945.00152,12975.04483,9835.789565,19408.33271,13218.98903,8454.2871,6119.123906,11995.11059,8732.359389,14843.14014,7712.620842,14794.77555,9137.974324,11182.66928,11934.968,7568.866286,11487.68893,4437.03,8580.638423,7580.029875,12546.93,9347.1015,21645.60601,14328.984,8038.500675,7033.259333,8451.767037,6408.014643,9608.900192
Hyocholic acid,9783.41396,7270.817431,8297.146744,9175.544837,32158.64621,29090.06434,29680.66868,30377.09181,28347.2801,24715.44114,21771.35087,20976.9275,34173.2207,32327.56382,31111.0855,32310.20925,271305.6129,243730.1384,232544.9881,250709.2145,515.6428573,192880.95,163947.9176,411.0420441,12805.28553,13319.45361,209976.84,127776.0016,679.227408,588.3417849,2858.568084,15999.975,2063.719811,1836.995339,5476.855,9635.6525,1065.527601,2153.931567,1220.370291,10660.10638,4335.347807,2985.035269,4412.976328,2599.119916,7732.610484,1,4915.406858,12145.77437,745.8164511,223.6538333,34993.05575,99581.18661,42145.07546,1717.316476,88028.04214,9383.76138,20528.60704,51334.16896,10246.61324,43101.80405,13166.28651,15684.74778,56936.89519,37130.20256,4726.016812,38199.76387,184035.957,8201.713333,12995.32509,23895.29566,7027.483911,8055.537125,26507.16363,123503.7486,9032.036,25310.4,6231.732324,65624.0891,41026.68959,67351.7806,3474.965299,47408.39775,4533.723388,3616.985123,13965.49215,2546.242487,40872.6864,11960.48621,29653.50303,23074.36842,5139.186,30796.4292,37331.66641,2677.368353,60701.19985,60253.3789,10671.93813,33506.69574,4943.929266,8052.396523
Hypoxanthine,107958.615,102015.6111,1,1,66497.95875,61143.53558,51083.72743,50185.86708,40577.70217,48797.29467,39414.04236,42504.485,35526.51217,48013.54157,40352.4645,43074.89057,18012.46268,14622.27333,18193.602,17284.82,28014.49218,14496.82792,17214.82229,55393.44486,89929.34364,88291.25597,21636.37316,26217.60375,24678.99325,20955.0875,43011.958,17567.55743,46298.055,48480.78691,21740.69,59352.942,77786.9195,30200.09123,38286.77475,24565.2945,64842.709,30831.0975,18683.2758,129773.77,53136.82238,110677.5481,72269.12831,142840.6357,84570.57936,93127.94663,1,30180.85714,102958.2973,53486.38717,87943.91775,117363.722,29953.7875,56710.71056,71494.8514,1,67448.96738,58351.7227,73808.07643,42389.2338,46617.39658,41913.19422,42102.78364,78163.79043,1,64955.18083,99345.12565,35653.38577,1,1,1,1,4790.9048,4229.3636,5943.3805,65401.19075,54585.99488,87200.57482,52237.03956,39880.66833,66145.12246,37548.81075,34223.42857,75398.11761,40820.5175,68564.94109,79021.91142,54503.64666,4758.628583,1,5350.160833,348971.7031,80443.80675,1,10980.4996,69607.81309
Indan-1-ol,20684.9225,29685.25929,23661.45443,23846.39344,17385.39055,26982.62844,30959.36952,15666.60848,21847.50505,31204.66944,19106.02475,26137.9965,21508.41733,19130.17148,13297.23444,19404.11114,18575.12893,18659.62764,20847.43564,20687.20363,17072.71067,15573.13282,23772.078,19275.76905,16654.53155,16519.14267,18034.55727,20997.09629,22885.44491,17068.73292,12228.99383,17082.48455,15574.21486,21665.39941,17769.73333,16528.02671,30849.61036,18608.48667,21357.61292,25711.08425,24223.82273,18622.1475,17314.0981,21210.38019,29089.80573,23832.87311,32136.66469,28021.6369,28555.6395,30782.36576,36636.40031,29116.54681,21511.58467,29193.31708,27186.26094,21871.4527,22560.02339,17810.34171,22450.12895,20834.41733,24449.96018,18266.21785,25784.21736,18235.52147,20355.47794,18447.34222,16044.51217,21962.217,26370.97439,20228.29149,27453.26424,19057.6175,25637.63042,22305.12,17857.0205,17719.52839,21798.63058,23550.51382,17047.30213,16951.9266,17003.50764,19638.3215,15600.869,24082.34156,20358.98667,13189.12223,20353.22405,17998.83028,25922.35218,24136.34316,20325.72609,16476.54129,18821.62807,24217.44971,17839.1601,17489.69625,21544.86986,19607.02463,22818.67428,16445.358
Indoleacetic acid,6084.100357,5115.616667,6252.085714,5624.0305,14755.97687,14207.8735,14953.72494,15456.92,10774.62,11135.93108,9207.755375,9581.7375,2273.901,2102.376,3213.612,1,33518.62286,34487.80408,35215.77257,32056.76469,15105.15,157377.2146,148613.3734,1882.57,5790.9,1,31930.92741,45082.89196,1,1,9022.431,1,13319.3944,11122.41382,6143.448214,3476.8215,4443.048917,3350.9249,3131.6292,4220.439357,2542.524583,3468.992,7665.0365,1757.5208,1870.005656,4828.698,8078.679677,11362.43238,5075.095833,3838.278667,1,9786.05,13862.06229,4630.669167,3829.585714,9968.71725,7860.150714,15243.312,17620.39139,45449.90375,6940.422083,6266.718857,3748.032083,1898.442,32184.79554,14710.69379,23955.096,39527.38567,4698.738833,7593.532692,14732.6725,18862.27833,17989.44231,3926.678,9951.1775,3696.435286,8422.122,5502.471778,5790.468375,7025.583188,12102.48623,7128.398417,14096.7792,1626.581643,7186.534125,3664.726333,8779.318,4354.962857,2126.442917,7025.135214,5532.270625,6484.524458,2859.098286,5178.859812,66040.88456,36156.64543,1858.250857,4454.740714,7173.739429,69377.35437
Indolelactic acid,29991.77164,29692.19186,22889.91179,23714.72988,15696.18556,14970.48686,14754.168,20965.46344,9968.766364,10580.87992,11234.17586,11481.56403,4533.354,4436.6465,6346.7484,4875.687,94239.75286,94668.52036,87629.90056,86761.56514,9464.2756,9135.039375,7296.04275,9184.198,16338.8487,20590.6525,11551.95575,27622.62,13850.2714,11171.62406,13648.41333,5887.9994,37208.73321,17676.03514,8718.3675,5399.632857,12896.60621,6802.7935,11231.46629,8333.5125,7127.314833,28245.35092,24149.84365,6083.046667,1,10791.6524,11324.692,18357.21483,21806.07971,13284.027,12219.06887,19104.20756,22123.06192,5312.58,14131.757,19678.21422,12512.62827,10400.6,9678.94175,8287.8715,9725.13,14344.23728,11823.31857,4970.800571,10806.96077,11710.77486,11058.52186,8331.781714,12038.51929,8236.116556,30842.78708,67859.3695,9391.416875,4155.1595,19533.53361,8774.673646,16543.86167,19129.89458,18651.39644,9870.117545,15887.83606,16278.75297,4734.355889,6332.30825,8185.339688,14122.00864,1,15782.9295,9734.631353,14718.4787,10149.42521,6969.598,16236.2035,11264.81321,33740.535,13431.58367,7608.956688,16045.32843,5636.243714,6282.429571
Indolelactic acid1,79377.02785,77578.08733,80938.68733,86607.72,57075.37585,60506.8758,47678.88444,56440.83261,44550.84638,36369.0088,34489.37013,33956.23861,22948.87138,21225.50438,22794.76125,18383.37813,262996.1093,246195.1667,267226.548,249615.0883,36222.83307,24420.66375,26263.18672,29321.77912,40873.56067,36186.37163,54861.03238,67733.78038,12490.66875,11680.86328,60934.7565,18706.38453,63125.39063,72169.86589,59345.26568,30684.12,38342.3864,27087.49188,42612.77372,34964.60678,23409.18369,17295.34181,69990.05,24213.18375,18562.6782,40864.46445,66621.18378,36729.62222,57646.36944,39022.64639,21652.98275,45267.27356,53281.136,12765.681,31670.965,57348.0781,28740.09889,29342.50778,31032.23867,22709.3995,23650.8272,36970.24944,31095.96089,15065.42411,24240.522,29807.56944,32915.03167,38494.48311,35690.00696,26886.87245,68991.62114,167315.8613,28291.9435,14873.3677,49664.86425,19428.87083,42936.773,57799.204,55195.31129,29291.97756,45862.75867,41410.82359,16204.87733,18299.80395,25899.50442,38071.8688,37714.54867,42765.62725,33046.7665,38695.21544,33333.62044,20831.66667,48186.657,39474.5819,93405.18707,42247.80891,21712.13306,44380.158,19618.43461,23449.28824
Indoxyl sulfate,4183.2602,3991.09125,4545.570462,3484.454705,421602.8126,424075.3898,392398.6972,401048.847,369734.1953,363575.379,353385.3495,346927.8744,3776.136,4333.84,4272.030208,4439.1699,549.3386015,994.7209913,2165.7195,988.9061814,794335.9972,279141.8707,300953.5888,68271.7035,503051.9382,505152.0402,888733.4595,787284.4401,44368.94462,40333.66669,301028.6042,11691.225,139560.2497,143874.6628,318064.0897,145.2307791,712989.7177,113491.7968,321825.0182,48214.34567,109854.6867,95524.06079,562547.3991,230.1177806,62748.55824,2687449.976,145279.796,7931.269673,1271187.554,427349.2489,593834.0323,3123.549,20359.08325,16687.54324,1149.9033,447355.2474,405223.8927,162214.2793,542704.8,108432.6573,188601.6418,80520.82624,990.9522327,222034.7411,353855.5641,227611.4418,84019.8625,7528440.747,198723.8908,480129.5934,314259.5826,7755.8094,280629.9072,96616.07648,268017.9116,1975.966231,297392.6237,1218.743423,277129.4281,1309820.605,352226.4807,4427.154286,110702.6982,418.9426407,245186.7698,143486.596,293112.2044,1713.161277,1336.819599,3917.941176,246230.4486,170969.6466,3663.1805,124367.4642,207172.6297,235897.6907,550.5565362,561339.3414,91044.21729,85376.01155
Isobutyrylcarnitine (Car(4:0)),28291.10486,29038.732,25390.86,22727.28886,1,1,1,1,28489.31271,21182.89643,21083.64217,22936.65375,8894.5308,7476.505143,1,6086.1611,66125.21279,73369.1525,77894.222,88106.02063,35735.43504,33944.784,32159.15908,28412.43429,80297.27835,50251.1455,1,86650.69925,1,1,38461.312,119835.1935,20748.80792,20372.14025,13228.3488,50340.36731,19941.38471,11314.6065,74394.85586,28291.47,44014.00545,27074.70443,27976.88164,36711.93167,32274.16481,89749.92144,47145.57186,77581.29281,54443.93543,66533.28881,14486.716,36542.59988,43306.90525,29667.27256,47104.36369,76032.46889,31854.04286,53082.81,39978.85125,27171.6925,16634.48057,132399.0712,42911.25986,17018.505,78022.87111,13020.65333,32677.04205,63157.11709,42892.92179,34068.37778,25642.14469,292495.3413,50998.79487,16217.48264,144819.1583,13900.41858,44964.725,28260.82567,39698.8435,56536.63033,93602.06786,35628.06086,22162.4,9703.442083,30854.304,39908.25944,31533.74675,46291.6285,21378.0305,60665.11797,47815.46437,42435.39389,16967.261,11124.4076,79646.65754,55702.8603,9691.278583,69210.091,32803.992,27594.21243
Isodeoxycholic acid,6242.338,4623.846035,6589.139215,5065.74,64853.31666,54024.1326,50600.0405,52464.33076,93070.74,94633.112,97006.7394,99690.8305,18007.59134,17301.11586,20688.71059,18308.97148,542117.631,536703.9205,592936.6441,586385.5678,10776.04576,150634.6374,159446.6758,973.2200127,21334.18617,22430.27687,92334.52313,67214.2835,6506.29005,5255.7336,10322.94815,45535.69354,2984.794003,3876.65,5175.654688,36777.2881,3046.175835,2939.905316,5607.791333,14303.51656,30868.20125,4797.194476,7415.573265,20147.76032,19254.1387,2239.640777,10892.55122,10231.59298,13326.93431,5116.178444,38893.2015,76030.72686,38246.28211,3853.611612,58332.01465,6344.755029,143227.522,25066.037,52517.9655,68566.27085,21587.76044,41279.89478,56416.44289,19331.54408,21330.99162,52342.86734,170800.8041,73940.00347,4059.23039,45786.43038,26354.17649,11721.71933,17083.05555,232151.2045,29392.42271,55811.29028,49734.56969,41273.15122,139838.0253,128755.9748,53106.99979,98975.316,9098.5245,1322.787034,10946.10524,13807.13938,200537.6614,14868.38511,26364.8271,29556.43794,18468.32042,43592.70228,59685.087,9074.852598,24440.15379,85652.23703,40409.03667,99228.295,16899.52889,44581.81489
Isoferulic acid,2343.3984,1400.594857,2413.181333,2285.813786,2316.6896,2419.6304,2978.6211,2497.566964,2615.277231,2027.572167,2816.564125,2151.87264,1,2166.645833,2104.619,1836.35275,2115.428,2261.852679,2137.344,1778.767071,2819.859375,1691.548,937.9714286,2460.145208,1,1780.189333,1423.798316,2446.572,1,1414.048438,1978.2162,2115.65536,1449.084583,1,2262.15225,1650.024733,1,1339.772,1,1,1713.999389,1,2023.185643,1,1,1,1,1135.99,1,1765.911,1,1203.732417,1,1405.6962,1514.902594,1,1,1,1479.06,1,1,843.2556,1,1,1,1,1,1,1,1,1,1,1,1,1,1,1,1,1,1,1,1,1,1,1,1,1,1,1,1,1,1,1,1,1,1,1,1,1,1
Isoleucine,245222.8026,240066.4513,1,1,318758.6251,322059.294,293700.0401,1,310020.6092,281182.5374,289381.0238,293700.7441,306964.3736,328027.4142,387194.6197,293336.6443,168476.8111,147284.0742,144715.1192,161250.1556,183399.6,312011.8717,302740.2843,323711.0866,152090.3669,145776.2995,86031.00677,101480.1689,294069.2143,286596.5013,191616.465,260138.7018,77547.43083,91953.28867,109401.8657,338204.559,143643.2684,163929.4283,189664.0714,203795.213,361898.0215,179501.635,286448.2443,226325.2883,295754.6,177147.1392,208627.0562,187517.423,398854.6345,353075.0035,235579.5504,349789.3158,282838.2483,200940.3563,286418.0681,336606.2058,335588.1116,300922.28,260122.8671,408164.1092,336496.5029,337894.2298,1,217682.7063,244491.9712,1,343218.4334,265858.6425,309298.7535,1,329617.0014,262872.688,266043.5411,1,370882.328,242864.2107,343966.3809,241203.8073,304232.182,322159.2619,321428.1311,212631.6046,242049.2134,276515.0387,288996.951,178165.096,264628.5229,259780.0165,201370.0751,290020.068,244140.5126,322346.9185,308002.1692,260742.7914,242728.0388,244624.3159,193736.2536,242791.9759,268153.8769,250711.8277
Isoleucine1,29998.9364,34095.57345,27719.84596,30804.741,55541.8631,54492.77804,54508.93996,52998.86107,64672.23293,62712.74717,51641.16125,51546.85393,33569.865,34666.34478,37091.86738,31791.61886,27765.33668,25225.49728,26006.17489,22312.63222,24320.81665,49613.46773,39622.13156,47642.62795,24112.2735,25050.69376,9715.688,21407.95057,48670.94933,68376.62107,22983.47537,47573.58029,10327.70724,10310.92035,12616.20949,43009.64333,22864.636,18103.73323,46248.20705,23424.60845,63338.67292,18332.50074,36113.28514,34591.38371,47839.33333,27285.93563,25628.3096,21087.92445,54208.847,79930.31576,52302.50331,86201.85754,44856.504,48060.432,52676.38671,59264.41179,89673.02213,68329.88604,37373.84152,91719.73708,69282.92517,113696.616,76151.77684,34602.4,42871.62533,50203.21267,68316.0725,45128.37377,63090.624,37447.97292,55417.26567,60198.40493,74303.21786,55979.02562,86734.49306,42543.84333,65641.3065,55865.89717,57307.914,57580.9456,79635.65775,53010.17929,52526.41692,69950.71078,61466.49678,52074.45604,39706.52327,58811.67042,39807.825,65229.89297,44539.879,66660.19606,43586.95775,47327.99605,62838.41859,44087.5,47350.10867,50327.90194,59145.45756,38625.642
Isovalerylcarnitine (Car(5:0)),15888.07708,23715.9795,17891.2048,18855.11,22196.526,36084.29167,27745.37783,33491.58,14451.8186,13911.47967,11154.72,17231.7991,1,8366.7661,1,1,65378.3595,53087.71275,48951.808,54491.944,79828.72286,27908.44283,26030.07975,31945.59193,24163.265,21370.80621,39378.346,48388.008,9424.5845,8919.269333,11431.3656,44673.05857,9033.5056,9823.65,5429.8009,40294.23767,8272.1765,1,36290.067,15061.2286,47991.34725,19535.9095,13606.1621,21948.8604,24345.7175,58046.28217,13726.80375,90146.06157,23359.895,20711.7823,8217.2435,528927.5034,29510.83571,11379.96975,21961.91033,19313.92092,18569.72367,17368.02,21165.622,24809.8225,361022.9431,51205.21075,23882.8935,6441.12,20965.25275,6454.1538,17875.95333,1730138.128,21880.59657,13080.38683,13216.88608,106190.245,13516.83729,13413.40408,64273.28321,8521.3776,17613.5299,11924.20378,19719.045,470255.2,39172.185,17689.034,5390.329167,9978.634167,19127.21417,14731.6715,15038.31242,20041.1285,6101.6124,24309.978,9698.84825,21454.60089,4201.248,8994.1932,28915.51433,11126.968,8383.805167,25676.734,9977.992,13742.7392
Itaconic acid,177073.2329,179170.5725,188113.5073,175589.872,110281.2247,126455.5292,122260.8128,150435.5518,163131.6693,108293.0758,107508.1289,134003.9466,141886.0612,159857.1236,162761.3055,160002.8101,154204.615,134419.5543,151815.6118,154414.4516,137824.591,173555.6786,167390.0102,174277.0106,176597.8926,166804.4836,160594.5045,156399.1666,108611.8248,162584.1568,123164.6001,130441.2909,169643.8102,181117.7228,152047.6903,136439.6189,180113.0154,195998.2382,173432.021,189106.8998,143722.8528,187496.0477,180437.1896,20689.3648,13189.35813,15378.27829,11159.65309,17519.39446,13159.13375,19342.66869,12433.05833,21145.4005,21213.39444,11508.31942,13785.50149,10665.96629,10063.12472,12448.44018,11688.8785,15497.76,10199.10924,12050.03705,14409.78501,14948.17994,14673.834,12338.57662,14794.0485,15531.68642,14297.6711,13786.75398,11727.09453,12677.67088,18769.86233,15342.29505,24948.96895,17302.11221,12175.69467,13407.3404,12854.00441,14819.39144,12775.93981,16541.96593,11631.07424,10060.80575,12990.01442,15940.97719,11085.06369,14347.6583,15942.46226,12427.62425,11208.11541,17705.24733,19855.17872,15160.90921,14777.15542,11119.35525,13598.88057,14649.42468,11720.63401,13327.23753
Kynurenic acid,288226.6291,281791.6125,291033.3687,325941.2073,370085.1236,263810.4221,240400.3602,255031.8733,128.7148998,195.8127845,178.633706,120.1791853,135996.0619,165221.6193,172795.166,210001.467,750.0697993,99.3602323,348.0980221,750.6997812,239527.7007,123.6076146,130.0547378,77.76400336,177563.7255,208325.4169,200220.3573,22797.54436,119417.8425,111300.4178,941.4976425,417446.8201,256670.28,266557.9074,478310.8163,358945.2533,1138369.207,878928.8835,483651.4947,189768.4202,265.9265283,620900.8905,584894.2099,375038.8665,642.941625,1718.084169,50280.57367,387556.4896,1443.514413,215.9475361,32050.15275,20717.48908,3050.667196,4958.434636,2513.019399,126046.2536,4039.457625,1280.522635,908.6117926,177.2128465,362.129969,30678.73667,483.4141265,23853.35036,215.373606,202.7566027,625.7826328,3093.598043,1664.798637,1075.321629,2687.634316,5491.264573,425.910836,1122.333333,1983.311852,2689.086588,591.2633735,1036.806556,2322.088563,2349.131667,378.6670654,22376.67708,1805.185,263.0846506,1867.895976,1202.583375,105797.7879,1098.070375,157712.3059,1336.556667,474.8409419,930.8438125,192.820512,212.7048627,480.7783974,191.3153393,19181.516,795.8270462,822.031487,1678.162778
Kynurenine,8749.710096,1,12212.08185,1,14004.13444,13926.84208,10864.49909,10832.30138,6462.366,6985.312258,7452.704177,8073.981861,8586.718857,8083.709117,6838.1415,8093.695143,63836.10019,63475.17915,74597.20701,72650.84191,11954.9358,10322.8664,9522.978,8391.953333,18584.54726,16340.64651,14804.01185,22741.00788,5588.693073,1,5150.002171,8641.839781,9831.364054,12884.63796,4780.749652,6430.9164,9222.502548,9604.5462,15066.954,6968.287135,7951.262451,8096.357531,13359.31263,5999.199333,7474.166518,20500.90967,6195.977273,23120.06052,15801.588,15358.27392,11778.624,21085.8516,11943.85485,7280.202696,5996.1922,9403.053257,1,4288.04136,6598.140889,5858.077667,13926.31415,12449.50444,8878.046,4731.73152,4585.810727,8218.951014,4893.728,15955.104,7305.586977,13842.69,8588.39122,29444.715,9873.502811,9879.3444,16301.29904,1,7269.079386,4180.419611,5742.514708,6549.659071,5563.795781,6480.920966,5482.15988,6908.125984,5244.429984,9648.293586,5157.807136,4678.8115,7328.456813,6052.3916,5061.2175,7825.950068,7098.680455,1,5836.637903,6311.230655,5638.728857,8337.8295,4893.593294,1
Lauroylcarnitine,41403.84323,42670.31875,44317.02712,42735.3525,9972.172955,10591.72489,8136.9562,9915.677692,6695.8318,5709.2951,6618.3047,6713.908333,43695.04442,43891.32167,49083.69618,45521.42604,72110.89677,71059.66778,79366.15533,88297.52706,16886.57437,17166.69231,15561.225,51167.4647,35182.525,42035.9112,85190.24855,121750.3192,12968.48379,13027.29121,13528.4275,35945.06589,46998.002,43808.27,42104.78838,8653.707625,51559.119,43079.3335,40552.68817,23426.2,33637.86175,10800.412,54302.448,133776.8382,39372.586,13995.8325,31566.35063,153545.6693,154287.2655,123035.1529,43430.07875,51631.223,119770.6288,45318.54878,43213.41917,44105.91621,49963.2,22084.8768,31648.45765,60259.46985,48295.41562,68245.81935,14224.55257,51312.62617,76029.8217,28196.542,27239.90738,47265.504,58984.31028,23953.48954,42335.39413,131498.6294,29275.39986,24191.06746,139778.3022,36612.91929,13276.5867,53050.6548,18541.83453,27334.4965,23984.79947,42613.09135,23714.75723,19526.32027,8988.510208,43623.63493,37587.76758,1,91742.10306,19013.5152,18989.96681,49850.05403,84115.03538,27479.11981,38322.70676,30179.277,33000.5683,24294.49253,33982.99543,34788.9366
Linoleic acid,24229.87145,20062.8801,26947.86767,22457.72523,20696.96176,19550.482,15219.705,13656.42667,35946.0717,31349.7811,25283.21818,27230.3235,58120.19697,44077.656,62979.12778,58876.1773,55292.58625,47406.94571,58150.79979,50365.22932,42175.89771,29779.30676,27562.52965,15864.51627,40744.508,37697.08584,26280.60207,20580.912,92135.01545,58768.03676,44464.67514,7733.484,11086.59105,8326.357,33304.63929,7501.522286,46434.84423,39499.523,28353.23034,28633.55018,25160.20113,45695.73927,42630.22294,73654.08205,39058.89089,16274.78239,24778.18585,41105.4666,25474.17855,22656.182,82702.68821,77548.22092,79020.57944,86382.86,64136.6895,43995.81504,58449.17025,51820.43046,23376.29877,76467.3195,55774.20769,42654.87,33702.94133,84199.875,77659.05894,44698.7295,72274.356,52362.04368,72477.12867,59821.44808,42182.24,31750.3902,17261.44063,20983.38361,42270.7636,71690.65987,39904.5964,54292.78612,97103.47181,33154.9785,30320.8707,56998.46487,42460.3368,60039.59677,19285.88513,40169.75738,47013.67543,38071.9325,33171.8725,17575.1205,18761.9417,54293.76782,59606.94942,43295.625,18842.29821,25866.26743,43353.288,18591.99275,29214.68165,39987.54271
Linoleic acid1,215727.9578,135962.2026,207259.5845,180638.7704,142615.3234,132052.7392,134082.2068,123423.7946,296236.7053,287818.9873,255467.7989,258046.5417,601003.5786,590638.4766,571219.968,435185.6648,486438.7895,509159.3717,538546.0085,518752.3326,532442.7724,305558.0806,270911.5525,101692.1992,327169.0826,401489.9164,329484.0386,205163.5554,798510.663,1104213.334,479553.5579,91342.18431,138606.1706,117979.7976,265183.9677,46904.215,581769.6537,371750.4656,340845.1481,475905.5039,280431.7907,800365.6221,642579.1493,1150453.818,430022.9258,128947.3693,274130.1418,540149.9382,396761.0211,215524.8171,1441561.1,1618880.472,1616750.291,1969744.976,1263160.153,1397534.067,1554395.731,1159396.823,512471.3322,1842270.286,1486755.557,825852.276,620605.86,2113839.036,1578274.446,924113.7687,1607149.567,1179363.627,1390454.595,1163168.593,766231.6937,672836.0982,417363.2676,613947.4678,1044891.126,1810981.818,1013807.105,1468797.382,2216614.73,699013.7577,636860.0209,1535108.304,1256115.757,1445906.86,428867.1265,1016909.891,1392213.163,901992.4025,1097408.693,440611.1886,486836.9791,1792783.573,1677059.347,1286045.391,400746.0859,692062.6961,988764.35,434853.666,809709.5502,914007.5826
Lithocholic acid 3-sulfate,1935.680721,1839.346,1569.983227,1562.912056,43729.03395,40228.41818,39197.23636,35874.25315,97700.2272,97301.18475,86921.60532,89386.74,17102.61072,16177.05833,17624.875,17046.14661,1115.843821,910.3718744,1188.035375,869.9458225,24875.16104,5479.969177,4825.275346,7550.6175,20100.89423,22341.05931,1204.293885,2394.846588,48861.32538,49915.55048,197356.5062,1820.489,34560.78018,34654.84281,44550.22935,142.7346849,1,15702.48,8568.492,2028.344467,161084.8139,111041.3419,1666.983385,1656.225875,1655.763083,14118.88641,20128.5201,49.88144629,25530.89884,20321.35221,444.2336086,1658.126333,1,151643.4079,51.52989766,5611.474333,22186.0443,1,9983.348,1,20933.815,1706.972222,1,310.9197362,252.6410853,2998.009,62.836355,970.230625,229.0945654,11880.60325,3898.222222,576.9525824,1,7538.305,90601.38046,52.02681356,17981.71182,1,1,8721.857647,4780.866345,4336.678862,1,1,1,1,3398.13775,1,152.3567702,1,1610.56115,1448.125286,1,2156.163625,241.6992777,1,855.0706945,1,1127.964938,1
L-Octanoylcarnitine,33678.96908,21761.4925,19614.01157,22496.38929,14901.09986,17313.16519,12847.29086,13842.04286,32682.62286,33421.842,39082.10906,24307.77723,21800.76657,19175.85429,21734.92571,16759.403,171680.884,116098.7684,115906.4178,117807.8334,18760.02,12584.44688,15045.45971,10392.4695,38014.31075,35241.22143,71383.5,74173.29672,3677.864143,3263.82,10635.43467,42054.86588,41523.30062,41296.29762,11747.09064,14744.67857,21566.75787,15183.109,61408.718,16656.26207,15020.79107,12669.72288,195525.254,12846.07864,7599.015,119285.8735,34874.17669,21909.26813,24431.957,17727.10543,15775.03825,9684.3465,35045.45793,28762.15758,7929.687,10869.74369,35099.2928,1,8602.017111,8522.945357,11017.755,6192.083333,5790.125625,11083.93792,18384.50257,10579.959,9768.5955,24949.21875,9861.730357,10956.64792,30783.89689,9998.6025,9787.5159,5003.662222,10109.3755,19872.17422,2929.925,11050.6516,4395.2925,9089.304167,10149.5853,2954.816214,5037.1528,15881.04062,9144.504,17332.35255,13169.5455,6921.6,2464.088769,5606.3472,5604.6075,8698.028,13566.21143,8352.443429,2725.73125,7466.92,15883.782,19430.27667,17441.55,32311.28794
L-Ornithine,1,1,1,1,919.6286,1,1,1,1580.085,1351.485,1444.905,1555.542286,1,1,1046.61125,1,1,1,1,1,1,1,1,1077.2874,1,1,1,663.945625,1,1,1,3653.492062,1,1348.198857,1,1573.03575,1,1,1,1,2205.48275,1,1,1,1,1,1,1,3790.237455,2903.113333,1134.24,1676.102278,1,1129.0185,1768.791,2079.2764,3277.254444,3052.4832,1919.79025,3049.031444,808.7827857,3260.5524,2261.339444,2452.332167,959.975,1190.403714,1796.73975,2782.169333,1,2613.533045,3448.1915,2989.419231,2408.4557,1933.467938,2380.29625,1989.667,3445.4008,3463.516,3766.523056,1979.109188,3879.263318,1213.809375,1,1187.5495,3115.737455,2418.0084,1432.883857,1198.8695,3229.405609,1856.379,2446.0911,3222.3334,2878.9725,2192.833778,3798.534227,4719.754125,1,4196.876864,3859.575417,2022.03605
LPC(15:0),13362.38325,13040.01706,15577.2,14955.368,7686.160588,7048.208781,7209.455094,6628.51475,4571.953417,4960.42725,4967.38,4198.778182,12859.59741,11878.30046,13998.222,12385.88114,7113.679688,6759.045,7459.874409,7899.647667,3956.95575,3934.960385,5099.069857,14795.51182,6616.311692,6878.225909,19801.81315,26242.22947,1474.128563,1657.675056,7492.4245,16890.74492,8830.939,10080.19644,6400.483143,34951.51408,53109.5125,12296.53968,18983.12853,8788.138821,16789.39267,2456.259591,9197.109091,40494.331,43530.97044,4705.868182,9438.4495,16263.91336,10393.85913,38646.89429,77317.50263,83292.09016,79451.46,48341.74423,114631.3937,164604.2436,153063.1396,511143.2415,242249.226,210117.996,76628.79309,214177.9986,121444.8079,185962.8294,129885.0688,100446.084,180888.738,126633.4803,68982.984,254193.2109,256326.4033,96938.82,195665.0966,65704.32923,76305.417,103117.8915,472132.1353,214417.7472,869935.9684,258027.8762,237399.6124,193211.6591,128275.6077,92709.00514,182594.757,183936.1676,414710.245,148860.1014,209919.4603,110684.1913,249833.7573,166082.2527,348084.1902,194518.8941,643931.047,707762.506,97276.09867,279602.0109,162569.47,212197.9396
LPC(18:0/0:0),624901.4495,610398.8869,588174.2705,602173.3757,434292.3722,381237.6379,400677.1207,361206.765,489854.5155,481946.5675,500133.5586,522738.781,770518.1992,763713.7517,761260.6432,736833.4569,621261.0939,606695.9966,619000.0815,591500.5161,465455.9155,321994.2879,293554.3631,1379993.771,479320.759,562604.6167,639125.0207,1035748.598,156146.3891,162492.5185,673179.5607,1383001.927,628258.4192,635536.8933,547494.4947,2112803.05,1972203.193,1114302.181,1732502.298,780094.6618,1088344.937,155933.5059,644743.7434,2643704.121,1705694.718,665393.9278,1242156.73,841395.5273,767101.8062,2681359.918,7435036.653,2601402.032,5873886.297,2602246.819,6444566.055,7743962.864,8598768.944,13994408.79,8875097.666,10375799.06,7606327.632,7976265.956,13246995.94,12679712.19,4844628.868,12642868.91,12658773.92,11954102.62,6438625.812,9943272.426,18291317.03,10056497.42,10460015.43,6813135.763,5121606.815,10582015.65,15067945.13,21209253.34,20627145.4,8276571.25,16308000.51,7248891.527,13501741.14,16020058.91,15336128.13,8725245.399,12020885.86,14272069.07,13612066.35,16003166.93,9997445.938,12500061.06,27176857.07,21846927.49,17365135.19,23885122.39,10630494.67,11781510.34,15130673.2,16323151.27
LPC(18:0/0:0)1,80554.38906,85027.85855,78399.52256,66829.45938,55583.77461,51110.94453,51907.3877,39170.58525,55243.646,55435.42068,56243.397,60354.04821,90138.90021,85394.60357,86664.08633,76530.80073,71364.36089,65360.79719,70283.17978,62253.25033,50372.79,34068.91216,31504.56001,154276.6829,52519.51697,55950.78057,66870.07496,114083.3146,1,16367.16711,70430.4015,162691.3903,70872.63584,67699.76562,59222.15066,246296.0315,210347.491,121475.6996,185524.0004,85969.21057,109539.6504,15946.60909,67842.20433,296518.9089,187856.7142,72047.31872,125886.1661,90673.15507,81907.67358,321912.37,1068793.55,305256.9175,749678.6943,309786.861,841538.6154,898977.0689,1078193.576,2221736.096,1235110.401,1567744.035,880895.1682,893836.164,1841603.039,1853762.609,606211.4184,1720168.299,1636648.796,1546701.033,692060.3523,1300012.325,2862222.817,1157440.636,1343968.835,842092.1582,567294.0557,1421179.936,2174695.894,3531594.434,3259399.559,997013.9368,2271065.826,864067.8411,1647907.213,2146862.292,2093601.412,1075623.429,1,1759177.156,1741127.089,2346920.57,1222050.699,1472230.234,5327134.106,3611795.863,2482683.308,4237291.459,1426970.102,1603989.588,2079384.649,1963141.07
LPC(18:2/0:0),471618.2745,448548.4946,485258.2074,457384.8652,211733.5861,190178.9476,184817.1105,172742.6538,273874.6502,303794.0611,272861.3646,277131.449,1355487.964,1068503.055,1203946.514,1102369.042,535056.3873,537685.3712,541938.4005,534142.6326,163415.1769,174857.137,151337.8897,1864493.371,351159.0275,360159.7125,1220013.476,1634776.78,179123.3845,179890.5771,565806.9416,3062791.854,744989.8063,773178.7167,238002.3714,2668225.087,2726017.797,609385.6071,911832.8737,363038.1543,562714.8523,106963.0905,624843.1416,4934370.676,1791759.598,325732.9281,1248412.529,699170.4,541355.5658,2018296.484,4780321.936,2140951.539,6411638.91,2220626.951,7028745.096,5199912.207,9860670.175,11492324.79,4076889.931,11627699.58,3564943.968,4581389.747,11350161.46,8070303.124,3574527.924,4381227.84,11219560.59,8078178.798,4831528.867,8227980.82,10819231.6,5451341.655,9655077.064,4992195.949,4627433.428,9289799.786,10931899.13,14787542.11,12243270.56,8609438.588,11452256.56,5836550.64,6434756.005,5739486.092,10754331.16,7175105.044,10986355.08,7585108.8,6298632.063,10636830.05,4764363.005,8295276.121,9478057.779,6742214.9,9032411.781,11224823.41,5423163.626,12513885.25,10086092.42,15447498.4
LPC(18:2/0:0)1,54692.95882,45451.19604,52172.45818,35400.66438,20048.08957,19410.80582,18023.4087,21554.67491,15221.75813,16584.95778,14566.6823,15555.4337,32379.6736,33314.4975,30618.17133,32147.88938,31502.44731,21913.87383,21728.12908,22430.09574,16527.21111,13701.63188,10963.12487,81442.02676,21992.16244,21462.27193,33379.23952,44130.1099,1,9044.0051,19993.61236,44723.13831,33893.52174,34791.84375,17640.5584,54034.64814,58207.91062,28838.87963,30733.78361,20337.96129,34140.44867,11201.22157,27904.53391,75807.98541,43119.22985,20492.8992,34187.76504,47037.22953,43233.96007,56793.87015,87137.82706,92963.22267,289110.2255,123045.3166,141507.2662,72484.22042,547037.669,507600.2943,250518.6002,467280.4147,1,71985.13416,673873.6155,127756.1651,196347.5443,168550.4474,1,202879.7252,1,478572.7816,490101.2192,77277.86796,111415.4287,80274.8207,59184.41472,365329.3603,546914.9404,1,442063.6904,486932.2893,119156.1617,101907.3558,273718.4917,89001.06687,470307.094,280991.0835,379660.3949,330277.8222,177099.1028,108374.0276,83814.74259,443673.5809,509504.1901,230559.62,419950.9652,647100.1142,261342.7186,1,292208.4545,1
LPE(16:0),48124.57875,51772.28571,68747.94064,53677.34529,21924.63175,21901.24267,22477.66343,16469.15368,15526.63721,15042.22719,13964.57435,13628.646,29479.47865,27443.53636,28383.45771,28024.8,28801.99603,27623.47313,27957.93168,24931.72376,12969.90882,16186.38691,16494.63523,38310.22325,28629.58097,31518.3824,69044.72222,80715.16111,6902.680059,7950.636118,36973.88593,26527.748,38923.58753,34670.6285,25788.50634,37312.14441,58150.38545,30595.67453,46071.86338,25545.20033,33000.69106,7052.574375,39698.43694,89332.3172,36329.22445,19903.81547,45333.951,53105.64125,41200.80467,72943.66098,252222.8999,112547.1955,291400.7085,32911.82853,226798.3165,213552.5022,271002.1733,532487.6978,226499.5819,194621.4935,140573.666,181256.3002,359383.676,425694.4852,208358.0223,119549.8981,356260.2519,209099.6197,230831.3325,146085.8315,441198.8321,188661.4004,109977.224,136104.704,141530.1586,216975.7724,501312.8882,454034.7714,230871.3512,210063.6593,296276.255,116746.1974,186089.0541,235936.4144,269783.0748,292311.3308,292688.0888,309609.159,218122.7637,390076.6971,180847.1696,288930.6839,482648.7023,203626.5117,517313.8477,261684.4869,143648.2732,225077.4763,219954.5611,259860.9
LPE(18:1(9Z)/0:0),38567.57415,33633.85026,36106.71842,28193.858,11093.95364,11259.88278,9014.572371,9723.129333,13827.485,15131.58324,15967.38825,11237.63032,42533.89736,35408.84564,41989.08884,43031.63482,30069.32616,28439.3852,32581.8808,31692.32882,7084.959143,10839.13583,8060.004882,20852.06663,24921.60576,23055.37375,67666.03927,63797.82636,5670.414618,7021.054437,29607.84528,64195,44552.31124,39303.03465,12554.62909,87738.65886,72893.40955,20585.42268,42186.779,15311.27632,18522.83255,6636.3008,18381.91955,104972.6236,34340.06829,13005.47906,33646.27196,39797.95273,31437.33598,49917.159,49431.8221,30909.92233,116514.9297,21618.83388,115174.5595,67871.15828,65414.0053,135756.1712,52722.24605,101997.8147,54539.08833,66451.47462,129533.3143,128271.0123,72906.14534,56416.899,141522.868,76099.813,75848.1567,73300.87185,131099.9723,58656.5795,113530.1586,61776.92912,65921.74041,73747.665,181774.1136,142333.6623,93810.57895,93785.75798,158221.3597,57204.64933,61599.27253,64112.344,63685.6395,211225.0128,95734.93965,91992.87189,102336.1832,128756.7479,92950.15134,67905.46368,54151.5355,68054.83271,125719.694,65237.20653,51394.05516,121823.6097,82755.4275,158343.7145
LPE(18:1(9Z)/0:0)1,95920.38104,96446.74815,113466.1011,78542.41875,22648.73531,21411.32741,25985.69325,20167.52236,41674.5225,28775.83966,31110.19955,30593.14966,124782.0185,110123.866,118108.7686,99197.68425,84892.16829,85187.42878,79127.571,81969.02393,17988.48455,24082.4867,22636.4605,59603.01789,51319.7302,67301.96642,179082.325,217821.6043,18897.52979,18027.42626,93411.78191,189488.6204,121681.5422,137136.5909,37061.88253,270670.8279,209225.4189,80740.18027,133934.097,45061.68303,62936.44973,17074.55123,58471.80147,340710.2389,93283.68722,26872.02174,96973.20875,144480.4428,85627.8061,168182.7233,131689.4178,80679.06,289506.8113,38337.21489,279050.5587,170846.1598,250044.238,561237.8688,187375.9574,384857.5818,163112.792,185042.0566,613265.8957,560794.0814,242622.3417,195327.5288,485425.9066,264644.7199,256057.1257,241711.6213,502613.5437,180364.2413,340173.6077,195927.2291,163492.4712,260512.6619,685893.4068,675586.4357,561995.546,309403.2068,684897.4088,230481.515,256198.1773,246589.5634,293334.4965,777485.8271,390901.185,462743.9389,313061.0495,469282.8249,270546.5014,277026.9775,411852.2405,318681.3139,566635.3859,464196.568,169158.5057,421058.3894,338362.5272,475852.2806
L-Xylulose,2456.288538,2831.295048,2640.617286,3043.895192,1692.058636,2050.585739,2701.15,1379.344212,2590.430769,2303.957231,2260.293833,2783.115867,1794.739661,1840.537409,3159.23879,2908.932,2856.153143,1529.65536,2311.094963,1442.448,1227.054231,1809.07306,2901.63148,2104.397044,2850.002037,2053.764326,1574.79975,1746.926795,4091.543438,3633.354069,3377.385714,838.7572321,1171.21788,1208.5055,2786.34069,802.3462955,2773.15575,2681.458286,2578.169154,3292.331259,4748.129431,3248.96871,2526.809333,715.2406429,3474.77016,2175.9025,1969.086063,1562.169553,2878.268923,4446.443,3300.1923,4350.409479,6970.550129,2665.411111,3435.351111,4713.97205,6536.842273,5461.061864,2845.795889,3083.626174,7373.3205,2475.461175,6594.40725,5733.603158,5094.374133,2011.508087,3582.946154,3319.576175,11582.43442,2755.342,4491.082974,1895.047568,1876.175053,2173.329529,3420.547125,2696.758857,2743.880789,3043.115333,1718.528889,2587.93075,3854.638353,3233.887043,3518.6445,2377.8898,1899.75618,2566.0015,5070.186075,4002.205649,2433.741406,2730.353684,4343.440077,4505.13187,1447.249286,2191.218366,2348.315765,1334.736276,1961.08615,2343.180556,1761.502667,2758.862975
Lysine,7825.399636,8091.019292,8391.9856,7917.156,10135.16618,10791.68625,9975.815833,9720.861781,10219.03647,9486.126938,10072.8197,12373.9668,22753.92306,24644.46553,21261.24,24147.81158,6707.345912,7052.0298,7490.66925,8411.43975,10651.2,15118.34875,15131.0625,16249.29719,11253.34987,9271.0332,7423.884417,6904.63424,9797.8225,11409.83807,8641.4845,17762.7723,7072.665,5398.377118,4973.125,9878.307187,10196.20114,5832.425735,9775.9872,12189.40909,10302.10417,7067.1195,5771.1251,11516.37861,13233.77467,9271.7351,11872.1673,8715.600136,19066.46063,12773.519,13749.29297,17613.15738,9175.784933,13778.49643,21250.23534,23586.0195,27089.08444,21523.5345,21731.57363,30016.392,11607.51484,23698.795,16752.928,14905.737,13939.088,13290.52145,19339.29635,19591.9305,20600.17006,17413.98618,30261.97778,18117.07422,18512.72775,15927.94656,23753.50313,18997.89056,26178.052,19232.40047,26767.71794,21010.2585,30500.925,17745.31324,15723.87469,14992.00971,18128.27684,15962.43335,18202.92743,19786.3242,14212.67466,20542.16774,21951.96116,20989.25644,21099.08556,16687.17529,30949.90235,28852.64241,11215.2048,25793.57003,20895.71063,20578.98212
Maleylpyruvate,69245.17543,64968.69817,63183.52706,69681.33978,68571.58277,73466.00177,58356.23423,65766.74844,64736.54786,71800.7732,72997.09221,70128.06604,77373.55135,78730.26357,66224.58446,79515.31088,67255.66786,74510.98385,62985.30963,74242.43483,106150.4684,75219.92715,66720.38234,77868.528,83933.64504,93541.93393,63369.8885,71906.90018,81785.52811,93494.78091,73675.12223,81748.54994,92850.08056,78028.43131,65058.38769,76823.40154,107671.4833,81475.06223,72433.2072,95253.45491,83318.77044,83114.8856,75150.95325,1,1,1,1,1,1,1,1,2271.415909,3319.552762,1644.591952,1622.850894,1,1,1,1,1437.381,727.05925,1,1,1764.349615,1274.145,1602.458276,1,1,1,1,1648.037881,1,1,1,1,2342.909714,1,1,1,1,1,1902.5475,1006.802963,1,1,1,1,1,1,1,1,1,1225.84818,1,1,1,1563.162182,1439.284421,1,1
Mannose,31326.44516,38012.78274,33653.17335,35280.41777,25978.87152,24604.06929,26898.91771,25597.77216,33035.82663,35395.4601,34010.79506,35017.49492,63553.87479,64946.93085,61121.90413,61782.72094,140845.0106,150255.208,132857.7002,145685.6795,16554.27879,28481.74138,29900.62945,23652.60359,93949.5748,96694.21985,107393.0407,132808.9063,44182.96081,45032.66366,43091.76024,25098.57556,55526.55935,65646.357,18444.825,29803.49064,28435.93316,25575.97224,31224.59087,36500.70605,23927.49569,51591.71657,51696.36347,31589.8045,7947.049494,31051.69859,36891.28288,76593.22162,25280.60216,12188.37404,4494.343152,10783.14688,45597.17322,9703.407923,12879.74287,14898.41857,11773.52133,12993.90429,5510.913286,18096.0868,12980.81577,21990.34117,19310.2096,17608.91022,19769.68667,12365.681,23450.7647,28926.4875,15120.2,6566.241813,22762.10328,25928.63231,15388.9996,20472.3384,20640.3288,11477.70275,18354.5433,7725.424306,6060.287409,12407.78693,22181.876,7172.252875,19737.27213,10056.04542,8161.421088,19667.67109,11278.119,9535.351766,28154.11777,6059.030001,9388.831833,10550.3925,23864.22917,768.8632509,24196.34442,1,10992.70338,5655.338879,9407.855222,14404.91656
Mesaconic acid,177073.2329,179170.5725,188113.5073,175589.872,110281.2247,126455.5292,122260.8128,150435.5518,163131.6693,108293.0758,107508.1289,134003.9466,141886.0612,159857.1236,162761.3055,160002.8101,154204.615,134419.5543,151815.6118,154414.4516,137824.591,173555.6786,167390.0102,174277.0106,176597.8926,166804.4836,160594.5045,156399.1666,108611.8248,162584.1568,123164.6001,130441.2909,169643.8102,181117.7228,152047.6903,136439.6189,180113.0154,195998.2382,173432.021,189106.8998,143722.8528,187496.0477,180437.1896,20689.3648,13189.35813,15378.27829,11159.65309,17519.39446,13159.13375,19342.66869,12433.05833,21145.4005,21213.39444,11508.31942,13785.50149,10665.96629,10063.12472,12448.44018,11688.8785,15497.76,10199.10924,12050.03705,14409.78501,14948.17994,14673.834,12338.57662,14794.0485,15531.68642,14297.6711,13786.75398,11727.09453,12677.67088,18769.86233,15342.29505,24948.96895,17302.11221,12175.69467,13407.3404,12854.00441,14819.39144,12775.93981,16541.96593,11631.07424,10060.80575,12990.01442,15940.97719,11085.06369,14347.6583,15942.46226,12427.62425,11208.11541,17705.24733,19855.17872,15160.90921,14777.15542,11119.35525,13598.88057,14649.42468,11720.63401,13327.23753
Mono(2-ethylhexyl) phthalate,5049.572206,4156.828667,5794.164484,4245.522368,4245.912576,1,1,4280.007767,4663.764219,2838.260905,3205.463952,4186.696,1,4033.980417,1,4147.28444,4506.697235,3781.597203,4570.302649,3054.193,4024.721222,4061.59488,2866.171217,1,1,1,1,3805.25475,3886.215703,2904.7808,2222.0303,2503.345413,2943.566,3863.78236,4436.893648,2899.024174,2781.92271,1,3925.01371,4650.560432,1,4862.701846,2727.004966,3995.299913,3395.013067,2460.356,3334.883979,3033.44087,3455.288529,2249.83125,3210.9369,3199.299526,3302.36909,2444.257472,2989.610925,1,2184.46,1989.0185,2262.426643,1,2532.485053,1,2521.822886,3256.67004,3997.682045,2984.513926,3028.927463,2726.549474,10654.92161,2518.520579,2386.6036,3411.098632,1,3214.727261,2460.789324,2977.555,2527.823111,2673.890526,2645.605417,2456.944737,3343.789167,2403.405,2347.82835,2264.094711,2674.388091,2392.594286,3267.115029,2431.959286,3053.178333,1689.438,2374.4955,2421.38532,3091.9156,2569.88125,2163.557053,1722.510833,3278.387045,2023.263,2819.424559,2046.293889
Myristic acid,8562.412833,7031.84625,6487.259333,6229.387241,5622.854869,4615.31125,4175.816393,3233.689453,5257.819328,4952.189143,6098.473969,5121.898438,18438.59649,16455.56667,20068.52242,14262.43682,21188.31246,20058.49056,21524.50321,23142.37353,15720.97914,10016.92423,9716.172506,5154.145765,10101.72995,9054.707375,9609.656875,8163.836471,15498.833,22237.34481,16291.48309,5154.492813,5962.618857,5564.551781,20665.7625,4562.179742,21760.10175,24088.89375,11693.67034,11559.73519,12175.41461,22261.26571,11161.7907,49101.91375,18587.77577,4015.128047,11514.28175,47908.23882,12229.56952,9348.914043,28940.07538,56308.51448,70464.8215,65671.11027,46963.80596,24830.98679,30326.67554,28457.897,17335.02021,33472.25402,29368.15921,29894.10838,13058.775,49032.4806,92395.03459,19646.97768,25225.85219,13592.13703,19724.60571,22470.09136,16268.90185,13440.4598,11440.58754,8392.027893,25407.58167,22877.96536,22551.1645,23143.7985,224356.378,20885.22057,13112.65704,52921.89732,23672.20029,25821.54991,18796.86795,21882.96371,25083.31331,15687.39,31381.55789,11880.56716,15929.40585,34623.51793,22947.21386,14548.36066,23167.53118,26657.67857,16687.78581,9243.1265,10113.4519,14631.60168
Myristoylcarnitine,20906.8795,18810.90711,17896.13811,17495.85733,7207.314523,5295.962447,4826.974929,5183.866474,5694.85,5712.400425,5416.231042,4658.2368,24575.32467,23794.74989,21915.27841,25451.21826,23873.46465,26217.11733,23251.38472,26312.14421,6311.5964,11492.58,11552.98844,26557.5127,10327.97,11518.17875,23249.42724,52170.32857,9518.364042,8176.3683,8561.731556,9756.1695,19324.17775,19655.32194,10369.77943,4513.006692,18302.60448,20931.031,15702.36565,7115.248,13174.55986,3679.282143,14505.07734,63412.76205,20670.82144,4710.589714,13595.2455,35736.07543,92261.873,93950.61706,31519.0445,32361.706,63740.6655,30642.86842,41565.10075,26579.81864,46172.699,34125.85903,28660.83589,41030.34367,27893.26283,42112.93461,17674.00934,40803.34843,57079.451,21622.98075,24560.744,23413.71733,37547.93167,26101.11528,32608.8383,32399.23632,20535.625,17363.6154,61184.22947,22046.9565,20368.99272,76802.96267,105145.128,23653.74309,24786.29767,28100.35636,24811.77006,21385.16125,10068.25244,25599.85938,31490.73272,21138.08923,64442.6784,23205.23461,21501.17614,39126.81018,76315.30977,22775.52764,72876.03765,167601.3737,24321.19263,25174.11771,21831.69139,25507.27753
"N(alpha)-Acetyl-L-2,4-diaminobutyrate",17923.54375,12152.058,17527.80875,1,24617.89125,22299.024,25356.36439,22555.52238,1,1,1,1,5741.274,1,1,1,42274.94559,46245.76871,46366.78196,56884.98825,8403.872917,1,1,1,388151.3605,415937.5893,55180.42782,35636.998,1,5773.088081,4000.430682,1,72516.7737,73194.16547,18553.2815,13895.736,12455.97727,49739.8587,16161.13543,8042.474844,1067.978571,7800.793083,39336.44607,36022.91294,10382.37131,14019.488,23484.59811,132101.1404,9142.959,5170.040455,14642.46489,1,6444.1547,9964.588833,15778.88065,1,11736.70833,1,15560.52553,30616.8192,15249.01108,19163.36735,17891.80723,14645.11388,9451.776643,12360.82942,14577.09176,9817.811667,11816.51455,13931.898,7696.594,22842.4644,15813.262,9629.759063,14228.44183,16059.05825,19119.00308,12562.83963,12942.28923,19754.02509,15446.70545,20600.50286,10451.25733,12775.97671,17006.77631,13479.00188,1,19688.17725,43174.7709,16757.09854,23942.37386,1,54265.43052,11202.41146,11971.89686,15438.916,18175.77092,18873.05455,1,12021.656
N-(Carboxymethyl)-D-alanine,1,1,1,1,1,1,1,1,1,1,1,1,1,1,1,1,1,1,1,1,1,1,829.9405714,1629.086686,1,1,28709.15642,1,1,1,1,1,1,1,1,1,1,560.3476667,1,1,2338.3509,1,1,3027.995892,1,1,1,1,1,3376.826932,5477.1525,5223.27728,5911.035208,3829.047929,5076.857068,3273.585238,9209.955759,5139.015159,4076.509565,4917.887932,4379.339135,3375.74505,4970.807143,4029.977955,4185.142821,3516.759024,5113.83104,6948.340363,4518.126537,5924.435379,3978.2466,4080.332261,6285.867259,3913.84613,5638.00379,4005.217568,5211.731846,20232.15246,10737.28681,4520.341435,4792.344968,3554.455352,4447.489304,5051.159862,3694.543429,4525.030357,6009.398438,4992.062192,4592.712523,5781.484667,4375.086545,3368.169524,14844.69644,9668.103091,6616.525405,17886.43743,4066.945685,6861.730219,4731.378261,7658.1582
"N,N-Dimethylarginine (ADMA)",27262.81456,32931.53086,27671.61257,30356.30005,35727.33688,37025.84943,33820.3584,37344.71729,34543.88114,38129.37545,28703.52106,32369.9376,52362.4876,51920.89385,52374.3566,47566.76039,220229.2834,177184.7184,213978.0475,218340.4946,33147.31613,51370.78844,56671.08975,33237.1235,110017.271,81274.60578,139090.9577,151679.1638,26319.14025,25423.046,31486.92421,61869.647,63382.23363,70667.96794,23719.28271,22177.86345,68065.05667,45341.89367,14452.34288,52255.59733,37118.22183,38167.88956,77289.355,19339.35467,21603.51283,53598.27538,27870.1625,96165.91568,52816.24237,42657.41458,23275.56933,29203.2622,34723.78933,23846.691,15475.8275,29765.827,15413.58333,19740.69,21521.376,23476.8555,13458.269,19311.64029,14667.37225,21017.21842,29091.4475,18661.60083,19515.14367,42121.482,18105.247,22622.95167,22730.86883,55272.112,24296.99633,17127.2287,37256.854,17805.22821,19093.09683,19684.77083,14885.7072,16294.1504,19903.62267,17304.90067,17812.01875,13996.11409,19732.17708,19458.378,13076.91,17918.5214,24308.18743,15749.84125,12468.39491,18960.3283,25698.26533,20419.668,24288.55843,22749.15057,16549.514,15627.4069,15283.6284,15234.75
N1-Methyl-2-pyridone-5-carboxamide,8802.0119,8706.447,9844.29,5938.5925,1,1,1,1,1,1,1,1,22678.992,17649.428,21446.49731,19903.01775,168677.8631,203517.471,156118.326,201740.7793,3927.669,11982.89942,11440.3256,4926.8205,60622.18693,58255.29619,130397.6147,124141.276,17890.25117,17854.3651,1,19040.77729,18009.87267,20348.4078,103529.8211,5299.672,300983.393,23374.49267,1,6940.163167,1,13775.6926,78369.32991,26888.741,4438.9072,71673.921,21259.656,85218.42,108123.8808,89892.6765,14775.12656,9413.280583,31549.34867,7719.780667,7042.443,25542.44655,9209.291143,6294.177,7795.7209,11259.42657,19775.27957,22802.79063,15520.03071,6693.473625,34803.90171,5889.77475,3718.4832,62633.56031,14712.81525,16261.26969,1,1,1,9172.378333,17284.344,5196.453167,15002.74205,6886.2625,16506.98308,15511.65,7271.415,12576.50286,10034.3125,8720.237417,13664.21222,1,11599.69699,12726.35188,3984.60975,16834.515,14694.50945,5239.35,1,7092.309167,19343.52423,9449.055,5219.581607,8470.601333,6800.4916,11207.47886
N1-Methyl-4-pyridone-3-carboxamide,20285.724,17523.48542,20089.64939,21112.159,1,1,1,1,1,1,1,1,37733.70906,37396.4,32041.20375,34703.4553,20201.1165,24300.855,27306.315,31232.87257,1,1,1,74266.443,1,1,10896.93269,16599,1,1,1,1,2387.972917,2477.541667,42533.88756,1,33366.72514,63687.13371,34664.25286,1,31930.50117,1,12038.24436,5471.457409,1,1,54474.00825,1,23187.65075,1,1,1,66329.24222,1,40366.13695,6826.761188,5295.5935,23227.50857,1,1,3897.355,6624.977333,5838.1485,1,10857.30854,1,1,19405.51708,35456.47369,5674.613143,3994.4205,91602.60477,1,1,53396.798,32524.695,6391.845571,4107.381167,1,1,2816.924,1,4721.134,1,21329.3905,1,2535.6603,2776.385417,4363.046357,10904.9982,1,1,1,1,5971.1667,2686.0401,2778.04,24660.09719,1,1
N5-Methyl-L-glutamine,17923.54375,12152.058,17527.80875,1,24617.89125,22299.024,25356.36439,22555.52238,1,1,1,1,5741.274,1,1,1,42274.94559,46245.76871,46366.78196,56884.98825,8403.872917,1,1,1,388151.3605,415937.5893,55180.42782,35636.998,1,5773.088081,4000.430682,1,72516.7737,73194.16547,18553.2815,13895.736,12455.97727,49739.8587,16161.13543,8042.474844,1067.978571,7800.793083,39336.44607,36022.91294,10382.37131,14019.488,23484.59811,132101.1404,9142.959,5170.040455,14642.46489,1,6444.1547,9964.588833,15778.88065,1,11736.70833,1,15560.52553,30616.8192,15249.01108,19163.36735,17891.80723,14645.11388,9451.776643,12360.82942,14577.09176,9817.811667,11816.51455,13931.898,7696.594,22842.4644,15813.262,9629.759063,14228.44183,16059.05825,19119.00308,12562.83963,12942.28923,19754.02509,15446.70545,20600.50286,10451.25733,12775.97671,17006.77631,13479.00188,1,19688.17725,43174.7709,16757.09854,23942.37386,1,54265.43052,11202.41146,11971.89686,15438.916,18175.77092,18873.05455,1,12021.656
"N6,N6,N6-Trimethyllysine",9441.610667,12155.35357,11599.17321,10941.10614,12699.998,14227.881,12310.00575,12134.05543,12022.02288,12960.27114,8983.786875,10094.78429,7564.186,6752.614,5986.108,8215.258333,23156.02543,24970.42114,20276.665,25406.24114,7935.668,20464.936,15930.17563,13767.38186,21082.84786,32581.52494,20637.43581,26564.45025,7700.540571,9642.194667,11707.42514,25738.36913,25292.81813,28553.28644,9461.984,10871.10113,12481.42757,11235.1145,7733.668,8350.8255,7553.5675,15135.72357,25318.20389,14760.5025,11264.967,35296.0955,19175.5315,24689.1225,15543.47079,15126.39686,10496.55986,12832.7775,16382.65775,6420.536,8976.512,11778.014,14418.14283,7755.158917,9596.954167,9767.399833,8321.7155,15656.5215,11981.61,4990.940417,8314.130417,6575.873143,6322.8,50012.13825,13292.72208,7565.608333,21892.39179,22952.90936,12534.9195,7108.019,26697.786,4115.949667,6957.564333,14719.85417,5950.7217,9623.64,13267.947,5886.57975,14009.20031,6739.5288,6212.6295,10048.16286,6524.396667,9540.076563,9612.769833,10731.30933,6778.4555,8069.168571,7610.532167,5259.808,12470.82236,10239.85967,5254.704,9639.0918,6509.8656,16390.3185
UM1,73008.84403,60273.16695,33114.48,34216.7404,76023.6925,65925.4453,64747.11476,71138.59248,43514.51804,38674.43734,34083.16046,27808.79514,16077.7501,17783.643,21034.00329,15809.09153,36182.30935,37032.90042,33170.8721,31590.41745,66529.42121,80875.65243,78507.937,3772.265625,10777.28744,1,29512.66129,98673.59973,1,1,7888.927,1,200105.9847,211101.1501,57862.29493,1,1,39355.14233,118754.9785,1,1,34465.50947,47968.47187,1,8293.526357,175325.8667,1,1,26280.61127,1,1,14325.29377,1,18164.63988,1,1,1,1,1,1,1,12539.78365,1,1061.861423,1,1,1,1,1,1,1135.830643,2403.329684,1,1,1,1,1256.6816,1,1,708.838,1,1,1,1,1,1,1,1,1,1,1,1350.65,1,1,1,1,1,1,1,1
UM2,73008.84403,60273.16695,33114.48,34216.7404,76023.6925,65925.4453,64747.11476,71138.59248,43514.51804,38674.43734,34083.16046,27808.79514,16077.7501,17783.643,21034.00329,15809.09153,36182.30935,37032.90042,33170.8721,31590.41745,66529.42121,80875.65243,78507.937,3772.265625,10777.28744,1,29512.66129,98673.59973,1,1,7888.927,1,200105.9847,211101.1501,57862.29493,1,1,39355.14233,118754.9785,1,1,34465.50947,47968.47187,1,8293.526357,175325.8667,1,1,26280.61127,1,1,14325.29377,1,18164.63988,1,1,1,1,1,1,1,12539.78365,1,1061.861423,1,1,1,1,1,1,1135.830643,2403.329684,1,1,1,1,1256.6816,1,1,708.838,1,1,1,1,1,1,1,1,1,1,1,1350.65,1,1,1,1,1,1,1,1
UM3,1,7737.633341,9354.99978,7555.672396,23184.32486,1,1,16668.21471,11197.68471,1,12941.7,1,1,9812.666674,11579.59598,1,9092.7994,10137.87716,1,10005.3189,9892.120154,1,13562.66692,1,1,1,1,17196.47314,1,1,14293.46967,1,1,1,1,14439.1781,1,1,1,18547.07148,1,1,1,7985.365167,28826.4544,1,18424.70426,17005.48304,19113.92267,4809.511167,14561.0036,1,1,34750.85571,30260.18016,34188.41739,137652.2176,40830.405,22787.07543,13882.36483,17950.93683,44254.77111,15092.4564,39927.7515,23715.4295,11433.44974,35313.03188,4266.318,19839.81133,60789.58167,4729.895526,15661.31543,21436.29944,22062.59141,15846.9155,71741.72687,36204.344,29790.0486,35412.18372,111061.2627,21675.79711,44572.51642,7024.62,8506.5226,28715.73479,18389.112,57512.874,31636.52252,11415.6209,33676.74765,47691.48189,1,29028.16474,15281.75865,39120.05263,60114.138,25159.08073,27067.26315,19422.91096,76259.73785
UM4,4566.250872,5099.715382,2929.733154,4472.669654,3205.268289,3604.674143,3772.49125,3748.76775,4444.68775,3686.732656,3503.1429,3928.086833,2710.61075,3249.6675,2562.921692,1,3735.44225,3559.042778,3678.408889,3362.3688,3265.297789,1,1,3966.1025,5344.65135,1,4777.133263,4619.784,3360.422,1,1877.6114,4670.093476,1,1,5693.304,4444.035316,1,1,5605.8316,4661.756,4921.974946,3543.632455,3409.636235,1,1,1,1,1,1,1,3263.7756,4670.447833,3080.5835,3093.165714,4961.520706,4309.6005,1,3395.643588,3947.842421,4561.733706,3144.6279,2901.596409,5217.491357,4275.873333,3337.48675,4074.795605,1,2015.2902,4197.331125,1,3195.97,2712.565423,4367.444016,1,2505.590859,1,1,5110.01245,7525.6209,3399.564667,4073.127577,3119.8772,1,3926.533,3524.392308,2934.060667,1,1,1,2178.8265,1,1,5497.628917,6318.474658,1,3961.180846,2765.715333,3363.108562,3240.846,1
UM5,1,7737.633341,9354.99978,7555.672396,23184.32486,1,1,16668.21471,11197.68471,1,12941.7,1,1,9812.666674,11579.59598,1,9092.7994,10137.87716,1,10005.3189,9892.120154,1,13562.66692,1,1,1,1,17196.47314,1,1,14293.46967,1,1,1,1,14439.1781,1,1,1,18547.07148,1,1,1,7985.365167,28826.4544,1,18424.70426,17005.48304,19113.92267,4809.511167,14561.0036,1,1,34750.85571,30260.18016,34188.41739,137652.2176,40830.405,22787.07543,13882.36483,17950.93683,44254.77111,15092.4564,39927.7515,23715.4295,11433.44974,35313.03188,4266.318,19839.81133,60789.58167,4729.895526,15661.31543,21436.29944,22062.59141,15846.9155,71741.72687,36204.344,29790.0486,35412.18372,111061.2627,21675.79711,44572.51642,7024.62,8506.5226,28715.73479,18389.112,57512.874,31636.52252,11415.6209,33676.74765,47691.48189,1,29028.16474,15281.75865,39120.05263,60114.138,25159.08073,27067.26315,19422.91096,76259.73785
UM6,14578.77543,9591.1992,8287.4485,9287.523,30489.77067,53462.0493,32750.01311,30505.37414,16111.036,30076.95938,22673.81783,32988.29208,14500.39255,11939.26696,16018.52633,1,7103.2975,6187.901214,17353.878,6383.003308,12563.44924,16876.695,15385.16955,1,1,1,7145.530667,16707.7008,7384.731429,1,15361.32057,11720.87007,1,19897.4688,7662.648233,1,7221.825385,8339.623891,20120.97024,25337.27478,7804.3705,20344.77,7270.332378,4979.426667,44743.17708,1,1,14883.05738,1,1,11052.52958,47986.6514,5559.125,18197.718,19589.83111,26964.72026,159659.0796,43541.60511,1,11036.20375,20754.00232,34217.307,9521.322647,30543.74167,18445.2,1,26266.62806,1,18889.77375,35155.12018,1,1,12130.10383,21097.278,13651.33269,54082.06917,22362.17355,33186.75938,1,64127.27583,1,16142.434,4273.9122,8520.021176,1,15713.9787,46773.84474,24490.16856,11579.92871,22403.42418,36136.76109,34631.90857,1,11099.39444,31876.01097,38549.61192,14458.64155,20335.31194,1,1
UM7,208937.4965,204654.5118,177695.5173,203752.5102,8442.415778,1,7082.660619,6633.235,7385.511429,8651.076,703.0406667,7241.472444,23524.94737,1,19826.48588,19466.3265,311413.824,319844.5678,330175.6831,340332.0678,162472.5228,235665.5547,237980.6853,102945.1455,85078.89475,86706.5892,400634,333508.8027,25141.20622,31175.81071,98311.044,1,211780.2246,206018.2255,16658.91267,12371.7135,67769.10018,226572.8954,144367.7142,146493.6843,31776.20556,125831.4555,372368.3485,235865.3302,7598.403077,52275.746,87083.53925,7788.496538,115884.5763,124258.19,3649.349786,6043.088071,1496.335077,2425.976667,3827.145,2530.5975,4222.129,5761.327273,5241.918231,3778.935571,3756.514857,4043.783333,3774.227143,4666.709609,4208.419722,3691.543625,3592.158,2837.289,4127.1309,4355.714786,4829.331885,1,3724.872364,4824.040571,3376.1295,1140.581,5154.017727,4507.7664,5228.303583,3238.439667,4447.461792,4019.688571,4042.357667,4251.744,4669.0435,3428,4498.946,4501.523889,4473.486,3567.76875,3281.607333,2897.055429,3539.358667,5160.07,3073.9716,3507.2247,5000.32325,1,2884.287,3206.936
UM8,7139.5878,7755.980094,6396.517273,5090.068846,10557.54869,9127.141071,10650.54954,9741.430286,15510.30758,14421.95,15038.71875,14044.9307,6082.860278,6856.417778,5410.711,7314.410143,14354.03338,11470.00671,11882.50062,17092.15769,9037.766875,10999.5606,8974.185545,10765.10832,3883.867211,3054.6312,21739.37145,26802.4329,2369.844957,1977.442133,19256.05582,4018.894429,20943.738,19798.7455,28655.87203,4583.988857,1,9396.435833,14058.655,3929.87545,3950.263167,5428.575,2770.087692,6703.005857,823.0899444,4265.999833,817.4481,6420.26,1,1308.957154,10980.17236,2100.629294,1,6868.760818,3826.3415,1,1,1905.655694,1136.27475,1033.323,1667.010857,1,1,1460.242286,9416.7536,1596.2475,2115.417375,1,1,1,3252.2775,6927.853149,972.2164444,1,4059.8465,770.8173,2284.015429,4287.096917,2636.94825,2598.861333,1110.022,4767.0927,810.912875,1516.920769,787.8345,4184.08375,3206.4,3538.4972,1843.559667,2106.84225,1,1036.661062,1,2810.2315,3675.270625,1671.978667,1,2990.7475,772.6068,1310.703704
UM9,8716.54,6056.175259,1,7984.297794,6158.533941,4786.317,14861.87938,3518.402727,4907.278333,11676.39883,3860.650688,3911.497375,2835.518769,1,1,2603.030833,3780.807692,3366.552,2874.6575,4499.085846,12528.52945,5917.499545,3935.789,4517.356571,4994.448,6762.839059,2532.50587,5387.452714,4735.7838,7020.9523,6986.590756,9002.813481,7286.270143,5146.916727,6304.534476,6307.147,5159.19375,5150.928682,5779.241613,5956.559974,6676.651923,7930.676309,3847.9224,7726.952957,6502.506727,3885.095769,4849.554286,3992.497714,3995.472545,7892.520833,12868.24891,1,5740.710438,5537.941636,5414.027333,3312.696,3946.547,5862.8916,4232.375,5569.842333,4787.076923,1,2402.02525,3058.404844,1,4730.190824,6195.178653,5847.5025,7294.474267,3725.843333,4771.389429,4007.748,3938.315333,4439.69,5270.055,7197.920071,3383.6,4081.208333,3364.879,1,4639.513214,4739.736857,3005.453,5538.788125,4650.282,4010.894222,4367.658929,3895.656,4296.489143,1,2990.269,3814.668,3053.7055,5230.509833,2389.626643,3957.48925,8388.942838,3702.402381,2957.167333,3151.511375
UM10,731205.2664,676754.3359,638237.925,580861.27,1204292.793,1268399.145,1152341.24,1147945.946,739300.9594,586836.25,592711.1341,638298.9038,458177.4069,421700.1555,459317.0864,389155.6915,309006.9191,253738.5717,277825.152,292218.1274,335047.4488,484651.9591,522398.4494,174300.892,149004.9989,140312.5022,199399.783,417263.3996,150245.3598,178168.5599,707643.9436,475694.1179,604328.5025,658152.7032,400052.8688,845225.7375,345517.7517,569696.8027,659134.476,788434.0177,347934.8959,709845.177,211234.2169,260057.3092,1023559.152,153428.9118,244565.8596,964514.7054,629074.0836,192208.2798,315700.3095,403939.3616,113857.7071,697790.4945,688432.5981,401557.5316,1803922.197,691351.8326,351944.8867,170902.0462,367876.6014,452134.9986,103821.0509,615339.6839,421308.496,138186.7534,346199.1602,60121.86204,230619.8363,624300.7443,56342.09292,205211.2007,172719.8287,225414.1687,249674.1444,868972.5644,248567.5942,298489.3208,311485.3315,673568.5113,198369.6299,564230.2156,168008.1744,126267.0499,310084.1547,264948.6895,624457.5047,287362.1204,261423.3253,341546.7485,513335.0872,558763.97,76657.22647,101243.1023,340326.0588,404928.8,228412.7779,294171.8956,148173.6,689425.2353
UM11,6397.037744,5665.416425,5021.643077,5205.973597,11246.56295,6111.558641,11933.84857,2986.338288,13308.53002,11918.70388,12422.76135,11644.51851,7224.155513,6675.645,9836.020124,6719.859466,10258.79503,7987.546316,6523.992647,9107.925913,7467.819868,10802.37692,7843.150486,5585.812112,9282.666167,12641.08207,12859.09683,6507.511368,5706.419063,5090.226034,2734.19599,12340.87854,6019.174849,4291.453267,18468.97247,15895.55957,11437.47135,5811.0276,3664.801171,4322.016932,6294.361973,4802.827346,14685.3725,23324.39085,15612.69121,35121.5876,7550.61425,12346.52817,24340.29455,23317.57363,22880.66245,19075.36556,7222.467905,3690.8232,41653.68528,20127.44206,7442.186357,102273.0309,11120.62219,40886.13983,7813.3795,9993.2871,40448.7641,56419.53434,7043.701657,20997.50937,43063.671,29144.274,14672.09222,10732.88123,88789.43647,108389.0658,19278.452,15395.7376,5728.404654,22875.4161,67651.71414,117445.4132,61072.50396,20332.01557,27921.78645,10045.368,124626.852,11979.16581,158694.0292,36532.70368,22795.97005,78352.81159,48819.32192,73517.21367,23964.438,24238.368,11502.39393,34945.03423,25154.173,31933.01562,16717.09015,20223.04725,180709.633,27441.85547
UM12,12880.37136,20607.84828,21732.97284,19768.89944,6075.28161,4700.774592,5158.16001,4734.729947,2234.724014,2147.481216,2776.204571,2167.536338,4145.203606,4554.835214,4823.787417,5706.994667,9781.58325,10154.44751,13293.24468,10181.23637,6607.910289,5663.402482,5283.03329,22623.25154,12579.07605,13945.01752,36145.63272,34584.65673,2995.24725,3221.684935,3038.698242,9609.094286,54820.2866,59451.35846,39785.45777,5778.803904,5909.206656,7051.620397,9127.769266,6251.668261,2919.950695,15648.69643,59898.17817,7703.159275,5789.535896,32016.40139,5288.872742,75279.40541,25070.51937,19387.01785,30780.62098,7871.523212,15562.88703,4193.030941,8264.215762,5510.914286,8572.597906,10912.52074,7770.052557,6268.587552,16280.07199,9511.218027,7489.862888,3953.394308,15218.34245,4932.2464,6148.694444,27473.524,6728.987139,6827.188286,6040.066103,9158.4444,5814.338522,5863.925385,7227.609677,5163.522159,12967.88861,9551.62275,22509.37482,17108.987,12080.74522,8890.4575,9021.138035,10082.64898,4840.008182,11726.69043,7880.279399,9224.863199,3619.753,10293.07561,10200.04741,8359.917073,14197.81141,7816.682148,8537.118602,5366.523536,16186.5545,8244.687924,10124.7533,8687.483766
UM13,12880.37136,20607.84828,21732.97284,19768.89944,6075.28161,4700.774592,5158.16001,4734.729947,2234.724014,2147.481216,2776.204571,2167.536338,4145.203606,4554.835214,4823.787417,5706.994667,9781.58325,10154.44751,13293.24468,10181.23637,6607.910289,5663.402482,5283.03329,22623.25154,12579.07605,13945.01752,36145.63272,34584.65673,2995.24725,3221.684935,3038.698242,9609.094286,54820.2866,59451.35846,39785.45777,5778.803904,5909.206656,7051.620397,9127.769266,6251.668261,2919.950695,15648.69643,59898.17817,7703.159275,5789.535896,32016.40139,5288.872742,75279.40541,25070.51937,19387.01785,30780.62098,7871.523212,15562.88703,4193.030941,8264.215762,5510.914286,8572.597906,10912.52074,7770.052557,6268.587552,16280.07199,9511.218027,7489.862888,3953.394308,15218.34245,4932.2464,6148.694444,27473.524,6728.987139,6827.188286,6040.066103,9158.4444,5814.338522,5863.925385,7227.609677,5163.522159,12967.88861,9551.62275,22509.37482,17108.987,12080.74522,8890.4575,9021.138035,10082.64898,4840.008182,11726.69043,7880.279399,9224.863199,3619.753,10293.07561,10200.04741,8359.917073,14197.81141,7816.682148,8537.118602,5366.523536,16186.5545,8244.687924,10124.7533,8687.483766
UM14,12880.37136,20607.84828,21732.97284,19768.89944,6075.28161,4700.774592,5158.16001,4734.729947,2234.724014,2147.481216,2776.204571,2167.536338,4145.203606,4554.835214,4823.787417,5706.994667,9781.58325,10154.44751,13293.24468,10181.23637,6607.910289,5663.402482,5283.03329,22623.25154,12579.07605,13945.01752,36145.63272,34584.65673,2995.24725,3221.684935,3038.698242,9609.094286,54820.2866,59451.35846,39785.45777,5778.803904,5909.206656,7051.620397,9127.769266,6251.668261,2919.950695,15648.69643,59898.17817,7703.159275,5789.535896,32016.40139,5288.872742,75279.40541,25070.51937,19387.01785,30780.62098,7871.523212,15562.88703,4193.030941,8264.215762,5510.914286,8572.597906,10912.52074,7770.052557,6268.587552,16280.07199,9511.218027,7489.862888,3953.394308,15218.34245,4932.2464,6148.694444,27473.524,6728.987139,6827.188286,6040.066103,9158.4444,5814.338522,5863.925385,7227.609677,5163.522159,12967.88861,9551.62275,22509.37482,17108.987,12080.74522,8890.4575,9021.138035,10082.64898,4840.008182,11726.69043,7880.279399,9224.863199,3619.753,10293.07561,10200.04741,8359.917073,14197.81141,7816.682148,8537.118602,5366.523536,16186.5545,8244.687924,10124.7533,8687.483766
UM15,12880.37136,20607.84828,21732.97284,19768.89944,6075.28161,4700.774592,5158.16001,4734.729947,2234.724014,2147.481216,2776.204571,2167.536338,4145.203606,4554.835214,4823.787417,5706.994667,9781.58325,10154.44751,13293.24468,10181.23637,6607.910289,5663.402482,5283.03329,22623.25154,12579.07605,13945.01752,36145.63272,34584.65673,2995.24725,3221.684935,3038.698242,9609.094286,54820.2866,59451.35846,39785.45777,5778.803904,5909.206656,7051.620397,9127.769266,6251.668261,2919.950695,15648.69643,59898.17817,7703.159275,5789.535896,32016.40139,5288.872742,75279.40541,25070.51937,19387.01785,30780.62098,7871.523212,15562.88703,4193.030941,8264.215762,5510.914286,8572.597906,10912.52074,7770.052557,6268.587552,16280.07199,9511.218027,7489.862888,3953.394308,15218.34245,4932.2464,6148.694444,27473.524,6728.987139,6827.188286,6040.066103,9158.4444,5814.338522,5863.925385,7227.609677,5163.522159,12967.88861,9551.62275,22509.37482,17108.987,12080.74522,8890.4575,9021.138035,10082.64898,4840.008182,11726.69043,7880.279399,9224.863199,3619.753,10293.07561,10200.04741,8359.917073,14197.81141,7816.682148,8537.118602,5366.523536,16186.5545,8244.687924,10124.7533,8687.483766
UM16,211760.5703,324199.7877,213857.3809,274719.459,282240.9966,256997.1198,287127.4167,328808.0273,182865.4213,232720.2741,131553.3618,117942.5948,100333.022,68163.78097,58705.5183,53043.96892,136257.1867,100674.2514,175071.2223,129126.0626,437892.2162,365814.6772,276426.0005,35178.30448,54941.97177,67068.22686,131288.1725,458107.6891,23549.76615,17057.63292,42494.02454,18196.96218,1251245.951,992955.7807,244720.3963,17907.281,9431.835327,157844.7249,406928.1562,66176.61188,60631.07139,158973.4435,172770.2898,48751.09965,40956.27561,625153.4554,15708.00397,37162.69652,112756.2961,17112.05503,5436.082748,18183.51727,3385.365511,37058.92236,3495.849789,10459.99443,41122.5875,4699.216578,5057.195,4125.700233,4333.582669,10862.79876,195.0671078,1871.275,18055.50463,987.1402558,2915.669354,1,6485.404035,518.5373853,9145.558819,5200.214271,285.9996873,2177.813778,13894.99889,5224.425855,2245.930968,5012.821664,943.4798686,942.2587533,4356.510861,6643.399074,94.91168965,1,494.5456976,1415.513589,2609.639423,657.3908677,518.4960813,72.98237083,4399.575795,7796.129517,171.6106426,920.3444956,1064.381398,2739.786236,2981.764631,615.1988416,1875.581282,6297.903281
UM17,211760.5703,324199.7877,213857.3809,274719.459,282240.9966,256997.1198,287127.4167,328808.0273,182865.4213,232720.2741,131553.3618,117942.5948,100333.022,68163.78097,58705.5183,53043.96892,136257.1867,100674.2514,175071.2223,129126.0626,437892.2162,365814.6772,276426.0005,35178.30448,54941.97177,67068.22686,131288.1725,458107.6891,23549.76615,17057.63292,42494.02454,18196.96218,1251245.951,992955.7807,244720.3963,17907.281,9431.835327,157844.7249,406928.1562,66176.61188,60631.07139,158973.4435,172770.2898,48751.09965,40956.27561,625153.4554,15708.00397,37162.69652,112756.2961,17112.05503,5436.082748,18183.51727,3385.365511,37058.92236,3495.849789,10459.99443,41122.5875,4699.216578,5057.195,4125.700233,4333.582669,10862.79876,195.0671078,1871.275,18055.50463,987.1402558,2915.669354,1,6485.404035,518.5373853,9145.558819,5200.214271,285.9996873,2177.813778,13894.99889,5224.425855,2245.930968,5012.821664,943.4798686,942.2587533,4356.510861,6643.399074,94.91168965,1,494.5456976,1415.513589,2609.639423,657.3908677,518.4960813,72.98237083,4399.575795,7796.129517,171.6106426,920.3444956,1064.381398,2739.786236,2981.764631,615.1988416,1875.581282,6297.903281
UM18,211760.5703,324199.7877,213857.3809,274719.459,282240.9966,256997.1198,287127.4167,328808.0273,182865.4213,232720.2741,131553.3618,117942.5948,100333.022,68163.78097,58705.5183,53043.96892,136257.1867,100674.2514,175071.2223,129126.0626,437892.2162,365814.6772,276426.0005,35178.30448,54941.97177,67068.22686,131288.1725,458107.6891,23549.76615,17057.63292,42494.02454,18196.96218,1251245.951,992955.7807,244720.3963,17907.281,9431.835327,157844.7249,406928.1562,66176.61188,60631.07139,158973.4435,172770.2898,48751.09965,40956.27561,625153.4554,15708.00397,37162.69652,112756.2961,17112.05503,5436.082748,18183.51727,3385.365511,37058.92236,3495.849789,10459.99443,41122.5875,4699.216578,5057.195,4125.700233,4333.582669,10862.79876,195.0671078,1871.275,18055.50463,987.1402558,2915.669354,1,6485.404035,518.5373853,9145.558819,5200.214271,285.9996873,2177.813778,13894.99889,5224.425855,2245.930968,5012.821664,943.4798686,942.2587533,4356.510861,6643.399074,94.91168965,1,494.5456976,1415.513589,2609.639423,657.3908677,518.4960813,72.98237083,4399.575795,7796.129517,171.6106426,920.3444956,1064.381398,2739.786236,2981.764631,615.1988416,1875.581282,6297.903281
UM19,211760.5703,324199.7877,213857.3809,274719.459,282240.9966,256997.1198,287127.4167,328808.0273,182865.4213,232720.2741,131553.3618,117942.5948,100333.022,68163.78097,58705.5183,53043.96892,136257.1867,100674.2514,175071.2223,129126.0626,437892.2162,365814.6772,276426.0005,35178.30448,54941.97177,67068.22686,131288.1725,458107.6891,23549.76615,17057.63292,42494.02454,18196.96218,1251245.951,992955.7807,244720.3963,17907.281,9431.835327,157844.7249,406928.1562,66176.61188,60631.07139,158973.4435,172770.2898,48751.09965,40956.27561,625153.4554,15708.00397,37162.69652,112756.2961,17112.05503,5436.082748,18183.51727,3385.365511,37058.92236,3495.849789,10459.99443,41122.5875,4699.216578,5057.195,4125.700233,4333.582669,10862.79876,195.0671078,1871.275,18055.50463,987.1402558,2915.669354,1,6485.404035,518.5373853,9145.558819,5200.214271,285.9996873,2177.813778,13894.99889,5224.425855,2245.930968,5012.821664,943.4798686,942.2587533,4356.510861,6643.399074,94.91168965,1,494.5456976,1415.513589,2609.639423,657.3908677,518.4960813,72.98237083,4399.575795,7796.129517,171.6106426,920.3444956,1064.381398,2739.786236,2981.764631,615.1988416,1875.581282,6297.903281
UM20,211760.5703,324199.7877,213857.3809,274719.459,282240.9966,256997.1198,287127.4167,328808.0273,182865.4213,232720.2741,131553.3618,117942.5948,100333.022,68163.78097,58705.5183,53043.96892,136257.1867,100674.2514,175071.2223,129126.0626,437892.2162,365814.6772,276426.0005,35178.30448,54941.97177,67068.22686,131288.1725,458107.6891,23549.76615,17057.63292,42494.02454,18196.96218,1251245.951,992955.7807,244720.3963,17907.281,9431.835327,157844.7249,406928.1562,66176.61188,60631.07139,158973.4435,172770.2898,48751.09965,40956.27561,625153.4554,15708.00397,37162.69652,112756.2961,17112.05503,5436.082748,18183.51727,3385.365511,37058.92236,3495.849789,10459.99443,41122.5875,4699.216578,5057.195,4125.700233,4333.582669,10862.79876,195.0671078,1871.275,18055.50463,987.1402558,2915.669354,1,6485.404035,518.5373853,9145.558819,5200.214271,285.9996873,2177.813778,13894.99889,5224.425855,2245.930968,5012.821664,943.4798686,942.2587533,4356.510861,6643.399074,94.91168965,1,494.5456976,1415.513589,2609.639423,657.3908677,518.4960813,72.98237083,4399.575795,7796.129517,171.6106426,920.3444956,1064.381398,2739.786236,2981.764631,615.1988416,1875.581282,6297.903281
UM21,211760.5703,324199.7877,213857.3809,274719.459,282240.9966,256997.1198,287127.4167,328808.0273,182865.4213,232720.2741,131553.3618,117942.5948,100333.022,68163.78097,58705.5183,53043.96892,136257.1867,100674.2514,175071.2223,129126.0626,437892.2162,365814.6772,276426.0005,35178.30448,54941.97177,67068.22686,131288.1725,458107.6891,23549.76615,17057.63292,42494.02454,18196.96218,1251245.951,992955.7807,244720.3963,17907.281,9431.835327,157844.7249,406928.1562,66176.61188,60631.07139,158973.4435,172770.2898,48751.09965,40956.27561,625153.4554,15708.00397,37162.69652,112756.2961,17112.05503,5436.082748,18183.51727,3385.365511,37058.92236,3495.849789,10459.99443,41122.5875,4699.216578,5057.195,4125.700233,4333.582669,10862.79876,195.0671078,1871.275,18055.50463,987.1402558,2915.669354,1,6485.404035,518.5373853,9145.558819,5200.214271,285.9996873,2177.813778,13894.99889,5224.425855,2245.930968,5012.821664,943.4798686,942.2587533,4356.510861,6643.399074,94.91168965,1,494.5456976,1415.513589,2609.639423,657.3908677,518.4960813,72.98237083,4399.575795,7796.129517,171.6106426,920.3444956,1064.381398,2739.786236,2981.764631,615.1988416,1875.581282,6297.903281
UM22,211760.5703,324199.7877,213857.3809,274719.459,282240.9966,256997.1198,287127.4167,328808.0273,182865.4213,232720.2741,131553.3618,117942.5948,100333.022,68163.78097,58705.5183,53043.96892,136257.1867,100674.2514,175071.2223,129126.0626,437892.2162,365814.6772,276426.0005,35178.30448,54941.97177,67068.22686,131288.1725,458107.6891,23549.76615,17057.63292,42494.02454,18196.96218,1251245.951,992955.7807,244720.3963,17907.281,9431.835327,157844.7249,406928.1562,66176.61188,60631.07139,158973.4435,172770.2898,48751.09965,40956.27561,625153.4554,15708.00397,37162.69652,112756.2961,17112.05503,5436.082748,18183.51727,3385.365511,37058.92236,3495.849789,10459.99443,41122.5875,4699.216578,5057.195,4125.700233,4333.582669,10862.79876,195.0671078,1871.275,18055.50463,987.1402558,2915.669354,1,6485.404035,518.5373853,9145.558819,5200.214271,285.9996873,2177.813778,13894.99889,5224.425855,2245.930968,5012.821664,943.4798686,942.2587533,4356.510861,6643.399074,94.91168965,1,494.5456976,1415.513589,2609.639423,657.3908677,518.4960813,72.98237083,4399.575795,7796.129517,171.6106426,920.3444956,1064.381398,2739.786236,2981.764631,615.1988416,1875.581282,6297.903281
UM23,83690.39073,92299.97307,96636.13028,77057.71606,70607.03513,94997.77441,87176.07883,62106.58253,106735.6271,83387.04231,91096.02736,71519.01788,58733.24324,60209.00084,54127.48711,47428.09814,65875.33462,60237.711,53883.91923,81645.28923,125927.7268,77757.91135,69094.8287,80466.25568,67728.62441,67074.20565,63128.9835,58929.38596,85450.1934,82289.90571,83805.40269,80270.21041,68728.05297,82587.225,82664.14775,72235.40184,74724.36246,94845.32474,76837.91692,95600.19888,105734.0811,87433.42734,97912.442,1924.137324,575.6632018,459.0934631,133.3560799,382.6882622,505.7910413,545.4868382,4188.974965,10063.50277,6375.838127,3671.97188,3135.384646,3813.125866,885.4656703,3540.677994,2358.928936,3886.567353,4985.534221,2061.543855,4079.341584,4357.788863,6066.789113,2360.527113,2339.858516,3300.862327,6787.03789,2942.333939,6101.386191,2204.733955,2517.225721,3596.795139,4084.659457,4076.315356,3328.352819,3214.554384,3227.00632,3294.825519,2685.042044,4204.686509,2892.139939,2494.292981,1656.601333,2491.150943,3791.661169,2748.790018,1789.819116,2908.507673,2615.081792,7610.179335,2043.436394,2493.949492,2319.559103,1253.72374,2601.366788,2465.923972,2918.954497,3392.717796
UM24,90464.2016,84607.4291,118164.6702,113156.4899,187947.0886,274848.2606,142309.5062,153387.5856,245072.3306,214418.508,193295.8902,236703.5264,102610.496,83996.83511,97695.9891,77739.32575,56122.23995,46191.4624,43383.34283,60254.08683,54361.52115,160905.5616,169253.1992,62339.32875,37034.76805,32443.27017,22487.93458,43149.87141,53391.37232,62364.1694,207477.4952,127431.0214,78968.12309,65394.39308,58237.96443,162570.9252,47516.54664,67580.75192,69000.83697,147362.7679,81709.31737,101325.557,34512.29984,40685.99091,430802.6757,28619.80795,63871.19838,56328.1176,131104.8971,43587.19446,92462.459,115783.1675,35259.10707,182220.6716,162511.4358,105503.3189,513679.635,183345.3548,97884.35523,50987.68491,91388.78244,126136.0457,32781.83908,197915.8734,120021.5113,41617.17182,490692.3303,10866.8755,73981.85717,163688.2488,25319.70878,70642.30974,52916.38359,73751.14261,68120.10273,236704.4474,83882.2899,86995.63482,101061.8005,188251.8241,58806.2475,174289.656,47593.60913,41958.42255,80502.13761,72356.13236,156349.359,80905.80432,47222.19991,107657.5292,118793.0593,186224.6985,27299.16545,44189.42742,103641.0175,103970.7539,87764.80248,86094.06522,41946.0362,182707.1285
UM25,83690.39073,92299.97307,96636.13028,77057.71606,70607.03513,94997.77441,87176.07883,62106.58253,106735.6271,83387.04231,91096.02736,71519.01788,58733.24324,60209.00084,54127.48711,47428.09814,65875.33462,60237.711,53883.91923,81645.28923,125927.7268,77757.91135,69094.8287,80466.25568,67728.62441,67074.20565,63128.9835,58929.38596,85450.1934,82289.90571,83805.40269,80270.21041,68728.05297,82587.225,82664.14775,72235.40184,74724.36246,94845.32474,76837.91692,95600.19888,105734.0811,87433.42734,97912.442,1924.137324,575.6632018,459.0934631,133.3560799,382.6882622,505.7910413,545.4868382,4188.974965,10063.50277,6375.838127,3671.97188,3135.384646,3813.125866,885.4656703,3540.677994,2358.928936,3886.567353,4985.534221,2061.543855,4079.341584,4357.788863,6066.789113,2360.527113,2339.858516,3300.862327,6787.03789,2942.333939,6101.386191,2204.733955,2517.225721,3596.795139,4084.659457,4076.315356,3328.352819,3214.554384,3227.00632,3294.825519,2685.042044,4204.686509,2892.139939,2494.292981,1656.601333,2491.150943,3791.661169,2748.790018,1789.819116,2908.507673,2615.081792,7610.179335,2043.436394,2493.949492,2319.559103,1253.72374,2601.366788,2465.923972,2918.954497,3392.717796
UM26,83690.39073,92299.97307,96636.13028,77057.71606,70607.03513,94997.77441,87176.07883,62106.58253,106735.6271,83387.04231,91096.02736,71519.01788,58733.24324,60209.00084,54127.48711,47428.09814,65875.33462,60237.711,53883.91923,81645.28923,125927.7268,77757.91135,69094.8287,80466.25568,67728.62441,67074.20565,63128.9835,58929.38596,85450.1934,82289.90571,83805.40269,80270.21041,68728.05297,82587.225,82664.14775,72235.40184,74724.36246,94845.32474,76837.91692,95600.19888,105734.0811,87433.42734,97912.442,1924.137324,575.6632018,459.0934631,133.3560799,382.6882622,505.7910413,545.4868382,4188.974965,10063.50277,6375.838127,3671.97188,3135.384646,3813.125866,885.4656703,3540.677994,2358.928936,3886.567353,4985.534221,2061.543855,4079.341584,4357.788863,6066.789113,2360.527113,2339.858516,3300.862327,6787.03789,2942.333939,6101.386191,2204.733955,2517.225721,3596.795139,4084.659457,4076.315356,3328.352819,3214.554384,3227.00632,3294.825519,2685.042044,4204.686509,2892.139939,2494.292981,1656.601333,2491.150943,3791.661169,2748.790018,1789.819116,2908.507673,2615.081792,7610.179335,2043.436394,2493.949492,2319.559103,1253.72374,2601.366788,2465.923972,2918.954497,3392.717796
UM27,83690.39073,92299.97307,96636.13028,77057.71606,70607.03513,94997.77441,87176.07883,62106.58253,106735.6271,83387.04231,91096.02736,71519.01788,58733.24324,60209.00084,54127.48711,47428.09814,65875.33462,60237.711,53883.91923,81645.28923,125927.7268,77757.91135,69094.8287,80466.25568,67728.62441,67074.20565,63128.9835,58929.38596,85450.1934,82289.90571,83805.40269,80270.21041,68728.05297,82587.225,82664.14775,72235.40184,74724.36246,94845.32474,76837.91692,95600.19888,105734.0811,87433.42734,97912.442,1924.137324,575.6632018,459.0934631,133.3560799,382.6882622,505.7910413,545.4868382,4188.974965,10063.50277,6375.838127,3671.97188,3135.384646,3813.125866,885.4656703,3540.677994,2358.928936,3886.567353,4985.534221,2061.543855,4079.341584,4357.788863,6066.789113,2360.527113,2339.858516,3300.862327,6787.03789,2942.333939,6101.386191,2204.733955,2517.225721,3596.795139,4084.659457,4076.315356,3328.352819,3214.554384,3227.00632,3294.825519,2685.042044,4204.686509,2892.139939,2494.292981,1656.601333,2491.150943,3791.661169,2748.790018,1789.819116,2908.507673,2615.081792,7610.179335,2043.436394,2493.949492,2319.559103,1253.72374,2601.366788,2465.923972,2918.954497,3392.717796
UM28,27003.32371,23830.67408,23226.46192,24874.54833,33147.51804,32044.63167,31836.53829,31488.16978,36256.49294,28767.65518,34743.2225,35069.49317,16884.89492,18722.8775,18761.31522,16718.66566,36845.52508,43242.15986,45115.93575,42806.52939,12337.799,20467.62791,18236.24719,25811.82364,54030.72562,51037.90696,58133.07189,76503.55982,8049.7075,7488.743125,26891.40583,23593.58495,14177.1465,14146.867,20173.39188,9950.545818,13637.4501,19907.1975,42542.37814,11308.56845,34268.25348,8746.394364,67360.21335,24421.0545,18599.19238,26762.23075,25354.88299,16302.8824,5254.239486,10345.44906,15534.77936,10134.25837,4911.233965,28406.99696,7821.63619,39165.51754,26973.82148,7445.169119,16319.49988,24499.90161,32367.87829,28500.06971,9018.445397,14567.64797,35568.35316,17781.29021,22280.09358,9395.973945,79608.06333,21570.21427,22158.94517,68586.22696,12498.15213,17039.83018,42483.77327,6852.814666,24747.25719,11211.68353,11040.62465,23887.20743,27755.79094,19948.22345,5839.862452,10055.62391,5524.974911,19445.44357,40914.5994,12248.3608,26813.89993,7657.683511,11184.0465,28752.88669,42788.02496,7104.83896,38093.3892,22562.001,9795.776475,7574.363802,10011.63939,14382.7334
UM29,27003.32371,23830.67408,23226.46192,24874.54833,33147.51804,32044.63167,31836.53829,31488.16978,36256.49294,28767.65518,34743.2225,35069.49317,16884.89492,18722.8775,18761.31522,16718.66566,36845.52508,43242.15986,45115.93575,42806.52939,12337.799,20467.62791,18236.24719,25811.82364,54030.72562,51037.90696,58133.07189,76503.55982,8049.7075,7488.743125,26891.40583,23593.58495,14177.1465,14146.867,20173.39188,9950.545818,13637.4501,19907.1975,42542.37814,11308.56845,34268.25348,8746.394364,67360.21335,24421.0545,18599.19238,26762.23075,25354.88299,16302.8824,5254.239486,10345.44906,15534.77936,10134.25837,4911.233965,28406.99696,7821.63619,39165.51754,26973.82148,7445.169119,16319.49988,24499.90161,32367.87829,28500.06971,9018.445397,14567.64797,35568.35316,17781.29021,22280.09358,9395.973945,79608.06333,21570.21427,22158.94517,68586.22696,12498.15213,17039.83018,42483.77327,6852.814666,24747.25719,11211.68353,11040.62465,23887.20743,27755.79094,19948.22345,5839.862452,10055.62391,5524.974911,19445.44357,40914.5994,12248.3608,26813.89993,7657.683511,11184.0465,28752.88669,42788.02496,7104.83896,38093.3892,22562.001,9795.776475,7574.363802,10011.63939,14382.7334
UM30,27003.32371,23830.67408,23226.46192,24874.54833,33147.51804,32044.63167,31836.53829,31488.16978,36256.49294,28767.65518,34743.2225,35069.49317,16884.89492,18722.8775,18761.31522,16718.66566,36845.52508,43242.15986,45115.93575,42806.52939,12337.799,20467.62791,18236.24719,25811.82364,54030.72562,51037.90696,58133.07189,76503.55982,8049.7075,7488.743125,26891.40583,23593.58495,14177.1465,14146.867,20173.39188,9950.545818,13637.4501,19907.1975,42542.37814,11308.56845,34268.25348,8746.394364,67360.21335,24421.0545,18599.19238,26762.23075,25354.88299,16302.8824,5254.239486,10345.44906,15534.77936,10134.25837,4911.233965,28406.99696,7821.63619,39165.51754,26973.82148,7445.169119,16319.49988,24499.90161,32367.87829,28500.06971,9018.445397,14567.64797,35568.35316,17781.29021,22280.09358,9395.973945,79608.06333,21570.21427,22158.94517,68586.22696,12498.15213,17039.83018,42483.77327,6852.814666,24747.25719,11211.68353,11040.62465,23887.20743,27755.79094,19948.22345,5839.862452,10055.62391,5524.974911,19445.44357,40914.5994,12248.3608,26813.89993,7657.683511,11184.0465,28752.88669,42788.02496,7104.83896,38093.3892,22562.001,9795.776475,7574.363802,10011.63939,14382.7334
UM31,25539.34964,34982.28611,29712.402,21349.78698,22983.32536,23396.87114,23633.80942,16375.74989,39727.18867,38603.89443,44608.92319,47105.47782,4339.52407,5657.813274,5040.221725,4811.75199,12845.45229,17474.26507,17509.03808,16792.45,72377.9343,4726.164985,3420.746163,11982.94536,22842.29338,21932.8906,90865.7125,165660.1193,117612.8651,116167.5137,194824.1829,28858.37782,45168.5416,51302.65135,20801.74804,6657.761091,2143.575188,9374.758074,12644.48294,6586.240456,10042.09176,9201.72555,23447.14079,9244.83166,3224.063938,3323.190858,6365.929873,1313.759321,8616.639676,37489.80725,9119.768167,18184.50817,2703.457459,18250.743,9198.782239,4979.498333,6873.558068,13844.97344,3061.663231,3809.77903,9941.834833,3272.177861,2866.690329,5488.282397,4974.620925,8677.963362,7156.6882,408.0056434,3120.843586,3211.491645,1829.555404,3057.704608,4281.89725,18213.44424,5447.175912,16467.46584,7637.231539,2218.461768,4339.832325,3533.364818,5965.814834,5246.602346,3310.024875,2228.433778,6918.393052,2613.672778,10878.56651,3313.197588,3305.435538,1766.282031,13009.32261,4094.177375,4047.578365,3469.752167,1650.481625,6699.436085,5885.209684,3885.461468,4290.625816,21050.61758
N-Acetylneuraminic acid,6697.145,6806.138667,7864.5895,6849.401417,4200.86565,4624.478786,4444.482,4276.121921,31518.39247,30308.4012,26561.17929,31824.87638,5428.726063,4295.056813,5393.1245,4558.785,29886.12583,31590.12545,31419.64533,30991.98933,8523.861333,6523.394286,5945.577143,1909.700962,38577.03056,37406.58214,50278.53361,53625.82967,4011.572308,3598.789714,5162.123571,11347.03527,13823.42843,15323.83143,4881.580357,3606.909286,7873.563,6972.215467,6871.598067,3894.3097,3720.124,5748.04,29089.146,1,1,9889.315028,1,10039.09594,745.7800789,3593.821107,1,1,1736.888767,1,1,1,1,1,1,1,1,1,1,1,1,1,1,5716.068329,1,1,2336.41231,3437.696397,1,1,1,1,1,1,1,1,1,1,1,1,1,1,1,1,1,1,1,1,749.355956,1,1,1,1,1,1,1
N-Acetyltryptophan,68063.5905,65523.53667,69415.77154,60700.79575,191808.1216,171839.325,173560.8559,187337.556,158672.3907,162662.0129,149426.528,152911.0021,88742.29033,84292.654,97898.58375,87239.76938,154520.6459,142729.3567,141476.4356,177526.6318,330814.4149,10884.726,11501.077,1,4153.226,2285.5556,325290.9392,470714.085,1,1317.3912,4877.725,1,1027476.581,1077468.247,997979.2405,1,1,1,9941.465955,1,1,1,36312.57171,70563.17288,1,678904.8751,1,179446.6049,1,1,6420.60725,1,4642.792364,1,1,2765.9667,1729.6184,1,1,1,1,1430.0303,1,1,4404.486579,938.6472727,2373.689,23969.0998,1,3275.54,4556.549083,262636.8859,1,1,10566.6825,1,1879.233231,3382.248333,1969.9365,1,1775.425045,1,1,1,1,3598.231091,1676.0395,1,1,1,1,1,2624.9265,1,3975.073385,1,1,1,1,2719.108242
N-Acetyltryptophan1,229586.3,218225.7379,209865.3845,208508.0856,483902.3345,483704.6382,446153.3707,740325.803,669313.1968,956603.1801,930468.2915,677601.4564,411532.8271,290215.3217,291582.2895,406195.5881,597186.3142,518417.3846,539844.5096,574591.0664,1219182.66,45158.1216,37106.6376,6387.858892,5675.691306,4464.220538,699087.4259,1093896.333,10030.69173,8804.442438,42739.71627,4177.521673,3263270.886,3354841.378,3630194.771,3976.502871,7451.217307,3077.483535,27533.68579,2671.198543,3311.038104,8484.01652,91931.82687,250099.2978,3553.530399,1345910.13,7124.469088,382844.8438,2589.155548,684.7636681,19359.98839,6122.696248,8484.83175,3310.0881,3461.141409,3876.667808,3512.730256,2033.652715,2295.998709,3227.323154,8510.4465,2997.018,1276.641647,2554.167992,11658.55182,3746.555077,3219.212348,9036.858,3853.06124,3825.550179,15374.17406,796189.0484,2781.641417,2998.159439,42749.07908,1720.816926,5025.874,14299.6265,3362.562269,20059.77046,2788.73275,8848,2945.251454,2824.255043,1955.223611,16885.584,3827.422421,6307.891692,3436.120244,2337.46575,2338.348133,3860.459577,6616.661116,2275.246842,9455.916522,3447.900667,2349.416595,4797.285968,1958.031169,5312.091346
N-Hydroxyl-tryptamine,57669.834,41445.18,46685.6325,45022.99467,121385.5745,124196.5815,83090.07173,1,92584.95517,96886.46871,88739.21825,99316.4425,38937.86242,39777.24935,39592.12443,40341.74,57770.56096,59836.77625,62039.349,66669.92654,108728.792,21142.94955,19385.142,33803.523,1,1,111271.0226,172267.4649,15864.189,17586.38933,25356.232,22951.42457,342255.0137,373166.4319,314550.7139,37228.72686,18696.63221,1,23342.10945,14920.8818,21518.2275,4065.1863,22276.86255,49081.30082,29109.08108,271819.8788,14021.41543,5554.4,43067.7675,40430.57333,28000.72387,30491.32528,22250.23964,26325.89033,47598.8755,29103.031,35404.06422,55900.88679,36459.63133,48553.72615,15624.60771,44252.03067,44758.40409,23452.60313,34765.74904,33537.55,54322.668,14465.878,22255.93686,39526.76,41855.80067,100610.8495,32329.43955,28739.93137,36632.06158,35466.948,44502.12425,25404.66767,35328.221,42364.12019,42685.99553,35530.26629,29178.31894,29126.8175,39353.90607,28987.56323,37469.234,51741.80182,27295.5615,42488.05556,29697.876,29302.764,43948.33829,31439.14331,36756.00955,56927.4615,27387.77368,36933.41232,35483.182,26512.78987
Norleucine,29998.9364,34095.57345,27719.84596,30804.741,55541.8631,54492.77804,54508.93996,52998.86107,64672.23293,62712.74717,51641.16125,51546.85393,33569.865,34666.34478,37091.86738,31791.61886,27765.33668,25225.49728,26006.17489,22312.63222,24320.81665,49613.46773,39622.13156,47642.62795,24112.2735,25050.69376,9715.688,21407.95057,48670.94933,68376.62107,22983.47537,47573.58029,10327.70724,10310.92035,12616.20949,43009.64333,22864.636,18103.73323,46248.20705,23424.60845,63338.67292,18332.50074,36113.28514,34591.38371,47839.33333,27285.93563,25628.3096,21087.92445,54208.847,79930.31576,52302.50331,86201.85754,44856.504,48060.432,52676.38671,59264.41179,89673.02213,68329.88604,37373.84152,91719.73708,69282.92517,113696.616,76151.77684,34602.4,42871.62533,50203.21267,68316.0725,45128.37377,63090.624,37447.97292,55417.26567,60198.40493,74303.21786,55979.02562,86734.49306,42543.84333,65641.3065,55865.89717,57307.914,57580.9456,79635.65775,53010.17929,52526.41692,69950.71078,61466.49678,52074.45604,39706.52327,58811.67042,39807.825,65229.89297,44539.879,66660.19606,43586.95775,47327.99605,62838.41859,44087.5,47350.10867,50327.90194,59145.45756,38625.642
Norleucine1,245222.8026,240066.4513,1,1,318758.6251,322059.294,293700.0401,1,310020.6092,281182.5374,289381.0238,293700.7441,306964.3736,328027.4142,387194.6197,293336.6443,168476.8111,147284.0742,144715.1192,161250.1556,183399.6,312011.8717,302740.2843,323711.0866,152090.3669,145776.2995,86031.00677,101480.1689,294069.2143,286596.5013,191616.465,260138.7018,77547.43083,91953.28867,109401.8657,338204.559,143643.2684,163929.4283,189664.0714,203795.213,361898.0215,179501.635,286448.2443,226325.2883,295754.6,177147.1392,208627.0562,187517.423,398854.6345,353075.0035,235579.5504,349789.3158,282838.2483,200940.3563,286418.0681,336606.2058,335588.1116,300922.28,260122.8671,408164.1092,336496.5029,337894.2298,1,217682.7063,244491.9712,1,343218.4334,265858.6425,309298.7535,1,329617.0014,262872.688,266043.5411,1,370882.328,242864.2107,343966.3809,241203.8073,304232.182,322159.2619,321428.1311,212631.6046,242049.2134,276515.0387,288996.951,178165.096,264628.5229,259780.0165,201370.0751,290020.068,244140.5126,322346.9185,308002.1692,260742.7914,242728.0388,244624.3159,193736.2536,242791.9759,268153.8769,250711.8277
Octanoylcarnitine (Car(8:0)),27608.23071,22453.192,24678.91407,21940.56429,14071.21486,15962.9545,16003.39371,9734.771167,11958.57542,14856.0525,15297.90757,9832.545833,14759.283,16290.30475,15772.21442,13496.3494,116921.1528,73091.701,62075.97,74616.41,99131.03829,26043.769,21573.69336,20169.26057,79166.698,82579.07063,111010.7917,91136.40362,14232.31714,12470.304,20604.58875,52176.84863,39835.46462,49562.89329,45191.538,4818.564,49001.6675,23206.6115,46420.76614,17101.39486,29744.6595,53683.37812,28103.80607,51534.51129,21834.42407,114026.7714,25570.06186,577951.4821,57435.68639,24688.428,37798.18333,30402.16907,56388.77913,33747.05614,17244.37583,35314.26606,35016.28125,10200.40342,13599.66943,11664.91783,34244.3568,25768.70871,7973.274833,28820.022,19798.77881,23596.9006,17144.36229,28127.996,44757.18683,11557.92707,22436.44533,82525.284,10073,20149.18843,74205.52688,28027.95,5703.144417,35248.33081,8682.435857,13217.86667,20839.07893,17111.62007,13755.79469,11147.246,7399.172917,41018.19,19914.098,13944.91583,22735.32857,7942.8975,9542.610667,26730.02893,52509.2275,17214.06675,13632.384,18572.112,27514.242,10209.17036,21085.71429,11936.4855
Oleamide,1458190.495,1344255.405,1186813.713,931334.733,470112.8265,842033.5053,878594.1811,1036813.582,375378.6017,1094979.673,2046176.276,714669.8274,295303.737,1197320.664,198851.2883,553877.1715,265825.0398,1196492.133,381962.4334,751173.5725,469832.5985,590923.558,660467.6867,502522.0702,332734.43,511596.8517,277828.6593,1198788.322,994799.2809,1238539.364,1000363.328,1656989.819,322544.4794,982713.8842,1834269.889,763167.3214,1023563.706,994620.6147,611796.8313,1423143.452,583134.5463,1205416.8,633806.4057,802561.0341,560919.928,1194480.819,238123.3517,1562099.207,853896.759,1792100.067,675596.3818,2164170.273,932601.0262,1398964.987,1811640.595,878698.7876,651101.1681,983560.0636,930014.6433,1904556.464,817555.5714,738153.8384,845646.8214,895280.7233,673260.6405,1071033.753,681560.0758,1432219.166,208340.34,962357.572,414369.0104,429803.1488,2271795.818,670412.1684,862841.5687,200017.4406,787378.5546,1095062.862,238587.94,575019.9679,709321.2988,934800.8682,1504141.175,555612.3592,761484.9986,960070.6236,475226.7255,976461.255,1082421.301,1318902.84,638509.288,1026098.548,294762.0882,493096.5579,641792.2885,452722.1423,323202.6317,616058.7733,882679.707,534864.6902
Oleic acid,1,561.2832249,1142.126645,1,1,231.2685358,260.0690303,1,356.8605339,183.8714447,51.91259436,1,2068.99375,1898.9853,1952.4825,2043.391333,1582.4403,1572.6452,1657.392,1693.459524,1,437.386834,260.8636771,1768.555556,650.0460793,290.7105813,520.7099193,1946.304925,1215.463039,249.3498502,2350.394509,983.0902778,3431.301429,2301.01196,838.6803709,1,2252.828842,2286.695471,747.329397,1,1,1,664.728367,5689.8847,2552.4528,503.6544698,57.44438703,3579.27151,4980.639611,7914.582158,6465.851667,4727.126071,5611.909333,3179.725714,4439.3855,3097.298182,10341.91344,3855.801316,3316.418437,4366.432714,4710.929765,3379.879231,1972.826438,5196.714923,4940.704,1,3381.0315,2353.617,5057.778844,4253.213538,2845.269643,3468.507154,2530.527083,6045.679125,4010.655,3654.76865,1192.234358,11418.49919,8006.909773,3609.3021,2959.749,915.3395776,4352.713393,4028.560714,1822.487692,2090.3985,5558.898462,3237.55365,8285.289318,4051.999467,1626.628688,3987.606,19153.71226,4748.322667,6451.807937,13745.80698,3729.492,2822.909063,4269.400406,2850.18
omega-Muricholic acid,9783.41396,7270.817431,8297.146744,9175.544837,32158.64621,29090.06434,29680.66868,30377.09181,28347.2801,24715.44114,21771.35087,20976.9275,34173.2207,32327.56382,31111.0855,32310.20925,271305.6129,243730.1384,232544.9881,250709.2145,515.6428573,192880.95,163947.9176,411.0420441,12805.28553,13319.45361,209976.84,127776.0016,679.227408,588.3417849,2858.568084,15999.975,2063.719811,1836.995339,5476.855,9635.6525,1065.527601,2153.931567,1220.370291,10660.10638,4335.347807,2985.035269,4412.976328,2599.119916,7732.610484,1,4915.406858,12145.77437,745.8164511,223.6538333,34993.05575,99581.18661,42145.07546,1717.316476,88028.04214,9383.76138,20528.60704,51334.16896,10246.61324,43101.80405,13166.28651,15684.74778,56936.89519,37130.20256,4726.016812,38199.76387,184035.957,8201.713333,12995.32509,23895.29566,7027.483911,8055.537125,26507.16363,123503.7486,9032.036,25310.4,6231.732324,65624.0891,41026.68959,67351.7806,3474.965299,47408.39775,4533.723388,3616.985123,13965.49215,2546.242487,40872.6864,11960.48621,29653.50303,23074.36842,5139.186,30796.4292,37331.66641,2677.368353,60701.19985,60253.3789,10671.93813,33506.69574,4943.929266,8052.396523
o-Tyrosine,206245.26,196608.6785,192742.7535,186001.2607,241728.6885,229147.1275,192722.4914,212118.4731,125437.6774,112993.0966,109518.6055,118191.9779,120227.077,135670.1535,133034.4814,116289.9119,159130.922,158629.7668,158739.4088,163002.5213,159227.591,174481.7047,165399.3199,212189.0992,108780.966,109890.027,89372.11733,77955.91667,141284.864,163401.2987,191463.2983,183345.6265,93144.73467,93605.62863,85296.66814,250904.3268,191446.983,90155.646,181340.7878,185340.288,207490.6368,134271.5062,75434.1819,108329.1537,178251.1754,79624.60187,117636.2864,93104.25686,253559.7782,161883.2061,101788.8117,158148.4743,141109.443,112445.2813,155536.0532,132959.57,1,177746.0353,188262.0045,165675.2338,94190.17917,188611.9702,150401.94,117877.7316,1,106484.5128,181821.3075,144666.655,135508.8339,172498.6325,292462.3215,143583.3307,230459.6556,131478.0135,267150.4043,170444.5483,165964.6205,133081.3394,149022.3245,195470.0637,163685.265,139609.564,168315.414,127148.887,146383.0793,118897.8401,1,175838.3434,91552.9901,133217.271,188152.0192,155534.8589,121704.2423,174765.27,176434.566,197850.615,146876.7084,181282.9418,207995.4533,180230.7981
o-Tyrosine1,9729.128077,10891.80612,8063.329083,8546.149333,12958.52525,16160.96045,15965.939,18090.143,10422.92625,14442.4443,8293.938364,8748.736471,8455.374542,6222.166889,7977.437273,5898.057933,15072.7486,18502.21936,17447.32248,18818.60933,10442.5125,18808.00814,14076.02127,20697.40585,7641.890909,9271.254,8555.527714,6272.709853,15539.63727,15510.0384,17135.529,14588.21,7303.7805,6462.912667,3832.4578,18584.92625,15723.66923,3442.725,14740.48725,7458.934778,15242.87689,5243.7861,7122.4854,14103.72243,23700.24154,1,13883.48781,7877.158333,36165.12538,65321.32821,18198.651,28263.09267,14860.99388,1,19433.97238,18181.52615,29267.50862,26332.1075,25728.16588,32423.73047,19586.83991,44176.048,36827.98319,18929.5308,14486.94092,13331.59129,24347.19136,27731.44078,22446.95082,24419.27717,33737.36816,16208.49308,41254.30178,25645.6665,42399.05082,20890.67612,26140.3055,25142.74031,23329.23447,28322.11462,32240.453,21729.235,26083.53629,32508.84629,26752.61471,17514.17444,17018.768,24538.64014,12476.74569,22189.45523,26762.58,20338.43036,40472.34367,23952.63017,29488.74889,21058.77514,26035.35091,22643.73767,36706.91267,28435.20962
Oxaloacetate 4-methyl ester,23458.70825,23268.30806,22858.137,21974.32075,16555.87904,20795.5889,15560.66252,16949.55488,16998.75002,26704.93452,20142.31298,19517.61178,21766.16675,18546.77398,19656.91867,20001.79272,18580.25743,17310.02576,16424.22768,16700.73504,32233.67767,19160.49408,16624.28864,22362.48623,22631.04619,31851.76575,16247.30214,16162.08202,1,22176.4148,22001.49167,20397.5722,23331.90443,22702.26592,18729.6,19208.16858,27381.78938,17366.30396,19741.77648,20813.07891,22871.87417,22404.66083,22552.61155,1,1,1,1,1,1,1,1,1,1,1,1,1,1,1,1,1,1,1,1,1,1,1,1,1,1,1,1,1,1,1,1,1,1,1,1,1,1,1,1,1,1,1,1,1,1,1,1,1,1,1,1,1,1,1,1,1
Palmitamide,252966.5264,259272.4051,205121.588,262674.0877,174826.796,140796.1673,169872.4062,160054.0528,71041.99118,269878.9317,370413.2141,122299.0841,200161.89,176411.6939,132911.4309,153535.8477,76389.92785,280301.4475,180962.5426,195040.1014,125324.7807,139830.969,120642.3095,114035.0376,80258.63165,120764.1219,65189.118,282323.5514,271333.0295,278982.51,222875.3746,349565.7003,104534.4195,224503.1026,306802.6176,161200.2059,290417.7811,173056.7296,159077.9179,311573.8467,170026.6286,220669.6713,160468.0858,131993.988,124714.2155,194160.7233,74254.97848,285572.8842,176103.7855,282227.9377,212416.2303,1084438.985,310846.6113,327128.5516,363602.3974,152672.2432,94416.9512,222753.2564,169699.6323,340017.4469,2346647.381,643330.4841,140655.5253,120672.9771,116538.3324,137707.0822,93493.81306,202415.7073,92885.13,386594.5217,103688.4055,91775.33333,415011.5494,147294.135,133194.3184,111161.3918,154210.6046,165716.25,89634.78147,85295.82006,134879.949,170295.554,271189.8698,80320.20696,174771.1828,145743.6371,89109.1125,130742.6086,169913.873,165851.7035,113202.9389,136845.7968,53512.9075,76139.69675,82846.0676,58021.782,81204.31693,104977.6336,112657.2799,98335.281
Palmitamide1,18881.05785,16804.65918,10345.842,21396.52446,20404.09973,13580.0785,18273.63012,1,20666.70985,17536.97491,18839.47924,14908.64294,15664.31427,14307.37985,16452.78871,16942.39175,16978.61606,14558.0022,16394.78141,15217.95068,1,11952.92382,1,1,17505.85508,16516.37488,17643.10565,19469.89818,20155.60994,16022.93737,19961.54409,20174.028,18664.76602,18674.78794,19696.19318,17705.35366,18045.97678,1,20590.47958,14856.37083,1,1,1,1,15777.52983,10189.83548,1,15545.53429,12247.68291,13757.11855,1,1,29092.84391,27371.14727,25026.37212,1,10147.00235,19736.86716,19420.3524,18999.50661,1,23699.55749,22527.2845,10518.62857,15203.78,11223.26232,14532.81488,11754.8064,18719.18825,23401.61344,18146.82067,13554.5862,1,1,15785.04793,19185.90074,21402.00338,14307.53695,14774.2125,14694.44879,1,1,1,17915.0235,1,12193.24573,1,1,16088.66966,10008.84229,10176.37726,1,11506.2045,13120.25663,9418.611567,11078.35965,18348.17253,1,1,8944.911063
Palmitic acid,28508.76744,12948.46745,21396.52298,24718.21565,20463.45545,14967.22411,15767.68583,22376.277,21901.74705,23255.35483,32491.90475,19719.736,51175.5975,42691.38706,58641.95218,43594.48864,47625.17793,52039.28534,42699.48491,49830.80904,46325.234,31862.2185,21873.72664,18103.82966,56665.58963,46620.05138,32616.82297,32693.2875,52373.14205,86894.21659,50718.82854,24439.996,23339.13186,23012.97805,59727.25416,26032.50416,69429.95261,58393.44739,55004.79025,61423.93925,43470.59574,76646.10052,61371.94071,116958.7745,34361.17039,29977.80325,29875.19718,65705.05221,40283.99908,31928.29667,247120.7206,342539.9721,259053.4805,346578.2997,264178.4085,263083.2539,280063.4571,196511.2773,136011.1306,290145.0591,257434.38,205564.7579,167230.1164,305387.855,360311.682,188153.1695,254187.4924,169376.2895,265261.3115,223358.6594,181609.2309,141657.0011,125835.6407,173820.0346,195500.998,237495.4165,199087.3088,238403.4089,382169.6807,234759.521,149995.5801,263161.3309,187851.3959,238548.0037,151296.9865,184357.158,198575.9431,178415.2063,238288.545,96384.91971,145970.2516,247870.5534,295497.7732,167047.2106,131883.8267,186141.4088,214110.7815,129154.9533,127512.9673,159138.7337
Palmitoylcarnitine (Car(16:0)),82714.0132,87941.68889,83243.73585,85222.41281,29986.34026,28215.20863,28028.76625,25012.16006,23966.97,29843.55476,28773.63689,25377.76967,62462.93533,60557.43131,66270.11016,58299.13706,48913.79103,48166.77221,44641.08325,50172.98175,23714.62306,56333.85882,54628.045,90429.95216,24234.89465,23048.29013,71655.03022,156930.5129,38322.33035,40981.65022,87822.007,32181.58909,70408.09456,64024.52124,27795.07375,16298.42447,66196.129,54759.45094,39913.93366,22402.07904,47670.10503,13766.77,42440.63229,154265.0291,63508.06853,26561.27385,54484.72235,71188.18856,194948.584,147406.0702,273965.7398,160513.4813,242594.1263,126842.3343,158109.6097,141017.6576,331849.8256,266603.8363,176189.4993,200298.425,134171.4852,204897.9988,189993.4823,241363.7835,217243.5649,156365.706,184556.1209,125194.1732,237195.9083,159390.5812,248357.4347,189098.6108,108605.9292,197001.8513,211730.4701,197024.9863,133283.331,715213.0003,639932.0799,208470.6151,223190.4868,141323.7484,205582.6047,219881.1484,112077.3466,144919.6588,250672.7406,178593.7957,331811.3639,280508.598,89573.16989,242035.0044,820041.175,247222.1694,441114.1288,1080273.129,152711.2339,158578.1861,201708.157,209727.6712
PC(16:0/20:4),1,1,1,1,1,1,1,1,1,1,1,1,361044.2295,434377.996,1,1,271264.6585,1,1,1,230983.4906,366162.5826,326716.3106,1,795400.0452,631540.3442,1,1,195567.6151,186003.4187,1,1,493216.3561,555329.9093,364868.0169,1,748410.6318,443992.976,504593.4313,535175.2333,1,1,1,1,413127.2207,1,496515.66,602808.77,632666.3933,1,1,1,1,1,1,2001714.516,1,1,402249.9204,1,1881053.184,1,1,284251.2723,1,1,1,351167.7343,174984.9638,301408.4998,1,4158405.322,1,1068622.377,1,1,1,1,1077429.765,2037470.036,2143523.966,1336563.223,1347468.008,1763666.297,1674127.467,2354399.92,1,1779530.77,1579264.935,1,1443665.858,1966475.863,1,1211285.01,1560541.164,1301029.886,1,1391997.079,1,1
PC(16:0/20:4)1,1,1,1,1,1,1,1,1,1,1,617805.5484,547952.6412,88533.714,432188.2422,1077425.405,665128.1509,254393.4082,321513.5862,640248.4184,578266.3237,434640.2468,288366.0075,288304.965,1,1,865158.8467,1949135.024,1,154918.0574,214188.703,355945.4454,741690.7796,483744.4412,511843.8333,338047.0197,458877.989,816879.0094,311466.1192,402107.9572,1056061.929,1,654184.0858,505668.3431,855181.0303,430251.7435,551572.3595,644065.0702,495135.9465,689320.8506,671531.6179,1,1,1,1,1,1304804.715,4434051.398,1170143.428,405626.0881,1,1210340.023,74916.0125,615346.4704,396300.4007,771228.9,3183668.586,1694929.6,431925.1266,165664.0174,362089.081,1,5003132.447,1629631.406,2766838.569,1761354.9,1723163.854,1735866.159,5374854.698,3670369.858,1138584.706,1219788.463,1282969.575,850920.054,1563079.069,3616928.582,2321270.38,1496336.396,1426429.881,4080201.656,1817168.626,2181244.495,1239270.405,9628812.368,1190159.235,1547448.817,1258373.579,1599974.642,860940.0207,985237.536,846048.7222
PC(16:0/20:4)2,1,1,1,1,1,1,1,1,1,1,2725.8,10654.15,7518.594444,6529.744286,5827.287857,1,3649.8,3865.906667,4107.290833,4640.323333,7182.1025,7721.175,8495.543571,12739.17273,12091.88571,9898.662,4174.433333,1,4003.964,3036.852,4056.151667,5906.179286,6790.664167,6776.535,6106.215833,14195.23615,3363.900909,4518.012188,6066.299167,9503.7275,5476.78,5964.68,5250.7125,1,9292.86875,7540.8125,9587.574545,8328.016667,3926.092708,8385.690455,1,1,1,1,2295.18,46410.99549,27676.21787,8116.378462,1,1,6905.006,1,1,1,22750.15018,25293.85138,7938.54,1,1,7172.886,30711.24545,23020.516,26438.86452,37900.8092,35773.20141,15328.63771,28887.465,30315.23625,24146.09889,26505.8985,20346.5856,13706.53929,29098.08212,23552.0575,27443.48211,26909,34633.76,37438.466,31944.50565,19557.475,33156.09733,39919.60357,29554.28565,36496.62061,28376.33333,33460.5035,32688.66379,29002.71524,28984.04463,23518.6
PC(16:0/20:4)3,1,1,1,1,1,1,1,1,1,1,1,15176.08979,18382.36538,14208.75314,13473.50785,14455.7868,12059.39136,3857.173532,12049.98,14965.53933,18643.33567,21567.37004,17039.25033,22757.11835,27953.01028,20882.46363,17134.75345,12237.06648,1,14889.42261,14642.8695,1,18896.61904,1,25563.68304,23977.13207,1,24371.32725,21923.56727,23029.34857,16040.25207,23813.63248,19013.76848,25003.728,29138.30677,12711.935,26957.42441,43917.99015,20908.27945,26982.97581,1,1,1,1,1,61725.27965,72200.06744,22090.79385,10899.84941,11931.1056,30078.90857,24057.92332,21212.59333,40251.0955,87297.12517,51015.26779,41754.3504,22161.49861,31350.10148,17597.455,74732.26808,50027.134,51732.29927,47445.35918,49764.55278,49330.177,53717.05583,68355.79636,67089.09913,35614.22542,33346.2465,41178.41177,42696.7659,56055.56686,44597.33404,58909.37056,62082.48035,49227.9442,1,30877.66671,34893.11571,1,58094.03808,65343.58077,47562.84265,56128.84685,46900.54424,48806.74247,14247.38806,57915.2163
PC(16:0/20:4)4,1,1,1,1,1,1,1,1,1,1,1,38658.27674,1,20879.72091,19247.111,24941.6895,1,21950.94133,24073.64129,1,26947.60286,32153.96823,1,47508.88461,1,49152.06954,23502.78336,25593.64856,36733.56848,28055.23655,24025.80834,32764.82915,36193.478,52362.98756,42980.44114,40672.6173,70899.00618,47535.7583,1,39224.40211,29479.18957,47226.457,45588.88265,46631.56109,58812.22533,52261.27239,47365.79739,63308.44095,1,1,1,1,1,1,1,280666.5948,97266.96268,46324.93895,22640.37181,23025.55043,47412.06921,38061.52589,47825.5365,70529.10905,135600.9256,158428.5591,1,43353.54375,56571.74632,34348.70208,129294.2493,106032.7409,91095.79875,116169.1004,105439.6493,91381.44205,127131.7129,137987.4967,121121.9526,110258.9082,82993.70855,68961.05357,125179.4908,85349.41792,88815.72375,103786.212,230719.7743,143561.4457,139796.968,90371.40947,103953.9518,284823.5369,104051.8768,1,1,110153.1941,114058.7524,112424.468,341660.2849,88529.7725
PC(18:0/18:1(9Z)),1,1,1,1,1,1,1,1,1,1,1,1,1,1,1,1,1,1,1,1,1,1,1,1,19206.32119,1,1,1,1,1,1,1,36027.845,1,1,32010.5358,1,1,147117.0503,1,1,1,1,1,1,1,34446.07975,1,1,1,1,1,1,1,1,1,278720.6763,1,1,1,89575.546,1,287853.5211,133667.2024,154999.9499,140034.9735,258677.7489,129751.9116,173824.1234,155568.6444,194538.5888,102875.6808,1,195127.105,249627.0432,128653.772,87523.34091,162818.4455,215087.7217,125042.1715,30039.49713,167373.2999,131478.7515,282381.5685,332155.4877,458063.4131,1,25333.1425,142629.8976,131710.0823,56031.04341,128360.2328,220681.9794,157384.2884,513324.9933,190634.3177,278313.2217,209549.0032,88428.60086,320623.2716
PC(18:1(9E)/18:1(9E)),1,1,1,1,1,1,1,1,1,1,1,1,1,1,1,1,1,1,1,1,1,1,1893.255,1,1,3536.09625,4539.448333,1,3208.57,1926.144,1,2066.508,1,1,2953.44,2141.509,2328.972,3715,2508.368,3158.82,1,2944.437,2818.804333,1,1,2711.233333,1,3378.515,2527.48,1,1,1,1,1,1,1,12641.99182,1,1,1,6949.411765,13800.85731,9046.522727,7980.144,10132.74731,10743.05,9199.944643,6729.62,1,1,9045.113636,8958.610769,5369.5675,6459.814286,2619,2644.248,5861.359167,4982.42,4964.144375,4353.082857,8265.75,8271.642105,9924.372647,11763.07364,7900.035,7221.39,11966.49167,14725.57083,5232.763333,6433.26,15448.03813,13962.59583,13633.92875,10834.30333,10090.5375,9147.133333,9430.56,10754.04789,10033.06895,8126.464286
PC(18:1(9E)/18:1(9E))1,1,1,1,1,1,1,1,1,1,1,1,1,1,1,1,1,1,1,1,1,1,1,1,2740.789333,1,7049.4625,5505.037241,6049.410609,1,6361.287391,6045.413458,1,6179.204032,1,6941.25126,1,6298.7781,6821.6955,1,7041.435917,5417.126645,6178.947793,5242.287769,6556.896614,6513.9835,7445.49408,6387.107059,10496.4375,7594.717065,6182.04496,1,1,1,1,1,6141.698306,19199.70659,1,1,1,24799.92545,25208.52502,14782.14748,24092.244,29290.96628,20522.86516,26785.90455,23594.90609,15629.9893,1,1,12619.17,1,5641.098316,4909.427316,4799.431611,8023.7475,128078.9985,13516.18036,6441.028,11863.96636,22956.69052,16019.04718,15289.64376,11290.07168,13989.95591,15883.29574,15760.64651,17928.41713,8182.286077,11447.216,18911.96079,19530.43308,17752.25682,5497.559875,12874.79829,11230.33888,16001.84803,6205.709714,18670.0725
PC(18:1(9E)/18:1(9E))2,1,1,1,1,1,1,1,1,1,1,1,1,1,1,1,1,1,1,1,1,1,1,1,1,58239.04641,174715.8375,173674.4433,1,101504.1499,129773.1293,222946.4287,131932.121,214099.3302,109841.1114,229537.6263,154337.6245,66935.6465,1,1,302252.2676,111358.93,198442.0496,92304.4852,1,215732.0147,161660.1019,110282.616,328720.0475,296397.1977,195875.5362,1,1,1,1,1,207962.976,745408.5265,1,1,1,654129.2093,1018511.388,1464065.516,730338.2577,986824.4053,995592.8428,1206812.643,868571.1353,505994.4733,769757.3903,1,1192723.397,439154.6289,901474.862,1524828.766,220452.1777,1,429208.6853,435378.6291,1031492.834,453595.7059,919376.7303,1,554147.4292,1580808.419,520959.9308,687619.0543,1795842.623,1637500.336,1091801.875,1,1484744.07,1098022.556,1129568.466,1903056.677,530563.1864,1152667.23,1569073.775,551338.5969,1
PC(18:1(9Z)/18:1(9Z)),1,1,1,1,1,1,1,1,1,1,1,1,1,1,1,1,1,1,1,1,1,1,1893.255,1,1,3536.09625,4539.448333,1,3208.57,1926.144,1,2066.508,1,1,2953.44,2141.509,2328.972,3715,2508.368,3158.82,1,2944.437,2818.804333,1,1,2711.233333,1,3378.515,2527.48,1,1,1,1,1,1,1,12641.99182,1,1,1,6949.411765,13800.85731,9046.522727,7980.144,10132.74731,10743.05,9199.944643,6729.62,1,1,9045.113636,8958.610769,5369.5675,6459.814286,2619,2644.248,5861.359167,4982.42,4964.144375,4353.082857,8265.75,8271.642105,9924.372647,11763.07364,7900.035,7221.39,11966.49167,14725.57083,5232.763333,6433.26,15448.03813,13962.59583,13633.92875,10834.30333,10090.5375,9147.133333,9430.56,10754.04789,10033.06895,8126.464286
PC(18:1(9Z)/18:1(9Z))1,1,1,1,1,1,1,1,1,1,1,1,1,1,1,1,1,1,1,1,1,1,1,1,2740.789333,1,7049.4625,5505.037241,6049.410609,1,6361.287391,6045.413458,1,6179.204032,1,6941.25126,1,6298.7781,6821.6955,1,7041.435917,5417.126645,6178.947793,5242.287769,6556.896614,6513.9835,7445.49408,6387.107059,10496.4375,7594.717065,6182.04496,1,1,1,1,1,6141.698306,19199.70659,1,1,1,24799.92545,25208.52502,14782.14748,24092.244,29290.96628,20522.86516,26785.90455,23594.90609,15629.9893,1,1,12619.17,1,5641.098316,4909.427316,4799.431611,8023.7475,128078.9985,13516.18036,6441.028,11863.96636,22956.69052,16019.04718,15289.64376,11290.07168,13989.95591,15883.29574,15760.64651,17928.41713,8182.286077,11447.216,18911.96079,19530.43308,17752.25682,5497.559875,12874.79829,11230.33888,16001.84803,6205.709714,18670.0725
PC(18:1(9Z)/18:1(9Z))2,1,1,1,1,1,1,1,1,1,1,1,1,1,1,1,1,1,1,1,1,1,1,1,1,58239.04641,174715.8375,173674.4433,1,101504.1499,129773.1293,222946.4287,131932.121,214099.3302,109841.1114,229537.6263,154337.6245,66935.6465,1,1,302252.2676,111358.93,198442.0496,92304.4852,1,215732.0147,161660.1019,110282.616,328720.0475,296397.1977,195875.5362,1,1,1,1,1,207962.976,745408.5265,1,1,1,654129.2093,1018511.388,1464065.516,730338.2577,986824.4053,995592.8428,1206812.643,868571.1353,505994.4733,769757.3903,1,1192723.397,439154.6289,901474.862,1524828.766,220452.1777,1,429208.6853,435378.6291,1031492.834,453595.7059,919376.7303,1,554147.4292,1580808.419,520959.9308,687619.0543,1795842.623,1637500.336,1091801.875,1,1484744.07,1098022.556,1129568.466,1903056.677,530563.1864,1152667.23,1569073.775,551338.5969,1
PC(18:2/18:2),1,1,1,1,1,1,1,1,1,1,1,1,361044.2295,434377.996,1,1,271264.6585,1,1,1,230983.4906,366162.5826,326716.3106,1,795400.0452,631540.3442,1,1,195567.6151,186003.4187,1,1,493216.3561,555329.9093,364868.0169,1,748410.6318,443992.976,504593.4313,535175.2333,1,1,1,1,413127.2207,1,496515.66,602808.77,632666.3933,1,1,1,1,1,1,2001714.516,1,1,402249.9204,1,1881053.184,1,1,284251.2723,1,1,1,351167.7343,174984.9638,301408.4998,1,4158405.322,1,1068622.377,1,1,1,1,1077429.765,2037470.036,2143523.966,1336563.223,1347468.008,1763666.297,1674127.467,2354399.92,1,1779530.77,1579264.935,1,1443665.858,1966475.863,1,1211285.01,1560541.164,1301029.886,1,1391997.079,1,1
PC(18:2/18:2)1,1,1,1,1,1,1,1,1,1,1,617805.5484,547952.6412,88533.714,432188.2422,1077425.405,665128.1509,254393.4082,321513.5862,640248.4184,578266.3237,434640.2468,288366.0075,288304.965,1,1,865158.8467,1949135.024,1,154918.0574,214188.703,355945.4454,741690.7796,483744.4412,511843.8333,338047.0197,458877.989,816879.0094,311466.1192,402107.9572,1056061.929,1,654184.0858,505668.3431,855181.0303,430251.7435,551572.3595,644065.0702,495135.9465,689320.8506,671531.6179,1,1,1,1,1,1304804.715,4434051.398,1170143.428,405626.0881,1,1210340.023,74916.0125,615346.4704,396300.4007,771228.9,3183668.586,1694929.6,431925.1266,165664.0174,362089.081,1,5003132.447,1629631.406,2766838.569,1761354.9,1723163.854,1735866.159,5374854.698,3670369.858,1138584.706,1219788.463,1282969.575,850920.054,1563079.069,3616928.582,2321270.38,1496336.396,1426429.881,4080201.656,1817168.626,2181244.495,1239270.405,9628812.368,1190159.235,1547448.817,1258373.579,1599974.642,860940.0207,985237.536,846048.7222
PC(18:2/18:2)2,1,1,1,1,1,1,1,1,1,1,2725.8,10654.15,7518.594444,6529.744286,5827.287857,1,3649.8,3865.906667,4107.290833,4640.323333,7182.1025,7721.175,8495.543571,12739.17273,12091.88571,9898.662,4174.433333,1,4003.964,3036.852,4056.151667,5906.179286,6790.664167,6776.535,6106.215833,14195.23615,3363.900909,4518.012188,6066.299167,9503.7275,5476.78,5964.68,5250.7125,1,9292.86875,7540.8125,9587.574545,8328.016667,3926.092708,8385.690455,1,1,1,1,2295.18,46410.99549,27676.21787,8116.378462,1,1,6905.006,1,1,1,22750.15018,25293.85138,7938.54,1,1,7172.886,30711.24545,23020.516,26438.86452,37900.8092,35773.20141,15328.63771,28887.465,30315.23625,24146.09889,26505.8985,20346.5856,13706.53929,29098.08212,23552.0575,27443.48211,26909,34633.76,37438.466,31944.50565,19557.475,33156.09733,39919.60357,29554.28565,36496.62061,28376.33333,33460.5035,32688.66379,29002.71524,28984.04463,23518.6
PC(18:2/18:2)3,1,1,1,1,1,1,1,1,1,1,1,15176.08979,18382.36538,14208.75314,13473.50785,14455.7868,12059.39136,3857.173532,12049.98,14965.53933,18643.33567,21567.37004,17039.25033,22757.11835,27953.01028,20882.46363,17134.75345,12237.06648,1,14889.42261,14642.8695,1,18896.61904,1,25563.68304,23977.13207,1,24371.32725,21923.56727,23029.34857,16040.25207,23813.63248,19013.76848,25003.728,29138.30677,12711.935,26957.42441,43917.99015,20908.27945,26982.97581,1,1,1,1,1,61725.27965,72200.06744,22090.79385,10899.84941,11931.1056,30078.90857,24057.92332,21212.59333,40251.0955,87297.12517,51015.26779,41754.3504,22161.49861,31350.10148,17597.455,74732.26808,50027.134,51732.29927,47445.35918,49764.55278,49330.177,53717.05583,68355.79636,67089.09913,35614.22542,33346.2465,41178.41177,42696.7659,56055.56686,44597.33404,58909.37056,62082.48035,49227.9442,1,30877.66671,34893.11571,1,58094.03808,65343.58077,47562.84265,56128.84685,46900.54424,48806.74247,14247.38806,57915.2163
PC(18:2/18:2)4,1,1,1,1,1,1,1,1,1,1,1,38658.27674,1,20879.72091,19247.111,24941.6895,1,21950.94133,24073.64129,1,26947.60286,32153.96823,1,47508.88461,1,49152.06954,23502.78336,25593.64856,36733.56848,28055.23655,24025.80834,32764.82915,36193.478,52362.98756,42980.44114,40672.6173,70899.00618,47535.7583,1,39224.40211,29479.18957,47226.457,45588.88265,46631.56109,58812.22533,52261.27239,47365.79739,63308.44095,1,1,1,1,1,1,1,280666.5948,97266.96268,46324.93895,22640.37181,23025.55043,47412.06921,38061.52589,47825.5365,70529.10905,135600.9256,158428.5591,1,43353.54375,56571.74632,34348.70208,129294.2493,106032.7409,91095.79875,116169.1004,105439.6493,91381.44205,127131.7129,137987.4967,121121.9526,110258.9082,82993.70855,68961.05357,125179.4908,85349.41792,88815.72375,103786.212,230719.7743,143561.4457,139796.968,90371.40947,103953.9518,284823.5369,104051.8768,1,1,110153.1941,114058.7524,112424.468,341660.2849,88529.7725
Pentadecanoic acid,2449.521905,2184.283256,1200.604713,1550.29815,1434.452067,1703.446675,1048.141616,1484.779556,1415.775,1397.9196,1747.948966,1544.659232,2053.7045,2132.479652,2110.034034,1804.772692,2290.461688,2054.8461,2462.065227,3399.618,2775.086286,1415.948826,1158.66225,1511.140622,2644.406113,1809.71431,1895.248768,1954.2315,2382.38625,3811.011423,3725.370712,1810.614971,1861.684577,2030.364675,2113.373659,1701.452088,3811.668354,2779.643864,2914.623321,2440.801167,2699.311455,3977.651407,2783.900132,3388.244444,2584.925486,1437.734597,1947.577538,3550.762424,2134.561,2744.07137,7876.5148,10918.01586,7267.204816,11070.83339,8047.4155,7337.233763,6109.527079,5676.7616,8123.367543,8492.600217,6769.749058,7803.642632,5666.639238,7124.7,7494.4776,4599.608263,6191.86972,4725.958333,3603.463765,6551.575652,5526.27805,4859.937574,6160.669038,4582.101333,5305.486286,5162.2088,6619.314,5169.5865,18489.51959,6030.775,5887.985548,6323.97463,3986.8845,5476.009583,12220.21548,4228.624421,6464.187636,6750.585171,6640.54875,4835.007241,5374.16775,4553.2767,4811.3506,3998.813175,6642.833714,5221.8717,6369.055,6580.940963,4785.865448,3793.720018
Phenylacetylglutamine,8368.748333,8216.2575,6548.702417,11295.78358,29027.24275,29472.0495,27688.20167,29270.31429,16344.6635,17024.40286,11792.06875,17152.875,4427.798,1,1,1,87938.66081,81790.40082,74979.675,85906.6355,35649.762,50403.52186,34374.03393,1,17369.3122,18272.4425,126468.365,27200.13557,15642.05657,13153.64533,5360.979,4617.6962,13331.03175,10085.3049,32829.7095,1,36535.32133,15589.911,16898.112,6698.0748,1,13793.34667,52192.03869,4055.4996,11885.46792,118525.9187,15112.64933,24586.632,27099.16307,27975.58615,46944.8455,22852.65886,67084.09771,2517.6039,11931.248,73841.86594,39150.86571,29217.85067,34618.58357,49627.62963,55532.87942,33819.20733,16394.25883,8927.94,46155.24529,21551.30077,65985.18686,457746.7559,38388.24643,58417.28775,41112.39,61528.9815,44214.94571,12437.85957,49736.82,9076.2815,16962.5676,13046.17414,34454.69733,46561.42286,35860.374,25363.5005,2471.892308,1,14451.37783,24851.8545,31393.6495,1,35585.46643,7707.2535,32799.2175,19198.3105,16695.19283,1,51780.67286,14617.14967,2425.547636,53889.04105,21216.84329,50247.08938
Phenylacetylglutamine1,10305.19479,4218.716776,9952.482835,9358.353332,34774.11035,14507.55836,13056.34939,37418.97744,23673.24046,22691.396,24311.1,25788.17225,814.5796413,832.6790949,890.8710016,1157.988083,102560.8599,114514.0633,114152.3556,110317.6705,48347.20995,62630.964,54923.36,1463.993082,7253.221486,8134.381933,248916.6262,49227.46636,25344.62345,24095.558,9997.912889,6577.446542,12174.95485,9418.61803,19432.80941,2074.020851,54062.26467,15198.37521,10794.14296,2525.276625,5292.938556,15149.98078,46168.95194,4611.413591,23920.649,170809.8836,19900.45226,1955.984225,41336.72081,24642.44595,67866.5645,40591.64327,67204.92727,2738.622778,14879.20914,77014.21582,68263.57125,25922.71969,37344.23606,62856.22125,74124.28288,27605.00782,17384.92078,15343.39514,53448.31588,33266.98686,72312.38373,566824.2291,46637.43025,73575.12983,43271.03846,54270.1662,66811.50575,14120.682,78179.7522,11833.8053,19393.03275,15889.33333,52710.6525,46860.90125,40378.79415,30065.196,1864.686833,752.6923458,19542.15389,38049.75467,38490.0672,4683.65625,30944.49756,13222.18744,36097.83155,30075.0025,18634.54361,2308.623429,60082.25892,20740.742,1992.260464,51108.40625,28896.81025,62152.71342
Phenylacetylglycine,4249.9423,4722.953667,4608.799167,3815.086667,4881.689091,4323.5967,4240.254773,3508.572375,6906.031571,6245.0755,6024.329625,5891.553846,1,1603.923833,1,4036.328833,1,1,1,1,2893.7743,5922.750536,4769.27,5385.158625,1,1,1,1,2775.0645,1582.111571,5703.671417,1,1,1,2474.702154,3783.732,1,1,1,2985.6852,5589.126923,1432.669333,1,2565.491778,5376.672167,1,1,68772.04564,6059.701773,6671.881765,1419.823,14672.34633,5684.309,3610.5494,4184.214545,4387.074,7760.776364,81379.33292,5971.136786,1,6182.6335,4458.41175,1,1981.816,7759.751,5686.592147,7800.148417,1,7331.578846,7090.268,7591.468,4130.031818,5407.084,3605.424625,8457.5975,3978.828,6637.338,2989.040667,11050,11298.41389,4466.931038,4150.871667,4951.826687,2548.543556,5746.780115,4100.214,6696.5402,5037.717882,2630.812308,6531.399,3726.329227,7438.969154,2683.0336,1558.2484,4847.812542,7351.476594,1440.2597,5073.925187,4774.479947,5264.056154
Phenylalanine,745233.4375,753369.603,734179.5503,709857.6062,736496.0897,757589.9674,707077.2277,703292.1634,1074725.067,1026126.095,1088338.553,1054204.576,473956.266,467757.2719,467552.5805,451522.1565,719411.0885,679176.5617,681058.908,705868.4704,1018594.488,501155.7805,499816.2712,319383.7962,312737.4191,287146.6655,579444.7869,390572.4269,327592.308,260895.7183,389301.2493,387603.7644,253058.8986,286670.3095,200682.7738,444957.534,281622.9996,255798.8705,438356.4871,412511.154,486783.9889,263335.5309,367140.645,283032.27,357909.5495,380312.5053,481607.5644,297778.5904,671655.4895,425333.6683,264832.7449,554114.1986,442491.7967,291025.4463,520680.5688,379671.8525,1,424825.741,354370.2253,509309.44,283390.1059,481789.8976,368793.2057,300032.9305,305032.7511,253866.3213,370509.6373,277993.2784,301130.9846,337620.5271,404657.5991,657671.9474,302449.4258,268746.0463,579675.6387,340190.4975,465282.3688,290112.7353,392780.9667,394511.4495,497931.7518,328250.1518,230068.0842,218036.2527,293898.172,268720.5615,355044.6651,335888.42,236795.5988,364953.4327,280080.5005,392852.278,301490.8932,346136.6468,422298.1242,426162.9827,239385.2728,461655.0344,318987.1277,314048.1091
Phenylalanine1,149605.53,165182.787,147114.747,156613.7736,164730.4445,181406.3387,185843.2,187562.748,334635.4977,333218.3776,269446.3225,302002.7063,64761.147,56916.1292,49898.8035,54530.835,129857.1667,132419.4594,129877.2787,156609.2326,199135.0627,121107.3174,96390.9081,89965.24867,53158.46857,1,88294.3425,83700.05192,87350.58155,1,86766.896,93508.074,55865.41714,46352.65818,35261.3975,83604.711,66800.08236,43063.52464,1,79239.47917,108975.1204,23294.78,1,60608.7625,97020.135,78838.00125,101691.8549,55691.86071,133756.5544,105870.5476,1,157185.9559,122764.6957,105188.2581,159387.8067,99586.0528,149388.0693,121245.2441,101697.0865,116704.2587,1,160957.1307,126484.995,106796.1553,97814.92622,61183.69826,130862.3802,84459.96738,97575.76704,89650.49623,113978.4977,203188.4203,125883.6906,83355.18687,202836.1309,103657.0258,120314.2363,107404.612,102958.3781,114569.0761,145280.4238,99090.90644,102144.635,91845.81556,96077.82694,108289.6043,88848.8646,118081.0491,64714.32171,107196.1149,83258.9993,113324.633,73820.34086,123888.3754,131863.8309,105141.2119,1,136245.5489,108385.446,1
Phenylalanine2,131343.9082,157021.8433,144263.6119,146628.2823,151936.2645,172424.5708,154811.0704,150069.2223,211772.8526,198819.0055,206005.6541,204764.6304,93638.97425,85388.54691,92055.14561,86115.15367,144113.8004,137144.672,123620.1135,142969.449,177735.6674,102599.011,88914.59498,64540.99017,63194.8955,60952.08084,128652.85,68823.00689,62347.96343,60348.98175,62590.55027,87644.05524,53757.77866,54403.72846,40630.73101,92773.72759,69758.20541,51630.733,95689.30547,86289.26583,104356.334,52412.98828,78628.44355,50810.42942,85324.15774,67339.86848,100849.9638,49484.18119,146178.929,87163.90283,54015.98372,79021.52778,74777.96212,50765.93669,80048.87086,64266.02155,1,66636.99163,51930.98411,72986.32768,49804.88387,106520.8484,72873.19286,54952.275,56024.81278,51582.88355,65571.47739,61083.15492,58541.69574,54417.79011,75846.34519,130734.9225,61147.93392,47570.47643,102088.2614,62447.88909,82298.85397,38169.964,63618.64693,70250.62459,87123.34629,61606.77737,47618.35962,41800.74971,56013.78167,56801.79941,60769.2,64380.68367,46663.64371,67459.6153,54470.41214,70126.39263,40860.40958,64661.5359,64411.24857,63171.14222,45453.06199,80492.18122,59788.46888,64181.34426
Phenylalanine3,27936.55446,20980.77667,22036.36341,19905.85208,14141.38495,21515.98188,9750.992219,10072.87645,53726.4707,46336.6188,61706.80939,46285.94453,5291.322312,5583.121948,5612.686757,6944.836093,11404.53985,13330.9575,12104.31733,13319.91741,19804.27155,9160.954621,8409.266829,6585.638449,2733.796104,626.2758301,7659.501,2517.472693,7782.9165,4900.558517,7274.685931,6285.691338,2121.232874,3218.212209,2433.401441,12823.82264,3613.225942,2002.207236,5727.402292,16418.7648,11186.71102,2923.980728,1695.541459,4881.483333,24357.2494,5526.029954,13136.2694,5352.321848,16854.77962,10117.13141,11580.15492,22570.84333,11179.54,19421.39208,22246.167,17033.97667,20629.3469,22178.90571,9433.030243,30009.58309,15449.688,26321.63511,26161.84938,21095.529,16971.88321,22179.7527,26771.95814,11016.74417,13012.638,21382.03846,15147.19121,15176.19067,26199.78105,20999.07736,19834.33208,15766.372,29367.7255,17398.96148,22870.52656,20724.27943,35910.055,20468.04012,19889.59167,20680.36364,18154.37,20118.43273,22845.32914,25428.17438,11612.00956,24889.345,18306.32404,19308.6855,10961.2082,23479.29257,27979.7035,26929.28824,20522.50547,19226.7255,20022.81549,24349.73511
Phenylpyruvate,1,4525.697143,1,4336.251182,1,5122.794133,6713.4824,3654.62175,4619.817143,4589.822929,5899.128929,6398.211409,4997.275714,4544.4672,2389.279071,1,5781.456115,1,8751.915,1,1,3539.6,6512.6607,1,1,2947.030625,5646.304,3439.885957,4487.914286,6113.23677,1,1,4486.68,1743.2275,1,4929.418421,4280.158385,2963.944846,4802.282813,4082.807719,2897.776143,4493.047,2130.509333,4393.61775,1,1,1,5849.11725,1,6403.765875,8999.651333,8367.670462,6270.100643,13081.1575,10489.5693,1,1,1,6852.151077,1,5319.348667,1,1,5032.385333,5389.367333,5529.562483,1,5394.808,1,5236.107333,1,1,1,5302.807714,1,6679.395389,7588.6355,5143.082,1,1,5463.848,1,4622.601625,1,1,5026.419563,1,1,4428.28,1,6026.249625,6251.433375,6570.637714,1,1,1,6263.844,1,1,1
Phenylpyruvate1,1,3582.6168,1,3265.8565,1,5742.605,5606.362731,1,1,1,3771.303188,1,1,1,1,1,6547.02406,5770.24225,6366.4938,6240.962423,2996.966769,1,5219.808458,6985.622409,1,1,1,1,3388.9364,4178.2605,4613.721143,3915.531667,1,1,1845.0776,4825.076389,1,1,1,1,6890.70265,1,1,4772.2907,7702.080714,1,1,3458.627308,8028.01125,1,10061.3181,11283.26908,9046.24224,7389.56625,9383.149286,4448.429143,9976.923021,9019.1395,7568.050421,12707.296,5253.004,13903.36581,13570.45074,7251.875313,6593.181148,8676.299273,11359.20933,1,5927.8625,10513.07658,12515.536,6362.849318,11766.99691,7912.357711,8287.357273,7053.288649,8724.001471,7556.1955,1,12443.0857,8874.68897,7421.812412,9791.011312,8796.079128,1,7002.781714,4485.1725,11633.60703,3160.671056,1,7912.941985,6492.805882,1,8359.520583,8870.609128,8267.063521,8693.52,6485.017885,9582.9552,7103.235132
Phenylpyruvate2,4012.626013,2059.359403,4859.974167,2568.544816,3743.870274,3105.635431,6302.965625,2524.933182,2442.677127,2432.958469,1838.4228,2129.233,2054.679576,1651.378275,1694.20028,2024.420476,7485.70497,3869.498039,5995.724897,3011.819211,1620.953333,2422.708187,1007.9868,6729.456209,5120.092877,4892.711212,828.1031829,294.492,1550.684565,1316.9579,4396.757671,498.7530472,730.8387585,1569.655455,879.5967891,4083.087928,1763.267667,1349.230889,2450.492484,3085.878689,5956.875888,1335.704225,646.1707441,1810.6035,9638.272778,2482.783999,2750.916353,2378.095872,6717.18775,5722.613037,7367.149185,8792.621,3251.729502,7004.1637,4501.313414,5058.838015,12235.89774,12646.18246,11218.79664,16106.99739,3844.651125,11257.64755,16544.4899,7120.977105,7912.900889,14102.6628,15310.9358,4233.201923,4925.918261,13779.5945,9574.47225,4347.168421,17695.64862,12175.33761,8845.560295,10130.27814,14762.01254,12859.16,11060.90128,13926.88208,17500.67234,8622.169043,11931.14352,11338.8775,10851.07613,8458.015364,10622.07409,14498.55523,5077.466731,7413.574658,8228.2296,9870.009143,19842.97468,16106.71097,13777.8413,18034.15025,13831.57558,13096.50808,12042.40837,13516.12464
Phenylsulfate,103181.2673,109002.6141,114385.9787,106318.6976,11136.25364,10025.05952,9537.123,12551.513,213598.1728,217179.0875,198001.4612,212051.4271,8007.363913,8270.78664,7828.153462,8081.796714,137732.2711,139610.832,136416.2159,160235.77,486504.2074,61891.04167,61921.16319,6162.315,24188.01677,22044.12329,1403546.077,1203645.165,13984.50898,13686.12353,89654.55268,18534.49363,252097.2341,245054.7868,135396.942,12619.48775,167589.3238,66693.37208,13405.3773,191524.2338,540430.2343,757544.9533,47205.86794,29581.4508,10256.29335,1245622.28,364130.3826,124076.9861,2362955.125,904431.8575,17676.22645,4360.53506,50061.76098,25509.22797,5491.23952,182276.4543,78209.61875,14567.119,43622.722,9659.1908,78357.35702,237416.9976,5428.218214,2328.185306,6010.689643,283455.4576,6278.172579,1738779.157,22432.96938,180566.941,56927.40267,93409.64226,18100.58483,74350.10679,14829.4848,16344.73306,218424.7105,20055.26085,450784.3864,83289.24567,23482.76113,15471.70726,14576.13152,3805.516759,75325.13428,8006.749094,317067.8707,6266.730208,5305.090357,63072.21884,18469.82638,8247.932,11493.21558,10456.008,51032.3955,22009.81978,6764.546882,84390.06496,43802.64617,122952.9614
Phosphate,42562.29844,39303.01375,35981.4,34382.48314,1,22721.85997,23249.94063,1,1,1,1,1,1,32504.93106,31412.18347,36587.31947,66257.15511,61792.32184,62846.52969,61301.71631,54415.33412,44170.83088,38174.83383,33775.55783,54934.61975,51628.86193,32649.8125,23152.47708,1,1,1,31388.65106,21851.72686,25797.65039,47126.14762,46697.28865,1,34491.96482,39727.65983,29387.78747,24792.01537,40110.86856,60147.08503,42897.168,42204.72812,37210.212,32546.42308,24858.60667,17982.82933,49550.13257,32441.66721,25735.91404,44778.102,28612.782,24850.95104,20119.7625,19996.79385,33209.81942,40324.34057,21594.87071,33087.68859,23137.62671,29929.632,25170.48,21180.75077,30424.91132,19860.10743,35270.51029,26816.74625,31775.7275,27436.6625,32338.55317,27941.42829,28822.09547,29499.03754,27482.68854,21004.825,63215.14283,39419.6072,19535.29132,19786.49475,25011.31575,36321.94893,30690.28832,21959.07886,18821.75719,28631.4644,26847.14169,18239.96845,32922.05081,23158.97675,27148.234,38772.66,59021.675,48486.95893,64951.61827,26919.48727,19854.22868,27637.01738,25339.29864
Phosphorylcholine,1,1,1,1,1,1,1,1,1,1,14305.31961,19830.34139,1,36848.57227,1,27860.6135,31959.49359,17725.69304,1,12699.54741,20455.44525,24364.80681,25233.201,1,24873.62885,14189.5698,1,40109.20216,41146.86649,18251.44783,19464.81098,18513.05654,1,23397.40676,26768.54969,21243.37376,19589.83242,15396.1218,12690.99277,19123.218,1,36949.94274,1,34290.13589,43352.51262,26432.73415,24991.75357,27816.98341,36607.37765,23388.40474,1,1,1,6574.748059,1,34981.7825,32895.85071,1,51988.92072,31372.54725,18991.88606,14262.83867,1,11275.9262,14783.55479,1,25189.12126,15169.67108,27184.84689,26828.0885,1,1,1,58395.94581,32337.03495,1,1,26021.79938,38410.2432,1,26738.68112,1,86848.10444,1,1,1,64573.79316,79113.37719,37719.1477,58608.4896,1,44580.31815,74593.80841,1,29298.228,1,1,104049.5418,26868.70453,1
Pipecolic acid,46800.78725,1,43091.20369,42611.70831,46726.14733,1,43329.531,48760.9725,45589.54,51270.66537,44245.08,45986.522,52696.53106,53485.37179,60767.55719,43726.60693,319480.7263,298486.0573,268455.1069,306657.4012,84345.50057,52951.75714,52419.36007,1,21942.03583,21453.56897,30057.85045,28711.62512,61062.20014,72534.223,80670.57207,52382.88968,55740.67617,48441.79125,22454.35313,29982.40833,61220.128,28865.61,65934.93358,50459.66721,1,31902.72583,16450.192,1,28521.0325,108417.4398,1,11901.6705,71768.68077,32687.028,20811.26667,17573.35862,17072.73368,20412.67243,35235.7634,54712.07585,24753.57012,1,60650.20196,39407.7385,46678.95344,28842.29333,46282.15423,50854.47953,20720.784,34329.31506,1,1,99493.74907,20761.216,71038.79431,35930.96592,87367.77458,18539.61633,1,44506.37172,46354.41671,41301.59395,35274.64627,1,1,22152.57969,16715.91371,1,47263.23525,45932.71746,69631.68397,47243.08736,26224.8615,39713.85643,64371.1769,25459.99521,33218.66538,79170.80634,45255.96718,33319.60376,64999.13662,34838.31653,76192.83328,17661.17571
Pregnanediol 3-O-glucuronide,118344.0363,122338.9486,118931.0135,120318.7727,32434.64718,32532.64667,28393.119,33890.30543,40085.45195,43142.4072,40983.88448,42430.6545,9330.215667,9304.710444,8347.933611,9023.892667,10761.90417,10527.26527,9262.387591,10148.69206,45580.885,34161.72825,32831.568,3203.0445,268355.1019,238218.3532,21910.26837,59148.55702,21615.6985,20391.57955,30747.30608,31283.06116,46885.773,45777.71487,99339.862,11495.08929,12661.23063,22481.32163,7552.004,30062.676,3509.722222,35787.08658,124784.2172,5357.35875,2623.6224,60620.32636,8456.57915,8423.8695,73307.71327,34570.0002,17541.6248,5458.66225,20829.879,4483.364294,1674.051438,14244.12,1239.376013,2026.22,3996.119401,5341.579412,7336.52275,4787.82,2438.362,2299.434,7998.9055,5581.67595,3647.349,4847.831554,2011.281196,1390.055259,8542.528377,128264.6905,1196.65814,2932.243833,5298.277222,1381.358228,4480.973347,1949.557944,2932.817389,2718.993895,2789.564037,5169.288158,2405.725714,3820.3312,937.5177857,3153.963809,2380.97364,1340.445429,10763.81007,1573.990688,924.0099754,4610.066824,27245.6428,11378.1845,5697.654954,1538.38025,1813.378269,5320.696816,2048.326737,5682.620893
Pregnenolone sulfate,765100.7371,717065.1417,784967.8849,732214.4233,204089.5848,198166.0872,197370.6027,200404.7818,198066.9915,195480.7682,189120.5199,187947.4616,10397.67488,11676.2528,13134.81,12083.809,36162.62665,34481.83233,37709.13519,33121.93111,315593.6061,213662.0561,203116.8441,20219.41591,86602.79395,83110.69994,388408.802,577786.5612,103132.689,99443.53628,296978.0203,42486.65913,37710.25481,37146.99175,35277.768,84701.26495,13315.66796,9941.160091,100507.4342,85572.41531,71354.6,470749.2307,43246.15372,2848.285143,49045.17178,58929.84839,127780.2437,45436.62996,349507.3247,25513.295,37919.30029,62352.70682,63896.51533,42935.86022,13997.34938,20677.434,32939.79216,4599.614753,56544.71264,47481.41484,41486.2477,4440.915273,6502.971,11936.0087,14184.61566,80153.61608,15115.6145,2547.4449,27169.91956,33127.66985,8389.079167,9503.865,27530.5926,44817.50857,9177.104694,3372.985663,11250.1289,25312.833,8790.598727,71298.78583,14873.92367,70832.56985,20323.044,19715.43787,2035.030377,4418.215566,17518.72033,6666.763154,22830.59756,12413.7564,68672.5875,6591.547181,50684.90153,23148.0256,5506.583875,18369.60236,14112.44375,6418.856727,9509.094,7807.6845
Prolylhydroxyproline,66907.2,59981.05458,60157.74183,59161.90875,56420.5325,48084.58538,53316.8,52408.906,44670.92083,53928.74027,44335.27908,48638.92765,110311.6951,133847.764,133107.2503,137460.195,99525.08876,124211.4154,106700.7421,105977.0165,65725.3405,65308.488,59311.19292,25047.35086,557888.1751,647471.1208,240176.8225,150705.1875,123069.6343,133095.1012,31905.17815,46302.69286,221174.4159,232593.5805,58751.34583,28112.36086,65333.13875,319198.3923,40770.21,67877.55783,39910.79808,157241.3982,138093.201,36868.43829,19048.74917,220304.6898,109297.9481,24983.35909,94020.17606,48230.71361,22971.84667,18911.14575,18248.64975,5869.169583,16789.98967,11062.5953,26855.72323,24650.09829,15207.02,1,14812.864,11333.1304,20083.10143,29519.74917,10255.6152,16259.46429,16022.301,42163.11604,27992.096,12821.0015,45347.05,19616.59639,16271.16925,15699.40083,22098.22083,22031.96683,10801.8395,11049.5625,7148.104,20416.41643,6227.6786,20857.05464,34103.04927,32776.085,15833.038,18544.08617,15310.53,24422.499,19845.425,9174.319167,15477.291,17857.12692,19269.2172,10803.898,6577.819778,16709.79429,21794.724,12672.42467,19792.1325,8953.470583
Propionylcarnitine (Car(3:0)),49472.99613,42725.766,40412.2835,44761.02193,36068.3625,31419.20071,31158.68725,22481.37257,15231.9802,14070.203,15004.87629,18728.77542,10673.348,9573.392,9536.1408,12139.86417,27671.33571,33482.53167,27286.38833,32074.64643,35565.97667,38112.82438,41785.041,39662.42657,29976.978,32977.64644,41421.89314,83470.69856,13183.5076,19897.425,20571.50209,72350.39857,21213.60617,16927.38,11965.556,60473.93,27764.59636,11230.4205,48499.702,38851.58229,40240.439,25046.788,16373.5767,33575.51272,26558.47707,86773.79167,25414.488,92567.542,63446.92614,25343.387,12378.692,53984.64375,19384.50567,14983.26171,26914.40891,51395.89006,68681.39454,48769.01331,41400.546,40755.99125,28903.47333,73576.61487,38048.07808,19474.028,30538.77225,14480.13,29267.14592,28928.47729,18658.6837,31047.47822,43625.40873,76641.74818,40728.08996,17363.47993,57597.33583,12680.70257,56922.99733,19666.43175,61967.80005,76287.27155,59785.04636,25939.08571,1,8897.544,30630.24214,26323.084,41074.60335,31211.6758,11297.2985,27686.5605,43264.6685,63072.82767,11015.24983,12086.291,57559.70594,76013.31165,7073.0175,61357.0375,22040.7852,35909.58675
Propionylcarnitine (Car(3:0))1,8182.7379,1,6571.3172,8452.5118,36222.88536,38510.25375,45302.3935,47557.296,4363.8122,1,1,6254.3764,1,1,1,1,9927.537667,9085.8912,10663.9728,7748.8716,6124.4148,9674.874,7350.3832,13414.7811,1,1,103553.8302,23802.0125,176473.9348,171746.6331,27025.493,15368.2473,4618.488,5316.377,1,8858.175,24115.46275,1,14801.8512,6668.574,7933.0902,1,3400.8036,10386.6816,6888.3276,653077.9632,6767.87,24635.60583,748638.8087,326677.9308,5798.035,19170.43333,6789.8883,7935.231667,15340.598,16487.92908,23523.78963,15688.08,12216.542,11649.2895,10502.67771,38895.65929,11758.8524,62549.17733,9864.079333,3863.9622,11175.71217,41029.73509,1,1,11225.4224,40416.4,13373.69986,6680.703167,23681.163,4659.6864,13667.32,5662.761,18192.352,14318.838,22349.79083,6879.1328,1,3885.975,7451.8664,10051.606,14361.8552,11823.7686,3972.0252,10572.8174,9807.45525,19624.57262,86642.61744,3631.0844,20902.0605,8833.0811,1,19105.30467,7611.764,7324.7985
Propyl cinnamate,72597.4208,69563.9475,60721.97083,60001.3615,1,1,1,1,1,1,1,1,1,1,1,1,19705.79042,19712.78727,21317.527,38475.35859,91959.23877,35678.22173,30330.08203,27188.03162,8286.201225,9552.288182,10822.79543,3399.318079,1,1,60955.72311,1,27635.978,29026.16843,1,1,14139.46563,19644.01453,59491.51047,18588.76716,31221.21886,11007.4047,7304.384957,44172.47927,1,22490.233,14198.10341,2562.474118,18833.54091,12755.14909,6319.887093,1,1,1,3921.100773,1,1,1,1,1,1,4333.485031,1,1882.143429,4012.915119,1,1,1,1,1,1,2767.702438,1972.298364,1,1,4676.110027,2604.414944,2726.880429,1,1,1,1,1,2936.402344,2744.325278,1,1,2958.082355,1,1741.239711,4013.046429,1456.0858,2076.664875,4410.299,2753.928889,3174.168975,1,1,1,1
Quinone,20024.7476,21048.06188,15735.00563,17324.1543,13330.79524,13202.0645,13416.35375,12059.15388,19260.60305,24271.71382,19819.13806,20802.80889,16005.3084,16337.95591,13895.01375,15987.32631,9824.818,9910.732333,12344.04489,7882.285714,6485.224167,12415.26214,11170.479,12140.93294,4370.298333,636.5576,7652.103,8835.036,16986.58405,28545.05556,21043.91444,8746.749917,6727.87625,6243.492083,9571.522889,14083.97375,12630.85833,7261.554929,11936.769,11920.58214,6654.36325,7207.404444,6363.8484,13238.21925,8880.46675,1,14251.66867,1,9707.0544,8845.253571,1968.995,1,15630.76811,5651.5844,5523.342,1,3390.836,1,1,1,7770.675938,6527.395714,8751.51025,1,6618.474,5924.328,1,5757.3775,3614.0596,1,7013.68675,4356.144,4136.5625,8097.948,5473.7212,8627.780571,5977.8625,1,1,1,1,4116.768,8367.708,1,1,9669.60825,1,5568.933929,7714.035,3245.5566,1,1,7930.362786,1,9090.719111,1,5225.8665,2975.6749,4041.537083,4825.7325
S1P(d18:0),10892.15083,15912.35883,16423.3525,12459.99755,9134.094667,8413.647556,10986.33958,7741.1215,12588.90608,12276.46184,9849.06,10538.25188,8009.545444,6492.383219,7214.380781,10367.09752,6216.965682,5695.101931,8752.765,8391.111429,9545.135932,3243.232596,5474.980563,10037.28828,8199.996455,8493.791667,4148.485555,7621.695,2412.159986,1219.041193,10949.45618,5551.5054,12240.47518,12112.71788,9424.972227,6229.491,4916.353476,6372.399,9382.937032,5653.954029,10141.153,6308.184333,3015.32,16016.32389,8461.261,11881.95416,5545.3968,3234.7515,18318.03,13429.34168,33533.38592,48356.01,16669.4535,23595.5792,21416.08919,19619.94395,30434.23548,27236.23857,38551.788,45525.0385,10073.39884,11254.6245,22931.6892,22941.01127,32061.99385,29678.06146,15644.57773,20936.27711,16882.21078,68288.75357,48124.22665,23384.86703,33524.84036,21881.01748,41761.40549,32523.72911,34192.75393,76136.92613,49747.74175,27781.447,49825.24088,16028.52011,29902.89474,14992.026,39468.9267,20563.45872,35036.86122,33464.02085,37299.03545,22489.44458,12113.42612,20290.77481,103586.3634,19284.28088,40766.58093,62472.52675,16248.6432,36638.9694,39387.48482,50802.55714
S1P(d18:1),95142.86,106431.3726,122552.3791,118365.1808,58021.3084,63268.0721,68491.28567,53489.462,89458.44002,93631.42439,76080.83578,75922.19561,53950.06763,56907.92987,61684.13558,71855.59378,44482.39667,44915.96391,54760.85305,55659.79385,56005.04185,49047.27208,40753.335,61383.00589,96911.27068,96276.15056,48455.22579,42371.924,32501.94064,27441.92705,103073.2475,45475.96711,105454.4425,105558.529,42410.53759,68538.47096,88157.20964,51644.40965,62009.95269,55384.13515,57056.53381,57252.9375,44925.288,150616.7775,63088.96411,44567.94661,88152.6544,34033.74468,118587.7744,139046.8783,191429.5455,230764.3976,183371.7437,122273.48,131867.5767,140483.4877,218157.1732,204693.3925,185819.6186,258115.7476,84780.26393,116552.2881,208139.2176,158644.1275,156902.7469,196264.9972,136604.2292,149333.5638,169576.8277,326088.0557,224343.4317,136214.211,153137.7767,172521.8843,189403.7396,194888.674,189087.6573,355977.1236,217142.137,150902.4715,291972.0024,125460.4021,170992.7111,139509.9698,202604.3704,128476.3606,203641.056,191862.3791,210899.2066,186159.8171,110099.7748,183454.2433,441227.6637,165453.7836,189193.99,338844.6715,152479.5346,195219.9522,232448.5306,252131.6787
Sebacic acid,8922.492875,10184.75063,9358.5568,8175.3,5677.73425,6005.192,4472.242667,6735.511241,6806.4192,31640.7409,7667.855714,10007.3875,9199.067818,9937.397483,24616.9606,18570.28914,13607.20742,14021.58838,13959.6728,14491.22251,12067.60239,4686.4871,5884.994063,3685.466113,2030.801384,2610.848598,3642.547875,34367.08818,13962.61669,14404.12875,5793.259222,2362.908311,6955.915313,8465.749111,118634.5555,5495.751926,6344.854,10555.34533,5778.695977,10298.883,5269.090909,8828.123294,6554.938,13657.97935,4683.794817,31831.67438,7924.016333,27775.65773,23739.55763,18913.33923,6386.085403,13274.11729,37185.73883,5208.205179,8134.700087,4340.556,5067.62425,5979.436775,5821.390917,6531.994696,7659.137192,5925.424842,12985.89641,5822.55675,10710.98429,4668.000541,7322.003143,3630.485677,6547.476,6209.355935,30060.00857,7502.350844,10473.52128,4814.033,8589.073038,8723.404511,14467.6616,7423.79876,7417.237273,5097.928842,4778.495636,5230.041833,808.14125,4701.794375,3878.64,5977.227692,4614.223684,5766.648063,7357.3812,4392.021667,5009.909585,6604.849691,10399.74059,6031.493229,5830.666,4873.0755,6018.949344,5923.500659,5612.758703,7173.459913
Sorbose,31326.44516,38012.78274,33653.17335,35280.41777,25978.87152,24604.06929,26898.91771,25597.77216,33035.82663,35395.4601,34010.79506,35017.49492,63553.87479,64946.93085,61121.90413,61782.72094,140845.0106,150255.208,132857.7002,145685.6795,16554.27879,28481.74138,29900.62945,23652.60359,93949.5748,96694.21985,107393.0407,132808.9063,44182.96081,45032.66366,43091.76024,25098.57556,55526.55935,65646.357,18444.825,29803.49064,28435.93316,25575.97224,31224.59087,36500.70605,23927.49569,51591.71657,51696.36347,31589.8045,7947.049494,31051.69859,36891.28288,76593.22162,25280.60216,12188.37404,4494.343152,10783.14688,45597.17322,9703.407923,12879.74287,14898.41857,11773.52133,12993.90429,5510.913286,18096.0868,12980.81577,21990.34117,19310.2096,17608.91022,19769.68667,12365.681,23450.7647,28926.4875,15120.2,6566.241813,22762.10328,25928.63231,15388.9996,20472.3384,20640.3288,11477.70275,18354.5433,7725.424306,6060.287409,12407.78693,22181.876,7172.252875,19737.27213,10056.04542,8161.421088,19667.67109,11278.119,9535.351766,28154.11777,6059.030001,9388.831833,10550.3925,23864.22917,768.8632509,24196.34442,1,10992.70338,5655.338879,9407.855222,14404.91656
Sphingosyl-phosphocholine,9733.825912,9754.119233,11193.44327,10065.82143,3060.45,2567.965917,2212.070643,2646.586127,2370.123111,3106.181,2560.951912,3190.832443,8537.321602,8169.228693,7885.283027,7956.688594,6035.60072,6615.104807,6941.274728,7713.193961,1181.671868,2688.712231,2006.032292,7136.675474,4272.153995,4465.396833,22822.73928,16704.07733,1231.56822,1237.745,4057.6523,11415.12585,5266.862294,5635.173876,6140.012339,19698.4231,52765.8474,6158.958877,16797.42416,2765.2412,6100.497443,451.9814646,4718.646867,43375.41667,20144.93345,1874.038067,5482.723115,5564.040049,12271.05775,17582.76355,15379.53076,9287.962867,21569.40882,2810.791,42344.68333,23566.94503,18589.7012,56244.75896,35100.70817,24706.65638,27181.27722,18265.7568,55363.5162,55498.85484,22196.92937,31378.5803,59876.7878,25827.43625,19331.50991,71234.13904,42839.10104,17239.40766,16283.7448,11786.66029,15136.62593,27734.60341,82482.43045,32514.755,148835.9983,51247.58459,47029.58003,24125.38948,39492.06356,39892.39625,59576.14546,51568.98796,43644.32928,43759.69617,32218.13978,80797.82972,26212.10395,32481.963,22848.26061,25351.76446,35381.42486,54854.37208,19604.99219,26960.85895,32731.73948,32602.92188
Stachydrine,88787.45464,96954.25156,100041.2345,89275.75843,46074.18075,46895.81185,37667.94533,38786.324,26891.08404,28751.45048,23608.70609,29246.37462,69794.32212,60900.74954,1,59653.67692,27081.81202,22442.89938,26415.18,21692.98782,62522.75077,30292.50433,32015.76269,33691.60892,29074,24148.41308,13353.9313,7053.774222,1,1,1,33494.39907,1,93446.1476,64733.09308,4463.307136,39101.69038,51675.59138,10949.01514,27128.362,12205.9245,13174.65577,147677.9469,305578.2124,323173.8324,598696.1802,556806.9669,37874.48838,217732.8116,1212771.299,99112.602,293305.5711,1,9702.718125,244423.6366,131626.7316,8723.458286,164467.7352,398236.9598,31690.85875,212208.0186,4503.675,139005.5039,295342.4245,20043.822,459551.5444,328430.5473,360334.5964,1,333869.544,65762.78917,30595.54867,16065.19246,18323.10236,93181.15038,122003.7589,395497.9438,325634.5437,38626.31397,333257.8856,14954.65846,1,101936.4121,287782.8761,71239.92474,90589.43469,163911.8362,219223.1996,20741.53023,205886.915,11152.89833,78835.24688,96689.97773,466860.2396,87317.67585,28179.31315,454537.6189,481055.4631,391263.1907,55003.72038
Stearamide,36002.41011,33743.57296,34508.01833,34572.70516,35982.39233,17516.64808,23539.8307,28662.4987,22527.10411,34472.77258,55103.69744,21817.85533,33113.23943,23353.39705,30148.27146,18685.21035,25997.587,33580.98769,22931.34984,22821.99889,30493.21107,18928.27183,21396.44783,18838.73667,10389.24663,14276.04267,14560.18875,29847.31344,32937.7295,25026.95471,22279.4665,38421.8154,31642.25313,31165.89625,26794.75548,27152.25377,30996.31287,28368.7648,33060.46513,31395.72278,37093.80798,22015.99638,17990.39386,22753.7495,16662.61525,13424.89024,7711.196667,22078.28286,20672.12835,27642.56979,31961.77322,72265.665,26372.85958,31883.1047,33963.41231,7862.390214,6481.591217,23888.33998,23258.46723,27098.82663,240831.3375,60748.29342,8733.956175,8905.325143,6251.14213,7334.663,5908.4495,9913.165773,6649.83375,38993.88952,5509.3478,5335.351636,23355.62561,7700.916034,13615.66025,9080.3835,16249.68668,9403.031913,6834.128357,7063.071296,7915.785,8717.906339,10214.0455,6776.517957,15669.67217,8057.072571,5890.464643,8138.172545,8092.609712,11417.53891,7196.861455,8674.0605,4608.72,5982.092618,4311.97169,6029.526375,5399.469704,7455.509611,8837.431042,7775.196524
Stearamide1,2912.90538,3587.424258,3046.138552,2565.66975,3041.23524,3211.233103,3240.667828,2657.9801,3254.993481,2911.543471,1052.672235,2591.941204,3195.833333,3014.223983,3097.14496,3517.442704,4002.072,3180.037724,4010.690769,3070.879778,1347.908571,2620.055455,2618.853091,3086.257731,3659.942937,4473.595238,3109.206412,3896.245729,3287.626852,3595.154194,3885.29431,4360.788411,4132.308,3332.079875,3348.373185,2889.411517,3898.613654,4140.585724,2666.739286,6386.10525,5032.69888,4158.726179,5153.698212,2066.486708,3451.493654,3254.277267,3238.449407,4725.179036,3340.834138,1206.19125,6013.606667,10541.1381,4243.285333,5049.390667,4828.901717,3604.820025,4546.453263,5436.757857,7625.240625,7570.715,6424.516,4776.643044,5345.179762,4757.92663,5336.1588,4923.945357,5872.41225,6375.444667,6481.04175,5754.874871,5685.120316,5634.18375,5994.5076,4185.4675,6500.010524,4621.797396,6313.778182,5655.663583,6775.4401,5534.680074,6389.7658,5287.464205,4833.636545,6278.591786,1855.709471,6637.278333,5676.440192,5508.714571,6248.492038,2170.878533,4422.153,4218.35565,4746.73552,6582.942261,6166.898182,5322.652687,2188.009833,4814.82144,4191.085167,4416.602273
Stearamide2,4869.7385,5819.078,6058.423043,5556.0484,5706.566833,5992.370385,4301.101519,3856.30842,1,2571.215241,2936.216719,2454.075054,1947.50887,1400.536667,2100.298667,1268.372,1547.818935,1959.112765,2148.162,1430.348308,1350.709115,870.1381042,2523.624444,2215.197479,836.59188,1,2158.297,1865.3328,1,1271.066045,1,1612.607904,1,1847.66168,1669.64875,1722.094958,1,1591.087588,867.02,948.6953214,2899.718308,1,733.3418143,932.2842857,1,1,871.5326562,1,1,870.9718966,1,1,1,1,1868.586526,1,1,1,1,1,1,1,1645.234407,574.1513158,1,444.5845588,1,1,1,954.9268,1,1,749.192,1343.184931,651.2893333,856.3755,799.0760227,1,917.4080882,1,1,729.2607692,1,1,589.7317778,1,1,1,682.8597647,1,659.8556471,410.848,1,1,548.2238462,1,1,1,446.1410714,1312.245455
Stearamide3,2036.255812,1709.418815,1433.8467,2454.567355,2333.699827,1,1495.181935,2327.034044,2876.307549,1810.146263,2778.423786,1738.6342,1917.033268,1938.978487,2018.639565,1931.281784,2257.31616,1673.930776,1009.144286,1582.275,2122.713659,1773.245127,1,1528.813364,1785.391116,2070.105143,2326.318982,2129.914063,5311.847264,1696.657917,2165.476721,1768.608735,5923.66122,2487.328076,2651.97,2513.494893,2917.164833,2544.885263,1,2602.183417,1,2936.944884,1294.488158,2395.236364,4090.12831,2250.444729,2243.331727,2291.954189,1145.953333,2321.041831,2456.493722,4057.966,1788.0675,2379.380726,2088.900758,1370.010783,1,1846.294273,2560.505276,2694.244792,4597.029914,1858.494857,2659.482362,1117.527111,1699.9576,1728.942894,2073.038857,2219.2945,2519.205522,2356.414941,1891.642468,4733.016392,2157.131667,1521.119118,2270.89936,2530.444706,2610.263115,1701.70176,2051.162182,2116.370667,1959.221161,1516.842935,3206.251489,2278.765839,1580.519267,1713.092109,2233.712114,2071.958609,2349.885227,1531.303333,1433.8275,1314.277852,1254.009745,1758.355691,1106.683704,1602.699172,2823.440625,1614.993771,1003.65784,1331.076115
Stearic acid,7771.024618,4499.387,7011.870973,5689.172176,5496.57275,2922.423138,3701.243733,5803.754579,6313.264632,6900.710538,6878.370675,7084.35523,9225.394098,6206.42115,11437.40335,6123.789324,8655.793781,7758.346382,7465.1725,5565.0685,10396.62881,21.88110056,5888.137174,6175.775137,8240.958197,8083.113528,6982.084286,7864.502368,8964.575054,13986.29826,9222.755843,5634.567069,7099.729128,6242.736732,10436.30933,5385.870744,8985.394459,14944.116,9126.782153,10277.02491,10610.2998,111.5450597,13256.12555,15066.42184,7684.431488,8175.291525,6384.825347,11445.75206,8352.678382,8003.223514,21.88629763,1,44311.29343,38131.19917,31676.33787,26269.96056,22372.21019,4.0588868,16071.80194,22.21105086,12.86550578,12.83641171,13.5571949,32900.46375,33255.71125,28946.08125,21663.85548,8.79060705,24805.80784,12.82638194,17.18531879,15151.07534,18932.914,7.408453793,4.349279591,52.12394879,22247.73915,27806.53923,31802.6796,4.359693005,16.24867786,7.806360966,8.567288821,18.91696732,45.44254298,14.45901674,20877.28225,1,28338.4068,17487.56289,15742.98761,19995.30416,4.004250819,4.894056498,17991.55118,18140.708,8.963562389,1,8.879462556,14.60403097
Stearidonic acid,1,1,1,1,1,1,1,1,1,1,1,1,1,1,1,979.5485,1,1,1,1,1,1,1,1,582.0339583,1187.080417,1,1,6808.414205,5121.499579,1,1837.30381,729.7308333,1,1,1,1,3272.653125,1,1,1,1,1,1,1,1,1,3284.968167,1,1,8701.988571,24535.47462,22847.78507,29407.30414,11547.24088,16152.71818,4993.9953,8615.152,3407.334875,25242.16186,8347.821143,6702.321091,4006.73625,7159.735889,19307.87486,4194.047467,5919.813375,3805.496364,10701.18692,4456.082667,5211.908333,4564.168667,11748.9276,11253.19072,10028.2065,3765.925444,6182.96605,7061.10075,5231.839143,2288.329167,7528.348696,11577.6864,5621.831111,3460.134667,2042.866417,6158.22,3905.591667,4505.51675,8274.956667,4314.020667,1,12573.85089,5113.068556,8469.767812,2905.523429,4891.126,3893.72675,3899.149333,1,5961.100781
Taurine,20091.50159,19373.93943,22384.411,18551.619,8241.301806,8461.077667,10613.9565,9475.374632,10756.437,13652.80105,10814.19024,12006.93564,10793.3064,10082.934,9434.285333,13419.373,24456.71105,21780.54138,24972.73567,22335.884,16922.85762,9669.034286,9883.777684,5030.657111,5561.033455,4464.003658,2847.532,5206.052167,2667.862667,2433.639593,5173.182545,8027.902235,3522.19,3465.063966,4121.897957,7720.197441,6472.588281,3552.830803,5177.896,10369.33606,5897.3376,13243.9321,4048.07425,9273,9540.972444,6493.634993,9391.936752,1788.06335,23358.12578,33734.09963,11064.592,9225.79125,12960.783,11657.24856,7585.494214,9219.892225,9473.9415,12255.31889,8584.596,11451.65883,9695.03125,11570.36844,9710.27015,6400.011444,18194.957,6546.38625,7721.632085,13707.72,8508.1815,6707.235556,21159.258,17878.83356,7500.534,9397.05,11797.43305,7588.433056,17629.0368,44831.65655,21172.04772,6877.955616,29025.1068,10018.58706,27632.53695,15389.14245,13394.37778,9555.812,12061.87538,11821.23456,12115.35,12890.59943,16181.388,4322.188,22151.68865,35248.9876,21143.1212,30356.56556,9060.315625,12825.43811,10052.1235,7357.080756
Tauro-beta-muricholic acid,7254.5085,7810.29252,8995.236111,8896.723481,303873.9981,278149.1533,261403.2835,271310.646,12315.91411,15026.46474,12836.68563,14960.97746,9932.874457,10575.46151,11090.14637,9215.115385,32232.288,31183.706,34044.5517,33649.50912,3767.023333,71757.40393,65242.42273,3818.587607,3395.928639,2033.606429,15042.54135,25340.28095,5303.710571,4943.133692,1173.747267,10008.97874,393479.6901,403727.8672,34105.03706,14505.35901,5150.7925,34108.40839,162847.9103,5543.110189,50273.0237,3965.27448,4356.117333,26565.99022,11445.30272,501339.6025,18677.84533,277704.043,41529.6315,11320.56807,26518.31225,25950.66369,248902.9117,29654.15429,7904.565,7384.077826,7127.879211,11476.57045,9895.872,21357.6244,45053.01688,3979.2975,10666.52844,16227.83796,29756.62678,40799.35117,25846.45805,7663.741091,7475.627695,93645.7267,22258.97194,7472.919822,59960.89878,8473.565263,10372.57832,56084.32762,45971.76791,4069.562167,118453.977,2187.3395,29801.8913,4109.512384,10083.17204,13155.98285,93916.57852,52405.25189,21273.99508,2790.9448,10083.31387,65058.78019,3705.562,143098.9354,17671.3319,31434.38239,3533.166667,18458.22887,3359.990667,31013.00369,11699.39844,93041.39175
Taurochenodeoxycholic acid,36260.35195,31942.23675,30095.69175,33662.75018,859697.337,663835.5322,819546.5635,847976.5515,28686.74688,29445.70135,28866.12773,27202.465,16100.11895,17010.23345,18951.59314,16601.68808,488289.0364,466556.5555,494653.9313,528440.6143,24105.2125,99620.84475,120643.6705,11000.04333,9814.641375,8258.8695,16895.69763,11436.31773,4265.874778,4787.651105,10297.03043,110291.924,897900.9244,923471.0105,40472.88404,114755.8479,11530.40527,86126.41182,482939.5071,17780.9031,135385.5559,12281.92054,7569.574833,143083.2353,35668.314,593966.1738,39042.93683,616926.8382,213399.0505,45239.39672,56898.62054,111979.3392,501643.5328,192309.3136,38496.75276,33561.55346,38840.15942,23547.44371,37644.823,38082.232,100651.349,71702.3742,45085.38924,33611.91488,117105.0216,129387.8624,158880.7668,51383.20587,21539.93939,269603.4248,42806.62286,34357.092,206353.5947,77865.6625,27852.49236,82881.60952,121161.0293,16645.95138,129872.669,3477.796882,78339.79616,11044.72895,48862.53045,64825.16577,77182.34657,125131.337,83238.93044,12829.51035,134726.2783,97679.56773,12827.77273,185988.8506,189888.4998,102746.3599,26311.22346,52916.7886,26736.70916,86843.84905,44509.06577,165854.1966
Taurocholic acid,7254.5085,7810.29252,8995.236111,8896.723481,303873.9981,278149.1533,261403.2835,271310.646,12315.91411,15026.46474,12836.68563,14960.97746,9932.874457,10575.46151,11090.14637,9215.115385,32232.288,31183.706,34044.5517,33649.50912,3767.023333,71757.40393,65242.42273,3818.587607,3395.928639,2033.606429,15042.54135,25340.28095,5303.710571,4943.133692,1173.747267,10008.97874,393479.6901,403727.8672,34105.03706,14505.35901,5150.7925,34108.40839,162847.9103,5543.110189,50273.0237,3965.27448,4356.117333,26565.99022,11445.30272,501339.6025,18677.84533,277704.043,41529.6315,11320.56807,26518.31225,25950.66369,248902.9117,29654.15429,7904.565,7384.077826,7127.879211,11476.57045,9895.872,21357.6244,45053.01688,3979.2975,10666.52844,16227.83796,29756.62678,40799.35117,25846.45805,7663.741091,7475.627695,93645.7267,22258.97194,7472.919822,59960.89878,8473.565263,10372.57832,56084.32762,45971.76791,4069.562167,118453.977,2187.3395,29801.8913,4109.512384,10083.17204,13155.98285,93916.57852,52405.25189,21273.99508,2790.9448,10083.31387,65058.78019,3705.562,143098.9354,17671.3319,31434.38239,3533.166667,18458.22887,3359.990667,31013.00369,11699.39844,93041.39175
Taurodeoxycholic acid,36260.35195,31942.23675,30095.69175,33662.75018,859697.337,663835.5322,819546.5635,847976.5515,28686.74688,29445.70135,28866.12773,27202.465,16100.11895,17010.23345,18951.59314,16601.68808,488289.0364,466556.5555,494653.9313,528440.6143,24105.2125,99620.84475,120643.6705,11000.04333,9814.641375,8258.8695,16895.69763,11436.31773,4265.874778,4787.651105,10297.03043,110291.924,897900.9244,923471.0105,40472.88404,114755.8479,11530.40527,86126.41182,482939.5071,17780.9031,135385.5559,12281.92054,7569.574833,143083.2353,35668.314,593966.1738,39042.93683,616926.8382,213399.0505,45239.39672,56898.62054,111979.3392,501643.5328,192309.3136,38496.75276,33561.55346,38840.15942,23547.44371,37644.823,38082.232,100651.349,71702.3742,45085.38924,33611.91488,117105.0216,129387.8624,158880.7668,51383.20587,21539.93939,269603.4248,42806.62286,34357.092,206353.5947,77865.6625,27852.49236,82881.60952,121161.0293,16645.95138,129872.669,3477.796882,78339.79616,11044.72895,48862.53045,64825.16577,77182.34657,125131.337,83238.93044,12829.51035,134726.2783,97679.56773,12827.77273,185988.8506,189888.4998,102746.3599,26311.22346,52916.7886,26736.70916,86843.84905,44509.06577,165854.1966
Tauro-gamma-muricholic acid,7254.5085,7810.29252,8995.236111,8896.723481,303873.9981,278149.1533,261403.2835,271310.646,12315.91411,15026.46474,12836.68563,14960.97746,9932.874457,10575.46151,11090.14637,9215.115385,32232.288,31183.706,34044.5517,33649.50912,3767.023333,71757.40393,65242.42273,3818.587607,3395.928639,2033.606429,15042.54135,25340.28095,5303.710571,4943.133692,1173.747267,10008.97874,393479.6901,403727.8672,34105.03706,14505.35901,5150.7925,34108.40839,162847.9103,5543.110189,50273.0237,3965.27448,4356.117333,26565.99022,11445.30272,501339.6025,18677.84533,277704.043,41529.6315,11320.56807,26518.31225,25950.66369,248902.9117,29654.15429,7904.565,7384.077826,7127.879211,11476.57045,9895.872,21357.6244,45053.01688,3979.2975,10666.52844,16227.83796,29756.62678,40799.35117,25846.45805,7663.741091,7475.627695,93645.7267,22258.97194,7472.919822,59960.89878,8473.565263,10372.57832,56084.32762,45971.76791,4069.562167,118453.977,2187.3395,29801.8913,4109.512384,10083.17204,13155.98285,93916.57852,52405.25189,21273.99508,2790.9448,10083.31387,65058.78019,3705.562,143098.9354,17671.3319,31434.38239,3533.166667,18458.22887,3359.990667,31013.00369,11699.39844,93041.39175
Terephthalate,31660.3414,37986.3484,33490.44042,36505.33911,15931.20417,12353.25953,13605.13233,14975.2282,1,1,1,13943.87503,6757.5475,1,1,6992.002983,1,1,4757.004545,1,6955.298133,10370.33119,9217.98185,1,3361.107357,1,1,7684.245075,1,4541.203412,12687.26511,1,1,14719.65856,62758.46104,10951.36108,28706.31333,55865.18696,1,9469.905059,20827.40818,1,9410.505476,17528.88361,14299.9776,4199.625882,5574.9855,3937.167281,19037.39381,9371.454,4548.195,26333.82629,1,1,1,7817.840909,15547.809,34531.092,17582.91508,18743.0364,7576.147896,22523.781,70174.65,1,1,9652.996053,7821.976857,7169.657647,20441.412,38406.02925,18543.00706,32070.0959,6817.25925,14482.25157,1,13391.04925,14595.056,4215.570667,30760.87574,17882.00848,13949.44111,1,6962.376667,26145.91687,22163.02446,16581.35025,1,12546.22585,10803.1266,24109.299,24108.06458,9846.470222,1,42651.47056,16997.55443,10122.88177,6142.842263,20367.09125,17599.162,57977.5815
Tetrahydrocorticosterone,1269.325867,966.4130797,441.5430901,583.0100332,1190.840151,310.6728966,256.6357155,904.709531,434.5814898,468.7917619,107.198,348.54225,815.5330741,1330.658,927.947,944.8496,1174.750313,741.4543158,1051.405929,711.15975,884.3673913,51.71387097,19.90239077,213.7740543,600.6111207,702.7333333,541.7333333,1930.691201,895.9273148,1403.853024,535.1581463,638.6898806,238.9538475,723.3169253,707.31625,516.5495928,951.5348684,976.79,487.5422143,783.07644,750.7422857,1,519.9614783,2144.468478,610.6902069,516.2245862,464.7505147,1288.961217,541.7971719,563.2926316,2854.13587,2856.4605,3547.492083,3244.045455,2408.581205,2647.071739,2616.931042,1806.949957,933.970575,3835.893043,13646.6721,918.7022927,923.5113333,4687.74116,3655.176043,1633.40713,1393.549091,2069.357727,2135.7055,1856.848458,947.813,1536.029385,600.3276912,790.9442609,1838.354435,2663.553148,719.1813814,2231.700643,2848.512952,1153.337289,655.1358333,2550.014625,2268.387273,1580.098833,617.0981818,1823.575826,1804.30875,1188.161283,2095.292413,1162.024412,815.9044348,2630.35813,2454.897717,1410.086875,602.99008,110.4711892,1814.909091,711.964263,795.977375,512.988
threo-3-Hydroxy-D-aspartate,5288.560605,5375.885833,9171.590634,5406.030474,2460.373781,3975.041333,4595.656643,1,9161.946,10722.12167,8302.250429,11322.73576,7567.670727,8209.42775,9823.431167,8065.846174,1,1,1,6742.245,9134.736625,7469.146556,10122.1774,9014.5324,7011.291667,6370.353,1,9000.855333,16429.63398,5092.703769,15696.28674,3869.160685,1,4519.138826,1,1,6867.55125,9521.181259,5722.948292,6000.691038,9847.615826,11001.07491,8056.105411,18166.58832,5688.992841,8369.52672,4269.09525,7508.093132,7752.3116,14160.45489,3353.660119,15208.88122,6905.320889,5582.935217,1,4658.840167,6744.32276,4570.8642,2710.433017,4928.9787,6038.854185,2710.951071,4159.350667,3310.401811,4629.764706,1,1008.71785,3765.364159,8729.84796,1969.438462,5717.054368,1,1,3018.928423,4512.798,2925.087786,3550.59375,2463.706559,3841.637625,2883.783462,1,3965.4285,2290.738077,1831.954688,1803.338,1,4355.172286,2346.358286,1093.456618,3353.748211,2079.821045,7167.802857,1741.961412,1,2671.993731,1,1,1392.668667,2334.527708,2929.100462
threo-3-Hydroxy-L-aspartate,5288.560605,5375.885833,9171.590634,5406.030474,2460.373781,3975.041333,4595.656643,1,9161.946,10722.12167,8302.250429,11322.73576,7567.670727,8209.42775,9823.431167,8065.846174,1,1,1,6742.245,9134.736625,7469.146556,10122.1774,9014.5324,7011.291667,6370.353,1,9000.855333,16429.63398,5092.703769,15696.28674,3869.160685,1,4519.138826,1,1,6867.55125,9521.181259,5722.948292,6000.691038,9847.615826,11001.07491,8056.105411,18166.58832,5688.992841,8369.52672,4269.09525,7508.093132,7752.3116,14160.45489,3353.660119,15208.88122,6905.320889,5582.935217,1,4658.840167,6744.32276,4570.8642,2710.433017,4928.9787,6038.854185,2710.951071,4159.350667,3310.401811,4629.764706,1,1008.71785,3765.364159,8729.84796,1969.438462,5717.054368,1,1,3018.928423,4512.798,2925.087786,3550.59375,2463.706559,3841.637625,2883.783462,1,3965.4285,2290.738077,1831.954688,1803.338,1,4355.172286,2346.358286,1093.456618,3353.748211,2079.821045,7167.802857,1741.961412,1,2671.993731,1,1,1392.668667,2334.527708,2929.100462
Threonic acid,112709.9567,110150.4012,115860.9514,107556.6414,17807.563,17768.69843,16971.53152,16267.78132,16429.9152,18110.04035,15995.4909,18947.70031,18063.11228,17783.66282,19984.30825,20779.95777,138419.239,130418.7214,120941.9304,129245.9063,69399.174,29781.0693,30451.6584,357125.0579,68315.29167,67049.32464,116508.075,62732.94736,15351.29796,13930.12075,13477.4952,40503.48135,293611.5868,315548.1582,388352.781,22564.14326,31632.14756,91262.88809,20007.7046,49334.71633,14646.68794,326765.354,70782.08677,14942.07975,14863.25865,96353.91077,16072.72123,54176.456,50555.32279,32477.34596,54211.36107,8948.48737,26349.93047,12301.19009,19797.69238,27289.97229,12034.57715,23311.28825,20302.87991,53737.888,19516.15583,11399.8625,32589.3159,10242.19367,26251.61088,11712.5022,8626.800414,78385.02222,9039.56819,34654.10004,21800.17269,62414.15484,9251.302457,6778.838295,32300.35097,14700.73065,35819.73882,32461.61063,63922.93913,56194.98381,15953.86683,9635.969946,10773.48131,14246.03279,17021.265,18418.52259,16388.87262,32055.87333,9866.940857,13154.39538,15155.72489,22778.66207,11905.4916,28801.23262,16574.74123,26140.15554,19907.47275,13427.425,15749.79736,16887.91891
Threonine,9839.0968,8255.3394,5640.0256,7171.2585,10986.38371,8890.3455,9282.015,10762.23857,11966.38,11690.71808,13400.87229,8715.478286,15680.151,20166.73071,18110.66367,20171.25,7879.389167,9005.724,8182.746333,9931.1355,5272.973,7354.322083,9010.704,9163.8685,4960.334071,4284.518857,4284.7296,10619.903,8996.744167,9385.472857,11785.329,17815.87264,6269.02475,7798.476,3060.9122,11354.45257,9554.824875,3273.7675,7542.177786,11411.108,12383.56286,7511.221667,4840.047333,9365.533071,7872.451167,4790.2722,5855.9032,1,15975.14979,9165.541071,5687.406667,9121.268333,10925.824,8550.083333,13590.3075,1,10876.7375,15666.191,14924.13214,19007.03022,4860.920857,14694.1125,13737.6216,17110.14556,7108.3,5821.025,22889.47733,13340.45536,11507.40343,9020.261167,30746.2485,15017.037,19215.7218,15804.575,13607.278,12847.22829,14322.078,10723.10769,9243.24975,8467.750571,20916.31313,16196.66278,16350.89415,6904.9803,9180.08,17329.95055,9313.408,16377.62667,18013.51067,13071.332,22987.82111,14143.80283,10174.45064,10291.56725,16103.20529,9716.9835,6992.97,14425.53911,17274.645,11129.86233
Thyroxine,8434.79,9123.87525,8724.382364,1,10305.94125,8564.164,9293.496,7564.3655,13087.79225,13141.90643,10382.50671,13077.86917,11243.637,13091.0985,10433.205,11135.72867,10159.916,12236.2065,9346.6025,10581.3904,10932.867,7365.271214,6939.36,24453.95275,1,1,1,9420.858667,12228.86967,9777.747,15127.29,18629.408,9059.19,6657.048643,9543.278,17417.31506,20865.152,9304.9376,11278.44983,13219.998,11843.3078,6797.8145,6771.5846,15769.51914,16906.76333,1,11319.9177,1,13581.068,32546.87363,8414.679,18565.36714,26267.3125,10617.18929,21474.12343,17176.458,22148.99064,16561.01829,19764.285,21479.565,20608.60069,17344.75681,19167.37214,24296.59837,21287.7611,24443.52938,19412.58,1,17207.4595,20273.13357,21312.32457,12918.52917,12748.3825,17543.9355,15181.33619,16160.391,10278.76536,14315.8725,11965.90371,16470.674,15185.39088,19694.83007,17116.832,19095.0135,19862.16175,13027.81743,16628.12775,17607.7825,23882.2155,14263.87725,16001.94386,23416.6105,20070.09257,19121.62267,10672.12086,19345.06933,12927.339,10149.44,12060.29786,22120.4
trans-11-Eicosenoic acid,475.8592979,1,359.2186047,368.4214286,1,8.146319398,214.4462993,25.06821533,368.7260811,440.672439,440.7385366,400.722027,997.5513,772.4307,862.709939,947.6985128,1349.935537,1255.25177,1421.436789,989.0234118,1120.6041,1,556.5694167,389.6448913,730.3847708,860.2542308,730.3696486,838.088431,867.4615385,1506.907762,1048.77551,6.543816026,659.8333721,586.8815,1041.117226,190.0959184,1036.61239,1328.841429,728.2147174,916.3728864,549.6341163,1,1224.581214,1986.863056,591.3778636,488.7079787,557.7476739,1633.6246,1,700.0627674,1,1,2571.869779,3043.722429,2524.873872,2121.938486,2737.86881,1,719.9047857,1,1,1,1,3517.918527,3157.048727,1984.709068,1351.34976,1,2063.297449,1,1,1011.529333,498.875,1,1,1816.65,798.32005,1701.639056,1660.142,1,1,1,1,1,1,1,1496.755294,1,2669.018,669.0472857,516.0653571,2036.746588,1,1,425.8916667,660.9574773,1,1,1,1
trans-2-Hydroxycinnamate,1,4525.697143,1,4336.251182,1,5122.794133,6713.4824,3654.62175,4619.817143,4589.822929,5899.128929,6398.211409,4997.275714,4544.4672,2389.279071,1,5781.456115,1,8751.915,1,1,3539.6,6512.6607,1,1,2947.030625,5646.304,3439.885957,4487.914286,6113.23677,1,1,4486.68,1743.2275,1,4929.418421,4280.158385,2963.944846,4802.282813,4082.807719,2897.776143,4493.047,2130.509333,4393.61775,1,1,1,5849.11725,1,6403.765875,8999.651333,8367.670462,6270.100643,13081.1575,10489.5693,1,1,1,6852.151077,1,5319.348667,1,1,5032.385333,5389.367333,5529.562483,1,5394.808,1,5236.107333,1,1,1,5302.807714,1,6679.395389,7588.6355,5143.082,1,1,5463.848,1,4622.601625,1,1,5026.419563,1,1,4428.28,1,6026.249625,6251.433375,6570.637714,1,1,1,6263.844,1,1,1
trans-2-Hydroxycinnamate1,1,3582.6168,1,3265.8565,1,5742.605,5606.362731,1,1,1,3771.303188,1,1,1,1,1,6547.02406,5770.24225,6366.4938,6240.962423,2996.966769,1,5219.808458,6985.622409,1,1,1,1,3388.9364,4178.2605,4613.721143,3915.531667,1,1,1845.0776,4825.076389,1,1,1,1,6890.70265,1,1,4772.2907,7702.080714,1,1,3458.627308,8028.01125,1,10061.3181,11283.26908,9046.24224,7389.56625,9383.149286,4448.429143,9976.923021,9019.1395,7568.050421,12707.296,5253.004,13903.36581,13570.45074,7251.875313,6593.181148,8676.299273,11359.20933,1,5927.8625,10513.07658,12515.536,6362.849318,11766.99691,7912.357711,8287.357273,7053.288649,8724.001471,7556.1955,1,12443.0857,8874.68897,7421.812412,9791.011312,8796.079128,1,7002.781714,4485.1725,11633.60703,3160.671056,1,7912.941985,6492.805882,1,8359.520583,8870.609128,8267.063521,8693.52,6485.017885,9582.9552,7103.235132
trans-3-Hydroxycinnamate,1,4525.697143,1,4336.251182,1,5122.794133,6713.4824,3654.62175,4619.817143,4589.822929,5899.128929,6398.211409,4997.275714,4544.4672,2389.279071,1,5781.456115,1,8751.915,1,1,3539.6,6512.6607,1,1,2947.030625,5646.304,3439.885957,4487.914286,6113.23677,1,1,4486.68,1743.2275,1,4929.418421,4280.158385,2963.944846,4802.282813,4082.807719,2897.776143,4493.047,2130.509333,4393.61775,1,1,1,5849.11725,1,6403.765875,8999.651333,8367.670462,6270.100643,13081.1575,10489.5693,1,1,1,6852.151077,1,5319.348667,1,1,5032.385333,5389.367333,5529.562483,1,5394.808,1,5236.107333,1,1,1,5302.807714,1,6679.395389,7588.6355,5143.082,1,1,5463.848,1,4622.601625,1,1,5026.419563,1,1,4428.28,1,6026.249625,6251.433375,6570.637714,1,1,1,6263.844,1,1,1
trans-3-Hydroxycinnamate1,1,3582.6168,1,3265.8565,1,5742.605,5606.362731,1,1,1,3771.303188,1,1,1,1,1,6547.02406,5770.24225,6366.4938,6240.962423,2996.966769,1,5219.808458,6985.622409,1,1,1,1,3388.9364,4178.2605,4613.721143,3915.531667,1,1,1845.0776,4825.076389,1,1,1,1,6890.70265,1,1,4772.2907,7702.080714,1,1,3458.627308,8028.01125,1,10061.3181,11283.26908,9046.24224,7389.56625,9383.149286,4448.429143,9976.923021,9019.1395,7568.050421,12707.296,5253.004,13903.36581,13570.45074,7251.875313,6593.181148,8676.299273,11359.20933,1,5927.8625,10513.07658,12515.536,6362.849318,11766.99691,7912.357711,8287.357273,7053.288649,8724.001471,7556.1955,1,12443.0857,8874.68897,7421.812412,9791.011312,8796.079128,1,7002.781714,4485.1725,11633.60703,3160.671056,1,7912.941985,6492.805882,1,8359.520583,8870.609128,8267.063521,8693.52,6485.017885,9582.9552,7103.235132
trans-Vaccenic acid,1,561.2832249,1142.126645,1,1,231.2685358,260.0690303,1,356.8605339,183.8714447,51.91259436,1,2068.99375,1898.9853,1952.4825,2043.391333,1582.4403,1572.6452,1657.392,1693.459524,1,437.386834,260.8636771,1768.555556,650.0460793,290.7105813,520.7099193,1946.304925,1215.463039,249.3498502,2350.394509,983.0902778,3431.301429,2301.01196,838.6803709,1,2252.828842,2286.695471,747.329397,1,1,1,664.728367,5689.8847,2552.4528,503.6544698,57.44438703,3579.27151,4980.639611,7914.582158,6465.851667,4727.126071,5611.909333,3179.725714,4439.3855,3097.298182,10341.91344,3855.801316,3316.418437,4366.432714,4710.929765,3379.879231,1972.826438,5196.714923,4940.704,1,3381.0315,2353.617,5057.778844,4253.213538,2845.269643,3468.507154,2530.527083,6045.679125,4010.655,3654.76865,1192.234358,11418.49919,8006.909773,3609.3021,2959.749,915.3395776,4352.713393,4028.560714,1822.487692,2090.3985,5558.898462,3237.55365,8285.289318,4051.999467,1626.628688,3987.606,19153.71226,4748.322667,6451.807937,13745.80698,3729.492,2822.909063,4269.400406,2850.18
Tryptophan,138618.1731,137395.1252,120617.4415,128134.4199,242693.3027,225792.2668,207357.9246,219227.3532,175234.5285,155700.7227,167189.1196,175110.9272,127853.1942,120173.9279,132806.4308,106257.0417,74971.22654,83805.75262,86993.65262,82008.01421,133293.2189,77876.484,67175.39888,128494.1527,29184.762,29754.80967,95835.5287,161558.5118,41461.8015,48050.43277,71861.62529,80595.67042,272730.4826,301261.1863,272098.5279,140811.2175,81364.66342,21147.94246,1,60601.776,80050.3704,1,34885.34707,95691.855,134067.4461,229669.2164,58365.93976,84531.88539,127752.846,139570.1931,131224.5399,124999.763,119148.372,98220.27207,193648.915,171416.9496,148484.5873,203450.9079,128332.1249,172009.2148,79565.65502,209773.5103,201732.7196,94162.32847,143902.0774,149018.8103,187402.0029,69498.04706,101630.5004,171438.8811,177277.3912,181193.695,158694.7546,138218.5481,166889.6075,137332.2281,245212.4927,115465.3552,169867.0384,202944.9059,221048.656,191273.4624,133255.9667,113969.6675,159132.848,156432.4134,187905.3954,1,1,226511.0065,142007.2819,117011.9303,178050.9036,170658.9671,189084.2605,211251.9773,123465.7751,162244.306,182921.5077,128952.5146
Tyrosine,206245.26,196608.6785,192742.7535,186001.2607,241728.6885,229147.1275,192722.4914,212118.4731,125437.6774,112993.0966,109518.6055,118191.9779,120227.077,135670.1535,133034.4814,116289.9119,159130.922,158629.7668,158739.4088,163002.5213,159227.591,174481.7047,165399.3199,212189.0992,108780.966,109890.027,89372.11733,77955.91667,141284.864,163401.2987,191463.2983,183345.6265,93144.73467,93605.62863,85296.66814,250904.3268,191446.983,90155.646,181340.7878,185340.288,207490.6368,134271.5062,75434.1819,108329.1537,178251.1754,79624.60187,117636.2864,93104.25686,253559.7782,161883.2061,101788.8117,158148.4743,141109.443,112445.2813,155536.0532,132959.57,1,177746.0353,188262.0045,165675.2338,94190.17917,188611.9702,150401.94,117877.7316,1,106484.5128,181821.3075,144666.655,135508.8339,172498.6325,292462.3215,143583.3307,230459.6556,131478.0135,267150.4043,170444.5483,165964.6205,133081.3394,149022.3245,195470.0637,163685.265,139609.564,168315.414,127148.887,146383.0793,118897.8401,1,175838.3434,91552.9901,133217.271,188152.0192,155534.8589,121704.2423,174765.27,176434.566,197850.615,146876.7084,181282.9418,207995.4533,180230.7981
Tyrosine1,9729.128077,10891.80612,8063.329083,8546.149333,12958.52525,16160.96045,15965.939,18090.143,10422.92625,14442.4443,8293.938364,8748.736471,8455.374542,6222.166889,7977.437273,5898.057933,15072.7486,18502.21936,17447.32248,18818.60933,10442.5125,18808.00814,14076.02127,20697.40585,7641.890909,9271.254,8555.527714,6272.709853,15539.63727,15510.0384,17135.529,14588.21,7303.7805,6462.912667,3832.4578,18584.92625,15723.66923,3442.725,14740.48725,7458.934778,15242.87689,5243.7861,7122.4854,14103.72243,23700.24154,1,13883.48781,7877.158333,36165.12538,65321.32821,18198.651,28263.09267,14860.99388,1,19433.97238,18181.52615,29267.50862,26332.1075,25728.16588,32423.73047,19586.83991,44176.048,36827.98319,18929.5308,14486.94092,13331.59129,24347.19136,27731.44078,22446.95082,24419.27717,33737.36816,16208.49308,41254.30178,25645.6665,42399.05082,20890.67612,26140.3055,25142.74031,23329.23447,28322.11462,32240.453,21729.235,26083.53629,32508.84629,26752.61471,17514.17444,17018.768,24538.64014,12476.74569,22189.45523,26762.58,20338.43036,40472.34367,23952.63017,29488.74889,21058.77514,26035.35091,22643.73767,36706.91267,28435.20962
Tyrosine O-sulfate,5032.5918,5387.45,6507.7245,8058.894,4254.855,3966.996,3685.7587,4041.842571,3970.8136,1,1,3285.7635,2645.466923,1,1796.6944,4022.2063,7008.114,6257.9008,4730.011,5412.693,5533.1955,7318.112167,2496.1516,2553.969,19513.58293,15518.13714,7871.562,16382.26888,1,1,1,10858.06667,12606.13219,10063.6895,5112.8136,3582.268,4611.5725,6924.321333,6998.2255,5135.046083,2703.926167,1,11582.4525,1,1,14033.8279,1,6816.96,1,1,1,1,1,2530.0875,1,1,1,1,1,1,1717.272,1,1,1,1,1,1,3544.0585,1,1,1,5155.744,1,1,1,1,1,1,1,1,1,1,1,1,1,1,1,1,1,1,1,1,1,1,1,1,1103.2931,1,1,1
Uric acid,708873.7339,665056.768,629883.7391,642962.1932,503959.1985,459440.7783,471392.9506,483756.3986,326875.9484,337126.9167,299960.8073,321233.8266,293897.0807,337829.5845,341311.5419,318353.829,333130.8314,393460.8273,321303.9223,380963.901,647956.5602,442779.065,380478.8534,316626.6725,432072.4824,465747.4497,430388.538,442575.3466,475482.0645,516994.3906,359313.2317,613022.9958,532084.498,545152.2835,660777.2675,232429.2,549366.2063,716562.8109,282178.069,610367.6068,425797.5407,482538.0673,698986.7825,263987.475,476089.1638,607038.15,506045.0309,465743.797,494033.4758,345913.8291,223623.5904,188559.3834,276710.1908,189429.6697,141561.0159,224378.5957,218019.9376,125216.0965,300076.9337,175060.3514,177799.2588,258347.9908,287022.9844,173213.824,324035.8609,341655.2383,200744.3292,195021.5859,252920.8379,311596.2628,202341.6774,370152.3333,203576.4414,185598.1166,200780.7477,177044.6009,198682.4184,376466.5704,259654.889,238786.68,282082.8085,145505.3201,165890.556,164146.3917,267246.6019,284337.6319,261617.0421,159443.6501,308714.972,407717.034,188935.3022,148306.5417,196936.3094,324073.2536,254946.6457,194716.3535,215680.8913,244497.607,176923.4427,302239.0425
Uric acid1,88741.73088,94110.73956,90327.87571,88356.78787,64639.08152,65431.58191,66801.93352,60778.006,40690.98,51004.56752,33933.16348,38632.15485,73704.57976,73226.3896,66318.97064,69575.02431,118298.5357,124991.0925,123234.2405,134429.6012,84744.24792,60730.73775,59425.1651,38088.86375,93630.69195,119771.2743,203714.3955,170020.3881,58804.25375,78849.01048,43710.29357,90163.05079,91720.41292,100877.7559,119703.3197,25000.98961,108235.8458,81573.965,32370.99545,67056.94088,54684.36108,84446.9356,118038.6852,45863.03358,99393.78883,203494.2569,118552.5396,92915.99417,182673.4778,114040.2167,84600.96875,62429.39905,121143.2586,48494.80607,36840.239,84661.67714,84439.14693,41161.23278,93982.74429,82533.33459,57320.65255,108144.4783,118409.4639,45007.3978,106137.0368,127843.4556,52131.18071,108026.2057,87724.65619,108400.8754,76040.23321,178738.3956,68910.03267,41562.85723,79906.79448,57448.42,59130.05682,107307.5909,65952.90945,85457.9685,111075.912,37738.92435,31628.79927,44514.648,101905.5079,85404.75202,76842.38671,54092.5,97043.54322,146723.4252,41302.55655,50984.75764,46283.91979,77108.48822,70377.49671,70164.9963,75484.5205,84209.16964,42152.13164,114631.7674
Uric acid2,87167.38852,70787.979,90419.47143,71336.21567,54003.40821,57669.21738,52673.82424,54726.7799,33049.26537,40832.64038,33886.13303,38997.04849,58012.02291,64291.45125,55110.25654,53057.36806,101828.1413,111109.7287,126132.2483,114959.2862,51728.81602,50341.41339,52636.86227,33172.60068,74782.2024,91118.08221,217809.7627,203043.9448,48759.9651,46581.91028,41683.53216,79156.215,80513.96897,89283.76059,109511.9355,25457.52994,71183.0247,90302.8709,30262.236,58994.12419,48532.13162,86941.53943,92969.71384,56153.12276,114823.4676,242509.7097,142604.945,94786.6041,184461.446,141358.9008,58227.1687,57453.32659,100688.1815,36205.77362,29190.94015,79174.82651,85668.24414,37792.79862,79140.88046,68280.05546,63903.08375,79619.63133,83973.02116,36279.94589,92200.07192,105036.9438,50924.02838,82906.23544,77406.6167,105611.5885,58233.83954,122746.0388,53484.9514,33251.17736,58975.50563,48643.282,68267.6977,73951.30019,62079.01682,64041.69818,79659.8067,33302.43148,30080.14586,50640.04594,88232.16379,58989.74968,59276.03506,47200.10647,81199.58269,119011.9707,40924.774,47172.36378,44417.12875,84243.37041,65987.17142,59991.15136,72587.33931,90609.57797,34781.18339,83722.681
Uric acid3,97838.63498,106428.7825,121522.2219,101585.8551,107490.2,101610.0298,97236.87638,103144.6845,5397.652448,39305.49766,37824.929,29187.37341,31071.54122,27499.32043,35451.31193,34004.98283,103828.22,94169.25291,85244.53841,94180.68415,40256.68703,77821.131,55870.63578,4213.492667,67813.59954,55535.10311,270786.0146,186185.389,46233.7616,5681.8635,6072.390964,138415.056,105015.0769,82137.83565,116589.9594,974.2103415,73939.07509,86911.86584,2888.334196,65933.66144,5073.474167,47922.72056,133828.6169,431370.1468,1104885.473,805519.3287,705654.6542,632676.0761,1204120.937,1018778.898,611797.5485,374935.6384,592880.8802,414145.5377,372071.6114,802666.8004,353205.766,440050.1874,770939.8348,598983.7028,583820.2071,1007868.387,786093.1412,340640.7308,727322.3371,785605.7916,426333.5463,383849.7349,564066.2098,756262.1402,507860.5003,624354.2619,458207.3804,341904.6613,557566.8752,291364.8295,9014.5725,657921.7052,573460.188,544998.978,933523.1699,333206.0247,5973.04125,392253.975,753719.5234,627911.3054,676728.3008,330668.0976,661317.3468,1025625.038,369118.4128,16371.94973,394032.6742,713390.8129,580661.1093,411788.5827,362184.8872,667927.6161,5650.160448,684738.7372
Valerylcarnitine,15888.07708,23715.9795,17891.2048,18855.11,22196.526,36084.29167,27745.37783,33491.58,14451.8186,13911.47967,11154.72,17231.7991,1,8366.7661,1,1,65378.3595,53087.71275,48951.808,54491.944,79828.72286,27908.44283,26030.07975,31945.59193,24163.265,21370.80621,39378.346,48388.008,9424.5845,8919.269333,11431.3656,44673.05857,9033.5056,9823.65,5429.8009,40294.23767,8272.1765,1,36290.067,15061.2286,47991.34725,19535.9095,13606.1621,21948.8604,24345.7175,58046.28217,13726.80375,90146.06157,23359.895,20711.7823,8217.2435,528927.5034,29510.83571,11379.96975,21961.91033,19313.92092,18569.72367,17368.02,21165.622,24809.8225,361022.9431,51205.21075,23882.8935,6441.12,20965.25275,6454.1538,17875.95333,1730138.128,21880.59657,13080.38683,13216.88608,106190.245,13516.83729,13413.40408,64273.28321,8521.3776,17613.5299,11924.20378,19719.045,470255.2,39172.185,17689.034,5390.329167,9978.634167,19127.21417,14731.6715,15038.31242,20041.1285,6101.6124,24309.978,9698.84825,21454.60089,4201.248,8994.1932,28915.51433,11126.968,8383.805167,25676.734,9977.992,13742.7392
Valine,127958.1333,129559.8386,131123.674,122748.417,177063.1054,169756.1565,156643.5948,161423.9415,147161.4692,136809.0013,144424.6008,1,130145.8482,151838.213,149993.6258,1,1,1,90322.94668,98634.13004,1,1,126996.3881,1,1,97841.45667,63594.137,1,116332.3321,1,1,1,74266.251,56552.63775,1,173078.6128,1,1,1,1,161861.3872,88204.70455,1,1,1,1,1,1,1,1,122041.3873,163634.6221,1,104665.3698,116224.9525,141592.4737,1,1,126822.5687,201416.1387,1,191628.1945,1,92984.5557,1,108551.7162,140618.3229,108312.3849,1,133408.4645,163655.3243,1,1,121917.6948,140855.4137,128567.5704,176588.693,1,180895.22,144075.2584,1,1,1,111116.5387,165982.421,1,150118.43,130122.1788,80663.10511,1,1,153462.537,1,1,1,122074.4995,1,141481.8983,123727.3267,142275.7082
