name,A1,A2,A3,A4,A5,A6,A7,A8,A9,A10,A11,A12,A13,A14,A15,A16,A17,A18,A19,A20,A21,A22,A23,A24,A25,A26,A27,A28,A29,A30,A31,A32,A33,A34,A35,A36,A37,A38,A39,A40,A41,A42,A43,A44,A45,A46,A47,A48,A49,A50,S01,S02,S03,S04,S05,S06,S07,S08,S09,S10,S11,S12,S13,S14,S15,S16,S17,S18,S19,S20,S21,S22,S23,S24,S25,S26,S27,S28,S29,S30,S31,S32,S33,S34,S35,S36,S37,S38,S39,S40,S41,S42,S43,S44,S45,S46,S47,S48,S49,S50
label,A,A,A,A,A,A,A,A,A,A,A,A,A,A,A,A,A,A,A,A,A,A,A,A,A,A,A,A,A,A,A,A,A,A,A,A,A,A,A,A,A,A,A,A,A,A,A,A,A,A,S,S,S,S,S,S,S,S,S,S,S,S,S,S,S,S,S,S,S,S,S,S,S,S,S,S,S,S,S,S,S,S,S,S,S,S,S,S,S,S,S,S,S,S,S,S,S,S,S,S
"(2S,3R)-2,3-Dihydroxy-5-oxohexanedioate",5304985.537,4598463.777,5618501.768,4185486.627,2983085.362,4350748.087,4193938.855,4002691.453,3290621.278,4713605.066,4530498.633,3743701.981,3904567.911,3175828.109,3966078.82,2902657.788,4192175.325,3945755.476,3435025.545,3169011.752,5256043.809,3959896.586,3537728.166,4302345.271,4174088.036,4673494.69,3791158.296,4652004.278,4411179.844,4311865.097,4832637.771,4335129.637,4179223.226,4678578.629,3824993.399,4033779.211,4061956.28,4407838.599,3864422.28,4563792.52,4722446.847,4794712.113,5107745.287,449973.7335,330292.3195,242598.9018,281781.0132,281340.633,388955.1633,412506.2614,4703568.216,4482385.308,4969001.499,4296033.939,5294387.947,4752413.373,4211915.335,4750117.083,4535027.795,5102203.546,4379298.142,5143704.203,4946186.433,4265128.313,4205021.508,4960265.585,5530606.534,4520993.757,5259435.802,4624912.835,4961521.418,5430596.586,4939561.866,5312541.455,5242440.596,4232724.111,5120052.627,4719592.36,4428675.84,5181766.802,4826111.769,5404038.477,5035492.28,4643887.658,4725379.177,5174283.52,4995852.976,3823338.771,5276421.595,4936410.479,4534865.118,5823125.082,5407888.296,4815592.411,5065986.919,4961159.758,5048250.365,4802425.478,5324094.974,4894383.845
"(2S,3S)-2-Hydroxytridecane-1,2,3-tricarboxylate",10984386.41,13410135.99,12287123.39,13881926.2,7978.079897,3818.4216,1490.425132,3645.445437,744.507893,1035.447051,1701.834566,1151.2654,4033000.869,3680274.228,3778093.08,3565881.447,17465335.18,17913701.86,16321068.75,18137151.28,12245819.02,15850809.06,15002549.88,9487440.726,9476747.139,8603127.891,21312529.84,17305602.02,4231973.031,4230692.928,9052548.848,5306.732077,16114664.19,15823040.21,2934234.384,91416.56078,7924424.815,14286596.57,12966310.78,11283941.81,4320250.145,11636947.58,21811190.96,14028854.49,5598.791655,6763000.292,8333895.077,3792.511414,9802492.383,9191489.857,1146538.977,8719009.196,12649975.8,14618840.45,18258.53533,12220320.58,12616702.96,7103335.983,4272.192453,3337.912176,14836800.81,76219.70112,11839139.11,5731489.079,3596.575367,6905365.267,6276686.922,7733307.847,17509.20875,9743530.412,6773225.895,16249515.92,11049910.12,10076675.14,10750356.7,6737437.896,2617978,10470677.94,8582981.344,7139258.672,3385612.091,13906526.34,12340040.96,2977.167075,10488.49455,2914.819686,12197450.7,5077308.391,8996229.91,331045.5607,9583615.949,9991.307926,5777552.889,83113.41197,5545585.495,5440.784731,40790.28538,2980.151922,54329.36222,17849.1138
(3Z)-Phytochromobilin,90464.2016,84607.4291,118164.6702,113156.4899,187947.0886,274848.2606,142309.5062,153387.5856,245072.3306,214418.508,193295.8902,236703.5264,102610.496,83996.83511,97695.9891,77739.32575,56122.23995,46191.4624,43383.34283,60254.08683,54361.52115,160905.5616,169253.1992,62339.32875,37034.76805,32443.27017,22487.93458,43149.87141,53391.37232,62364.1694,207477.4952,127431.0214,78968.12309,65394.39308,58237.96443,162570.9252,47516.54664,67580.75192,69000.83697,147362.7679,81709.31737,101325.557,34512.29984,40685.99091,430802.6757,28619.80795,63871.19838,56328.1176,131104.8971,43587.19446,299890.6208,71033.73423,110342.2883,24662.0088,62472.55352,60934.92875,23340.93989,41332.08127,23564.25856,46019.16625,40630.10286,78175.00537,16316.19145,70177.87636,24811.05841,28683.70263,115332.7246,23172.69006,362909.0165,17873.91717,88606.65834,74882.59943,15007.27332,389654.8378,61438.99574,169785.0565,69552.40439,84209.50931,55182.50815,28151.05475,42029.16434,30749.61676,104147.419,100776.8466,283242.2567,324054.9278,75054.78098,74718.91166,262922.8688,258006.2925,78815.81161,125623.1718,126209.0643,43322.08833,58234.95098,132225.7357,98425.73354,188657.8633,193176.6188,100830.2436
(3Z)-Phytochromobilin1,25539.34964,34982.28611,29712.402,21349.78698,22983.32536,23396.87114,23633.80942,16375.74989,39727.18867,38603.89443,44608.92319,47105.47782,4339.52407,5657.813274,5040.221725,4811.75199,12845.45229,17474.26507,17509.03808,16792.45,72377.9343,4726.164985,3420.746163,11982.94536,22842.29338,21932.8906,90865.7125,165660.1193,117612.8651,116167.5137,194824.1829,28858.37782,45168.5416,51302.65135,20801.74804,6657.761091,2143.575188,9374.758074,12644.48294,6586.240456,10042.09176,9201.72555,23447.14079,9244.83166,3224.063938,3323.190858,6365.929873,1313.759321,8616.639676,37489.80725,7109.695511,10360.02756,6382.357966,3954.852,8898.784364,15549.65937,19266.73417,4933.963404,11073.521,5024.75425,11807.5472,8692.631567,4005.851165,3574.99228,5718.838458,319.7824821,1871.772087,5520.4296,20407.67439,43419.6889,14442.09912,11503.86971,11190.39167,12855.98139,18949.55826,12582.68472,6440.401361,836.8535671,32886.33869,3943.077273,134834.5146,1023.296272,4163.043907,7178.684841,46530.65878,15686.80492,131851.3961,9139.626133,1476.149165,118659.0721,18479.99475,2123.691773,6356.903346,75417.6255,5622.4365,4608.738785,5852.202243,7563.352821,9345.465157,3330.30528
"(4R,5S)-4,5,6-Trihydroxy-2,3-dioxohexanoate",5304985.537,4598463.777,5618501.768,4185486.627,2983085.362,4350748.087,4193938.855,4002691.453,3290621.278,4713605.066,4530498.633,3743701.981,3904567.911,3175828.109,3966078.82,2902657.788,4192175.325,3945755.476,3435025.545,3169011.752,5256043.809,3959896.586,3537728.166,4302345.271,4174088.036,4673494.69,3791158.296,4652004.278,4411179.844,4311865.097,4832637.771,4335129.637,4179223.226,4678578.629,3824993.399,4033779.211,4061956.28,4407838.599,3864422.28,4563792.52,4722446.847,4794712.113,5107745.287,449973.7335,330292.3195,242598.9018,281781.0132,281340.633,388955.1633,412506.2614,4703568.216,4482385.308,4969001.499,4296033.939,5294387.947,4752413.373,4211915.335,4750117.083,4535027.795,5102203.546,4379298.142,5143704.203,4946186.433,4265128.313,4205021.508,4960265.585,5530606.534,4520993.757,5259435.802,4624912.835,4961521.418,5430596.586,4939561.866,5312541.455,5242440.596,4232724.111,5120052.627,4719592.36,4428675.84,5181766.802,4826111.769,5404038.477,5035492.28,4643887.658,4725379.177,5174283.52,4995852.976,3823338.771,5276421.595,4936410.479,4534865.118,5823125.082,5407888.296,4815592.411,5065986.919,4961159.758,5048250.365,4802425.478,5324094.974,4894383.845
"(6Z,9Z,12Z)-Octadecatrienoic acid",15335.56081,14974.0221,14663.16093,8011.092389,7593.60048,6633.592941,7886.73532,9813.440308,6656.352828,9500.482462,12434.98067,10001.6075,9930.190742,15217.16688,12391.25532,8236.865769,7379.316292,11688.588,6595.083978,10723.37849,10147.49618,7562.605348,9644.245826,5956.42087,6991.744913,6634.0197,3665.0432,8020.084364,11627.173,12710.5475,24381.85377,13740.26538,4486.519727,9365.553667,19131.47317,7541.3745,9670.120909,9183.786042,11981.86323,7856.613471,7587.796174,1,6266.405833,10964.3645,9581.753568,13718.93213,5448.1086,12532.89395,8050.66825,8932.475659,12675.54626,1,10067.2736,25052.93328,13568.27604,10741.43622,11505.86565,11642.79916,2229.129281,1,14868.23791,15508.18359,17043.3599,1,13147.87464,1,4774.567455,10060.778,4165.313,8143.11,1,11946.8259,5088.149867,1,8426.485823,1,9725.545556,10831.54225,1,14161.65548,6249.5715,9521.979867,7220.5085,1,8238.534857,1,9804.002333,13259.11001,5295.444,1,10519.13558,22600.36078,1,5502.702273,1,6122.018667,14688.5275,7661.963875,8415.910385,1
12-Methyltridecanoic acid,8562.412833,7031.84625,6487.259333,6229.387241,5622.854869,4615.31125,4175.816393,3233.689453,5257.819328,4952.189143,6098.473969,5121.898438,18438.59649,16455.56667,20068.52242,14262.43682,21188.31246,20058.49056,21524.50321,23142.37353,15720.97914,10016.92423,9716.172506,5154.145765,10101.72995,9054.707375,9609.656875,8163.836471,15498.833,22237.34481,16291.48309,5154.492813,5962.618857,5564.551781,20665.7625,4562.179742,21760.10175,24088.89375,11693.67034,11559.73519,12175.41461,22261.26571,11161.7907,49101.91375,18587.77577,4015.128047,11514.28175,47908.23882,12229.56952,9348.914043,65360.51471,17703.40587,60801.85685,91359.37912,18624.7424,77432.98319,29880.10893,17547.93718,10147.46288,12511.60543,17627.03443,18311.8581,16674.29107,41486.10902,19827.64335,38476.96561,54072.11277,15790.67379,10380.99281,23525.87902,13686.20612,19587.613,27270.5943,23441.71013,53577.29607,19506.3339,22800.89018,13544.6553,11104.95809,14973.09006,16562.44943,13803.8069,22619.30629,8373.043891,10721.33747,18805.85823,27563.39237,28522.30381,28409.35007,6867.160761,21723.76779,9828.24761,13775.96148,21003.014,9027.619929,19632.14261,26650.27607,18968.03469,20447.94359,25565.36595
13(S)-HODE,16134.61645,16837.65052,16187.06648,11123.29784,8615.477776,9704.806138,11003.6204,13443.03311,9248.513762,11418.26759,10131.86544,18343.065,18443.33456,24320.93019,19551.21,9480.626,9342.928593,22342.03324,15366.49073,11207.58611,20209.98864,20346.9627,8347.81019,7737.504229,11397.6034,6087.861212,3799.108696,11401.99545,17990.97272,22074.76018,47762.59758,16770.78138,6119.958959,14056.92865,28837.11493,9467.011889,11900.36732,21529.52871,16720.0704,16335.98757,9615.282763,12498.21187,6558.13536,21471.69084,19115.45545,22449.08624,11696.6585,15169.2654,14120.5515,11734.49994,28325.75275,9527.397,10286.56404,16929.59722,6058.556944,10147.93152,14505.61538,6161.714463,1625.380652,5928.0775,12188.36804,16267.4607,10021.74576,11811.83988,17622.27994,6523.241084,5745.372,9139.85672,3801.375,9656.967278,6324.980077,12293.19798,5285.672596,18673.2615,12494.42392,5888.661827,9853.165385,10338.3144,4470.599063,19367.16435,6612.581437,9786.65814,9504.044407,2414.444781,9461.288138,8443.003563,9927.096481,13051.91685,10080.87415,5561.8092,15636.895,40550.87482,4116.299936,10639.03481,10025.03042,6366.755367,28041.328,8215.019218,13068.15912,8620.6189
"15,16-Dihydrobiliverdin",90464.2016,84607.4291,118164.6702,113156.4899,187947.0886,274848.2606,142309.5062,153387.5856,245072.3306,214418.508,193295.8902,236703.5264,102610.496,83996.83511,97695.9891,77739.32575,56122.23995,46191.4624,43383.34283,60254.08683,54361.52115,160905.5616,169253.1992,62339.32875,37034.76805,32443.27017,22487.93458,43149.87141,53391.37232,62364.1694,207477.4952,127431.0214,78968.12309,65394.39308,58237.96443,162570.9252,47516.54664,67580.75192,69000.83697,147362.7679,81709.31737,101325.557,34512.29984,40685.99091,430802.6757,28619.80795,63871.19838,56328.1176,131104.8971,43587.19446,299890.6208,71033.73423,110342.2883,24662.0088,62472.55352,60934.92875,23340.93989,41332.08127,23564.25856,46019.16625,40630.10286,78175.00537,16316.19145,70177.87636,24811.05841,28683.70263,115332.7246,23172.69006,362909.0165,17873.91717,88606.65834,74882.59943,15007.27332,389654.8378,61438.99574,169785.0565,69552.40439,84209.50931,55182.50815,28151.05475,42029.16434,30749.61676,104147.419,100776.8466,283242.2567,324054.9278,75054.78098,74718.91166,262922.8688,258006.2925,78815.81161,125623.1718,126209.0643,43322.08833,58234.95098,132225.7357,98425.73354,188657.8633,193176.6188,100830.2436
"15,16-Dihydrobiliverdin1",25539.34964,34982.28611,29712.402,21349.78698,22983.32536,23396.87114,23633.80942,16375.74989,39727.18867,38603.89443,44608.92319,47105.47782,4339.52407,5657.813274,5040.221725,4811.75199,12845.45229,17474.26507,17509.03808,16792.45,72377.9343,4726.164985,3420.746163,11982.94536,22842.29338,21932.8906,90865.7125,165660.1193,117612.8651,116167.5137,194824.1829,28858.37782,45168.5416,51302.65135,20801.74804,6657.761091,2143.575188,9374.758074,12644.48294,6586.240456,10042.09176,9201.72555,23447.14079,9244.83166,3224.063938,3323.190858,6365.929873,1313.759321,8616.639676,37489.80725,7109.695511,10360.02756,6382.357966,3954.852,8898.784364,15549.65937,19266.73417,4933.963404,11073.521,5024.75425,11807.5472,8692.631567,4005.851165,3574.99228,5718.838458,319.7824821,1871.772087,5520.4296,20407.67439,43419.6889,14442.09912,11503.86971,11190.39167,12855.98139,18949.55826,12582.68472,6440.401361,836.8535671,32886.33869,3943.077273,134834.5146,1023.296272,4163.043907,7178.684841,46530.65878,15686.80492,131851.3961,9139.626133,1476.149165,118659.0721,18479.99475,2123.691773,6356.903346,75417.6255,5622.4365,4608.738785,5852.202243,7563.352821,9345.465157,3330.30528
16-Hydroxypalmitic acid,8685.800559,10672.39164,7348.507407,7132.236583,7603.411579,8966.918114,7342.692162,9038.053633,8419.66125,8469.179662,9092.858167,8301.238559,18388.83888,14213.73445,15983.77462,14136.84489,24145.04226,22230.33293,19598.51538,13748.36288,17930.81011,14069.88771,13281.2505,6780.409625,15407.92186,13097.93424,9137.735667,9718.800771,35552.6069,36089.13138,17188.38604,11963.83195,11844.46062,13323.19225,28170.08042,10260.03721,20164.2739,26447.83143,14901.73258,14090.38823,12791.79837,15548.96802,16353.4348,26636.58075,14040.35856,9808.927875,14095.20884,32687.92273,23041.82351,12212.20846,13832.26703,13030.47943,14832.51797,35217.19915,18257.21537,23926.8523,16499.125,17108.47077,8070.857407,10870.08976,16310.76793,20420.46281,19781.51354,22042.76809,12446.44646,10386.23416,30704.58811,10628.93621,13582.09269,22276.83938,12385.32,15403.6813,13761.73328,19434.95959,23597.89024,15934.47939,15025.08924,13897.40292,11722.68462,11802.43954,14141.03038,22900.52221,27134.66911,31412.98231,18614.79237,22072.79003,22975.94822,16852.618,23030.21256,9608.495,15381.75285,18651.41392,30929.35665,15549.0075,10741.49767,38672.80679,25490.02897,26218.24167,33120.97636,18509.848
16-Oxopalmitate,3215.873368,2830.540186,2613.700169,2738.206329,2356.033481,2941.878865,2187.661069,2524.49892,2591.808832,2638.574823,3655.509245,2860.972493,2854.984706,2989.333286,2929.745,2264.215115,2335.684869,2509.9194,3067.754128,3277.517554,2968.450909,2342.195495,2344.716981,2663.3016,3398.270259,2298.620652,3007.080655,2392.629714,2970.794142,3302.341163,4014.375517,2869.435048,2758.421118,2997.004188,4031.47154,2745.855864,4052.856606,3574.208113,3877.728445,4591.437015,3667.985455,3451.328471,3100.324862,3237.464267,2409.724986,2996.017091,2915.30571,3495.02125,4502.639909,2917.597295,4235.385724,3718.059234,3630.698788,4182.737197,4112.240276,4148.020537,3473.095767,3093.437862,2796.89025,3000.081724,6442.4254,4614.927353,3441.673448,4199.668839,2918.664578,3504.728103,3113.019,2605.9656,4274.200029,3280.1665,3963.441061,3398.667804,3112.235209,2918.337173,3503.181911,2919.856,2386.871389,3518.003483,3087.801,3331.029548,3847.246054,3626.455421,3790.776,2639.451571,3946.980828,3092.141397,3498.714,3400.656898,3260.001259,2769.529983,4145.79869,2647.738167,3225.885,3170.987069,3511.70581,3585.471389,3472.77805,3752.064231,3709.855,3671.264793
1-Deoxyxylulose 5-phosphate,18132.06429,17440.48983,14923.74574,12914.47536,14890.95311,14104.51442,12697.24055,14492.73161,18009.36423,16926.219,16376.2746,20223.94065,13922.83838,13538.6174,12094.16533,10977.66169,11327.46364,13969.65817,14504.94475,14851.52462,5485.174435,10962.43892,10375.41316,24486.35081,7998.2871,10942.65838,16740.81378,9382.876071,18586.10505,20859.4119,20618.40146,11677.3557,14127.12208,13442.54148,44530.05648,12555.99045,13974.901,12300.58669,12672.12363,13307.63264,8104.59,25719.28507,8471.81802,12337.55975,9013.807487,8390.239066,13327.01685,3975.091927,9622.392399,5171.148951,19568.06962,22936.37896,17358.57942,10878.51563,42405.01476,11129.9625,21033.6945,17829.91932,12340.30155,18828.96457,21014.32383,86618.1266,88651.20893,54249.78817,22120.99719,14156.84025,8006.367222,15563.45035,7666.642667,11982.9675,12966.43738,13265.05231,19298.80065,16854.59045,20886.51316,8888.743714,12622.56027,18720.2275,15933.669,20267.79049,16580.60415,14808.23438,14215.72005,2542.712579,17775.09538,14593.65695,95244.97492,13554.43435,219725.9259,45858.03808,61653.94313,4100.688333,14311.18675,45296.24141,9523.69225,11185.65,11718.36149,14849.27446,12102.4395,11360.3126
1-Methylhistidine,20652.05759,15812.72325,17454.03171,19013.94,17591.76,13090.2135,16936.75113,13779.8568,11034.10778,15387.26871,11314.93629,6667.234286,9827.3005,9365.64525,7803.8255,7498.454286,36822.66664,35725.7502,35748.32414,42536.74873,16321.31627,14657.54014,15309.02333,9371.088429,32660.55367,52664.15643,55989.68131,45971.2431,5450.570667,11938.72917,8239.901286,34549.5825,31510.08405,28883.735,16491.10375,8249.631429,26118.03614,18328.16327,7716.608,16183.7085,11178.2115,14419.43438,34425.9672,30950.95988,24227.94563,98266.65975,54153.64275,73775.20069,30920.67429,23195.1357,7822.785143,23962.126,13498.60089,24145.46727,23214.14288,7643.658,23993.032,10531.67486,16829.96863,4776.918,27952.76813,10974.95733,26033.57618,28036.26825,58546.56323,20520.1675,8217.005714,13468.79595,4045.904571,22981.68186,9350.765,22974.45659,6663.119833,13838.17288,17917.60736,4339.344333,6148.541437,16753.3232,24071.3686,9538.707036,27121.91657,47311.03757,21664.699,19744.55795,24272.82288,7416.233813,35152.5405,18218.87308,23235.0675,17013.3585,26342.824,5052.222,4216.588714,39236.03182,11058.31429,5779.289667,19863.6855,23237.29414,24501.1182,12864.77916
1-Myristoyl-sn-glycero-3-phosphocholine (LPC(14:0/0:0)),25323.23536,23350.848,21618.30686,21203.7896,9075.2,11076.01786,8101.081976,9147.528533,6460.665885,5834.045029,5768.7117,6417.393273,25823.88845,25532.7828,26752.85433,27087.29257,17540.27578,13818.72421,13736.06115,13099.86618,7432.0902,5493.730588,5016.911,26599.85102,10427.72946,9599.01275,29602.75227,28878.727,2035.298937,2321.425412,6632.208,37100.38261,9884.701429,11303.94286,16885.93298,72255.0128,74979.36723,18813.20057,32784.616,15100.44303,23068.87667,2859.2795,9236.109225,94523.19474,81053.82511,5422.625,13768.48524,26151.56186,16049.79843,52763.89139,390457.6917,158040.2081,253973.143,25674.2081,50278.62007,101359.4222,45864.959,31731.5845,56899.04754,53102.9704,81231.76229,33648.77641,37919.57557,20323.0821,20504.91972,126306.056,1315437.453,192111.5322,63063.74054,52858.2561,71595.51939,42141.91338,129722.2703,49492.568,141822.47,90855.0839,158625.5149,44717.22794,47443.52756,116727.624,675233.4745,192454.5764,79297.40078,328671.6963,24207.63958,44718.99875,49287.91371,113112.7503,239071.0445,24564.48433,37448.60968,218390.9907,276457.6097,59238.14124,57573.80924,156268.6871,16055.82,239301.7099,240551.192,114851.1827
1-O-Hexadecyl-sn-glycero-3-phosphocholine (LPC(O-16:0/0:0)),23545.542,21620.39478,27283.01443,24690.52107,23273.07045,15260.18839,17455.8461,15721.9326,9646.191,10491.68807,9861.173457,8058.29805,15671.47623,14823.809,14881.18473,15789.08194,19869.38894,19907.5247,21426.56644,18779.68291,6005.478,9852.297391,8434.43415,30074.9955,14358.42233,12593.11548,17883.74762,26962.22645,6224.514545,6377.504,27065.4015,41522.38548,17056.26313,16806.38182,8032.6015,36850.0825,37567.52083,18827.78946,20953.22586,9652.253,30172.5089,4388.134759,16269.16438,57262.65778,44065.847,8103.91619,39106.26265,18610.6065,22592.97464,62178.00414,109858.114,148988.664,207719.1702,23273.82825,137158.7019,81327.66557,94046.02969,50109.63611,49206.3,49002.56264,75808.73818,87888.33457,56734.82826,29634.06309,61295.67,86653.22461,630582.5703,142302.9887,102638.896,45752.63455,85019.11043,53757.93764,71068.78629,74255.70026,106420.1731,136453.4401,80938.348,66274.96229,47396.13326,85359.80582,161102.7063,145167.6518,104010.7246,618421.2125,44883.08329,39924.23445,31274.78504,117194.7628,139901.2503,36308.84053,54127.065,351222.2203,261868.0641,59575.37524,61529.94522,182753.1563,54273.63375,175171.7952,149582.17,111446.7965
2-(Methylthio)ethanesulfonate,13420.90429,12301.99527,13669.7612,12810.85955,10185.42646,9100.777667,12120.77935,10482.48859,10985.49844,12123.936,12087.84246,10911.67492,12188.6685,11003.80216,12933.947,11971.34044,8496.388,9889.666937,10221.78456,10966.118,21089.84703,11463.231,10627.48904,10689.59671,13311.39418,15015.87761,8314.390769,9377.12765,12237.085,13548.11537,10383.21957,11621.67667,12987.884,12932.53512,9399.586818,11357.96555,15224.93405,8954.099087,11506.46095,14314.32,13028.90994,13317.14453,13212.47056,1,1,1,1,1,1,1,13440.40377,11172.84563,14030.04407,11347.66452,11446.81417,10382.96111,11262.77451,11641.62613,9396.457171,10799.71,10402.48595,11059.9113,9841.141121,9534.385421,11823.16416,12312.828,10550.23366,11473.58083,11024.16008,11366.2764,11697.76065,11855.18913,11580.4992,12184.51757,11317.80977,10237.35079,11086.18243,10434.98131,9602.638486,10405.19813,10935.97889,10898.48453,11277.51375,11704.97361,7936.246577,12186.10636,9035.111017,11116.59465,10504.00368,10661.12911,9469.738339,14476.952,14225.49234,10141.59019,14843.14657,15612.72848,12863.965,10022.75333,11363.868,12679.25385
"2,5-Dioxopentanoate",91572.38089,52594.60198,71909.34153,56697.47685,46945.00353,52371.245,55546.39448,51309.1425,48841.38851,66902.75402,52558.36166,54825.46688,55386.21509,56165.80767,56518.534,51246.86067,47134.95479,45495.83389,70600.46256,53445.40056,68922.13482,46413.037,50427.58252,60283.46313,65025.65081,102349.6486,41733.78826,76240.72668,62473.36664,45550.38817,102007.9092,51829.59172,50775.88094,63197.19714,58770.42692,64455.55534,51431.00402,76521.09804,51118.11044,67963.34645,72467.91019,76099.91867,58863.94953,1996.835259,1772.212158,1750.353807,1792.582199,1828.190482,1845.749633,1754.001845,70249.8305,59045.43526,62017.14365,50631.34816,75819.1881,53733.40203,67648.62328,53275.19903,50451.04384,55975.70642,78748.18238,63637.92075,57960.47949,59563.25231,49367.86478,61685.91798,67240.15662,75840.09892,65803.52422,59399.50692,63520.01288,60206.39533,66147.05773,81949.97009,54182.48799,55903.4984,63428.95791,54539.18743,61291.46229,65308.94052,84035.67273,60006.51643,97796.07149,60591.22208,60118.84613,88107.06113,78881.244,64793.4105,57005.18838,99047.17516,89012.8335,90720.77569,62777.99747,95870.39753,66629.81218,102120.469,61804.03312,88995.6224,62088.8269,75786.72017
2-Aminobutyric acid,1,1,1,1,2584.57375,1995.97,3934.082526,1,6287.385,5383.219154,6821.442462,1,8658.329929,1,8159.6484,5818.4547,1,19374.552,27223.1421,1,2172.847611,15241.01955,6221.779636,13376.80248,1,1,1,4689.002,8553.813286,1,13338.38853,5828.000786,1,4425.657429,1,3371.30425,4854.906857,1,1,4136.024571,5650.538222,5918.771429,9665.262,5453.58625,3919.5385,1,1,17827.88653,6403.724423,18227.69545,7558.517333,1,17640.57395,6410.076583,7640.696333,1087.1448,1,5741.102857,4856.984,3045.940611,1,11129.1013,14969.39306,1,1,4829.7715,5498.46225,11437.8444,7379.819727,1767.8436,1,1,938.1312,16020.18352,5331.607793,7765.009524,3825.814235,3335.021929,11521.2079,1,1,1,4968.992,2814.553182,34770.82727,5902.54,7954.628714,4520.425105,1,8584.115685,1,8066.07725,1,1,12224.10607,4829.738889,5308.689857,4508.568429,3404.576429,7614.463043
2-Dehydro-3-deoxy-D-glucarate,5304985.537,4598463.777,5618501.768,4185486.627,2983085.362,4350748.087,4193938.855,4002691.453,3290621.278,4713605.066,4530498.633,3743701.981,3904567.911,3175828.109,3966078.82,2902657.788,4192175.325,3945755.476,3435025.545,3169011.752,5256043.809,3959896.586,3537728.166,4302345.271,4174088.036,4673494.69,3791158.296,4652004.278,4411179.844,4311865.097,4832637.771,4335129.637,4179223.226,4678578.629,3824993.399,4033779.211,4061956.28,4407838.599,3864422.28,4563792.52,4722446.847,4794712.113,5107745.287,449973.7335,330292.3195,242598.9018,281781.0132,281340.633,388955.1633,412506.2614,4703568.216,4482385.308,4969001.499,4296033.939,5294387.947,4752413.373,4211915.335,4750117.083,4535027.795,5102203.546,4379298.142,5143704.203,4946186.433,4265128.313,4205021.508,4960265.585,5530606.534,4520993.757,5259435.802,4624912.835,4961521.418,5430596.586,4939561.866,5312541.455,5242440.596,4232724.111,5120052.627,4719592.36,4428675.84,5181766.802,4826111.769,5404038.477,5035492.28,4643887.658,4725379.177,5174283.52,4995852.976,3823338.771,5276421.595,4936410.479,4534865.118,5823125.082,5407888.296,4815592.411,5065986.919,4961159.758,5048250.365,4802425.478,5324094.974,4894383.845
2'-Deoxyguanosine 5'-diphosphate (dGDP),33581.86375,42586.34775,40523.96183,44429.23426,1897.179735,1724.061596,2671.05427,2251.693434,10431.81373,15468.3409,7070.23425,6971.645172,5825.381227,4973.749653,5810.574477,17417.74108,1878.629624,1864.507281,1477.447156,2060.185055,650.1207114,529.0727278,429.1413448,1784.862987,3920.410286,585.2326122,850.993451,1554.877809,282.1575657,307.162864,684.3626482,422.0650948,210.351899,570.3142779,531.4251924,850.8276065,462.7794959,196.9888268,466.6469693,832.8350431,507.1250431,2586.196675,849.8973674,6922.958875,4604.583192,3073.426925,10506.70075,2068.257625,7607.0955,10864.88417,1447.4376,7844.596348,8152.465179,4529.595556,5123.522133,332.0918575,5110.255895,17175.90825,3223.724571,72300.25655,6391.734737,15935.5675,5663.9555,1460.816444,824.2589511,8661.317411,11444.68507,1877.596421,12245.1705,9585.484708,8194.67204,1219.195796,1358.902745,8749.473833,3410.784571,302.90218,13351.26675,3074.404938,2142.829191,1404.039134,889.6749196,658.4037039,1260.647143,12965.93159,14909.60119,8295.502571,1885.894151,10688.22138,8966.356381,641.3519138,1104.064536,4818.972421,16090.38539,4215.02025,3956.214828,35903.91108,9406.756821,18294.64091,16369.906,39986.62007
2-Ethyl-2-hydroxybutyric acid,12998.65878,14942.86442,14398.04763,13278.28966,24533.72781,16706.54222,21210.96687,23626.06043,29613.27738,22767.51048,23480.38944,23979.66639,5288.660459,7897.624778,8198.786135,6855.531556,26074.84585,19722.20262,23907.9635,23485.302,21994.65111,24926.15125,27849.63158,46012.7034,6458.712665,7714.32871,6317.976847,8218.05785,30135.084,30318.6219,49650.17112,38189.21512,7795.66676,12501.51816,5228.234897,12542.50725,17445.61144,13385.2625,13210.18633,17842.63272,17298.30507,72706.31844,14172.28906,16813.14363,17096.76969,32973.46688,25054.98683,15041.34395,22977.44633,18731.09333,33137.1437,23831.96087,34743.60753,14218.74533,15063.75,11986.73015,12810.26118,42228.43317,32583.30042,42036.45347,9109.352641,19842.21856,6019.373294,12073.07772,11385.51794,15349.44544,16399.55923,26714.10709,46632.49976,5032.914592,6131.528888,20201.16176,19617.09486,59315.63733,31418.59173,21255.50383,19578.46356,19575.45546,20872.85271,8666.823948,14589.72158,3909.121378,18178.77257,25284.5775,61521.825,25671.01091,19180.84382,7151.065909,11794.44267,18773.60622,29844.72828,25875.18252,10786.68494,6303.740395,22528.4774,36916.8384,17871.72021,16940.47048,23553.26654,25474.97912
2-Formylaminobenzaldehyde,1,1,1,1,9716.184032,3424.047,4995.344643,8418.322,6328.0415,16151.57135,18314.32158,10927.04792,1,1,1,1,1,1,1,1,17071.31436,1,5013.578318,1,72855.24355,71820.8113,3303.534375,1,2579.375,2237.8338,8601.7024,1,1780.3585,1,3443.222981,1,16269.06839,1191.6702,2519.0382,1,1,2200.050364,9777.609583,30452.22273,3746.833786,77739.81129,1,12543.73487,19601.72436,12399.84216,1522.986833,4820.9125,1,1618.908571,1573.474,1,1,9529.898368,9405.83981,958.77775,1,1740.709091,1,1,1,13098.352,11426.88556,1,1,20572.37254,1,1,1,1,3178.421543,538.6875,1,1888.3002,1,15098.92222,3524.610375,1,1,10139.29541,2915.1804,1,1,1,1,1,3700.884,1,3705.365667,8254.438375,1,1,2560.27725,1605.276,1028.664071,1
2-Hydroxy-2-methylbutyric acid,11259.00028,11963.74056,9035.118621,13344.35437,28697.09544,19009.23836,13138.39367,11937.74816,34640.256,25673.34,26807.48057,18981.372,6615.583298,4275.244962,3166.075494,4034.00772,40332.41518,44782.36665,37097.98657,48735.63288,20023.50477,21098.50212,23595.376,42428.2658,11895.15617,8520.495934,7330.508,8359.878218,43643.64284,44822.22548,97426.37547,22447.92922,10623.44105,16072.06219,5063.27379,7001.06,12488.36276,8584.248246,9220.027862,8808.691208,26149.79135,22615.2518,7108.774861,19813.18013,19261.81639,52824.2899,57304.42639,12238.9538,21598.7031,12089.5345,71814.90452,18471.69139,43068.50471,4157.313483,20872.02563,2695.108777,4184.963468,6601.175429,4400.385556,42833.53958,5543.947359,15861.75644,4655.316,12797.87308,2785.13182,4079.014745,7578.949304,28239.8847,89259.21096,6173.702284,17321.28336,9268.815628,1621.199299,72044.19564,38952.91466,12667.02587,17653.74706,9770.321937,20487.25882,12338.72447,6667.072899,5674.680625,13896.01733,31727.4854,42096.33196,45037.20013,9728.658507,7340.652711,4603.00578,46734.17964,28421.0585,27809.47893,8189.561138,2592.48225,33107.2635,33609.0685,10345.93393,25614.19379,25921.7491,31234.40133
2-Hydroxy-3-methylbutyric acid,11259.00028,11963.74056,9035.118621,13344.35437,28697.09544,19009.23836,13138.39367,11937.74816,34640.256,25673.34,26807.48057,18981.372,6615.583298,4275.244962,3166.075494,4034.00772,40332.41518,44782.36665,37097.98657,48735.63288,20023.50477,21098.50212,23595.376,42428.2658,11895.15617,8520.495934,7330.508,8359.878218,43643.64284,44822.22548,97426.37547,22447.92922,10623.44105,16072.06219,5063.27379,7001.06,12488.36276,8584.248246,9220.027862,8808.691208,26149.79135,22615.2518,7108.774861,19813.18013,19261.81639,52824.2899,57304.42639,12238.9538,21598.7031,12089.5345,71814.90452,18471.69139,43068.50471,4157.313483,20872.02563,2695.108777,4184.963468,6601.175429,4400.385556,42833.53958,5543.947359,15861.75644,4655.316,12797.87308,2785.13182,4079.014745,7578.949304,28239.8847,89259.21096,6173.702284,17321.28336,9268.815628,1621.199299,72044.19564,38952.91466,12667.02587,17653.74706,9770.321937,20487.25882,12338.72447,6667.072899,5674.680625,13896.01733,31727.4854,42096.33196,45037.20013,9728.658507,7340.652711,4603.00578,46734.17964,28421.0585,27809.47893,8189.561138,2592.48225,33107.2635,33609.0685,10345.93393,25614.19379,25921.7491,31234.40133
2-Hydroxyoctanoic acid,15078.43089,12816.24035,16471.25827,14382.38083,4448.407931,5019.431405,4961.392931,5295.721044,9340.627235,11149.16268,9300.405853,9626.609423,3947.190154,3948.651975,4056.445743,4529.92825,5650.679932,8525.093063,5373.535078,5989.417826,5033.046093,6379.284588,7196.084917,2499.556203,4764.663,4932.925734,6716.823346,15810.41187,4898.768196,6006.233483,4948.177746,4015.204167,13662.04532,12979.74539,5481.479536,4022.727176,3356.432646,3677.507565,4768.034571,5222.361915,83878.22092,5990.744,2939.453948,5473.04324,4088.722673,4053.778572,5618.913325,23802.79957,6561.163196,5086.504894,2229.676489,1761.1848,4906.315593,10638.34062,6749.9572,56732.93679,39637.01376,3661.560947,178528.8414,8497.263542,13916.06125,5745.05127,3808.973636,12246.92852,24132.48699,69404.9882,1499.267374,6696.534229,12008.12803,2314.148558,6991.872,93907.842,215629.0224,4016.152873,4844.768488,6255.401035,4419.983305,655115.5196,6390.968235,8866.232,126828.4392,5048.318525,5485.307268,4057.988822,16800.52016,3069.059478,48113.8099,430871.1044,4281.388214,5791.195614,22193.3474,6842.036926,3737.349107,22316.50322,6977.262273,5435.529531,7958.865441,8172.697752,7591.535243,5663.547272
2-Hydroxypalmitic acid,16487.94183,10681.49471,12245.35469,12022.90529,8240.401484,8657.625212,7850.338889,7280.525694,7959.81,7962.141469,7994.332927,7744.194769,9151.689909,8794.989353,9055.312727,9386.161111,19685.54438,19275.25782,21586.86874,19752.41144,18314.23706,18858.25959,16291.04563,10115.82124,9648.1649,11032.57576,10031.1754,11594.86181,12724.94199,12645.85729,18281.4064,5992.3556,20066.38788,19307.71647,30673.53716,9401.678912,15253.2228,29643.47742,9786.428393,19682.4601,13790.88846,20539.60252,16369.27478,17496.82018,11001.89445,13805.77472,9540.524611,27056.061,20619.81886,14976.7264,37289.85177,16411.4488,52213.80716,68029.71684,58322.60243,46103.73927,26961.19829,18982.7157,31167.5987,33694.64836,24127.0863,33733.70651,27346.21425,41545.38629,32607.63348,24549.80841,35152.19892,25603.09982,41106.93425,45293.6536,24859.80124,35409.78317,59309.17898,36533.46705,35061.82875,25818.70142,26707.4355,45064.53148,25103.95977,25137.58989,19549.19846,42704.50463,32371.54756,44469.1307,44576.28676,48236.45309,101447.0573,22088.80638,31236.59523,42962.83268,43500.05939,44400.27443,17369.82527,26376.85552,21190.33463,48870.81135,40578.072,45422.17414,44043.45815,34616.39375
2-Hydroxystearic acid,322.0078879,152.7338748,239.4214025,322.9641007,202.1444229,196.6079947,47.49391495,297.463648,156.4629186,202.6506552,200.8468274,306.2465421,570.1489923,337.6143568,357.7290854,152.2441932,648.964807,605.7434177,739.9768109,808.2397895,1131.24,685.0896703,181.3735852,240.6259674,214.7465505,187.548387,168.6399197,560.540334,147.5810521,1052.068929,783.3634615,67.48134128,371.8514983,545.54775,1881.176846,147.8783648,481.852262,1195.500923,193.9000663,765.1335028,503.1106114,722.76,483.8635294,707.2650746,204.537314,417.1699116,156.5562367,647.4446809,412.4049434,327.331595,2104.700706,550.4779936,2758.467886,3409.449818,3030.585366,1086.589253,615.9992681,1292.427,2061.558125,3076.519615,419.1872034,2032.122222,1823.148643,2518.410761,1,1211.734743,2343.971346,362.3427449,1511.190421,2461.745,1939.507625,2131.64019,2698.90045,1263.502593,1705.9163,1,2832.636833,3451.54537,1762.254545,10.26043866,1133.072385,2192.18604,2439.094955,2754.466512,1067.559473,2992.252917,6664.724519,977.075,429.3791708,2007.705263,2256.041966,2324.11163,637.3590843,714.9717251,1271.76625,2590.7481,2592.773217,3098.618231,2768.886096,2874.815111
2-Oxoglutarate,23458.70825,23268.30806,22858.137,21974.32075,16555.87904,20795.5889,15560.66252,16949.55488,16998.75002,26704.93452,20142.31298,19517.61178,21766.16675,18546.77398,19656.91867,20001.79272,18580.25743,17310.02576,16424.22768,16700.73504,32233.67767,19160.49408,16624.28864,22362.48623,22631.04619,31851.76575,16247.30214,16162.08202,1,22176.4148,22001.49167,20397.5722,23331.90443,22702.26592,18729.6,19208.16858,27381.78938,17366.30396,19741.77648,20813.07891,22871.87417,22404.66083,22552.61155,1,1,1,1,1,1,1,43699.88625,40668.87356,48739.3,42748.14289,37692.82987,36280.99077,37443.82102,42200.59188,35237.13747,42293.4198,34702.12375,44276.23568,36832.92329,35392.46078,38908.79637,40980.09983,39480.59807,38130.08586,38603.44598,38478.37708,39817.77224,39650.5718,41688.17121,48052.3697,40083.29271,35386.63938,44134.54193,39472.105,31518.47893,40696.72174,38974.2744,35639.56177,44741.88341,35493.44643,28917.05266,41394.47781,35931.92968,37086.20425,38394.22097,33562.16827,32027.31576,49853.3314,48090.62272,35871.02981,50067.95,55141.4696,48378.29058,40584.01591,39888.37089,44908.04296
2-Phenyllactic acid,1977.496,1,1,1,1759.5182,2259.864722,2948.05619,1470.761389,1962.704059,1,1,1,1614.062154,1347.38375,1,1,1,2055.735875,1237.893938,1,1,1,1,1,1,1,1,1,1,1593.214714,1,1,1,1,2057.711364,2658.222,4383.072,1,1,2008.832,1424.31075,1,3348.814962,1,1661.137875,1,1918.758,1,1,1,3410.060063,1658.19,2488.473423,1,3643.06792,1,9982.86187,1,8278.302667,1,1,3043.003,7038.668312,1,1,9161.098143,1,1,1,1,1,7666.031267,11134.38534,2348.061633,2911.008485,1,1,1,2977.438167,1,2563.397885,2872.342667,1,1,1,1,1,3677.329125,1,1484.520333,3104.26875,3991.726655,3041.986,8422.474,1,1,4900.033325,3598.383289,3856.390667,1
2-Phenyllactic acid1,37467.15531,36331.73603,36542.10803,31813.00773,17963.07037,14861.87307,14723.36323,15026.02658,40284.79492,32649.96267,36488.35275,39694.96202,4137.002241,4490.558504,3508.070204,4059.7005,115599.1732,115171.0137,133780.5533,118579.6875,73048.59094,11631.82315,14304.46842,11494.95315,10651.5078,9118.476906,28215.63882,22840.18632,23322.81952,19214.48909,45977.8836,8038.146563,30725.16175,28804.4166,4891.388009,5582.076417,21966.4915,10306.51587,8478.816875,17128.31778,11729.48672,18617.14063,10052.85313,9861.448526,8728.155,23298.59878,32737.55933,14794.06591,23467.79325,16831.61107,13644.80865,19657.17576,11390.70761,23856.203,13052.613,8089.877643,6344.691429,16717.75606,6487.287482,21113.12022,14891.01982,11245.37917,6670.471106,8888.922,7841.764707,7751.878357,14352.68333,12807.10926,12946.69388,10616.02629,7307.729656,34152.39007,9728.341071,27692.30347,13296.35836,12621.17257,8527.39125,46455.43,22503.59336,9115.75524,27507.92544,15787.41684,50535.87367,13108.81607,106658.069,17161.58009,15948.42264,20776.1778,6834.52125,11950.0378,16925.58,22568.6006,10053.22494,1448.997483,18950.43671,16097.61247,14511.595,16030.16806,19689.66632,10173.34432
2-Protocatechoylphloroglucinolcarboxylate,2802.969225,1904.351429,1828.979286,2388.31,2574.247857,2023.1025,3048.996364,2618.253778,2387.102727,2359.573429,3774.236,2289.0555,3119.055,3058.020842,2652.583667,2255.1775,3340.196875,1,1917.460667,2467.736917,1,2604.85625,1805.355,3034.4952,2785.876944,1,2370.822667,2543.071313,1628.775,2169.61875,1,2866.181143,2167.718143,2746.233571,2146.616,2620.345313,2863.742167,2376.492591,2633.191,2141.325357,2265.202333,2890.602857,2536.243846,2546.329333,2329.851563,2222.545,2456.351333,2776.978286,2875.832143,3535.648,1,603.8554167,1,1,1,581.9351667,754.017,1,1,1,1,1,1,1,1,1,1,1,1,1,1,1,1,1,81.70031598,1,1,1,1,1,1,1,1,1,1,1,1,1,1,1,1,1,1,1,1,1,1,1,1,1
"3,4-Dihydroxyphenylacetate",37473.8284,36519.08716,33416.71783,34758.55717,23248.02941,24485.30789,21100.91888,26191.54286,5755.1035,3410.683275,3367.353294,3689.96413,3083.445455,1,2251.648182,1,1,1,1,2558.67075,1820.0115,10842.045,10377.87945,1,3340.75,1,3333.462543,7058.427167,952.4096,2510.869579,3765.141333,4920.857029,18750.08056,18925.92975,184283.0057,2486.7239,34009.37093,56088.22789,1848.96,5062.380682,6256.33,8383.164344,1714.0075,32269.23929,78812.01082,1,3170.450133,1,114818.8266,21833.17079,4150.65,73542.5539,3849.75625,2100.14725,57607.04176,2001.428063,3125.882,24632.74508,14720.54906,2823.9435,3048.8185,21257.52124,3098.653846,1560.755,5500.9535,1,1,1,7548.413625,1,5961.610687,1351.450286,1,6524.215,10183.83702,6663.273267,1,1,1,1,4392.814643,790.734,1,136446.2288,483159.9311,1922.3385,1,1,2835.639474,12206.98945,1808.958333,5573.813722,20493.19916,1,15141.71484,2709.2605,26785.66481,818.6663,1,11391.44744
"3,6-Dioxo-5alpha-cholan-24-oic acid",664.2864694,249.3044482,393.9800017,488.0898337,19.42321782,1,1,18.05336364,304.335538,176.6632971,83.71334425,151.3802107,42.54301413,19.90971563,1,24.54204311,2632.455562,3080.578314,2862.230064,3513.699148,28.0622167,151.0913779,153.6415675,1,1,21.56957738,283.8658403,376.1391116,114.7221697,67.74587879,97.18028788,28.2159753,160.2340439,87.49933024,1,1,23.12753884,1,148.5397936,19.86710765,42.08782627,21.99208132,648.219759,193.2386885,32.25644613,1,20.70406054,1,1,1,5990.0246,5009.85234,23940.64286,3867.979143,9505.961414,6446.506,2970.933483,7072.358517,7633.905326,5419.433643,8716.847689,8718.969188,1019.205,3800.705222,852.444,1151.407639,3615.461891,5192.468622,9855.596511,7158.231393,7195.374179,2795.764964,3588.036696,7746.937,12938.33143,6896.904655,4028.037021,5924.892482,21823.99286,7899.33,4682.78819,10010.06676,13990.66509,3910.38505,4105.5615,3278.370909,5120.259407,10463.79476,5350.870431,6206.2455,6889.679188,16476.41575,10310.31153,4370.984607,13958.44816,5957.944034,16685.3309,7508.843464,7711.377375,3214.281724
3alpha-Hydroxy-6-oxo-5alpha-cholan-24-oic acid,14974.46483,10463.36585,11969.84486,11539.26494,1456.105575,1506.688855,1411.530639,1296.636703,2547.020792,2888.274306,2322.745706,2243.752459,3189.114831,983.3685217,907.795,2187.275702,5916.387479,14001.69218,14758.98526,15952.56156,1396.001123,1706.540234,1780.715588,1896.653011,1933.11605,1903.933879,2411.57227,3527.669122,2799.218799,1726.888091,2779.307143,1669.668,2803.621517,2574.496024,1034.541079,887.6342349,849.4599321,1527.797892,2530.576129,1804.498039,1858.483308,1971.029282,3690.761067,7565.214378,3236.754775,890.5136033,1436.628587,1586.881551,2078.758445,106.5434287,15035.08611,10491.33794,71804.41662,12124.71397,32986.94305,24260.70133,8919.470058,24866.61409,12061.32468,23292.37634,28034.80637,21963.27889,2723.366631,7144.765202,1360.244306,3092.430355,15610.85152,14431.32615,25227.20265,19626.80427,15519.6756,9121.75619,8557.322939,32704.47264,33919.32815,10943.71622,12085.52824,17783.9535,36865.54214,19769.39156,11468.43465,21160.80697,35963.6911,13891.01852,11423.47043,7589.415996,20017.32327,22722.59322,20224.74524,23658.69321,12527.30903,36497.21016,13656.29269,14205.14669,49895.16637,14682.89686,53776.34213,27265.38458,35127.15085,6133.922732
3beta-Hydroxy-5-cholestenoic acid (3-HCOA),3353.427429,2778.321273,2985.4085,3425.383042,3402.7864,2485.480633,2468.976178,3300.337423,1495.790875,1978.1019,1155.905333,1041.616335,1196.041,1031.243217,881.847,1255.886724,12288.904,12395.27507,10923.822,11677.008,3300.461667,3284.8565,3999.746385,1244.404222,1474.915556,1051.011,4606.630769,6609.095818,1775.849953,1840.768857,2866.75315,1320.431969,2789.846417,2200.9965,1187.068333,3050.664591,2565.363429,2164.348016,4075.109792,6398.644737,4148.15625,1729.704683,4296.282375,8190.2112,5313.059475,1319.7325,1550.349629,2954.270455,3896.231167,2790.170667,6667.488864,3924.516667,13414.53896,2738.5515,3428.639864,4281.018929,4124.130682,5255.60825,1666.500677,5082.220833,4101.652364,2907.697727,784.1274,911.05,2044.7135,1247.8585,5594.838654,1758.435417,14837.823,7210.699962,5859.336643,10548.296,7125.707172,9719.372667,2979.886875,1783.166308,3813.07125,9016.7085,4716.679,4583.044414,1724.88625,3570.083681,13849.47464,2905.232355,6677.358,3690.442424,33805.43196,4195.355625,3195.745,7120.262,3012.169364,5518.757812,1459.377,977.3536923,2653.543206,2886.891429,4917.220923,4904.666545,5393.267727,5022.107571
3-Fumarylpyruvate,69245.17543,64968.69817,63183.52706,69681.33978,68571.58277,73466.00177,58356.23423,65766.74844,64736.54786,71800.7732,72997.09221,70128.06604,77373.55135,78730.26357,66224.58446,79515.31088,67255.66786,74510.98385,62985.30963,74242.43483,106150.4684,75219.92715,66720.38234,77868.528,83933.64504,93541.93393,63369.8885,71906.90018,81785.52811,93494.78091,73675.12223,81748.54994,92850.08056,78028.43131,65058.38769,76823.40154,107671.4833,81475.06223,72433.2072,95253.45491,83318.77044,83114.8856,75150.95325,1,1,1,1,1,1,1,18305.35904,6018.7668,7690.069957,16680.12692,18995.89538,11023.119,17810.0055,17211.52862,15048.57784,17107.28705,13990.44267,16424.92005,16949.9989,13927.88258,18399.24069,11691.70909,15752.87716,17625.89065,20875.11242,1,15524.27995,17532.46143,19121.00712,7276.53013,14624.33704,1,8710.33856,1,7267.8582,8215.745864,1,2117.704206,1,15635.43945,13638.85372,1,1,1,1,9039.880603,16363.42671,1,1,5883.494095,1,1,5241.568,1,1,1
3-Hydroxylauric acid,1654.130762,1604.6858,2004.062996,1874.316942,1177.958123,1928.973411,1602.095398,1282.868756,2227.870621,2710.341563,2376.92,2679.901875,3269.233595,2763.30085,2934.555733,3011.4175,3750.844538,4305.213611,4419.972321,3988.17875,4917.6,2561.591416,1976.785567,1411.788696,2858.011333,2514.602,1675.562,2661.885,4568.74275,4216.616,2924.994852,493.9948408,1560.5775,1625.046938,5616.727385,590.677593,3618.957885,6487.576125,2394.948476,3431.98075,1657.925,3501.5783,1231.6145,10302.8697,2248.708125,4122.8325,1626.751218,12881.09716,6568.912025,3895.472824,4207.294053,795.6432161,2979.111842,13240.4699,3222.75253,2132.240778,2917.408053,2790.546586,373.2819674,2223.750635,3426.657196,3197.151174,5987.749579,3702.863438,2077.097913,2850.546735,2722.818,1558.362085,1462.814774,2918.195511,1577.78412,2025.194181,2275.151141,2978.467589,3681.413535,2695.134266,1869.139892,2392.25199,1687.862511,3069.043875,1649.119284,2818.6844,3409.64,6436.359158,5326.582105,5022.708503,4555.341181,2336.422074,2246.142781,365.7670638,3182.808,6849.255139,6930.52695,3017.215723,990.9926676,2263.540516,4851.160033,5510.607763,5819.920526,4924.563368
3-Oxalomalate,72231.87234,87986.35256,97078.55575,86762.86667,69118.1859,71724.38742,69267.5426,68207.76184,74911.05426,86144.20844,72570.97862,77501.41126,80305.864,77524.6003,72204.80429,75885.49219,67028.07544,63849.31126,69173.49485,70535.10168,108745.5458,74967.41158,70752.77067,80729.6,83925.16462,104096.28,62328.62031,62142.79935,97784.057,94907.54382,84235.34791,67416.8,84400.64353,81981.34984,71964.6742,76815.62391,106756.3548,81808.608,63164.53286,76674.50296,85467.02947,94591.75403,77148.46281,1,1,1,1,1,611.66745,1,76661.96023,67589.36625,81204.9408,81405.64102,68784.83533,59285.95086,71036.42857,73607.90391,62597.85923,68276.73186,61651.25154,71834.06316,63127.9226,63170.55461,70639.0881,73036.656,72319.34948,70467.09638,76458.01133,65826.04467,72121.98284,69444.53421,68253.58145,84286.72336,70545.35324,61589.0966,73436.77634,66235.84491,56268.6431,73411.20067,69587.83448,66865.81885,77099.85711,69286.44438,49167.99815,90572.12225,65960.54563,73994.93124,65683.11622,65563.45823,60475.30632,80460.16085,91904.89102,69482.33119,81633.5425,96453.62797,80004.08108,71993.34903,69736.61604,86460.76844
3-Phenyllactic acid,37467.15531,36331.73603,36542.10803,31813.00773,17963.07037,14861.87307,14723.36323,15026.02658,40284.79492,32649.96267,36488.35275,39694.96202,4137.002241,4490.558504,3508.070204,4059.7005,115599.1732,115171.0137,133780.5533,118579.6875,73048.59094,11631.82315,14304.46842,11494.95315,10651.5078,9118.476906,28215.63882,22840.18632,23322.81952,19214.48909,45977.8836,8038.146563,30725.16175,28804.4166,4891.388009,5582.076417,21966.4915,10306.51587,8478.816875,17128.31778,11729.48672,18617.14063,10052.85313,9861.448526,8728.155,23298.59878,32737.55933,14794.06591,23467.79325,16831.61107,13644.80865,19657.17576,11390.70761,23856.203,13052.613,8089.877643,6344.691429,16717.75606,6487.287482,21113.12022,14891.01982,11245.37917,6670.471106,8888.922,7841.764707,7751.878357,14352.68333,12807.10926,12946.69388,10616.02629,7307.729656,34152.39007,9728.341071,27692.30347,13296.35836,12621.17257,8527.39125,46455.43,22503.59336,9115.75524,27507.92544,15787.41684,50535.87367,13108.81607,106658.069,17161.58009,15948.42264,20776.1778,6834.52125,11950.0378,16925.58,22568.6006,10053.22494,1448.997483,18950.43671,16097.61247,14511.595,16030.16806,19689.66632,10173.34432
"4,4'-Dihydroxy-2,2',3,3',5,5'-hexamethylbiphenyl",5078.423447,4507.2155,5548.828444,4347.735722,3793.991949,5498.385339,4291.063645,4851.526249,30236.22385,29935.47133,30277.63607,37722.66549,10436.8083,12396.792,9202.3125,11226.69,37928.07195,43550.222,39129.21818,38455.0875,7466.235636,9746.193265,8180.161611,3433.056791,26022.82635,20529.12845,30319.9632,30282.96345,17059.81395,6730.476133,2897.534955,13251.39366,11431.667,13225.45338,12222.3332,2424.807126,9212.088811,9389.661286,9814.58789,4650.771375,4204.373625,12596.6379,51682.44836,11533.49979,4048.860324,21227.30494,5709.307232,20690.21613,5320.068069,7162.506472,2447.605071,15440.54711,5392.807222,50296.74825,14856.41696,4986.698958,51704.65918,3637.867741,74107.56031,10185.65021,4478.555217,7179.038182,18505.89346,27918.4115,37152.79111,14669.014,731.7710242,8268.020357,4273.317719,2225.427573,10056.92679,49482.38291,14277.76845,4987.341867,7571.697824,2092.316,1911.344482,4452.112,9757.590938,14660.1259,19287.03667,5851.244649,12771.30035,1887.753218,18994.01143,949.6462002,161554.2935,11680.28426,4591.415599,622.8695208,3716.057107,2354.083469,1858.413727,78315.6858,5725.65908,7134.7175,4777.891556,15578.3573,12961.10986,2564.984136
4-Coumarate,1,3582.6168,1,3265.8565,1,5742.605,5606.362731,1,1,1,3771.303188,1,1,1,1,1,6547.02406,5770.24225,6366.4938,6240.962423,2996.966769,1,5219.808458,6985.622409,1,1,1,1,3388.9364,4178.2605,4613.721143,3915.531667,1,1,1845.0776,4825.076389,1,1,1,1,6890.70265,1,1,4772.2907,7702.080714,1,1,3458.627308,8028.01125,1,6267.454231,5711.402475,1094.932727,1383.856941,1,1360.067923,1143.420219,2700.281143,1924.20875,3566.677441,337.59,4104.789699,1,3333.313273,2038.776214,2509.790453,3468.799911,1750.651328,3764.935,3257.3592,2580.6688,1,613.8968333,4289.294265,2383.548618,3657.031,1,3419.380575,671.6226774,4596.328577,3559.308837,3732.3405,4697.0586,2283.050847,28634.22519,7625.387,2467.267932,1,1,3056.9379,4288.146354,2619.939833,3469.427143,1,7340.9805,5271.892706,5901.38729,4530.324124,4684.351875,2981.098033
4-Coumarate1,4012.626013,2059.359403,4859.974167,2568.544816,3743.870274,3105.635431,6302.965625,2524.933182,2442.677127,2432.958469,1838.4228,2129.233,2054.679576,1651.378275,1694.20028,2024.420476,7485.70497,3869.498039,5995.724897,3011.819211,1620.953333,2422.708187,1007.9868,6729.456209,5120.092877,4892.711212,828.1031829,294.492,1550.684565,1316.9579,4396.757671,498.7530472,730.8387585,1569.655455,879.5967891,4083.087928,1763.267667,1349.230889,2450.492484,3085.878689,5956.875888,1335.704225,646.1707441,1810.6035,9638.272778,2482.783999,2750.916353,2378.095872,6717.18775,5722.613037,9570.435313,3910.261516,3709.464137,1120.2345,2882.939746,1691.500846,1127.840598,3001.541941,1112.541018,2323.669292,6954.652,6857.88525,2126.159208,1853.132917,1080.6571,2033.1759,5319.883957,2073.3092,3971.1985,2829.456,2696.508615,2559.104846,924.1023051,3863.878103,3340.685694,3638.219711,4332.28554,2054.264291,4902.519,7633.711694,3148.451244,1679.302632,3689.670772,7344.027838,44026.72918,11758.56,2966.838045,3019.082695,1380.178308,3934.889031,3368.18061,3670.189746,3437.021797,1160.90625,7200.051158,7460.8365,5301.825239,3284.71,2884.484569,5984.997778
4-Cresol sulfate,31855.89497,20859.8163,36445.29395,36437.85346,886363.8154,836539.2292,823462.983,836244.8695,1463586.838,1408286.732,1376977.943,1456708.784,119757.0148,121540.6643,125117.8342,105098.4672,60408.03711,53831.88191,55124.34376,57351.7722,1388348.931,23069.077,23771.71422,21480.98606,40756.57176,36508.5775,259559.0419,172748.7583,438765.327,444643.2263,1034434.61,27302.27325,4665546.347,4763348.472,5923216.048,22069.76415,280647.7904,2986823.301,1557460.45,101994.5068,31143.1505,1776202.335,1842336.125,24383.15811,406905.3827,4454433.929,1890470.055,45018.46708,89005.97161,3629011.234,2806472.155,9798535.398,1189740.341,35947.73851,6438155.603,241224.111,59581.31512,1008331.498,746701.7886,424963.8305,111429.4607,1829282.924,481648.4529,458965.1578,70915.596,1519035.156,3167997.421,23152.12171,67166.84952,4913808.905,136120.1411,445785.2944,729246.0137,188636.9311,354621.7109,26986.64793,42810.13943,69271.42386,3173913.599,22367.805,1867125.002,213140.488,26601.76248,6855143.149,1715588.544,244020.5043,234609.7264,25055.74355,339341.1484,23680.7032,72690.3958,22551.55133,1887020.408,54096.39889,35276.08253,1276457.799,1358501.339,668329.4588,589223.972,509694.8596
4-Hydroxyproline,16777.17529,20242.90714,17215.51344,18056.31275,10113.42125,8721.210143,7195.27225,8155.307071,46152.31708,43465.27871,42320.712,34705.84844,9941.334333,14217.13929,1843.1706,8457.3665,24183.94625,31608.90218,23709.83786,26632.463,20121.1998,23313.19094,23619.5865,8655.940429,1,1,69667.72068,48961.61325,19654.53629,1,1,13663.29193,40032.16543,35348.10857,1,5373.288083,11644.64167,11535.73173,9874.964357,1674.8674,8970.440143,1,15126.61613,1,1,1,1,1,1,1,25211.59892,1380.9264,8098.937233,1639.2105,4636.854,29492.3304,9313.6407,1,1,1,22254.1944,23506.02538,17443.77438,1,4373.262,1,4407.509167,1,23837.19,13618.31815,1,9636.498571,28902.27554,11718.77846,9978.263508,1,1,18490.04333,1,5836.252292,15751.38,1,6599.985964,4422.912714,48690.26738,6283.875769,1,1,25842.405,20977.08863,8450.48175,1,1466.472,9511.256143,1,17472.18704,2798.807286,1,9309,3383.4675
4-Oxoglutaramate,3592.452571,2162.232,1,2456.9332,3922.5968,4006.332,3551.403444,3293.444423,2803.8752,3465.21,4647.197714,3133.4055,1721.2299,1802.869083,2666.464,1699.7928,1,1,1,1,1440.945,5006.1524,5553.816222,2522.589667,1,2377.8077,1,1,2859.9148,3391.6032,3546.28675,1,1,1,3867.9214,4448.8875,4382.8872,1,2889.1533,2669.238,3419.028667,2157.1407,1,2898.9738,3738.265091,1,1743.927,1,1436.8822,2127.935,1424.0936,1,1,1,1,1,1,1,1,1602.281571,1,1,1,1,1,1,726.6504,1,1,1,1,1,1,1,157.2510655,1,1,1,1,1,725.5341,1,1,1380.8544,1,1303.7596,1,1,1,1,1,1883.635143,1145.8204,1195.941,1,1400.828,1445.413769,1167.605,1185.1319,1430.1768
4-Phenylbutanoic acid,17595.23482,18573.74629,13783.50222,15753.94967,15335.6065,17848.95378,19751.90407,16132.45002,17968.89336,18854.68,17086.38218,14781.895,27671.61912,14961.30786,16295.43789,15358.53,15979.25,15074.2078,20256.57915,18219.02748,17240.71198,12399.99362,17615.97145,16110.207,16601.52364,15329.8523,14782.19039,22245.41673,18788.56433,20443.15689,26138.45144,24986.39991,21877.27733,21145.42882,24602.75029,23694.11893,30761.965,20192.16593,19170.14306,20515.551,26770.76264,16658.68,26128.91066,21680.70318,12826.78019,10861.01878,15051.43636,16818.83298,11803.01855,15152.698,34490.57281,35773.39012,39088.04073,36093.1005,29873.482,49204.50441,58074.49943,53478.73512,36146.20352,36027.19312,31503.17779,37127.61656,34519.98006,36691.98944,46878.85435,29797.71667,42458.89164,46839.93598,38597.53964,46485.39916,36399.4785,51286.79454,38146.6825,47048.06989,40501.32702,29935.25868,36542.67245,27680.60135,40750.74065,41720.193,42518.90843,39014.57668,40692.77659,27880.39698,29935.23842,41709.56738,29979.03648,42178.83593,51291.84,26409.4579,53490.73913,34462.65238,46933.8855,32802.09114,37842.9493,42019.4061,30514.6005,41776.00556,40209.43692,42160.09
4-Vinylphenol,24859.76961,26267.85205,25279.48644,22099.54183,3659.939563,4866.887353,6341.599706,3808.642222,5882.34944,6053.726159,7218.714675,5691.216571,8838.828679,4825.3146,5087.2536,6545.749062,8284.600826,9354.73037,6742.046316,8214.733393,33647.32257,10889.82881,10695.03963,12842.61102,8146.912308,4500.9832,1,4395.8732,3527.51,5447.283684,17133.42756,3429.888079,12919.32978,9019.971429,9667.160372,4296.810091,1,11197.12667,17280.62203,6403.3715,11721.4128,1,7451.108616,18067.03546,8279.282154,5637.471,8876.327396,3417.835706,11716.43952,1,4698.1345,14765.26629,22241.39927,4879.922,1,28563.41782,36305.86418,12547.29308,1,1,22726.20182,1,7447.86354,6448.767857,1,9459.492391,5656.825625,13665.06977,1,14118.19429,18907.24913,20691.0734,17560.7254,35736.142,12351.0376,14177.63618,9195.747583,16857.84588,30623.2899,7868.874685,1,1,29562.55568,1,1,1,18441.29622,1,9097.737231,1,5735.095143,1,20802.56927,1,1,1,1,1,1,1720.3925
4-Vinylphenol1,1221.826667,943.9501227,1131.025,880.8227803,953.3963971,983.5229091,761.4296364,845.8967761,971.4199091,843.5827917,982.6912204,906.963,795.0821506,1035.203637,715.3739293,832.8032144,3420.300577,3718.791536,3726.080273,4004.252,868.8139559,1606.6035,1819.37675,348.1240324,2202.782029,1844.653321,2255.919929,1580.498167,595.9005945,901.4947946,593.6662659,1329.627501,902.9713333,1183.288789,8822.287704,1215.315,4762.16,2043.314545,507.4058614,4002.7976,292.8504856,622.8607776,6488.163882,11249.54506,9135.765441,20848.28455,510.6161746,5486.495327,11233.408,10795.24985,322.4363056,395.5735253,416.7518395,5948.714906,2792.9848,22314.01142,10437.6762,8799.952425,17431.09263,1594.588,3033.952701,549.2353895,5337.7569,24675.18847,19888.76194,2153.977361,162.726583,492.2715551,2276.546896,228.0839779,1211.617,1990.925328,8754.17275,143.2774347,1293.338445,1228.461568,495.4853408,1961.400159,2088.655037,2379.244322,2823.517154,1668.932784,1068.349125,2892.952562,4484.709679,328.2709833,5761.425857,1252.53346,281.3781731,1419.338204,7023.885774,558.7849558,388.1467595,600.003,1904.655145,889.1539132,541.2258384,8337.319456,7227.494853,1447.529875
5-Aminopentanoic acid,127958.1333,129559.8386,131123.674,122748.417,177063.1054,169756.1565,156643.5948,161423.9415,147161.4692,136809.0013,144424.6008,1,130145.8482,151838.213,149993.6258,1,1,1,90322.94668,98634.13004,1,1,126996.3881,1,1,97841.45667,63594.137,1,116332.3321,1,1,1,74266.251,56552.63775,1,173078.6128,1,1,1,1,161861.3872,88204.70455,1,1,1,1,1,1,1,1,273367.1191,85570.56964,175942.9822,100095.0305,181224.437,101306.2473,1,1,1,1,142372.3941,1,1,84330.39378,1,119651.4016,194325.036,1,1,145140.5423,1,157658.901,109911.5408,154282.5795,84382.88228,123529.4698,1,145610.8266,1,168275.1004,1,123226.8061,176259.7659,132908.8328,186817.4659,166468.4921,1,79917.93492,1,150520.7887,95767.452,150436.2619,1,77215.77267,1,1,1,148707.9616,127622.088,131684.9816
5-Dehydro-4-deoxy-D-glucarate,5304985.537,4598463.777,5618501.768,4185486.627,2983085.362,4350748.087,4193938.855,4002691.453,3290621.278,4713605.066,4530498.633,3743701.981,3904567.911,3175828.109,3966078.82,2902657.788,4192175.325,3945755.476,3435025.545,3169011.752,5256043.809,3959896.586,3537728.166,4302345.271,4174088.036,4673494.69,3791158.296,4652004.278,4411179.844,4311865.097,4832637.771,4335129.637,4179223.226,4678578.629,3824993.399,4033779.211,4061956.28,4407838.599,3864422.28,4563792.52,4722446.847,4794712.113,5107745.287,449973.7335,330292.3195,242598.9018,281781.0132,281340.633,388955.1633,412506.2614,4703568.216,4482385.308,4969001.499,4296033.939,5294387.947,4752413.373,4211915.335,4750117.083,4535027.795,5102203.546,4379298.142,5143704.203,4946186.433,4265128.313,4205021.508,4960265.585,5530606.534,4520993.757,5259435.802,4624912.835,4961521.418,5430596.586,4939561.866,5312541.455,5242440.596,4232724.111,5120052.627,4719592.36,4428675.84,5181766.802,4826111.769,5404038.477,5035492.28,4643887.658,4725379.177,5174283.52,4995852.976,3823338.771,5276421.595,4936410.479,4534865.118,5823125.082,5407888.296,4815592.411,5065986.919,4961159.758,5048250.365,4802425.478,5324094.974,4894383.845
"5-Hydroxy-2,4-dioxopentanoate",23458.70825,23268.30806,22858.137,21974.32075,16555.87904,20795.5889,15560.66252,16949.55488,16998.75002,26704.93452,20142.31298,19517.61178,21766.16675,18546.77398,19656.91867,20001.79272,18580.25743,17310.02576,16424.22768,16700.73504,32233.67767,19160.49408,16624.28864,22362.48623,22631.04619,31851.76575,16247.30214,16162.08202,1,22176.4148,22001.49167,20397.5722,23331.90443,22702.26592,18729.6,19208.16858,27381.78938,17366.30396,19741.77648,20813.07891,22871.87417,22404.66083,22552.61155,1,1,1,1,1,1,1,43699.88625,40668.87356,48739.3,42748.14289,37692.82987,36280.99077,37443.82102,42200.59188,35237.13747,42293.4198,34702.12375,44276.23568,36832.92329,35392.46078,38908.79637,40980.09983,39480.59807,38130.08586,38603.44598,38478.37708,39817.77224,39650.5718,41688.17121,48052.3697,40083.29271,35386.63938,44134.54193,39472.105,31518.47893,40696.72174,38974.2744,35639.56177,44741.88341,35493.44643,28917.05266,41394.47781,35931.92968,37086.20425,38394.22097,33562.16827,32027.31576,49853.3314,48090.62272,35871.02981,50067.95,55141.4696,48378.29058,40584.01591,39888.37089,44908.04296
5-Hydroxyhexanoic acid,12998.65878,14942.86442,14398.04763,13278.28966,24533.72781,16706.54222,21210.96687,23626.06043,29613.27738,22767.51048,23480.38944,23979.66639,5288.660459,7897.624778,8198.786135,6855.531556,26074.84585,19722.20262,23907.9635,23485.302,21994.65111,24926.15125,27849.63158,46012.7034,6458.712665,7714.32871,6317.976847,8218.05785,30135.084,30318.6219,49650.17112,38189.21512,7795.66676,12501.51816,5228.234897,12542.50725,17445.61144,13385.2625,13210.18633,17842.63272,17298.30507,72706.31844,14172.28906,16813.14363,17096.76969,32973.46688,25054.98683,15041.34395,22977.44633,18731.09333,33137.1437,23831.96087,34743.60753,14218.74533,15063.75,11986.73015,12810.26118,42228.43317,32583.30042,42036.45347,9109.352641,19842.21856,6019.373294,12073.07772,11385.51794,15349.44544,16399.55923,26714.10709,46632.49976,5032.914592,6131.528888,20201.16176,19617.09486,59315.63733,31418.59173,21255.50383,19578.46356,19575.45546,20872.85271,8666.823948,14589.72158,3909.121378,18178.77257,25284.5775,61521.825,25671.01091,19180.84382,7151.065909,11794.44267,18773.60622,29844.72828,25875.18252,10786.68494,6303.740395,22528.4774,36916.8384,17871.72021,16940.47048,23553.26654,25474.97912
5-Oxoproline,12467.63186,14706.26071,11294.744,13447.74229,15191.42457,14002.54057,11836.29292,12590.80229,17182.76679,16666.98943,13923.35825,15417.85569,19218.05,22205.9222,19028.59556,20768.27594,10492.96733,12790.75669,10436.103,13659.38525,11879.91857,23467.79038,20496.87157,12204.75436,14451.87444,10691.739,16786.37944,11059.52833,5811.368833,7698.41625,8604.594,16953.28463,9097.700571,14303.307,4496.87,13067.39857,19260.537,4408.895833,10634.76214,13587.68543,10369.219,12076.0197,13979.7385,11173.32643,6138.7125,7814.91,5588.8006,1,11304.83625,13640.69038,23985.93167,19933.69433,27058.68945,17589.08,19052.74881,18215.76281,22558.10557,24634.10028,10803.57,21014.17094,19397.03656,18488.63333,20634.67656,19508.1615,16009.93188,25168.50778,19014.721,23634.05511,25478.63961,25518.71075,23567.68,16669.0825,17364.76536,15592.34933,20453.86688,20956.69675,15368.83156,19343.998,15037.54613,15260.29275,21396.18371,14105.20838,22850.24156,8809.265813,55178.683,17999.8875,26275.64962,17976.897,21283.2386,28576.926,18298.24425,20681.89333,13521.44844,20437.79175,21446.845,22635.9864,17740.08267,22700.94717,24947.5,23156.1636
"5Z,8Z,11Z-Eicosatrienoic acid",3563.22052,3152.48472,3112.409586,3376.603364,2753.704111,1654.523325,1543.954167,2074.023895,2743.869556,2733.759659,2415.795517,1477.123019,5031.602393,3825.418729,4432.2735,5453.067841,7189.465905,6295.978792,528.83675,7018.400417,6623.02801,5664.934439,4496.543379,2160.99826,3246.405217,2821.876962,4294.21875,5366.788889,6233.537583,9416.526536,7785.932137,1181.04,786.2002941,1399.793065,3213.2975,835.2405,7434.433333,5283.023732,4231.027536,3435.638625,4011.026667,3095.524444,4128.639391,18351.129,6248.34528,702.60224,1867.547417,2241.787841,6142.789362,2098.517875,1044.738286,925.2207647,23116.17195,18322.99486,7164.6766,8490.7152,958.4667273,3138.281719,3210.975,3974.775263,4488.512368,606.4937187,5418.819368,8099.7462,878.8626875,11175.7712,9314.61163,7277.163714,2487.692921,10576.18673,707.7073,1037.433103,6442.252705,15395.01429,17576.7011,977.6541538,10472.89868,5511.345438,3646.175357,5312.680438,3854.394789,6649.529211,4866.0916,2852.779444,3361.141775,4890.373647,19662.86852,4109.154,835.5051852,2734.424615,9474.494605,2432.49088,3488.825333,8526.128325,3987.677895,5860.232667,7234.220667,3260.506375,3644.616813,15896.46943
6-Sialyllactose,114837.0999,129741.8484,122754.3422,122575.3425,29367.27355,30556.56493,27463.88897,28532.73045,36958.95667,36246.33608,34683.16932,36699.24814,13051.47473,12504.7937,16559.31911,13041.89467,121667.648,106954.0306,113282.2694,119180.2098,75187.91429,25766.46205,26959.2896,17922.17775,276044.9086,270275.6382,314229.4946,331445.9769,18302.10375,17146.2855,27906.42156,43707.24367,129598.576,134013.956,75925.83661,12478.83,32173.66633,68894.73039,43199.87657,54487.349,8129.31625,48563.95313,114623.2051,8508.921138,8039.826714,295510.817,35585.33424,56536.75945,34373.29726,18144.35,10358.81423,49130.20805,16384.80125,28487.1565,101896.3508,20716.83143,229624.0132,40114.72633,154942.0728,12433.2175,66138.46465,22901.11074,365648.8359,55405.96329,147132.5621,27659.13725,11023.49445,22891.0096,3655.028364,92590.82228,17811.56968,127195.0074,51414.25894,31234.8432,13567.80105,24886.23529,16186.72154,41858.59334,72842.55196,37507.62125,53535.22213,235099.3013,46431.17891,38631.34453,31166.9925,7492.584,108012.9396,33575.01158,66266.54443,26272.45271,30034.60138,25969.34317,10402.0245,97636.83893,13173.06821,35570.2728,17428.76132,16447.03455,16797.72228,12476.53167
7-Hydroxy-3-oxo-cholest-4-en-26-oic acid,19448.4655,21188.2006,18471.05929,20963.23871,25847.48707,25315.93183,23158.55419,25254.93011,21102.3756,19727.13528,21267.2925,21471.47173,17954.46672,16057.38422,15963.97639,18364.97459,34152.2181,37416.2064,38921.96213,41820.08231,23097.07119,33518.78065,30787.8065,13668.97275,11860.5735,12123.11771,35788.15825,45024.639,13996.81658,14553.77795,16514.54952,8345.9545,28172.15674,28091.952,11675.85176,10447.35905,15329.32024,11617.6475,20778.97008,23497.79318,17699.7603,22356.45724,8112.342,18269.80706,23371.09667,26471.09177,18379.00239,21727.15867,69347.47325,12620.98127,9736.218462,11139.7122,13278.64527,12988.8804,14433.51,14376.69073,10546.79631,20586.6499,5956.568122,12004.6605,6369.184382,20158.7114,2193.9225,5522.735893,4642.902692,6433.279538,4192.627833,1480.9,220753.157,27585.575,12681.42276,21838.70133,14708.40767,18323.32325,5815.396106,10949.4108,10534.9376,22214.50164,18424.28209,19006.59803,2166.899,13538.39317,19249.963,3846.975563,103748.9838,32762.96303,43830.87782,10730.84464,9280.9125,35447.32659,16377.44725,4096.52,1246.479,2315.029036,8482.606002,6960.148417,30535.58417,10442.78846,10270.04046,11781.83893
7-Ketolithocholic acid,14974.46483,10463.36585,11969.84486,11539.26494,1456.105575,1506.688855,1411.530639,1296.636703,2547.020792,2888.274306,2322.745706,2243.752459,3189.114831,983.3685217,907.795,2187.275702,5916.387479,14001.69218,14758.98526,15952.56156,1396.001123,1706.540234,1780.715588,1896.653011,1933.11605,1903.933879,2411.57227,3527.669122,2799.218799,1726.888091,2779.307143,1669.668,2803.621517,2574.496024,1034.541079,887.6342349,849.4599321,1527.797892,2530.576129,1804.498039,1858.483308,1971.029282,3690.761067,7565.214378,3236.754775,890.5136033,1436.628587,1586.881551,2078.758445,106.5434287,15035.08611,10491.33794,71804.41662,12124.71397,32986.94305,24260.70133,8919.470058,24866.61409,12061.32468,23292.37634,28034.80637,21963.27889,2723.366631,7144.765202,1360.244306,3092.430355,15610.85152,14431.32615,25227.20265,19626.80427,15519.6756,9121.75619,8557.322939,32704.47264,33919.32815,10943.71622,12085.52824,17783.9535,36865.54214,19769.39156,11468.43465,21160.80697,35963.6911,13891.01852,11423.47043,7589.415996,20017.32327,22722.59322,20224.74524,23658.69321,12527.30903,36497.21016,13656.29269,14205.14669,49895.16637,14682.89686,53776.34213,27265.38458,35127.15085,6133.922732
"9-cis,11-trans-Octadecadienoate",1,1,1,1,1,1,1,1,1,1,1,1,1,1,1,1,1,1,1,1,1,1,1,1,1,1,1,1,1,1,1,1,1,1,1,1,1,1,1,1,1,1,1,1,1,1,1,1,1,1,4950.755136,3205.002273,8795.684,3364.995833,6072.075273,5216.443074,2341.371354,1710.56944,1808.008333,3348.868431,3375.895063,1671.8004,1,1669.765904,1,1,2344.593261,1,1,3088.278125,1457.25225,1,1671.855214,1566.651833,2402.744383,1926.740769,1,1895.971729,2015.7495,1967.036149,1706.306804,1191.95625,1,671.7148125,1018.62995,2397.66,2321.867596,2139.55232,1292.50044,1747.955565,1296.538269,3907.204609,1470.68371,1,3004.438531,577.626622,1526.6535,2638.689708,3402.557125,1
9-Oxooctadecanoic acid,11859.985,12721.59768,10853.37506,26853.42989,15791.07958,9922.77,8730.667913,8764.820762,23454.781,18593.12916,20017.80516,22226.29792,43445.17017,54181.95588,47034.7736,41835.67438,61605.95988,55079.83544,43714.9756,73726.06705,28916.99897,58247.23784,38478.5764,11092.30965,45727.90948,41127.18757,11902.52669,7976.31975,90837.19125,81342.79236,26619.3173,8891.903736,13898.87474,13763.39475,39074.82418,8177.727619,38553.33688,40781.49816,27613.43719,44362.37718,49874.13266,38641.1611,21380.67764,67570.54448,23639.24569,15834.52756,14315.54075,132462.195,41221.53744,16615.58872,73908.50714,22654.20862,62347.22392,75424.48294,17393.376,46011.77557,30144.05249,45959.96798,11176.25785,23358.31457,41989.99443,58393.31027,31168.62857,66714.71241,21970.83062,35532.491,49588.58502,19386.3375,13924.01677,51480.02825,24447.80387,33578.71752,37116.85414,44717.71786,69181.14375,33568.3303,25087.3874,542492.6614,26025.56101,39509.88546,13462.06874,47194.51137,66978.50686,85761.65687,35581.61521,46046.95567,51980.65947,309879.0237,33214.70665,10590.0255,42515.18935,35847.39705,89593.96837,32811.51222,24937.291,96456.38413,63272.22545,79788.46725,80435.30721,21130.79552
9-Oxooctadecanoic acid1,11544.31096,8841.955716,8144.231228,7981.10577,5092.053318,3528.520326,7111.600327,7649.41529,4841.817656,5120.3925,7374.305075,8412.891219,7395.720615,7667.340808,10129.71578,6452.19621,7191.997506,7637.21675,8411.513922,11369.28975,10188.44144,4102.323333,5828.770447,6655.199869,11669.60955,8224.086407,17050.04202,8780.11931,7063.0395,16996.48883,12934.95131,10213.57526,6016.441466,10365.23341,13512.77639,8911.416464,12670.63045,12063.15795,12254.1711,11728.4502,9811.859166,12018.07683,6121.415,11152.44739,10242.49774,9474.74542,9465.986281,14811.55623,13514.20017,8948.654168,12821.81803,13817.40705,13482.69662,20515.09153,9218.450368,30767.79276,10913.3568,12903.07239,13053.8954,10851.23958,20713.64388,12475.84194,9802.597556,12778.19889,13186.71099,6230.777214,17994.09414,10325.4054,10534.31986,9612.244543,7221.110242,12596.92478,11410.09173,6568.376274,12238.33134,9665.307647,11260.44941,10212.11336,6865.522581,9818.264015,17898.53964,12667.16839,14117.11211,19998.30053,9069.499,14443.34521,21981.83134,11444.50696,14366.08897,9095.637857,15630.9384,15632.00557,16847.2266,13254.07243,10989.82266,7909.125611,17037.04884,13291.12807,13911.6334,12164.4527
Acetylcarnitine (Car(2:0)),25230.4684,24872.42076,25494.16697,22843.242,1,1,1,1,34954.00291,43865.79318,31894.18975,43424.59536,39627.14446,42396.72647,42571.43845,34173.89446,88836.82161,103421.8246,87311.71673,89322.93136,53453.53084,37107.88312,36110.77632,25011.87963,39232.69523,52151.56145,45193.977,67557.49984,55637.35832,86157.47527,18910.64882,31552.416,77424.78712,82714.08596,61189.46106,1,45619.16497,73702.46268,20402.5425,21209.12778,24902.02269,37811.78734,48827.06167,60521.00881,20855.23964,85966.44121,18522.418,1,72649.62502,35393.04081,30093.37354,26485.87615,73175.35536,62725.42901,64057.49825,7701.394879,13617.73744,27690.23177,6371.230345,40240.62282,76220.75844,46386.33677,101511.795,146157.452,36688.61626,90152.4445,28766.43864,79601.70233,49832.79868,36354.65431,13348.33736,1,25644.22269,84275.63752,48629.206,25043.53785,25814.3616,41928.73553,36576.8258,8906.48669,25697.97338,100682.3063,98169.40179,28633.45369,110722.1558,42783.08897,54348.18624,51958.774,44222.8108,38476.17942,60973.87226,31992.85156,19179.585,24515.62273,78065.93192,30797.5872,118364.9106,79260.83923,77536.90621,124974.9492
Acetylcarnitine (Car(2:0))1,564343.1383,520527.9295,572571.1228,598960.989,331112.1199,333417.3336,295211.5448,296130.8822,771616.7021,807882.5848,664193.4549,744457.0375,643712.6379,812064.367,805882.3027,738565.4389,999571.7824,1272156.912,1131648.615,1231330.596,788847.5126,722032.3562,706175.4549,473881.5321,636746.5048,660984.9143,661261.0357,1031553.934,1285787.994,1215781.869,467032.0723,622029.7211,1286675.712,1363127.953,746328.8528,297981.09,557199.5988,1359763.978,443911.6708,526453.1508,538540.6949,794479.245,969392.2918,753838.267,386735.725,900389.4654,349217.5732,1754821.816,757525.5668,547369.3996,389278.5429,362628.8325,780340.9525,520798.9371,831508.3515,157928.686,199030.5923,409916.685,114457.8934,554065.4038,886710.8611,445100.842,1096082.053,1421091.319,418078.438,738050.6849,524549.8143,930109.84,617460.9862,492321.9826,228136.9975,745728.2398,361699.6,1003169.92,592843.6023,482946.7706,457295.7195,456387.3646,450386.8373,182139.0564,295319.4166,1099317.043,934689.5245,430490.35,1044471.451,560287.7775,571437.0973,628813.5486,657998.2285,575176.3077,834163.6541,424570.4937,237176.23,304561.589,732175.8866,355485.5275,1009769.27,918266.1408,868420.2791,966608.8586
"Adenosine 3',5'-diphosphate (PAP)",33581.86375,42586.34775,40523.96183,44429.23426,1897.179735,1724.061596,2671.05427,2251.693434,10431.81373,15468.3409,7070.23425,6971.645172,5825.381227,4973.749653,5810.574477,17417.74108,1878.629624,1864.507281,1477.447156,2060.185055,650.1207114,529.0727278,429.1413448,1784.862987,3920.410286,585.2326122,850.993451,1554.877809,282.1575657,307.162864,684.3626482,422.0650948,210.351899,570.3142779,531.4251924,850.8276065,462.7794959,196.9888268,466.6469693,832.8350431,507.1250431,2586.196675,849.8973674,6922.958875,4604.583192,3073.426925,10506.70075,2068.257625,7607.0955,10864.88417,1447.4376,7844.596348,8152.465179,4529.595556,5123.522133,332.0918575,5110.255895,17175.90825,3223.724571,72300.25655,6391.734737,15935.5675,5663.9555,1460.816444,824.2589511,8661.317411,11444.68507,1877.596421,12245.1705,9585.484708,8194.67204,1219.195796,1358.902745,8749.473833,3410.784571,302.90218,13351.26675,3074.404938,2142.829191,1404.039134,889.6749196,658.4037039,1260.647143,12965.93159,14909.60119,8295.502571,1885.894151,10688.22138,8966.356381,641.3519138,1104.064536,4818.972421,16090.38539,4215.02025,3956.214828,35903.91108,9406.756821,18294.64091,16369.906,39986.62007
Adenosine 3'-monophosphate,154899.459,164243.3681,150378.594,183703.683,3037.914,3223.8,5309.29775,8032.81875,41268.17829,54267.1635,24629.36525,23975.23714,6074.547,8854.8075,10012.9025,25774.82308,3494.7003,3385.7703,3163.2168,5429.233333,17738.00167,1,1,13583.42125,17988.6175,4222.7856,3645.9375,1,1,1,1,1,2088.4925,1,1,1,1,1,1,7044.43025,1,25393.90307,2651.990444,1,1,8511.7552,5894.064,9339.393,5921.7206,5535.684,1555.782,9712.25625,7903.0518,10807.4925,12285.85336,2611.274667,5340.1436,36900.9,5590.8125,88730.7575,5803.609,16674.12417,6145.424833,5201.174344,1,15288.53786,31443.38464,4671.94,29550.1129,23710.83914,4063.7625,1,5388.93,26963.14775,14847.7213,9356.8784,7702.383,8761.088,1,4690.92,1,1,3927.0935,18243.6,17816.8795,6199.018583,4592.969036,7820.906667,17490.74293,3388.9696,3050.006,12693.63929,41298.2825,15907.82481,11093.948,14347.00708,14711.76517,28757.0288,28307.69308,25693.80623
Adenosine 5'-diphosphate (ADP),33581.86375,42586.34775,40523.96183,44429.23426,1897.179735,1724.061596,2671.05427,2251.693434,10431.81373,15468.3409,7070.23425,6971.645172,5825.381227,4973.749653,5810.574477,17417.74108,1878.629624,1864.507281,1477.447156,2060.185055,650.1207114,529.0727278,429.1413448,1784.862987,3920.410286,585.2326122,850.993451,1554.877809,282.1575657,307.162864,684.3626482,422.0650948,210.351899,570.3142779,531.4251924,850.8276065,462.7794959,196.9888268,466.6469693,832.8350431,507.1250431,2586.196675,849.8973674,6922.958875,4604.583192,3073.426925,10506.70075,2068.257625,7607.0955,10864.88417,1447.4376,7844.596348,8152.465179,4529.595556,5123.522133,332.0918575,5110.255895,17175.90825,3223.724571,72300.25655,6391.734737,15935.5675,5663.9555,1460.816444,824.2589511,8661.317411,11444.68507,1877.596421,12245.1705,9585.484708,8194.67204,1219.195796,1358.902745,8749.473833,3410.784571,302.90218,13351.26675,3074.404938,2142.829191,1404.039134,889.6749196,658.4037039,1260.647143,12965.93159,14909.60119,8295.502571,1885.894151,10688.22138,8966.356381,641.3519138,1104.064536,4818.972421,16090.38539,4215.02025,3956.214828,35903.91108,9406.756821,18294.64091,16369.906,39986.62007
Adenosine monophosphate (AMP),154899.459,164243.3681,150378.594,183703.683,3037.914,3223.8,5309.29775,8032.81875,41268.17829,54267.1635,24629.36525,23975.23714,6074.547,8854.8075,10012.9025,25774.82308,3494.7003,3385.7703,3163.2168,5429.233333,17738.00167,1,1,13583.42125,17988.6175,4222.7856,3645.9375,1,1,1,1,1,2088.4925,1,1,1,1,1,1,7044.43025,1,25393.90307,2651.990444,1,1,8511.7552,5894.064,9339.393,5921.7206,5535.684,1555.782,9712.25625,7903.0518,10807.4925,12285.85336,2611.274667,5340.1436,36900.9,5590.8125,88730.7575,5803.609,16674.12417,6145.424833,5201.174344,1,15288.53786,31443.38464,4671.94,29550.1129,23710.83914,4063.7625,1,5388.93,26963.14775,14847.7213,9356.8784,7702.383,8761.088,1,4690.92,1,1,3927.0935,18243.6,17816.8795,6199.018583,4592.969036,7820.906667,17490.74293,3388.9696,3050.006,12693.63929,41298.2825,15907.82481,11093.948,14347.00708,14711.76517,28757.0288,28307.69308,25693.80623
Allose,31326.44516,38012.78274,33653.17335,35280.41777,25978.87152,24604.06929,26898.91771,25597.77216,33035.82663,35395.4601,34010.79506,35017.49492,63553.87479,64946.93085,61121.90413,61782.72094,140845.0106,150255.208,132857.7002,145685.6795,16554.27879,28481.74138,29900.62945,23652.60359,93949.5748,96694.21985,107393.0407,132808.9063,44182.96081,45032.66366,43091.76024,25098.57556,55526.55935,65646.357,18444.825,29803.49064,28435.93316,25575.97224,31224.59087,36500.70605,23927.49569,51591.71657,51696.36347,31589.8045,7947.049494,31051.69859,36891.28288,76593.22162,25280.60216,12188.37404,57061.37353,63611.82903,46958.5584,90790.07593,69038.32276,209713.7832,246693.8337,45096.62484,256232.497,40989.96405,95442.98129,34761.7386,62387.14406,212357.4704,298834.499,258517.7316,57361.1198,46957.01235,27894.34255,62497.24477,46602.4085,458835.6983,190595.5945,70950.44023,50192.7264,139378.9686,28863.252,85254.38208,59136.2944,55288.08425,305031.6966,348867.3413,45067.221,25854.14254,103401.8794,45386.03705,171003.5329,73500.08842,31377.22697,58728.66413,73230.19989,27553.86197,44707.44311,134861.4438,21913.52753,36353.52552,32337.11846,63590.58,58913.75126,31133.78615
alpha-CEHC (alpha-Carboxyethyl hydrochroman),20316.23847,26545.2384,18359.54596,20266.69556,22214.08737,19691.74351,20646.03225,12454.47704,16174.96727,14471.91154,14513.41381,15147.56444,18321.01745,15459.75084,14384.22984,19250.10053,15333.15577,20379.74181,14638.31105,21756.50005,23704.01,24251.0576,21001.84809,28358.26097,21360.08316,19644.35971,18414.44162,20861.5272,18650.20146,18469.16696,21176.75322,20296.56183,15796.22063,20856.92925,21968.54145,25821.88713,25124.07353,26336.99948,24323.35227,22962.31341,29989.22145,27042.42625,17940.1705,22453.7898,26424.8074,20933.82639,26936.93113,27180.50332,25178.92288,17358.91496,27070.758,20241.03213,23043.89488,20635.5468,21470.1196,21684.98129,25982.54175,20275.337,20437.04542,21964.88275,23139.06375,21120.60321,17847.38325,23054.99872,17240.85404,19090.1556,22116.10506,20816.1225,18864.25985,19575.78333,27338.54954,18296.66131,19675.99146,19677.13698,21076.85938,18516.01667,22238.63061,23652.22037,21311.9526,20766.18163,26826.43568,21614.3406,20052.7697,19810.11083,18432.11733,19017.41583,25695.97328,20839.53046,21427.2365,28527.10513,28061.4224,21292.90861,22099.14608,22445.61713,21299.06982,21977.23033,27120.24415,21128.83877,19847.38961,26103.14509
alpha-Linolenic acid,145416.2873,102379.9193,100721.3242,88050.88017,77049.1016,60517.77478,60452.99209,61493.40227,170007.1725,183982.85,174909.6421,158683.5288,421655.6638,436804.7587,421321.5439,447515.0674,320364.6729,300837.2947,317717.019,309554.1723,290510.4625,130821.3248,112749.4073,80884.7279,182102.7931,173453.029,140977.9666,78078.81956,473858.2702,485553.8652,254257.3,48943.47826,38793.31086,32906.83339,185897.1239,32465.57693,288311.0548,222641.265,143571.2016,213975.8483,97614.05618,223057.2938,261477.1467,627612.7931,221281.1658,58769.28,86353.9644,209981.6604,140822.4322,99164.17516,936426.026,636693.4585,1514326.328,642769.5198,212714.922,745784.3468,583591.3694,361816.9877,65822.41571,155759.5624,344290.4368,215949.0194,311293.8416,649496.7127,398794.348,875164.663,298567.5411,391427.5872,54864.05114,327033.9656,444242.1241,271835.3388,354695.1766,652606.5293,476915.2613,1054504.164,245895.6503,227966.2039,295961.3911,257736.9437,117622.8194,190458.9341,450219.9934,88323.08203,95545.405,79925.2025,712568.367,314014.2202,308345.1204,57888.04125,377906.6758,67853.37831,173250.1158,299750.461,158832.9835,172752.6536,473038.253,216228.8775,217713.8871,202517.5501
alpha-Linolenic acid1,80964.3933,55007.63257,69180.565,62063.21712,35751.46811,36694.02171,32508.3965,33841.59168,118559.8418,118065.1392,110459.5411,98003.94528,322404.2671,293485.9113,317891.4914,281816.1531,227209.8294,247598.1303,249648.4245,255698.5407,218555.8854,104063.7606,78234.04643,48005.52593,144217.103,150634.067,113431.2579,64113.2784,395278.8927,362155.5261,219328.4174,33741.891,27035.87772,21966.32782,140180.8196,23235.69797,255848.011,183833.9261,121618.9141,172522.0136,79434.91806,196416.6818,231982.8496,577621.4123,188279.8337,40416.39797,63424.47284,178724.0581,130369.64,81859.58375,712169.9328,483690.4672,1122959.66,471280.5439,142303.9606,562013.54,420181.9157,250085.9904,46597.55738,100124.8651,230117.8614,127238.8449,234044.5598,519400.1311,316043.7881,779277.2388,209544.247,384588.0533,38283.98337,224338.912,308045.19,148334.5667,283801.5096,486714.7699,1105059.481,170270.1884,173811.95,131522.9176,210392.0114,176104.1154,103300.1766,125368.1286,328177.1601,64429.625,65692.602,51323.14284,655621.4939,213255.0469,215449.7257,35298.03464,282485.0082,51730.17917,130280.113,268643.4879,99432.60113,122994.5839,337916.4923,157752.6366,160151.8948,153870.9365
Anthranilic acid (Vitamin L1),3786.318545,19437.72338,20569.09414,17136.225,4686.454071,4961.3967,5781.634737,4179.3384,2920.035,4241.945,4030.914167,2651.268333,14259.81857,6937.3073,10231.886,15763.43617,9658.752529,7713.3252,6132.221813,10572.46191,8097.295789,7330.9365,9641.720471,27841.65345,7365.6485,6550.814,27924.14562,25830.0385,1962.0537,3377.33687,3449.7525,8936.54775,13899.18587,18104.66438,14629.49868,5407.2678,10183.06841,41925.29597,21219.98442,3801.535833,5857.605,2759.6155,22191.73763,8899.1948,3443.8313,6027.8356,5717.448,14723.1345,1,18405.815,6389.339423,42337.31933,4437.470933,21587.16139,8768.734731,9801.910471,17851.33991,10839.12744,20364.23861,12340.2136,9663.371125,17009.76925,7862.552571,25638.64826,18395.08768,10102.6002,16368.26843,8943.584412,28342.12708,7190.720063,9950.064625,15385.2318,6111.0785,5952.682917,14234.69345,11606.2914,4196.463333,12804.81588,12230.70722,6705.526933,12822.99105,10370.25812,7088.745474,26507.30092,26063.4745,5356.973077,26965.66295,14092.26,8079.32564,8459.802083,15926.15058,7166.27115,40572.83,40934.08173,6178.661583,8048.64,12530.022,31230.738,29433.75,7774.7696
Apocholic acid,14974.46483,10463.36585,11969.84486,11539.26494,1456.105575,1506.688855,1411.530639,1296.636703,2547.020792,2888.274306,2322.745706,2243.752459,3189.114831,983.3685217,907.795,2187.275702,5916.387479,14001.69218,14758.98526,15952.56156,1396.001123,1706.540234,1780.715588,1896.653011,1933.11605,1903.933879,2411.57227,3527.669122,2799.218799,1726.888091,2779.307143,1669.668,2803.621517,2574.496024,1034.541079,887.6342349,849.4599321,1527.797892,2530.576129,1804.498039,1858.483308,1971.029282,3690.761067,7565.214378,3236.754775,890.5136033,1436.628587,1586.881551,2078.758445,106.5434287,15035.08611,10491.33794,71804.41662,12124.71397,32986.94305,24260.70133,8919.470058,24866.61409,12061.32468,23292.37634,28034.80637,21963.27889,2723.366631,7144.765202,1360.244306,3092.430355,15610.85152,14431.32615,25227.20265,19626.80427,15519.6756,9121.75619,8557.322939,32704.47264,33919.32815,10943.71622,12085.52824,17783.9535,36865.54214,19769.39156,11468.43465,21160.80697,35963.6911,13891.01852,11423.47043,7589.415996,20017.32327,22722.59322,20224.74524,23658.69321,12527.30903,36497.21016,13656.29269,14205.14669,49895.16637,14682.89686,53776.34213,27265.38458,35127.15085,6133.922732
Arachidonic acid (AA),51863.65143,50679.87358,51142.85072,51200.63102,34910.96028,32201.95738,26131.6229,24915.84027,30643.48331,25442.03621,26781.06303,31375.64167,69214.07486,52547.5525,54747.17028,50739.22938,56053.35962,62539.0545,64041.05147,72794.36789,69413.27746,91972.69031,75249.4093,37249.45937,36308.8557,33054.23953,76213.14266,87413.56839,63281.95276,84191.43644,77527.99219,17166.59848,17935.77157,25926.08431,51306.05528,22553.01653,88045.87334,70330.55547,30606.70125,58541.96803,70285.52484,84690.10669,66588.40814,254057.7107,95319.06394,4875.951515,30579.91811,48094.78789,52205.55695,38877.48218,139587.3254,180517.0108,211854.7782,219773.2693,115663.9886,157434.5062,147114.1218,101620.0637,43229.44266,47695.70424,64427.15614,97160.37431,67513.16512,136102.8809,63318.40839,219544.0423,87149.01539,102775.5604,56040.1065,93233.67179,102216.2781,156401.6139,64476.97771,160881.2428,303241.6544,123139.6848,108211.8233,76539.02803,75107.27763,108200.0023,62148.3728,52454.24321,93695.96113,71266.92188,81274.78285,66966.99488,191253.2873,58428.23609,46236.4125,37360.49384,135719.824,41584.94579,147568.8819,64385.51389,62044.41436,89795.00536,100889.9176,67478.02,67630.21095,163029.9784
Arachidonoylcarnitine (Car(20:4)),4169.790188,4770.3842,4568.328477,3412.167556,2510.6895,2286.386375,1607.496333,1871.674286,610.242,950.5789286,1012.8833,765.7944,1,3051.9675,1,2696.696077,1,1,1,2371.706667,985.9678333,1,1888.606417,3889.323941,1395.512533,1202.149,3481.780941,5266.522891,2068.931188,1,1,4434.689714,1,1,1253.904,5060.040278,5108.514783,1,2914.972433,2193.556364,1747.428538,1,1830.542824,15602.022,7684.9885,2424.4592,4190.218969,1,12971.55152,15655.9538,8432.231091,9354.682405,10969.9135,3021.145,14137.73105,1507.130182,1,4022.94525,1557.925312,3512.82145,1,6018.073867,4176.312474,1,1,6147.276,100984.0939,9331.792556,10914.28667,2998.662577,3011.166,2861.796,3528,2843.871154,8722.327352,5716.152,3108.325313,2376.0135,5360.910154,1,5408.46975,23020.03043,7963.0725,88022.00527,5265.788063,4440.38,2609.807063,4338.796875,11137.3439,1575.2061,3472.581208,72416.14,66024.49012,2852.115,1797.2532,24056.8911,2151.222,22365.8261,20642.53575,9656.103656
Arginine,45070.78629,40839.36467,58709.845,41762.175,74113.1366,57690.2361,72183.35773,67243.05992,62722.79467,89206.14243,75147.98107,65623.16329,129629.5549,124118.5353,124677.0398,92296.84913,32193.79778,42040.35643,36088.47527,48996.42727,47910.66389,68670.59143,72891.67863,86111.57409,30614.7702,49652.80078,48849.1965,56175.93945,41001.3012,61398.28236,38203.09914,133696.3541,27039.9066,36990.6257,23659.03375,54018.0002,94783.5255,20158.94295,43129.71576,70861.512,64616.69923,52285.3628,36516.0225,87209.1008,83695.18636,33744.855,98937.83522,43632.56081,91094.296,54786.77797,125498.659,28322.5572,90694.52885,48272.576,65474.42,59521.321,30645.15667,56261.73068,14654.95622,39426.05824,61007.4525,59211.648,39621.1332,57460.27609,34022.661,124586.4344,6007.038813,49378.77652,500344.619,42088.111,62292.93178,42801.61156,59635.4142,52387.02373,72900.71232,76338.4765,37280.51047,60881.18,47704.44094,38067.062,40289.81273,26286.2745,29947.92818,4514.684,172341.904,106050.1502,77103.42036,55200.42063,63736.82544,81943.91797,34465.26618,11938.26222,8666.487591,36441.62591,73047.86629,18369.23333,46809.72848,32969.95217,43825.10456,45448.48582
Azelaic acid,10765.85115,16883.75937,11205.46183,10305.56592,10285.10913,18670.44188,8364.273328,15457.02573,9810.618845,12909.92904,9138.743155,13074.29784,5908.942033,11843.68431,7118.235345,6957.318759,9303.689111,5481.885091,7689.89011,11214.3782,17991.45493,9375.737057,10760.0895,10467.09789,10833.96181,6369.44039,5696.997118,4777.731451,11192.09653,15361.22775,19287.88667,8974.170656,5252.35057,13709.20511,10609.28146,12344.12176,18366.2624,16702.7257,24147.27496,17888.75658,18482.33438,18419.81763,13201.29578,13265.52784,12762.88248,10590.92872,8064.235045,16849.95819,15151.64557,11729.05285,16235.26923,11712.61695,11470.10857,17967.67998,16025.91468,6374.436423,9697.067105,10745.59809,9902.420839,15325.05825,10737.96833,13090.02838,12317.29086,10144.49944,11633.22502,6960.896348,11797.13429,16061.38842,17265.06115,10669.66387,13827.13795,14860.12907,6985.573214,14452.93869,23918.47773,11665.52089,27452.26242,13862.60348,7989.67,16002.75235,8729.89908,12827.74779,14506.20712,7814.04075,21903.99332,10033.40864,11083.9014,20519.97004,13686.45653,12305.68063,10879.24121,17843.04,17903.92221,13972.05232,18237.62805,14808.68533,27959.38292,8869.47325,11640.3003,19067.03044
"Benzene-1,2,4-triol",116194.7636,185782.2358,161821.2547,95385.37897,107284.9227,133308.1201,107568.0614,450421.3015,104348.2624,136926.5716,100848.771,425893.3109,1,173373.5068,69517.66212,1,91542.1145,221711.3482,99598.50126,216056.2963,124666.358,99947.0645,135880.2811,91994.4675,109209.6974,83299.06833,158935.0557,451334.3338,105244.7876,89350.20131,99429.76158,156916.9712,92847.83229,96523.07467,124744.8286,110794.0399,105953.8036,92461.00364,95931.94747,85852.95961,88603.01975,89031.92783,144274.277,1,144673.093,92261.63743,96320.016,81808.81736,127347.4368,87497.2241,148762.229,86862.455,87344.72593,1,177663.2,98665.31689,145720.6879,95232.03261,100870.1284,181181.6287,98638.7125,127218.3091,105934.0363,146568.0054,17615.1375,1,80797.24307,127786.8881,76463.4,109096.0937,105913.8135,1,76969.73583,76091.05429,94641.57641,71223.6375,19255.5775,137140.9823,104743.5193,185351.9704,92262.52227,70080.50895,38547.405,78505.59226,70748.991,96702.38889,77557.63638,119878.0808,41522.9893,64981.3208,141090.8262,75936.35114,151089.0166,89763.93788,107273.0455,185512.041,87704.855,382307.0409,84539.65,85037.65209
Betaine,109907.6685,1,110186.584,1,1,1,1,1,121748.435,127994.1518,136465.4681,153797.0442,369093.5668,380604.387,379918.8826,500847.6139,425354.7866,407276.9682,311516.5505,352479.5465,327728.8119,348529.4145,226377.06,524158.3568,282860.8458,209089.5502,308563.0091,726089.8864,1312292.333,1312731.638,1192986.756,388059.0221,280242.5898,322186.9038,177170.9705,588449.1483,274757.6507,290278.8491,571722.1529,202199.6777,316438.0033,185830.4156,426230.529,365839.173,619581.0861,799837.2875,669439.2491,235877.775,913785.6668,965959.397,258268.5169,289667.4073,299336.6732,249312.0459,388249.4175,117877.9849,253875.4955,542160.59,249529.368,427384.043,187546.1488,815191.2656,238151.1823,83693.34675,329155.4392,90024.50267,318906.2016,516715.102,1834580.621,1,431995.344,171022.381,118111.6038,383006.962,358073.4435,309514.3688,406906.4768,149607.114,558364.697,488558.763,350177.9657,150547.104,83550.24466,250237.8251,1439130.215,268283.6809,594634.1637,136403.1526,303568.7559,216071.1097,67742.37433,213599.6466,423544.6921,1,434117.2438,702406.5864,433923.4682,317582.8941,274982.7227,205928.0629
Bilirubin,53941.50133,61678.805,65367.7595,57944.03725,68110.311,52550.38105,57749.62779,63367.96769,34572.98442,39222.34289,26703.81,25402.02552,12774.08523,1,14411.72645,1,8178.839217,8359.585263,5409.944111,1,22760.63365,33127.59292,34105.15,13279.95938,1,3083.484444,1,1,1,1,18234.55133,1,36805.12225,36751.73545,12992.14286,40267.5003,1,14181.61298,22510.64771,32134.01356,16799.0013,16753.84291,1,1,23308.956,1,1,1,1,1,30857.20714,27194.25345,42274.68457,21675.81525,80321.73496,54523.08125,29569.44079,30016.3955,39997.35603,30054.836,25768.18086,30506.59543,1,38050.75621,1,1,53483.49296,1,452941.1343,27181.836,1,1,27741.79477,114780.7402,48206.05565,1,1,34978.6768,23056.2642,1,46218.54169,1,1,1,338905.2954,185878.3117,118181.3776,22030.9375,1,292143.4451,59399.9394,1,27740.451,1,22924.47535,59943.58217,50093.35116,71110.83994,62757.632,38086.77789
Bilirubin1,38476.828,1,1,43757.93858,52130.44681,45456.19128,47485.24842,47122.0585,26780.36538,26803.62833,1,18776.09943,10216.13303,10242.23424,1,6901.20405,5543.054217,1,4488.48575,6583.587692,13077.09029,24593.672,26763.81931,11438.79167,3316.937619,1,1,11800.02363,1,2495.5,1,8278.49705,23983.66481,23526.00825,1,24669.96573,4621.67925,10498.60005,15276.10904,20428.2229,13223.85689,10935.25307,1,1,19090.00414,1,6019.8315,4099.061053,8890.36904,1,1,14646.32296,21785.19417,13844.39092,40309.87705,1,14917.2282,1,21941.466,17048.89414,15059.549,1,1,18691.6355,1,9564.75,1,1,266646.962,19604.004,1,26994.06208,17642.01886,56309.6352,23958.95792,4380.9155,15958.17591,21670.04237,12339.55864,9717.72,31348.78025,12201.50409,23499.36096,1,194885.2694,105783.3503,61551.85457,12997.39196,16297.49173,155424.7155,33631.88812,1,1,7975.578056,13178.94864,28736.84729,20256.7932,44954.44738,45570.59807,21783.825
Bilirubin2,41384.74333,42380.63971,37914.56431,41871.69268,48838.32552,39622.07532,42914.91282,46702.91081,30345.14435,33155.17433,2188.575,31027.32479,22136.62826,20436.87025,20129.25286,20966.75042,17904.79462,15570.18313,14359.66561,17199.621,21571.57656,35499.0775,29757.6284,21269.365,12069.60531,12420.59297,17512.32457,25515.26295,8233.199386,10098.61859,26877.51136,18451.05974,28542.0348,29566.5192,14978.30896,31039.6519,16071.1063,23810.43923,34939.78531,29167.50017,20279.07218,22808.15712,11249.99683,9651.429524,27367.85135,14781.18473,17996.55375,14515.4674,21181.39835,7260.651739,26546.6575,24519.13436,23666.6815,12554.04452,23920.16846,23508.40962,15200.54083,16834.59616,21470.5116,18876.86353,17761.49681,13621.80745,3474.169167,14506.88142,11001.8412,13174.34548,20767.07325,6486.51278,59665.29084,20627.03507,14499.71802,21379.29368,19179.21148,29985.59194,19717.82819,14555.68296,18542.14959,23176.8877,20348.50833,17499.39054,41066.41244,12340.37194,17401.9482,26778.03,77501.28129,33387.32984,41398.6245,19794.35664,14147.679,57632.61327,25037.79381,16612.11688,16076.29408,13074.46035,15674.07981,22445.11573,17382.62868,27704.20576,4584.922083,17734.81907
Bilirubin3,110884.8369,113363.7905,103914.9876,118640.4035,146698.4934,101216.7321,132497.4958,178072.5476,75710.4551,98536.99847,61870.28743,54403.95569,29920.418,30847.31475,27713.41655,14249.75472,18893.58913,21140.04173,15923.96947,20705.51817,55995.26061,61349.03,58491.32733,43811.06473,11169.19109,9808.26726,12386.00141,29406.25638,4807.19158,6705.092916,35772.30234,28545.7131,87739.72129,84458.04832,37761.66,76162.46514,12550.85052,34367.8888,61572.71535,64629.32571,47355.714,44494.06089,15362.09561,13060.7446,76356.23529,24206.28474,13812.88693,11558.44434,24385.63037,9784.406123,15567.56261,21173.33209,22085.37574,18047.94865,59901.94436,49731.45133,26326.63797,24071.80778,29945.73463,19484.48221,14809.60693,30922.29808,4803.865263,31880.42241,12301.16888,19604.60156,41853.78577,1890.325621,253914.8276,12895.01728,16846.23884,31584.04269,26221.38962,70686.49412,4501.263782,26588.8634,16032.01604,19528.43271,18426.83909,7211.443842,38369.174,21199.78994,39955.21365,55105.45698,293982.2682,159256.5408,66486.3095,12849.01933,35060.7323,386295.0532,61802.15791,8842.380559,24109.4997,19601.76146,30533.91441,55960.78933,42295.35446,43751.06635,50427.26743,37683.63944
Bilirubin4,6980.921622,4453.254409,7408.548863,6886.664707,1159.157264,4803.2855,8552.337143,725.9941406,5871.978,6476.4076,5017.544478,4056.805167,2850.78713,2730.292988,2041.614,2178.770525,1891.811737,2020.534656,1771.338833,1227.107245,3803.871094,1,5023.72006,3136.285024,1320.368966,1535.505961,1875.6535,3412.865625,606.8465116,1104.093417,375.3251064,2823.24187,4882.766667,5398.235182,2368.776053,6352.878877,1704.181701,319.8073585,3687.567755,4962.988,2933.22007,1,1245.032609,843.9275147,3252.953671,2154.79782,2243.961862,1770.88375,1,841.9372297,2907.973434,2119.877449,2685.588055,1696.204,3281.781427,3030.464843,1903.786083,2123.230588,2848.655513,2115.827609,2321.739762,1881.913091,414.1346341,2403.39905,1,1894.741263,2973.546857,491.808,3406.143913,2111.220969,1757.727524,3647.067769,1651.013936,543.3403922,1149.320887,2393.434085,2479.559187,2561.420566,1881.653073,940.3058784,2535.757684,1446.116711,1,3073.06186,195.6199974,457.7012803,2898.76073,1533.652864,1225.985883,1,3457.929412,867.1413889,1747.3064,1132.717,2030.279298,2919.508543,2476.24,3575.176643,381.8480391,2648.827115
Bilirubin beta-diglucuronide,37196.1395,42247.91816,36245.31838,47000.9473,34505.97517,27077.10049,31877.87975,42033.07575,15771.95129,20272.428,8544.2004,15756.44588,24495.93525,25379.7023,25007.9232,15946.88369,33644.94222,27141.66471,32843.1795,29095.143,45943.08,32488.465,30336.93648,10218.41462,5957.033705,9667.356323,12271.05925,24704.73193,12070.43782,13486.89669,5093.271237,780.3212502,76894.5932,69916.711,34144.40756,156.1493567,3551.399484,37983.924,65521.75784,9464.9925,14889.34608,18068.7038,29848.65225,7627.520833,8966.062846,33692.496,4725.988513,5360.536201,15549.1875,4881.201,1140.426857,342.9902256,7280.211,16525.45481,1154.69009,5689.654714,3438.47443,574.5067362,1917.810283,5101.635,13613.78805,8667.441143,3922.800744,6343.610143,1972.879085,1,677.828859,1,46117.60029,9209.666583,6471.22325,14748.7845,6596.458667,15682.01717,76.75340875,4577.384167,5900.344921,24085.50545,23477.43573,1,12620.52733,6051.708,23252.29538,192.7957152,25075.78345,59781.28888,63165.68923,2016.491438,2368.08,116153.1353,10320.69,65.1433866,501.1974319,1,2455.3806,5134.133941,2158.448525,822.826371,763.9302688,3583.4522
Bilirubin-glucuronoside,211760.5703,324199.7877,213857.3809,274719.459,282240.9966,256997.1198,287127.4167,328808.0273,182865.4213,232720.2741,131553.3618,117942.5948,100333.022,68163.78097,58705.5183,53043.96892,136257.1867,100674.2514,175071.2223,129126.0626,437892.2162,365814.6772,276426.0005,35178.30448,54941.97177,67068.22686,131288.1725,458107.6891,23549.76615,17057.63292,42494.02454,18196.96218,1251245.951,992955.7807,244720.3963,17907.281,9431.835327,157844.7249,406928.1562,66176.61188,60631.07139,158973.4435,172770.2898,48751.09965,40956.27561,625153.4554,15708.00397,37162.69652,112756.2961,17112.05503,6129.192857,3799.503727,44703.97996,92747.42258,25360.1625,44077.36473,15017.83062,10934.50825,55359.80057,27757.62055,43972.33888,41297.92388,15307.465,35311.16836,4685.046947,11697.89088,17583.41516,1069.078881,723336.9495,69416.50934,25475.08203,142375.1339,17604.88221,67470.45014,2227.208845,16994.70061,18619.40364,101608.0085,109974.5904,3501.295498,308621.534,29078.45984,141261.9085,30084.55412,454358.4654,299634.3756,530453.9988,11995.9966,29333.92103,1612659.811,132881.6063,2698.100303,3918.421995,13945.17735,9978.123549,35626.22674,18794.93824,21834.75442,13386.79246,15146.33419
Biliverdin,22636.32895,27968.43733,20887.335,24951.46072,69524.1888,84514.55778,66390.95847,60590.13105,45743.08543,49084.41984,45591.44475,40598.94583,55498.22727,58873.37452,55974.09922,64053.26053,26996.57297,32762.61413,30022.17,26915.77309,252844.9697,119406.7842,124792.4167,4514.829857,21130.44779,15189.06658,50104.74761,69904.04818,10560.99446,15266.25018,24999.174,10142.75313,42301.8415,46702.82352,35837.16976,29529.80093,23864.05453,37804.74524,54475.97206,48454.49918,21227.25291,49915.9125,23310.02429,53454.15106,128617.38,26580.87731,21003.8789,75750.1806,47277.62393,11106.2016,76421.26042,13588.63971,68975.2815,82936.4572,20966.792,21561.4171,17930.41578,18208.684,11104.55114,27087.56438,38552.22282,18631.66857,9045.27775,42402.386,14764.57763,16406.178,28822.663,6732.767562,128873.5891,21404.92788,37051.66157,41517.95617,7620.331357,96722.98219,36138.76053,59618.36253,31358.06018,24901.33794,16217.06335,27821.367,17123.38133,13427.62515,43850.69625,52600.85477,67759.38185,108028.8881,117253.5415,43663.43435,15529.3845,40936.99443,16518.24883,95296.323,1,7786.581786,13576.69254,24249.4025,91413.36926,102255.587,93416.85818,18812.47176
Biliverdin1,25342.39704,28885.23,24286.97355,24459.5218,26368.703,20465.66439,24994.11011,22726.0687,10237.76366,9922.954848,6608.478652,7246.918174,3041.531522,2611.285804,2302.740632,1967.031125,1639.6845,1674.552,1372.501025,1516.942793,2794.438286,5931.409391,4677.460435,2400.998636,829.9848148,868.9738235,1346.931478,2645.164455,527.7877778,781.69175,2854.985,1530.929455,3398.477478,3556.594364,1342.779295,4416.148326,896.205913,1728.09175,2954.692237,3474.958942,2059.7064,1809.481429,648.186,723.8733333,3485.85087,1070.718605,1330.749053,819.2563448,1935.573571,1,2115.902154,1428.6692,1513.94958,869.3568,1679.939778,1127.368,926.0607353,919.2142903,1162.725667,1030.704,1124.916308,780.3163929,1,858.5904138,704.9753182,785.735,1196.722727,1,4740.695517,1249.045111,807.0494483,1276.176375,1215.579148,2714.70398,1259.599831,1023.724565,1305.951585,1610.496365,1602.841345,1099.121167,2813.890357,779.1117308,1366.457652,1569.293478,5598.939273,2423.672848,3961.358902,1171.148333,655.5255556,4623.092083,1452.692771,940.3463077,900.0923571,683.0926034,1081.275105,1383.050893,1,1859.768804,1860.508522,1086.927333
Biliverdin2,1,1,1,1,10585.197,13598.76595,9243.803571,1,8236.064025,6525.54175,6917.704,7962.510105,5858.687429,4553.901714,6642.932306,6466.609633,1,1,1,1,1,1,9354.391591,1,1,1,6167.530825,10075.08333,3420.269231,1,11995.3125,5900.4085,1,1,1,8048.202632,1,1,8926.235175,1,7101.280324,5409.257,1,1,17682.1021,8757.840381,5282.217412,22485.87784,9776.121429,1,41196.13842,1,26234.98018,1,1,5341.776,1,10362.18967,2893.8924,18506.7595,13269.46871,8687.9685,1,1,2766.510214,1,24961.02086,1,108629.2497,1,19008.212,14219.61397,1,27951.00367,13501.61599,24892.74406,1,1,1,16875.4964,9988.444071,1,18057.29125,55450.35785,16421.78779,30294.46153,1,26411.53211,1,21525.8472,1,183450.092,48443.75133,1,1,15504.61905,1,81521.30968,89006.10821,1
Biliverdin3,13885.01324,14629.41236,4627.3701,7715.628776,17503.96137,19569.20381,18040.65626,18434.59011,12300.22518,12247.0075,13049.10638,14788.17101,14341.96338,19983.78658,24727.52697,16175.97284,6396.271895,14504.59517,13726.23951,14650.51131,47954.18155,24291.41294,23974.2923,2172.041174,5963.80266,10828.18048,14518.854,17390.29575,10363.27361,5115.600875,12405.31307,4303.377756,10306.34107,9667.658,12986.92652,10427.067,5699.9635,12405.75769,10289.96675,15013.00464,7217.534631,13349.52751,7954.112036,17421.40774,40392.3496,7794.41925,7246.268938,22178.06067,16506.14925,4707.401111,11281.76405,2263.45,11670.446,18897.13106,4312.123273,6154.851429,5839.127333,4711.226444,3278.15124,5589.083196,11712.16411,4930.638251,2716.179682,10717.8896,3826.477125,3205.95075,4640.210462,2886.815743,68054.11556,5492.623312,8542.965375,14107.59644,2985.095923,19564.43671,13797.74421,11791.98106,7394.097625,8871.763429,4555.984667,3661.382135,6471.027684,5211.876429,13075.5385,29323.98585,16711.0848,39202.42209,20544.43878,17718.54038,4600.571167,12679.87947,5607.435245,42402.33609,7028.919346,4272.920446,3235.272083,13686.89104,18138.71438,24963.35684,27383.71714,5148.171529
Biocytin,100811.8616,121434.6077,105011.2442,120081.6702,111670.2528,162149.2457,164185.9782,192529.3633,198143.7943,132996.4378,154311.8525,151131.8957,3538.025217,3214.628348,3609.376,3706.6035,15505.52638,13215.69834,14470.832,13809.86332,61552.50847,170829.6023,222560.5413,5818.699818,40299.08723,37552.22109,136990.8228,82121.26338,75141.276,71018.07723,240678.4844,83649.99988,50828.77963,46679.54446,74157.64413,38597.55377,646.3456384,72386.96133,43208.90792,218294.2349,20504.9065,72424.82208,34717.10883,10596.71296,36260.03705,29968.8615,361460.718,85950.91958,9017.532913,3011.758627,14300.52624,58309.674,5952.96,15097.16222,231779.5429,4451.31492,44474.79813,20823.41738,124531.8015,38071.25815,35178.928,46931.16865,56939.21428,7606.584317,39950.98747,1343.926774,13944.9627,39423.56805,10085.04167,22827.02396,3179.005607,29363.17246,32173.4249,184770.6842,30462.75703,20322.86813,92380.07904,84394.962,10407.17953,4284.309989,12543.1992,3888.538419,91150.37211,18014.08141,29492.0433,12888.027,179763.2403,89082.30915,17116.16794,53052.8726,4942.2414,61108.09363,59344.02894,5502.67691,39969.80217,94408.71344,40539.1176,18254.07991,18133.34713,1364.3895
Butyrylcarnitine (Car(4:0)),28291.10486,29038.732,25390.86,22727.28886,1,1,1,1,28489.31271,21182.89643,21083.64217,22936.65375,8894.5308,7476.505143,1,6086.1611,66125.21279,73369.1525,77894.222,88106.02063,35735.43504,33944.784,32159.15908,28412.43429,80297.27835,50251.1455,1,86650.69925,1,1,38461.312,119835.1935,20748.80792,20372.14025,13228.3488,50340.36731,19941.38471,11314.6065,74394.85586,28291.47,44014.00545,27074.70443,27976.88164,36711.93167,32274.16481,89749.92144,47145.57186,77581.29281,54443.93543,66533.28881,45828.30293,27397.9585,39613.26627,18002.29621,40545.99429,4873.274,10941.5295,20282.99325,13551.24333,1,67372.16733,21966.24327,14884.8045,18191.47014,78411.4625,43470.95066,67823.49713,44677.60457,17524.02457,76184.78175,16186.18819,44143.55479,12752.68738,99887.4695,35188.11519,17638.8875,50527.87875,301558.6011,54404.5497,12578.16872,59173.98857,301714.632,112064.9806,35483.57908,45412.83267,35702.602,16520.84767,71667.54467,62817.17833,31742.18381,47940.87179,55214.13429,5988.7542,10494.9908,34571.7216,25479.67286,107689.2215,87383.5314,81941.625,49048.5992
C75 trans (Drug),25922.98275,23864.8239,28344.30288,36305.82533,15117.102,18208.7558,15150.8108,18578.43675,21845.1716,19848.5523,19416.99525,22453.44093,27381.18976,15763.471,17690.71903,16884.66388,27891.64442,48759.67266,49692.8137,49091.58712,18288.15528,12024.03811,15987.21425,13124.595,24696.26434,17778.00652,32457.11719,19139.82217,18615.95109,23340.2517,15889.17579,22831.33514,19744.25063,17577.04958,21567.7662,20926.03881,24363.87792,15572.29784,10984.52911,24474.55814,13795.42974,25515.65575,20256.06346,12157.54714,15076.81669,7064.23301,11979.4308,23275.73259,11853.55231,20363.72867,20462.02264,19879.22745,15932.47266,18321.55422,14813.14022,20214.83256,7053.228543,17576.51805,18384.06993,20908.32993,24599.30408,15872.61356,14181.14844,14112.90279,25578.23976,15586.0075,13440.52,22851.43763,16235.89137,11276.466,18262.04633,22103.56443,10281.4295,23395.79213,14354.73188,13929.7074,20710.22567,13714.09559,14881.20982,17431.42922,16978.44458,11353.04971,29041.4223,16997.35348,23918.25493,20603.56675,9009.725273,19505.16352,17418.52292,16237.39818,20775.44788,19282.29274,21297.34697,18105.12605,17662.42583,20464.41375,13072.36591,20356.55289,26546.85098,23308.82147
Caffeic aldehyde,1,4525.697143,1,4336.251182,1,5122.794133,6713.4824,3654.62175,4619.817143,4589.822929,5899.128929,6398.211409,4997.275714,4544.4672,2389.279071,1,5781.456115,1,8751.915,1,1,3539.6,6512.6607,1,1,2947.030625,5646.304,3439.885957,4487.914286,6113.23677,1,1,4486.68,1743.2275,1,4929.418421,4280.158385,2963.944846,4802.282813,4082.807719,2897.776143,4493.047,2130.509333,4393.61775,1,1,1,5849.11725,1,6403.765875,9924.8391,12392.23418,7790.890588,8639.490692,8933.063333,7386.7686,9784.247278,11583.67093,7799.679364,10390.59409,10148.66441,9112.609864,7674.204643,6438.0195,8663.746,10794.71305,7090.31925,6966.213333,9767.91075,7346.663143,6690.615556,7069.781778,6537.819929,7544.205,8602.956848,6816.9985,8691.401562,7178.893,5650.397529,6746.229625,8425.49785,7293.21285,6413.866429,7027.753929,1,9510.275,1,7709.014375,8613.1695,9561.7675,6536.931,7432.586,6864.906286,7980.04375,8302.3385,8383.907,7421.2848,9986.785,8669.58,6887.801437
Car(18:0),22319.68944,20187.00178,23814.41856,21391.14529,8020.492667,7719.835333,7454.624294,6600.840278,6932.088,6842.346,1,6190.882031,15412.58533,14922.46436,14157.35716,15076.30578,6097.4927,6797.473389,6414.022083,6563.564222,4366.110618,8419.308194,8878.228882,17684.08212,4887.9528,5058.7325,9424.46075,26576.05103,3967.623818,4182.780536,12553.33225,6968.079,16884.55344,17185.09236,5615.495833,7163.726706,25205.93153,11964.01618,9601.00025,4527.115385,10683.473,1,8109.236083,40215.35703,12815.50985,8417.276,15277.72161,9586.209529,49586.20184,64090.572,15118.63194,15597.1671,49311.12542,27515.69997,39095.84091,1,13897.9825,18903.38771,12601.23906,43950.98139,48329.10494,42495.759,37901.57921,19578.58532,18337.84507,38732.84847,79774.75791,47100.07706,15067.72655,15403.50122,10879.80091,13133.21143,19174.8705,21901.45971,27658.50764,40795.00518,14013.76225,21061.82181,23062.64046,12351.39035,17666.63919,74968.08441,132325.3394,78291.56414,29429.38406,16895.48612,19894.78875,24567.67146,19651.55359,9860.681818,46317.89063,100298.933,173143.2112,16170.24877,23444.26875,34962.51758,46858.95026,39605.28911,37383.36625,41293.22965
Car(18:1),117885.7819,119730.0291,118387.8988,123454.2083,59414.87474,54861.46121,54890.01468,51516.76,53613.19326,54837.98929,51291.62889,53409.483,116281.2883,113613.1275,122820.1444,121082.8295,109496.5149,100190.1013,96002.875,103203.3013,44808.01671,116833.2104,103770.8758,116729.1367,59949.79069,54058.50441,110365.8723,245894.7158,119460.7993,126766.043,187446.2625,66835.72671,171828.11,167378.2361,67284.46947,68689.66467,134586.7291,127676.4231,91686.62859,44473.32378,81219.23731,31317.52267,86483.37014,348283.2936,138907.1739,63531.31506,108961.1993,214999.856,351614.4655,424098.8308,75355.35,117183.0901,298210.2295,199803.4918,217345.6112,49883.26737,98263.414,183268.0998,74589.05914,223785.0954,398991.5831,257454.6567,175871.3546,87829.79235,88419.78589,263926.955,621724.3014,223271.027,133773.9199,136714.8294,62075.11418,127675.5139,149492.1507,137743.8611,183443.8147,269026.2153,90115.69739,136242.8034,209032.827,138500.316,109841.2402,358815.9932,702906.0415,767466.2751,184569.9669,163970.6703,206530.2944,106837.8593,157754.6535,69860.35189,198261.9264,917368.639,896274.5093,156052.6954,88319.952,550708.6423,206310.8632,415543.5929,387304.0318,272057.1457
Carnitine,1290355.937,1401841.343,1431583.7,1163281.72,904465.9732,925280.6997,815956.556,899181.4485,550123.7617,673303.435,634147.5791,749500.192,765053.8433,728271.22,675339.2614,772715.4665,1279624.634,1344987.723,1259954.019,1303797.595,671455.3224,972657.1147,847733.5546,1100198.838,1076636.479,884974.5833,998148.2113,1390665.259,215559.6802,198433.6925,513469.4163,1539853.348,1213284.074,1233907.095,765428.4249,1122901.949,627375.14,515537.0436,1117562.515,1470945.032,889762.9738,1050142.738,692336.3213,1362625.543,992127.3778,1513969.685,982790.0923,1691380.116,1218585.953,539159.312,1091705.3,438374.5636,914971.3043,468899.1623,1130783.292,379470.4071,464141.065,654344.6098,159783.6082,768569.5942,932636.0556,587415.0797,1037778.416,1167000.053,663586.8422,1395363.241,1023796.683,1103531.8,1015240.974,1007963.787,594249.8452,1362181.561,790062.8184,908830.4006,835861.686,782803.601,778508.8143,1241608.225,936092.3796,200535.0374,847807.5201,1667171.175,1189055.793,588705.0584,1326544.86,848741.7868,828677.6138,1045415.445,908106.5164,1128506.282,1131642.1,731491.3539,226922.6295,621826.634,672695.7874,619458.9162,1081981.435,899724.3598,863532.9568,788628.9611
Chenodeoxycholic acid,2212.075646,1454.599242,1906.359014,1602.299007,19.03732664,62.49693961,74.98277332,22.80334059,294.0873669,120.5965108,169.4763334,71.15737461,125.9171657,149.6178045,142.4128368,95.30349373,4921.595179,4867.743977,4961.700582,5646.112526,22.87720193,646.7587469,281.1781582,117.5770823,135.4147109,104.7758282,907.3585766,765.1494489,32.77714025,28.6739165,113.9403535,88.812509,240.0678323,235.9969756,1,15.14467355,1,41.1406391,34.48887247,85.60636657,1,37.31104334,858.8345772,550.0720334,18.94952463,18.54306966,14.57127627,68.16176219,95.58520198,1,13820.01087,4830.395125,51090.38364,5652.032727,12264.47045,14187.69078,2997.705459,39326.04946,5897.855174,17875.03,13577.70228,74225.29994,1370.810294,11074.1015,1016.655535,3848.3858,13399.80967,11945.736,17158.02185,12113.998,23861.52904,4162.532931,6400.91913,115019.9955,54247.39486,17182.2385,14163.3936,16832.1475,29301.71156,23455.03545,9985.5156,22674.8725,26443.88783,5637.786842,12988.98979,5637.745495,16331.67322,17924.40626,8224.095461,23211.13846,23444.34746,28951.42286,9307.233802,12841.18408,40104.23261,9578.28,22777.5715,19604.55742,21438.29884,8569.741765
Chenodeoxycholic acid1,4743.945546,3584.926145,4205.275567,3742.379596,597.3654092,393.0521987,373.2412689,350.2747082,1192.412269,1252.641892,1164.613761,1032.99,974.8318111,825.8017169,1120.816347,892.6707414,12078.95472,12135.4239,12469.88601,13071.9721,758.9940532,1527.957621,1190.729896,635.1827777,810.1506339,895.7479186,1811.616602,1476.079567,1238.275931,1165.40308,1170.932301,905.2658604,1052.697912,1050.270244,630.6835826,182.5518458,331.9321877,662.2693391,1186.110212,995.1687673,763.6146909,966.9878896,2679.470409,3127.045553,1410.749524,251.1911962,372.6104129,807.5518998,577.1687245,15.36672305,21561.45525,12294.21732,68200.50363,12199.97612,21132.4061,25330.6524,8709.624263,28356.00806,8954.232923,13615.74554,16707.0625,27871.14738,3398.831105,14614.17018,3288.045818,3529.551231,21409.9266,11073.53867,19689.6425,24642.44868,32318.07185,5170.576917,11264.60231,37569.47465,40625.97744,18837.51692,12016.81058,11588.30972,54396.19378,20770.9436,16461.75811,35593.75137,34043.8175,12785.85552,13382.43865,6218.567152,11823.11804,18634.02946,13912.89424,20770.35183,20700.41627,29024.44885,23405.30636,9187.7048,36497.58195,14003.26346,44987.07903,44913.02143,22542.31789,7307.126735
Chenodeoxycholic acid2,6242.338,4623.846035,6589.139215,5065.74,64853.31666,54024.1326,50600.0405,52464.33076,93070.74,94633.112,97006.7394,99690.8305,18007.59134,17301.11586,20688.71059,18308.97148,542117.631,536703.9205,592936.6441,586385.5678,10776.04576,150634.6374,159446.6758,973.2200127,21334.18617,22430.27687,92334.52313,67214.2835,6506.29005,5255.7336,10322.94815,45535.69354,2984.794003,3876.65,5175.654688,36777.2881,3046.175835,2939.905316,5607.791333,14303.51656,30868.20125,4797.194476,7415.573265,20147.76032,19254.1387,2239.640777,10892.55122,10231.59298,13326.93431,5116.178444,180853.8936,293230.6275,13118.05311,4259.612993,71381.6295,18527.70645,31249.70874,297983.0201,4058.139167,14691.25647,23572.81562,90057.29583,1134.382216,6532.456974,1727.021934,373.5739871,68179.452,160.1703842,16347.83637,901.0504286,36389.55863,1552.2975,1017.408511,41325.83146,48769.32679,2202.020093,29572.48271,129655.7145,4348.477895,19963.36266,1095.107918,1999.197167,27917.72576,18199.95067,201342.5223,15345.56452,86.89523193,43789.9527,19851.51278,2522.994458,1638.623686,15068.70139,35381.56224,268.2281768,12094.6004,34472.40063,6247.157591,29191.10609,25170.91199,65019.5112
Chenodeoxycholic acid 3-glucuronide,18638.50593,20310.81055,21971.56245,20783.33083,156122.58,146055.6932,159928.9453,148792.7309,37830.42698,37575.01062,38279.54258,40639.87722,36296.25997,34286.23428,33899.38117,37344.85848,66975.44277,62791.51752,60010.9341,64140.95246,32141.74798,19050.7099,18669.75956,28551.25556,85501.4579,88964.06068,32010.35796,45823.5243,19171.2594,16017.80906,36459.7674,33735.23075,170435.617,175160.5716,253168.4838,14758.40573,18150.57162,178357.3456,58603.104,23847.97893,34222.323,34455.46467,91115.00652,22238.05978,43857.21032,55827.18706,33841.62733,30887.08295,45103.9892,87509.02387,55449.83625,40223.49502,86538.14705,4470.277877,120708.2797,35700.47771,41506.54846,16736.21076,74276.55574,122811.5011,17818.99338,70229.49507,336950.1258,55296.745,57851.66207,40200.1705,184346.1244,23399.3882,9122.051448,15635.64828,32038.17104,27521.58831,35913.636,19135.43163,29781.56133,10538.91302,22464.0066,32274.22126,162971.5274,30441.98562,37141.56673,102630.192,55658.59967,212056.704,126651.9606,89802.77895,39455.52441,29338.51456,99605.3206,23468.46323,96178.95336,35237.49606,113340.7559,38897.46188,177755.2313,47703.0027,62749.41283,66415.83385,65106.62952,99809.97442
Cholic acid,1,1,1,1,1,1447.5321,1227.9558,1,590.94,1,1,1,1,521.1427,1,1,12135.05038,11060.061,8484.511286,12642.27031,1,7965.505714,12764.27488,1,1,1,7584.404937,4021.697286,1,1,1,501.58,1,1,1,1,1,1,1,1,1,1,1,1,1,1,1,1,1,1,11693.9175,177295.743,2433.108316,1270.3055,2548.328769,2970.759714,11876.48946,11763.45577,1,1892.952857,19701.24333,2657.587222,1,1,1,1,2496.77912,1,1,1,1,1,1767.7682,1,10432.47661,2422.569714,5024.318143,45934.695,1968.656667,4924.395857,1,2012.988667,3620.07375,1,996.9015,1409.265,1,1818.575143,14388.5885,1,1,1266.1164,1,1,1,1,1,3550.967667,2249.658083,3111.689143
Cholic acid1,9783.41396,7270.817431,8297.146744,9175.544837,32158.64621,29090.06434,29680.66868,30377.09181,28347.2801,24715.44114,21771.35087,20976.9275,34173.2207,32327.56382,31111.0855,32310.20925,271305.6129,243730.1384,232544.9881,250709.2145,515.6428573,192880.95,163947.9176,411.0420441,12805.28553,13319.45361,209976.84,127776.0016,679.227408,588.3417849,2858.568084,15999.975,2063.719811,1836.995339,5476.855,9635.6525,1065.527601,2153.931567,1220.370291,10660.10638,4335.347807,2985.035269,4412.976328,2599.119916,7732.610484,1,4915.406858,12145.77437,745.8164511,223.6538333,62782.31281,888334.5148,1915.192082,5663.222571,12423.42589,17005.417,51228.86447,87458.90182,963.1340534,10579.00827,59998.0125,14265.57697,1988.475429,2859.065139,7116.564,7954.356667,2670.672508,2745.770143,2524.080264,426.8405728,12847.41671,1471.843593,11075.40622,4633.156111,19269.483,4782.897292,31261.76126,244463.1102,7649.698929,28856.4707,942.2661316,3590.853368,17918.46304,3586.111585,3931.169654,8672.063605,1,8777.89,64031.03216,6720.119617,3070.567857,9960.87313,9111.367009,1091.11713,4661.052316,986.7093224,2947.718489,19525.118,15521.4814,24963.68793
Cholic acid 3-glucuronide,12716.92395,13543.90019,14126.99907,11653.59487,19099.21309,17349.0317,192064.564,17729.97805,15654.89421,18169.11842,16438.73861,19217.97386,138257.6819,94379.58982,92491.8075,137473.1484,51153.92472,53260.6843,63202.80669,65180.12145,72838.00373,19313.47233,16254.59429,10045.78618,52155.6295,48869.32796,66278.7887,29560.71724,5353.780816,62404.86803,241967.2234,26893.18919,13263.58654,19309.25748,27543.27405,13611.48493,34440.46278,16548.68147,6553.45939,197113.021,11287.81518,10542.82669,33156.38611,11669.07167,20803.78879,34699.38862,15960.81774,86216.32163,24049.78008,8817.507867,19480.80093,72210.35049,67837.61923,23860.5353,27509.15067,61769.96609,25512.381,24960.32357,13952.01763,29849.251,30854.3309,10588.35006,18713.063,30032.66341,27310.88446,19597.72747,30805.26,14069.2014,276862.5479,5750.4475,16586.44315,70352.35404,12908.83076,10143.28146,11362.77773,155775.2997,20513.64551,90362.03338,49428.52121,49591.67561,8124.917478,32825.44885,51113.6352,25776.62676,276047.8778,23436.7817,80591.9695,34960.18489,256934.7878,258916.3032,37001.81938,33344.29608,19765.04463,12698.39421,75747.88078,13866.04199,19018.19326,31447.25029,33598.76286,68473.29883
cis-11.14-Eicosadienoic acid,827.4231667,549.7722593,552.6889149,572.9363929,591.77625,199.8023803,436.8045926,380.489,724.32725,805.3192174,1425.024048,598.9450909,1330.0824,1106.845379,1403.998667,1035.777962,1505.509524,1787.753739,1961.357292,1265.972478,1597.187703,1394.281516,1060.580792,576.9672821,1363.6707,994.697,1367.783619,1777.692024,2039.816463,3654.15887,3281.56125,147.9667347,509.0096667,549.9957241,1275.894,224.3162601,2461.137,1815.009541,1265.4585,2316.922722,1147.859048,2690.827129,1528.625069,3641.832048,1215.388417,866.2807333,1088.81575,1821.32016,4.109365499,970.245,4332.4085,2078.860688,6071.539429,6188.745714,2761.7149,3083.465885,3280.098477,1980.5238,1579.4751,3416.16,1639.21495,1852.285217,3419.34215,2738.739,3605.900229,3800.906818,234.856,1767.858815,943.66448,2014.980929,1385.253977,2391.033429,3088.521238,5093.832696,5239.957188,2334.56713,2420.01313,2397.402159,2348.514643,1663.185391,837.9453,1627.94578,2867.725364,1209.291944,1927.1564,1646.944,4268.058979,2098.518313,2012.977842,1145.38403,3460.5907,944.8908,2392.6145,4004.553421,1808.1292,2234.79,1657.544444,1510.573591,1365.1047,3261.41619
cis-4-Decenoylcarnitine,176353.8636,159119.7097,173973.681,175735.7003,74610.33762,89237.34489,95016.114,77949.2025,62361.50725,65515.8861,61514.85667,71306.7725,89669.34667,104079.9646,108410.9124,91190.16487,393973.2656,401874.1301,339350.6182,388180.293,150116.3704,118901.4908,106010.9704,109897.4411,442136.7479,376181.6417,513538.2729,511854.8694,85181.32543,74920.47671,84922.89838,202640.71,233272.033,266510.7362,159094.0789,32174.07463,179009.4063,148867.84,215043.7398,144792.2776,87654.40425,131265.053,266399.2304,205526.5364,90136.3816,686395.279,117265.2867,1537318.026,186694.833,135252.3691,44337.944,95815.59057,228505.3846,141598.2564,235827.1059,70420.354,169015.5573,82979.299,172703.4773,155813.9876,389974.9947,207312.5138,298623.1552,234780.2587,399959.761,797365.7001,67708.01013,148674.5998,62119.03775,231532.2198,100998.0594,421053.5283,185782.1539,137283.1915,211674.3392,74739.46639,69929.12717,124083.8853,401340.446,86516.28856,67236.888,191234.8146,332182.188,137392.4303,137499.9479,45982.26619,295656.8572,189790.0366,80019.37077,100162.3665,194144.2225,110666.6221,30210.80156,119815.6261,127806.319,75743.5767,190620.8886,263180.1593,227377.5026,182586.0823
"cis-8,11,14-Eicosatrienoic acid",3563.22052,3152.48472,3112.409586,3376.603364,2753.704111,1654.523325,1543.954167,2074.023895,2743.869556,2733.759659,2415.795517,1477.123019,5031.602393,3825.418729,4432.2735,5453.067841,7189.465905,6295.978792,528.83675,7018.400417,6623.02801,5664.934439,4496.543379,2160.99826,3246.405217,2821.876962,4294.21875,5366.788889,6233.537583,9416.526536,7785.932137,1181.04,786.2002941,1399.793065,3213.2975,835.2405,7434.433333,5283.023732,4231.027536,3435.638625,4011.026667,3095.524444,4128.639391,18351.129,6248.34528,702.60224,1867.547417,2241.787841,6142.789362,2098.517875,1044.738286,925.2207647,23116.17195,18322.99486,7164.6766,8490.7152,958.4667273,3138.281719,3210.975,3974.775263,4488.512368,606.4937187,5418.819368,8099.7462,878.8626875,11175.7712,9314.61163,7277.163714,2487.692921,10576.18673,707.7073,1037.433103,6442.252705,15395.01429,17576.7011,977.6541538,10472.89868,5511.345438,3646.175357,5312.680438,3854.394789,6649.529211,4866.0916,2852.779444,3361.141775,4890.373647,19662.86852,4109.154,835.5051852,2734.424615,9474.494605,2432.49088,3488.825333,8526.128325,3987.677895,5860.232667,7234.220667,3260.506375,3644.616813,15896.46943
cis-9-Palmitoleic acid,12982.64894,9502.61725,9969.191,9749.401333,7220.888043,7031.073611,5660.076647,9327.592397,14766.47838,12003.52388,12644.53811,12334.96298,35603.95238,33126.10417,37382.13442,33737.10222,31837.98706,32369.3577,35217.07159,33808.665,40344.07391,12256.332,11847.80178,6521.646675,23844.48762,22457.37656,11647.357,8257.693476,29083.77661,25859.14531,21895.2006,3454.533789,4399.055062,4103.241375,35050.54908,1941.216667,34673.1,36475.2245,10904.46969,11410.00933,14144.37268,49561.902,23717.2575,57542.17714,32843.35215,4763.985208,9472.951389,69700.89805,14961.69079,12884.95413,40636.90719,27855.00388,110355.1837,116257.6527,28070.97537,109991.7435,31745.175,14057.35284,13554.23532,20391.32511,17312.13894,23441.97971,25667.24454,69725.568,22378.80202,77639.1712,30495.22369,21403.50507,14738.61588,29029.89238,15880.147,22152.91925,30590.61637,35066.20094,39518.23248,35504.11161,28088.5775,15917.418,9220.925389,11665.335,16150.4235,19821.09104,20004.37762,4821.889286,7273.722111,47845.2625,51242.49741,23882.55544,48198.01589,6226.005,20701.15513,5218.470654,17523.65278,29350.0155,14017.93107,42344.13235,59733.89585,26119.13192,30960.4261,45837.29029
cis-9-Palmitoleic acid1,35216.34729,24127.8716,23918.60662,23415.27409,18434.05414,16810.98855,14354.74181,16217.37968,24875.25357,30735.44773,34001.448,24313.60842,75252.69806,74600.39267,95788.26,78783.5815,91211.40769,95689.91167,98354.51972,94119.12607,119819.8343,44890.6346,34511.61984,18796.63099,64790.16232,65545.11442,32247.96006,26356.28938,79316.73258,85277.9253,99623.97254,7744.4608,12650.55492,14459.18223,104123.5235,4321.529625,102650.7543,111813.48,37606.2896,47244.7842,51014.97347,188282.5172,75691.89467,261252.6371,104008.4668,7775.0465,30162.23393,245240.8657,47391.97347,35377.2651,121098.0607,78383.89933,405115.0358,377966.3279,100120.4302,506364.6583,106193.8997,49906.81448,39816.38028,69245.74384,69147.34398,80298.18,102180.7741,322608.5298,69589.40012,394795.4038,101062.9668,97535.78628,55286.26713,110897.9922,55335.33957,104402.3202,136960.1107,167154.603,144386.1282,133744.3282,140316.0226,69998.44415,42866.85276,46510.59632,51638.28457,66764.05875,86456.07681,22370.89725,39216.22913,195505.9783,208295.8679,68597.56758,202415.2097,28248.114,88918.54598,17599.24781,75561.92758,143118.1795,48121.8675,144220.5773,275702.376,126836.8322,147355.4583,186419.5277
Citraconic acid,177073.2329,179170.5725,188113.5073,175589.872,110281.2247,126455.5292,122260.8128,150435.5518,163131.6693,108293.0758,107508.1289,134003.9466,141886.0612,159857.1236,162761.3055,160002.8101,154204.615,134419.5543,151815.6118,154414.4516,137824.591,173555.6786,167390.0102,174277.0106,176597.8926,166804.4836,160594.5045,156399.1666,108611.8248,162584.1568,123164.6001,130441.2909,169643.8102,181117.7228,152047.6903,136439.6189,180113.0154,195998.2382,173432.021,189106.8998,143722.8528,187496.0477,180437.1896,20689.3648,13189.35813,15378.27829,11159.65309,17519.39446,13159.13375,19342.66869,180766.0048,155680.5741,182699.2353,173922.3123,206885.5827,179548.8017,162779.5515,170711.0232,119519.2277,169001.0057,174294.4063,206835.8686,176980.3887,163580.6236,166350.347,118209.5615,213973.9054,172953.0632,175517.4947,176532.2508,198079.8242,134808.068,181574.1359,185821.515,114963.6904,156195.7965,190977.8768,165058.9409,158453.5037,179752.4448,204107.4397,200762.3781,223052.3949,152524.5715,243377.9753,208328.3085,168169.5057,188134.8215,186861.5768,178440.6888,167299.1679,190600.0171,212081.8229,193276.2407,187902.532,201293.363,175418.2189,178754.048,192009.0284,197825.9289
Citric acid,49485.42435,52892.46163,52635.9489,51470.81333,39637.66304,44429.92905,38644.21841,37529.0244,41362.76875,56353.46113,41102.19167,47888.24474,48256.9247,45644.22643,48689.3537,46891.6513,37525.58,37191.09273,37960.14058,38639.70833,81156.16067,41094.47571,40707.67,51599.50125,50540.26991,75188.18925,31507.90817,38584.35974,43566.91325,62139.51025,54650.91105,47721.27932,49383.59585,55523.52385,38960.86664,40043.19069,72651.35,39256.19565,43898.51452,58724.42061,59309.2596,54408.47952,52364.13805,1,1,1,1,1,1,1,76347.7425,85435.13675,93569.31214,83813.42321,82322.15853,69216.96214,76268.76819,76280.87503,71719.41743,87021.61945,73409.90741,82620.13833,76861.80027,70648.9355,92834.66727,86037.40532,71658.47388,80722.7148,85652.7008,75396.35544,84510.0161,76624.76053,78355.06498,98700.10741,80667.85264,73273.22492,83922.50317,75659.0835,64596.54813,73298.7852,85728.42856,76339.21742,89276.19993,75295.33808,55939.01533,84494.607,76756.30769,71466.90123,76176.84503,74757.68584,67994.77108,98926.81071,96037.63174,79393.48779,100245.7592,110585.0841,103452.4866,77083.47033,80102.89473,89573.697
Citric acid1,64006.8156,51888.45709,65939.43059,60362.25736,50675.03175,55822.35406,44210.518,54135.645,52813.28769,59414.09932,51357.60805,41514.44365,33181.45919,41683.37833,42057.3114,35634.16255,27871.39668,26932.43019,24270.01433,31941.73091,69512.95982,53720.452,45672.51578,63834.77333,61493.481,52913.82818,25039.61794,30506.5149,55334.87318,58737.86238,70454.2512,56033.94833,49657.4505,51437.52387,46547.10194,66428.36455,71648.16661,60574.51225,71453.6515,67182.75207,56787.605,56126.205,52599.5903,9382.4375,3426.6141,1,1,1,6484.433333,3508.911538,36934.1654,52894.7712,54834.2011,51657.84167,41661.326,58439.05147,41599.24467,51662.90122,53207.65203,54014.41663,42563.3725,31545.0374,43140.03411,40345.26,52585.39058,45320.28988,52704.74407,51878.50694,28219.58398,46001.42771,57261.73956,33583.67944,50587.71234,57684.9956,47096.97273,50803.28167,56716.25772,38915.8252,35803.2695,49186.581,42654.70357,32729.98553,40954.923,47719.36947,19366.36554,53922.698,38379.03755,60469.96843,41290.40202,41080.00385,35559.23933,57703.81933,59134.5279,44861.89748,58225.69039,63281.61405,55219.63682,52926.67444,42889.21817,44761.12026
Citric acid2,4444842.076,2569060.842,4436679.83,2928150.005,2537973.893,2328649.742,2044119.011,2265774.571,2177394.982,2794972.523,2597796.158,2873968.872,2540691.674,2864706.319,2513387.724,2395424.529,2229433.325,2236717.248,3498274.725,2729819.376,3522276.162,2235922.873,2111989.522,2775873.174,2931512.964,4263721.481,2005017.884,2787875.623,2409360.133,2275434.467,4554320.564,2502966.825,2587015.675,2914765.199,2642684.024,2539264.314,2756247.878,2984063.349,2510513.341,3019746.096,3007219.569,3410269.449,2790940.262,30895.09725,14032.13062,16128.39391,20574.20566,12293.62736,30892.61095,19829.87358,3049415.193,2543809.543,2715192.507,2285004.477,3139233.043,2541338.473,2900509.085,2632818.697,2572383.936,2811598.635,2805070.722,2564913.453,2837819.544,2483263.88,2583683.469,3257741.548,3164296.793,3228983.894,2804471.623,2528558.306,2837533.408,2692507.328,3150004.986,3691279.557,2532755.245,2482567.596,2832343.758,2661436.589,2924469.412,2817136.901,3647073.945,2700248.69,3599625.535,2487205.549,2772785.356,3467911.504,4160158.952,3071165.623,2747085.89,4684027.439,3437760.422,4882725.847,2873469.109,3767550.064,4155386.053,3569501.684,2896383.807,4351734.036,3038009.614,3257215.99
Citrulline,9565.1174,9821.673,10862.29286,9803.715,6470.102857,7199.258,7376.4009,6782.144333,8794.746833,6677.364571,7225.47875,7988.857071,15528.07379,13184.73,13914.57233,15064.18088,14699.78571,13932.66875,14537.51167,16673.5935,5270.4,8502.229667,8054.98,7906.83525,1,1,6535.11825,13192.72617,7995.503,6947.5725,6503.97825,24183.35988,6463.601667,6672.663,3425.3632,21447.34886,14191.59506,3488.07225,6995.621143,4993.0982,10200.19886,1,18261.9415,17648.86083,9467.817857,11313.5,1,1,31138.37643,43612.10571,15182.46288,16536.23255,8099.894286,12612.44413,40415.592,8109.7335,17514.14814,18121.14302,7087.714214,8643.998,15095.916,11578.09139,1,20583.52313,9650.280714,12975.38167,23725.1277,7033.145,22237.30038,10400.31283,12585.986,1,11185.18411,8269.472143,13235.21182,19546.03764,5839.73325,13562.367,18188.35906,16918.77528,13141.59817,11799.10217,8920.942333,6123.227071,48782.88033,10105.6125,39567.24413,1,28368.263,14711.75471,7759.421333,10682.92829,8277.440056,11357.82917,9632.464375,1,11339.1743,13826.51198,7648.475,8354.762963
Cocaine,8949.712205,8875.259795,7580.180263,9028.998553,2982.047727,2551.3305,2301.8975,3527.029059,3621.88525,4624.636455,5455.166125,4314.521045,9368.8502,8645.011826,9620.919643,9149.265263,3448.0202,1,1,2372.1765,1566.5432,2474.127692,1,11798.52465,5079.214974,4320.828158,8479.126575,7482.828,2798.518125,3620.322867,7429.980657,8467.46387,6313.533545,7681.886667,1999.62,10917.29718,16303.86214,4274.641042,5958.371176,6660.202286,6541.427177,1733.633846,3933.579176,32573.59667,10776.24334,1440.501563,10845.73681,4735.006286,3964.646455,18228.11974,7789.128889,11160.81756,25240.8,3160.824118,5709.599438,3583.48,10688.67563,6431.636667,1158.233143,2120.060938,3984.6595,4356.455,5107.011438,4140.396625,5935.201,16212.86911,20398.081,8093.7,3381.829875,4695.91,6151.53,1623.688938,4693.554833,5053.8735,7119.667383,12095.68672,1,2704.0778,5507.740906,1,4271.794719,5021.61475,5111.927611,16998.66491,1,1,3385.2,4419.429143,5203.964071,1,5472.92625,12677.76205,25983.86416,5271.77975,3673.641812,8006.544,4009.187,13358.01862,13360.18547,7393.249722
Colneleate,1,1,1,1,1,1,1,1,1,1,1,1,1,1,1,1,1,1,1,1,1,1,1,1,1,1,1,1,2804.006531,2584.299846,1,1,1190.040375,1,1,1,1,1,1,1,924.6445714,1,1,1,563.706,1229.977375,1,1,1,1,7364.2144,9633.987,14176.03083,59931.56531,10637.66344,13432.57563,7160.413938,15509.81069,3978.536714,7729.25625,12861.08877,15912.42531,7387.568056,8721.607071,7865.191,4453.3755,1535.365,7462.342812,22415.89214,5602.288636,2033.883833,3455.099882,1,13590.64868,10952.15962,17042.201,1,11553.4237,8766.0765,4320.166071,3716.899733,7691.547829,18001.80938,11340.99774,223462.9809,17810.40291,30518.92962,11441.72775,1,8146.613,17400.63,6884.694688,12137.74878,1,1,11361.57937,18401.76619,15068.0754,12202.498,5084.7005
Coniferyl aldehyde,8716.54,6056.175259,1,7984.297794,6158.533941,4786.317,14861.87938,3518.402727,4907.278333,11676.39883,3860.650688,3911.497375,2835.518769,1,1,2603.030833,3780.807692,3366.552,2874.6575,4499.085846,12528.52945,5917.499545,3935.789,4517.356571,4994.448,6762.839059,2532.50587,5387.452714,4735.7838,7020.9523,6986.590756,9002.813481,7286.270143,5146.916727,6304.534476,6307.147,5159.19375,5150.928682,5779.241613,5956.559974,6676.651923,7930.676309,3847.9224,7726.952957,6502.506727,3885.095769,4849.554286,3992.497714,3995.472545,7892.520833,5276.645333,4683.800195,2529.8025,2611.109833,3063.979167,2378.021885,3123.697211,4612.914942,1,3641.634684,2451.77625,3319.328133,1,1,4898.2478,4311.052778,2628.6291,1,3311.83125,2224.9932,1,2119.051923,1,1957.2449,2464.573379,2796.660357,2719.722692,2269.191167,4658.428625,3591.155,5557.292583,4315.322,3487.2215,2630.6245,4288.642571,5421.3936,4208.3325,4662.641778,3896.94925,4800.029,4797.094714,4446.291667,5948.606625,3349.539,3446.980568,3934.883571,4027.602222,3080.2669,6665.983333,4828.953108
Crepenynate,15335.56081,14974.0221,14663.16093,8011.092389,7593.60048,6633.592941,7886.73532,9813.440308,6656.352828,9500.482462,12434.98067,10001.6075,9930.190742,15217.16688,12391.25532,8236.865769,7379.316292,11688.588,6595.083978,10723.37849,10147.49618,7562.605348,9644.245826,5956.42087,6991.744913,6634.0197,3665.0432,8020.084364,11627.173,12710.5475,24381.85377,13740.26538,4486.519727,9365.553667,19131.47317,7541.3745,9670.120909,9183.786042,11981.86323,7856.613471,7587.796174,1,6266.405833,10964.3645,9581.753568,13718.93213,5448.1086,12532.89395,8050.66825,8932.475659,12675.54626,1,10067.2736,25052.93328,13568.27604,10741.43622,11505.86565,11642.79916,2229.129281,1,14868.23791,15508.18359,17043.3599,1,13147.87464,1,4774.567455,10060.778,4165.313,8143.11,1,11946.8259,5088.149867,1,8426.485823,1,9725.545556,10831.54225,1,14161.65548,6249.5715,9521.979867,7220.5085,1,8238.534857,1,9804.002333,13259.11001,5295.444,1,10519.13558,22600.36078,1,5502.702273,1,6122.018667,14688.5275,7661.963875,8415.910385,1
Cyclamic acid,550.5372578,759.4566507,1036.634179,1210.712986,3180.202239,2241.686588,2922.042479,1818.935579,2337.64125,3591.396088,1510.8751,4717.736179,105.3176009,115.3050937,195.7345603,188.7474246,3246.672467,1116.637785,4276.793957,2078.196147,2429.967562,239.496687,150.0701487,134.5695422,244017.1998,179726.2289,6267.271505,4919.929937,12660.60714,10053.75,53347.36408,102.8011592,120.6576875,103.6618396,6817.51625,262.1417285,23951.05797,22553.34603,603.1847062,1383.011759,668.75,1058.347991,13426.32805,29911.06576,10334.89032,8257.439938,6237.715524,135667.0425,43996.38862,7304.404608,11836.26863,81439.57516,12399.30827,3994.682045,1962.194328,4413.904,15231.165,15971.9175,18589.22294,61076.34474,163648.6139,15783.9137,79156.12059,55663.45278,23007.52682,5578.30546,35189.75925,39565.01755,8695.8883,1584.847426,5047.3685,30984.096,43.3316464,9930.590477,3041.944235,1765.446131,874.3001224,18.41320888,2416.293259,1438.207532,21729.78106,597.3338233,841.596403,47519.77028,18752.99718,2835.809167,4988.128487,117667.1344,100.0227023,1,1,49163.0226,1227.400085,4975.444136,1886.00931,1817.830891,1310.730204,108722.9942,87161.48,30513.812
Cysteine-glutathione disulfide,46788.49846,48122.66357,57943.87846,43173.27666,10891.561,7941.178667,1,8897.1555,20215.52858,24234.0525,22856.02154,27746.66308,2629.5642,3438.52565,1889.335,1,10411.2952,17588.416,11504.3585,1,3745.737708,1,1,10799.76404,14139.762,19099.58253,1,225942.818,1,1,1,157128.5776,1,9062.191667,1,1,1,1,1,13238.7856,3971.33975,10982.989,1,1,1,1,1,1,1,6323.33975,9612.129231,6161.852867,7464.72125,18922.54613,12972.94091,5386.016,7456.273412,11587.7882,1,21935.11696,31570.19342,5906.445833,3798.715556,8764.72875,1,10797.96553,10136.808,13911.81941,16077.0036,20006.73481,5389.5086,32874.81507,15532.3255,1,11511.22704,14884.90338,4852.7354,21656.89763,1,7930.2855,3071.953294,22104.80638,29586.85827,5390.808188,1,2389.678333,19038.68241,200668.1809,38668.07862,8333.471667,17244.342,13918.55338,7560.204667,6395.68025,11688.07771,29824.71339,23729.58857,16289.5152,14491.1835,14862.59883
Cystine-glutathione,46788.49846,48122.66357,57943.87846,43173.27666,10891.561,7941.178667,1,8897.1555,20215.52858,24234.0525,22856.02154,27746.66308,2629.5642,3438.52565,1889.335,1,10411.2952,17588.416,11504.3585,1,3745.737708,1,1,10799.76404,14139.762,19099.58253,1,225942.818,1,1,1,157128.5776,1,9062.191667,1,1,1,1,1,13238.7856,3971.33975,10982.989,1,1,1,1,1,1,1,6323.33975,9612.129231,6161.852867,7464.72125,18922.54613,12972.94091,5386.016,7456.273412,11587.7882,1,21935.11696,31570.19342,5906.445833,3798.715556,8764.72875,1,10797.96553,10136.808,13911.81941,16077.0036,20006.73481,5389.5086,32874.81507,15532.3255,1,11511.22704,14884.90338,4852.7354,21656.89763,1,7930.2855,3071.953294,22104.80638,29586.85827,5390.808188,1,2389.678333,19038.68241,200668.1809,38668.07862,8333.471667,17244.342,13918.55338,7560.204667,6395.68025,11688.07771,29824.71339,23729.58857,16289.5152,14491.1835,14862.59883
Decanoylcarnitine (Car(10:0)),77317.98733,72931.50167,68710.117,68942.37536,37316.92975,35216.74068,31139.80629,37001.03143,27277.47044,35904.71813,28857.85,29893.7075,79066.96244,70568.04438,78838.50933,71884.98356,229383.1337,258273.3362,286861.1505,222926.8663,100434.4832,60439.14,56790.36514,69104.96044,251203.3911,217035.6151,258575.529,313025.0337,34483.29143,37078.73385,34404.73555,137063.7675,185778.3601,218110.2576,191636.34,21243.27508,105009.7603,92332.36,126284.1582,76041.114,50225.8323,118475.3249,94360.4077,124697.4493,59039.78457,202793.0934,74988.936,1680533.879,189743.4214,79622.1335,32491.26169,55674.59733,182824.395,168441.6812,173766.88,49987.72479,102928.1413,51424.32813,258785.3723,106712.58,598451.2793,261887.0804,364131.27,264500.9248,351778.9128,803416.443,65027.7375,118277.8868,77420.84375,105740.3401,42686.78138,304585.4223,148501.1266,55327.87075,197698.7867,60026.6175,64801.49496,92604.69818,260440.852,119572.95,65433.87415,168693.568,199972.5797,98251.84944,107157.1721,49391.281,179418.0868,159142.5027,82593.7035,56025.34037,159809.43,83561.35727,23321.96571,84157.216,89740.5395,85219.88853,142011.1059,232145.496,227000.617,172032.5344
Deoxycholic acid,6242.338,4623.846035,6589.139215,5065.74,64853.31666,54024.1326,50600.0405,52464.33076,93070.74,94633.112,97006.7394,99690.8305,18007.59134,17301.11586,20688.71059,18308.97148,542117.631,536703.9205,592936.6441,586385.5678,10776.04576,150634.6374,159446.6758,973.2200127,21334.18617,22430.27687,92334.52313,67214.2835,6506.29005,5255.7336,10322.94815,45535.69354,2984.794003,3876.65,5175.654688,36777.2881,3046.175835,2939.905316,5607.791333,14303.51656,30868.20125,4797.194476,7415.573265,20147.76032,19254.1387,2239.640777,10892.55122,10231.59298,13326.93431,5116.178444,180853.8936,293230.6275,13118.05311,4259.612993,71381.6295,18527.70645,31249.70874,297983.0201,4058.139167,14691.25647,23572.81562,90057.29583,1134.382216,6532.456974,1727.021934,373.5739871,68179.452,160.1703842,16347.83637,901.0504286,36389.55863,1552.2975,1017.408511,41325.83146,48769.32679,2202.020093,29572.48271,129655.7145,4348.477895,19963.36266,1095.107918,1999.197167,27917.72576,18199.95067,201342.5223,15345.56452,86.89523193,43789.9527,19851.51278,2522.994458,1638.623686,15068.70139,35381.56224,268.2281768,12094.6004,34472.40063,6247.157591,29191.10609,25170.91199,65019.5112
Deoxycholic acid 3-glucuronide,18638.50593,20310.81055,21971.56245,20783.33083,156122.58,146055.6932,159928.9453,148792.7309,37830.42698,37575.01062,38279.54258,40639.87722,36296.25997,34286.23428,33899.38117,37344.85848,66975.44277,62791.51752,60010.9341,64140.95246,32141.74798,19050.7099,18669.75956,28551.25556,85501.4579,88964.06068,32010.35796,45823.5243,19171.2594,16017.80906,36459.7674,33735.23075,170435.617,175160.5716,253168.4838,14758.40573,18150.57162,178357.3456,58603.104,23847.97893,34222.323,34455.46467,91115.00652,22238.05978,43857.21032,55827.18706,33841.62733,30887.08295,45103.9892,87509.02387,55449.83625,40223.49502,86538.14705,4470.277877,120708.2797,35700.47771,41506.54846,16736.21076,74276.55574,122811.5011,17818.99338,70229.49507,336950.1258,55296.745,57851.66207,40200.1705,184346.1244,23399.3882,9122.051448,15635.64828,32038.17104,27521.58831,35913.636,19135.43163,29781.56133,10538.91302,22464.0066,32274.22126,162971.5274,30441.98562,37141.56673,102630.192,55658.59967,212056.704,126651.9606,89802.77895,39455.52441,29338.51456,99605.3206,23468.46323,96178.95336,35237.49606,113340.7559,38897.46188,177755.2313,47703.0027,62749.41283,66415.83385,65106.62952,99809.97442
Desaminotyrosine,1977.496,1,1,1,1759.5182,2259.864722,2948.05619,1470.761389,1962.704059,1,1,1,1614.062154,1347.38375,1,1,1,2055.735875,1237.893938,1,1,1,1,1,1,1,1,1,1,1593.214714,1,1,1,1,2057.711364,2658.222,4383.072,1,1,2008.832,1424.31075,1,3348.814962,1,1661.137875,1,1918.758,1,1,1,3410.060063,1658.19,2488.473423,1,3643.06792,1,9982.86187,1,8278.302667,1,1,3043.003,7038.668312,1,1,9161.098143,1,1,1,1,1,7666.031267,11134.38534,2348.061633,2911.008485,1,1,1,2977.438167,1,2563.397885,2872.342667,1,1,1,1,1,3677.329125,1,1484.520333,3104.26875,3991.726655,3041.986,8422.474,1,1,4900.033325,3598.383289,3856.390667,1
"D-Galactaro-1,4-lactone",5304985.537,4598463.777,5618501.768,4185486.627,2983085.362,4350748.087,4193938.855,4002691.453,3290621.278,4713605.066,4530498.633,3743701.981,3904567.911,3175828.109,3966078.82,2902657.788,4192175.325,3945755.476,3435025.545,3169011.752,5256043.809,3959896.586,3537728.166,4302345.271,4174088.036,4673494.69,3791158.296,4652004.278,4411179.844,4311865.097,4832637.771,4335129.637,4179223.226,4678578.629,3824993.399,4033779.211,4061956.28,4407838.599,3864422.28,4563792.52,4722446.847,4794712.113,5107745.287,449973.7335,330292.3195,242598.9018,281781.0132,281340.633,388955.1633,412506.2614,4703568.216,4482385.308,4969001.499,4296033.939,5294387.947,4752413.373,4211915.335,4750117.083,4535027.795,5102203.546,4379298.142,5143704.203,4946186.433,4265128.313,4205021.508,4960265.585,5530606.534,4520993.757,5259435.802,4624912.835,4961521.418,5430596.586,4939561.866,5312541.455,5242440.596,4232724.111,5120052.627,4719592.36,4428675.84,5181766.802,4826111.769,5404038.477,5035492.28,4643887.658,4725379.177,5174283.52,4995852.976,3823338.771,5276421.595,4936410.479,4534865.118,5823125.082,5407888.296,4815592.411,5065986.919,4961159.758,5048250.365,4802425.478,5324094.974,4894383.845
"D-Galactaro-1,5-lactone",5304985.537,4598463.777,5618501.768,4185486.627,2983085.362,4350748.087,4193938.855,4002691.453,3290621.278,4713605.066,4530498.633,3743701.981,3904567.911,3175828.109,3966078.82,2902657.788,4192175.325,3945755.476,3435025.545,3169011.752,5256043.809,3959896.586,3537728.166,4302345.271,4174088.036,4673494.69,3791158.296,4652004.278,4411179.844,4311865.097,4832637.771,4335129.637,4179223.226,4678578.629,3824993.399,4033779.211,4061956.28,4407838.599,3864422.28,4563792.52,4722446.847,4794712.113,5107745.287,449973.7335,330292.3195,242598.9018,281781.0132,281340.633,388955.1633,412506.2614,4703568.216,4482385.308,4969001.499,4296033.939,5294387.947,4752413.373,4211915.335,4750117.083,4535027.795,5102203.546,4379298.142,5143704.203,4946186.433,4265128.313,4205021.508,4960265.585,5530606.534,4520993.757,5259435.802,4624912.835,4961521.418,5430596.586,4939561.866,5312541.455,5242440.596,4232724.111,5120052.627,4719592.36,4428675.84,5181766.802,4826111.769,5404038.477,5035492.28,4643887.658,4725379.177,5174283.52,4995852.976,3823338.771,5276421.595,4936410.479,4534865.118,5823125.082,5407888.296,4815592.411,5065986.919,4961159.758,5048250.365,4802425.478,5324094.974,4894383.845
D-Galactose,724.229507,469.6336321,859.6976652,481.1088128,445.6343447,439.5457365,379.1146947,374.7962671,467.6721079,592.6861252,403.9957055,519.2368545,299.5530198,382.7164281,391.3408514,476.0800717,325.9456184,427.5634244,429.8612304,469.9844082,889.0028418,543.0546027,373.6786051,332.2551291,992.4012097,1046.81401,359.4961494,2086.632215,485.97403,405.107434,1332.943059,264.3532863,1048.568529,1449.119631,614.3303088,396.3065896,521.6661594,381.8627551,774.3414825,662.2799604,443.089194,629.3653332,295.1837898,11654.14756,2858.320778,9818.710493,13191.86925,32571.7245,10339.35143,3848.056872,2832.604704,5940.479945,798.342,7228.127863,1163.42625,29287.10163,2385.3089,887.3512895,26919.42579,1129.625471,1228.611429,1170.431363,948.2790057,16369.2271,9262.328793,7942.72799,26714.52513,6840.355068,2193.039225,1991.105156,1214.094571,1305.728889,5495.186087,1795.68288,2494.971833,7837.208053,1333.811048,1441.027604,3017.29975,3029.848974,5336.254187,8139.990837,7959.717525,35932.24315,13679.76283,1590.336,5532.300313,1214.273197,1899.666119,4096.212795,19512.64467,44384.36368,31495.82801,6301.666608,664.458235,12622.015,981.1547023,14804.7672,7512.401059,1251.469785
"D-Glucaro-1,4-lactone",5304985.537,4598463.777,5618501.768,4185486.627,2983085.362,4350748.087,4193938.855,4002691.453,3290621.278,4713605.066,4530498.633,3743701.981,3904567.911,3175828.109,3966078.82,2902657.788,4192175.325,3945755.476,3435025.545,3169011.752,5256043.809,3959896.586,3537728.166,4302345.271,4174088.036,4673494.69,3791158.296,4652004.278,4411179.844,4311865.097,4832637.771,4335129.637,4179223.226,4678578.629,3824993.399,4033779.211,4061956.28,4407838.599,3864422.28,4563792.52,4722446.847,4794712.113,5107745.287,449973.7335,330292.3195,242598.9018,281781.0132,281340.633,388955.1633,412506.2614,4703568.216,4482385.308,4969001.499,4296033.939,5294387.947,4752413.373,4211915.335,4750117.083,4535027.795,5102203.546,4379298.142,5143704.203,4946186.433,4265128.313,4205021.508,4960265.585,5530606.534,4520993.757,5259435.802,4624912.835,4961521.418,5430596.586,4939561.866,5312541.455,5242440.596,4232724.111,5120052.627,4719592.36,4428675.84,5181766.802,4826111.769,5404038.477,5035492.28,4643887.658,4725379.177,5174283.52,4995852.976,3823338.771,5276421.595,4936410.479,4534865.118,5823125.082,5407888.296,4815592.411,5065986.919,4961159.758,5048250.365,4802425.478,5324094.974,4894383.845
"D-Glucaro-1,5-lactone",5304985.537,4598463.777,5618501.768,4185486.627,2983085.362,4350748.087,4193938.855,4002691.453,3290621.278,4713605.066,4530498.633,3743701.981,3904567.911,3175828.109,3966078.82,2902657.788,4192175.325,3945755.476,3435025.545,3169011.752,5256043.809,3959896.586,3537728.166,4302345.271,4174088.036,4673494.69,3791158.296,4652004.278,4411179.844,4311865.097,4832637.771,4335129.637,4179223.226,4678578.629,3824993.399,4033779.211,4061956.28,4407838.599,3864422.28,4563792.52,4722446.847,4794712.113,5107745.287,449973.7335,330292.3195,242598.9018,281781.0132,281340.633,388955.1633,412506.2614,4703568.216,4482385.308,4969001.499,4296033.939,5294387.947,4752413.373,4211915.335,4750117.083,4535027.795,5102203.546,4379298.142,5143704.203,4946186.433,4265128.313,4205021.508,4960265.585,5530606.534,4520993.757,5259435.802,4624912.835,4961521.418,5430596.586,4939561.866,5312541.455,5242440.596,4232724.111,5120052.627,4719592.36,4428675.84,5181766.802,4826111.769,5404038.477,5035492.28,4643887.658,4725379.177,5174283.52,4995852.976,3823338.771,5276421.595,4936410.479,4534865.118,5823125.082,5407888.296,4815592.411,5065986.919,4961159.758,5048250.365,4802425.478,5324094.974,4894383.845
Diethyltoluamide,4284.619595,3593.935227,5260.02675,3653.6925,4460.042309,4333.958364,3491.107071,3660.710857,4618.406173,3365.464625,4323.937233,3815.514,4050.467136,3039.9316,3188.935083,3950.936714,2573.5765,3472.75,2544.933143,2373.67,3700.747579,2875.656857,4483.001667,4780.414294,3337.619409,4042.0213,3379.476571,3831.334583,4386.471429,3726.856154,3571.280583,3408.171,3274.036458,3087.124071,4707.090063,3631.170824,2858.345143,3148.198393,3838.570312,4655.958125,3586.9728,3184.653333,2852.945071,2921.54175,3357.857789,3133.1831,4766.675294,4167.5996,3261.965974,2804.7892,4178.824318,4439.5425,4600.388974,3416.113167,3088.374545,3194.6425,3515.210308,4474.083833,3277.196,4194.249643,3853.5312,2780.158667,3817.80875,3010.168,4015.4375,3347.897929,3436.136308,3402.89125,3067.500417,2162.676,4129.7335,2639.236562,3008.818313,2520.557,3482.132383,1,1,2676.790833,3562.051875,2699.211667,3452.854167,2623.376,1,2533.8121,2822.483583,3942.801,3801.016786,2614.266417,2694.447,2879.9712,4128.2068,3871.271143,3951.925714,3655.8445,2981.311143,3113.3882,1,4005.430857,4772.289071,4182.621214
Dimethylglycine,1,1,1,1,2584.57375,1995.97,3934.082526,1,6287.385,5383.219154,6821.442462,1,8658.329929,1,8159.6484,5818.4547,1,19374.552,27223.1421,1,2172.847611,15241.01955,6221.779636,13376.80248,1,1,1,4689.002,8553.813286,1,13338.38853,5828.000786,1,4425.657429,1,3371.30425,4854.906857,1,1,4136.024571,5650.538222,5918.771429,9665.262,5453.58625,3919.5385,1,1,17827.88653,6403.724423,18227.69545,7558.517333,1,17640.57395,6410.076583,7640.696333,1087.1448,1,5741.102857,4856.984,3045.940611,1,11129.1013,14969.39306,1,1,4829.7715,5498.46225,11437.8444,7379.819727,1767.8436,1,1,938.1312,16020.18352,5331.607793,7765.009524,3825.814235,3335.021929,11521.2079,1,1,1,4968.992,2814.553182,34770.82727,5902.54,7954.628714,4520.425105,1,8584.115685,1,8066.07725,1,1,12224.10607,4829.738889,5308.689857,4508.568429,3404.576429,7614.463043
Docosahexaenoic acid (DHA),144823.7345,116681.7708,112441.7138,106945.1802,52382.57727,49008.153,43530.5885,41760.11357,62772.39724,61947.086,56229.32247,56314.45473,124109.58,119820.7881,125651.446,120008.5915,74037.60636,73825.10833,75803.195,76972.87525,57493.89089,97918.89311,87383.07806,48212.82257,37902.04424,35116.26583,94197.52659,87128.75084,86396.06464,83740.16683,70201.76794,11444.44671,47315.55724,46437.6741,62113.89538,24212.88138,79930.99472,67161.29324,44126.36475,67224.08293,68166.007,62441.10469,85554.58898,322256.9473,78554.28213,15588.85545,33926.59875,76796.61136,68384.70965,63007.2675,108368.7288,151557.1941,251883.1887,229450.7369,72122.66,86858.22083,164863.1257,95027.98756,39471.6795,50710.48571,69200.62875,90611.53053,70640.92875,72585.2904,70530.015,181484.7574,131553.3353,38213.593,49384.335,79434.55523,100466.3876,69232.04646,51553.3878,131592.489,102366.5537,127416.5315,72940.5196,75384.73312,46771.3494,34348.19647,37825.18575,56798.74943,67964.47125,57571.19025,66558.22118,55367.95114,112739.4922,52417.63023,43662.58875,28770.94415,107792.2463,49889.87675,129720.2092,98916.95182,39756.22285,93249.01125,131026.7327,85061.536,76027.10868,60698.04273
Docosahexaenoic acid (DHA)1,130095.2582,103858.1886,116076.6767,108396.0024,55708.5168,47651.09962,46198.91944,43347.77545,63034.5405,67769.91657,47699.96997,31972.38207,138830.6511,96746.82924,149684.544,114286.8223,87788.52727,79490.60239,93010.0681,94182.43888,68336.1954,128697.6972,94988.81031,56457.72387,48869.16114,48746.29185,110745.9747,121136.8433,84962.02906,120822.3781,90712.78213,14005.24152,48331.421,38014.01871,70114.38469,26493.8477,89077.3324,92428.73018,63587.59887,88598.35891,111420.2475,83243.37935,115288.3357,408571.7564,82472.20088,14448.96713,42885.47917,99406.3975,68866.16028,64436.84372,131062.2639,193995.2457,321729.5062,222682.3774,117811.9927,142184.8131,217836.5933,142002.0891,61562.42999,83599.25813,112924.2918,140611.6502,122985.2323,139236.5972,129480.3047,286327.734,197519.5547,90106.75036,92382.73725,126229.9915,144113.3286,106950.264,99872.77495,217267.4023,214052.3688,177778.0539,126852.1472,128087.71,95097.119,60764.18662,60939.28397,103151.0181,121119.9884,132101.6829,116736.7766,102515.5116,200907.9086,97369.39894,79178.33629,53568.81177,167727.3312,78037.17389,220138.1776,201108.013,64287.22819,118786.4275,212339.8246,146220.5439,157197.7809,96867.66222
Docosapentaenoic acid (DPA),11230.29603,8962.210031,8515.460016,15345.03995,8417.96085,6528.6294,6601.3157,6021.131864,6214.655844,13596.67923,7103.67992,11501.48281,26509.5467,20636.68045,29654.912,15938.40006,41094.716,35392.50006,29292.3756,36536.18786,20912.3061,41577.61761,22033.29519,5631.910329,15554.82355,13148.73318,44413.60795,44096.27805,45597.14077,56321.77432,20340.30557,1024.573574,8145.333542,9752.095417,13562.56193,1537.041232,52036.09426,15890.04569,11611.72783,15891.72764,16560.38148,51142.04717,53416.6255,189102.8469,32937.765,3206.202125,8745.748667,25774.20889,28989.43251,9310.454245,111414.3862,46783.52781,189602.7914,105121.8895,35535.93018,62111.5033,76302.44305,35474.9251,20019.12228,22011.184,45089.1472,29211.36691,52940.69056,74754.125,157.9401257,109152.3809,46045.34625,40368.43082,18899.53515,19774.20215,35929.31918,22654.72771,39926.12527,105837.5277,175658.3415,95353.27806,48602.0454,45824.53278,30390.294,30594.24433,14598.39436,47228.461,51068.35685,23866.76294,27129.88235,24229.66162,156400.9536,38907.09038,21020.56283,11807.16032,113883.2017,7919.70705,18592.14358,82037.5994,19681.97595,49292.92407,44219.9358,36845.18,30935.77572,80044.2675
Dodecanedioic acid,3848.488658,3451.398429,3808.180327,4019.339483,2977.161333,3329.237925,2703.73325,3074.719444,3039.816786,3617.799077,3864.865609,6490.003467,3196.067176,3267.405574,3535.172495,2519.563789,3672.0075,4551.751,5767.829786,4551.222375,5747.484031,4145.953484,4495.653202,2103.66,2555.950654,2172.871091,3425.83824,4520.627182,7309.79725,6532.7966,1864.015017,3030.291,1999.376631,2666.186264,9012.977964,4247.286968,4684.159091,7110.912346,5516.647147,8241.547742,4389.981391,6189.334556,1753.484512,9711.103447,2516.527545,1,3112.5437,7942.867226,10037.12939,4183.876818,5122.583647,5111.483908,4367.5015,22677.82907,14630.60495,2122.17806,2584.182802,3229.962136,9808.887187,2561.394533,10495.88703,7528.16937,5890.899421,5300.069757,7883.776083,3796.1595,38302.12758,4118.621591,6558.298034,10089.81463,2477.493,4692.472214,4521.490214,3131.602286,4868.703333,3168.89565,9011.7014,6120.375625,2963.366545,8746.018308,1587.329659,19749.43634,6671.8155,2354.427889,15397.80522,3210.467,10774.40967,3672.55375,2629.53825,3239.822405,4920.803786,3414.681556,3420.934688,4228.344167,6098.086725,5137.158,6592.3855,7319.048333,8453.6355,4171.13544
Dodecanoic acid,31641.31459,25537.35306,32727.12083,27610.1265,41243.25641,29137.77952,23490.55516,35853.25143,29788.8293,40199.08667,33712.37313,35846.40703,55371.62704,38118.12274,67640.15857,47882.9423,37808.16964,40611.58674,37825.27023,45903.53565,47860.09416,31597.94517,33452.57798,30994.51068,32777.45391,30073.18223,31292.90988,27262.49215,41990.508,46152.23421,54047.23552,37965.36806,42500.43501,36121.42848,70000.87389,26132.41931,48255.4765,73540.16201,37157.9231,33219.30763,48378.74114,41601.90323,44016.15596,57617.29736,35245.9274,22852.46642,36692.012,61939.12605,28274.18107,26115.85183,44973.96829,28711.81991,29390.813,71091.83835,32823.62201,43744.32093,48498.83537,30700.41,25598.32659,30680.06694,36616.17838,28236.59772,21336.532,28629.44237,26197.91174,30272.6878,37517.93411,23534.5226,20719.32248,26572.40565,26448.81069,26168.59143,28908.21078,23309.07627,54849.24891,24066.02061,29052.66725,17564.05137,21531.48347,26228.564,26688.31982,26758.70795,21277.27524,17559.51293,22577.32467,24240.91664,41637.17969,29826.62664,37648.18534,17479.416,38951.01,20938.32033,26740.64712,29885.5217,20016.532,27374.06404,42390.57357,29364.21477,25755.79767,32531.9439
D-Ornithine,1,1,1,1,919.6286,1,1,1,1580.085,1351.485,1444.905,1555.542286,1,1,1046.61125,1,1,1,1,1,1,1,1,1077.2874,1,1,1,663.945625,1,1,1,3653.492062,1,1348.198857,1,1573.03575,1,1,1,1,2205.48275,1,1,1,1,1,1,1,3790.237455,2903.113333,1040.434,1,979.5169286,1641.317,1069.638,1,1,1,1,1,2198.3355,1,1,1,1,1,4273.6444,1,8027.903875,1,1,2001.899222,1,1,885.3620386,1,445.9803906,1010.7328,1,1733.857563,2607.718611,3135.289909,3912.1284,2589.706444,8277.709846,2275.84,2038.2755,787.574,1532.436429,16210.64429,1,3498.03475,1,1,1447.676389,2464.4186,845.5978125,1232.544286,1,1
EDTA,1,845.7415,1024.1112,831.2328,1,1,1,1,1,1,1,1,1,1,1,1,1,1,1,1,1,1,1,1,2360.7595,2524.496,10361.99294,201418.6187,5296.18,2607.809722,1,1,1,1,1,1,1,1700.066167,1,1,25890.07963,1,1296.102,19687492.82,21524713.05,21571065.84,22441374.09,19920926.85,25075601.81,19252910.68,222129.7686,92722.27067,28890.34922,132195.7586,75136.11011,44936.14621,26015.23804,9669.5018,5288.928833,1144.491333,34268.7708,93392.53088,34005.18412,63996.00448,10135.33591,18393.2727,5282.5346,11856.024,14818.41225,8998.06335,5312.206278,75635.8708,24085.36547,33306.2976,44650.60153,2728.95,3121.140563,75890.9106,5673.1334,29303.33793,23884.74675,11978.04045,7881.310125,15120.52092,20585.0253,4771.73595,67312.66641,6861.036,1,1,84161.025,23856.28531,80360.46346,64350.47891,12541.43856,39199.45848,8723.730417,10385.86963,38089.36585,8064.17413
EDTA1,1910.61,1819.568695,2052.640106,2805.140667,601.9032878,571.2918313,511.507386,461.3285244,431.1919546,534.7107303,457.7563238,478.6988814,184.904114,248.524752,301.4977846,366.3014945,6428.858333,7304.268889,5907.338,7425.39,267.8472535,535.3678179,520.0726114,999.6974844,11081.983,11273.59536,24161.817,5645.611394,20120.53556,20000.78167,1317.94,1094.027712,3698.728222,3907.0255,7053.025333,473.3178884,810.7738183,10380.9349,527.823691,259.9647256,506.1971297,2383.522456,4902.144,22144197.46,23599288.25,23034461.15,25740996.9,21746628.14,27761396.59,21878519.54,125519.5195,58559.05232,34342.6668,99254.6024,124157.5907,38830.28079,29411.96083,6277.293167,3053.994109,21885.27253,66698.65486,96140.4056,56027.11556,51927.458,21391.14888,13777.0693,15433.84875,15576.18314,33808.69985,24642.5244,5931.888729,57347.47882,31460.20887,35765.41717,4119.43,69369.61498,27934.13655,57374.0685,8419.5735,16388.60208,29623.33044,26815.07691,23986.99975,16527.25325,64617.7272,10367.55381,63174.33821,13899.13923,49890.8555,67949.26122,74417.2748,18223.30475,59753.73381,41407.56858,36298.64048,34666.0992,59053.01132,30782.59445,46671.17286,36612.46286
Ergothioneine,28840.0766,33602.28267,35642.53056,32519.41672,19111.76433,20665.922,15629.74689,16539.63422,7608.5196,7650.755,7024.482,5603.598,3926.6086,3514.3884,3245.225333,3417.846889,15445.57839,13520.40369,10889.47694,15352.47431,3618.4725,6398.948444,5486.181182,2566.22175,26909.4815,17019.69738,8574.143458,6014.9145,11868.29406,15249.78278,20327.944,1,1,5133.1392,1,9400.210444,6005.904222,1,10478.81956,3503.3393,11497.85035,1,5008.986,1,1,1,1,1,1,7973.8263,68767.5873,1930.737778,11228.86889,4634.327778,13113.75433,1,7326.9155,1,1,13928.42205,9382.2375,11748.06646,25230.99906,1,11267.02731,1,24314.0016,7079.23125,1,49632.92145,9110.398091,9437.615,1145.52,2003.632,11720.34431,11319.81695,12196.11806,15355.48996,1,3270.662429,8787.2236,12318.60143,11348.95556,33945.318,1,1,3496.9545,13897.65014,5253.477692,27485.41023,20606.17365,7667.861222,69193.44464,24432.56232,5365.7337,1,8508.490667,31493.18277,32193.10964,5465.1498
erythro-3-Hydroxy-Ls-aspartate,5288.560605,5375.885833,9171.590634,5406.030474,2460.373781,3975.041333,4595.656643,1,9161.946,10722.12167,8302.250429,11322.73576,7567.670727,8209.42775,9823.431167,8065.846174,1,1,1,6742.245,9134.736625,7469.146556,10122.1774,9014.5324,7011.291667,6370.353,1,9000.855333,16429.63398,5092.703769,15696.28674,3869.160685,1,4519.138826,1,1,6867.55125,9521.181259,5722.948292,6000.691038,9847.615826,11001.07491,8056.105411,18166.58832,5688.992841,8369.52672,4269.09525,7508.093132,7752.3116,14160.45489,1292.81315,1005.995,4201.691205,1,1,1,1,1,1,1,1,1,2408.964318,3025.276605,2097.337737,1,1,1,2442.744,1,1,1,1,3770.674,844.2290006,3151.755077,1,1,1,1,1,1,1,1,1,1,3784.750958,1,1,3067.155712,2189.293333,1,1,1,2706.373846,1,2436.200583,2669.547068,2036.632217,2337.908879
Estrone 3-sulfate,15661.1385,18968.1315,21266.40115,19181.4744,2674.290977,2666.210625,2116.281675,2685.511778,28409.58225,26586.81805,25868.79358,25250.28491,288.2615243,576.4518789,588.9401674,563.8094017,1936.094118,1723.6556,1519.147389,1558.582667,30901.35386,40506.57092,31681.01483,260.7114753,7374.072214,6679.10555,7857.639,6949.524,16460.75038,16887.58773,19909.96133,730.2490419,18716.12827,19426.1965,74816.41356,1735.038278,106.0576246,21045.53,3998.7432,56297.76081,1712.8151,59798.77615,6372.317682,658.5521398,1155.460308,19069.48223,10523.7466,6175.907045,1285.529727,880.4997799,250.0291454,2194.4835,928.3949444,4542.546667,5733.7584,517.9676429,1882.715625,1784.9832,2200.305556,2091.168,4169.222556,2455.4655,3131.31,333.0982258,485.7956577,700.0236027,63.08905486,186.1649369,2409.060889,18532.90917,244.6626094,2514.521,3816.7065,4636.74375,10563.10327,2242.1952,1153.5095,28371.17983,1905.082031,592.9478083,487.9140687,780.0126436,4754.88195,3396.72525,9953.401091,3237.6625,118959.6135,2649.370625,1529.3136,5985.358889,863.5583466,1290.499,3730.879875,1239.202313,872.911,7597.162722,1412.692286,3999.345,4118.4642,217.8727447
Ferulate,2343.3984,1400.594857,2413.181333,2285.813786,2316.6896,2419.6304,2978.6211,2497.566964,2615.277231,2027.572167,2816.564125,2151.87264,1,2166.645833,2104.619,1836.35275,2115.428,2261.852679,2137.344,1778.767071,2819.859375,1691.548,937.9714286,2460.145208,1,1780.189333,1423.798316,2446.572,1,1414.048438,1978.2162,2115.65536,1449.084583,1,2262.15225,1650.024733,1,1339.772,1,1,1713.999389,1,2023.185643,1,1,1,1,1135.99,1,1765.911,4216.540812,2731.465333,3577.532523,3315.752,3434.4125,4480.203294,3869.103,1,3044.813333,3669.873333,3243.822214,3212.881438,3988.104167,1,4119.644571,2918.752,2260.006857,2544.116917,1,2291.535714,2837.090667,3006.74,1698.2136,2354.09825,2784.070938,2903.782429,1,2789.980286,2313.141429,3216.68575,2850.6,2028.43575,1755.072,2533.5156,1,2348.568,1,2458.768929,2163.926,1,2975.564167,2650.549188,2456.4145,2940.4841,2924.205167,1,3024.374,2782.637,2288.384333,2684.986333
Galactose,724.229507,469.6336321,859.6976652,481.1088128,445.6343447,439.5457365,379.1146947,374.7962671,467.6721079,592.6861252,403.9957055,519.2368545,299.5530198,382.7164281,391.3408514,476.0800717,325.9456184,427.5634244,429.8612304,469.9844082,889.0028418,543.0546027,373.6786051,332.2551291,992.4012097,1046.81401,359.4961494,2086.632215,485.97403,405.107434,1332.943059,264.3532863,1048.568529,1449.119631,614.3303088,396.3065896,521.6661594,381.8627551,774.3414825,662.2799604,443.089194,629.3653332,295.1837898,11654.14756,2858.320778,9818.710493,13191.86925,32571.7245,10339.35143,3848.056872,2832.604704,5940.479945,798.342,7228.127863,1163.42625,29287.10163,2385.3089,887.3512895,26919.42579,1129.625471,1228.611429,1170.431363,948.2790057,16369.2271,9262.328793,7942.72799,26714.52513,6840.355068,2193.039225,1991.105156,1214.094571,1305.728889,5495.186087,1795.68288,2494.971833,7837.208053,1333.811048,1441.027604,3017.29975,3029.848974,5336.254187,8139.990837,7959.717525,35932.24315,13679.76283,1590.336,5532.300313,1214.273197,1899.666119,4096.212795,19512.64467,44384.36368,31495.82801,6301.666608,664.458235,12622.015,981.1547023,14804.7672,7512.401059,1251.469785
gamma-CEHC (gamma-Carboxyethyl hydrochroman),6055.154429,7368.21075,8167.557265,7271.75418,9241.095938,7493.268,7297.452679,10306.47576,12373.113,12436.16594,13531.10781,11133.39586,2755.193048,2304.269785,3083.421284,3087.826501,5005.214842,5476.266192,4785.511401,6109.012825,2159.973491,7468.676636,6235.858626,1763.565763,5286.555313,4931.587286,5562.94956,6828.397661,5385.855682,2382,2524.752273,9092.20204,1129.7175,2206.1273,3657.748769,5345.197167,2825.523925,5490.138223,7893.210252,4363.714162,2195.7017,2085.545961,2230.980072,2189.088342,3961.747418,9214.506769,2610.555,4865.532336,5679.643925,1534.255518,1853.517127,1898.107941,3995.31675,3363.15107,2027.364055,9329.154833,7658.215601,10630.80725,6720.652593,5606.001423,9544.567667,1423.020833,2131.101692,2926.112173,4503.28725,1764.634314,3482.899006,2044.799857,1155.721525,3034.330444,7182.132,7752.551188,6548.625033,5056.7418,6523.422772,1773.197042,2979.477273,5250.263237,3268.206667,8844.300667,7565.777635,2298.362359,10913.4025,7307.195357,5418.338423,2064.774378,30446.28639,5276.488,4141.160444,14904.207,186.0056351,2625.487029,2406.314163,2773.86308,11656.90127,3653.63775,3754.905143,4978.926,5813.919975,2086.041151
gamma-Glutamylglutamine,17229.91989,21229.1736,20704.59,21295.90892,31848.56125,40483.9045,33086.4,27373.39631,67671.56121,67419.44464,59094.87654,63667.78461,19641.35186,20809.23614,20564.005,19917.7713,37027.47639,47997.67629,49270.9945,31783.50971,8199.036,62658.2425,62160.20947,23127.33036,40293.63071,34223.3598,66996.89167,1,6126.392,6069.270167,42045.90964,97787.824,64448.19911,67884.861,7081.4976,17249.44935,24276.2195,8619.105833,4038.427,30730.12775,23655.91262,16671.85958,20456.07409,12695.8952,6958.9704,5574.229909,6943.86,1,45531.15943,22827.3297,29534.34929,10589.3255,32605.17818,24191.91205,17238.85545,14217.419,20381.4,21752.92167,3913.75375,16423.08727,48173.61896,22707.99861,20015.5512,15386.0376,14656.43046,25213.308,4096.368667,33088.5348,53064.91,36923.66475,17071.57127,36745.8836,26425.2,19923.743,23514.20929,40513.0425,10628.58444,33346.3144,8889.658333,17452.125,11028.063,18564.84056,42507.925,1188.9234,255887.9771,7987.449889,40467.38743,130660.4519,81793.6665,45397.70667,56861.61818,7552.716,1438.2613,9519.340167,12372.328,30170.8296,36723.82582,23825.70488,25403.49955,25003.60195
gamma-Linolenic acid,145416.2873,102379.9193,100721.3242,88050.88017,77049.1016,60517.77478,60452.99209,61493.40227,170007.1725,183982.85,174909.6421,158683.5288,421655.6638,436804.7587,421321.5439,447515.0674,320364.6729,300837.2947,317717.019,309554.1723,290510.4625,130821.3248,112749.4073,80884.7279,182102.7931,173453.029,140977.9666,78078.81956,473858.2702,485553.8652,254257.3,48943.47826,38793.31086,32906.83339,185897.1239,32465.57693,288311.0548,222641.265,143571.2016,213975.8483,97614.05618,223057.2938,261477.1467,627612.7931,221281.1658,58769.28,86353.9644,209981.6604,140822.4322,99164.17516,936426.026,636693.4585,1514326.328,642769.5198,212714.922,745784.3468,583591.3694,361816.9877,65822.41571,155759.5624,344290.4368,215949.0194,311293.8416,649496.7127,398794.348,875164.663,298567.5411,391427.5872,54864.05114,327033.9656,444242.1241,271835.3388,354695.1766,652606.5293,476915.2613,1054504.164,245895.6503,227966.2039,295961.3911,257736.9437,117622.8194,190458.9341,450219.9934,88323.08203,95545.405,79925.2025,712568.367,314014.2202,308345.1204,57888.04125,377906.6758,67853.37831,173250.1158,299750.461,158832.9835,172752.6536,473038.253,216228.8775,217713.8871,202517.5501
gamma-Linolenic acid1,80964.3933,55007.63257,69180.565,62063.21712,35751.46811,36694.02171,32508.3965,33841.59168,118559.8418,118065.1392,110459.5411,98003.94528,322404.2671,293485.9113,317891.4914,281816.1531,227209.8294,247598.1303,249648.4245,255698.5407,218555.8854,104063.7606,78234.04643,48005.52593,144217.103,150634.067,113431.2579,64113.2784,395278.8927,362155.5261,219328.4174,33741.891,27035.87772,21966.32782,140180.8196,23235.69797,255848.011,183833.9261,121618.9141,172522.0136,79434.91806,196416.6818,231982.8496,577621.4123,188279.8337,40416.39797,63424.47284,178724.0581,130369.64,81859.58375,712169.9328,483690.4672,1122959.66,471280.5439,142303.9606,562013.54,420181.9157,250085.9904,46597.55738,100124.8651,230117.8614,127238.8449,234044.5598,519400.1311,316043.7881,779277.2388,209544.247,384588.0533,38283.98337,224338.912,308045.19,148334.5667,283801.5096,486714.7699,1105059.481,170270.1884,173811.95,131522.9176,210392.0114,176104.1154,103300.1766,125368.1286,328177.1601,64429.625,65692.602,51323.14284,655621.4939,213255.0469,215449.7257,35298.03464,282485.0082,51730.17917,130280.113,268643.4879,99432.60113,122994.5839,337916.4923,157752.6366,160151.8948,153870.9365
Gluconic acid,1416721.264,1374953.789,1529944.503,1470181.948,34010.99718,38306.37432,33835.62488,37790.961,36284.82398,26483.77184,31254.43219,33324.79755,873656.7,755163.8461,847620.0276,782811.458,231842.801,226432.6583,239888.8076,240168.2526,29607.87487,110485.8239,108782.5367,29421.76255,241802.1353,224451.9286,2360533.967,3188235.88,23399.32,20829.81235,34104.30995,52335.096,339909.5099,352471.2793,40530.46053,43977.33667,80568.39148,38534.1402,41719.21696,51467.96935,40744.38309,695713.2612,3413226.494,57442.45818,17975.152,239246.8543,41950.27067,1044064.596,68194.62409,69463.99505,52841.70857,635782.7614,30157.48029,4507095.866,141806.9896,252893.4455,119226.2885,57319.65964,84713.40634,31114.18997,147638.1273,27684.7155,123301.2026,625825.0913,445082.5299,62557.14793,76620.45625,56272.07182,2760760.244,102020.1786,34612.3959,165079.59,1892043.171,510495.4707,40006.47529,34144.705,34668.1759,65941.3584,114640.6797,45214.7652,3940215.568,3703606.906,71407.56813,126132.7591,2938565.118,23649.39884,2380779.497,81684.04046,259295.5356,48810.9348,2980839.335,76553.32737,43866.4875,592728.4051,28518.57313,329784.7525,34171.03145,76003.93023,74092.59948,41511.7139
Glucose,31326.44516,38012.78274,33653.17335,35280.41777,25978.87152,24604.06929,26898.91771,25597.77216,33035.82663,35395.4601,34010.79506,35017.49492,63553.87479,64946.93085,61121.90413,61782.72094,140845.0106,150255.208,132857.7002,145685.6795,16554.27879,28481.74138,29900.62945,23652.60359,93949.5748,96694.21985,107393.0407,132808.9063,44182.96081,45032.66366,43091.76024,25098.57556,55526.55935,65646.357,18444.825,29803.49064,28435.93316,25575.97224,31224.59087,36500.70605,23927.49569,51591.71657,51696.36347,31589.8045,7947.049494,31051.69859,36891.28288,76593.22162,25280.60216,12188.37404,57061.37353,63611.82903,46958.5584,90790.07593,69038.32276,209713.7832,246693.8337,45096.62484,256232.497,40989.96405,95442.98129,34761.7386,62387.14406,212357.4704,298834.499,258517.7316,57361.1198,46957.01235,27894.34255,62497.24477,46602.4085,458835.6983,190595.5945,70950.44023,50192.7264,139378.9686,28863.252,85254.38208,59136.2944,55288.08425,305031.6966,348867.3413,45067.221,25854.14254,103401.8794,45386.03705,171003.5329,73500.08842,31377.22697,58728.66413,73230.19989,27553.86197,44707.44311,134861.4438,21913.52753,36353.52552,32337.11846,63590.58,58913.75126,31133.78615
Glutaconic acid,177073.2329,179170.5725,188113.5073,175589.872,110281.2247,126455.5292,122260.8128,150435.5518,163131.6693,108293.0758,107508.1289,134003.9466,141886.0612,159857.1236,162761.3055,160002.8101,154204.615,134419.5543,151815.6118,154414.4516,137824.591,173555.6786,167390.0102,174277.0106,176597.8926,166804.4836,160594.5045,156399.1666,108611.8248,162584.1568,123164.6001,130441.2909,169643.8102,181117.7228,152047.6903,136439.6189,180113.0154,195998.2382,173432.021,189106.8998,143722.8528,187496.0477,180437.1896,20689.3648,13189.35813,15378.27829,11159.65309,17519.39446,13159.13375,19342.66869,180766.0048,155680.5741,182699.2353,173922.3123,206885.5827,179548.8017,162779.5515,170711.0232,119519.2277,169001.0057,174294.4063,206835.8686,176980.3887,163580.6236,166350.347,118209.5615,213973.9054,172953.0632,175517.4947,176532.2508,198079.8242,134808.068,181574.1359,185821.515,114963.6904,156195.7965,190977.8768,165058.9409,158453.5037,179752.4448,204107.4397,200762.3781,223052.3949,152524.5715,243377.9753,208328.3085,168169.5057,188134.8215,186861.5768,178440.6888,167299.1679,190600.0171,212081.8229,193276.2407,187902.532,201293.363,175418.2189,178754.048,192009.0284,197825.9289
Glutamate,19383.939,16761.70569,18843.633,15603.523,9966.84,7296.879167,10442.24186,7831.477143,15444.47771,13805.4489,13909.98507,13484.57715,14871.25993,14633.752,12858.8125,14986.12225,15994.2903,16830.486,16624.14967,15608.21429,4383.921667,7099.4875,6563.051333,23407.19175,14703.65486,10955.99171,23973.58969,69769.28187,4064.4164,3795.828,20976.64513,14555.29233,6068.69025,7392.254438,3548.0244,8642.125,7256.51375,3594.6449,36860.96769,6910.985714,17975.91778,2835.030917,15061.77514,28305.08994,25478.16663,22132.59844,9441.608,9530.6544,40530.65688,32203.46733,21729.51212,26943.92933,34058.53984,7582.319333,26476.26471,4040.638643,58818.03008,22796.06029,13270.14453,33982.29267,16402.02643,21189.80195,11575.70167,4583.482917,37678.03061,4479.15325,49341.41378,21712.83935,122988.8061,11164.49114,32653.88035,12874.01281,8256.095313,13710.8975,25762.84853,18061.365,19043.4699,8424.254571,24074.36407,16165.59743,32196.12947,34899.01631,24198.33153,50535.40988,22145.38518,18107.37471,14609.78438,13356.91867,16967.225,40541.45285,22239.411,54749.69933,60752.79755,26456.75935,7498.996647,24182.20206,7862.518125,21320.0508,24707.77273,39171.69945
Glutamine,107506.5888,94438.04107,104668.7519,108554.7066,107654.8484,96941.54773,107024.7937,88303.54179,144538.7985,152380.8981,138825.285,133088.8769,161525.149,150041.3079,140321.0827,135069.1813,90188.84638,86301.74655,87645.86875,92452.60133,81039.87161,147204.7122,159017.0743,101719.7885,82353.85824,82003.59457,89877.64756,87013.47417,80212.80567,75707.26625,84514.02831,109632.8493,67778.90236,76647.087,47504.16533,113551.5737,127441.0258,50497.47711,80726.06404,105131.4559,77520.01662,80408.6451,94642.67989,144773.1142,120924.961,107582.3653,79396.39567,40565.95875,275052.96,168382.412,138277.3217,95320.91433,129173.8371,109102.5269,131009.1473,89445.1755,107453.9581,92407.86685,42105.00235,110506.407,102830.8493,124512.4999,117659.4576,96315.84985,88357.25782,127503.3265,93670.196,91572.55437,169707.5043,134689.6499,78725.85766,79252.4225,95317.16879,72650.9044,104898.6523,89761.98417,69933.93786,118361.1328,79986.15388,76789.27685,109915.0529,128265.2569,101270.7439,33383.66944,495939.3798,80754.9876,167590.9403,108703.4333,145264.3092,155062.83,110848.6995,67638.8955,60638.75374,113318.7752,63719.05976,119716.1559,100482.33,113390.9363,108132.825,89390.46228
Glycerophosphocholine,39849.83207,52708.926,46098.8505,41063.919,11410.6112,9748.552,10716.0695,9791.4999,11960.62667,10149.272,9167.7282,9623.2856,8032.91575,9899.469,7994.346,10854.815,6127.6684,7230.722,8270.1885,10384.5969,10698.6308,1,4930.102,9899.316429,6141.0676,4992.679,40003.8615,49959.553,5319.4944,1,9714.859,8756.370312,4280.7195,3759.7716,3296.4501,10699.7018,8775.6851,1,9046.1715,5849.6494,8453.2602,7018.100833,19973.18929,66386.47125,22642.88417,35946.856,28468.23886,27996.38883,55570.66436,54703.41725,61421.72483,41051.685,34106.19943,7701.484286,19474.1985,7252.129083,74859.6765,1,1,26133.98231,85786.6392,1,16183.62667,7212.181833,12258.3285,16397.31257,161471.9775,33669.59925,34124.04917,36029.35013,19307.626,1,30097.33429,16638.10671,30882.55049,150796.1819,13202.58225,16924.96929,13431.264,14389.2595,44712.768,79147.66886,30275.57679,89725.34083,17888.943,7510.403667,38990.64,20752.85667,65167.421,12938.043,63584.40171,88263.1809,240284.9857,124348.3061,1,57351.40478,7543.821583,27472.35858,35200.94286,22240.57425
Glyco-beta-muricholic acid,5709.86398,6887.928583,6849.99182,5211.538701,464482.6538,499229.6921,480880.3607,484772.9273,57798.64019,56731.12694,52199.13644,53407.383,58473.54284,50493.42205,52724.04261,54919.70517,22430.1975,28857.92185,26090.09423,24363.78348,2219.874007,388198.2249,364817.914,6759.907935,15075.25032,11742.55951,190406.2648,249717.5735,26825.5273,29718.98068,6795.245893,27152.18152,385254.0862,410841.9034,84919.281,172715.4558,14198.68287,66517.19833,167448.0747,5645.910837,177491.0164,3049.385729,5470.680316,50896.9715,65011.3739,357002.84,47536.26204,231103.1388,62253.40974,6852.725886,146950.1998,824197.502,13425.16051,10743.02806,7504.814475,69493.0275,380608.7797,55023.20354,58317.51614,143756.7921,879913.0504,173393.3924,25374.62217,7817.231559,154534.4119,11646.326,69631.433,53976.93986,351541.6876,5475.080157,28265.136,10349.53843,93017.71832,10062.41878,116638.0663,8935.088476,150183.8834,58405.48528,243014.109,245875.5034,145165.7114,34206.23333,28166.61733,130703.8423,76002.20482,155469.6424,453840.899,21740.87933,22271.09076,294482.9601,9313.571702,33975.5058,26609.616,25052.49936,25645.4833,12651.2211,802134.3922,256050.0877,237581.5811,86470.40867
Glycochenodeoxycholate 7-sulfate,41717.70188,36368.37354,35715.90443,37144.72125,85775.49037,78764.12922,73182.51144,72563.18354,44287.46446,41902.94509,41751.20169,36145.37358,13014.2222,11741.16507,12803.33458,12415.01586,30462.84192,28091.27473,32812.14537,35907.17625,20163.516,72327.85371,66162.31592,14888.66252,6574.528614,5108.075392,19736.61908,31929.74743,26522.0298,29541.12906,64152.144,7666.032818,24744.9388,28248.51629,38574.18675,10180.21456,5940.564741,20063.93896,94059.15893,12739.66278,56198.8733,14158.45524,38940.736,24337.65196,20951.59181,143287.0323,23416.62436,7185.599826,19902.7437,10410.50332,59992.39714,36845.2535,69757.22363,36157.00154,63619.7375,35824.079,67693.86286,35474.24323,22263.53184,114497.158,46085.11678,64890.08209,25610.13408,13137.79057,17330.80339,11047.2118,47707.8876,18021.64759,33623.10692,240774.5253,55524.38094,63005.03284,67802.95089,80747.41471,55309.69057,21252.99136,79460.98927,305610.2544,214215.4647,41055.19506,119229.0725,21370.20928,245340.8341,147950.3929,74770.68032,47908.10573,2266603.413,48300.48825,23415.84615,354950.8842,64147.9716,73324.69107,26439.06574,25845.6167,28042.31927,49489.44462,45088.54225,43804.23844,44510.31332,84882.12205
Glycochenodeoxycholate 7-sulfate1,236411.7367,230717.1383,258122.007,204260.8582,3608586.096,3968744.296,3489827.507,3510258.763,587284.4285,542816.12,528757.0125,504876.1944,452424.2673,409729.9641,446981.3048,428469.1706,521724.0324,530443.9164,546891.7833,540638.6252,206205.0477,891614.9008,916572.2569,137219.6873,492160.363,466292.0408,602773.504,1320376.34,595915.0134,594170.0217,1493218.856,2466693.205,500138.816,476500.1057,1163551.681,739890.576,180558.1533,640922.1487,7784677.298,55422.38779,1564276.435,141754.5596,249795.0316,579009.1394,613143.5635,11059680.92,983931.5571,400320.648,687918.2971,559711.8689,573106.6291,724426.2836,830682.9342,197677.0244,758035.9691,823324.8063,1172780.7,391672.6287,427475.3977,1888301.985,1299407.695,718689.455,552517.3942,432838.1633,362505.1732,1170129.426,1551624.724,354978.6005,227224.921,1361059.052,540622.179,358870.0497,416105.758,330176.2777,471284.0675,464801.7457,1248509.844,1789881.228,4805545.883,1669123.979,6813317.194,887409.4152,2152308.918,2201419.024,6553752.286,334708.9722,4443786.554,583375.5618,367131.016,2884743.129,1265708.791,245818.1535,348525.3741,326874.3201,259866.5669,479089.0807,701411.8624,147042.5509,140698.7459,569134.2127
Glycochenodeoxycholic acid,1,1,1,1,18914.83518,10498.33538,16550.52778,18122.84337,1,3481.075357,1,4133.3715,1,1,1,1,7553.548187,8633.656,6973.80825,6053.718,1,4917.93275,7288.576,1,734.3885385,1,2988.574188,1938.846,1,1,1,2368.807333,8253.720781,10517.39093,2647.3498,6653.513882,1,2620.465714,5638.30625,1,10063.8846,1,1,2311.902,1292.067321,9226.945167,1,3156.600962,1,1,91522.54816,153406.8918,1,4854.403125,19453.20306,19023.212,49110.79418,59106.56588,9681.208094,39638.34862,167305.7311,35098.1888,2084.4165,1,10202.14629,2695.69,35009.5515,12619.00933,134896.3355,3895.611833,14096.84106,3211.426429,6677.958214,19797.33756,37224.55913,83702.42814,40025.65271,30422.67338,64897.86736,67515.67869,9572.221154,1,21679.06529,27872.37133,38550.79184,49681.24669,37369.87367,28500.04464,1,13017.83885,3869.694571,1,7479.725471,1,1,10912.2167,121156.3778,41517.07403,29335.512,28630.57444
Glycocholic acid,1,1,1,1,14411.34406,13486.7865,13073.23063,16917.26631,1,1,1,1,1,1,1,1,1,1,1,1,1,23296.302,21529.914,1,1,1,37253.01011,36913.15167,954.3655,1,1,1374.7401,40030.10617,64904.2335,4907.214,3933.061714,1,8594.2415,11283.2865,1,7091.381563,1,1,4441.172167,1,31115.40046,1,11855.06743,5123.45825,1,40586.10631,427763.8099,9163.747233,4874.4855,1826.4235,31005.15253,260557.4829,16116.12913,13443.31667,25652.27763,497553.7174,35155.4105,9745.766187,1841.5825,33947.67847,4969.76175,22734.883,18204.774,60990.09764,2766.088167,9221.2575,10073.57929,39225.3455,1,65725.82805,45679.62031,33949.84471,26426.11093,117671.2467,99078.83505,61288.419,23467.73643,7645.837969,28044.811,15661.76569,23408.6092,277500.0086,5329.0125,3733.513333,55247.6,6217.454429,6625.265625,12358.22957,6291.103571,1,1381.098,177588.2495,59625.09,44270.948,18919.05064
Glycocholic acid1,5709.86398,6887.928583,6849.99182,5211.538701,464482.6538,499229.6921,480880.3607,484772.9273,57798.64019,56731.12694,52199.13644,53407.383,58473.54284,50493.42205,52724.04261,54919.70517,22430.1975,28857.92185,26090.09423,24363.78348,2219.874007,388198.2249,364817.914,6759.907935,15075.25032,11742.55951,190406.2648,249717.5735,26825.5273,29718.98068,6795.245893,27152.18152,385254.0862,410841.9034,84919.281,172715.4558,14198.68287,66517.19833,167448.0747,5645.910837,177491.0164,3049.385729,5470.680316,50896.9715,65011.3739,357002.84,47536.26204,231103.1388,62253.40974,6852.725886,146950.1998,824197.502,13425.16051,10743.02806,7504.814475,69493.0275,380608.7797,55023.20354,58317.51614,143756.7921,879913.0504,173393.3924,25374.62217,7817.231559,154534.4119,11646.326,69631.433,53976.93986,351541.6876,5475.080157,28265.136,10349.53843,93017.71832,10062.41878,116638.0663,8935.088476,150183.8834,58405.48528,243014.109,245875.5034,145165.7114,34206.23333,28166.61733,130703.8423,76002.20482,155469.6424,453840.899,21740.87933,22271.09076,294482.9601,9313.571702,33975.5058,26609.616,25052.49936,25645.4833,12651.2211,802134.3922,256050.0877,237581.5811,86470.40867
Glycodeoxycholic acid,1,1,1,1,18914.83518,10498.33538,16550.52778,18122.84337,1,3481.075357,1,4133.3715,1,1,1,1,7553.548187,8633.656,6973.80825,6053.718,1,4917.93275,7288.576,1,734.3885385,1,2988.574188,1938.846,1,1,1,2368.807333,8253.720781,10517.39093,2647.3498,6653.513882,1,2620.465714,5638.30625,1,10063.8846,1,1,2311.902,1292.067321,9226.945167,1,3156.600962,1,1,91522.54816,153406.8918,1,4854.403125,19453.20306,19023.212,49110.79418,59106.56588,9681.208094,39638.34862,167305.7311,35098.1888,2084.4165,1,10202.14629,2695.69,35009.5515,12619.00933,134896.3355,3895.611833,14096.84106,3211.426429,6677.958214,19797.33756,37224.55913,83702.42814,40025.65271,30422.67338,64897.86736,67515.67869,9572.221154,1,21679.06529,27872.37133,38550.79184,49681.24669,37369.87367,28500.04464,1,13017.83885,3869.694571,1,7479.725471,1,1,10912.2167,121156.3778,41517.07403,29335.512,28630.57444
Glyco-gamma-muricholic acid,5709.86398,6887.928583,6849.99182,5211.538701,464482.6538,499229.6921,480880.3607,484772.9273,57798.64019,56731.12694,52199.13644,53407.383,58473.54284,50493.42205,52724.04261,54919.70517,22430.1975,28857.92185,26090.09423,24363.78348,2219.874007,388198.2249,364817.914,6759.907935,15075.25032,11742.55951,190406.2648,249717.5735,26825.5273,29718.98068,6795.245893,27152.18152,385254.0862,410841.9034,84919.281,172715.4558,14198.68287,66517.19833,167448.0747,5645.910837,177491.0164,3049.385729,5470.680316,50896.9715,65011.3739,357002.84,47536.26204,231103.1388,62253.40974,6852.725886,146950.1998,824197.502,13425.16051,10743.02806,7504.814475,69493.0275,380608.7797,55023.20354,58317.51614,143756.7921,879913.0504,173393.3924,25374.62217,7817.231559,154534.4119,11646.326,69631.433,53976.93986,351541.6876,5475.080157,28265.136,10349.53843,93017.71832,10062.41878,116638.0663,8935.088476,150183.8834,58405.48528,243014.109,245875.5034,145165.7114,34206.23333,28166.61733,130703.8423,76002.20482,155469.6424,453840.899,21740.87933,22271.09076,294482.9601,9313.571702,33975.5058,26609.616,25052.49936,25645.4833,12651.2211,802134.3922,256050.0877,237581.5811,86470.40867
Glycolithocholic acid 3-sulfate,27977.74301,7813.799217,23914.49925,25930.08634,1357388.357,1346259.995,1237537.399,1204364.844,446911.0294,472748.7481,474622.2958,354349.2154,104966.6139,97250.34166,123455.6345,94221.47864,24289.37131,25484.10002,27365.68559,29669.56239,267154.77,67512.67534,64775.58638,66517.58557,26371.58181,26869.43068,21862.67652,24225.46557,458656.0978,380448.5454,1534653.355,20164.45813,262875.6014,261521.3767,574165.9509,22415.09301,27287.28458,145746.8435,807117.6884,16993.07142,1189095.953,402305.6133,17749.48929,9735.485463,33461.70864,792285.5916,228211.5555,12693.16481,284101.8166,142035.5742,127846.4541,21633.71284,702932.0384,4873.140733,367837.624,32012.39753,4015.748974,51217.36511,147724.5875,745527.7481,32762.358,556480.7719,113830.3974,18564.19465,10271.20529,6091.183075,715388.0816,6259.891304,73242.17561,226744.0336,13017.77191,17030.2077,47232.63325,54181.23055,249973.6163,6361.90065,29909.37083,59731.29962,126583.3944,27723.41571,225771.4216,70182.8395,32286.8359,876772.5049,1416449.195,103821.4207,535092.5287,12876.74927,29297.40611,124487.4253,53361.036,42993.69978,378486.4455,23092.38222,12879.53037,761436.7397,19205.69082,13804.46424,27390.85129,17028.23274
Gly-Val,3506.317214,3324.600625,1,3036.8175,3483.1655,3574.2816,1,1,1541.6472,1282.31,1,1,1,1,1,1,16980,1,16899.40359,15212.87075,4177.997389,1,1,2322.278571,1,1,3720.934125,5891.4725,1,1,1,1,6471.323636,6473.3184,8188.188556,3900.1369,5062.779,6140.593833,1,6817.2435,3464.134,2206.188889,25502.107,1,1,1,1,1,1,1,6018.723455,4177.181333,2312.858188,3036.1446,4304.0828,1,2742.974778,1,1,1,7053.3566,1,1,1,1,1,2352.098667,1,1,1225.207667,1,1,2740.1619,1433.06,1558.702083,3810.149313,9042.3348,10584.73025,3437.747921,4383.8575,2891.131375,3762.04075,1,2343.960136,4911.570353,2661.038222,2119.62175,7433.4585,10421.80809,1,5248.9935,1,1127.604571,3631.026727,4379.618087,1,1,3003.211,1,4964.110444
Heptadecanoic acid,393.8348684,30.05028397,261.5931667,137.4626158,8.216228724,18.08198412,107.1858034,42.31643857,308.6147368,319.5224324,350.2478571,270.3934928,701.6923421,778.3064737,696.186125,698.8938125,550.7645294,664.844,669.9831026,560.3828108,587.7531111,446.1661379,360.0162561,177.582359,583.4795417,592.9833333,506.2721429,421.596,745.8912,815.8409286,692.6364324,158.8065729,309.4144706,322.1088462,582.1222258,173.7660319,878.0990556,909.338,507.7668182,651.2800645,422.3490857,1,764.4048548,1128.718197,619.3322561,323.8375556,371.604625,651.93725,436.63825,487.7123355,2287.8775,465.4664928,1732.338823,1935.44736,1139.4903,1240.192537,1597.169333,837.7617273,864.3558333,961.1217,1168.001881,791.2142,968.1130577,1238.421818,1190.688894,1384.639032,1099.89,820.6946,608.675,989.15425,710.3427692,1417.206566,937.1277778,1279.987157,2028.675474,1145.965071,1059.997714,1666.864519,1445.285908,855.2645217,869.4856897,1051.648,1581.951179,819.8316429,911.6407414,952.94925,2305.955769,894.5613409,1926.895894,537.2345156,1498.771969,1277.010886,1519.192889,1360.165143,726.0564808,816.2441875,973.8328846,870.8573958,991.0322143,1080.43615
Hexadecanedioic acid,2108.703068,1210.142757,1302.044746,534.9209713,1,1386.779266,866.8525185,1458.649514,5517.695304,4373.2608,4290.275253,3812.434841,7544.053948,7842.263333,10122.5825,7283.451118,10896.93967,9168.997214,13018.052,10466.85514,20591.35488,13751.78095,9747.278036,1537.488,5836.15505,5047.786869,1908.682708,2285.787538,51151.91696,42622.37056,6435.481254,1590.665,4515.297083,4276.629778,44566.93718,591.1963869,3850.042929,21426.30429,5943.26255,4372.790293,2843.592615,11305.3004,10892.86466,42041.11245,3408.557443,2566.400938,556.3369262,20026.78613,9619.38,2238.486316,3437.677833,4563.994375,8619.980444,34750.80884,12189.81459,4929.048,4481.152235,6390.781929,6144.894837,7679.938867,10555.3935,13715.4284,11086.86504,17300.92026,4982.087342,2983.658288,5122.321588,2446.808786,14203.1308,9721.178182,1814.366288,2818.678,3846.627658,10276.02025,7542.81,4484.100706,5280.061235,19611.80312,6211.306579,5254.223515,2529.101708,4804.836842,23854.59771,9016.848875,241487.9242,19292.81138,45009.8451,9878.670045,5566.794152,13727.232,12550.79944,3838.458038,4271.945286,6002.958053,4509.696267,12862.94251,17260.49,9933.105,9821.224722,6655.343268
Histidine,1,17237.18031,16421.6397,1,23955.29063,14910.82283,15727.80214,19775.58333,20112.64107,23743.7,1,18095.80927,24170.27333,29294.1375,27086.56972,25026.03903,13963.3524,13675.18214,13960.19345,14340.23014,20876.272,16564.79591,22201.24667,12423.19925,10821.558,9780.8565,13023.61105,20487.92884,8800.268643,16517.17143,10308.14057,14718.6387,14003.00321,11486.14444,8940.7725,13077.55631,16199.27421,13649.94004,10895.70015,1,10456.36907,19523.53393,13313.53167,16898.57438,17823.6485,19005.39491,18725.7385,10212.68,48439.93369,19659.92464,16321.35669,9369.994,12464.283,15425.91458,20323.875,13097.881,1,7268.097857,7662.768,11894.02758,16425.33459,16605.42361,10936.29361,15459.4345,1,25340.97171,23647.47917,9720.70155,14984.87727,25939.86725,13359.5945,15216.74584,18511.60114,13973.43837,13914.66503,12918.611,9386.912722,20807.215,13991.086,9967.640381,20698.59262,19294.45833,17966.11333,23135.41556,43627.49637,18749.663,19773.47614,10914.735,11436.67406,12512.0935,16771.16354,22285.3917,16932.32103,22940.75063,12372.77856,16589.72524,17028.86025,18111.17864,24793.09755,10356.11
Homoarginine,33808.487,48950.58988,32141.46,37995.91157,30739.45625,28570.3755,21474.43,21433.33964,28369.6375,31800.56486,20597.64,19258.314,18107.606,15370.37621,16696.71514,13383.00821,4067.5051,5105.588333,4380.8156,6727.0575,34757.2225,23626.90429,28617.72044,46881.51643,6231.430333,5156.508,5253.147,5802.136667,11266.32867,1,17145.92875,13395.24,5605.845,4660.818333,2302.7394,6025.008333,7299.579,2436.5315,5581.0105,39904.04563,19211.759,42841.47507,26570.97111,22168.98214,10038.55417,1,7389.638667,1,15251.98329,14674.28579,26760.54321,11898.03143,11269.09917,1,9457.713,3871.9,7459.6665,19552.34764,1,1,4371.19025,18342.334,1,8339.158667,9473.89575,5195.31975,10039.97,1,20709.315,9645.200182,21473.189,1,1,10005.33214,8661.300237,10632.8805,7577.630667,5899.25475,4542.874875,5745.3084,6689.772857,5368.394833,33229.73036,3291.90925,135088.8341,18782.05933,6995.04,7586.773333,7243.033929,23984.14375,3154.311429,8593.2525,17575.6555,24335.846,11521.76506,16363.62,8339.2015,9756.104917,11836.792,14355.79879
Homoeriodictyol chalcone,208937.4965,204654.5118,177695.5173,203752.5102,8442.415778,1,7082.660619,6633.235,7385.511429,8651.076,703.0406667,7241.472444,23524.94737,1,19826.48588,19466.3265,311413.824,319844.5678,330175.6831,340332.0678,162472.5228,235665.5547,237980.6853,102945.1455,85078.89475,86706.5892,400634,333508.8027,25141.20622,31175.81071,98311.044,1,211780.2246,206018.2255,16658.91267,12371.7135,67769.10018,226572.8954,144367.7142,146493.6843,31776.20556,125831.4555,372368.3485,235865.3302,7598.403077,52275.746,87083.53925,7788.496538,115884.5763,124258.19,3184.763889,56154.7525,81176.50036,68019.094,1,59519.6016,71731.1673,33362.0485,1493.053714,936.66,83725.31,1,45527.7202,22799.81511,1,40402.785,41187.689,43457.335,1,55515.47475,49625.1593,96620.524,42834.60565,66442.1408,40155.00836,73493.5284,8346.645214,56164.54244,47031.41712,37704.86256,12899.99025,74735.556,73248.63203,1,1,1,48332.80575,26242.62379,43408.6364,1,53648.75455,895.788,42526.13857,1,30562.36625,1,617.3254286,1,1,1
Homogentisate,37473.8284,36519.08716,33416.71783,34758.55717,23248.02941,24485.30789,21100.91888,26191.54286,5755.1035,3410.683275,3367.353294,3689.96413,3083.445455,1,2251.648182,1,1,1,1,2558.67075,1820.0115,10842.045,10377.87945,1,3340.75,1,3333.462543,7058.427167,952.4096,2510.869579,3765.141333,4920.857029,18750.08056,18925.92975,184283.0057,2486.7239,34009.37093,56088.22789,1848.96,5062.380682,6256.33,8383.164344,1714.0075,32269.23929,78812.01082,1,3170.450133,1,114818.8266,21833.17079,4150.65,73542.5539,3849.75625,2100.14725,57607.04176,2001.428063,3125.882,24632.74508,14720.54906,2823.9435,3048.8185,21257.52124,3098.653846,1560.755,5500.9535,1,1,1,7548.413625,1,5961.610687,1351.450286,1,6524.215,10183.83702,6663.273267,1,1,1,1,4392.814643,790.734,1,136446.2288,483159.9311,1922.3385,1,1,2835.639474,12206.98945,1808.958333,5573.813722,20493.19916,1,15141.71484,2709.2605,26785.66481,818.6663,1,11391.44744
Homoserine,9839.0968,8255.3394,5640.0256,7171.2585,10986.38371,8890.3455,9282.015,10762.23857,11966.38,11690.71808,13400.87229,8715.478286,15680.151,20166.73071,18110.66367,20171.25,7879.389167,9005.724,8182.746333,9931.1355,5272.973,7354.322083,9010.704,9163.8685,4960.334071,4284.518857,4284.7296,10619.903,8996.744167,9385.472857,11785.329,17815.87264,6269.02475,7798.476,3060.9122,11354.45257,9554.824875,3273.7675,7542.177786,11411.108,12383.56286,7511.221667,4840.047333,9365.533071,7872.451167,4790.2722,5855.9032,1,15975.14979,9165.541071,20862.372,1,12281.90914,10176.15586,12286.639,9188.8555,12394.43446,7572.986667,5481.026571,7680.167333,6510.880786,8194.378179,5500.781,8324.3295,5524.063125,18827.567,14003.24706,12981.64938,9554.475125,12199.88581,13661.85414,9465.404375,9502.089917,9041.34,10050.72883,14958.46513,1,13265.77181,7317.773571,8480.059286,30415.016,10293.47531,12733.12263,6746.133786,54561.532,9130.062813,12475.68583,8861.891143,15188.00075,12338.49375,12599.40788,8990.263,6965.57225,14598.61975,6927.250571,8858.760286,11005.8,8549.173417,12236.56275,6264.211333
Hydroxyisocaproic acid,12998.65878,14942.86442,14398.04763,13278.28966,24533.72781,16706.54222,21210.96687,23626.06043,29613.27738,22767.51048,23480.38944,23979.66639,5288.660459,7897.624778,8198.786135,6855.531556,26074.84585,19722.20262,23907.9635,23485.302,21994.65111,24926.15125,27849.63158,46012.7034,6458.712665,7714.32871,6317.976847,8218.05785,30135.084,30318.6219,49650.17112,38189.21512,7795.66676,12501.51816,5228.234897,12542.50725,17445.61144,13385.2625,13210.18633,17842.63272,17298.30507,72706.31844,14172.28906,16813.14363,17096.76969,32973.46688,25054.98683,15041.34395,22977.44633,18731.09333,33137.1437,23831.96087,34743.60753,14218.74533,15063.75,11986.73015,12810.26118,42228.43317,32583.30042,42036.45347,9109.352641,19842.21856,6019.373294,12073.07772,11385.51794,15349.44544,16399.55923,26714.10709,46632.49976,5032.914592,6131.528888,20201.16176,19617.09486,59315.63733,31418.59173,21255.50383,19578.46356,19575.45546,20872.85271,8666.823948,14589.72158,3909.121378,18178.77257,25284.5775,61521.825,25671.01091,19180.84382,7151.065909,11794.44267,18773.60622,29844.72828,25875.18252,10786.68494,6303.740395,22528.4774,36916.8384,17871.72021,16940.47048,23553.26654,25474.97912
Hydroxyphenyllactic acid,12478.417,12353.53456,11358.54138,12766.66694,13328.49267,16184.82514,6337.248493,6214.67904,7452.884708,6904.639834,7539.06106,6778.521348,5149.308037,5314.324172,4692.812186,6102.07095,48879.72,52734.1035,60912.01925,57267.13281,13139.22865,6157.854305,4917.880806,5844.783943,10096.91234,8347.642784,6112.621581,11318.14007,14114.25901,16446.8256,11655.6838,6254.766773,10116.8434,10623.71085,4469.12782,4137.077771,9730.905314,6275.876517,7787.7585,7009.877312,7570.563569,17956.47994,6544.385838,5710.06483,14298.73368,25399.02261,6811.143537,12933.2608,22485.74354,16490.31557,16134.57956,14712.53747,8416.874714,12965.41431,10625.59743,21534.54333,5480.890673,10656.5355,26195.42016,6964.065,5407.967193,7086.290786,6834.696429,22054.69667,6076.124641,10896.82488,10738.75375,10082.41403,22014.257,19065.82365,6331.102074,20867.7665,20329.0875,15091.76983,9377.7255,16222.62967,4808.847652,11763.83175,15835.339,19389.804,20839.47686,9486.571298,19311.05429,20212.62862,193206.5865,11851.3555,63760.88,9661.149392,3480.456584,5212.686546,5525.359473,13380.00894,10756.64,7518.615752,11326.00444,7128.522825,8849.660671,13279.55614,12292.947,11171.91115
Hyocholic acid,9783.41396,7270.817431,8297.146744,9175.544837,32158.64621,29090.06434,29680.66868,30377.09181,28347.2801,24715.44114,21771.35087,20976.9275,34173.2207,32327.56382,31111.0855,32310.20925,271305.6129,243730.1384,232544.9881,250709.2145,515.6428573,192880.95,163947.9176,411.0420441,12805.28553,13319.45361,209976.84,127776.0016,679.227408,588.3417849,2858.568084,15999.975,2063.719811,1836.995339,5476.855,9635.6525,1065.527601,2153.931567,1220.370291,10660.10638,4335.347807,2985.035269,4412.976328,2599.119916,7732.610484,1,4915.406858,12145.77437,745.8164511,223.6538333,62782.31281,888334.5148,1915.192082,5663.222571,12423.42589,17005.417,51228.86447,87458.90182,963.1340534,10579.00827,59998.0125,14265.57697,1988.475429,2859.065139,7116.564,7954.356667,2670.672508,2745.770143,2524.080264,426.8405728,12847.41671,1471.843593,11075.40622,4633.156111,19269.483,4782.897292,31261.76126,244463.1102,7649.698929,28856.4707,942.2661316,3590.853368,17918.46304,3586.111585,3931.169654,8672.063605,1,8777.89,64031.03216,6720.119617,3070.567857,9960.87313,9111.367009,1091.11713,4661.052316,986.7093224,2947.718489,19525.118,15521.4814,24963.68793
Hypoxanthine,107958.615,102015.6111,1,1,66497.95875,61143.53558,51083.72743,50185.86708,40577.70217,48797.29467,39414.04236,42504.485,35526.51217,48013.54157,40352.4645,43074.89057,18012.46268,14622.27333,18193.602,17284.82,28014.49218,14496.82792,17214.82229,55393.44486,89929.34364,88291.25597,21636.37316,26217.60375,24678.99325,20955.0875,43011.958,17567.55743,46298.055,48480.78691,21740.69,59352.942,77786.9195,30200.09123,38286.77475,24565.2945,64842.709,30831.0975,18683.2758,129773.77,53136.82238,110677.5481,72269.12831,142840.6357,84570.57936,93127.94663,62436.14169,64706.83,57378.66525,1,45541.54375,50116.72836,36848.51275,1,54720.11956,75459.488,51404.97777,59771.00259,1,1,18336.13493,38255.18125,9713.762667,37048.8195,37005.244,89795.70632,33859.10792,46077.1376,38300.8,59506.24713,40261.92296,113136.1847,1,40323.59036,64684.86836,83186.6625,57555.54891,92094.00354,101280.5412,374781.0511,1,58665.76393,58056.822,56043.458,1,46075.11246,41575.4585,29787.50317,597018.3838,164352.981,1,29127.03531,61845.27025,134007.3417,139116.42,49689.3424
Indan-1-ol,20684.9225,29685.25929,23661.45443,23846.39344,17385.39055,26982.62844,30959.36952,15666.60848,21847.50505,31204.66944,19106.02475,26137.9965,21508.41733,19130.17148,13297.23444,19404.11114,18575.12893,18659.62764,20847.43564,20687.20363,17072.71067,15573.13282,23772.078,19275.76905,16654.53155,16519.14267,18034.55727,20997.09629,22885.44491,17068.73292,12228.99383,17082.48455,15574.21486,21665.39941,17769.73333,16528.02671,30849.61036,18608.48667,21357.61292,25711.08425,24223.82273,18622.1475,17314.0981,21210.38019,29089.80573,23832.87311,32136.66469,28021.6369,28555.6395,30782.36576,16569.35155,21791.61627,12468.33989,15784.62364,19141.36235,18852.24786,21339.4665,28059.99287,15289.53742,29375.30356,21930.28429,23201.5154,17237.08636,15494.47432,12544.56308,14653.16529,11858.94844,12323.06256,12177.04664,17692.94095,17748.0317,22927.19763,12623.65271,15850.83547,17788.94361,17443.23576,15746.2519,14853.73964,19922.19429,16507.3725,16683.01929,18868.91419,24805.56869,9386.205273,15351.60297,15899.9552,13440.98476,13400.32873,14769.95002,16377.426,17214.12667,16970.1228,14236.64178,16484.29178,14389.31363,15544.18466,19186.90227,15623.32669,15243.275,23309.366
Indoleacetic acid,6084.100357,5115.616667,6252.085714,5624.0305,14755.97687,14207.8735,14953.72494,15456.92,10774.62,11135.93108,9207.755375,9581.7375,2273.901,2102.376,3213.612,1,33518.62286,34487.80408,35215.77257,32056.76469,15105.15,157377.2146,148613.3734,1882.57,5790.9,1,31930.92741,45082.89196,1,1,9022.431,1,13319.3944,11122.41382,6143.448214,3476.8215,4443.048917,3350.9249,3131.6292,4220.439357,2542.524583,3468.992,7665.0365,1757.5208,1870.005656,4828.698,8078.679677,11362.43238,5075.095833,3838.278667,29633.97785,18438.87886,2281.793143,5384.785,15479.184,5018.374375,22053.521,31601.55917,22562.5092,3937.109,11945.752,3989.233231,6336.362083,7096.906286,22502.13581,1,14459.22753,3168.778667,22980.441,10156.146,6430.225375,36683.76,10743.95143,3480.389,13181.91667,4068.555357,10777.89571,11570.64727,15699.10938,7858.9206,11742.70914,39764.41746,9818.14,25636.83781,28624.842,4541.936583,5242.9055,4948.258857,1,3728.716909,1,6679.46625,9616.609333,1,8752.521143,6092.465267,9355.917375,9778.395077,12593.51097,19831.25489
Indolelactic acid,29991.77164,29692.19186,22889.91179,23714.72988,15696.18556,14970.48686,14754.168,20965.46344,9968.766364,10580.87992,11234.17586,11481.56403,4533.354,4436.6465,6346.7484,4875.687,94239.75286,94668.52036,87629.90056,86761.56514,9464.2756,9135.039375,7296.04275,9184.198,16338.8487,20590.6525,11551.95575,27622.62,13850.2714,11171.62406,13648.41333,5887.9994,37208.73321,17676.03514,8718.3675,5399.632857,12896.60621,6802.7935,11231.46629,8333.5125,7127.314833,28245.35092,24149.84365,6083.046667,1,10791.6524,11324.692,18357.21483,21806.07971,13284.027,14508.544,12753.73484,9553.502133,12179.956,15946.34375,27869.67525,16110.56324,8041.705714,22231.32581,18249.71591,18178.07242,5053.1505,9361.705786,31748.34743,12867.792,30739.01786,22544.53103,16376.253,8483.306417,19703.412,7899.012,46549.29469,22719.285,8126.0836,17408.0971,10603.4268,8954.991,29992.85455,26662.677,18878.35933,76191.11769,41930.40367,30832.40859,41589.32213,49999.536,10148.613,14968.14523,14951.79146,19748.11243,12321.18993,40877.79967,25683.68972,4732.7085,13663.77633,9639.507111,6694.637143,5875.880222,18054.18792,19555.88878,10746.19615
Indolelactic acid1,79377.02785,77578.08733,80938.68733,86607.72,57075.37585,60506.8758,47678.88444,56440.83261,44550.84638,36369.0088,34489.37013,33956.23861,22948.87138,21225.50438,22794.76125,18383.37813,262996.1093,246195.1667,267226.548,249615.0883,36222.83307,24420.66375,26263.18672,29321.77912,40873.56067,36186.37163,54861.03238,67733.78038,12490.66875,11680.86328,60934.7565,18706.38453,63125.39063,72169.86589,59345.26568,30684.12,38342.3864,27087.49188,42612.77372,34964.60678,23409.18369,17295.34181,69990.05,24213.18375,18562.6782,40864.46445,66621.18378,36729.62222,57646.36944,39022.64639,46566.83263,28772.195,25129.07222,43613.24687,62772.67535,65850.3345,29326.6805,29152.87563,37769.509,49395.84258,55490.58773,19775.60219,26485.04625,77265.279,34827.3494,79644.736,56216.8045,75778.716,25277.18481,57742.31494,21918.69233,85914.9797,72575.56111,27972.90057,31569.88629,36283.98191,31842.58,70237.9072,81252.2933,51905.60429,174792.1836,98003.8975,72123.3789,80370.13117,164872.0415,27437.07522,48167.83022,45397.0479,56191.62677,38482.144,105263.438,62419.746,10661.51912,36289.75059,24833.90075,29984.0292,25461.2865,51154.01304,40767.2455,36713.016
Indoxyl sulfate,4183.2602,3991.09125,4545.570462,3484.454705,421602.8126,424075.3898,392398.6972,401048.847,369734.1953,363575.379,353385.3495,346927.8744,3776.136,4333.84,4272.030208,4439.1699,549.3386015,994.7209913,2165.7195,988.9061814,794335.9972,279141.8707,300953.5888,68271.7035,503051.9382,505152.0402,888733.4595,787284.4401,44368.94462,40333.66669,301028.6042,11691.225,139560.2497,143874.6628,318064.0897,145.2307791,712989.7177,113491.7968,321825.0182,48214.34567,109854.6867,95524.06079,562547.3991,230.1177806,62748.55824,2687449.976,145279.796,7931.269673,1271187.554,427349.2489,337705.9382,952952.462,51855.79065,866434.3126,407313.3445,94426.42792,37524.62712,224955.8845,5250792.826,65933.77974,8171.121,347799.9808,58557.04406,318916.7207,227933.1756,1340172.686,262349.9775,284.407187,29088.07579,461822.4625,7258.767444,480064.2733,653211.9559,12141.19242,243055.6956,539.1041171,268679.1552,146477.916,193581.9824,1,2236807.227,63954.36719,9787.063,806851.7833,447346.9281,53238.78733,380443.6841,605.3122141,28111.75309,21304.55279,38291.71371,10752.95937,217058.1194,56984.872,518077.3866,166467.4787,259775.1047,527374.8564,496602.5196,111426.6615
Isobutyrylcarnitine (Car(4:0)),28291.10486,29038.732,25390.86,22727.28886,1,1,1,1,28489.31271,21182.89643,21083.64217,22936.65375,8894.5308,7476.505143,1,6086.1611,66125.21279,73369.1525,77894.222,88106.02063,35735.43504,33944.784,32159.15908,28412.43429,80297.27835,50251.1455,1,86650.69925,1,1,38461.312,119835.1935,20748.80792,20372.14025,13228.3488,50340.36731,19941.38471,11314.6065,74394.85586,28291.47,44014.00545,27074.70443,27976.88164,36711.93167,32274.16481,89749.92144,47145.57186,77581.29281,54443.93543,66533.28881,45828.30293,27397.9585,39613.26627,18002.29621,40545.99429,4873.274,10941.5295,20282.99325,13551.24333,1,67372.16733,21966.24327,14884.8045,18191.47014,78411.4625,43470.95066,67823.49713,44677.60457,17524.02457,76184.78175,16186.18819,44143.55479,12752.68738,99887.4695,35188.11519,17638.8875,50527.87875,301558.6011,54404.5497,12578.16872,59173.98857,301714.632,112064.9806,35483.57908,45412.83267,35702.602,16520.84767,71667.54467,62817.17833,31742.18381,47940.87179,55214.13429,5988.7542,10494.9908,34571.7216,25479.67286,107689.2215,87383.5314,81941.625,49048.5992
Isodeoxycholic acid,6242.338,4623.846035,6589.139215,5065.74,64853.31666,54024.1326,50600.0405,52464.33076,93070.74,94633.112,97006.7394,99690.8305,18007.59134,17301.11586,20688.71059,18308.97148,542117.631,536703.9205,592936.6441,586385.5678,10776.04576,150634.6374,159446.6758,973.2200127,21334.18617,22430.27687,92334.52313,67214.2835,6506.29005,5255.7336,10322.94815,45535.69354,2984.794003,3876.65,5175.654688,36777.2881,3046.175835,2939.905316,5607.791333,14303.51656,30868.20125,4797.194476,7415.573265,20147.76032,19254.1387,2239.640777,10892.55122,10231.59298,13326.93431,5116.178444,180853.8936,293230.6275,13118.05311,4259.612993,71381.6295,18527.70645,31249.70874,297983.0201,4058.139167,14691.25647,23572.81562,90057.29583,1134.382216,6532.456974,1727.021934,373.5739871,68179.452,160.1703842,16347.83637,901.0504286,36389.55863,1552.2975,1017.408511,41325.83146,48769.32679,2202.020093,29572.48271,129655.7145,4348.477895,19963.36266,1095.107918,1999.197167,27917.72576,18199.95067,201342.5223,15345.56452,86.89523193,43789.9527,19851.51278,2522.994458,1638.623686,15068.70139,35381.56224,268.2281768,12094.6004,34472.40063,6247.157591,29191.10609,25170.91199,65019.5112
Isoferulic acid,2343.3984,1400.594857,2413.181333,2285.813786,2316.6896,2419.6304,2978.6211,2497.566964,2615.277231,2027.572167,2816.564125,2151.87264,1,2166.645833,2104.619,1836.35275,2115.428,2261.852679,2137.344,1778.767071,2819.859375,1691.548,937.9714286,2460.145208,1,1780.189333,1423.798316,2446.572,1,1414.048438,1978.2162,2115.65536,1449.084583,1,2262.15225,1650.024733,1,1339.772,1,1,1713.999389,1,2023.185643,1,1,1,1,1135.99,1,1765.911,4216.540812,2731.465333,3577.532523,3315.752,3434.4125,4480.203294,3869.103,1,3044.813333,3669.873333,3243.822214,3212.881438,3988.104167,1,4119.644571,2918.752,2260.006857,2544.116917,1,2291.535714,2837.090667,3006.74,1698.2136,2354.09825,2784.070938,2903.782429,1,2789.980286,2313.141429,3216.68575,2850.6,2028.43575,1755.072,2533.5156,1,2348.568,1,2458.768929,2163.926,1,2975.564167,2650.549188,2456.4145,2940.4841,2924.205167,1,3024.374,2782.637,2288.384333,2684.986333
Isoleucine,245222.8026,240066.4513,1,1,318758.6251,322059.294,293700.0401,1,310020.6092,281182.5374,289381.0238,293700.7441,306964.3736,328027.4142,387194.6197,293336.6443,168476.8111,147284.0742,144715.1192,161250.1556,183399.6,312011.8717,302740.2843,323711.0866,152090.3669,145776.2995,86031.00677,101480.1689,294069.2143,286596.5013,191616.465,260138.7018,77547.43083,91953.28867,109401.8657,338204.559,143643.2684,163929.4283,189664.0714,203795.213,361898.0215,179501.635,286448.2443,226325.2883,295754.6,177147.1392,208627.0562,187517.423,398854.6345,353075.0035,484363.2482,273563.7397,381490.7131,242779.0579,408841.2979,265763.9554,163980.5824,374136.1154,159139.6221,301937.8714,252189.3348,306512.9391,159031.5928,197677.2115,183676.0186,267105.2794,378142.5717,186315.0798,923010.0028,242275.2964,313783.372,303672.6458,210584.6784,275119.6515,302295.4949,296789.3563,243422.3683,281399.3383,271041.1167,292787.506,185510.195,245271.3767,366501.384,291128.6664,376604.5095,336075.4561,433849.9996,114348.3649,134997.192,263192.9857,180923.3923,279200.2377,218119.72,193042.2057,270153.3631,337722.9075,224221.5082,302537.6804,283947.0648,330879.0742
Isoleucine1,29998.9364,34095.57345,27719.84596,30804.741,55541.8631,54492.77804,54508.93996,52998.86107,64672.23293,62712.74717,51641.16125,51546.85393,33569.865,34666.34478,37091.86738,31791.61886,27765.33668,25225.49728,26006.17489,22312.63222,24320.81665,49613.46773,39622.13156,47642.62795,24112.2735,25050.69376,9715.688,21407.95057,48670.94933,68376.62107,22983.47537,47573.58029,10327.70724,10310.92035,12616.20949,43009.64333,22864.636,18103.73323,46248.20705,23424.60845,63338.67292,18332.50074,36113.28514,34591.38371,47839.33333,27285.93563,25628.3096,21087.92445,54208.847,79930.31576,52600.51385,22767.38444,39974.89588,9820.208423,25912.074,19671.745,16756.11715,24469.85195,11796.53746,29627.53009,16351.6925,37509.12658,7008.708857,16499.27779,22200.31179,20666.78421,27942.369,17398.39708,165706.5584,21307.05489,40428.08855,25805.92238,7807.878818,26372.26891,29433.38742,20615.24578,15607.66442,19410.86817,19369.9152,23101.48093,19643.968,20283.31393,40343.20395,31786.44373,48311.32706,45844.45667,46362.36303,10062.50915,7698.903395,13611.93367,17131.1526,32148.6496,20935.55356,14169.62669,38692.67015,41843.82994,26474.9685,28052.6976,21650.4645,41269.64524
Isovalerylcarnitine (Car(5:0)),15888.07708,23715.9795,17891.2048,18855.11,22196.526,36084.29167,27745.37783,33491.58,14451.8186,13911.47967,11154.72,17231.7991,1,8366.7661,1,1,65378.3595,53087.71275,48951.808,54491.944,79828.72286,27908.44283,26030.07975,31945.59193,24163.265,21370.80621,39378.346,48388.008,9424.5845,8919.269333,11431.3656,44673.05857,9033.5056,9823.65,5429.8009,40294.23767,8272.1765,1,36290.067,15061.2286,47991.34725,19535.9095,13606.1621,21948.8604,24345.7175,58046.28217,13726.80375,90146.06157,23359.895,20711.7823,38989.97143,6608.3963,22522.9515,5866.7741,31857.497,4710.9699,18041.81225,19443.89742,1,1,32237.08917,15970.37792,24666.381,1,1,54030.22571,26729.1475,13186.35025,17645.07242,54691.58893,1,41281.8105,9823.857833,57210.6555,20646.65944,356379.7025,29635.28667,50823.069,32631.158,12659.11533,41412.096,139650.3127,56842.976,24770.207,68531.98972,28463.79767,28206.062,18683.10283,13296.28083,27235.292,11639.012,18250.09875,1,1,23329.44493,20318.98929,146995.9138,30087.623,31022.81421,17700.47108
Itaconic acid,177073.2329,179170.5725,188113.5073,175589.872,110281.2247,126455.5292,122260.8128,150435.5518,163131.6693,108293.0758,107508.1289,134003.9466,141886.0612,159857.1236,162761.3055,160002.8101,154204.615,134419.5543,151815.6118,154414.4516,137824.591,173555.6786,167390.0102,174277.0106,176597.8926,166804.4836,160594.5045,156399.1666,108611.8248,162584.1568,123164.6001,130441.2909,169643.8102,181117.7228,152047.6903,136439.6189,180113.0154,195998.2382,173432.021,189106.8998,143722.8528,187496.0477,180437.1896,20689.3648,13189.35813,15378.27829,11159.65309,17519.39446,13159.13375,19342.66869,180766.0048,155680.5741,182699.2353,173922.3123,206885.5827,179548.8017,162779.5515,170711.0232,119519.2277,169001.0057,174294.4063,206835.8686,176980.3887,163580.6236,166350.347,118209.5615,213973.9054,172953.0632,175517.4947,176532.2508,198079.8242,134808.068,181574.1359,185821.515,114963.6904,156195.7965,190977.8768,165058.9409,158453.5037,179752.4448,204107.4397,200762.3781,223052.3949,152524.5715,243377.9753,208328.3085,168169.5057,188134.8215,186861.5768,178440.6888,167299.1679,190600.0171,212081.8229,193276.2407,187902.532,201293.363,175418.2189,178754.048,192009.0284,197825.9289
Kynurenic acid,288226.6291,281791.6125,291033.3687,325941.2073,370085.1236,263810.4221,240400.3602,255031.8733,128.7148998,195.8127845,178.633706,120.1791853,135996.0619,165221.6193,172795.166,210001.467,750.0697993,99.3602323,348.0980221,750.6997812,239527.7007,123.6076146,130.0547378,77.76400336,177563.7255,208325.4169,200220.3573,22797.54436,119417.8425,111300.4178,941.4976425,417446.8201,256670.28,266557.9074,478310.8163,358945.2533,1138369.207,878928.8835,483651.4947,189768.4202,265.9265283,620900.8905,584894.2099,375038.8665,642.941625,1718.084169,50280.57367,387556.4896,1443.514413,215.9475361,115.8320051,1,284165.4803,261195.7981,394177.9114,1957.862586,224656.3953,110.849101,531858.8271,524758.8522,597524.9901,265.5318647,952368.9902,3271.481067,527900.3032,4029.698793,226.357582,338441.8595,281031.3088,945.9615446,302615.7879,15899.8971,426507.4752,115.4340524,102196.7209,114880.5996,48170.85636,361228.9115,588312.8411,1,463196.9476,416059.6684,264241.9669,379.6984808,1757.141378,1,3590.558313,460583.661,661458.9928,1,93928.27015,174412.3318,30595.88808,557.9775376,67.03692933,31.92546731,490219.4024,197187.3971,151694.1233,50755.93015
Kynurenine,8749.710096,1,12212.08185,1,14004.13444,13926.84208,10864.49909,10832.30138,6462.366,6985.312258,7452.704177,8073.981861,8586.718857,8083.709117,6838.1415,8093.695143,63836.10019,63475.17915,74597.20701,72650.84191,11954.9358,10322.8664,9522.978,8391.953333,18584.54726,16340.64651,14804.01185,22741.00788,5588.693073,1,5150.002171,8641.839781,9831.364054,12884.63796,4780.749652,6430.9164,9222.502548,9604.5462,15066.954,6968.287135,7951.262451,8096.357531,13359.31263,5999.199333,7474.166518,20500.90967,6195.977273,23120.06052,15801.588,15358.27392,8738.721586,8019.281561,6207.289179,16317.65409,19827.87746,12045.57785,44231.95738,15434.90727,23699.91217,9372.916,12724.76373,7089.918,29904.66334,6053.604375,34587.76335,19480.43623,7575.117674,5906.0815,8499.959523,37518.98377,8880.783,33364.18695,29215.74792,15519.4125,17509.06318,8812.38,8864.518919,21508.06938,25898.57316,17969.34612,19526.50655,32790.65471,17115.8571,17516.86631,34526.24006,8845.996296,11805.13856,7307.963721,1,14994.72879,12379.4663,13049.42395,1,10523.6989,9689.699367,4883.673281,18732.76929,17052.89568,16560.76588,22905.036
Lauroylcarnitine,41403.84323,42670.31875,44317.02712,42735.3525,9972.172955,10591.72489,8136.9562,9915.677692,6695.8318,5709.2951,6618.3047,6713.908333,43695.04442,43891.32167,49083.69618,45521.42604,72110.89677,71059.66778,79366.15533,88297.52706,16886.57437,17166.69231,15561.225,51167.4647,35182.525,42035.9112,85190.24855,121750.3192,12968.48379,13027.29121,13528.4275,35945.06589,46998.002,43808.27,42104.78838,8653.707625,51559.119,43079.3335,40552.68817,23426.2,33637.86175,10800.412,54302.448,133776.8382,39372.586,13995.8325,31566.35063,153545.6693,154287.2655,123035.1529,19092.07488,20559.38432,104575.7377,117973.3433,89681.3895,26077.62857,35397.36167,21662.50172,77445.80491,79739.1495,151350.4595,99408.60957,151763.8718,125536.0029,93242.20338,378553.7706,37225.94133,66925.466,33317.53986,28094.91455,18900.12404,33792.43636,90199.152,50961.29533,81311.5068,32668.46292,33807.15643,55287.89067,77941.29353,44324.66057,20797.76691,40992.37875,59909.58825,31337.325,34825.53433,31014.831,93690.808,60873.036,41178.50311,19591.01743,137058.2876,40005.58547,13353.0906,24386.64588,48229.574,24499.43331,79788.11256,90825.03953,83291.95435,121841.2895
Linoleic acid,24229.87145,20062.8801,26947.86767,22457.72523,20696.96176,19550.482,15219.705,13656.42667,35946.0717,31349.7811,25283.21818,27230.3235,58120.19697,44077.656,62979.12778,58876.1773,55292.58625,47406.94571,58150.79979,50365.22932,42175.89771,29779.30676,27562.52965,15864.51627,40744.508,37697.08584,26280.60207,20580.912,92135.01545,58768.03676,44464.67514,7733.484,11086.59105,8326.357,33304.63929,7501.522286,46434.84423,39499.523,28353.23034,28633.55018,25160.20113,45695.73927,42630.22294,73654.08205,39058.89089,16274.78239,24778.18585,41105.4666,25474.17855,22656.182,75541.15091,78324.68947,132341.1625,96852.95232,44552.8473,86318.90533,86516.64732,45024.0624,29851.72703,46352.98292,46384.119,39552.59672,48852.04182,75090.68697,49253.48557,83084.42724,36152.987,37260.624,18454.55147,52167.81882,61488.47172,48384.13125,68491.37915,72875.01067,60798.72745,81282.60016,42863.0838,43232.89717,47145.53825,35099.20364,23257.12871,32220.60355,55581.675,25807.43486,25563.50625,29442.96682,92299.88329,51301.67117,45629.65592,21170.8629,54927.29485,29524.29031,37106.40938,69946.786,30383.33932,44423.457,63427.6775,36983.96132,46052.44669,43029.8046
Linoleic acid1,215727.9578,135962.2026,207259.5845,180638.7704,142615.3234,132052.7392,134082.2068,123423.7946,296236.7053,287818.9873,255467.7989,258046.5417,601003.5786,590638.4766,571219.968,435185.6648,486438.7895,509159.3717,538546.0085,518752.3326,532442.7724,305558.0806,270911.5525,101692.1992,327169.0826,401489.9164,329484.0386,205163.5554,798510.663,1104213.334,479553.5579,91342.18431,138606.1706,117979.7976,265183.9677,46904.215,581769.6537,371750.4656,340845.1481,475905.5039,280431.7907,800365.6221,642579.1493,1150453.818,430022.9258,128947.3693,274130.1418,540149.9382,396761.0211,215524.8171,1728345.904,1020551.446,3083271.536,1674052.964,729607.743,1399952.967,931232.361,633327.2765,426129.643,610948.4613,726548.6346,657162.9951,747552.9683,1870090.517,847877.3179,1863309.197,654080.9952,865666.0679,281115.2096,1021118.029,1182243.198,826589.1576,1149257.151,2140268.041,2525842.23,878561.1903,930019.766,679282.2824,850677.4276,591222.1511,305146.8077,710851.8157,1379346.214,502818.0625,493618.637,463022.5874,1919649.673,789237.6427,749808.1724,263818.2648,1325967.844,408627.4558,859565.0379,1272859.913,548847.4145,607009.928,1190376.72,793671.9188,710856.861,1025574.876
Lithocholic acid 3-sulfate,1935.680721,1839.346,1569.983227,1562.912056,43729.03395,40228.41818,39197.23636,35874.25315,97700.2272,97301.18475,86921.60532,89386.74,17102.61072,16177.05833,17624.875,17046.14661,1115.843821,910.3718744,1188.035375,869.9458225,24875.16104,5479.969177,4825.275346,7550.6175,20100.89423,22341.05931,1204.293885,2394.846588,48861.32538,49915.55048,197356.5062,1820.489,34560.78018,34654.84281,44550.22935,142.7346849,1,15702.48,8568.492,2028.344467,161084.8139,111041.3419,1666.983385,1656.225875,1655.763083,14118.88641,20128.5201,49.88144629,25530.89884,20321.35221,1239.533642,59.38863355,48148.82554,36.92410042,40153.57963,61.82244084,1,403.8731137,50178.99854,50199.899,337.9536059,48386.2468,6481.290667,5289.139081,1,1,21662.4092,1,159.0441828,22769.8865,1,1,1,1,11820.88404,1,192.5470984,2538.830021,4940.172221,1,1,9079.019056,727.2354751,36162.63204,70032.29462,10557.60098,8833.996,1,423.8037606,263.6469398,127.8044976,73.26773059,45465.675,50.94138915,1,166595.8251,57.15655345,105.353424,51.7284036,1
L-Octanoylcarnitine,33678.96908,21761.4925,19614.01157,22496.38929,14901.09986,17313.16519,12847.29086,13842.04286,32682.62286,33421.842,39082.10906,24307.77723,21800.76657,19175.85429,21734.92571,16759.403,171680.884,116098.7684,115906.4178,117807.8334,18760.02,12584.44688,15045.45971,10392.4695,38014.31075,35241.22143,71383.5,74173.29672,3677.864143,3263.82,10635.43467,42054.86588,41523.30062,41296.29762,11747.09064,14744.67857,21566.75787,15183.109,61408.718,16656.26207,15020.79107,12669.72288,195525.254,12846.07864,7599.015,119285.8735,34874.17669,21909.26813,24431.957,17727.10543,10060.01357,23815.12262,14935.04931,10300.90838,36739.70667,4731.096364,102825.4182,8926.450313,15470.15914,24692.35909,40648.48225,22281.49517,16063.91062,16164.904,80979.26321,49702.071,14684.2625,26954.38586,7592.695313,21212.47592,49529.67544,46403.03111,9073.78805,14041.91767,27826.19341,13214.59364,9617.475375,14557.491,20199.391,19370.73129,30511.19937,69630.45556,35773.9832,9755.854,5921.384667,1,50078.3598,46096.0669,1,12922.2,15242.8325,10802.00622,1405.45125,83228.11039,9259.293531,13002.71562,28413.789,13038.852,14836.67762,2451.25
L-Ornithine,1,1,1,1,919.6286,1,1,1,1580.085,1351.485,1444.905,1555.542286,1,1,1046.61125,1,1,1,1,1,1,1,1,1077.2874,1,1,1,663.945625,1,1,1,3653.492062,1,1348.198857,1,1573.03575,1,1,1,1,2205.48275,1,1,1,1,1,1,1,3790.237455,2903.113333,1040.434,1,979.5169286,1641.317,1069.638,1,1,1,1,1,2198.3355,1,1,1,1,1,4273.6444,1,8027.903875,1,1,2001.899222,1,1,885.3620386,1,445.9803906,1010.7328,1,1733.857563,2607.718611,3135.289909,3912.1284,2589.706444,8277.709846,2275.84,2038.2755,787.574,1532.436429,16210.64429,1,3498.03475,1,1,1447.676389,2464.4186,845.5978125,1232.544286,1,1
LPC(15:0),13362.38325,13040.01706,15577.2,14955.368,7686.160588,7048.208781,7209.455094,6628.51475,4571.953417,4960.42725,4967.38,4198.778182,12859.59741,11878.30046,13998.222,12385.88114,7113.679688,6759.045,7459.874409,7899.647667,3956.95575,3934.960385,5099.069857,14795.51182,6616.311692,6878.225909,19801.81315,26242.22947,1474.128563,1657.675056,7492.4245,16890.74492,8830.939,10080.19644,6400.483143,34951.51408,53109.5125,12296.53968,18983.12853,8788.138821,16789.39267,2456.259591,9197.109091,40494.331,43530.97044,4705.868182,9438.4495,16263.91336,10393.85913,38646.89429,343107.5072,81744.43333,154702.8787,14213.976,52724.93882,33393.8335,32533.608,26782.20418,34672.24556,38403.00134,61093.45705,33777.11583,40443.08564,8874.751687,21483.58091,71718.02338,577113.2244,115047.4771,36697.78692,56630.493,56972.2545,33165.55745,71162.58443,44646.7375,85046.03152,67078.54809,77878.34667,40223.22179,24724.23829,61791.72677,292441.2309,133139.6438,70912.06887,286873.0034,11983.18087,28161.09031,33816.82524,76421.40733,67933.55629,22916.21018,34836.7605,221970.5348,142026.0558,55104.412,37031.88837,69608.59836,21973.98171,180517.3317,173401.856,69572.944
LPC(18:0/0:0),624901.4495,610398.8869,588174.2705,602173.3757,434292.3722,381237.6379,400677.1207,361206.765,489854.5155,481946.5675,500133.5586,522738.781,770518.1992,763713.7517,761260.6432,736833.4569,621261.0939,606695.9966,619000.0815,591500.5161,465455.9155,321994.2879,293554.3631,1379993.771,479320.759,562604.6167,639125.0207,1035748.598,156146.3891,162492.5185,673179.5607,1383001.927,628258.4192,635536.8933,547494.4947,2112803.05,1972203.193,1114302.181,1732502.298,780094.6618,1088344.937,155933.5059,644743.7434,2643704.121,1705694.718,665393.9278,1242156.73,841395.5273,767101.8062,2681359.918,6274640.147,5949002.184,7494417.237,1073453.43,2845637.14,3507086.997,4074759.935,2065746.014,2494763.577,3956837.605,2751360.216,3112256.959,3287706.214,1262787.876,2016454.506,4816313.174,17711428.66,8725940.708,2408427.562,2496416.855,6130102.984,2337315.231,4307886.235,3021226.41,4338415.327,4896092.046,3912336.852,2253180.483,2580380.37,3555870.924,9573404.471,5781263.805,4344806.614,14700016.94,836341.188,1964703.904,1594327.598,4137883.848,6081428.233,712424.5184,2077321.216,10130996.13,12360586.22,3136066.871,2621643.113,4705272.772,2001080.531,6543529.191,6302448.753,6238277.356
LPC(18:0/0:0)1,80554.38906,85027.85855,78399.52256,66829.45938,55583.77461,51110.94453,51907.3877,39170.58525,55243.646,55435.42068,56243.397,60354.04821,90138.90021,85394.60357,86664.08633,76530.80073,71364.36089,65360.79719,70283.17978,62253.25033,50372.79,34068.91216,31504.56001,154276.6829,52519.51697,55950.78057,66870.07496,114083.3146,1,16367.16711,70430.4015,162691.3903,70872.63584,67699.76562,59222.15066,246296.0315,210347.491,121475.6996,185524.0004,85969.21057,109539.6504,15946.60909,67842.20433,296518.9089,187856.7142,72047.31872,125886.1661,90673.15507,81907.67358,321912.37,1,834264.8743,1035951.918,129010.9139,388740.0632,449097.3649,554685.8658,261258.8969,323690.9687,484853.6947,1,367677.2201,415571.4577,135897.972,229551.2691,580794.7844,3232371.493,1149768.033,297978.6458,324496.2717,795067.6125,278330.9866,564292.6451,382255.8319,550650.4493,642697.5871,471561.8184,266222.6952,322656.9477,449219.4768,1444191.733,767725.6895,554873.9481,2194492.911,109312.3463,237679.3604,202230.7329,555366.473,745036.5456,85415.7824,225700.5594,1384289.775,1816780.645,441792.8566,289001.7681,608443.4089,228406.8386,858116.772,798352.9388,812243.2017
LPC(18:2/0:0),471618.2745,448548.4946,485258.2074,457384.8652,211733.5861,190178.9476,184817.1105,172742.6538,273874.6502,303794.0611,272861.3646,277131.449,1355487.964,1068503.055,1203946.514,1102369.042,535056.3873,537685.3712,541938.4005,534142.6326,163415.1769,174857.137,151337.8897,1864493.371,351159.0275,360159.7125,1220013.476,1634776.78,179123.3845,179890.5771,565806.9416,3062791.854,744989.8063,773178.7167,238002.3714,2668225.087,2726017.797,609385.6071,911832.8737,363038.1543,562714.8523,106963.0905,624843.1416,4934370.676,1791759.598,325732.9281,1248412.529,699170.4,541355.5658,2018296.484,8730272.224,6053882.238,11256293.29,1208104.136,2470454.119,5673616.549,6709632.384,2278137.785,1323876.698,2070563.283,4267447.402,2156714.801,3072944.665,3264152.113,2852070.989,11280182.48,7758877.265,7411047.228,4684604.39,1114779.613,3833778.717,1178192.052,4758119.753,2647115.036,4502285.8,8340047.408,2010597.201,1653005.666,2596069.602,3215327.957,3641461.449,2521466.445,2174301.979,4149018.418,487662.6652,1151359.25,3106024.931,6806561.272,4091718.564,1176977.924,6170795.064,5946017.295,3867048.721,2997814.425,2703309.091,2227301.208,2485610.816,7711217.052,7182280.834,3551111.512
LPC(18:2/0:0)1,54692.95882,45451.19604,52172.45818,35400.66438,20048.08957,19410.80582,18023.4087,21554.67491,15221.75813,16584.95778,14566.6823,15555.4337,32379.6736,33314.4975,30618.17133,32147.88938,31502.44731,21913.87383,21728.12908,22430.09574,16527.21111,13701.63188,10963.12487,81442.02676,21992.16244,21462.27193,33379.23952,44130.1099,1,9044.0051,19993.61236,44723.13831,33893.52174,34791.84375,17640.5584,54034.64814,58207.91062,28838.87963,30733.78361,20337.96129,34140.44867,11201.22157,27904.53391,75807.98541,43119.22985,20492.8992,34187.76504,47037.22953,43233.96007,56793.87015,435281.8279,313212.4477,1,1,46053.03292,222471.4507,320839.7871,93581.81467,67309.84916,89908.9082,1,99351.52635,1,88258.60863,1,1,424664.9169,254480.4906,161540.901,43233.849,1,27495.84197,197774.2284,1,120227.8117,370862.3565,1,25295.16367,1,40387.14665,69797.87267,67175.1175,98602.55906,140424.0144,1,18045.24657,41209.797,1,133573.4122,17528.94342,163200.0011,62131.71774,248201.6391,49581.22192,1,1,24329.17539,337800.1596,223760.6125,52370.9145
LPE(16:0),48124.57875,51772.28571,68747.94064,53677.34529,21924.63175,21901.24267,22477.66343,16469.15368,15526.63721,15042.22719,13964.57435,13628.646,29479.47865,27443.53636,28383.45771,28024.8,28801.99603,27623.47313,27957.93168,24931.72376,12969.90882,16186.38691,16494.63523,38310.22325,28629.58097,31518.3824,69044.72222,80715.16111,6902.680059,7950.636118,36973.88593,26527.748,38923.58753,34670.6285,25788.50634,37312.14441,58150.38545,30595.67453,46071.86338,25545.20033,33000.69106,7052.574375,39698.43694,89332.3172,36329.22445,19903.81547,45333.951,53105.64125,41200.80467,72943.66098,305694.09,188492.0876,355121.6591,132130.5962,201028.8676,73238.58,113162.7707,72064.58471,66353.60183,126296.4292,187545.229,91231.48728,111723.1438,67318.19021,80421.41396,232734.771,713911.5804,251101.7607,63773.076,48749.82,95882.21511,52617.47748,109767.7697,80039.17133,159183.3489,299567.5004,133932.3216,190485.2551,129523.555,101220.1299,480589.491,513884.0516,238126.1288,360703.8053,132507.8961,45062.42891,113220.3629,127939.6002,226696.1525,34835.50223,172638.2908,327464.9136,210141.216,341204.1992,113568.2195,163593.7178,103126.4855,314749.9032,310171.4702,174261.7629
LPE(18:1(9Z)/0:0),38567.57415,33633.85026,36106.71842,28193.858,11093.95364,11259.88278,9014.572371,9723.129333,13827.485,15131.58324,15967.38825,11237.63032,42533.89736,35408.84564,41989.08884,43031.63482,30069.32616,28439.3852,32581.8808,31692.32882,7084.959143,10839.13583,8060.004882,20852.06663,24921.60576,23055.37375,67666.03927,63797.82636,5670.414618,7021.054437,29607.84528,64195,44552.31124,39303.03465,12554.62909,87738.65886,72893.40955,20585.42268,42186.779,15311.27632,18522.83255,6636.3008,18381.91955,104972.6236,34340.06829,13005.47906,33646.27196,39797.95273,31437.33598,49917.159,239405.0661,135371.6521,259899.5775,97450.72718,47309.14582,103296.5167,61582.62086,107856.8326,37319.13216,57616.49544,237640.0707,48681.48829,54286.244,83480.90405,66686.56027,306909.5026,127295.5536,184208.0681,170447.5643,21152.71963,54982.46857,32487.8055,80620.8,49676.7764,111069.3455,403088.9481,44443.4312,97559.48058,70998.72,67960.25141,127092.3578,103602.7964,57075.3423,41001.77025,42108.14833,21797.226,102160.9869,53437.69131,190153.7724,28426.61111,101002.835,50494.26994,34794.91385,66947.68229,42191.93688,32663.94132,50677.1375,108366.0528,112768.341,56225.70545
LPE(18:1(9Z)/0:0)1,95920.38104,96446.74815,113466.1011,78542.41875,22648.73531,21411.32741,25985.69325,20167.52236,41674.5225,28775.83966,31110.19955,30593.14966,124782.0185,110123.866,118108.7686,99197.68425,84892.16829,85187.42878,79127.571,81969.02393,17988.48455,24082.4867,22636.4605,59603.01789,51319.7302,67301.96642,179082.325,217821.6043,18897.52979,18027.42626,93411.78191,189488.6204,121681.5422,137136.5909,37061.88253,270670.8279,209225.4189,80740.18027,133934.097,45061.68303,62936.44973,17074.55123,58471.80147,340710.2389,93283.68722,26872.02174,96973.20875,144480.4428,85627.8061,168182.7233,481949.4218,256350.2276,557747.245,121890.1637,91373.67248,158901.2217,120422.3398,173031.3321,63951.77132,79677.46446,403817.8091,85298.33303,109773.9519,154062.9257,131592.0163,690823.1027,446037.0591,421630.3864,237966.4748,44739.27943,107028.9224,49341.04334,157103.3389,98459.27628,860623.1786,237389.1016,81669.84285,142114.553,137748.2807,158694.2866,452435.7833,303333.7414,185626.3258,197395.0749,61364.22938,39608.22138,174989.4638,135157.7235,309899.9021,35213.81803,154339.7465,157333.5516,156971.8714,183139.2587,63551.70625,85564.38083,69184.41429,300180.0328,342411.426,119480.7004
L-Xylulose,2456.288538,2831.295048,2640.617286,3043.895192,1692.058636,2050.585739,2701.15,1379.344212,2590.430769,2303.957231,2260.293833,2783.115867,1794.739661,1840.537409,3159.23879,2908.932,2856.153143,1529.65536,2311.094963,1442.448,1227.054231,1809.07306,2901.63148,2104.397044,2850.002037,2053.764326,1574.79975,1746.926795,4091.543438,3633.354069,3377.385714,838.7572321,1171.21788,1208.5055,2786.34069,802.3462955,2773.15575,2681.458286,2578.169154,3292.331259,4748.129431,3248.96871,2526.809333,715.2406429,3474.77016,2175.9025,1969.086063,1562.169553,2878.268923,4446.443,4516.736296,1846.857173,4461.416375,2711.408,2670.944379,2208.844212,1253.723182,1990.9435,859.4157273,5564.038962,1766.2975,5539.769357,5187.134986,4403.73,855.477,3448.631423,805.3644524,2408.7543,2343.476167,4889.659135,2411.483074,2220.371813,3413.3895,5063.922353,2908.396154,2644.636852,4585.580462,1975.917804,4463.094545,3827.211405,2219.261304,2942.87616,2943.36984,2505.123074,2626.454697,4494.4368,5740.636767,2433.998583,1855.968068,7253.605587,4467,1358.686914,1234.834288,3781.988078,4140.636563,3358.931333,5844.8095,4966.776242,3921.203478,4019.945071
Lysine,7825.399636,8091.019292,8391.9856,7917.156,10135.16618,10791.68625,9975.815833,9720.861781,10219.03647,9486.126938,10072.8197,12373.9668,22753.92306,24644.46553,21261.24,24147.81158,6707.345912,7052.0298,7490.66925,8411.43975,10651.2,15118.34875,15131.0625,16249.29719,11253.34987,9271.0332,7423.884417,6904.63424,9797.8225,11409.83807,8641.4845,17762.7723,7072.665,5398.377118,4973.125,9878.307187,10196.20114,5832.425735,9775.9872,12189.40909,10302.10417,7067.1195,5771.1251,11516.37861,13233.77467,9271.7351,11872.1673,8715.600136,19066.46063,12773.519,21386.45458,6541.806765,12407.02289,7950.6549,9241.624313,7607.290031,4467.2124,7307.7977,3888.261667,5807.678833,6148.391875,8161.425,5129.1625,6812.227474,3519.197136,18024.87126,17205.25074,7724.897526,14340.5341,6780.568846,9923.222077,7429.1205,8623.003938,7693.2558,8921.705535,11820.89144,5220.531333,8799.066694,9393.565688,8084.042,17470.56,11672.95066,11167.90563,11435.53388,110018.8494,10953.04988,13155.754,5584.233842,9473.830037,7678.014395,11952.14282,13281.74262,5292.584,13415.94836,10753.464,10674.25788,8632.272188,8560.444235,8755.892,7792.1629
Maleylpyruvate,69245.17543,64968.69817,63183.52706,69681.33978,68571.58277,73466.00177,58356.23423,65766.74844,64736.54786,71800.7732,72997.09221,70128.06604,77373.55135,78730.26357,66224.58446,79515.31088,67255.66786,74510.98385,62985.30963,74242.43483,106150.4684,75219.92715,66720.38234,77868.528,83933.64504,93541.93393,63369.8885,71906.90018,81785.52811,93494.78091,73675.12223,81748.54994,92850.08056,78028.43131,65058.38769,76823.40154,107671.4833,81475.06223,72433.2072,95253.45491,83318.77044,83114.8856,75150.95325,1,1,1,1,1,1,1,18305.35904,6018.7668,7690.069957,16680.12692,18995.89538,11023.119,17810.0055,17211.52862,15048.57784,17107.28705,13990.44267,16424.92005,16949.9989,13927.88258,18399.24069,11691.70909,15752.87716,17625.89065,20875.11242,1,15524.27995,17532.46143,19121.00712,7276.53013,14624.33704,1,8710.33856,1,7267.8582,8215.745864,1,2117.704206,1,15635.43945,13638.85372,1,1,1,1,9039.880603,16363.42671,1,1,5883.494095,1,1,5241.568,1,1,1
Mannose,31326.44516,38012.78274,33653.17335,35280.41777,25978.87152,24604.06929,26898.91771,25597.77216,33035.82663,35395.4601,34010.79506,35017.49492,63553.87479,64946.93085,61121.90413,61782.72094,140845.0106,150255.208,132857.7002,145685.6795,16554.27879,28481.74138,29900.62945,23652.60359,93949.5748,96694.21985,107393.0407,132808.9063,44182.96081,45032.66366,43091.76024,25098.57556,55526.55935,65646.357,18444.825,29803.49064,28435.93316,25575.97224,31224.59087,36500.70605,23927.49569,51591.71657,51696.36347,31589.8045,7947.049494,31051.69859,36891.28288,76593.22162,25280.60216,12188.37404,57061.37353,63611.82903,46958.5584,90790.07593,69038.32276,209713.7832,246693.8337,45096.62484,256232.497,40989.96405,95442.98129,34761.7386,62387.14406,212357.4704,298834.499,258517.7316,57361.1198,46957.01235,27894.34255,62497.24477,46602.4085,458835.6983,190595.5945,70950.44023,50192.7264,139378.9686,28863.252,85254.38208,59136.2944,55288.08425,305031.6966,348867.3413,45067.221,25854.14254,103401.8794,45386.03705,171003.5329,73500.08842,31377.22697,58728.66413,73230.19989,27553.86197,44707.44311,134861.4438,21913.52753,36353.52552,32337.11846,63590.58,58913.75126,31133.78615
Mesaconic acid,177073.2329,179170.5725,188113.5073,175589.872,110281.2247,126455.5292,122260.8128,150435.5518,163131.6693,108293.0758,107508.1289,134003.9466,141886.0612,159857.1236,162761.3055,160002.8101,154204.615,134419.5543,151815.6118,154414.4516,137824.591,173555.6786,167390.0102,174277.0106,176597.8926,166804.4836,160594.5045,156399.1666,108611.8248,162584.1568,123164.6001,130441.2909,169643.8102,181117.7228,152047.6903,136439.6189,180113.0154,195998.2382,173432.021,189106.8998,143722.8528,187496.0477,180437.1896,20689.3648,13189.35813,15378.27829,11159.65309,17519.39446,13159.13375,19342.66869,180766.0048,155680.5741,182699.2353,173922.3123,206885.5827,179548.8017,162779.5515,170711.0232,119519.2277,169001.0057,174294.4063,206835.8686,176980.3887,163580.6236,166350.347,118209.5615,213973.9054,172953.0632,175517.4947,176532.2508,198079.8242,134808.068,181574.1359,185821.515,114963.6904,156195.7965,190977.8768,165058.9409,158453.5037,179752.4448,204107.4397,200762.3781,223052.3949,152524.5715,243377.9753,208328.3085,168169.5057,188134.8215,186861.5768,178440.6888,167299.1679,190600.0171,212081.8229,193276.2407,187902.532,201293.363,175418.2189,178754.048,192009.0284,197825.9289
Mono(2-ethylhexyl) phthalate,5049.572206,4156.828667,5794.164484,4245.522368,4245.912576,1,1,4280.007767,4663.764219,2838.260905,3205.463952,4186.696,1,4033.980417,1,4147.28444,4506.697235,3781.597203,4570.302649,3054.193,4024.721222,4061.59488,2866.171217,1,1,1,1,3805.25475,3886.215703,2904.7808,2222.0303,2503.345413,2943.566,3863.78236,4436.893648,2899.024174,2781.92271,1,3925.01371,4650.560432,1,4862.701846,2727.004966,3995.299913,3395.013067,2460.356,3334.883979,3033.44087,3455.288529,2249.83125,2716.267429,2284.191348,1,5431.815,2498.961857,4386.173818,3239.423913,1895.421111,3435.717,2051.26052,1,1,1,3195.628923,3006.005132,4186.52,1649.779068,1,3258.29,1905.947024,1,1,7550.764722,1,2195.840286,1,1,1,2655.79187,1,5602.477261,2039.863,2646.043094,2072.044783,2875.152487,1,7433.135455,2017.243826,2831.990118,2821.782297,4314.801886,1,3020.245914,2871.766636,1,1855.976,1,1,2326.403939,1
Myristic acid,8562.412833,7031.84625,6487.259333,6229.387241,5622.854869,4615.31125,4175.816393,3233.689453,5257.819328,4952.189143,6098.473969,5121.898438,18438.59649,16455.56667,20068.52242,14262.43682,21188.31246,20058.49056,21524.50321,23142.37353,15720.97914,10016.92423,9716.172506,5154.145765,10101.72995,9054.707375,9609.656875,8163.836471,15498.833,22237.34481,16291.48309,5154.492813,5962.618857,5564.551781,20665.7625,4562.179742,21760.10175,24088.89375,11693.67034,11559.73519,12175.41461,22261.26571,11161.7907,49101.91375,18587.77577,4015.128047,11514.28175,47908.23882,12229.56952,9348.914043,65360.51471,17703.40587,60801.85685,91359.37912,18624.7424,77432.98319,29880.10893,17547.93718,10147.46288,12511.60543,17627.03443,18311.8581,16674.29107,41486.10902,19827.64335,38476.96561,54072.11277,15790.67379,10380.99281,23525.87902,13686.20612,19587.613,27270.5943,23441.71013,53577.29607,19506.3339,22800.89018,13544.6553,11104.95809,14973.09006,16562.44943,13803.8069,22619.30629,8373.043891,10721.33747,18805.85823,27563.39237,28522.30381,28409.35007,6867.160761,21723.76779,9828.24761,13775.96148,21003.014,9027.619929,19632.14261,26650.27607,18968.03469,20447.94359,25565.36595
Myristoylcarnitine,20906.8795,18810.90711,17896.13811,17495.85733,7207.314523,5295.962447,4826.974929,5183.866474,5694.85,5712.400425,5416.231042,4658.2368,24575.32467,23794.74989,21915.27841,25451.21826,23873.46465,26217.11733,23251.38472,26312.14421,6311.5964,11492.58,11552.98844,26557.5127,10327.97,11518.17875,23249.42724,52170.32857,9518.364042,8176.3683,8561.731556,9756.1695,19324.17775,19655.32194,10369.77943,4513.006692,18302.60448,20931.031,15702.36565,7115.248,13174.55986,3679.282143,14505.07734,63412.76205,20670.82144,4710.589714,13595.2455,35736.07543,92261.873,93950.61706,17751.11091,15530.06175,53200.17905,70555.91393,35072.6088,9977.83631,14917.08706,14416.67548,15485.6724,32303.20637,35462.53556,34502.2937,46728.05598,24339.8246,16128.6255,71747.5161,116955.094,29493.67824,20684.09269,13898.80194,8029.334933,11712.64097,30352.231,26357.355,31900.10134,25804.096,14762.01994,16810.44785,32977.24835,18207.882,8116.981882,25018.15257,41598.24,29923.55083,19484.28714,16581.16428,29611.52106,23855.79411,20553.2667,9087.428219,95159.27475,46617.81754,28862.66331,19668.864,19361.30325,24251.71763,32934.98386,40796.87204,36528.95952,38760.43512
"N(alpha)-Acetyl-L-2,4-diaminobutyrate",17923.54375,12152.058,17527.80875,1,24617.89125,22299.024,25356.36439,22555.52238,1,1,1,1,5741.274,1,1,1,42274.94559,46245.76871,46366.78196,56884.98825,8403.872917,1,1,1,388151.3605,415937.5893,55180.42782,35636.998,1,5773.088081,4000.430682,1,72516.7737,73194.16547,18553.2815,13895.736,12455.97727,49739.8587,16161.13543,8042.474844,1067.978571,7800.793083,39336.44607,36022.91294,10382.37131,14019.488,23484.59811,132101.1404,9142.959,5170.040455,2096.6062,1,21059.035,11293.58071,7610.475692,1,97459.52057,38443.47189,52411.328,1,129939.381,1,88605.447,60052.65104,14493.27646,131520.773,39959.03912,43133.37039,1,50938.661,1,50617.63649,46073.02724,4157.184842,37077.93607,15687.73246,1,22436.56614,82673.26813,73726.33164,103937.8107,136973.392,50293.19379,39764.2887,1,1,3694.345643,46529.73486,114470.4084,13246.24125,106385.2095,22651.95538,3835.1775,52307.529,1,1,12945.21436,1,8731.674,8721.522
N-(Carboxymethyl)-D-alanine,1,1,1,1,1,1,1,1,1,1,1,1,1,1,1,1,1,1,1,1,1,1,829.9405714,1629.086686,1,1,28709.15642,1,1,1,1,1,1,1,1,1,1,560.3476667,1,1,2338.3509,1,1,3027.995892,1,1,1,1,1,3376.826932,3131.714553,1471.175588,3226.030167,32195.94579,1118.738909,1750.093172,6729.489233,2079.42536,1155.785635,1451.662773,4645.923942,2061.126963,3517.275878,2145.021583,1824.106238,1703.4732,14046.7658,1949.224378,8926.782606,2578.398457,4364.203172,8924.258261,3738.4752,3755.372712,4937.102899,3180.37034,4357.07951,4733.427721,11507.03906,1131.039955,7942.832308,58113.83519,15675.85668,15973.87289,45264.13067,1512.445224,2406.588171,2608.498111,5347.503733,4437.507857,4352.07036,13538.666,17429.79096,4636.39112,1349.085638,11829.20753,3066.603765,5112.687226,3977.838,2778.144918
"N,N-Dimethylarginine (ADMA)",27262.81456,32931.53086,27671.61257,30356.30005,35727.33688,37025.84943,33820.3584,37344.71729,34543.88114,38129.37545,28703.52106,32369.9376,52362.4876,51920.89385,52374.3566,47566.76039,220229.2834,177184.7184,213978.0475,218340.4946,33147.31613,51370.78844,56671.08975,33237.1235,110017.271,81274.60578,139090.9577,151679.1638,26319.14025,25423.046,31486.92421,61869.647,63382.23363,70667.96794,23719.28271,22177.86345,68065.05667,45341.89367,14452.34288,52255.59733,37118.22183,38167.88956,77289.355,19339.35467,21603.51283,53598.27538,27870.1625,96165.91568,52816.24237,42657.41458,58357.73333,57715.69417,48434.01825,64372.93889,60700.1295,55499.57767,66356.81806,30103.58906,62323.38267,29007.11888,103281.7442,33853.48194,80252.15362,88229.48839,64458.982,67207.17,45115.6902,42920.482,47008.48727,52591.19333,48960.53732,78572.32913,52242.976,41986.83225,57481.35617,34017.79089,31095.48031,36562.21633,77865.29167,48400.30556,1,99807.5956,50735.24639,43194.41111,114548.7936,30915.652,85442.7275,68266.58523,79731.055,71561.39248,100246.4469,64312.19111,33176.882,122919.4272,36805.51117,31593.50954,41784.58044,49083.67333,40904.68144,53237.17583
N1-Methyl-2-pyridone-5-carboxamide,8802.0119,8706.447,9844.29,5938.5925,1,1,1,1,1,1,1,1,22678.992,17649.428,21446.49731,19903.01775,168677.8631,203517.471,156118.326,201740.7793,3927.669,11982.89942,11440.3256,4926.8205,60622.18693,58255.29619,130397.6147,124141.276,17890.25117,17854.3651,1,19040.77729,18009.87267,20348.4078,103529.8211,5299.672,300983.393,23374.49267,1,6940.163167,1,13775.6926,78369.32991,26888.741,4438.9072,71673.921,21259.656,85218.42,108123.8808,89892.6765,10967.618,22286.4,7533.91,76364.29286,54168.94879,8977.41285,69221.27612,1,76095.41107,1,23357.19455,18905.513,74682.19767,63929.77879,59002.61788,70878.34,18963.3535,10237.0495,1,67350.24038,1,45945.16803,16997.59183,3827.71,33320.6677,1,1,21002.26333,37980.46622,10949.11875,37067.76268,98280.77566,1,18353.4912,25286.2155,7867.66575,37197.52275,23774.96423,1,16223.80392,66789.88313,35036.28257,1,131673.8696,16471.81667,1,10953.17082,64025.38071,43175.678,15284.42943
N1-Methyl-4-pyridone-3-carboxamide,20285.724,17523.48542,20089.64939,21112.159,1,1,1,1,1,1,1,1,37733.70906,37396.4,32041.20375,34703.4553,20201.1165,24300.855,27306.315,31232.87257,1,1,1,74266.443,1,1,10896.93269,16599,1,1,1,1,2387.972917,2477.541667,42533.88756,1,33366.72514,63687.13371,34664.25286,1,31930.50117,1,12038.24436,5471.457409,1,1,54474.00825,1,23187.65075,1,1,1,1,10742.06364,4474.25825,19577.4165,1,1,1,11226.96429,1,3393.643133,1,41881.69569,1,1,1994.622385,1,1,1,1,1,1,93500.46975,7783.630568,1,1,1,1,1,5383.830667,11201.12121,1,1,54255.62656,1,3162.611083,2702.4608,1,39622.572,10498.754,1,1,15349.77168,1,1,1,5560.320857,8412.5668,1
N5-Methyl-L-glutamine,17923.54375,12152.058,17527.80875,1,24617.89125,22299.024,25356.36439,22555.52238,1,1,1,1,5741.274,1,1,1,42274.94559,46245.76871,46366.78196,56884.98825,8403.872917,1,1,1,388151.3605,415937.5893,55180.42782,35636.998,1,5773.088081,4000.430682,1,72516.7737,73194.16547,18553.2815,13895.736,12455.97727,49739.8587,16161.13543,8042.474844,1067.978571,7800.793083,39336.44607,36022.91294,10382.37131,14019.488,23484.59811,132101.1404,9142.959,5170.040455,2096.6062,1,21059.035,11293.58071,7610.475692,1,97459.52057,38443.47189,52411.328,1,129939.381,1,88605.447,60052.65104,14493.27646,131520.773,39959.03912,43133.37039,1,50938.661,1,50617.63649,46073.02724,4157.184842,37077.93607,15687.73246,1,22436.56614,82673.26813,73726.33164,103937.8107,136973.392,50293.19379,39764.2887,1,1,3694.345643,46529.73486,114470.4084,13246.24125,106385.2095,22651.95538,3835.1775,52307.529,1,1,12945.21436,1,8731.674,8721.522
"N6,N6,N6-Trimethyllysine",9441.610667,12155.35357,11599.17321,10941.10614,12699.998,14227.881,12310.00575,12134.05543,12022.02288,12960.27114,8983.786875,10094.78429,7564.186,6752.614,5986.108,8215.258333,23156.02543,24970.42114,20276.665,25406.24114,7935.668,20464.936,15930.17563,13767.38186,21082.84786,32581.52494,20637.43581,26564.45025,7700.540571,9642.194667,11707.42514,25738.36913,25292.81813,28553.28644,9461.984,10871.10113,12481.42757,11235.1145,7733.668,8350.8255,7553.5675,15135.72357,25318.20389,14760.5025,11264.967,35296.0955,19175.5315,24689.1225,15543.47079,15126.39686,14537.74875,7918.018583,20820.828,14788.48393,16870.03571,7183.265429,12801.272,8915.116667,8756.904583,1,23660.45831,8728.260714,33975.47183,14564.23543,26764.854,19054.55357,9340.989,12158.97086,1,34719.34513,12855.15,40312.00536,12960.30469,17536.731,15801.04181,7683.187429,4666.931143,32709.156,40979.20581,8793.2295,26127.1435,35954.8831,31657.059,13775.39033,28611.17745,9604.376833,89862.78518,9863.670857,14317.20471,16658.55085,13425.153,8133.45,4886.230571,14742.16625,9087.162286,1,14066.155,10742.58,11807.825,8904.883571
UM1,73008.84403,60273.16695,33114.48,34216.7404,76023.6925,65925.4453,64747.11476,71138.59248,43514.51804,38674.43734,34083.16046,27808.79514,16077.7501,17783.643,21034.00329,15809.09153,36182.30935,37032.90042,33170.8721,31590.41745,66529.42121,80875.65243,78507.937,3772.265625,10777.28744,1,29512.66129,98673.59973,1,1,7888.927,1,200105.9847,211101.1501,57862.29493,1,1,39355.14233,118754.9785,1,1,34465.50947,47968.47187,1,8293.526357,175325.8667,1,1,26280.61127,1,9198.844541,6360.853958,53159.28916,83535.8623,1,34268.78994,10986.98993,11002.27064,51666.78087,23570.45858,35100.7552,29054.89348,1,35603.4445,3977.8545,1,6999.696,1,533514.0959,71462.6145,1,146951.9258,20423.7855,31740.20125,49941.01694,1,23320.3125,122266.6638,129511.8159,1,156084.9956,26963.00469,84530.83267,22410.12137,880520.071,252865.424,1344125.12,10123.48983,22504.18847,1391146.902,125014.3568,1,4392.515714,1,1,1,12269.01986,16635.96164,13231.40784,1
UM2,73008.84403,60273.16695,33114.48,34216.7404,76023.6925,65925.4453,64747.11476,71138.59248,43514.51804,38674.43734,34083.16046,27808.79514,16077.7501,17783.643,21034.00329,15809.09153,36182.30935,37032.90042,33170.8721,31590.41745,66529.42121,80875.65243,78507.937,3772.265625,10777.28744,1,29512.66129,98673.59973,1,1,7888.927,1,200105.9847,211101.1501,57862.29493,1,1,39355.14233,118754.9785,1,1,34465.50947,47968.47187,1,8293.526357,175325.8667,1,1,26280.61127,1,9198.844541,6360.853958,53159.28916,83535.8623,1,34268.78994,10986.98993,11002.27064,51666.78087,23570.45858,35100.7552,29054.89348,1,35603.4445,3977.8545,1,6999.696,1,533514.0959,71462.6145,1,146951.9258,20423.7855,31740.20125,49941.01694,1,23320.3125,122266.6638,129511.8159,1,156084.9956,26963.00469,84530.83267,22410.12137,880520.071,252865.424,1344125.12,10123.48983,22504.18847,1391146.902,125014.3568,1,4392.515714,1,1,1,12269.01986,16635.96164,13231.40784,1
UM3,1,7737.633341,9354.99978,7555.672396,23184.32486,1,1,16668.21471,11197.68471,1,12941.7,1,1,9812.666674,11579.59598,1,9092.7994,10137.87716,1,10005.3189,9892.120154,1,13562.66692,1,1,1,1,17196.47314,1,1,14293.46967,1,1,1,1,14439.1781,1,1,1,18547.07148,1,1,1,7985.365167,28826.4544,1,18424.70426,17005.48304,19113.92267,4809.511167,42704.18087,1,38164.46025,11421.3864,10547.76067,1,1,9472.164308,1,13258.83012,12066.95313,10977.09119,1,12774.80477,6672.077937,6806.191109,32692.16874,4044.411,125378.5689,36632.35306,24554.71317,47773.0224,3371.721,39578.18771,20370.66861,26922.18502,15166.17996,32267.72546,18415.39963,22920.74565,26086.47745,8116.883571,1,86442.47452,65288.8225,1,60479.2275,32167.77568,1,38021.33129,17101.72598,77969.42788,31433.588,1,1,24597.60468,45454.5315,74198.12445,77380.02153,13208.94933
UM4,4566.250872,5099.715382,2929.733154,4472.669654,3205.268289,3604.674143,3772.49125,3748.76775,4444.68775,3686.732656,3503.1429,3928.086833,2710.61075,3249.6675,2562.921692,1,3735.44225,3559.042778,3678.408889,3362.3688,3265.297789,1,1,3966.1025,5344.65135,1,4777.133263,4619.784,3360.422,1,1877.6114,4670.093476,1,1,5693.304,4444.035316,1,1,5605.8316,4661.756,4921.974946,3543.632455,3409.636235,1,1,1,1,1,1,1,7267.184571,7038.828886,8530.196857,5627.162444,11011.25243,9107.398036,7643.861842,9108.057,8274.56555,11896.63073,6363.154206,7174.660615,4793.741944,3843.438889,7697.669708,1,16784.25038,1,9992.602,14301.87231,5752.247237,9343.298418,7791.064675,8781.157895,7838.595693,8923.1625,9997.0548,4835.6542,6124.129375,1,20087.228,14076.8017,21883.49236,13265.77575,12266.68546,13630.03253,7135.532167,1,1,1,8923.006,23899.60271,23230.74829,15816.90825,9480.468129,11555.86171,16641.01939,12014.40122,10045.53292,8065.089444
UM5,1,7737.633341,9354.99978,7555.672396,23184.32486,1,1,16668.21471,11197.68471,1,12941.7,1,1,9812.666674,11579.59598,1,9092.7994,10137.87716,1,10005.3189,9892.120154,1,13562.66692,1,1,1,1,17196.47314,1,1,14293.46967,1,1,1,1,14439.1781,1,1,1,18547.07148,1,1,1,7985.365167,28826.4544,1,18424.70426,17005.48304,19113.92267,4809.511167,42704.18087,1,38164.46025,11421.3864,10547.76067,1,1,9472.164308,1,13258.83012,12066.95313,10977.09119,1,12774.80477,6672.077937,6806.191109,32692.16874,4044.411,125378.5689,36632.35306,24554.71317,47773.0224,3371.721,39578.18771,20370.66861,26922.18502,15166.17996,32267.72546,18415.39963,22920.74565,26086.47745,8116.883571,1,86442.47452,65288.8225,1,60479.2275,32167.77568,1,38021.33129,17101.72598,77969.42788,31433.588,1,1,24597.60468,45454.5315,74198.12445,77380.02153,13208.94933
UM6,14578.77543,9591.1992,8287.4485,9287.523,30489.77067,53462.0493,32750.01311,30505.37414,16111.036,30076.95938,22673.81783,32988.29208,14500.39255,11939.26696,16018.52633,1,7103.2975,6187.901214,17353.878,6383.003308,12563.44924,16876.695,15385.16955,1,1,1,7145.530667,16707.7008,7384.731429,1,15361.32057,11720.87007,1,19897.4688,7662.648233,1,7221.825385,8339.623891,20120.97024,25337.27478,7804.3705,20344.77,7270.332378,4979.426667,44743.17708,1,1,14883.05738,1,1,45998.59143,11896.51696,53018.25131,9918.767435,13403.20643,10354.90583,9994.828655,1,14652.79784,13298.35505,7024.354143,8068.40125,1,1,7458.516542,1,1,1,128450.933,1,32794.40326,30093.9705,3418.9664,40986,18368.28192,38277.59375,17445.19817,1,1,16666.06217,35561.97556,11793.24,30796.52602,31829.87155,82948.56626,149675.9722,50286.4937,40666.61119,10085.12183,48420.7392,1,35419.07068,1,1,21647.44324,4828.695667,48850.18333,1,1,18082.93026
UM7,208937.4965,204654.5118,177695.5173,203752.5102,8442.415778,1,7082.660619,6633.235,7385.511429,8651.076,703.0406667,7241.472444,23524.94737,1,19826.48588,19466.3265,311413.824,319844.5678,330175.6831,340332.0678,162472.5228,235665.5547,237980.6853,102945.1455,85078.89475,86706.5892,400634,333508.8027,25141.20622,31175.81071,98311.044,1,211780.2246,206018.2255,16658.91267,12371.7135,67769.10018,226572.8954,144367.7142,146493.6843,31776.20556,125831.4555,372368.3485,235865.3302,7598.403077,52275.746,87083.53925,7788.496538,115884.5763,124258.19,3184.763889,56154.7525,81176.50036,68019.094,1,59519.6016,71731.1673,33362.0485,1493.053714,936.66,83725.31,1,45527.7202,22799.81511,1,40402.785,41187.689,43457.335,1,55515.47475,49625.1593,96620.524,42834.60565,66442.1408,40155.00836,73493.5284,8346.645214,56164.54244,47031.41712,37704.86256,12899.99025,74735.556,73248.63203,1,1,1,48332.80575,26242.62379,43408.6364,1,53648.75455,895.788,42526.13857,1,30562.36625,1,617.3254286,1,1,1
UM8,7139.5878,7755.980094,6396.517273,5090.068846,10557.54869,9127.141071,10650.54954,9741.430286,15510.30758,14421.95,15038.71875,14044.9307,6082.860278,6856.417778,5410.711,7314.410143,14354.03338,11470.00671,11882.50062,17092.15769,9037.766875,10999.5606,8974.185545,10765.10832,3883.867211,3054.6312,21739.37145,26802.4329,2369.844957,1977.442133,19256.05582,4018.894429,20943.738,19798.7455,28655.87203,4583.988857,1,9396.435833,14058.655,3929.87545,3950.263167,5428.575,2770.087692,6703.005857,823.0899444,4265.999833,817.4481,6420.26,1,1308.957154,13707.7115,1652.106,4252.488308,3632.344545,18913.85038,17183.18657,11641.15867,2354.768514,15960.8144,17711.277,21509.12675,1,7201.59,12001.19372,5634.015667,1,5586.1956,1,9123.697441,5158.193125,5348.819143,18068.37067,22732.224,13250.95344,9692.795227,3420.359722,16932.0726,24589.93222,26580.1235,7925.783284,35366.4196,12725.90719,7484.438063,14511.16775,4982.53275,3080.948571,36113.4234,9487.1975,1,24723.52844,13509.51805,4688.863891,1826.608929,7956.032,1,1190,1666.698091,12327.04356,10409.6715,1507.6742
UM9,8716.54,6056.175259,1,7984.297794,6158.533941,4786.317,14861.87938,3518.402727,4907.278333,11676.39883,3860.650688,3911.497375,2835.518769,1,1,2603.030833,3780.807692,3366.552,2874.6575,4499.085846,12528.52945,5917.499545,3935.789,4517.356571,4994.448,6762.839059,2532.50587,5387.452714,4735.7838,7020.9523,6986.590756,9002.813481,7286.270143,5146.916727,6304.534476,6307.147,5159.19375,5150.928682,5779.241613,5956.559974,6676.651923,7930.676309,3847.9224,7726.952957,6502.506727,3885.095769,4849.554286,3992.497714,3995.472545,7892.520833,5276.645333,4683.800195,2529.8025,2611.109833,3063.979167,2378.021885,3123.697211,4612.914942,1,3641.634684,2451.77625,3319.328133,1,1,4898.2478,4311.052778,2628.6291,1,3311.83125,2224.9932,1,2119.051923,1,1957.2449,2464.573379,2796.660357,2719.722692,2269.191167,4658.428625,3591.155,5557.292583,4315.322,3487.2215,2630.6245,4288.642571,5421.3936,4208.3325,4662.641778,3896.94925,4800.029,4797.094714,4446.291667,5948.606625,3349.539,3446.980568,3934.883571,4027.602222,3080.2669,6665.983333,4828.953108
UM10,731205.2664,676754.3359,638237.925,580861.27,1204292.793,1268399.145,1152341.24,1147945.946,739300.9594,586836.25,592711.1341,638298.9038,458177.4069,421700.1555,459317.0864,389155.6915,309006.9191,253738.5717,277825.152,292218.1274,335047.4488,484651.9591,522398.4494,174300.892,149004.9989,140312.5022,199399.783,417263.3996,150245.3598,178168.5599,707643.9436,475694.1179,604328.5025,658152.7032,400052.8688,845225.7375,345517.7517,569696.8027,659134.476,788434.0177,347934.8959,709845.177,211234.2169,260057.3092,1023559.152,153428.9118,244565.8596,964514.7054,629074.0836,192208.2798,856664.8223,283641.4855,1030988.596,200424.8255,398154.8873,505287.5841,215904.4614,244890.2441,209540.9711,247872.9148,152036.3011,233602.7124,22001.98739,628352.8374,241569.554,278780.83,783176.403,57764.10386,2122929.026,227433.9749,709028.3994,673544.5234,95266.07305,1385992.705,491868.7593,505866.9492,320047.1594,134910.6624,126380.9848,264037.103,536277.058,135024.846,721846.5102,626797.8571,1106117.353,1057084.21,708246.0917,439831.1953,288873.182,1196386.194,552052.368,972480.1869,533305.1525,471568.5916,215060.8373,469285.3954,661065.4236,1297220.542,1191957.075,414594.8582
UM11,6397.037744,5665.416425,5021.643077,5205.973597,11246.56295,6111.558641,11933.84857,2986.338288,13308.53002,11918.70388,12422.76135,11644.51851,7224.155513,6675.645,9836.020124,6719.859466,10258.79503,7987.546316,6523.992647,9107.925913,7467.819868,10802.37692,7843.150486,5585.812112,9282.666167,12641.08207,12859.09683,6507.511368,5706.419063,5090.226034,2734.19599,12340.87854,6019.174849,4291.453267,18468.97247,15895.55957,11437.47135,5811.0276,3664.801171,4322.016932,6294.361973,4802.827346,14685.3725,23324.39085,15612.69121,35121.5876,7550.61425,12346.52817,24340.29455,23317.57363,5276.65912,3969.573063,1347.029412,20529.52268,8812.09052,49668.45975,25738.401,15691.58055,46963.81905,15694.49,4146.868,9455.772368,13853.63134,61037.876,45367.086,6343.634889,3563.096615,4817.538615,9866.678958,3506.661444,5356.221636,5706.297154,22774.61343,3445.561292,3267.569571,6251.483219,5918.713376,6415.68375,8081.686462,8511.7044,8232.49025,5478.655386,4846.585721,7445.832167,10811.96342,5951.780683,12300.11833,5756.925829,4593.575194,4802.7824,13453.19721,5020.220471,4717.992476,5302.792368,9018.2441,4994.156094,4554.041997,19797.7,20122.45791,5730.685764
UM12,12880.37136,20607.84828,21732.97284,19768.89944,6075.28161,4700.774592,5158.16001,4734.729947,2234.724014,2147.481216,2776.204571,2167.536338,4145.203606,4554.835214,4823.787417,5706.994667,9781.58325,10154.44751,13293.24468,10181.23637,6607.910289,5663.402482,5283.03329,22623.25154,12579.07605,13945.01752,36145.63272,34584.65673,2995.24725,3221.684935,3038.698242,9609.094286,54820.2866,59451.35846,39785.45777,5778.803904,5909.206656,7051.620397,9127.769266,6251.668261,2919.950695,15648.69643,59898.17817,7703.159275,5789.535896,32016.40139,5288.872742,75279.40541,25070.51937,19387.01785,3155.6325,11212.8795,3120.970159,3639.923565,22165.60675,14281.06143,2071.134,6203.89863,4834.937955,6885.847304,22603.20364,29185.61945,48713.95021,27011.01241,9652.395385,2039.136075,11201.38167,9328.2362,1773.523083,11348.05371,5095.8575,8365.6027,14300.24825,4592.389802,3295.7015,9199.024805,4772.846794,6944.453674,4381.476,9112.414308,8475.888413,58485.59441,10762.63154,15674.82024,17306.11751,6406.111674,44212.41193,6539.5295,113979.2739,24371.415,31460.08698,5835.57864,6031.800048,54768.81056,7812.963789,7353.424191,7349.346667,7119.3745,6046.772211,12161.16929
UM13,12880.37136,20607.84828,21732.97284,19768.89944,6075.28161,4700.774592,5158.16001,4734.729947,2234.724014,2147.481216,2776.204571,2167.536338,4145.203606,4554.835214,4823.787417,5706.994667,9781.58325,10154.44751,13293.24468,10181.23637,6607.910289,5663.402482,5283.03329,22623.25154,12579.07605,13945.01752,36145.63272,34584.65673,2995.24725,3221.684935,3038.698242,9609.094286,54820.2866,59451.35846,39785.45777,5778.803904,5909.206656,7051.620397,9127.769266,6251.668261,2919.950695,15648.69643,59898.17817,7703.159275,5789.535896,32016.40139,5288.872742,75279.40541,25070.51937,19387.01785,3155.6325,11212.8795,3120.970159,3639.923565,22165.60675,14281.06143,2071.134,6203.89863,4834.937955,6885.847304,22603.20364,29185.61945,48713.95021,27011.01241,9652.395385,2039.136075,11201.38167,9328.2362,1773.523083,11348.05371,5095.8575,8365.6027,14300.24825,4592.389802,3295.7015,9199.024805,4772.846794,6944.453674,4381.476,9112.414308,8475.888413,58485.59441,10762.63154,15674.82024,17306.11751,6406.111674,44212.41193,6539.5295,113979.2739,24371.415,31460.08698,5835.57864,6031.800048,54768.81056,7812.963789,7353.424191,7349.346667,7119.3745,6046.772211,12161.16929
UM14,12880.37136,20607.84828,21732.97284,19768.89944,6075.28161,4700.774592,5158.16001,4734.729947,2234.724014,2147.481216,2776.204571,2167.536338,4145.203606,4554.835214,4823.787417,5706.994667,9781.58325,10154.44751,13293.24468,10181.23637,6607.910289,5663.402482,5283.03329,22623.25154,12579.07605,13945.01752,36145.63272,34584.65673,2995.24725,3221.684935,3038.698242,9609.094286,54820.2866,59451.35846,39785.45777,5778.803904,5909.206656,7051.620397,9127.769266,6251.668261,2919.950695,15648.69643,59898.17817,7703.159275,5789.535896,32016.40139,5288.872742,75279.40541,25070.51937,19387.01785,3155.6325,11212.8795,3120.970159,3639.923565,22165.60675,14281.06143,2071.134,6203.89863,4834.937955,6885.847304,22603.20364,29185.61945,48713.95021,27011.01241,9652.395385,2039.136075,11201.38167,9328.2362,1773.523083,11348.05371,5095.8575,8365.6027,14300.24825,4592.389802,3295.7015,9199.024805,4772.846794,6944.453674,4381.476,9112.414308,8475.888413,58485.59441,10762.63154,15674.82024,17306.11751,6406.111674,44212.41193,6539.5295,113979.2739,24371.415,31460.08698,5835.57864,6031.800048,54768.81056,7812.963789,7353.424191,7349.346667,7119.3745,6046.772211,12161.16929
UM15,12880.37136,20607.84828,21732.97284,19768.89944,6075.28161,4700.774592,5158.16001,4734.729947,2234.724014,2147.481216,2776.204571,2167.536338,4145.203606,4554.835214,4823.787417,5706.994667,9781.58325,10154.44751,13293.24468,10181.23637,6607.910289,5663.402482,5283.03329,22623.25154,12579.07605,13945.01752,36145.63272,34584.65673,2995.24725,3221.684935,3038.698242,9609.094286,54820.2866,59451.35846,39785.45777,5778.803904,5909.206656,7051.620397,9127.769266,6251.668261,2919.950695,15648.69643,59898.17817,7703.159275,5789.535896,32016.40139,5288.872742,75279.40541,25070.51937,19387.01785,3155.6325,11212.8795,3120.970159,3639.923565,22165.60675,14281.06143,2071.134,6203.89863,4834.937955,6885.847304,22603.20364,29185.61945,48713.95021,27011.01241,9652.395385,2039.136075,11201.38167,9328.2362,1773.523083,11348.05371,5095.8575,8365.6027,14300.24825,4592.389802,3295.7015,9199.024805,4772.846794,6944.453674,4381.476,9112.414308,8475.888413,58485.59441,10762.63154,15674.82024,17306.11751,6406.111674,44212.41193,6539.5295,113979.2739,24371.415,31460.08698,5835.57864,6031.800048,54768.81056,7812.963789,7353.424191,7349.346667,7119.3745,6046.772211,12161.16929
UM16,211760.5703,324199.7877,213857.3809,274719.459,282240.9966,256997.1198,287127.4167,328808.0273,182865.4213,232720.2741,131553.3618,117942.5948,100333.022,68163.78097,58705.5183,53043.96892,136257.1867,100674.2514,175071.2223,129126.0626,437892.2162,365814.6772,276426.0005,35178.30448,54941.97177,67068.22686,131288.1725,458107.6891,23549.76615,17057.63292,42494.02454,18196.96218,1251245.951,992955.7807,244720.3963,17907.281,9431.835327,157844.7249,406928.1562,66176.61188,60631.07139,158973.4435,172770.2898,48751.09965,40956.27561,625153.4554,15708.00397,37162.69652,112756.2961,17112.05503,6129.192857,3799.503727,44703.97996,92747.42258,25360.1625,44077.36473,15017.83062,10934.50825,55359.80057,27757.62055,43972.33888,41297.92388,15307.465,35311.16836,4685.046947,11697.89088,17583.41516,1069.078881,723336.9495,69416.50934,25475.08203,142375.1339,17604.88221,67470.45014,2227.208845,16994.70061,18619.40364,101608.0085,109974.5904,3501.295498,308621.534,29078.45984,141261.9085,30084.55412,454358.4654,299634.3756,530453.9988,11995.9966,29333.92103,1612659.811,132881.6063,2698.100303,3918.421995,13945.17735,9978.123549,35626.22674,18794.93824,21834.75442,13386.79246,15146.33419
UM17,211760.5703,324199.7877,213857.3809,274719.459,282240.9966,256997.1198,287127.4167,328808.0273,182865.4213,232720.2741,131553.3618,117942.5948,100333.022,68163.78097,58705.5183,53043.96892,136257.1867,100674.2514,175071.2223,129126.0626,437892.2162,365814.6772,276426.0005,35178.30448,54941.97177,67068.22686,131288.1725,458107.6891,23549.76615,17057.63292,42494.02454,18196.96218,1251245.951,992955.7807,244720.3963,17907.281,9431.835327,157844.7249,406928.1562,66176.61188,60631.07139,158973.4435,172770.2898,48751.09965,40956.27561,625153.4554,15708.00397,37162.69652,112756.2961,17112.05503,6129.192857,3799.503727,44703.97996,92747.42258,25360.1625,44077.36473,15017.83062,10934.50825,55359.80057,27757.62055,43972.33888,41297.92388,15307.465,35311.16836,4685.046947,11697.89088,17583.41516,1069.078881,723336.9495,69416.50934,25475.08203,142375.1339,17604.88221,67470.45014,2227.208845,16994.70061,18619.40364,101608.0085,109974.5904,3501.295498,308621.534,29078.45984,141261.9085,30084.55412,454358.4654,299634.3756,530453.9988,11995.9966,29333.92103,1612659.811,132881.6063,2698.100303,3918.421995,13945.17735,9978.123549,35626.22674,18794.93824,21834.75442,13386.79246,15146.33419
UM18,211760.5703,324199.7877,213857.3809,274719.459,282240.9966,256997.1198,287127.4167,328808.0273,182865.4213,232720.2741,131553.3618,117942.5948,100333.022,68163.78097,58705.5183,53043.96892,136257.1867,100674.2514,175071.2223,129126.0626,437892.2162,365814.6772,276426.0005,35178.30448,54941.97177,67068.22686,131288.1725,458107.6891,23549.76615,17057.63292,42494.02454,18196.96218,1251245.951,992955.7807,244720.3963,17907.281,9431.835327,157844.7249,406928.1562,66176.61188,60631.07139,158973.4435,172770.2898,48751.09965,40956.27561,625153.4554,15708.00397,37162.69652,112756.2961,17112.05503,6129.192857,3799.503727,44703.97996,92747.42258,25360.1625,44077.36473,15017.83062,10934.50825,55359.80057,27757.62055,43972.33888,41297.92388,15307.465,35311.16836,4685.046947,11697.89088,17583.41516,1069.078881,723336.9495,69416.50934,25475.08203,142375.1339,17604.88221,67470.45014,2227.208845,16994.70061,18619.40364,101608.0085,109974.5904,3501.295498,308621.534,29078.45984,141261.9085,30084.55412,454358.4654,299634.3756,530453.9988,11995.9966,29333.92103,1612659.811,132881.6063,2698.100303,3918.421995,13945.17735,9978.123549,35626.22674,18794.93824,21834.75442,13386.79246,15146.33419
UM19,211760.5703,324199.7877,213857.3809,274719.459,282240.9966,256997.1198,287127.4167,328808.0273,182865.4213,232720.2741,131553.3618,117942.5948,100333.022,68163.78097,58705.5183,53043.96892,136257.1867,100674.2514,175071.2223,129126.0626,437892.2162,365814.6772,276426.0005,35178.30448,54941.97177,67068.22686,131288.1725,458107.6891,23549.76615,17057.63292,42494.02454,18196.96218,1251245.951,992955.7807,244720.3963,17907.281,9431.835327,157844.7249,406928.1562,66176.61188,60631.07139,158973.4435,172770.2898,48751.09965,40956.27561,625153.4554,15708.00397,37162.69652,112756.2961,17112.05503,6129.192857,3799.503727,44703.97996,92747.42258,25360.1625,44077.36473,15017.83062,10934.50825,55359.80057,27757.62055,43972.33888,41297.92388,15307.465,35311.16836,4685.046947,11697.89088,17583.41516,1069.078881,723336.9495,69416.50934,25475.08203,142375.1339,17604.88221,67470.45014,2227.208845,16994.70061,18619.40364,101608.0085,109974.5904,3501.295498,308621.534,29078.45984,141261.9085,30084.55412,454358.4654,299634.3756,530453.9988,11995.9966,29333.92103,1612659.811,132881.6063,2698.100303,3918.421995,13945.17735,9978.123549,35626.22674,18794.93824,21834.75442,13386.79246,15146.33419
UM20,211760.5703,324199.7877,213857.3809,274719.459,282240.9966,256997.1198,287127.4167,328808.0273,182865.4213,232720.2741,131553.3618,117942.5948,100333.022,68163.78097,58705.5183,53043.96892,136257.1867,100674.2514,175071.2223,129126.0626,437892.2162,365814.6772,276426.0005,35178.30448,54941.97177,67068.22686,131288.1725,458107.6891,23549.76615,17057.63292,42494.02454,18196.96218,1251245.951,992955.7807,244720.3963,17907.281,9431.835327,157844.7249,406928.1562,66176.61188,60631.07139,158973.4435,172770.2898,48751.09965,40956.27561,625153.4554,15708.00397,37162.69652,112756.2961,17112.05503,6129.192857,3799.503727,44703.97996,92747.42258,25360.1625,44077.36473,15017.83062,10934.50825,55359.80057,27757.62055,43972.33888,41297.92388,15307.465,35311.16836,4685.046947,11697.89088,17583.41516,1069.078881,723336.9495,69416.50934,25475.08203,142375.1339,17604.88221,67470.45014,2227.208845,16994.70061,18619.40364,101608.0085,109974.5904,3501.295498,308621.534,29078.45984,141261.9085,30084.55412,454358.4654,299634.3756,530453.9988,11995.9966,29333.92103,1612659.811,132881.6063,2698.100303,3918.421995,13945.17735,9978.123549,35626.22674,18794.93824,21834.75442,13386.79246,15146.33419
UM21,211760.5703,324199.7877,213857.3809,274719.459,282240.9966,256997.1198,287127.4167,328808.0273,182865.4213,232720.2741,131553.3618,117942.5948,100333.022,68163.78097,58705.5183,53043.96892,136257.1867,100674.2514,175071.2223,129126.0626,437892.2162,365814.6772,276426.0005,35178.30448,54941.97177,67068.22686,131288.1725,458107.6891,23549.76615,17057.63292,42494.02454,18196.96218,1251245.951,992955.7807,244720.3963,17907.281,9431.835327,157844.7249,406928.1562,66176.61188,60631.07139,158973.4435,172770.2898,48751.09965,40956.27561,625153.4554,15708.00397,37162.69652,112756.2961,17112.05503,6129.192857,3799.503727,44703.97996,92747.42258,25360.1625,44077.36473,15017.83062,10934.50825,55359.80057,27757.62055,43972.33888,41297.92388,15307.465,35311.16836,4685.046947,11697.89088,17583.41516,1069.078881,723336.9495,69416.50934,25475.08203,142375.1339,17604.88221,67470.45014,2227.208845,16994.70061,18619.40364,101608.0085,109974.5904,3501.295498,308621.534,29078.45984,141261.9085,30084.55412,454358.4654,299634.3756,530453.9988,11995.9966,29333.92103,1612659.811,132881.6063,2698.100303,3918.421995,13945.17735,9978.123549,35626.22674,18794.93824,21834.75442,13386.79246,15146.33419
UM22,211760.5703,324199.7877,213857.3809,274719.459,282240.9966,256997.1198,287127.4167,328808.0273,182865.4213,232720.2741,131553.3618,117942.5948,100333.022,68163.78097,58705.5183,53043.96892,136257.1867,100674.2514,175071.2223,129126.0626,437892.2162,365814.6772,276426.0005,35178.30448,54941.97177,67068.22686,131288.1725,458107.6891,23549.76615,17057.63292,42494.02454,18196.96218,1251245.951,992955.7807,244720.3963,17907.281,9431.835327,157844.7249,406928.1562,66176.61188,60631.07139,158973.4435,172770.2898,48751.09965,40956.27561,625153.4554,15708.00397,37162.69652,112756.2961,17112.05503,6129.192857,3799.503727,44703.97996,92747.42258,25360.1625,44077.36473,15017.83062,10934.50825,55359.80057,27757.62055,43972.33888,41297.92388,15307.465,35311.16836,4685.046947,11697.89088,17583.41516,1069.078881,723336.9495,69416.50934,25475.08203,142375.1339,17604.88221,67470.45014,2227.208845,16994.70061,18619.40364,101608.0085,109974.5904,3501.295498,308621.534,29078.45984,141261.9085,30084.55412,454358.4654,299634.3756,530453.9988,11995.9966,29333.92103,1612659.811,132881.6063,2698.100303,3918.421995,13945.17735,9978.123549,35626.22674,18794.93824,21834.75442,13386.79246,15146.33419
UM23,83690.39073,92299.97307,96636.13028,77057.71606,70607.03513,94997.77441,87176.07883,62106.58253,106735.6271,83387.04231,91096.02736,71519.01788,58733.24324,60209.00084,54127.48711,47428.09814,65875.33462,60237.711,53883.91923,81645.28923,125927.7268,77757.91135,69094.8287,80466.25568,67728.62441,67074.20565,63128.9835,58929.38596,85450.1934,82289.90571,83805.40269,80270.21041,68728.05297,82587.225,82664.14775,72235.40184,74724.36246,94845.32474,76837.91692,95600.19888,105734.0811,87433.42734,97912.442,1924.137324,575.6632018,459.0934631,133.3560799,382.6882622,505.7910413,545.4868382,81818.87163,80619.97579,76991.77125,63103.1386,89931.758,70926.14048,65823.12343,85433.2845,79180.91667,79208.72893,93066.04534,64605.31713,70951.21916,55714.74288,60227.59295,72767.69382,75969.84026,89490.76736,93806.79295,92659.07495,116625.0873,73539.42283,64333.75661,81101.61613,68360.17767,85685.9291,61978.40489,87676.88523,81386.41403,118287.6417,82672.80279,68241.46415,95876.5625,109074.9186,74698.90649,98664.96754,64500.72989,87324.5165,93102.20132,80698.18842,84820.33408,146694.9183,97313.8926,87117.14155,77994.58815,91762.05461,82647.4801,100946.9153,90368.89384,102269.3599
UM24,90464.2016,84607.4291,118164.6702,113156.4899,187947.0886,274848.2606,142309.5062,153387.5856,245072.3306,214418.508,193295.8902,236703.5264,102610.496,83996.83511,97695.9891,77739.32575,56122.23995,46191.4624,43383.34283,60254.08683,54361.52115,160905.5616,169253.1992,62339.32875,37034.76805,32443.27017,22487.93458,43149.87141,53391.37232,62364.1694,207477.4952,127431.0214,78968.12309,65394.39308,58237.96443,162570.9252,47516.54664,67580.75192,69000.83697,147362.7679,81709.31737,101325.557,34512.29984,40685.99091,430802.6757,28619.80795,63871.19838,56328.1176,131104.8971,43587.19446,299890.6208,71033.73423,110342.2883,24662.0088,62472.55352,60934.92875,23340.93989,41332.08127,23564.25856,46019.16625,40630.10286,78175.00537,16316.19145,70177.87636,24811.05841,28683.70263,115332.7246,23172.69006,362909.0165,17873.91717,88606.65834,74882.59943,15007.27332,389654.8378,61438.99574,169785.0565,69552.40439,84209.50931,55182.50815,28151.05475,42029.16434,30749.61676,104147.419,100776.8466,283242.2567,324054.9278,75054.78098,74718.91166,262922.8688,258006.2925,78815.81161,125623.1718,126209.0643,43322.08833,58234.95098,132225.7357,98425.73354,188657.8633,193176.6188,100830.2436
UM25,83690.39073,92299.97307,96636.13028,77057.71606,70607.03513,94997.77441,87176.07883,62106.58253,106735.6271,83387.04231,91096.02736,71519.01788,58733.24324,60209.00084,54127.48711,47428.09814,65875.33462,60237.711,53883.91923,81645.28923,125927.7268,77757.91135,69094.8287,80466.25568,67728.62441,67074.20565,63128.9835,58929.38596,85450.1934,82289.90571,83805.40269,80270.21041,68728.05297,82587.225,82664.14775,72235.40184,74724.36246,94845.32474,76837.91692,95600.19888,105734.0811,87433.42734,97912.442,1924.137324,575.6632018,459.0934631,133.3560799,382.6882622,505.7910413,545.4868382,81818.87163,80619.97579,76991.77125,63103.1386,89931.758,70926.14048,65823.12343,85433.2845,79180.91667,79208.72893,93066.04534,64605.31713,70951.21916,55714.74288,60227.59295,72767.69382,75969.84026,89490.76736,93806.79295,92659.07495,116625.0873,73539.42283,64333.75661,81101.61613,68360.17767,85685.9291,61978.40489,87676.88523,81386.41403,118287.6417,82672.80279,68241.46415,95876.5625,109074.9186,74698.90649,98664.96754,64500.72989,87324.5165,93102.20132,80698.18842,84820.33408,146694.9183,97313.8926,87117.14155,77994.58815,91762.05461,82647.4801,100946.9153,90368.89384,102269.3599
UM26,83690.39073,92299.97307,96636.13028,77057.71606,70607.03513,94997.77441,87176.07883,62106.58253,106735.6271,83387.04231,91096.02736,71519.01788,58733.24324,60209.00084,54127.48711,47428.09814,65875.33462,60237.711,53883.91923,81645.28923,125927.7268,77757.91135,69094.8287,80466.25568,67728.62441,67074.20565,63128.9835,58929.38596,85450.1934,82289.90571,83805.40269,80270.21041,68728.05297,82587.225,82664.14775,72235.40184,74724.36246,94845.32474,76837.91692,95600.19888,105734.0811,87433.42734,97912.442,1924.137324,575.6632018,459.0934631,133.3560799,382.6882622,505.7910413,545.4868382,81818.87163,80619.97579,76991.77125,63103.1386,89931.758,70926.14048,65823.12343,85433.2845,79180.91667,79208.72893,93066.04534,64605.31713,70951.21916,55714.74288,60227.59295,72767.69382,75969.84026,89490.76736,93806.79295,92659.07495,116625.0873,73539.42283,64333.75661,81101.61613,68360.17767,85685.9291,61978.40489,87676.88523,81386.41403,118287.6417,82672.80279,68241.46415,95876.5625,109074.9186,74698.90649,98664.96754,64500.72989,87324.5165,93102.20132,80698.18842,84820.33408,146694.9183,97313.8926,87117.14155,77994.58815,91762.05461,82647.4801,100946.9153,90368.89384,102269.3599
UM27,83690.39073,92299.97307,96636.13028,77057.71606,70607.03513,94997.77441,87176.07883,62106.58253,106735.6271,83387.04231,91096.02736,71519.01788,58733.24324,60209.00084,54127.48711,47428.09814,65875.33462,60237.711,53883.91923,81645.28923,125927.7268,77757.91135,69094.8287,80466.25568,67728.62441,67074.20565,63128.9835,58929.38596,85450.1934,82289.90571,83805.40269,80270.21041,68728.05297,82587.225,82664.14775,72235.40184,74724.36246,94845.32474,76837.91692,95600.19888,105734.0811,87433.42734,97912.442,1924.137324,575.6632018,459.0934631,133.3560799,382.6882622,505.7910413,545.4868382,81818.87163,80619.97579,76991.77125,63103.1386,89931.758,70926.14048,65823.12343,85433.2845,79180.91667,79208.72893,93066.04534,64605.31713,70951.21916,55714.74288,60227.59295,72767.69382,75969.84026,89490.76736,93806.79295,92659.07495,116625.0873,73539.42283,64333.75661,81101.61613,68360.17767,85685.9291,61978.40489,87676.88523,81386.41403,118287.6417,82672.80279,68241.46415,95876.5625,109074.9186,74698.90649,98664.96754,64500.72989,87324.5165,93102.20132,80698.18842,84820.33408,146694.9183,97313.8926,87117.14155,77994.58815,91762.05461,82647.4801,100946.9153,90368.89384,102269.3599
UM28,27003.32371,23830.67408,23226.46192,24874.54833,33147.51804,32044.63167,31836.53829,31488.16978,36256.49294,28767.65518,34743.2225,35069.49317,16884.89492,18722.8775,18761.31522,16718.66566,36845.52508,43242.15986,45115.93575,42806.52939,12337.799,20467.62791,18236.24719,25811.82364,54030.72562,51037.90696,58133.07189,76503.55982,8049.7075,7488.743125,26891.40583,23593.58495,14177.1465,14146.867,20173.39188,9950.545818,13637.4501,19907.1975,42542.37814,11308.56845,34268.25348,8746.394364,67360.21335,24421.0545,18599.19238,26762.23075,25354.88299,16302.8824,5254.239486,10345.44906,24816.89657,18369.06873,77614.06384,8277.7455,52681.85571,16277.32808,13507.39767,17770.34571,17897.81792,52747.3397,24242.28415,35848.46556,28895.62673,22718.07227,10981.41297,41046.06319,45695.73781,23374.98423,8220.8,9674.973556,16219.55731,18823.43295,57651.04,16991.22205,14004.33819,4983.393077,18560.92563,19054.89177,66289.69359,48519.85847,46482.33238,60754.81221,23825.61576,29846.46055,13848.35448,8543.261087,21791.41385,26767.85498,62237.77748,16491.43246,24751.98385,28906.17345,18807.3148,31122.95692,23201.86826,17722.74291,20806.73617,39343.88794,36572.21815,40621.338
UM29,27003.32371,23830.67408,23226.46192,24874.54833,33147.51804,32044.63167,31836.53829,31488.16978,36256.49294,28767.65518,34743.2225,35069.49317,16884.89492,18722.8775,18761.31522,16718.66566,36845.52508,43242.15986,45115.93575,42806.52939,12337.799,20467.62791,18236.24719,25811.82364,54030.72562,51037.90696,58133.07189,76503.55982,8049.7075,7488.743125,26891.40583,23593.58495,14177.1465,14146.867,20173.39188,9950.545818,13637.4501,19907.1975,42542.37814,11308.56845,34268.25348,8746.394364,67360.21335,24421.0545,18599.19238,26762.23075,25354.88299,16302.8824,5254.239486,10345.44906,24816.89657,18369.06873,77614.06384,8277.7455,52681.85571,16277.32808,13507.39767,17770.34571,17897.81792,52747.3397,24242.28415,35848.46556,28895.62673,22718.07227,10981.41297,41046.06319,45695.73781,23374.98423,8220.8,9674.973556,16219.55731,18823.43295,57651.04,16991.22205,14004.33819,4983.393077,18560.92563,19054.89177,66289.69359,48519.85847,46482.33238,60754.81221,23825.61576,29846.46055,13848.35448,8543.261087,21791.41385,26767.85498,62237.77748,16491.43246,24751.98385,28906.17345,18807.3148,31122.95692,23201.86826,17722.74291,20806.73617,39343.88794,36572.21815,40621.338
UM30,27003.32371,23830.67408,23226.46192,24874.54833,33147.51804,32044.63167,31836.53829,31488.16978,36256.49294,28767.65518,34743.2225,35069.49317,16884.89492,18722.8775,18761.31522,16718.66566,36845.52508,43242.15986,45115.93575,42806.52939,12337.799,20467.62791,18236.24719,25811.82364,54030.72562,51037.90696,58133.07189,76503.55982,8049.7075,7488.743125,26891.40583,23593.58495,14177.1465,14146.867,20173.39188,9950.545818,13637.4501,19907.1975,42542.37814,11308.56845,34268.25348,8746.394364,67360.21335,24421.0545,18599.19238,26762.23075,25354.88299,16302.8824,5254.239486,10345.44906,24816.89657,18369.06873,77614.06384,8277.7455,52681.85571,16277.32808,13507.39767,17770.34571,17897.81792,52747.3397,24242.28415,35848.46556,28895.62673,22718.07227,10981.41297,41046.06319,45695.73781,23374.98423,8220.8,9674.973556,16219.55731,18823.43295,57651.04,16991.22205,14004.33819,4983.393077,18560.92563,19054.89177,66289.69359,48519.85847,46482.33238,60754.81221,23825.61576,29846.46055,13848.35448,8543.261087,21791.41385,26767.85498,62237.77748,16491.43246,24751.98385,28906.17345,18807.3148,31122.95692,23201.86826,17722.74291,20806.73617,39343.88794,36572.21815,40621.338
UM31,25539.34964,34982.28611,29712.402,21349.78698,22983.32536,23396.87114,23633.80942,16375.74989,39727.18867,38603.89443,44608.92319,47105.47782,4339.52407,5657.813274,5040.221725,4811.75199,12845.45229,17474.26507,17509.03808,16792.45,72377.9343,4726.164985,3420.746163,11982.94536,22842.29338,21932.8906,90865.7125,165660.1193,117612.8651,116167.5137,194824.1829,28858.37782,45168.5416,51302.65135,20801.74804,6657.761091,2143.575188,9374.758074,12644.48294,6586.240456,10042.09176,9201.72555,23447.14079,9244.83166,3224.063938,3323.190858,6365.929873,1313.759321,8616.639676,37489.80725,7109.695511,10360.02756,6382.357966,3954.852,8898.784364,15549.65937,19266.73417,4933.963404,11073.521,5024.75425,11807.5472,8692.631567,4005.851165,3574.99228,5718.838458,319.7824821,1871.772087,5520.4296,20407.67439,43419.6889,14442.09912,11503.86971,11190.39167,12855.98139,18949.55826,12582.68472,6440.401361,836.8535671,32886.33869,3943.077273,134834.5146,1023.296272,4163.043907,7178.684841,46530.65878,15686.80492,131851.3961,9139.626133,1476.149165,118659.0721,18479.99475,2123.691773,6356.903346,75417.6255,5622.4365,4608.738785,5852.202243,7563.352821,9345.465157,3330.30528
N-Acetylneuraminic acid,6697.145,6806.138667,7864.5895,6849.401417,4200.86565,4624.478786,4444.482,4276.121921,31518.39247,30308.4012,26561.17929,31824.87638,5428.726063,4295.056813,5393.1245,4558.785,29886.12583,31590.12545,31419.64533,30991.98933,8523.861333,6523.394286,5945.577143,1909.700962,38577.03056,37406.58214,50278.53361,53625.82967,4011.572308,3598.789714,5162.123571,11347.03527,13823.42843,15323.83143,4881.580357,3606.909286,7873.563,6972.215467,6871.598067,3894.3097,3720.124,5748.04,29089.146,1,1,9889.315028,1,10039.09594,745.7800789,3593.821107,3651.107538,8712.805933,5525.091,7249.497,12344.88843,4896.961333,20523.38195,9546.313412,18034.37092,15567.20541,14032.9425,4577.285731,20922.88893,18402.6666,20182.79309,9146.6232,5782.392033,9594.249375,5699.864133,14555.98305,6019.418083,20634.6044,5597.310821,7269.8472,4948.3118,5290.896164,4237.315875,8112.552789,13328.3535,5539.755467,17318.27544,79904.475,10971.79085,8086.287867,19655.84412,4920.1152,6558.2825,11751.37275,8723.770833,6047.938618,6299.638615,8721.567969,8378.358696,26545.48658,4280.561667,5806.229658,5594.563636,12628.902,11837.55667,8932.632941
N-Acetyltryptophan,68063.5905,65523.53667,69415.77154,60700.79575,191808.1216,171839.325,173560.8559,187337.556,158672.3907,162662.0129,149426.528,152911.0021,88742.29033,84292.654,97898.58375,87239.76938,154520.6459,142729.3567,141476.4356,177526.6318,330814.4149,10884.726,11501.077,1,4153.226,2285.5556,325290.9392,470714.085,1,1317.3912,4877.725,1,1027476.581,1077468.247,997979.2405,1,1,1,9941.465955,1,1,1,36312.57171,70563.17288,1,678904.8751,1,179446.6049,1,1,1,6523.764,1,105668.0888,680689.0667,383492.2362,476970.5987,4486.104,1373944.683,1,1425792.071,1084.747467,674669.0742,880195.2077,537224.6681,3553.846714,16121.34767,1,421435.8462,4167.095,1,657734.9779,240779.8667,1,328939.1371,1733.454,319623.2457,932155.8248,819217.4201,2316.3012,918484.872,1115923.124,13148.07554,182156.92,71585.56304,1,1180358.903,14522.19323,1,234515.118,644316.5714,1,1,669915.603,3383.893333,3734.237,1472.797833,1108284.189,772664.2135,1
N-Acetyltryptophan1,229586.3,218225.7379,209865.3845,208508.0856,483902.3345,483704.6382,446153.3707,740325.803,669313.1968,956603.1801,930468.2915,677601.4564,411532.8271,290215.3217,291582.2895,406195.5881,597186.3142,518417.3846,539844.5096,574591.0664,1219182.66,45158.1216,37106.6376,6387.858892,5675.691306,4464.220538,699087.4259,1093896.333,10030.69173,8804.442438,42739.71627,4177.521673,3263270.886,3354841.378,3630194.771,3976.502871,7451.217307,3077.483535,27533.68579,2671.198543,3311.038104,8484.01652,91931.82687,250099.2978,3553.530399,1345910.13,7124.469088,382844.8438,2589.155548,684.7636681,6072.843247,7841.1,1971.597736,344935.2736,1988746.958,552342.9576,627531.4323,3110.035941,3136132.823,22842.658,3728574.199,3326.182373,1428864.628,1978377.445,1135461.222,1002.996299,41300.58206,4983.232373,1198665.683,5098.239335,4552.646351,1142929.006,429264.1942,7468.089724,3314.261513,3420.445859,1107890.82,2293561.233,1444626.771,3373.1941,1569044.981,1288198.173,22121.92617,459279.5269,313173.52,2200.990909,2545789.94,33292.63191,4727.58258,1002351.84,1529205.198,4340.623947,2241.907089,1652934.051,2701.06161,3143.79375,4889.453627,2773325.555,2430672.427,2773.591231
N-Hydroxyl-tryptamine,57669.834,41445.18,46685.6325,45022.99467,121385.5745,124196.5815,83090.07173,1,92584.95517,96886.46871,88739.21825,99316.4425,38937.86242,39777.24935,39592.12443,40341.74,57770.56096,59836.77625,62039.349,66669.92654,108728.792,21142.94955,19385.142,33803.523,1,1,111271.0226,172267.4649,15864.189,17586.38933,25356.232,22951.42457,342255.0137,373166.4319,314550.7139,37228.72686,18696.63221,1,23342.10945,14920.8818,21518.2275,4065.1863,22276.86255,49081.30082,29109.08108,271819.8788,14021.41543,5554.4,43067.7675,40430.57333,35566.51892,13983.805,21941.8639,40821.31754,187603.2868,115177.8135,135645.7707,11304.69783,336348.1256,23336.72587,352173.7998,13954.6875,168861.1275,225034.083,156429.2449,1,33733.13038,1,139128.1549,17423.494,17379.84,164238.7646,71974.82481,20550.19292,95942.21958,16111.90233,124800.016,242430.4296,169682.3121,16891.01379,241788.98,287672.3769,26160.579,73340.49163,48091.84219,46706.91775,294809.6292,14467.2675,10438.895,92668.925,177773.9553,20429.53857,14347.33417,227193.7635,20890.4875,23050.313,17278.044,245896.8103,249389.118,20462.19456
Norleucine,29998.9364,34095.57345,27719.84596,30804.741,55541.8631,54492.77804,54508.93996,52998.86107,64672.23293,62712.74717,51641.16125,51546.85393,33569.865,34666.34478,37091.86738,31791.61886,27765.33668,25225.49728,26006.17489,22312.63222,24320.81665,49613.46773,39622.13156,47642.62795,24112.2735,25050.69376,9715.688,21407.95057,48670.94933,68376.62107,22983.47537,47573.58029,10327.70724,10310.92035,12616.20949,43009.64333,22864.636,18103.73323,46248.20705,23424.60845,63338.67292,18332.50074,36113.28514,34591.38371,47839.33333,27285.93563,25628.3096,21087.92445,54208.847,79930.31576,52600.51385,22767.38444,39974.89588,9820.208423,25912.074,19671.745,16756.11715,24469.85195,11796.53746,29627.53009,16351.6925,37509.12658,7008.708857,16499.27779,22200.31179,20666.78421,27942.369,17398.39708,165706.5584,21307.05489,40428.08855,25805.92238,7807.878818,26372.26891,29433.38742,20615.24578,15607.66442,19410.86817,19369.9152,23101.48093,19643.968,20283.31393,40343.20395,31786.44373,48311.32706,45844.45667,46362.36303,10062.50915,7698.903395,13611.93367,17131.1526,32148.6496,20935.55356,14169.62669,38692.67015,41843.82994,26474.9685,28052.6976,21650.4645,41269.64524
Norleucine1,245222.8026,240066.4513,1,1,318758.6251,322059.294,293700.0401,1,310020.6092,281182.5374,289381.0238,293700.7441,306964.3736,328027.4142,387194.6197,293336.6443,168476.8111,147284.0742,144715.1192,161250.1556,183399.6,312011.8717,302740.2843,323711.0866,152090.3669,145776.2995,86031.00677,101480.1689,294069.2143,286596.5013,191616.465,260138.7018,77547.43083,91953.28867,109401.8657,338204.559,143643.2684,163929.4283,189664.0714,203795.213,361898.0215,179501.635,286448.2443,226325.2883,295754.6,177147.1392,208627.0562,187517.423,398854.6345,353075.0035,484363.2482,273563.7397,381490.7131,242779.0579,408841.2979,265763.9554,163980.5824,374136.1154,159139.6221,301937.8714,252189.3348,306512.9391,159031.5928,197677.2115,183676.0186,267105.2794,378142.5717,186315.0798,923010.0028,242275.2964,313783.372,303672.6458,210584.6784,275119.6515,302295.4949,296789.3563,243422.3683,281399.3383,271041.1167,292787.506,185510.195,245271.3767,366501.384,291128.6664,376604.5095,336075.4561,433849.9996,114348.3649,134997.192,263192.9857,180923.3923,279200.2377,218119.72,193042.2057,270153.3631,337722.9075,224221.5082,302537.6804,283947.0648,330879.0742
Octanoylcarnitine (Car(8:0)),27608.23071,22453.192,24678.91407,21940.56429,14071.21486,15962.9545,16003.39371,9734.771167,11958.57542,14856.0525,15297.90757,9832.545833,14759.283,16290.30475,15772.21442,13496.3494,116921.1528,73091.701,62075.97,74616.41,99131.03829,26043.769,21573.69336,20169.26057,79166.698,82579.07063,111010.7917,91136.40362,14232.31714,12470.304,20604.58875,52176.84863,39835.46462,49562.89329,45191.538,4818.564,49001.6675,23206.6115,46420.76614,17101.39486,29744.6595,53683.37812,28103.80607,51534.51129,21834.42407,114026.7714,25570.06186,577951.4821,57435.68639,24688.428,9248.0835,12291.8665,40400.17,15496.91733,37033.44857,9834.011714,34369.68937,12428.694,43739.14844,28345.89062,138993.8113,63621.4035,58612.95429,50965.63675,84856.28125,176659.6391,30588.701,24437.50114,21236.58607,26801.11607,16178.416,65931.338,28846.377,18022.60221,43705.84516,18424.01693,21436.47338,36292.34886,62109.41247,19534.30443,16430.83312,53475.17713,64983.93657,19208.17762,24104.38875,15285.15625,41782.29067,51486.80478,16724.412,13883.27708,65641.17767,21752.1595,7013.3735,11588.15679,25267.57813,26902.37143,51190.71167,51233.21936,39186.4745,38883.4362
Oleamide,1458190.495,1344255.405,1186813.713,931334.733,470112.8265,842033.5053,878594.1811,1036813.582,375378.6017,1094979.673,2046176.276,714669.8274,295303.737,1197320.664,198851.2883,553877.1715,265825.0398,1196492.133,381962.4334,751173.5725,469832.5985,590923.558,660467.6867,502522.0702,332734.43,511596.8517,277828.6593,1198788.322,994799.2809,1238539.364,1000363.328,1656989.819,322544.4794,982713.8842,1834269.889,763167.3214,1023563.706,994620.6147,611796.8313,1423143.452,583134.5463,1205416.8,633806.4057,802561.0341,560919.928,1194480.819,238123.3517,1562099.207,853896.759,1792100.067,882200.7686,613664.1325,517446.2722,1406863.907,1809794.501,800710.0457,871391.3242,971334.936,220028.1086,1291888.52,926401.2258,1186065.422,2472088.948,803324.9037,1227255.398,457101.248,1059282.825,1098035.542,282831.6833,835456.4542,813325.8744,896746.1119,755958.5396,857658.4168,960702.2962,766858.3221,1164884,1046052.093,244758.8212,1205972.318,532948.3628,1167765.775,1145575.353,195976.55,812331.0978,930311.1579,665933.712,853285.9255,1133490.429,866877.0136,944673.4965,1141322.065,518061.74,440694.0751,1097845.922,935757.7383,1044504.96,694400.9409,795480.5621,1935148.696
Oleic acid,1,561.2832249,1142.126645,1,1,231.2685358,260.0690303,1,356.8605339,183.8714447,51.91259436,1,2068.99375,1898.9853,1952.4825,2043.391333,1582.4403,1572.6452,1657.392,1693.459524,1,437.386834,260.8636771,1768.555556,650.0460793,290.7105813,520.7099193,1946.304925,1215.463039,249.3498502,2350.394509,983.0902778,3431.301429,2301.01196,838.6803709,1,2252.828842,2286.695471,747.329397,1,1,1,664.728367,5689.8847,2552.4528,503.6544698,57.44438703,3579.27151,4980.639611,7914.582158,1150.558444,1326.045,4048.926615,3072.28875,3187.549,852.8449,1107.3012,2968.504167,1324.52635,2822.87475,5597.089143,3999.855333,2606.779227,1355.163395,1433.491,3117.941615,8044.128824,2660.4963,2189.371167,1875.096563,992.486,1705.013409,2119.075182,1941.370667,3256.249538,1950.283067,1384.323722,1870.79225,3165.638,1873.36875,326.5642047,5839.5165,8531.729692,8925.607796,2097.678,2023.221538,721.4635009,1609.79875,2357.015654,287.3854525,2785.598591,12157.03573,11448.6008,2136.063333,1368.5035,8016.783393,3158.564538,5051.428846,5764.118067,3542.608731
omega-Muricholic acid,9783.41396,7270.817431,8297.146744,9175.544837,32158.64621,29090.06434,29680.66868,30377.09181,28347.2801,24715.44114,21771.35087,20976.9275,34173.2207,32327.56382,31111.0855,32310.20925,271305.6129,243730.1384,232544.9881,250709.2145,515.6428573,192880.95,163947.9176,411.0420441,12805.28553,13319.45361,209976.84,127776.0016,679.227408,588.3417849,2858.568084,15999.975,2063.719811,1836.995339,5476.855,9635.6525,1065.527601,2153.931567,1220.370291,10660.10638,4335.347807,2985.035269,4412.976328,2599.119916,7732.610484,1,4915.406858,12145.77437,745.8164511,223.6538333,62782.31281,888334.5148,1915.192082,5663.222571,12423.42589,17005.417,51228.86447,87458.90182,963.1340534,10579.00827,59998.0125,14265.57697,1988.475429,2859.065139,7116.564,7954.356667,2670.672508,2745.770143,2524.080264,426.8405728,12847.41671,1471.843593,11075.40622,4633.156111,19269.483,4782.897292,31261.76126,244463.1102,7649.698929,28856.4707,942.2661316,3590.853368,17918.46304,3586.111585,3931.169654,8672.063605,1,8777.89,64031.03216,6720.119617,3070.567857,9960.87313,9111.367009,1091.11713,4661.052316,986.7093224,2947.718489,19525.118,15521.4814,24963.68793
o-Tyrosine,206245.26,196608.6785,192742.7535,186001.2607,241728.6885,229147.1275,192722.4914,212118.4731,125437.6774,112993.0966,109518.6055,118191.9779,120227.077,135670.1535,133034.4814,116289.9119,159130.922,158629.7668,158739.4088,163002.5213,159227.591,174481.7047,165399.3199,212189.0992,108780.966,109890.027,89372.11733,77955.91667,141284.864,163401.2987,191463.2983,183345.6265,93144.73467,93605.62863,85296.66814,250904.3268,191446.983,90155.646,181340.7878,185340.288,207490.6368,134271.5062,75434.1819,108329.1537,178251.1754,79624.60187,117636.2864,93104.25686,253559.7782,161883.2061,366218.5307,271676.0823,286928.8732,194056.8557,201853.28,158631.4869,63757.7665,249873.6531,70538.6476,208327.1326,184621.2905,173686.783,1,108364.2387,70951.683,201121.453,249983.7629,139832.926,271528.1153,237198.6006,190772.0398,1,144296,335663.7278,182495.2054,268446.1452,1,184937.5435,242617.7613,479024.1924,149058.8833,132985.1357,227617.347,318106.3102,896651.3019,375779.4927,215666.9912,105153.6146,1,242088.8473,178524.9419,244949.5958,202054.4233,84164.26926,238429.1717,281481.4886,251507.0155,255492.0604,205768.4363,181677.3455
o-Tyrosine1,9729.128077,10891.80612,8063.329083,8546.149333,12958.52525,16160.96045,15965.939,18090.143,10422.92625,14442.4443,8293.938364,8748.736471,8455.374542,6222.166889,7977.437273,5898.057933,15072.7486,18502.21936,17447.32248,18818.60933,10442.5125,18808.00814,14076.02127,20697.40585,7641.890909,9271.254,8555.527714,6272.709853,15539.63727,15510.0384,17135.529,14588.21,7303.7805,6462.912667,3832.4578,18584.92625,15723.66923,3442.725,14740.48725,7458.934778,15242.87689,5243.7861,7122.4854,14103.72243,23700.24154,1,13883.48781,7877.158333,36165.12538,65321.32821,24853.4624,15774.04683,21643.27471,3230.224487,8878.419272,6169.8,3217.38725,11707.01494,1,8144.16719,12124.8225,15968.3675,2188.346812,12107.91141,4322.459625,1,12932.59707,7591.272857,24303.10198,13478.3499,4880.770481,7277.076182,2612.67435,19920.32585,10138.6614,16760.27977,7225.311333,2936.835,1,28454.71772,15802.93367,6234.375,15337.92987,17113.40957,92574.19495,32502.86652,14463.759,8546.843804,5017.703041,12122.81112,11342.2845,10362.04555,16406.3439,5273.93625,19165.5009,15549.391,8473.729962,12353.27919,12310.9055,13989.46314
Oxaloacetate 4-methyl ester,23458.70825,23268.30806,22858.137,21974.32075,16555.87904,20795.5889,15560.66252,16949.55488,16998.75002,26704.93452,20142.31298,19517.61178,21766.16675,18546.77398,19656.91867,20001.79272,18580.25743,17310.02576,16424.22768,16700.73504,32233.67767,19160.49408,16624.28864,22362.48623,22631.04619,31851.76575,16247.30214,16162.08202,1,22176.4148,22001.49167,20397.5722,23331.90443,22702.26592,18729.6,19208.16858,27381.78938,17366.30396,19741.77648,20813.07891,22871.87417,22404.66083,22552.61155,1,1,1,1,1,1,1,43699.88625,40668.87356,48739.3,42748.14289,37692.82987,36280.99077,37443.82102,42200.59188,35237.13747,42293.4198,34702.12375,44276.23568,36832.92329,35392.46078,38908.79637,40980.09983,39480.59807,38130.08586,38603.44598,38478.37708,39817.77224,39650.5718,41688.17121,48052.3697,40083.29271,35386.63938,44134.54193,39472.105,31518.47893,40696.72174,38974.2744,35639.56177,44741.88341,35493.44643,28917.05266,41394.47781,35931.92968,37086.20425,38394.22097,33562.16827,32027.31576,49853.3314,48090.62272,35871.02981,50067.95,55141.4696,48378.29058,40584.01591,39888.37089,44908.04296
Palmitamide,252966.5264,259272.4051,205121.588,262674.0877,174826.796,140796.1673,169872.4062,160054.0528,71041.99118,269878.9317,370413.2141,122299.0841,200161.89,176411.6939,132911.4309,153535.8477,76389.92785,280301.4475,180962.5426,195040.1014,125324.7807,139830.969,120642.3095,114035.0376,80258.63165,120764.1219,65189.118,282323.5514,271333.0295,278982.51,222875.3746,349565.7003,104534.4195,224503.1026,306802.6176,161200.2059,290417.7811,173056.7296,159077.9179,311573.8467,170026.6286,220669.6713,160468.0858,131993.988,124714.2155,194160.7233,74254.97848,285572.8842,176103.7855,282227.9377,665365.9727,197331.2717,152358.4112,173147.0994,312686.015,165508.2965,144506.5701,195930.6652,76693.3226,218502.2129,191055.2945,284966.1114,606174.4131,130984.2096,212197.2348,108510.0032,250562.9927,204612.3381,86239.01682,142817.1269,163242.3912,136700.5195,133893.8056,134198.1847,212007.645,134397.38,187196.0739,180395.5725,99431.67985,211236.7995,113965.3282,199525.1625,198979.4913,94803.95656,148308.9407,185239.9363,126130.1337,194824.0483,163616.9061,215755.6027,163662.3753,198765.7044,169079.3682,156981.8696,206657.9533,210051.4921,149185.2081,131643.1313,125921.334,306799.3251
Palmitamide1,18881.05785,16804.65918,10345.842,21396.52446,20404.09973,13580.0785,18273.63012,1,20666.70985,17536.97491,18839.47924,14908.64294,15664.31427,14307.37985,16452.78871,16942.39175,16978.61606,14558.0022,16394.78141,15217.95068,1,11952.92382,1,1,17505.85508,16516.37488,17643.10565,19469.89818,20155.60994,16022.93737,19961.54409,20174.028,18664.76602,18674.78794,19696.19318,17705.35366,18045.97678,1,20590.47958,14856.37083,1,1,1,1,15777.52983,10189.83548,1,15545.53429,12247.68291,13757.11855,37031.69248,23653.96364,18192.70028,13553.26309,21161.34212,16844.33875,23985.51291,17919.04941,14374.85,14302.81797,14885.80584,11636.6523,1,1,1,1,15704.7085,1,1,1,13666.82039,1,10600.69093,7508.047882,11459.59402,1,14143.31386,15326.11412,17094.63681,19428.36053,22539.30267,21314.26485,13323.13279,1,20379.83541,17809.821,19189.91926,15222.46034,19727.29455,12176.08242,23265.55795,13991.65059,18710.84065,1,15242.94627,16836.93039,15557.83818,1,16621.51654,19958.98178
Palmitic acid,28508.76744,12948.46745,21396.52298,24718.21565,20463.45545,14967.22411,15767.68583,22376.277,21901.74705,23255.35483,32491.90475,19719.736,51175.5975,42691.38706,58641.95218,43594.48864,47625.17793,52039.28534,42699.48491,49830.80904,46325.234,31862.2185,21873.72664,18103.82966,56665.58963,46620.05138,32616.82297,32693.2875,52373.14205,86894.21659,50718.82854,24439.996,23339.13186,23012.97805,59727.25416,26032.50416,69429.95261,58393.44739,55004.79025,61423.93925,43470.59574,76646.10052,61371.94071,116958.7745,34361.17039,29977.80325,29875.19718,65705.05221,40283.99908,31928.29667,179581.0073,126375.8411,230563.8548,245506.3714,119231.7811,188554.6404,155849.3978,104316.8168,82485.00371,112011.3496,134744.2145,110023.7906,145880.8509,194246.5583,166567.6701,242317.3467,154974.2739,101400.882,60719.30224,131471.5857,105132.1838,120497.13,145233.396,206797.0651,202753.3578,103654.1611,158923.2181,105987.2478,124308.0396,92328.9931,106451.6781,132372.6166,168295.6747,77881.44902,98552.13771,108155.2939,215392.4384,123825.8217,110130.9428,57470.08782,144863.4347,82801.98308,125691.2539,160392.4039,82181.58533,117427.9558,117944.7646,120000.3688,130956.6174,167460.2293
Palmitoylcarnitine (Car(16:0)),82714.0132,87941.68889,83243.73585,85222.41281,29986.34026,28215.20863,28028.76625,25012.16006,23966.97,29843.55476,28773.63689,25377.76967,62462.93533,60557.43131,66270.11016,58299.13706,48913.79103,48166.77221,44641.08325,50172.98175,23714.62306,56333.85882,54628.045,90429.95216,24234.89465,23048.29013,71655.03022,156930.5129,38322.33035,40981.65022,87822.007,32181.58909,70408.09456,64024.52124,27795.07375,16298.42447,66196.129,54759.45094,39913.93366,22402.07904,47670.10503,13766.77,42440.63229,154265.0291,63508.06853,26561.27385,54484.72235,71188.18856,194948.584,147406.0702,73465.15153,70299.47125,266506.235,169463.9227,166051.9635,43293.42325,62510.42222,92602.14124,46251.55548,143287.3263,184334.5326,146454.4812,174041.2174,59072.92847,53376.96,204233.7531,527487.045,177022.4755,91074.75505,84836.59324,36213.29923,81650.77543,118048.45,94379.46132,131914.9308,126707.0331,62151.83966,88480.94106,99371.19853,58703.766,63568.26394,201824.3442,372042.3339,357700.5723,113168.8081,63464.52816,186785.1574,88407.71825,85730.36026,33049.06147,175889.9691,395349.2426,458299.2337,95093.22794,84131.9365,262387.1922,124919.3647,217962.4409,211529.4727,175090.539
PC(16:0/20:4),1,1,1,1,1,1,1,1,1,1,1,1,361044.2295,434377.996,1,1,271264.6585,1,1,1,230983.4906,366162.5826,326716.3106,1,795400.0452,631540.3442,1,1,195567.6151,186003.4187,1,1,493216.3561,555329.9093,364868.0169,1,748410.6318,443992.976,504593.4313,535175.2333,1,1,1,1,413127.2207,1,496515.66,602808.77,632666.3933,1,146999.9219,154298.9837,115206.7646,1,138428.1845,1,713900.0769,1,377303.7128,185607.9387,284867.9505,3668251.882,2185098.776,4617234.38,520130.5176,778630.8982,769812.6724,1,1,770609.7121,1,1434882.294,1,1655238.278,771521.2477,1,1830669.68,3678507.173,1,992461.3627,872608.273,1,1748767.094,1561043.142,3154483.207,1491321.774,1,1717227.513,1733976.504,1467723.667,458954.3489,1359237.06,1,868521.4568,1,1,1194171.805,709231.3743,428614.5153,256087.9414
PC(16:0/20:4)1,1,1,1,1,1,1,1,1,1,1,617805.5484,547952.6412,88533.714,432188.2422,1077425.405,665128.1509,254393.4082,321513.5862,640248.4184,578266.3237,434640.2468,288366.0075,288304.965,1,1,865158.8467,1949135.024,1,154918.0574,214188.703,355945.4454,741690.7796,483744.4412,511843.8333,338047.0197,458877.989,816879.0094,311466.1192,402107.9572,1056061.929,1,654184.0858,505668.3431,855181.0303,430251.7435,551572.3595,644065.0702,495135.9465,689320.8506,671531.6179,175430.0574,155092.1645,1,1,172347.2578,206144.4893,1090426.061,2492346.197,372332.6334,27615.20017,321540.1685,6769793.115,1,3305195.528,2239950.427,2063725.502,1289855.209,6507531.53,1,448017.3128,1158291.116,3970485.984,8878807.21,2145350.912,1824595.086,1,1590510.735,2080551.546,2304257.261,2027324.722,1001833.444,1046402.589,2530911.017,1231535.272,2131994.229,3153507.351,3841374.948,2610837.973,3525241.734,2875319.121,580334.0345,1419081.464,4584733.158,754998.7776,530950.9613,953755.1386,1656464.81,1295000.586,1258200.462,436108.2777
PC(16:0/20:4)2,1,1,1,1,1,1,1,1,1,1,2725.8,10654.15,7518.594444,6529.744286,5827.287857,1,3649.8,3865.906667,4107.290833,4640.323333,7182.1025,7721.175,8495.543571,12739.17273,12091.88571,9898.662,4174.433333,1,4003.964,3036.852,4056.151667,5906.179286,6790.664167,6776.535,6106.215833,14195.23615,3363.900909,4518.012188,6066.299167,9503.7275,5476.78,5964.68,5250.7125,1,9292.86875,7540.8125,9587.574545,8328.016667,3926.092708,8385.690455,9702.6825,6347.691429,6703.56,5899.35,7677.788462,18570.282,15704.1019,11688.02,8123.202609,5438.519211,25636.53065,22582.41488,49208.66442,16358.888,20011.35697,17682.93828,22648.65957,17604.4226,16079.50167,17534.02768,19102.4325,61458.2897,21659.90242,16673.47684,18337.36268,26774.08804,35562.96111,23947.99909,12878.30114,24260.2004,13865.21675,21263.17308,17971.59167,42771.47903,44845.0725,20116.2,16729.32938,20800.17263,29613.74684,18589.69412,14353.21514,19386.34816,14992.81472,19609.77073,23402.29808,17758.95313,21304.85,20715.625,23154.0612,20304
PC(16:0/20:4)3,1,1,1,1,1,1,1,1,1,1,1,15176.08979,18382.36538,14208.75314,13473.50785,14455.7868,12059.39136,3857.173532,12049.98,14965.53933,18643.33567,21567.37004,17039.25033,22757.11835,27953.01028,20882.46363,17134.75345,12237.06648,1,14889.42261,14642.8695,1,18896.61904,1,25563.68304,23977.13207,1,24371.32725,21923.56727,23029.34857,16040.25207,23813.63248,19013.76848,25003.728,29138.30677,12711.935,26957.42441,43917.99015,20908.27945,26982.97581,14710.31029,8261.701568,11122.03225,1,7821.527435,1,20511.207,15523.59235,7555.296212,8082.59724,44099.78857,34482.84136,51857.62474,26445.59531,33019.69423,44721.88833,27866.21782,213969.0726,1,24155.81791,6197.448258,68900.50788,27047.40992,1,29014.84047,42686.58219,59093.6808,17872.98182,19213.55975,19951.91764,15992.15465,15957.36225,20218.76775,24006.34422,31694.84427,17221.75488,31854.07722,23323.3103,31667.175,12012.51874,25423.81933,21238.27925,1,26809.64156,23925.2915,1,29190.97167,20065.55192,20435.11598,29312.81365
PC(16:0/20:4)4,1,1,1,1,1,1,1,1,1,1,1,38658.27674,1,20879.72091,19247.111,24941.6895,1,21950.94133,24073.64129,1,26947.60286,32153.96823,1,47508.88461,1,49152.06954,23502.78336,25593.64856,36733.56848,28055.23655,24025.80834,32764.82915,36193.478,52362.98756,42980.44114,40672.6173,70899.00618,47535.7583,1,39224.40211,29479.18957,47226.457,45588.88265,46631.56109,58812.22533,52261.27239,47365.79739,63308.44095,1,1,33036.04673,19518.58309,22930.7125,1,16741.5261,244656.9134,37709.68727,30564.47587,18971.35242,16846.5682,84860.28013,64785.6377,113868.8859,48399.98364,45068.69877,68212.82217,46458.75802,1,58165.86608,52886.8555,71194.47482,92442.63996,41895.13279,39827.16171,52876.87762,49765.70418,72249.66844,34669.92161,28894.7295,49180.63991,46209.31739,35147.14528,36627.96569,51770.26559,64044.54609,33245.64655,55055.1735,40481.35236,52734.67569,39559.67278,52911.32185,44678.14177,165271.795,39504.789,43297.44017,252141.1666,55460.67739,42296.98096,38690.88777,48126.81554
PC(18:0/18:1(9Z)),1,1,1,1,1,1,1,1,1,1,1,1,1,1,1,1,1,1,1,1,1,1,1,1,19206.32119,1,1,1,1,1,1,1,36027.845,1,1,32010.5358,1,1,147117.0503,1,1,1,1,1,1,1,34446.07975,1,1,1,268551.3522,327905.0729,339648.4615,190379.9531,572515.5608,153778.2895,191470.7468,222077.0568,200196.8427,148186.1392,219591.8949,358289.1669,360650.7326,390970.2766,250083.2626,113626.3331,1,1,72237.52594,1,74636.046,1,281748.2088,224954.7616,206729.2369,121653.3,122308.038,253066.0336,234997.7554,110860.5152,108091.0105,14550.53675,145443.3469,147594.6131,158251.7223,119909.9611,74342.22536,112756.1399,1,106940.814,510241.522,134273.1571,204915.1228,115311.3575,192271.4206,187574.8126,101701.0063,17476.29725,171707.8308,1
PC(18:1(9E)/18:1(9E)),1,1,1,1,1,1,1,1,1,1,1,1,1,1,1,1,1,1,1,1,1,1,1893.255,1,1,3536.09625,4539.448333,1,3208.57,1926.144,1,2066.508,1,1,2953.44,2141.509,2328.972,3715,2508.368,3158.82,1,2944.437,2818.804333,1,1,2711.233333,1,3378.515,2527.48,1,20002.17414,20202.87273,23081.2075,17818.34812,19221.62882,15793.60125,15800.93529,21482.59474,17293.458,18640.99841,14337.38824,15437.97,13117.63895,11554.97,7842.566667,3996.945,3867.90625,4944.671,6966.148,6383.232391,5124.7375,12588.35053,14311.55688,13938.03971,13489.58084,13482.26688,15548.59854,19924.78125,13860.28519,18709.95882,15221.63118,14810.003,18135.91667,15306.56909,18511.37826,17098.06875,19408.41043,18090.01875,15569.30804,1,11561.62,15732.87417,18964.715,20809.87238,18962.9412,16469.2584,17076.40688,13194.80848,14277.41471,14356.77727
PC(18:1(9E)/18:1(9E))1,1,1,1,1,1,1,1,1,1,1,1,1,1,1,1,1,1,1,1,1,1,1,1,2740.789333,1,7049.4625,5505.037241,6049.410609,1,6361.287391,6045.413458,1,6179.204032,1,6941.25126,1,6298.7781,6821.6955,1,7041.435917,5417.126645,6178.947793,5242.287769,6556.896614,6513.9835,7445.49408,6387.107059,10496.4375,7594.717065,6182.04496,39745.348,1,34405.339,25777.71417,19627.48098,19085.88627,19336.5425,19089.43625,5129.758985,24199.853,14996.40291,10946.10698,1,8574.50534,47087.99161,5624.837739,1,4519.082143,3598.94656,1,2996.18468,8447.67952,1,14075.89357,13636.24959,15016.25673,1,15121.71014,21462.76972,7875.975625,5202.969091,11700.43125,15704.87968,7045.925091,1,4554.436532,26322.21152,1,15491.77242,8363.3193,13172.6237,15584.15958,17227.99693,18833.52784,18461.01226,13342.17229,14712.56341,11577.42335,1,18870.73217
PC(18:1(9E)/18:1(9E))2,1,1,1,1,1,1,1,1,1,1,1,1,1,1,1,1,1,1,1,1,1,1,1,1,58239.04641,174715.8375,173674.4433,1,101504.1499,129773.1293,222946.4287,131932.121,214099.3302,109841.1114,229537.6263,154337.6245,66935.6465,1,1,302252.2676,111358.93,198442.0496,92304.4852,1,215732.0147,161660.1019,110282.616,328720.0475,296397.1977,195875.5362,816331.3064,1364845.779,971733.1085,1074203.338,1098821.085,1023799.789,772624.1987,1,1,1476620.5,1,931603.6112,1652636.908,506189.2448,317022.079,368184.0084,1,304022.2931,307943.1006,482548.4516,1,332895.2584,566214.4373,1145176.307,646392.4918,912846.2156,590465.6924,788017.4266,1612559.842,1495008.127,1166392.981,1287726.665,1,1,1475408.307,1290235.291,963411.1724,1197529.871,1,1123322.703,1067473.547,908140.8351,1048139.898,1404108.59,793215.3596,1085517.135,2656486.722,996026.5299,1194923.49,401129.921
PC(18:1(9Z)/18:1(9Z)),1,1,1,1,1,1,1,1,1,1,1,1,1,1,1,1,1,1,1,1,1,1,1893.255,1,1,3536.09625,4539.448333,1,3208.57,1926.144,1,2066.508,1,1,2953.44,2141.509,2328.972,3715,2508.368,3158.82,1,2944.437,2818.804333,1,1,2711.233333,1,3378.515,2527.48,1,20002.17414,20202.87273,23081.2075,17818.34812,19221.62882,15793.60125,15800.93529,21482.59474,17293.458,18640.99841,14337.38824,15437.97,13117.63895,11554.97,7842.566667,3996.945,3867.90625,4944.671,6966.148,6383.232391,5124.7375,12588.35053,14311.55688,13938.03971,13489.58084,13482.26688,15548.59854,19924.78125,13860.28519,18709.95882,15221.63118,14810.003,18135.91667,15306.56909,18511.37826,17098.06875,19408.41043,18090.01875,15569.30804,1,11561.62,15732.87417,18964.715,20809.87238,18962.9412,16469.2584,17076.40688,13194.80848,14277.41471,14356.77727
PC(18:1(9Z)/18:1(9Z))1,1,1,1,1,1,1,1,1,1,1,1,1,1,1,1,1,1,1,1,1,1,1,1,2740.789333,1,7049.4625,5505.037241,6049.410609,1,6361.287391,6045.413458,1,6179.204032,1,6941.25126,1,6298.7781,6821.6955,1,7041.435917,5417.126645,6178.947793,5242.287769,6556.896614,6513.9835,7445.49408,6387.107059,10496.4375,7594.717065,6182.04496,39745.348,1,34405.339,25777.71417,19627.48098,19085.88627,19336.5425,19089.43625,5129.758985,24199.853,14996.40291,10946.10698,1,8574.50534,47087.99161,5624.837739,1,4519.082143,3598.94656,1,2996.18468,8447.67952,1,14075.89357,13636.24959,15016.25673,1,15121.71014,21462.76972,7875.975625,5202.969091,11700.43125,15704.87968,7045.925091,1,4554.436532,26322.21152,1,15491.77242,8363.3193,13172.6237,15584.15958,17227.99693,18833.52784,18461.01226,13342.17229,14712.56341,11577.42335,1,18870.73217
PC(18:1(9Z)/18:1(9Z))2,1,1,1,1,1,1,1,1,1,1,1,1,1,1,1,1,1,1,1,1,1,1,1,1,58239.04641,174715.8375,173674.4433,1,101504.1499,129773.1293,222946.4287,131932.121,214099.3302,109841.1114,229537.6263,154337.6245,66935.6465,1,1,302252.2676,111358.93,198442.0496,92304.4852,1,215732.0147,161660.1019,110282.616,328720.0475,296397.1977,195875.5362,816331.3064,1364845.779,971733.1085,1074203.338,1098821.085,1023799.789,772624.1987,1,1,1476620.5,1,931603.6112,1652636.908,506189.2448,317022.079,368184.0084,1,304022.2931,307943.1006,482548.4516,1,332895.2584,566214.4373,1145176.307,646392.4918,912846.2156,590465.6924,788017.4266,1612559.842,1495008.127,1166392.981,1287726.665,1,1,1475408.307,1290235.291,963411.1724,1197529.871,1,1123322.703,1067473.547,908140.8351,1048139.898,1404108.59,793215.3596,1085517.135,2656486.722,996026.5299,1194923.49,401129.921
PC(18:2/18:2),1,1,1,1,1,1,1,1,1,1,1,1,361044.2295,434377.996,1,1,271264.6585,1,1,1,230983.4906,366162.5826,326716.3106,1,795400.0452,631540.3442,1,1,195567.6151,186003.4187,1,1,493216.3561,555329.9093,364868.0169,1,748410.6318,443992.976,504593.4313,535175.2333,1,1,1,1,413127.2207,1,496515.66,602808.77,632666.3933,1,146999.9219,154298.9837,115206.7646,1,138428.1845,1,713900.0769,1,377303.7128,185607.9387,284867.9505,3668251.882,2185098.776,4617234.38,520130.5176,778630.8982,769812.6724,1,1,770609.7121,1,1434882.294,1,1655238.278,771521.2477,1,1830669.68,3678507.173,1,992461.3627,872608.273,1,1748767.094,1561043.142,3154483.207,1491321.774,1,1717227.513,1733976.504,1467723.667,458954.3489,1359237.06,1,868521.4568,1,1,1194171.805,709231.3743,428614.5153,256087.9414
PC(18:2/18:2)1,1,1,1,1,1,1,1,1,1,1,617805.5484,547952.6412,88533.714,432188.2422,1077425.405,665128.1509,254393.4082,321513.5862,640248.4184,578266.3237,434640.2468,288366.0075,288304.965,1,1,865158.8467,1949135.024,1,154918.0574,214188.703,355945.4454,741690.7796,483744.4412,511843.8333,338047.0197,458877.989,816879.0094,311466.1192,402107.9572,1056061.929,1,654184.0858,505668.3431,855181.0303,430251.7435,551572.3595,644065.0702,495135.9465,689320.8506,671531.6179,175430.0574,155092.1645,1,1,172347.2578,206144.4893,1090426.061,2492346.197,372332.6334,27615.20017,321540.1685,6769793.115,1,3305195.528,2239950.427,2063725.502,1289855.209,6507531.53,1,448017.3128,1158291.116,3970485.984,8878807.21,2145350.912,1824595.086,1,1590510.735,2080551.546,2304257.261,2027324.722,1001833.444,1046402.589,2530911.017,1231535.272,2131994.229,3153507.351,3841374.948,2610837.973,3525241.734,2875319.121,580334.0345,1419081.464,4584733.158,754998.7776,530950.9613,953755.1386,1656464.81,1295000.586,1258200.462,436108.2777
PC(18:2/18:2)2,1,1,1,1,1,1,1,1,1,1,2725.8,10654.15,7518.594444,6529.744286,5827.287857,1,3649.8,3865.906667,4107.290833,4640.323333,7182.1025,7721.175,8495.543571,12739.17273,12091.88571,9898.662,4174.433333,1,4003.964,3036.852,4056.151667,5906.179286,6790.664167,6776.535,6106.215833,14195.23615,3363.900909,4518.012188,6066.299167,9503.7275,5476.78,5964.68,5250.7125,1,9292.86875,7540.8125,9587.574545,8328.016667,3926.092708,8385.690455,9702.6825,6347.691429,6703.56,5899.35,7677.788462,18570.282,15704.1019,11688.02,8123.202609,5438.519211,25636.53065,22582.41488,49208.66442,16358.888,20011.35697,17682.93828,22648.65957,17604.4226,16079.50167,17534.02768,19102.4325,61458.2897,21659.90242,16673.47684,18337.36268,26774.08804,35562.96111,23947.99909,12878.30114,24260.2004,13865.21675,21263.17308,17971.59167,42771.47903,44845.0725,20116.2,16729.32938,20800.17263,29613.74684,18589.69412,14353.21514,19386.34816,14992.81472,19609.77073,23402.29808,17758.95313,21304.85,20715.625,23154.0612,20304
PC(18:2/18:2)3,1,1,1,1,1,1,1,1,1,1,1,15176.08979,18382.36538,14208.75314,13473.50785,14455.7868,12059.39136,3857.173532,12049.98,14965.53933,18643.33567,21567.37004,17039.25033,22757.11835,27953.01028,20882.46363,17134.75345,12237.06648,1,14889.42261,14642.8695,1,18896.61904,1,25563.68304,23977.13207,1,24371.32725,21923.56727,23029.34857,16040.25207,23813.63248,19013.76848,25003.728,29138.30677,12711.935,26957.42441,43917.99015,20908.27945,26982.97581,14710.31029,8261.701568,11122.03225,1,7821.527435,1,20511.207,15523.59235,7555.296212,8082.59724,44099.78857,34482.84136,51857.62474,26445.59531,33019.69423,44721.88833,27866.21782,213969.0726,1,24155.81791,6197.448258,68900.50788,27047.40992,1,29014.84047,42686.58219,59093.6808,17872.98182,19213.55975,19951.91764,15992.15465,15957.36225,20218.76775,24006.34422,31694.84427,17221.75488,31854.07722,23323.3103,31667.175,12012.51874,25423.81933,21238.27925,1,26809.64156,23925.2915,1,29190.97167,20065.55192,20435.11598,29312.81365
PC(18:2/18:2)4,1,1,1,1,1,1,1,1,1,1,1,38658.27674,1,20879.72091,19247.111,24941.6895,1,21950.94133,24073.64129,1,26947.60286,32153.96823,1,47508.88461,1,49152.06954,23502.78336,25593.64856,36733.56848,28055.23655,24025.80834,32764.82915,36193.478,52362.98756,42980.44114,40672.6173,70899.00618,47535.7583,1,39224.40211,29479.18957,47226.457,45588.88265,46631.56109,58812.22533,52261.27239,47365.79739,63308.44095,1,1,33036.04673,19518.58309,22930.7125,1,16741.5261,244656.9134,37709.68727,30564.47587,18971.35242,16846.5682,84860.28013,64785.6377,113868.8859,48399.98364,45068.69877,68212.82217,46458.75802,1,58165.86608,52886.8555,71194.47482,92442.63996,41895.13279,39827.16171,52876.87762,49765.70418,72249.66844,34669.92161,28894.7295,49180.63991,46209.31739,35147.14528,36627.96569,51770.26559,64044.54609,33245.64655,55055.1735,40481.35236,52734.67569,39559.67278,52911.32185,44678.14177,165271.795,39504.789,43297.44017,252141.1666,55460.67739,42296.98096,38690.88777,48126.81554
Pentadecanoic acid,2449.521905,2184.283256,1200.604713,1550.29815,1434.452067,1703.446675,1048.141616,1484.779556,1415.775,1397.9196,1747.948966,1544.659232,2053.7045,2132.479652,2110.034034,1804.772692,2290.461688,2054.8461,2462.065227,3399.618,2775.086286,1415.948826,1158.66225,1511.140622,2644.406113,1809.71431,1895.248768,1954.2315,2382.38625,3811.011423,3725.370712,1810.614971,1861.684577,2030.364675,2113.373659,1701.452088,3811.668354,2779.643864,2914.623321,2440.801167,2699.311455,3977.651407,2783.900132,3388.244444,2584.925486,1437.734597,1947.577538,3550.762424,2134.561,2744.07137,14128.74959,5188.393811,5922.915333,5079.638921,6198.159462,4410.811182,4879.713,5303.244375,2374.337625,5649.033106,5349.63,5400.452423,5548.8675,3935.61697,5196.5785,6043.41675,6730.062857,5709.224909,8134.02,5402.755,5811.839069,4288.9275,5342.914378,3431.778675,6263.239375,4919.191469,5785.309619,4016.596185,5095.999368,5987.095446,6587.729417,6727.8376,4797.1191,4185.936031,6241.367455,4623.034,5399.613818,6014.440938,8560.66375,4622.965636,8996.525241,5889.318839,5294.413032,5343.766484,4865.642897,4717.235545,5250.292625,5656.7505,5910.894635,5782.376185
Phenylacetylglutamine,8368.748333,8216.2575,6548.702417,11295.78358,29027.24275,29472.0495,27688.20167,29270.31429,16344.6635,17024.40286,11792.06875,17152.875,4427.798,1,1,1,87938.66081,81790.40082,74979.675,85906.6355,35649.762,50403.52186,34374.03393,1,17369.3122,18272.4425,126468.365,27200.13557,15642.05657,13153.64533,5360.979,4617.6962,13331.03175,10085.3049,32829.7095,1,36535.32133,15589.911,16898.112,6698.0748,1,13793.34667,52192.03869,4055.4996,11885.46792,118525.9187,15112.64933,24586.632,27099.16307,27975.58615,48204.42621,119695.2342,26120.7375,5669.722143,87421.635,8568.9552,24151.99377,1,120906.5544,3072.355,29122.796,35849.54107,20376.16575,20096.85469,10558.89064,49332.10886,44960.31378,1,1,51102.85714,2782.724688,26734.62047,30989.058,5484.312923,32133.53573,34270.00788,1,22357.63129,63072.172,49249.69371,31624.726,14822.29867,33023.8982,90399.78233,73256.808,10595.96171,10046.74275,16873.12086,15917.208,3007.6725,6171.719143,10156.47,31342.99733,25981.00607,58590.13823,13292.75383,19645,37767.612,37674.99614,24676.49943
Phenylacetylglutamine1,10305.19479,4218.716776,9952.482835,9358.353332,34774.11035,14507.55836,13056.34939,37418.97744,23673.24046,22691.396,24311.1,25788.17225,814.5796413,832.6790949,890.8710016,1157.988083,102560.8599,114514.0633,114152.3556,110317.6705,48347.20995,62630.964,54923.36,1463.993082,7253.221486,8134.381933,248916.6262,49227.46636,25344.62345,24095.558,9997.912889,6577.446542,12174.95485,9418.61803,19432.80941,2074.020851,54062.26467,15198.37521,10794.14296,2525.276625,5292.938556,15149.98078,46168.95194,4611.413591,23920.649,170809.8836,19900.45226,1955.984225,41336.72081,24642.44595,39408.3845,120724.1863,15575.82453,6585.282766,79046.54488,8976.896,11414.62124,92265.29136,110585.8841,3259.353134,43483.71178,35696.7545,26430.66257,15643.12057,5430.072221,37292.10879,21832.88495,1478.117943,1431.6651,52527.66562,2378.576071,35688.66113,38325.28025,6110.89875,22493.73033,845.3040909,3032.352188,24708.15714,50640.09043,27193.047,32349.73325,14935.83257,27924.875,60472.50132,61147.6726,7286.920667,7177.478,9103.548571,18476.172,1449.664535,2459.657695,11000.61286,24338.29144,17082.56375,42737.66486,11566.78905,26763.457,35651.37338,28141.2712,17904.388
Phenylacetylglycine,4249.9423,4722.953667,4608.799167,3815.086667,4881.689091,4323.5967,4240.254773,3508.572375,6906.031571,6245.0755,6024.329625,5891.553846,1,1603.923833,1,4036.328833,1,1,1,1,2893.7743,5922.750536,4769.27,5385.158625,1,1,1,1,2775.0645,1582.111571,5703.671417,1,1,1,2474.702154,3783.732,1,1,1,2985.6852,5589.126923,1432.669333,1,2565.491778,5376.672167,1,1,68772.04564,6059.701773,6671.881765,966.408,1,1,1,1,1,1,1,1,1,1,1,1,1,1,1,1,1,487.0451739,1,1,1,1,1,61.47721558,1,1,1,1,1,1,2652.662833,1,1,1,1,1,1,1,1,1,1,1,1,1,1,1,1,1,1
Phenylalanine,745233.4375,753369.603,734179.5503,709857.6062,736496.0897,757589.9674,707077.2277,703292.1634,1074725.067,1026126.095,1088338.553,1054204.576,473956.266,467757.2719,467552.5805,451522.1565,719411.0885,679176.5617,681058.908,705868.4704,1018594.488,501155.7805,499816.2712,319383.7962,312737.4191,287146.6655,579444.7869,390572.4269,327592.308,260895.7183,389301.2493,387603.7644,253058.8986,286670.3095,200682.7738,444957.534,281622.9996,255798.8705,438356.4871,412511.154,486783.9889,263335.5309,367140.645,283032.27,357909.5495,380312.5053,481607.5644,297778.5904,671655.4895,425333.6683,711273.4915,299835.7783,389312.244,417547.2875,452353.8408,262752.75,299768.0825,523917.0357,238350.1141,404074.2263,471351.1737,461678.1254,325700.206,243698.2013,329206.2901,432150.3821,761658.6102,229857.1172,297276.1301,637976.5226,379800.064,625600.099,410334.0342,478351.644,420159.3104,312959.6741,374946.3865,814502.393,582377.6849,493148.3019,378158.7725,483864.9535,973816.8195,481461.7171,2032183.405,453959.1696,511062.6876,434901.5113,295099.711,312177.8534,312686.2768,520064.5403,444044.7644,214912.7294,298321.3591,508421.5018,439750.1231,469069.0022,436847.7624,259897.714
Phenylalanine1,149605.53,165182.787,147114.747,156613.7736,164730.4445,181406.3387,185843.2,187562.748,334635.4977,333218.3776,269446.3225,302002.7063,64761.147,56916.1292,49898.8035,54530.835,129857.1667,132419.4594,129877.2787,156609.2326,199135.0627,121107.3174,96390.9081,89965.24867,53158.46857,1,88294.3425,83700.05192,87350.58155,1,86766.896,93508.074,55865.41714,46352.65818,35261.3975,83604.711,66800.08236,43063.52464,1,79239.47917,108975.1204,23294.78,1,60608.7625,97020.135,78838.00125,101691.8549,55691.86071,133756.5544,105870.5476,131315.4125,85293.80521,72034.94386,37707.9514,57974.27239,37257.3748,59944.35,80548.26,41404.20708,61146.50507,88983.98108,80964.27958,1,29744.10154,63286.04344,104767.1683,121025.6937,1,64557.77729,117438.3791,83130.56987,90129.24,30651.1875,134910.4656,69759.08205,97905.46929,81688.19088,134006.9261,81840.33557,155603.6055,66338.23074,87373.6985,208564.3601,123979.9756,373406.7878,104786.8729,69844.94622,1,1,68880.05943,62500.30313,102040.2334,127007.7125,29750.42735,72848.66477,127994.0506,67099.53633,99336.402,98753.61843,80161.35686
Phenylalanine2,131343.9082,157021.8433,144263.6119,146628.2823,151936.2645,172424.5708,154811.0704,150069.2223,211772.8526,198819.0055,206005.6541,204764.6304,93638.97425,85388.54691,92055.14561,86115.15367,144113.8004,137144.672,123620.1135,142969.449,177735.6674,102599.011,88914.59498,64540.99017,63194.8955,60952.08084,128652.85,68823.00689,62347.96343,60348.98175,62590.55027,87644.05524,53757.77866,54403.72846,40630.73101,92773.72759,69758.20541,51630.733,95689.30547,86289.26583,104356.334,52412.98828,78628.44355,50810.42942,85324.15774,67339.86848,100849.9638,49484.18119,146178.929,87163.90283,134770.1457,58434.09815,77907.00887,81899.40688,92003.79612,40587.98687,69879.24617,107394.7254,41534.74518,89661.89777,2629.87132,94834.09638,65401.70769,39638.78663,70116.89163,75659.47874,115576.0101,45905.4587,63623.4,130836.1717,78084.43015,138787.3235,78172.88733,81040.88789,69472.29798,53398.35347,84513.61991,196720.447,107210.6617,100531.8058,77631.60574,89638.8003,193130.7805,70265.67905,389206.256,100051.628,93572.15067,107173.5858,61756.74973,63383.92596,49914.81422,74808.35282,69702.97523,45642.24492,63076.76108,99074.64061,101515.4306,91898.63986,101263.2595,66428.23377
Phenylalanine3,27936.55446,20980.77667,22036.36341,19905.85208,14141.38495,21515.98188,9750.992219,10072.87645,53726.4707,46336.6188,61706.80939,46285.94453,5291.322312,5583.121948,5612.686757,6944.836093,11404.53985,13330.9575,12104.31733,13319.91741,19804.27155,9160.954621,8409.266829,6585.638449,2733.796104,626.2758301,7659.501,2517.472693,7782.9165,4900.558517,7274.685931,6285.691338,2121.232874,3218.212209,2433.401441,12823.82264,3613.225942,2002.207236,5727.402292,16418.7648,11186.71102,2923.980728,1695.541459,4881.483333,24357.2494,5526.029954,13136.2694,5352.321848,16854.77962,10117.13141,28087.53037,12085.69371,6907.504016,5004.895946,8336.565194,4352.612295,4197.280127,19133.634,6037.686323,7923.4686,10325.80714,19264.81741,1812.393587,4356.0605,6382.775778,5627.570553,26166.59425,3651.708413,5508.756725,14201.02682,14208.20818,11432,4331.099143,16817.7275,10769.77143,10642.50113,18354.88667,12986.8546,5237.563082,10602.86401,6314.210346,2660.957308,17433.71648,16578.54329,42505.2893,23722.99981,7129.180277,8706.002339,2640.891509,5423.071244,7486.745455,18238.62206,27518.61233,3671.253207,15504.669,11978.2864,12100.584,15183.22575,16195.7135,10115.56943
Phenylpyruvate,1,4525.697143,1,4336.251182,1,5122.794133,6713.4824,3654.62175,4619.817143,4589.822929,5899.128929,6398.211409,4997.275714,4544.4672,2389.279071,1,5781.456115,1,8751.915,1,1,3539.6,6512.6607,1,1,2947.030625,5646.304,3439.885957,4487.914286,6113.23677,1,1,4486.68,1743.2275,1,4929.418421,4280.158385,2963.944846,4802.282813,4082.807719,2897.776143,4493.047,2130.509333,4393.61775,1,1,1,5849.11725,1,6403.765875,9924.8391,12392.23418,7790.890588,8639.490692,8933.063333,7386.7686,9784.247278,11583.67093,7799.679364,10390.59409,10148.66441,9112.609864,7674.204643,6438.0195,8663.746,10794.71305,7090.31925,6966.213333,9767.91075,7346.663143,6690.615556,7069.781778,6537.819929,7544.205,8602.956848,6816.9985,8691.401562,7178.893,5650.397529,6746.229625,8425.49785,7293.21285,6413.866429,7027.753929,1,9510.275,1,7709.014375,8613.1695,9561.7675,6536.931,7432.586,6864.906286,7980.04375,8302.3385,8383.907,7421.2848,9986.785,8669.58,6887.801437
Phenylpyruvate1,1,3582.6168,1,3265.8565,1,5742.605,5606.362731,1,1,1,3771.303188,1,1,1,1,1,6547.02406,5770.24225,6366.4938,6240.962423,2996.966769,1,5219.808458,6985.622409,1,1,1,1,3388.9364,4178.2605,4613.721143,3915.531667,1,1,1845.0776,4825.076389,1,1,1,1,6890.70265,1,1,4772.2907,7702.080714,1,1,3458.627308,8028.01125,1,6267.454231,5711.402475,1094.932727,1383.856941,1,1360.067923,1143.420219,2700.281143,1924.20875,3566.677441,337.59,4104.789699,1,3333.313273,2038.776214,2509.790453,3468.799911,1750.651328,3764.935,3257.3592,2580.6688,1,613.8968333,4289.294265,2383.548618,3657.031,1,3419.380575,671.6226774,4596.328577,3559.308837,3732.3405,4697.0586,2283.050847,28634.22519,7625.387,2467.267932,1,1,3056.9379,4288.146354,2619.939833,3469.427143,1,7340.9805,5271.892706,5901.38729,4530.324124,4684.351875,2981.098033
Phenylpyruvate2,4012.626013,2059.359403,4859.974167,2568.544816,3743.870274,3105.635431,6302.965625,2524.933182,2442.677127,2432.958469,1838.4228,2129.233,2054.679576,1651.378275,1694.20028,2024.420476,7485.70497,3869.498039,5995.724897,3011.819211,1620.953333,2422.708187,1007.9868,6729.456209,5120.092877,4892.711212,828.1031829,294.492,1550.684565,1316.9579,4396.757671,498.7530472,730.8387585,1569.655455,879.5967891,4083.087928,1763.267667,1349.230889,2450.492484,3085.878689,5956.875888,1335.704225,646.1707441,1810.6035,9638.272778,2482.783999,2750.916353,2378.095872,6717.18775,5722.613037,9570.435313,3910.261516,3709.464137,1120.2345,2882.939746,1691.500846,1127.840598,3001.541941,1112.541018,2323.669292,6954.652,6857.88525,2126.159208,1853.132917,1080.6571,2033.1759,5319.883957,2073.3092,3971.1985,2829.456,2696.508615,2559.104846,924.1023051,3863.878103,3340.685694,3638.219711,4332.28554,2054.264291,4902.519,7633.711694,3148.451244,1679.302632,3689.670772,7344.027838,44026.72918,11758.56,2966.838045,3019.082695,1380.178308,3934.889031,3368.18061,3670.189746,3437.021797,1160.90625,7200.051158,7460.8365,5301.825239,3284.71,2884.484569,5984.997778
Phenylsulfate,103181.2673,109002.6141,114385.9787,106318.6976,11136.25364,10025.05952,9537.123,12551.513,213598.1728,217179.0875,198001.4612,212051.4271,8007.363913,8270.78664,7828.153462,8081.796714,137732.2711,139610.832,136416.2159,160235.77,486504.2074,61891.04167,61921.16319,6162.315,24188.01677,22044.12329,1403546.077,1203645.165,13984.50898,13686.12353,89654.55268,18534.49363,252097.2341,245054.7868,135396.942,12619.48775,167589.3238,66693.37208,13405.3773,191524.2338,540430.2343,757544.9533,47205.86794,29581.4508,10256.29335,1245622.28,364130.3826,124076.9861,2362955.125,904431.8575,101066.8426,322456.7717,10989.24068,199507.0448,143605.7154,254066.6693,628817.322,9309.38582,463556.79,32980.461,168883.0683,152846.8409,309319.09,150045.5057,340842.8385,189848.0516,14145.5232,6485.220541,121010.4413,22520.4024,8448.583719,414493.8298,182067.913,45366.57133,105108.3778,41451.7931,8276.029667,21241.485,36206.49361,222671.7975,373480.4549,245546.7941,4357.269325,149932.5329,695793.474,24193.56256,445546.5842,13375.04593,117689.2756,13076.65938,117006.9391,94816.34902,201466.6094,96042.25218,316539.7054,47202.97936,51938.5545,752484.231,675822.3157,13325.66365
Phosphate,42562.29844,39303.01375,35981.4,34382.48314,1,22721.85997,23249.94063,1,1,1,1,1,1,32504.93106,31412.18347,36587.31947,66257.15511,61792.32184,62846.52969,61301.71631,54415.33412,44170.83088,38174.83383,33775.55783,54934.61975,51628.86193,32649.8125,23152.47708,1,1,1,31388.65106,21851.72686,25797.65039,47126.14762,46697.28865,1,34491.96482,39727.65983,29387.78747,24792.01537,40110.86856,60147.08503,42897.168,42204.72812,37210.212,32546.42308,24858.60667,17982.82933,49550.13257,36163.97114,28468.78412,29457.37153,41718.45025,36942.0438,17904.95644,13229.39354,15320.355,22758.95448,21983.0433,32778.98544,36189.92605,31022.70822,23349.32749,25341.078,24003.14763,77939.59647,21858.739,8625.65855,26058.35886,36063.46717,27142.22276,1,21444.35436,27323.5789,15052.57788,27826.14636,26656.02577,33339.55689,26122.84453,16151.45385,35500.98767,36256.02729,103172.712,20579.892,28622.42916,28354.24353,23658.13534,20282.0646,13671.99222,11969.1393,64077.96694,78949.76539,26128.84733,48461.01,53648.01983,37088.82918,23069.30157,23089.14743,25338.41603
Phosphorylcholine,1,1,1,1,1,1,1,1,1,1,14305.31961,19830.34139,1,36848.57227,1,27860.6135,31959.49359,17725.69304,1,12699.54741,20455.44525,24364.80681,25233.201,1,24873.62885,14189.5698,1,40109.20216,41146.86649,18251.44783,19464.81098,18513.05654,1,23397.40676,26768.54969,21243.37376,19589.83242,15396.1218,12690.99277,19123.218,1,36949.94274,1,34290.13589,43352.51262,26432.73415,24991.75357,27816.98341,36607.37765,23388.40474,101866.9195,54142.63384,129534.4257,52569.83845,1,129741.7919,81152.39871,87780.75551,81688.47891,33947.62273,1,41646.81813,83053.85262,1,1,60737.39048,1,1,1,35248.4964,1,66028.97698,65783.69687,54483.0082,48308.96271,53757.77275,78228.159,68177.05576,88552.45674,66664.11207,85848.48003,1,67005.69597,140728.3287,109649.0206,63519.72026,61248.79406,41882.9355,83914.87884,57497.57276,69351.22771,1,87007.22287,80570.43795,78998.48588,47674.78356,51251.4702,160818.3687,51819.49093,116344.2463
Pipecolic acid,46800.78725,1,43091.20369,42611.70831,46726.14733,1,43329.531,48760.9725,45589.54,51270.66537,44245.08,45986.522,52696.53106,53485.37179,60767.55719,43726.60693,319480.7263,298486.0573,268455.1069,306657.4012,84345.50057,52951.75714,52419.36007,1,21942.03583,21453.56897,30057.85045,28711.62512,61062.20014,72534.223,80670.57207,52382.88968,55740.67617,48441.79125,22454.35313,29982.40833,61220.128,28865.61,65934.93358,50459.66721,1,31902.72583,16450.192,1,28521.0325,108417.4398,1,11901.6705,71768.68077,32687.028,34711.31196,23578.59881,60219.21857,36755.848,20724.30964,6343.840286,24414.99574,37599.24707,1,108569.6158,33360.92571,63495.59627,19663.54036,17035.72868,26199.50523,1,46809.87961,76712.47972,70799.35522,19737.75682,52084.8087,28589.03211,12137.89871,67146.32476,36945.49241,17663.7805,65478.51188,44491.51995,24540.80437,43600.89825,61202.69981,71072.20995,134102.8237,27018.84379,95310.53374,29149.0868,38524.9791,97631.02018,94320.6092,43158.6932,57177.92864,17663.09083,7733.323684,26180.29944,27135.11771,35224.03557,28760.124,38726.25621,29643.01631,26663.81267
Pregnanediol 3-O-glucuronide,118344.0363,122338.9486,118931.0135,120318.7727,32434.64718,32532.64667,28393.119,33890.30543,40085.45195,43142.4072,40983.88448,42430.6545,9330.215667,9304.710444,8347.933611,9023.892667,10761.90417,10527.26527,9262.387591,10148.69206,45580.885,34161.72825,32831.568,3203.0445,268355.1019,238218.3532,21910.26837,59148.55702,21615.6985,20391.57955,30747.30608,31283.06116,46885.773,45777.71487,99339.862,11495.08929,12661.23063,22481.32163,7552.004,30062.676,3509.722222,35787.08658,124784.2172,5357.35875,2623.6224,60620.32636,8456.57915,8423.8695,73307.71327,34570.0002,1081.796875,2247.089467,4589.311059,40356.823,49863.75644,30981.23978,27951.66267,24499.7865,56322.22112,13592.83125,11159.50111,9856.736842,99148.273,18004.80113,19432.116,10173.61406,4262.255535,21239.41206,2878.652778,21066.1365,6199.253211,30606.93818,110525.3776,6586.704,9958.226132,3209.481803,46672.24992,10606.31133,118085.0078,5402.789909,315822.823,35983.6136,4458.298789,13391.42857,21335.93668,4123.3389,141137.1696,13079.73343,47959.47,6295.47912,64092.8565,6493.940526,14792.95337,5353447.722,9584.094,37322.41533,4474.65997,11044.24479,13062.77044,4539.1604
Pregnenolone sulfate,765100.7371,717065.1417,784967.8849,732214.4233,204089.5848,198166.0872,197370.6027,200404.7818,198066.9915,195480.7682,189120.5199,187947.4616,10397.67488,11676.2528,13134.81,12083.809,36162.62665,34481.83233,37709.13519,33121.93111,315593.6061,213662.0561,203116.8441,20219.41591,86602.79395,83110.69994,388408.802,577786.5612,103132.689,99443.53628,296978.0203,42486.65913,37710.25481,37146.99175,35277.768,84701.26495,13315.66796,9941.160091,100507.4342,85572.41531,71354.6,470749.2307,43246.15372,2848.285143,49045.17178,58929.84839,127780.2437,45436.62996,349507.3247,25513.295,4903.209364,73165.84577,4996.3432,35030.84105,50790.53583,41553.257,30979.707,17328.45653,33328.266,20276.4672,88341.2863,22942.31416,21449.34,9893.441477,20552.799,2366.660571,6976.37575,16805.5675,46593.1725,197509.3355,18557.63285,39607.92295,66873.882,141977.6557,12655.48876,32199.90295,60066.3492,59716.97296,129437.6328,21721.83229,38486.49239,31176.73635,51410.5165,47577.754,143846.4483,143775.8507,338581.9341,27532.2785,31570.37308,100395.0248,20476.10143,34254.415,13691.131,25256.83195,40327.0707,241248.8872,34040.75079,17839.72971,14893.725,5687.931
Prolylhydroxyproline,66907.2,59981.05458,60157.74183,59161.90875,56420.5325,48084.58538,53316.8,52408.906,44670.92083,53928.74027,44335.27908,48638.92765,110311.6951,133847.764,133107.2503,137460.195,99525.08876,124211.4154,106700.7421,105977.0165,65725.3405,65308.488,59311.19292,25047.35086,557888.1751,647471.1208,240176.8225,150705.1875,123069.6343,133095.1012,31905.17815,46302.69286,221174.4159,232593.5805,58751.34583,28112.36086,65333.13875,319198.3923,40770.21,67877.55783,39910.79808,157241.3982,138093.201,36868.43829,19048.74917,220304.6898,109297.9481,24983.35909,94020.17606,48230.71361,43339.48538,38067.41142,46340.65925,154819.1576,197628.804,177351.8604,13287.69455,149131.6802,74480.9697,25594.42844,83619.83551,152379.24,277804.432,37614.68042,9857.562462,8912.2336,9201.101667,21811.293,38426.07183,73636.8225,24465.2345,45807.08103,203645.7456,32859.18318,80836.77784,22003.444,30435.79469,103669.5572,58794.131,16685.38779,30213.42153,39687.4674,6056.82,10902.83944,79624.51516,13969.00368,136779.72,11219.48579,106906.065,122726.2866,6177.495417,7799.798028,12292.26625,48080.65263,29346.22355,50786.94841,9861.7736,23756.47359,23916.17655,21259.03026
Propionylcarnitine (Car(3:0)),49472.99613,42725.766,40412.2835,44761.02193,36068.3625,31419.20071,31158.68725,22481.37257,15231.9802,14070.203,15004.87629,18728.77542,10673.348,9573.392,9536.1408,12139.86417,27671.33571,33482.53167,27286.38833,32074.64643,35565.97667,38112.82438,41785.041,39662.42657,29976.978,32977.64644,41421.89314,83470.69856,13183.5076,19897.425,20571.50209,72350.39857,21213.60617,16927.38,11965.556,60473.93,27764.59636,11230.4205,48499.702,38851.58229,40240.439,25046.788,16373.5767,33575.51272,26558.47707,86773.79167,25414.488,92567.542,63446.92614,25343.387,160043.9589,15457.6,66659.23687,10089.18733,77080.128,6067.51925,16097.6,83525.53688,11097.98333,25439.66571,52531.50069,37058.30933,30918.48545,15165.32667,30973.5975,89611.379,57579.71221,38283.51967,32453.73291,74374.38021,30189.26057,116032.9342,26683.5977,78249.188,49235.97252,46081.7775,90932.01647,56338.73438,66533.52259,23493.33257,42946.6495,101085.6489,50214.90656,82822.59821,132832.8678,36046.17957,30077.258,51640.968,25921.24971,101678.966,32024.5,35155.04014,1,7336.85625,57430.814,30084.075,41017.59538,74170.474,70425.10875,46321.70455
Propionylcarnitine (Car(3:0))1,8182.7379,1,6571.3172,8452.5118,36222.88536,38510.25375,45302.3935,47557.296,4363.8122,1,1,6254.3764,1,1,1,1,9927.537667,9085.8912,10663.9728,7748.8716,6124.4148,9674.874,7350.3832,13414.7811,1,1,103553.8302,23802.0125,176473.9348,171746.6331,27025.493,15368.2473,4618.488,5316.377,1,8858.175,24115.46275,1,14801.8512,6668.574,7933.0902,1,3400.8036,10386.6816,6888.3276,653077.9632,6767.87,24635.60583,748638.8087,326677.9308,35141.04767,1,19336.38075,1,21371.451,1,5873.270083,22974.27783,1,273200.8782,7633.1904,13700.575,1,27225.90909,1,34116.263,11706.568,1,1,109972.6333,8575.061417,29232.84886,1,31639.46758,27154.53426,16208.56383,34026.87262,140950.4591,42208.94857,4043.795333,12575.872,263045.7236,19909.44056,27460.5955,32754.86029,22531.32357,8511.556714,23589.8928,1,89751.26372,8480.989333,12604.4,1,1,21134.66331,18984.81108,154074.859,17774.43,21938.32807,18402.38607
Propyl cinnamate,72597.4208,69563.9475,60721.97083,60001.3615,1,1,1,1,1,1,1,1,1,1,1,1,19705.79042,19712.78727,21317.527,38475.35859,91959.23877,35678.22173,30330.08203,27188.03162,8286.201225,9552.288182,10822.79543,3399.318079,1,1,60955.72311,1,27635.978,29026.16843,1,1,14139.46563,19644.01453,59491.51047,18588.76716,31221.21886,11007.4047,7304.384957,44172.47927,1,22490.233,14198.10341,2562.474118,18833.54091,12755.14909,5391.76775,25738.52914,36040.54533,6796.414083,3351.566609,46543.11055,52183.00032,18785.97448,1,1,53168.18396,7708.476632,10663.77312,1,1,14779.15542,5845.8715,16621.28525,3312.722,21222.77404,35415.43962,34293.36053,21482.27498,53834.99882,19715.96767,23664.85625,13057.86505,24369.39238,44511.19118,8496.69155,1,1,62257.02868,3096.894937,1986.383143,2685.036684,35522.05974,3269.652208,9053.9624,1,5008.318071,1,24415.05703,1,5436.860357,1,3811.4584,1,2699.344583,1
Quinone,20024.7476,21048.06188,15735.00563,17324.1543,13330.79524,13202.0645,13416.35375,12059.15388,19260.60305,24271.71382,19819.13806,20802.80889,16005.3084,16337.95591,13895.01375,15987.32631,9824.818,9910.732333,12344.04489,7882.285714,6485.224167,12415.26214,11170.479,12140.93294,4370.298333,636.5576,7652.103,8835.036,16986.58405,28545.05556,21043.91444,8746.749917,6727.87625,6243.492083,9571.522889,14083.97375,12630.85833,7261.554929,11936.769,11920.58214,6654.36325,7207.404444,6363.8484,13238.21925,8880.46675,1,14251.66867,1,9707.0544,8845.253571,18286.50938,15893.7052,16209.65068,11254.31214,16979.5269,13851.74853,20602.11881,13591.14772,11525.511,13504.95953,15129.39375,10825.76385,12670.90988,11104.29688,17732.52004,8059.65125,4143.8396,13963.19262,6768.992,6671.5086,1,7860.496533,10984.03152,14244.46544,12160.80216,14896.41782,8644.013636,13244.511,8496.982,13804.06309,7629.9036,21067.22522,5425.481667,1356.379,7008.224,10195.2123,14575.08867,10470.15357,1,13076.81359,8853.183333,1,14822.46719,4930.000214,5721.618438,10599.25891,7313.252,6571.334,7261.045667,9888.7695
S1P(d18:0),10892.15083,15912.35883,16423.3525,12459.99755,9134.094667,8413.647556,10986.33958,7741.1215,12588.90608,12276.46184,9849.06,10538.25188,8009.545444,6492.383219,7214.380781,10367.09752,6216.965682,5695.101931,8752.765,8391.111429,9545.135932,3243.232596,5474.980563,10037.28828,8199.996455,8493.791667,4148.485555,7621.695,2412.159986,1219.041193,10949.45618,5551.5054,12240.47518,12112.71788,9424.972227,6229.491,4916.353476,6372.399,9382.937032,5653.954029,10141.153,6308.184333,3015.32,16016.32389,8461.261,11881.95416,5545.3968,3234.7515,18318.03,13429.34168,11538.02173,22398.86727,21320.24488,4397.8116,11887.56411,13997.48411,10275.72954,14349.49071,14289.15516,29716.60088,18718.7825,19002.989,4763.06875,7428.425833,10276.85467,13353.55973,55086.91793,9879.723192,32949.12838,31577.45079,11638.45978,14439.15536,7546.629167,13201.22571,13694.78954,11447.64587,13354.59754,11886.10746,18114.31565,21459.37593,41690.45853,50759.83397,45070.84875,9926.942804,37309.0575,23452.75294,12702.52304,14548.48846,17465.78147,14117.14645,18938.66724,68337.33045,23686.17527,18762.28467,13423.32265,61347.5762,20438.00352,39006.95303,41176.89329,27014.47297
S1P(d18:1),95142.86,106431.3726,122552.3791,118365.1808,58021.3084,63268.0721,68491.28567,53489.462,89458.44002,93631.42439,76080.83578,75922.19561,53950.06763,56907.92987,61684.13558,71855.59378,44482.39667,44915.96391,54760.85305,55659.79385,56005.04185,49047.27208,40753.335,61383.00589,96911.27068,96276.15056,48455.22579,42371.924,32501.94064,27441.92705,103073.2475,45475.96711,105454.4425,105558.529,42410.53759,68538.47096,88157.20964,51644.40965,62009.95269,55384.13515,57056.53381,57252.9375,44925.288,150616.7775,63088.96411,44567.94661,88152.6544,34033.74468,118587.7744,139046.8783,91954.02007,162704.2343,152232.0202,57625.53976,105779.3731,78067.12938,71245.28292,108655.5148,99218.48462,172629.074,131568.7433,179277.2577,66746.8656,59391.878,55984.8905,118365.2805,204428.8564,88416.99786,146655.1796,133660.033,91905.56238,101726.2388,71749.87637,95621.16139,84925.59198,73352.56759,79190.4608,61813.03411,98315.96611,94608.76185,139192.0228,139605.1205,137370.3602,127114.8199,128871.5175,126156.329,42421.848,99181.98279,108737.3788,71387.43048,108964.2165,356598.8973,199702.7681,144491.3184,83732.12282,371670.5904,131077.7982,189561.3691,199388.2006,148147.3368
Sebacic acid,8922.492875,10184.75063,9358.5568,8175.3,5677.73425,6005.192,4472.242667,6735.511241,6806.4192,31640.7409,7667.855714,10007.3875,9199.067818,9937.397483,24616.9606,18570.28914,13607.20742,14021.58838,13959.6728,14491.22251,12067.60239,4686.4871,5884.994063,3685.466113,2030.801384,2610.848598,3642.547875,34367.08818,13962.61669,14404.12875,5793.259222,2362.908311,6955.915313,8465.749111,118634.5555,5495.751926,6344.854,10555.34533,5778.695977,10298.883,5269.090909,8828.123294,6554.938,13657.97935,4683.794817,31831.67438,7924.016333,27775.65773,23739.55763,18913.33923,6167.740671,8066.480938,3548.84904,23865.1578,10125.28988,7282.0755,11247.2625,2146.192786,24771.17365,6847.795833,21013.61666,10182.44848,15904.23573,5307.8068,17502.65224,2071.13651,7457.971143,4575.80925,8593.09175,1716.933987,5018.06624,23924.032,9366.941037,4574.85875,6156.8385,8793.704571,11256.90025,13477.61992,11630.72778,444.4782111,14046.4115,11323.25938,12054.40038,2631.393365,13913.35758,4097.3075,17127.84035,5931.59625,4861.717167,4241.786417,12647.59021,5846.711146,5989.378964,10446.7018,10204.648,8601.125724,8092.210368,27574.43476,8559.243264,7012.788222
Sorbose,31326.44516,38012.78274,33653.17335,35280.41777,25978.87152,24604.06929,26898.91771,25597.77216,33035.82663,35395.4601,34010.79506,35017.49492,63553.87479,64946.93085,61121.90413,61782.72094,140845.0106,150255.208,132857.7002,145685.6795,16554.27879,28481.74138,29900.62945,23652.60359,93949.5748,96694.21985,107393.0407,132808.9063,44182.96081,45032.66366,43091.76024,25098.57556,55526.55935,65646.357,18444.825,29803.49064,28435.93316,25575.97224,31224.59087,36500.70605,23927.49569,51591.71657,51696.36347,31589.8045,7947.049494,31051.69859,36891.28288,76593.22162,25280.60216,12188.37404,57061.37353,63611.82903,46958.5584,90790.07593,69038.32276,209713.7832,246693.8337,45096.62484,256232.497,40989.96405,95442.98129,34761.7386,62387.14406,212357.4704,298834.499,258517.7316,57361.1198,46957.01235,27894.34255,62497.24477,46602.4085,458835.6983,190595.5945,70950.44023,50192.7264,139378.9686,28863.252,85254.38208,59136.2944,55288.08425,305031.6966,348867.3413,45067.221,25854.14254,103401.8794,45386.03705,171003.5329,73500.08842,31377.22697,58728.66413,73230.19989,27553.86197,44707.44311,134861.4438,21913.52753,36353.52552,32337.11846,63590.58,58913.75126,31133.78615
Sphingosyl-phosphocholine,9733.825912,9754.119233,11193.44327,10065.82143,3060.45,2567.965917,2212.070643,2646.586127,2370.123111,3106.181,2560.951912,3190.832443,8537.321602,8169.228693,7885.283027,7956.688594,6035.60072,6615.104807,6941.274728,7713.193961,1181.671868,2688.712231,2006.032292,7136.675474,4272.153995,4465.396833,22822.73928,16704.07733,1231.56822,1237.745,4057.6523,11415.12585,5266.862294,5635.173876,6140.012339,19698.4231,52765.8474,6158.958877,16797.42416,2765.2412,6100.497443,451.9814646,4718.646867,43375.41667,20144.93345,1874.038067,5482.723115,5564.040049,12271.05775,17582.76355,79124.05554,19580.17098,58253.85184,7766.979717,14494.29462,13789.69508,11960.76937,8556.496412,7215.620133,10022.573,29973.67414,10561.53558,9545.564639,12455.67194,11653.30936,108920.4819,113130.3584,30551.77955,9946.613844,5909.385741,11386.55982,4196.920933,21351.12776,8490.781537,69039.46711,31758.36926,23797.88842,6747.38725,11778.04703,8662.202917,24130.19963,16894.11875,7423.964088,7623.7902,4617.814853,2771.495583,13750.38459,22917.68763,84881.79392,3957.092741,13294.92537,11609.51314,4257.099344,11149.44207,5691.120024,7118.51025,5523.154909,24679.90387,24746.68942,19009.852
Stachydrine,88787.45464,96954.25156,100041.2345,89275.75843,46074.18075,46895.81185,37667.94533,38786.324,26891.08404,28751.45048,23608.70609,29246.37462,69794.32212,60900.74954,1,59653.67692,27081.81202,22442.89938,26415.18,21692.98782,62522.75077,30292.50433,32015.76269,33691.60892,29074,24148.41308,13353.9313,7053.774222,1,1,1,33494.39907,1,93446.1476,64733.09308,4463.307136,39101.69038,51675.59138,10949.01514,27128.362,12205.9245,13174.65577,147677.9469,305578.2124,323173.8324,598696.1802,556806.9669,37874.48838,217732.8116,1212771.299,1,178458.5295,25701.56104,236340.5364,45891.12847,12647.34727,231365.9738,417664.8104,231324.6771,16293.92417,44668.26947,407478.03,94772.09352,215904.4047,95042.7459,1,41884.39858,18540.66432,261937.2234,29193.0783,81618.87673,33952.76775,2972.113692,79369.13391,116792.6787,224217.7743,1,125140.0281,444934.2998,20890.97028,17038.63269,45897.80755,237406.1567,77782.62453,80005.68447,57896.10667,1,18637.542,1,26247.64179,207025.9932,46166.74874,47892.98155,691081.8029,1,363689.4417,211110.0765,396127.4142,349900.197,151034.1097
Stearamide,36002.41011,33743.57296,34508.01833,34572.70516,35982.39233,17516.64808,23539.8307,28662.4987,22527.10411,34472.77258,55103.69744,21817.85533,33113.23943,23353.39705,30148.27146,18685.21035,25997.587,33580.98769,22931.34984,22821.99889,30493.21107,18928.27183,21396.44783,18838.73667,10389.24663,14276.04267,14560.18875,29847.31344,32937.7295,25026.95471,22279.4665,38421.8154,31642.25313,31165.89625,26794.75548,27152.25377,30996.31287,28368.7648,33060.46513,31395.72278,37093.80798,22015.99638,17990.39386,22753.7495,16662.61525,13424.89024,7711.196667,22078.28286,20672.12835,27642.56979,38427.79993,16672.42736,13551.75158,7543.357043,13879.59238,11982.38462,7652.150095,9042.209786,4820.444667,9681.186667,4924.310044,6128.931892,21014.91938,5336.356829,8219.649554,6032.684516,8306.13824,5841.199103,4176.2285,4781.574,6312.789955,7960.061741,5492.0115,5444.022042,9717.674226,5727.6479,11812.88095,6559.733833,8056.166089,9046.865625,7196.3545,11376.37483,13479.80776,7575.546214,8096.5825,9909.08776,4656.2915,11823.6525,8359.381931,16294.90146,6999.441556,11088.9481,17007.31394,16794.83615,8559.742519,11460.93224,7779.659743,8505.274917,8169.87936,12569.35581
Stearamide1,2912.90538,3587.424258,3046.138552,2565.66975,3041.23524,3211.233103,3240.667828,2657.9801,3254.993481,2911.543471,1052.672235,2591.941204,3195.833333,3014.223983,3097.14496,3517.442704,4002.072,3180.037724,4010.690769,3070.879778,1347.908571,2620.055455,2618.853091,3086.257731,3659.942937,4473.595238,3109.206412,3896.245729,3287.626852,3595.154194,3885.29431,4360.788411,4132.308,3332.079875,3348.373185,2889.411517,3898.613654,4140.585724,2666.739286,6386.10525,5032.69888,4158.726179,5153.698212,2066.486708,3451.493654,3254.277267,3238.449407,4725.179036,3340.834138,1206.19125,5355.42132,3558.70463,2523.25755,2237.337611,2168.576,2232.95,4032.941283,2811.786133,2650.303,2282.61125,2335.840833,3056.890703,2765.989161,3317.135613,4364.212125,3437.217733,3038.70114,2689.957429,2781.489455,2338.979966,3606.347259,3292.740973,4174.844893,3082.056442,3089.012188,3451.81037,4205.65222,5896.764207,4900.8925,4951.0065,6629.776696,4485.965385,3685.43874,4235.71422,4096.57632,4648.302,6102.775458,3652.495,3732.092348,4151.15032,5542.235083,4208.461583,4993.570909,1547.455462,2810.880224,2520.371771,2696.267472,2967.24336,1251.282,5507.455778
Stearamide2,4869.7385,5819.078,6058.423043,5556.0484,5706.566833,5992.370385,4301.101519,3856.30842,1,2571.215241,2936.216719,2454.075054,1947.50887,1400.536667,2100.298667,1268.372,1547.818935,1959.112765,2148.162,1430.348308,1350.709115,870.1381042,2523.624444,2215.197479,836.59188,1,2158.297,1865.3328,1,1271.066045,1,1612.607904,1,1847.66168,1669.64875,1722.094958,1,1591.087588,867.02,948.6953214,2899.718308,1,733.3418143,932.2842857,1,1,871.5326562,1,1,870.9718966,1928.669375,1068.317586,1,1,3558.52125,1,1969.87581,1,794.37575,1621.774136,785.4784189,878.8796667,498.5478974,618.3637895,1,538.701913,1,1,1,1,383.3908974,1,799.5253846,1,643.9759114,1,787.1296,885.036,2286.295385,572.4256667,1,1,1,755.370527,1,1,926.436,1,1,684.4103906,1003.823205,1,738.1156515,1867.062784,1508.412684,467.574371,1,1,1,1183.083222
Stearamide3,2036.255812,1709.418815,1433.8467,2454.567355,2333.699827,1,1495.181935,2327.034044,2876.307549,1810.146263,2778.423786,1738.6342,1917.033268,1938.978487,2018.639565,1931.281784,2257.31616,1673.930776,1009.144286,1582.275,2122.713659,1773.245127,1,1528.813364,1785.391116,2070.105143,2326.318982,2129.914063,5311.847264,1696.657917,2165.476721,1768.608735,5923.66122,2487.328076,2651.97,2513.494893,2917.164833,2544.885263,1,2602.183417,1,2936.944884,1294.488158,2395.236364,4090.12831,2250.444729,2243.331727,2291.954189,1145.953333,2321.041831,2351.627032,1837.299,1,1,1049.073333,1,1084.491404,1,1,809.4130312,1,1,1025.940909,962.28,757.727963,848.7,1,1099.532777,1,1,889.7534483,1,800.8097576,577.0910714,587.6974886,1045.566538,1507.935158,1606.669269,2365.295625,1635.451222,1788.178667,1906.982323,1215.824516,931.62724,1163.292708,1785.727531,2149.05185,1672.064864,1716.691418,836.7249423,2048.8735,1,1799.6,1,1,1549.394591,1197.271133,1496.820226,1241.066061,1
Stearic acid,7771.024618,4499.387,7011.870973,5689.172176,5496.57275,2922.423138,3701.243733,5803.754579,6313.264632,6900.710538,6878.370675,7084.35523,9225.394098,6206.42115,11437.40335,6123.789324,8655.793781,7758.346382,7465.1725,5565.0685,10396.62881,21.88110056,5888.137174,6175.775137,8240.958197,8083.113528,6982.084286,7864.502368,8964.575054,13986.29826,9222.755843,5634.567069,7099.729128,6242.736732,10436.30933,5385.870744,8985.394459,14944.116,9126.782153,10277.02491,10610.2998,111.5450597,13256.12555,15066.42184,7684.431488,8175.291525,6384.825347,11445.75206,8352.678382,8003.223514,20109.43667,17299.51167,20241.36042,26319.88407,15081.11839,18614.86459,25109.48848,17094.87613,11495.20229,17711.21625,21458.02238,17586.50148,20756.96827,25035.0375,18817.07878,21944.6656,15604.60819,12813.438,8764.331672,11835.19514,14236.75044,15864.94356,11762.26723,15958.49892,21175.5797,15975.38725,17988.60798,14663.57159,13617.95906,11260.13559,13156.39641,17062.20733,17214.48727,10908.16943,9981.085552,8361.657941,13653.33278,8320.0202,11341.09525,8516.028889,15233.21207,6640.53592,15041.82791,12868.75495,11851.74313,16963.48758,13685.50083,12039.3936,11566.63234,21391.80117
Stearidonic acid,1,1,1,1,1,1,1,1,1,1,1,1,1,1,1,979.5485,1,1,1,1,1,1,1,1,582.0339583,1187.080417,1,1,6808.414205,5121.499579,1,1837.30381,729.7308333,1,1,1,1,3272.653125,1,1,1,1,1,1,1,1,1,3284.968167,1,1,11243.5072,12137.73715,16744.19175,104017.8576,16257.44164,20055.9626,12758.85375,21961.12508,4634.9776,13105.85521,21458.4455,26738.09978,11990.041,14373.13175,9831.197,5094.878143,4258.594375,12162.038,43039.073,9307.819091,5541.952667,3702.940889,5764.656071,19935.06677,17754.81015,28228.2386,1,19985.1694,12282.44762,11396.16013,1,4459.417467,31414.71917,13152.7197,383509.9418,25569.7239,42814.43019,18640.9674,3995.988,14211.4007,30679.35,11002.7085,9848.15375,7820.034444,8358.4742,10734.6295,33374.60233,21718.9735,22568.084,7093.6755
Taurine,20091.50159,19373.93943,22384.411,18551.619,8241.301806,8461.077667,10613.9565,9475.374632,10756.437,13652.80105,10814.19024,12006.93564,10793.3064,10082.934,9434.285333,13419.373,24456.71105,21780.54138,24972.73567,22335.884,16922.85762,9669.034286,9883.777684,5030.657111,5561.033455,4464.003658,2847.532,5206.052167,2667.862667,2433.639593,5173.182545,8027.902235,3522.19,3465.063966,4121.897957,7720.197441,6472.588281,3552.830803,5177.896,10369.33606,5897.3376,13243.9321,4048.07425,9273,9540.972444,6493.634993,9391.936752,1788.06335,23358.12578,33734.09963,8913.293889,11413.9003,6772.856684,9818.243,18072.19953,817.7727761,10521.80525,14048.0274,7306.456462,26594.17271,8120.736,20072.11179,5068.169556,3120.652286,9955.9525,6835.388813,23532.36795,12645.15484,17761.392,14848.0962,5694.7725,15958.6414,2649.352457,15483.35889,8898.61875,8436.763519,13449.72578,11742.34825,4760.950455,4686.952083,4155.974053,4549.746214,8942.406944,12470.38358,20640.16118,7996.086059,3191.8635,10358.0934,9448.204833,7483.838571,4126.759,21618.717,22374.3189,12880.34125,6191.022444,21698.52987,17981.81944,22796.95443,20285.30368,19736.81129
Tauro-beta-muricholic acid,7254.5085,7810.29252,8995.236111,8896.723481,303873.9981,278149.1533,261403.2835,271310.646,12315.91411,15026.46474,12836.68563,14960.97746,9932.874457,10575.46151,11090.14637,9215.115385,32232.288,31183.706,34044.5517,33649.50912,3767.023333,71757.40393,65242.42273,3818.587607,3395.928639,2033.606429,15042.54135,25340.28095,5303.710571,4943.133692,1173.747267,10008.97874,393479.6901,403727.8672,34105.03706,14505.35901,5150.7925,34108.40839,162847.9103,5543.110189,50273.0237,3965.27448,4356.117333,26565.99022,11445.30272,501339.6025,18677.84533,277704.043,41529.6315,11320.56807,64768.90292,171735.2819,7569.859256,9457.727533,2312.932,64984.65352,859450.073,41508.33592,321636.6418,33667.06939,393230.4633,52111.488,14781.24672,8349.088737,142367.3206,13696.76153,24127.47387,19957.53103,405329.6531,9932.338,5369.631923,48588.52193,48748.72669,3028.204524,20629.995,5413.263042,94816.2023,20005.0128,132884.4167,61986.34941,122492.2195,12898.84983,32670.22515,38025.40233,13063.285,170169.7146,123519.962,7875.084375,3397.664802,43546.17618,12996.13448,4292.807222,1564.068444,51509.32179,6716.9547,3376.092357,748059.1151,143776.7076,139275.9346,17651.94783
Taurochenodeoxycholic acid,36260.35195,31942.23675,30095.69175,33662.75018,859697.337,663835.5322,819546.5635,847976.5515,28686.74688,29445.70135,28866.12773,27202.465,16100.11895,17010.23345,18951.59314,16601.68808,488289.0364,466556.5555,494653.9313,528440.6143,24105.2125,99620.84475,120643.6705,11000.04333,9814.641375,8258.8695,16895.69763,11436.31773,4265.874778,4787.651105,10297.03043,110291.924,897900.9244,923471.0105,40472.88404,114755.8479,11530.40527,86126.41182,482939.5071,17780.9031,135385.5559,12281.92054,7569.574833,143083.2353,35668.314,593966.1738,39042.93683,616926.8382,213399.0505,45239.39672,299604.8416,355876.609,30834.76123,46144.0663,18250.96135,131821.2915,1290997.559,328889.4185,809361.7231,155954.6673,992649.3728,304087.654,23212.77139,16267.80655,160479.5562,42542.73521,143051.1462,61265.8105,3477311.477,53518.23193,56505.3435,111100.8171,52075.43467,58763.66143,60622.14507,54191.175,418174.4625,56909.84338,367768.7523,221253.3298,103567.3671,84418.26893,335509.8844,122466.1629,42227.21534,515758.1982,120890.1331,103316.48,15965.13341,42252.02577,62568.45493,23431.25013,4690.112254,41431.908,12159.90632,9489.574889,2151082.535,378772.7499,323004.6893,92017.94931
Taurocholic acid,7254.5085,7810.29252,8995.236111,8896.723481,303873.9981,278149.1533,261403.2835,271310.646,12315.91411,15026.46474,12836.68563,14960.97746,9932.874457,10575.46151,11090.14637,9215.115385,32232.288,31183.706,34044.5517,33649.50912,3767.023333,71757.40393,65242.42273,3818.587607,3395.928639,2033.606429,15042.54135,25340.28095,5303.710571,4943.133692,1173.747267,10008.97874,393479.6901,403727.8672,34105.03706,14505.35901,5150.7925,34108.40839,162847.9103,5543.110189,50273.0237,3965.27448,4356.117333,26565.99022,11445.30272,501339.6025,18677.84533,277704.043,41529.6315,11320.56807,64768.90292,171735.2819,7569.859256,9457.727533,2312.932,64984.65352,859450.073,41508.33592,321636.6418,33667.06939,393230.4633,52111.488,14781.24672,8349.088737,142367.3206,13696.76153,24127.47387,19957.53103,405329.6531,9932.338,5369.631923,48588.52193,48748.72669,3028.204524,20629.995,5413.263042,94816.2023,20005.0128,132884.4167,61986.34941,122492.2195,12898.84983,32670.22515,38025.40233,13063.285,170169.7146,123519.962,7875.084375,3397.664802,43546.17618,12996.13448,4292.807222,1564.068444,51509.32179,6716.9547,3376.092357,748059.1151,143776.7076,139275.9346,17651.94783
Taurodeoxycholic acid,36260.35195,31942.23675,30095.69175,33662.75018,859697.337,663835.5322,819546.5635,847976.5515,28686.74688,29445.70135,28866.12773,27202.465,16100.11895,17010.23345,18951.59314,16601.68808,488289.0364,466556.5555,494653.9313,528440.6143,24105.2125,99620.84475,120643.6705,11000.04333,9814.641375,8258.8695,16895.69763,11436.31773,4265.874778,4787.651105,10297.03043,110291.924,897900.9244,923471.0105,40472.88404,114755.8479,11530.40527,86126.41182,482939.5071,17780.9031,135385.5559,12281.92054,7569.574833,143083.2353,35668.314,593966.1738,39042.93683,616926.8382,213399.0505,45239.39672,299604.8416,355876.609,30834.76123,46144.0663,18250.96135,131821.2915,1290997.559,328889.4185,809361.7231,155954.6673,992649.3728,304087.654,23212.77139,16267.80655,160479.5562,42542.73521,143051.1462,61265.8105,3477311.477,53518.23193,56505.3435,111100.8171,52075.43467,58763.66143,60622.14507,54191.175,418174.4625,56909.84338,367768.7523,221253.3298,103567.3671,84418.26893,335509.8844,122466.1629,42227.21534,515758.1982,120890.1331,103316.48,15965.13341,42252.02577,62568.45493,23431.25013,4690.112254,41431.908,12159.90632,9489.574889,2151082.535,378772.7499,323004.6893,92017.94931
Tauro-gamma-muricholic acid,7254.5085,7810.29252,8995.236111,8896.723481,303873.9981,278149.1533,261403.2835,271310.646,12315.91411,15026.46474,12836.68563,14960.97746,9932.874457,10575.46151,11090.14637,9215.115385,32232.288,31183.706,34044.5517,33649.50912,3767.023333,71757.40393,65242.42273,3818.587607,3395.928639,2033.606429,15042.54135,25340.28095,5303.710571,4943.133692,1173.747267,10008.97874,393479.6901,403727.8672,34105.03706,14505.35901,5150.7925,34108.40839,162847.9103,5543.110189,50273.0237,3965.27448,4356.117333,26565.99022,11445.30272,501339.6025,18677.84533,277704.043,41529.6315,11320.56807,64768.90292,171735.2819,7569.859256,9457.727533,2312.932,64984.65352,859450.073,41508.33592,321636.6418,33667.06939,393230.4633,52111.488,14781.24672,8349.088737,142367.3206,13696.76153,24127.47387,19957.53103,405329.6531,9932.338,5369.631923,48588.52193,48748.72669,3028.204524,20629.995,5413.263042,94816.2023,20005.0128,132884.4167,61986.34941,122492.2195,12898.84983,32670.22515,38025.40233,13063.285,170169.7146,123519.962,7875.084375,3397.664802,43546.17618,12996.13448,4292.807222,1564.068444,51509.32179,6716.9547,3376.092357,748059.1151,143776.7076,139275.9346,17651.94783
Terephthalate,31660.3414,37986.3484,33490.44042,36505.33911,15931.20417,12353.25953,13605.13233,14975.2282,1,1,1,13943.87503,6757.5475,1,1,6992.002983,1,1,4757.004545,1,6955.298133,10370.33119,9217.98185,1,3361.107357,1,1,7684.245075,1,4541.203412,12687.26511,1,1,14719.65856,62758.46104,10951.36108,28706.31333,55865.18696,1,9469.905059,20827.40818,1,9410.505476,17528.88361,14299.9776,4199.625882,5574.9855,3937.167281,19037.39381,9371.454,1,7407.252,4048.559211,1,6656.5887,10881.86067,4753.619559,10526.463,19020.58118,1,1,7970.394896,1,1,1,1,1,1,2871.282923,1,13912.4384,8090.990875,1,7719.13425,4327.965236,6269.198571,1,1,1,1,16715.42638,1,1,18243.04586,1,1991.99181,1,1,1,9001.78125,1,14670.57752,8972.756793,1,14697.16533,6273.408,11516.225,1,1,19403.81143
Tetrahydrocorticosterone,1269.325867,966.4130797,441.5430901,583.0100332,1190.840151,310.6728966,256.6357155,904.709531,434.5814898,468.7917619,107.198,348.54225,815.5330741,1330.658,927.947,944.8496,1174.750313,741.4543158,1051.405929,711.15975,884.3673913,51.71387097,19.90239077,213.7740543,600.6111207,702.7333333,541.7333333,1930.691201,895.9273148,1403.853024,535.1581463,638.6898806,238.9538475,723.3169253,707.31625,516.5495928,951.5348684,976.79,487.5422143,783.07644,750.7422857,1,519.9614783,2144.468478,610.6902069,516.2245862,464.7505147,1288.961217,541.7971719,563.2926316,288.984692,1089.69,1481.085185,1989.7975,985.4121333,1865.252348,1656.041591,1,371.7731765,978.9185625,927.6970928,518.3538213,1067.433583,1321.569455,1,2143.558696,201.5218125,812.56175,279.6151083,686.0843846,786.9078505,2341.175085,321.3911979,1219.415227,2380.869833,6.920611722,668.7784545,1741.27938,426.6411674,1,796.1372667,2634.14208,4.036781985,255.6592012,678.2764951,868.8938,995.4291579,825.1320424,2547.986916,2984.226303,1,550.8620432,367.581724,772.0490714,625.5394395,931.4777187,448.8827702,1005.743956,664.5962069,320.6978677
threo-3-Hydroxy-D-aspartate,5288.560605,5375.885833,9171.590634,5406.030474,2460.373781,3975.041333,4595.656643,1,9161.946,10722.12167,8302.250429,11322.73576,7567.670727,8209.42775,9823.431167,8065.846174,1,1,1,6742.245,9134.736625,7469.146556,10122.1774,9014.5324,7011.291667,6370.353,1,9000.855333,16429.63398,5092.703769,15696.28674,3869.160685,1,4519.138826,1,1,6867.55125,9521.181259,5722.948292,6000.691038,9847.615826,11001.07491,8056.105411,18166.58832,5688.992841,8369.52672,4269.09525,7508.093132,7752.3116,14160.45489,1292.81315,1005.995,4201.691205,1,1,1,1,1,1,1,1,1,2408.964318,3025.276605,2097.337737,1,1,1,2442.744,1,1,1,1,3770.674,844.2290006,3151.755077,1,1,1,1,1,1,1,1,1,1,3784.750958,1,1,3067.155712,2189.293333,1,1,1,2706.373846,1,2436.200583,2669.547068,2036.632217,2337.908879
threo-3-Hydroxy-L-aspartate,5288.560605,5375.885833,9171.590634,5406.030474,2460.373781,3975.041333,4595.656643,1,9161.946,10722.12167,8302.250429,11322.73576,7567.670727,8209.42775,9823.431167,8065.846174,1,1,1,6742.245,9134.736625,7469.146556,10122.1774,9014.5324,7011.291667,6370.353,1,9000.855333,16429.63398,5092.703769,15696.28674,3869.160685,1,4519.138826,1,1,6867.55125,9521.181259,5722.948292,6000.691038,9847.615826,11001.07491,8056.105411,18166.58832,5688.992841,8369.52672,4269.09525,7508.093132,7752.3116,14160.45489,1292.81315,1005.995,4201.691205,1,1,1,1,1,1,1,1,1,2408.964318,3025.276605,2097.337737,1,1,1,2442.744,1,1,1,1,3770.674,844.2290006,3151.755077,1,1,1,1,1,1,1,1,1,1,3784.750958,1,1,3067.155712,2189.293333,1,1,1,2706.373846,1,2436.200583,2669.547068,2036.632217,2337.908879
Threonic acid,112709.9567,110150.4012,115860.9514,107556.6414,17807.563,17768.69843,16971.53152,16267.78132,16429.9152,18110.04035,15995.4909,18947.70031,18063.11228,17783.66282,19984.30825,20779.95777,138419.239,130418.7214,120941.9304,129245.9063,69399.174,29781.0693,30451.6584,357125.0579,68315.29167,67049.32464,116508.075,62732.94736,15351.29796,13930.12075,13477.4952,40503.48135,293611.5868,315548.1582,388352.781,22564.14326,31632.14756,91262.88809,20007.7046,49334.71633,14646.68794,326765.354,70782.08677,14942.07975,14863.25865,96353.91077,16072.72123,54176.456,50555.32279,32477.34596,24291.77796,88076.69719,24249.719,12794.208,252614.0226,125759.9394,43407.5487,24166.9773,45172.18877,32575.82432,58009.94881,503235.8994,367916.312,412930.1571,50139.31936,38532.17136,66079.22865,30278.00087,13038.58621,61899.07165,26832.44596,77628.74552,172091.7129,53166.62731,28573.10191,28311.48883,16988.02126,36406.50141,44708.47924,23334.74391,24962.77747,119598.353,106675.5157,74845.14767,106761.1738,20107.22183,508235.8857,39164.3616,1559068.962,327607.9513,465096.4861,33090.87309,16804.20864,365095.6475,44266.94406,66020.3585,43602,57995.6125,53740.98215,77360.57112
Threonine,9839.0968,8255.3394,5640.0256,7171.2585,10986.38371,8890.3455,9282.015,10762.23857,11966.38,11690.71808,13400.87229,8715.478286,15680.151,20166.73071,18110.66367,20171.25,7879.389167,9005.724,8182.746333,9931.1355,5272.973,7354.322083,9010.704,9163.8685,4960.334071,4284.518857,4284.7296,10619.903,8996.744167,9385.472857,11785.329,17815.87264,6269.02475,7798.476,3060.9122,11354.45257,9554.824875,3273.7675,7542.177786,11411.108,12383.56286,7511.221667,4840.047333,9365.533071,7872.451167,4790.2722,5855.9032,1,15975.14979,9165.541071,20862.372,1,12281.90914,10176.15586,12286.639,9188.8555,12394.43446,7572.986667,5481.026571,7680.167333,6510.880786,8194.378179,5500.781,8324.3295,5524.063125,18827.567,14003.24706,12981.64938,9554.475125,12199.88581,13661.85414,9465.404375,9502.089917,9041.34,10050.72883,14958.46513,1,13265.77181,7317.773571,8480.059286,30415.016,10293.47531,12733.12263,6746.133786,54561.532,9130.062813,12475.68583,8861.891143,15188.00075,12338.49375,12599.40788,8990.263,6965.57225,14598.61975,6927.250571,8858.760286,11005.8,8549.173417,12236.56275,6264.211333
Thyroxine,8434.79,9123.87525,8724.382364,1,10305.94125,8564.164,9293.496,7564.3655,13087.79225,13141.90643,10382.50671,13077.86917,11243.637,13091.0985,10433.205,11135.72867,10159.916,12236.2065,9346.6025,10581.3904,10932.867,7365.271214,6939.36,24453.95275,1,1,1,9420.858667,12228.86967,9777.747,15127.29,18629.408,9059.19,6657.048643,9543.278,17417.31506,20865.152,9304.9376,11278.44983,13219.998,11843.3078,6797.8145,6771.5846,15769.51914,16906.76333,1,11319.9177,1,13581.068,32546.87363,6221.858333,9283.36675,19372.52611,1,4438.8096,1,4791.792429,5847.2076,7199.2,11552.304,1,1,1,1,7065.138667,1,4210.3392,12043.48925,1,1,9758.508333,1,4367.381,1,4423.455053,2887.579333,12208.5915,2032.9088,1,1,1,1,6309.866,1,8522.2158,7590.581214,1,6651.754714,1,5699.5104,8461.659333,11960.789,7179.03,1,6632.549687,7239.323,7541.0325,7207.256875,6561.78025,22259.47843
trans-11-Eicosenoic acid,475.8592979,1,359.2186047,368.4214286,1,8.146319398,214.4462993,25.06821533,368.7260811,440.672439,440.7385366,400.722027,997.5513,772.4307,862.709939,947.6985128,1349.935537,1255.25177,1421.436789,989.0234118,1120.6041,1,556.5694167,389.6448913,730.3847708,860.2542308,730.3696486,838.088431,867.4615385,1506.907762,1048.77551,6.543816026,659.8333721,586.8815,1041.117226,190.0959184,1036.61239,1328.841429,728.2147174,916.3728864,549.6341163,1,1224.581214,1986.863056,591.3778636,488.7079787,557.7476739,1633.6246,1,700.0627674,2399.881842,2312.744667,2320.432615,2105.533,1186.221453,1630.188438,2404.413214,2115.530417,1184.594027,1932.596154,1738.569681,1383.872,1476.478125,1997.252556,1,1891.193684,854.1363261,1356.482947,574.158,1163.855217,901.0237636,1039.466694,1106.095158,1878.578974,4190.548268,1248.546405,1298.035316,1013.829895,1254.078537,1295.110439,460.4868409,744.0125,1,575.8392237,635.6653333,1006.597333,1572.2217,724.9661905,761.911875,489.8025,1201.253125,172.6427147,1008.505263,1080.875693,767.0786364,942.159,1331.339744,858.8930625,942.208575,1595.660697
trans-2-Hydroxycinnamate,1,4525.697143,1,4336.251182,1,5122.794133,6713.4824,3654.62175,4619.817143,4589.822929,5899.128929,6398.211409,4997.275714,4544.4672,2389.279071,1,5781.456115,1,8751.915,1,1,3539.6,6512.6607,1,1,2947.030625,5646.304,3439.885957,4487.914286,6113.23677,1,1,4486.68,1743.2275,1,4929.418421,4280.158385,2963.944846,4802.282813,4082.807719,2897.776143,4493.047,2130.509333,4393.61775,1,1,1,5849.11725,1,6403.765875,9924.8391,12392.23418,7790.890588,8639.490692,8933.063333,7386.7686,9784.247278,11583.67093,7799.679364,10390.59409,10148.66441,9112.609864,7674.204643,6438.0195,8663.746,10794.71305,7090.31925,6966.213333,9767.91075,7346.663143,6690.615556,7069.781778,6537.819929,7544.205,8602.956848,6816.9985,8691.401562,7178.893,5650.397529,6746.229625,8425.49785,7293.21285,6413.866429,7027.753929,1,9510.275,1,7709.014375,8613.1695,9561.7675,6536.931,7432.586,6864.906286,7980.04375,8302.3385,8383.907,7421.2848,9986.785,8669.58,6887.801437
trans-2-Hydroxycinnamate1,1,3582.6168,1,3265.8565,1,5742.605,5606.362731,1,1,1,3771.303188,1,1,1,1,1,6547.02406,5770.24225,6366.4938,6240.962423,2996.966769,1,5219.808458,6985.622409,1,1,1,1,3388.9364,4178.2605,4613.721143,3915.531667,1,1,1845.0776,4825.076389,1,1,1,1,6890.70265,1,1,4772.2907,7702.080714,1,1,3458.627308,8028.01125,1,6267.454231,5711.402475,1094.932727,1383.856941,1,1360.067923,1143.420219,2700.281143,1924.20875,3566.677441,337.59,4104.789699,1,3333.313273,2038.776214,2509.790453,3468.799911,1750.651328,3764.935,3257.3592,2580.6688,1,613.8968333,4289.294265,2383.548618,3657.031,1,3419.380575,671.6226774,4596.328577,3559.308837,3732.3405,4697.0586,2283.050847,28634.22519,7625.387,2467.267932,1,1,3056.9379,4288.146354,2619.939833,3469.427143,1,7340.9805,5271.892706,5901.38729,4530.324124,4684.351875,2981.098033
trans-3-Hydroxycinnamate,1,4525.697143,1,4336.251182,1,5122.794133,6713.4824,3654.62175,4619.817143,4589.822929,5899.128929,6398.211409,4997.275714,4544.4672,2389.279071,1,5781.456115,1,8751.915,1,1,3539.6,6512.6607,1,1,2947.030625,5646.304,3439.885957,4487.914286,6113.23677,1,1,4486.68,1743.2275,1,4929.418421,4280.158385,2963.944846,4802.282813,4082.807719,2897.776143,4493.047,2130.509333,4393.61775,1,1,1,5849.11725,1,6403.765875,9924.8391,12392.23418,7790.890588,8639.490692,8933.063333,7386.7686,9784.247278,11583.67093,7799.679364,10390.59409,10148.66441,9112.609864,7674.204643,6438.0195,8663.746,10794.71305,7090.31925,6966.213333,9767.91075,7346.663143,6690.615556,7069.781778,6537.819929,7544.205,8602.956848,6816.9985,8691.401562,7178.893,5650.397529,6746.229625,8425.49785,7293.21285,6413.866429,7027.753929,1,9510.275,1,7709.014375,8613.1695,9561.7675,6536.931,7432.586,6864.906286,7980.04375,8302.3385,8383.907,7421.2848,9986.785,8669.58,6887.801437
trans-3-Hydroxycinnamate1,1,3582.6168,1,3265.8565,1,5742.605,5606.362731,1,1,1,3771.303188,1,1,1,1,1,6547.02406,5770.24225,6366.4938,6240.962423,2996.966769,1,5219.808458,6985.622409,1,1,1,1,3388.9364,4178.2605,4613.721143,3915.531667,1,1,1845.0776,4825.076389,1,1,1,1,6890.70265,1,1,4772.2907,7702.080714,1,1,3458.627308,8028.01125,1,6267.454231,5711.402475,1094.932727,1383.856941,1,1360.067923,1143.420219,2700.281143,1924.20875,3566.677441,337.59,4104.789699,1,3333.313273,2038.776214,2509.790453,3468.799911,1750.651328,3764.935,3257.3592,2580.6688,1,613.8968333,4289.294265,2383.548618,3657.031,1,3419.380575,671.6226774,4596.328577,3559.308837,3732.3405,4697.0586,2283.050847,28634.22519,7625.387,2467.267932,1,1,3056.9379,4288.146354,2619.939833,3469.427143,1,7340.9805,5271.892706,5901.38729,4530.324124,4684.351875,2981.098033
trans-Vaccenic acid,1,561.2832249,1142.126645,1,1,231.2685358,260.0690303,1,356.8605339,183.8714447,51.91259436,1,2068.99375,1898.9853,1952.4825,2043.391333,1582.4403,1572.6452,1657.392,1693.459524,1,437.386834,260.8636771,1768.555556,650.0460793,290.7105813,520.7099193,1946.304925,1215.463039,249.3498502,2350.394509,983.0902778,3431.301429,2301.01196,838.6803709,1,2252.828842,2286.695471,747.329397,1,1,1,664.728367,5689.8847,2552.4528,503.6544698,57.44438703,3579.27151,4980.639611,7914.582158,1150.558444,1326.045,4048.926615,3072.28875,3187.549,852.8449,1107.3012,2968.504167,1324.52635,2822.87475,5597.089143,3999.855333,2606.779227,1355.163395,1433.491,3117.941615,8044.128824,2660.4963,2189.371167,1875.096563,992.486,1705.013409,2119.075182,1941.370667,3256.249538,1950.283067,1384.323722,1870.79225,3165.638,1873.36875,326.5642047,5839.5165,8531.729692,8925.607796,2097.678,2023.221538,721.4635009,1609.79875,2357.015654,287.3854525,2785.598591,12157.03573,11448.6008,2136.063333,1368.5035,8016.783393,3158.564538,5051.428846,5764.118067,3542.608731
Tryptophan,138618.1731,137395.1252,120617.4415,128134.4199,242693.3027,225792.2668,207357.9246,219227.3532,175234.5285,155700.7227,167189.1196,175110.9272,127853.1942,120173.9279,132806.4308,106257.0417,74971.22654,83805.75262,86993.65262,82008.01421,133293.2189,77876.484,67175.39888,128494.1527,29184.762,29754.80967,95835.5287,161558.5118,41461.8015,48050.43277,71861.62529,80595.67042,272730.4826,301261.1863,272098.5279,140811.2175,81364.66342,21147.94246,1,60601.776,80050.3704,1,34885.34707,95691.855,134067.4461,229669.2164,58365.93976,84531.88539,127752.846,139570.1931,244898.2551,71317.68715,123438.7,45095.02698,262554.0157,145529.3372,153451.1615,82196.90521,346164.612,96312.35709,375660.3773,81190.1525,173649.349,240282.6563,196882.0165,69535.39774,159564.3143,75477.69543,185711.0493,84301.33393,115566.2836,167089.134,72338.3375,158851.6534,155294.0754,67588.14584,1,205619.7937,1,147004.5288,323684.0016,376017.5478,96928.32536,174772.1681,409619.7867,222216.2032,321197.4549,107959.335,62235.70958,226889.3074,329553.0549,135645.9761,64390.6505,282646.8386,110305.6852,101973.828,75382.62858,351208.2047,304734.9411,98086.07862
Tyrosine,206245.26,196608.6785,192742.7535,186001.2607,241728.6885,229147.1275,192722.4914,212118.4731,125437.6774,112993.0966,109518.6055,118191.9779,120227.077,135670.1535,133034.4814,116289.9119,159130.922,158629.7668,158739.4088,163002.5213,159227.591,174481.7047,165399.3199,212189.0992,108780.966,109890.027,89372.11733,77955.91667,141284.864,163401.2987,191463.2983,183345.6265,93144.73467,93605.62863,85296.66814,250904.3268,191446.983,90155.646,181340.7878,185340.288,207490.6368,134271.5062,75434.1819,108329.1537,178251.1754,79624.60187,117636.2864,93104.25686,253559.7782,161883.2061,366218.5307,271676.0823,286928.8732,194056.8557,201853.28,158631.4869,63757.7665,249873.6531,70538.6476,208327.1326,184621.2905,173686.783,1,108364.2387,70951.683,201121.453,249983.7629,139832.926,271528.1153,237198.6006,190772.0398,1,144296,335663.7278,182495.2054,268446.1452,1,184937.5435,242617.7613,479024.1924,149058.8833,132985.1357,227617.347,318106.3102,896651.3019,375779.4927,215666.9912,105153.6146,1,242088.8473,178524.9419,244949.5958,202054.4233,84164.26926,238429.1717,281481.4886,251507.0155,255492.0604,205768.4363,181677.3455
Tyrosine1,9729.128077,10891.80612,8063.329083,8546.149333,12958.52525,16160.96045,15965.939,18090.143,10422.92625,14442.4443,8293.938364,8748.736471,8455.374542,6222.166889,7977.437273,5898.057933,15072.7486,18502.21936,17447.32248,18818.60933,10442.5125,18808.00814,14076.02127,20697.40585,7641.890909,9271.254,8555.527714,6272.709853,15539.63727,15510.0384,17135.529,14588.21,7303.7805,6462.912667,3832.4578,18584.92625,15723.66923,3442.725,14740.48725,7458.934778,15242.87689,5243.7861,7122.4854,14103.72243,23700.24154,1,13883.48781,7877.158333,36165.12538,65321.32821,24853.4624,15774.04683,21643.27471,3230.224487,8878.419272,6169.8,3217.38725,11707.01494,1,8144.16719,12124.8225,15968.3675,2188.346812,12107.91141,4322.459625,1,12932.59707,7591.272857,24303.10198,13478.3499,4880.770481,7277.076182,2612.67435,19920.32585,10138.6614,16760.27977,7225.311333,2936.835,1,28454.71772,15802.93367,6234.375,15337.92987,17113.40957,92574.19495,32502.86652,14463.759,8546.843804,5017.703041,12122.81112,11342.2845,10362.04555,16406.3439,5273.93625,19165.5009,15549.391,8473.729962,12353.27919,12310.9055,13989.46314
Tyrosine O-sulfate,5032.5918,5387.45,6507.7245,8058.894,4254.855,3966.996,3685.7587,4041.842571,3970.8136,1,1,3285.7635,2645.466923,1,1796.6944,4022.2063,7008.114,6257.9008,4730.011,5412.693,5533.1955,7318.112167,2496.1516,2553.969,19513.58293,15518.13714,7871.562,16382.26888,1,1,1,10858.06667,12606.13219,10063.6895,5112.8136,3582.268,4611.5725,6924.321333,6998.2255,5135.046083,2703.926167,1,11582.4525,1,1,14033.8279,1,6816.96,1,1,2070.396,4205.1,1,5925.1,3915.6624,3943.2315,7943.036571,1,9858.960571,3223.238,5354.970833,1,1,13787.7425,9147.713143,4408.646667,3339.957333,1,1,4401.945,2830.24875,6265.354643,3054.0142,2860.8315,4022.589567,1,5172.25375,3024.253917,4175.323429,2748.735,7783.750857,7367.763,4260.900417,6323.650125,2973.348,4542.749167,10347.89875,6685.568,9784.034,3811.05,3528.357,3049.513167,2104.9935,13430.40129,1,2778.125833,3564.3466,8204.24575,1,4581.4435
Uric acid,708873.7339,665056.768,629883.7391,642962.1932,503959.1985,459440.7783,471392.9506,483756.3986,326875.9484,337126.9167,299960.8073,321233.8266,293897.0807,337829.5845,341311.5419,318353.829,333130.8314,393460.8273,321303.9223,380963.901,647956.5602,442779.065,380478.8534,316626.6725,432072.4824,465747.4497,430388.538,442575.3466,475482.0645,516994.3906,359313.2317,613022.9958,532084.498,545152.2835,660777.2675,232429.2,549366.2063,716562.8109,282178.069,610367.6068,425797.5407,482538.0673,698986.7825,263987.475,476089.1638,607038.15,506045.0309,465743.797,494033.4758,345913.8291,235283.8014,626202.5187,279605.1258,218848.7957,544402.8893,171629.7361,186608.5848,481274.9711,219814.8333,278066.9613,329742.4016,340022.9127,596959.055,467019.1672,250923.0884,269390.8422,146233.2415,296197.5956,154785.03,406478.4584,313617.1042,240674.6046,137621.5541,336690.6085,313670.5784,298469.7226,251677.9058,383998.4955,257506.445,267596.44,219433.7891,299142.4992,311380.7233,235450.5679,233244.6163,379805.5045,214515.8707,549544.9703,603199.463,324280.1415,363926.7193,313592.5281,293484.6042,597828.1696,606462.4143,515296.0337,573589.214,620474.9214,511945.7793,722390.799
Uric acid1,88741.73088,94110.73956,90327.87571,88356.78787,64639.08152,65431.58191,66801.93352,60778.006,40690.98,51004.56752,33933.16348,38632.15485,73704.57976,73226.3896,66318.97064,69575.02431,118298.5357,124991.0925,123234.2405,134429.6012,84744.24792,60730.73775,59425.1651,38088.86375,93630.69195,119771.2743,203714.3955,170020.3881,58804.25375,78849.01048,43710.29357,90163.05079,91720.41292,100877.7559,119703.3197,25000.98961,108235.8458,81573.965,32370.99545,67056.94088,54684.36108,84446.9356,118038.6852,45863.03358,99393.78883,203494.2569,118552.5396,92915.99417,182673.4778,114040.2167,59332.74371,105991.3628,52496.83196,43565.38362,107405.8416,17069.26185,36205.33944,73752.92159,35550.33824,34122.21843,80141.43638,83133.73472,156802.068,108947.5138,47494.44,43559.29175,23278.52086,39591.0725,58654.75513,71236.61256,39759.63804,58210.84286,20875.74396,41721.57386,59954.14532,41249.0016,24441.85688,74719.0236,71424.22875,34984.57277,48225.57498,157651.704,89507.69801,33572.3571,204935.1346,54901.13216,60888.51167,90228.331,111067.7186,48851.03272,71074.47406,44847.87438,43778.51262,153747.0327,102836.3276,78158.784,110783.3661,107864.394,112539.0061,167414.5993
Uric acid2,87167.38852,70787.979,90419.47143,71336.21567,54003.40821,57669.21738,52673.82424,54726.7799,33049.26537,40832.64038,33886.13303,38997.04849,58012.02291,64291.45125,55110.25654,53057.36806,101828.1413,111109.7287,126132.2483,114959.2862,51728.81602,50341.41339,52636.86227,33172.60068,74782.2024,91118.08221,217809.7627,203043.9448,48759.9651,46581.91028,41683.53216,79156.215,80513.96897,89283.76059,109511.9355,25457.52994,71183.0247,90302.8709,30262.236,58994.12419,48532.13162,86941.53943,92969.71384,56153.12276,114823.4676,242509.7097,142604.945,94786.6041,184461.446,141358.9008,41384.19484,88898.37236,37958.98556,30447.2643,100269.1947,14083.828,28571.00173,61123.9327,30188.7405,26103.94283,70994.89084,57693.10811,127768.1082,89432.39348,34581.5697,34384.46517,19995.77662,36514.84444,46177.66617,59185.44353,31368.79235,55057.80963,17312.24712,32394.19907,36056.01968,28475.3475,23801.827,69636.77042,63946.83544,24711.99683,36954.67939,155807.6356,75788.87906,29893.4439,220776.1793,44979.01631,65899.93239,74424.61334,95895.58953,47938.57059,67408.54522,44964.99263,33597.79832,143455.889,82501.32498,62331.66777,78823.95375,99718.64482,90736.87438,115535.7976
Uric acid3,97838.63498,106428.7825,121522.2219,101585.8551,107490.2,101610.0298,97236.87638,103144.6845,5397.652448,39305.49766,37824.929,29187.37341,31071.54122,27499.32043,35451.31193,34004.98283,103828.22,94169.25291,85244.53841,94180.68415,40256.68703,77821.131,55870.63578,4213.492667,67813.59954,55535.10311,270786.0146,186185.389,46233.7616,5681.8635,6072.390964,138415.056,105015.0769,82137.83565,116589.9594,974.2103415,73939.07509,86911.86584,2888.334196,65933.66144,5073.474167,47922.72056,133828.6169,431370.1468,1104885.473,805519.3287,705654.6542,632676.0761,1204120.937,1018778.898,29878.26188,143443.6837,32921.09993,24364.0164,144844.1786,5578.012969,2612.657087,72249.23322,34088.432,29079.60978,49509.91769,84534.47763,228439.8208,115377.5213,4410.082593,22023.197,3136.800063,4202.739017,40083.18574,48826.51825,29872.76863,50411.22074,3500.456143,15776.16104,33815.07214,6479.65131,4245.02784,70603.36878,97738.15585,20893.98316,2602.594667,173439.6831,69308.25005,4765.03404,345620.8509,10451.0734,44536.91667,115092.2912,129113.914,33690.24941,73466.4481,2485.35,1836.73434,161943.7754,119442.1242,7598.96825,105129.2252,112584.3526,124435.0543,120769.9903
Valerylcarnitine,15888.07708,23715.9795,17891.2048,18855.11,22196.526,36084.29167,27745.37783,33491.58,14451.8186,13911.47967,11154.72,17231.7991,1,8366.7661,1,1,65378.3595,53087.71275,48951.808,54491.944,79828.72286,27908.44283,26030.07975,31945.59193,24163.265,21370.80621,39378.346,48388.008,9424.5845,8919.269333,11431.3656,44673.05857,9033.5056,9823.65,5429.8009,40294.23767,8272.1765,1,36290.067,15061.2286,47991.34725,19535.9095,13606.1621,21948.8604,24345.7175,58046.28217,13726.80375,90146.06157,23359.895,20711.7823,38989.97143,6608.3963,22522.9515,5866.7741,31857.497,4710.9699,18041.81225,19443.89742,1,1,32237.08917,15970.37792,24666.381,1,1,54030.22571,26729.1475,13186.35025,17645.07242,54691.58893,1,41281.8105,9823.857833,57210.6555,20646.65944,356379.7025,29635.28667,50823.069,32631.158,12659.11533,41412.096,139650.3127,56842.976,24770.207,68531.98972,28463.79767,28206.062,18683.10283,13296.28083,27235.292,11639.012,18250.09875,1,1,23329.44493,20318.98929,146995.9138,30087.623,31022.81421,17700.47108
Valine,127958.1333,129559.8386,131123.674,122748.417,177063.1054,169756.1565,156643.5948,161423.9415,147161.4692,136809.0013,144424.6008,1,130145.8482,151838.213,149993.6258,1,1,1,90322.94668,98634.13004,1,1,126996.3881,1,1,97841.45667,63594.137,1,116332.3321,1,1,1,74266.251,56552.63775,1,173078.6128,1,1,1,1,161861.3872,88204.70455,1,1,1,1,1,1,1,1,273367.1191,85570.56964,175942.9822,100095.0305,181224.437,101306.2473,1,1,1,1,142372.3941,1,1,84330.39378,1,119651.4016,194325.036,1,1,145140.5423,1,157658.901,109911.5408,154282.5795,84382.88228,123529.4698,1,145610.8266,1,168275.1004,1,123226.8061,176259.7659,132908.8328,186817.4659,166468.4921,1,79917.93492,1,150520.7887,95767.452,150436.2619,1,77215.77267,1,1,1,148707.9616,127622.088,131684.9816
