name,C01,C02,C03,C04,C05,C06,C07,C08,C09,C10,C11,C12,C13,C14,C15,C16,C17,C18,C19,C20,C21,C22,C23,C24,C25,C26,C27,C28,C29,C30,C31,C32,C33,C34,C35,C36,C37,C38,C39,C40,C41,C42,C43,C44,C45,C46,C47,C48,C49,C50,S01,S02,S03,S04,S05,S06,S07,S08,S09,S10,S11,S12,S13,S14,S15,S16,S17,S18,S19,S20,S21,S22,S23,S24,S25,S26,S27,S28,S29,S30,S31,S32,S33,S34,S35,S36,S37,S38,S39,S40,S41,S42,S43,S44,S45,S46,S47,S48,S49,S50
label,C,C,C,C,C,C,C,C,C,C,C,C,C,C,C,C,C,C,C,C,C,C,C,C,C,C,C,C,C,C,C,C,C,C,C,C,C,C,C,C,C,C,C,C,C,C,C,C,C,C,S,S,S,S,S,S,S,S,S,S,S,S,S,S,S,S,S,S,S,S,S,S,S,S,S,S,S,S,S,S,S,S,S,S,S,S,S,S,S,S,S,S,S,S,S,S,S,S,S,S
"(2S,3R)-2,3-Dihydroxy-5-oxohexanedioate",278140.3554,550411.2648,463124.933,273529.7147,307464.9788,226739.5298,186024.5418,266790.9535,297882.954,374935.962,276663.3326,311703.8864,324430.863,411225.4629,366834.1659,354779.7992,398517.6124,310394.0427,320952.7663,407041.1325,400501.3114,298955.553,485804.2895,242433.9988,527598.5242,383370.5153,278636.3581,298514.8484,268065.025,349260.1384,273261.6357,411745.4517,351719.9929,271254.3368,281360.4048,415727.0209,2927.183625,356490.7324,463339.5895,295726.1771,267723.2725,352601.3671,420241.2808,163351.2118,310635.4473,269872.5791,204494.6147,340719.884,274214.3702,400603.8422,4703568.216,4482385.308,4969001.499,4296033.939,5294387.947,4752413.373,4211915.335,4750117.083,4535027.795,5102203.546,4379298.142,5143704.203,4946186.433,4265128.313,4205021.508,4960265.585,5530606.534,4520993.757,5259435.802,4624912.835,4961521.418,5430596.586,4939561.866,5312541.455,5242440.596,4232724.111,5120052.627,4719592.36,4428675.84,5181766.802,4826111.769,5404038.477,5035492.28,4643887.658,4725379.177,5174283.52,4995852.976,3823338.771,5276421.595,4936410.479,4534865.118,5823125.082,5407888.296,4815592.411,5065986.919,4961159.758,5048250.365,4802425.478,5324094.974,4894383.845
"(2S,3S)-2-Hydroxytridecane-1,2,3-tricarboxylate",970.7287753,1690.872109,30110.04854,1881.547926,987.9704094,6477.713693,4562.291545,12166.04327,2209.919214,1984.894376,5273.921467,73385.75575,2828.394038,21632.56167,1768.0725,265252.1795,4241.953038,323.0195486,63058.72827,14255.33824,1491.542677,136640.5561,157331.5017,13318.148,16531.44725,1933.704753,3455.1,10395.77,32418.38918,6588.044444,972.259096,4409.45225,84539.30961,1851.28749,51555.64633,68666.64731,1448.277956,31514.91458,4822.166271,1857.519732,3852.316,1364.782219,41754.5,5888.992856,38636.42797,6926.82375,5443.77375,2381.40705,112489.5609,3429.701185,1146538.977,8719009.196,12649975.8,14618840.45,18258.53533,12220320.58,12616702.96,7103335.983,4272.192453,3337.912176,14836800.81,76219.70112,11839139.11,5731489.079,3596.575367,6905365.267,6276686.922,7733307.847,17509.20875,9743530.412,6773225.895,16249515.92,11049910.12,10076675.14,10750356.7,6737437.896,2617978,10470677.94,8582981.344,7139258.672,3385612.091,13906526.34,12340040.96,2977.167075,10488.49455,2914.819686,12197450.7,5077308.391,8996229.91,331045.5607,9583615.949,9991.307926,5777552.889,83113.41197,5545585.495,5440.784731,40790.28538,2980.151922,54329.36222,17849.1138
(3Z)-Phytochromobilin,92462.459,115783.1675,35259.10707,182220.6716,162511.4358,105503.3189,513679.635,183345.3548,97884.35523,50987.68491,91388.78244,126136.0457,32781.83908,197915.8734,120021.5113,41617.17182,490692.3303,10866.8755,73981.85717,163688.2488,25319.70878,70642.30974,52916.38359,73751.14261,68120.10273,236704.4474,83882.2899,86995.63482,101061.8005,188251.8241,58806.2475,174289.656,47593.60913,41958.42255,80502.13761,72356.13236,156349.359,80905.80432,47222.19991,107657.5292,118793.0593,186224.6985,27299.16545,44189.42742,103641.0175,103970.7539,87764.80248,86094.06522,41946.0362,182707.1285,299890.6208,71033.73423,110342.2883,24662.0088,62472.55352,60934.92875,23340.93989,41332.08127,23564.25856,46019.16625,40630.10286,78175.00537,16316.19145,70177.87636,24811.05841,28683.70263,115332.7246,23172.69006,362909.0165,17873.91717,88606.65834,74882.59943,15007.27332,389654.8378,61438.99574,169785.0565,69552.40439,84209.50931,55182.50815,28151.05475,42029.16434,30749.61676,104147.419,100776.8466,283242.2567,324054.9278,75054.78098,74718.91166,262922.8688,258006.2925,78815.81161,125623.1718,126209.0643,43322.08833,58234.95098,132225.7357,98425.73354,188657.8633,193176.6188,100830.2436
(3Z)-Phytochromobilin1,9119.768167,18184.50817,2703.457459,18250.743,9198.782239,4979.498333,6873.558068,13844.97344,3061.663231,3809.77903,9941.834833,3272.177861,2866.690329,5488.282397,4974.620925,8677.963362,7156.6882,408.0056434,3120.843586,3211.491645,1829.555404,3057.704608,4281.89725,18213.44424,5447.175912,16467.46584,7637.231539,2218.461768,4339.832325,3533.364818,5965.814834,5246.602346,3310.024875,2228.433778,6918.393052,2613.672778,10878.56651,3313.197588,3305.435538,1766.282031,13009.32261,4094.177375,4047.578365,3469.752167,1650.481625,6699.436085,5885.209684,3885.461468,4290.625816,21050.61758,7109.695511,10360.02756,6382.357966,3954.852,8898.784364,15549.65937,19266.73417,4933.963404,11073.521,5024.75425,11807.5472,8692.631567,4005.851165,3574.99228,5718.838458,319.7824821,1871.772087,5520.4296,20407.67439,43419.6889,14442.09912,11503.86971,11190.39167,12855.98139,18949.55826,12582.68472,6440.401361,836.8535671,32886.33869,3943.077273,134834.5146,1023.296272,4163.043907,7178.684841,46530.65878,15686.80492,131851.3961,9139.626133,1476.149165,118659.0721,18479.99475,2123.691773,6356.903346,75417.6255,5622.4365,4608.738785,5852.202243,7563.352821,9345.465157,3330.30528
"(4R,5S)-4,5,6-Trihydroxy-2,3-dioxohexanoate",278140.3554,550411.2648,463124.933,273529.7147,307464.9788,226739.5298,186024.5418,266790.9535,297882.954,374935.962,276663.3326,311703.8864,324430.863,411225.4629,366834.1659,354779.7992,398517.6124,310394.0427,320952.7663,407041.1325,400501.3114,298955.553,485804.2895,242433.9988,527598.5242,383370.5153,278636.3581,298514.8484,268065.025,349260.1384,273261.6357,411745.4517,351719.9929,271254.3368,281360.4048,415727.0209,2927.183625,356490.7324,463339.5895,295726.1771,267723.2725,352601.3671,420241.2808,163351.2118,310635.4473,269872.5791,204494.6147,340719.884,274214.3702,400603.8422,4703568.216,4482385.308,4969001.499,4296033.939,5294387.947,4752413.373,4211915.335,4750117.083,4535027.795,5102203.546,4379298.142,5143704.203,4946186.433,4265128.313,4205021.508,4960265.585,5530606.534,4520993.757,5259435.802,4624912.835,4961521.418,5430596.586,4939561.866,5312541.455,5242440.596,4232724.111,5120052.627,4719592.36,4428675.84,5181766.802,4826111.769,5404038.477,5035492.28,4643887.658,4725379.177,5174283.52,4995852.976,3823338.771,5276421.595,4936410.479,4534865.118,5823125.082,5407888.296,4815592.411,5065986.919,4961159.758,5048250.365,4802425.478,5324094.974,4894383.845
"(6Z,9Z,12Z)-Octadecatrienoic acid",6964.919,22283.92354,4778.3904,13278.05221,14467.85654,9170.737412,4926.7515,14352.79248,1,11737.14,3445.6065,8941.799826,1,7409.112115,5799.04785,6120.653,15589.16757,7568.629636,1,5953.365385,5579.478154,1,10757.76,1,4917.8324,5127.551,9029.8215,1,8192.063187,3738.685889,4383.506667,6140.285579,8406.397321,3060.542708,1,4596.4895,5018.214923,6809.867429,1,4753.76,3452.211,10093.35962,7853.726063,9244.276786,1,5865.48,3183.786154,6815.99875,1,8515.952571,12675.54626,1,10067.2736,25052.93328,13568.27604,10741.43622,11505.86565,11642.79916,2229.129281,1,14868.23791,15508.18359,17043.3599,1,13147.87464,1,4774.567455,10060.778,4165.313,8143.11,1,11946.8259,5088.149867,1,8426.485823,1,9725.545556,10831.54225,1,14161.65548,6249.5715,9521.979867,7220.5085,1,8238.534857,1,9804.002333,13259.11001,5295.444,1,10519.13558,22600.36078,1,5502.702273,1,6122.018667,14688.5275,7661.963875,8415.910385,1
12-Methyltridecanoic acid,28940.07538,56308.51448,70464.8215,65671.11027,46963.80596,24830.98679,30326.67554,28457.897,17335.02021,33472.25402,29368.15921,29894.10838,13058.775,49032.4806,92395.03459,19646.97768,25225.85219,13592.13703,19724.60571,22470.09136,16268.90185,13440.4598,11440.58754,8392.027893,25407.58167,22877.96536,22551.1645,23143.7985,224356.378,20885.22057,13112.65704,52921.89732,23672.20029,25821.54991,18796.86795,21882.96371,25083.31331,15687.39,31381.55789,11880.56716,15929.40585,34623.51793,22947.21386,14548.36066,23167.53118,26657.67857,16687.78581,9243.1265,10113.4519,14631.60168,65360.51471,17703.40587,60801.85685,91359.37912,18624.7424,77432.98319,29880.10893,17547.93718,10147.46288,12511.60543,17627.03443,18311.8581,16674.29107,41486.10902,19827.64335,38476.96561,54072.11277,15790.67379,10380.99281,23525.87902,13686.20612,19587.613,27270.5943,23441.71013,53577.29607,19506.3339,22800.89018,13544.6553,11104.95809,14973.09006,16562.44943,13803.8069,22619.30629,8373.043891,10721.33747,18805.85823,27563.39237,28522.30381,28409.35007,6867.160761,21723.76779,9828.24761,13775.96148,21003.014,9027.619929,19632.14261,26650.27607,18968.03469,20447.94359,25565.36595
13(S)-HODE,7637.733952,13035.98189,8511.674258,13171.3875,11539.68448,11903.80457,8967.402667,9668.983333,5325.58544,8849.1942,8014.428259,9169.677399,7532.569,7615.936812,7330.069667,11220.13932,20036.26744,7536.201,4952.366037,8422.103875,5548.997506,4370.188306,7418.238667,2543.411,8764.208654,6099.452146,15149.95704,7751.277534,13632.502,5168.911667,8074.042667,9463.54304,6410.69088,5889.661522,6936.98645,7482.701429,12544.5956,7170.304973,7788.956359,3863.287397,7958.22592,13414.90513,11080.95098,10890.71458,6176.452904,7015.932,4044.643949,7612.935364,6294.610836,10032.42907,28325.75275,9527.397,10286.56404,16929.59722,6058.556944,10147.93152,14505.61538,6161.714463,1625.380652,5928.0775,12188.36804,16267.4607,10021.74576,11811.83988,17622.27994,6523.241084,5745.372,9139.85672,3801.375,9656.967278,6324.980077,12293.19798,5285.672596,18673.2615,12494.42392,5888.661827,9853.165385,10338.3144,4470.599063,19367.16435,6612.581437,9786.65814,9504.044407,2414.444781,9461.288138,8443.003563,9927.096481,13051.91685,10080.87415,5561.8092,15636.895,40550.87482,4116.299936,10639.03481,10025.03042,6366.755367,28041.328,8215.019218,13068.15912,8620.6189
"15,16-Dihydrobiliverdin",92462.459,115783.1675,35259.10707,182220.6716,162511.4358,105503.3189,513679.635,183345.3548,97884.35523,50987.68491,91388.78244,126136.0457,32781.83908,197915.8734,120021.5113,41617.17182,490692.3303,10866.8755,73981.85717,163688.2488,25319.70878,70642.30974,52916.38359,73751.14261,68120.10273,236704.4474,83882.2899,86995.63482,101061.8005,188251.8241,58806.2475,174289.656,47593.60913,41958.42255,80502.13761,72356.13236,156349.359,80905.80432,47222.19991,107657.5292,118793.0593,186224.6985,27299.16545,44189.42742,103641.0175,103970.7539,87764.80248,86094.06522,41946.0362,182707.1285,299890.6208,71033.73423,110342.2883,24662.0088,62472.55352,60934.92875,23340.93989,41332.08127,23564.25856,46019.16625,40630.10286,78175.00537,16316.19145,70177.87636,24811.05841,28683.70263,115332.7246,23172.69006,362909.0165,17873.91717,88606.65834,74882.59943,15007.27332,389654.8378,61438.99574,169785.0565,69552.40439,84209.50931,55182.50815,28151.05475,42029.16434,30749.61676,104147.419,100776.8466,283242.2567,324054.9278,75054.78098,74718.91166,262922.8688,258006.2925,78815.81161,125623.1718,126209.0643,43322.08833,58234.95098,132225.7357,98425.73354,188657.8633,193176.6188,100830.2436
"15,16-Dihydrobiliverdin1",9119.768167,18184.50817,2703.457459,18250.743,9198.782239,4979.498333,6873.558068,13844.97344,3061.663231,3809.77903,9941.834833,3272.177861,2866.690329,5488.282397,4974.620925,8677.963362,7156.6882,408.0056434,3120.843586,3211.491645,1829.555404,3057.704608,4281.89725,18213.44424,5447.175912,16467.46584,7637.231539,2218.461768,4339.832325,3533.364818,5965.814834,5246.602346,3310.024875,2228.433778,6918.393052,2613.672778,10878.56651,3313.197588,3305.435538,1766.282031,13009.32261,4094.177375,4047.578365,3469.752167,1650.481625,6699.436085,5885.209684,3885.461468,4290.625816,21050.61758,7109.695511,10360.02756,6382.357966,3954.852,8898.784364,15549.65937,19266.73417,4933.963404,11073.521,5024.75425,11807.5472,8692.631567,4005.851165,3574.99228,5718.838458,319.7824821,1871.772087,5520.4296,20407.67439,43419.6889,14442.09912,11503.86971,11190.39167,12855.98139,18949.55826,12582.68472,6440.401361,836.8535671,32886.33869,3943.077273,134834.5146,1023.296272,4163.043907,7178.684841,46530.65878,15686.80492,131851.3961,9139.626133,1476.149165,118659.0721,18479.99475,2123.691773,6356.903346,75417.6255,5622.4365,4608.738785,5852.202243,7563.352821,9345.465157,3330.30528
16-Hydroxypalmitic acid,14887.52429,52530.85523,18695.61693,23450.84718,25708.87459,22754.40171,23323.014,15192.29894,11671.93917,19528.44032,23326.095,15980.55014,15471.12341,17947.76786,29916.91627,18192.37222,18412.32328,13751.54854,22006.98069,16361.83727,12986.427,13815.7787,15436.73593,9675.876,18565.5645,18525.25071,14904.2731,30099.33927,33150.44589,17180.63209,16270.11922,17640.67303,16914.04237,16003.50606,12539.50489,12892.67874,13107.96283,12547.1484,17165.39341,12561.29818,12532.13939,19527.1618,15842.15444,16182.56969,13433.66841,23858.11397,17303.79616,13173.39824,10381.36538,13313.51503,13832.26703,13030.47943,14832.51797,35217.19915,18257.21537,23926.8523,16499.125,17108.47077,8070.857407,10870.08976,16310.76793,20420.46281,19781.51354,22042.76809,12446.44646,10386.23416,30704.58811,10628.93621,13582.09269,22276.83938,12385.32,15403.6813,13761.73328,19434.95959,23597.89024,15934.47939,15025.08924,13897.40292,11722.68462,11802.43954,14141.03038,22900.52221,27134.66911,31412.98231,18614.79237,22072.79003,22975.94822,16852.618,23030.21256,9608.495,15381.75285,18651.41392,30929.35665,15549.0075,10741.49767,38672.80679,25490.02897,26218.24167,33120.97636,18509.848
16-Oxopalmitate,2588.336034,4713.537375,2881.584184,3423.383069,3698.845246,2734.81037,2905.918585,2802.453695,1927.6014,3477.33614,3091.042381,2741.130818,2838.297395,2626.5915,2944.819857,3550.948393,3133.729008,2727.22549,2334.596112,2938.466427,3058.756544,2184.828455,3220.123286,1733.326,2699.758557,4924.621125,4790.760104,2248.684386,3068.931703,3784.203933,6958.934574,2972.565341,2725.038571,2055.443414,3289.778079,2463.477493,3017.773308,2496.699145,2381.391141,2352.84901,2823.102033,2841.996617,3017.985231,2276.637363,2844.882853,3422.346294,3122.940242,2925.060089,2029.131967,2613.29812,4235.385724,3718.059234,3630.698788,4182.737197,4112.240276,4148.020537,3473.095767,3093.437862,2796.89025,3000.081724,6442.4254,4614.927353,3441.673448,4199.668839,2918.664578,3504.728103,3113.019,2605.9656,4274.200029,3280.1665,3963.441061,3398.667804,3112.235209,2918.337173,3503.181911,2919.856,2386.871389,3518.003483,3087.801,3331.029548,3847.246054,3626.455421,3790.776,2639.451571,3946.980828,3092.141397,3498.714,3400.656898,3260.001259,2769.529983,4145.79869,2647.738167,3225.885,3170.987069,3511.70581,3585.471389,3472.77805,3752.064231,3709.855,3671.264793
1-Deoxyxylulose 5-phosphate,12421.89375,3435.429154,12203.90429,5399.310399,6539.665064,7682.889018,8422.089123,4861.965239,2224.764759,8511.159531,6499.808357,5672.852511,6118.766833,5996.016564,11997.77931,7445.722848,5776.260043,8732.234,5636.03443,1338.165623,10075.934,10174.06225,3340.137485,9731.3105,7712.695,3922.933256,7135.352,3955.703925,1486.131512,1535.249106,4033.006175,4023.096272,7072.710999,4709.800201,5528.246294,6608.520286,3173.425362,6486.472133,10684.59904,2749.397394,3643.028268,5959.852699,6219.838069,1,12047.94411,1,4171.104244,4786.567536,5401.377751,7630.576789,19568.06962,22936.37896,17358.57942,10878.51563,42405.01476,11129.9625,21033.6945,17829.91932,12340.30155,18828.96457,21014.32383,86618.1266,88651.20893,54249.78817,22120.99719,14156.84025,8006.367222,15563.45035,7666.642667,11982.9675,12966.43738,13265.05231,19298.80065,16854.59045,20886.51316,8888.743714,12622.56027,18720.2275,15933.669,20267.79049,16580.60415,14808.23438,14215.72005,2542.712579,17775.09538,14593.65695,95244.97492,13554.43435,219725.9259,45858.03808,61653.94313,4100.688333,14311.18675,45296.24141,9523.69225,11185.65,11718.36149,14849.27446,12102.4395,11360.3126
1-Methylhistidine,1,19447.61117,27772.69306,19612.9395,19276.65267,33669.84814,18232.65125,13250.643,33037.815,47873.95691,19341.22725,14195.21,29894.35833,11767.7322,50139.04827,1,19835.4832,60955.4325,22103.4926,15872.688,24350.775,64808.692,28971.45829,14364.15,26586.792,12018.62236,30315.2005,31280.88188,27101.5875,14001.75333,19039.97207,11565.73371,9278.55,44085.6344,19311.32367,22350.36375,29696.53544,25856.20469,19618.85486,44322.02125,15961.6842,12359.14333,15909.58958,22422.00775,15170.22525,36866.05267,16423.94338,70720.85514,1,101968.4336,7822.785143,23962.126,13498.60089,24145.46727,23214.14288,7643.658,23993.032,10531.67486,16829.96863,4776.918,27952.76813,10974.95733,26033.57618,28036.26825,58546.56323,20520.1675,8217.005714,13468.79595,4045.904571,22981.68186,9350.765,22974.45659,6663.119833,13838.17288,17917.60736,4339.344333,6148.541437,16753.3232,24071.3686,9538.707036,27121.91657,47311.03757,21664.699,19744.55795,24272.82288,7416.233813,35152.5405,18218.87308,23235.0675,17013.3585,26342.824,5052.222,4216.588714,39236.03182,11058.31429,5779.289667,19863.6855,23237.29414,24501.1182,12864.77916
1-Myristoyl-sn-glycero-3-phosphocholine (LPC(14:0/0:0)),54805.27358,79664.62468,148313.898,41764.9788,162294.2629,155353.3906,175721.5809,1272381.002,414262.244,259892.4479,88168.5144,345653.9358,590434.8866,274057.9821,348037.9231,151436.7086,468778.96,218131.8595,76919.87694,408917.3817,324704.46,194016.8389,322506.4108,59338.60114,122062.8377,144922.888,644500.6238,348346.0218,1328755.922,568590.22,406871.3233,721959.959,192846.1012,262038.3693,495993.7344,372837.3236,581876.438,351231.2471,322479.8663,429501.2489,540822.617,241077.0038,394241.113,236134.4386,738163.6275,1307042.879,97249.01207,392383.3846,214608.9913,477595.9126,390457.6917,158040.2081,253973.143,25674.2081,50278.62007,101359.4222,45864.959,31731.5845,56899.04754,53102.9704,81231.76229,33648.77641,37919.57557,20323.0821,20504.91972,126306.056,1315437.453,192111.5322,63063.74054,52858.2561,71595.51939,42141.91338,129722.2703,49492.568,141822.47,90855.0839,158625.5149,44717.22794,47443.52756,116727.624,675233.4745,192454.5764,79297.40078,328671.6963,24207.63958,44718.99875,49287.91371,113112.7503,239071.0445,24564.48433,37448.60968,218390.9907,276457.6097,59238.14124,57573.80924,156268.6871,16055.82,239301.7099,240551.192,114851.1827
1-O-Hexadecyl-sn-glycero-3-phosphocholine (LPC(O-16:0/0:0)),470253.7667,112677.5249,214937.9416,110563.8622,189351.1323,120321.682,208633.9594,321568.5646,200329.9108,214399.8131,112659.1326,186452.9631,277101.6364,242434.4944,128221.6513,364883.7853,317555.8583,295429.9478,148074.6079,276428.1011,431346.3768,332058.0865,365261.0821,195220.9468,100420.7948,235703.8045,386347.6886,900179.2008,617147.3064,302592.1787,345302.1614,223548.608,247266.9876,292112.1158,374088.3701,165700.2506,481506.053,226829.8078,373074.1907,384274.5371,203045.0835,222834.1331,622267.5772,734055.8977,491500.3777,914758.3557,235883.194,361025.8889,266821.1888,455616.4789,109858.114,148988.664,207719.1702,23273.82825,137158.7019,81327.66557,94046.02969,50109.63611,49206.3,49002.56264,75808.73818,87888.33457,56734.82826,29634.06309,61295.67,86653.22461,630582.5703,142302.9887,102638.896,45752.63455,85019.11043,53757.93764,71068.78629,74255.70026,106420.1731,136453.4401,80938.348,66274.96229,47396.13326,85359.80582,161102.7063,145167.6518,104010.7246,618421.2125,44883.08329,39924.23445,31274.78504,117194.7628,139901.2503,36308.84053,54127.065,351222.2203,261868.0641,59575.37524,61529.94522,182753.1563,54273.63375,175171.7952,149582.17,111446.7965
2-(Methylthio)ethanesulfonate,1,1,1,1,1,1,1,1,1,1,1,1,1,1,465.763,1,1,1,1,1,1,1,1,1,1,1,1,1,1,1,1,1,1,1,426.198,1,1,1,1,1,1,1,1,1,1,1,1,1,1,1,13440.40377,11172.84563,14030.04407,11347.66452,11446.81417,10382.96111,11262.77451,11641.62613,9396.457171,10799.71,10402.48595,11059.9113,9841.141121,9534.385421,11823.16416,12312.828,10550.23366,11473.58083,11024.16008,11366.2764,11697.76065,11855.18913,11580.4992,12184.51757,11317.80977,10237.35079,11086.18243,10434.98131,9602.638486,10405.19813,10935.97889,10898.48453,11277.51375,11704.97361,7936.246577,12186.10636,9035.111017,11116.59465,10504.00368,10661.12911,9469.738339,14476.952,14225.49234,10141.59019,14843.14657,15612.72848,12863.965,10022.75333,11363.868,12679.25385
"2,5-Dioxopentanoate",3902.199875,3950.01472,4069.307303,4030.113971,4199.404452,3938.067612,4031.263702,4088.786725,4022.537545,4247.112072,3862.553346,3784.914946,4035.585063,4029.644773,4176.964983,3976.416631,3952.666168,3981.677544,3979.532767,4023.832259,3991.161292,3908.81909,4167.215572,4312.631431,3987.267745,4144.210634,3982.669203,4051.686975,4365.884378,4334.850448,4044.242324,4116.463642,4182.927562,3983.319662,4033.750153,3986.64051,3919.774212,4065.568173,4000.414058,4013.054102,4065.48245,4163.085107,4037.686917,4041.161749,3947.74467,4199.423169,3956.626306,4192.74432,4129.955009,4035.169146,70249.8305,59045.43526,62017.14365,50631.34816,75819.1881,53733.40203,67648.62328,53275.19903,50451.04384,55975.70642,78748.18238,63637.92075,57960.47949,59563.25231,49367.86478,61685.91798,67240.15662,75840.09892,65803.52422,59399.50692,63520.01288,60206.39533,66147.05773,81949.97009,54182.48799,55903.4984,63428.95791,54539.18743,61291.46229,65308.94052,84035.67273,60006.51643,97796.07149,60591.22208,60118.84613,88107.06113,78881.244,64793.4105,57005.18838,99047.17516,89012.8335,90720.77569,62777.99747,95870.39753,66629.81218,102120.469,61804.03312,88995.6224,62088.8269,75786.72017
2-Aminobutyric acid,1,1,1,1,1,1,12300.2064,5084.350833,1,4525.5492,4441.975909,1,1,1,1,1,1,14076.414,26603.98607,1,8248.294,3865.5603,2133.6357,1,1,1,1,1,1,1,1,2835.977,1,1,1,1,1,1,1,1,1,12598.28645,4440.5745,1,1,1,1,1,1,1,7558.517333,1,17640.57395,6410.076583,7640.696333,1087.1448,1,5741.102857,4856.984,3045.940611,1,11129.1013,14969.39306,1,1,4829.7715,5498.46225,11437.8444,7379.819727,1767.8436,1,1,938.1312,16020.18352,5331.607793,7765.009524,3825.814235,3335.021929,11521.2079,1,1,1,4968.992,2814.553182,34770.82727,5902.54,7954.628714,4520.425105,1,8584.115685,1,8066.07725,1,1,12224.10607,4829.738889,5308.689857,4508.568429,3404.576429,7614.463043
2-Dehydro-3-deoxy-D-glucarate,278140.3554,550411.2648,463124.933,273529.7147,307464.9788,226739.5298,186024.5418,266790.9535,297882.954,374935.962,276663.3326,311703.8864,324430.863,411225.4629,366834.1659,354779.7992,398517.6124,310394.0427,320952.7663,407041.1325,400501.3114,298955.553,485804.2895,242433.9988,527598.5242,383370.5153,278636.3581,298514.8484,268065.025,349260.1384,273261.6357,411745.4517,351719.9929,271254.3368,281360.4048,415727.0209,2927.183625,356490.7324,463339.5895,295726.1771,267723.2725,352601.3671,420241.2808,163351.2118,310635.4473,269872.5791,204494.6147,340719.884,274214.3702,400603.8422,4703568.216,4482385.308,4969001.499,4296033.939,5294387.947,4752413.373,4211915.335,4750117.083,4535027.795,5102203.546,4379298.142,5143704.203,4946186.433,4265128.313,4205021.508,4960265.585,5530606.534,4520993.757,5259435.802,4624912.835,4961521.418,5430596.586,4939561.866,5312541.455,5242440.596,4232724.111,5120052.627,4719592.36,4428675.84,5181766.802,4826111.769,5404038.477,5035492.28,4643887.658,4725379.177,5174283.52,4995852.976,3823338.771,5276421.595,4936410.479,4534865.118,5823125.082,5407888.296,4815592.411,5065986.919,4961159.758,5048250.365,4802425.478,5324094.974,4894383.845
2'-Deoxyguanosine 5'-diphosphate (dGDP),8234.057395,14326.642,11782.214,5540.816542,11384.7912,8946.869674,14835.5919,9873.592625,16988.9241,12864.00173,9608.492481,12783.837,19543.94035,15948.29183,8076.531196,6002.330625,14760.50876,5223.273125,8044.36913,16283.09165,13498.7965,4081.622212,6592.1568,3844.961185,1835.642375,6439.4208,19309.61038,16414.75656,28269.39429,25193.31536,54925.41333,15432.36762,17847.905,26155.34481,14170.0195,11558.646,20708.34536,15832.36113,8708.8448,18137.22677,16247.7795,5926.833482,29739.23443,16935.09929,9488.627412,15118.43194,23574.84091,19155.34305,10277.559,12583.556,1447.4376,7844.596348,8152.465179,4529.595556,5123.522133,332.0918575,5110.255895,17175.90825,3223.724571,72300.25655,6391.734737,15935.5675,5663.9555,1460.816444,824.2589511,8661.317411,11444.68507,1877.596421,12245.1705,9585.484708,8194.67204,1219.195796,1358.902745,8749.473833,3410.784571,302.90218,13351.26675,3074.404938,2142.829191,1404.039134,889.6749196,658.4037039,1260.647143,12965.93159,14909.60119,8295.502571,1885.894151,10688.22138,8966.356381,641.3519138,1104.064536,4818.972421,16090.38539,4215.02025,3956.214828,35903.91108,9406.756821,18294.64091,16369.906,39986.62007
2-Ethyl-2-hydroxybutyric acid,21850.5624,51854.72077,17744.0533,11213.35083,39037.88426,18501.26068,29400.60608,13413.33,13133.34861,36347.9868,46820.51319,33297.70054,23092.62339,23020.42404,11132.65285,12744.18684,48581.82414,9098.634889,34732.152,13847.18544,76921.14518,30043.156,21654.59079,14030.10645,54054.05618,22143.50798,23838.96276,30128.29057,35142.41973,17134.79508,26594.11109,20528.82127,26392.21835,22833.10706,20948.23841,44077.0603,19780.04448,16538.87319,21158.01935,19781.6064,12483.18445,48414.08509,50284.11241,15061.1062,83298.96204,18709.62712,14648.92083,36173.2035,11619.0526,12770.45172,33137.1437,23831.96087,34743.60753,14218.74533,15063.75,11986.73015,12810.26118,42228.43317,32583.30042,42036.45347,9109.352641,19842.21856,6019.373294,12073.07772,11385.51794,15349.44544,16399.55923,26714.10709,46632.49976,5032.914592,6131.528888,20201.16176,19617.09486,59315.63733,31418.59173,21255.50383,19578.46356,19575.45546,20872.85271,8666.823948,14589.72158,3909.121378,18178.77257,25284.5775,61521.825,25671.01091,19180.84382,7151.065909,11794.44267,18773.60622,29844.72828,25875.18252,10786.68494,6303.740395,22528.4774,36916.8384,17871.72021,16940.47048,23553.26654,25474.97912
2-Formylaminobenzaldehyde,13666.16179,1,1,1,1,1,4926.204667,4597.577778,13362.76487,1,1,1,1,4358.91,7053.2,5520.625368,5175.643566,35113.51248,1881.8275,11059.34442,1,1,5213.802,2039.087167,1,1,1,1,5838.345333,17502.71294,7686.172607,1,556.3824,1,4926.768,3297.747879,2618.49375,5099.0745,1,1,1,4092.182146,2068.3061,1,1,6301.044486,1,8411.411937,1,1,1522.986833,4820.9125,1,1618.908571,1573.474,1,1,9529.898368,9405.83981,958.77775,1,1740.709091,1,1,1,13098.352,11426.88556,1,1,20572.37254,1,1,1,1,3178.421543,538.6875,1,1888.3002,1,15098.92222,3524.610375,1,1,10139.29541,2915.1804,1,1,1,1,1,3700.884,1,3705.365667,8254.438375,1,1,2560.27725,1605.276,1028.664071,1
2-Hydroxy-2-methylbutyric acid,37244.0328,62209.15556,5212.887952,13002.34,7141.168149,31732.5585,28395.98807,4973.204149,9553.999683,11702.66121,83069.967,21954.97979,19537.59009,12250.96798,4653.200152,11736.09955,33707.31625,5248.299683,30998.07483,11160.53529,35639.61019,18686.60443,21399.97096,17831.92463,29997.13602,10420.68835,14171.27369,15700.67486,20971.23861,14686.4522,35209.67962,16154.2709,23871.86632,29327.50902,15798.6962,50821.49496,26938.22,16163.65714,4782.686444,9860.14185,23846.995,80624.78508,39115.77253,14486.15376,51000.15415,8977.221474,21369.19595,13138.40182,13873.66893,10132.90783,71814.90452,18471.69139,43068.50471,4157.313483,20872.02563,2695.108777,4184.963468,6601.175429,4400.385556,42833.53958,5543.947359,15861.75644,4655.316,12797.87308,2785.13182,4079.014745,7578.949304,28239.8847,89259.21096,6173.702284,17321.28336,9268.815628,1621.199299,72044.19564,38952.91466,12667.02587,17653.74706,9770.321937,20487.25882,12338.72447,6667.072899,5674.680625,13896.01733,31727.4854,42096.33196,45037.20013,9728.658507,7340.652711,4603.00578,46734.17964,28421.0585,27809.47893,8189.561138,2592.48225,33107.2635,33609.0685,10345.93393,25614.19379,25921.7491,31234.40133
2-Hydroxy-3-methylbutyric acid,37244.0328,62209.15556,5212.887952,13002.34,7141.168149,31732.5585,28395.98807,4973.204149,9553.999683,11702.66121,83069.967,21954.97979,19537.59009,12250.96798,4653.200152,11736.09955,33707.31625,5248.299683,30998.07483,11160.53529,35639.61019,18686.60443,21399.97096,17831.92463,29997.13602,10420.68835,14171.27369,15700.67486,20971.23861,14686.4522,35209.67962,16154.2709,23871.86632,29327.50902,15798.6962,50821.49496,26938.22,16163.65714,4782.686444,9860.14185,23846.995,80624.78508,39115.77253,14486.15376,51000.15415,8977.221474,21369.19595,13138.40182,13873.66893,10132.90783,71814.90452,18471.69139,43068.50471,4157.313483,20872.02563,2695.108777,4184.963468,6601.175429,4400.385556,42833.53958,5543.947359,15861.75644,4655.316,12797.87308,2785.13182,4079.014745,7578.949304,28239.8847,89259.21096,6173.702284,17321.28336,9268.815628,1621.199299,72044.19564,38952.91466,12667.02587,17653.74706,9770.321937,20487.25882,12338.72447,6667.072899,5674.680625,13896.01733,31727.4854,42096.33196,45037.20013,9728.658507,7340.652711,4603.00578,46734.17964,28421.0585,27809.47893,8189.561138,2592.48225,33107.2635,33609.0685,10345.93393,25614.19379,25921.7491,31234.40133
2-Hydroxyoctanoic acid,5022.447828,8992.148359,232644.8948,13669.90444,5571.18504,4355.777092,4527.273186,5374.114909,2802.077318,8432.781219,3359.452688,5237.337616,14666.32024,4024.694667,6414.119008,5634.758608,8425.727357,3757.467401,5339.605995,2603.2695,7974.83425,8672.350946,6559.418763,6311.663077,10298.15544,5041.839019,5703.6525,5525.835159,4692.93825,3187.53,4006.858431,4774.283188,5592.320118,5302.44556,6215.652727,7862.401417,7785.66045,5004.857722,6593.440717,4792.781326,4235.110795,6311.956085,6665.676417,8953.589824,3459.6666,8498.53375,6346.87725,9550.206083,6602.708333,8619.236636,2229.676489,1761.1848,4906.315593,10638.34062,6749.9572,56732.93679,39637.01376,3661.560947,178528.8414,8497.263542,13916.06125,5745.05127,3808.973636,12246.92852,24132.48699,69404.9882,1499.267374,6696.534229,12008.12803,2314.148558,6991.872,93907.842,215629.0224,4016.152873,4844.768488,6255.401035,4419.983305,655115.5196,6390.968235,8866.232,126828.4392,5048.318525,5485.307268,4057.988822,16800.52016,3069.059478,48113.8099,430871.1044,4281.388214,5791.195614,22193.3474,6842.036926,3737.349107,22316.50322,6977.262273,5435.529531,7958.865441,8172.697752,7591.535243,5663.547272
2-Hydroxypalmitic acid,51706.95222,62193.1959,56357.10733,48487.7539,48920.52981,48583.0386,56373.292,41284.40492,27686.043,42331.68531,34593.96852,44987.66617,33931.27375,38615.70248,56158.58869,40693.02058,33345.83794,40681.33875,39854.33738,54557.61508,39141.59964,41274.21324,23020.44196,24489.65661,63362.23972,42520.4424,39827.52094,36668.73443,44001.6864,35608.18815,27731.37881,48401.694,31481.82871,38787.76467,26235.33371,35683.18529,48321.89424,33522.00467,48881.54869,26355.63024,21769.98967,40402.27425,56291.91088,46441.52136,34899.49642,48228.01944,44736.11646,26262.88748,34268.20133,34174.08,37289.85177,16411.4488,52213.80716,68029.71684,58322.60243,46103.73927,26961.19829,18982.7157,31167.5987,33694.64836,24127.0863,33733.70651,27346.21425,41545.38629,32607.63348,24549.80841,35152.19892,25603.09982,41106.93425,45293.6536,24859.80124,35409.78317,59309.17898,36533.46705,35061.82875,25818.70142,26707.4355,45064.53148,25103.95977,25137.58989,19549.19846,42704.50463,32371.54756,44469.1307,44576.28676,48236.45309,101447.0573,22088.80638,31236.59523,42962.83268,43500.05939,44400.27443,17369.82527,26376.85552,21190.33463,48870.81135,40578.072,45422.17414,44043.45815,34616.39375
2-Hydroxystearic acid,4563.459,5832.551,5028.788897,4096.648808,4129.681,4961.466,4582.628016,3739.495625,1942.443889,4009.624583,4195.47225,5263.5744,3081.809727,4532.17336,7380.7595,3732.36918,3622.010808,3173.037107,3336.97896,5320.92,4135.6635,3887.761436,1960.83732,2801.805417,4207.963846,4436.58298,4564.635776,3514.622222,5549.158077,3864.531,2175.017056,5016.8565,2849.481688,3506.103586,2504.053636,2638.077207,4354.9235,3733.10531,4861.181385,1941.2484,1867.63752,3841.817357,7044.17,4408.433167,2532.089548,4059.463086,3869.942222,2355.17415,2949.601,2644.162685,2104.700706,550.4779936,2758.467886,3409.449818,3030.585366,1086.589253,615.9992681,1292.427,2061.558125,3076.519615,419.1872034,2032.122222,1823.148643,2518.410761,1,1211.734743,2343.971346,362.3427449,1511.190421,2461.745,1939.507625,2131.64019,2698.90045,1263.502593,1705.9163,1,2832.636833,3451.54537,1762.254545,10.26043866,1133.072385,2192.18604,2439.094955,2754.466512,1067.559473,2992.252917,6664.724519,977.075,429.3791708,2007.705263,2256.041966,2324.11163,637.3590843,714.9717251,1271.76625,2590.7481,2592.773217,3098.618231,2768.886096,2874.815111
2-Oxoglutarate,1,1,1,1,1,1,1,1,1,1,1,1,1,1,1,1,1,1,1,1,1,1,1,1,1,1,1,1,1,1,1,1,1,1,1,1,1,1,1,1,1,1,1,1,1,1,1,1,1,1,43699.88625,40668.87356,48739.3,42748.14289,37692.82987,36280.99077,37443.82102,42200.59188,35237.13747,42293.4198,34702.12375,44276.23568,36832.92329,35392.46078,38908.79637,40980.09983,39480.59807,38130.08586,38603.44598,38478.37708,39817.77224,39650.5718,41688.17121,48052.3697,40083.29271,35386.63938,44134.54193,39472.105,31518.47893,40696.72174,38974.2744,35639.56177,44741.88341,35493.44643,28917.05266,41394.47781,35931.92968,37086.20425,38394.22097,33562.16827,32027.31576,49853.3314,48090.62272,35871.02981,50067.95,55141.4696,48378.29058,40584.01591,39888.37089,44908.04296
2-Phenyllactic acid,4055.997355,3344.091457,3121.74,2568.113077,1,2831.0888,1987.509571,1582.911,1818.954714,2955.82056,1921.762143,1377.2,3832.159107,3053.991551,3861.22625,2583.039467,2269.598,4914.768,2407.86,2877.876692,2092.015385,5610.3885,2192.262414,1510.56225,1596.519773,1456.407917,1,1791.48225,1926.608143,1763.487429,1,1485.118727,2223.449038,1649.904,1492.9208,2385.91575,1525.164143,571.5605,1839.502154,2915.626929,2942.704029,1849.555556,3026.304441,2813.512933,2049.963417,1887.425545,1978.490813,1368.931714,1963.416923,1853.289286,3410.060063,1658.19,2488.473423,1,3643.06792,1,9982.86187,1,8278.302667,1,1,3043.003,7038.668312,1,1,9161.098143,1,1,1,1,1,7666.031267,11134.38534,2348.061633,2911.008485,1,1,1,2977.438167,1,2563.397885,2872.342667,1,1,1,1,1,3677.329125,1,1484.520333,3104.26875,3991.726655,3041.986,8422.474,1,1,4900.033325,3598.383289,3856.390667,1
2-Phenyllactic acid1,7347.353263,15916.87086,9679.626273,7184.71725,21195.37433,10773.66408,9521.001538,8868.862316,9127.531792,14948.51838,16584.48726,14596.27846,10947.03655,8955.333608,8052.658152,8916.468826,12445.73925,8403.614471,8165.0335,13188.85411,36437.97776,35868.94503,9330.084529,7324.263182,27579.70367,8153.767658,15302.2562,10538.26628,13626.51913,9902.466,17049.1042,7458.72,12007.7424,9870.850061,10046.61322,20016.33734,14773.89103,12657.84987,7454.07024,7413.546875,8631.235452,17377.758,9115.087545,10599.12738,52712.02759,11257.45724,6430.95425,18511.41338,10178.18419,6330.798692,13644.80865,19657.17576,11390.70761,23856.203,13052.613,8089.877643,6344.691429,16717.75606,6487.287482,21113.12022,14891.01982,11245.37917,6670.471106,8888.922,7841.764707,7751.878357,14352.68333,12807.10926,12946.69388,10616.02629,7307.729656,34152.39007,9728.341071,27692.30347,13296.35836,12621.17257,8527.39125,46455.43,22503.59336,9115.75524,27507.92544,15787.41684,50535.87367,13108.81607,106658.069,17161.58009,15948.42264,20776.1778,6834.52125,11950.0378,16925.58,22568.6006,10053.22494,1448.997483,18950.43671,16097.61247,14511.595,16030.16806,19689.66632,10173.34432
2-Protocatechoylphloroglucinolcarboxylate,1203.425143,1321.888,1563.8035,1226.004,1502.650773,1392.8706,1,1,1580.967143,903.3881667,1199.367,1166.454857,1411.173429,857.285,1488.891667,1436.6905,1185.1105,1,1134.9831,1025.386333,1171.089667,1315.173333,1,1191.6216,1,1429.354167,703.752,1135.232,1,1,1,1190.925,1,1,916.5754,1,956.2168,877.54,1,1,1066.3335,1,1,1095.465333,821.997,1,1118.5152,1165.225667,1,1,1,603.8554167,1,1,1,581.9351667,754.017,1,1,1,1,1,1,1,1,1,1,1,1,1,1,1,1,1,81.70031598,1,1,1,1,1,1,1,1,1,1,1,1,1,1,1,1,1,1,1,1,1,1,1,1,1
"3,4-Dihydroxyphenylacetate",5300.235,20155.7255,2561.5435,2932.699875,43958.85133,4822.467222,6612.073778,107613.2859,55381.31107,115545.961,2106.371429,123048.142,296436.0156,772.1568,1221.322364,20751.53833,14571.67446,51484.5408,16823.675,93581.41371,81286.7725,157971.5144,34008.50108,19281.2475,5385.276556,37304.41635,82834.62682,8611.03125,43725.90279,177769.8582,7179.3135,1,23659.19633,90080.2845,62001.53543,5140.528833,1371.997917,34985.01848,26567.735,112428.7391,32476.27431,5415.4035,15969.03308,325549.45,80852.00857,18190.584,15314.11267,71751.56839,45691.86062,51118.911,4150.65,73542.5539,3849.75625,2100.14725,57607.04176,2001.428063,3125.882,24632.74508,14720.54906,2823.9435,3048.8185,21257.52124,3098.653846,1560.755,5500.9535,1,1,1,7548.413625,1,5961.610687,1351.450286,1,6524.215,10183.83702,6663.273267,1,1,1,1,4392.814643,790.734,1,136446.2288,483159.9311,1922.3385,1,1,2835.639474,12206.98945,1808.958333,5573.813722,20493.19916,1,15141.71484,2709.2605,26785.66481,818.6663,1,11391.44744
"3,6-Dioxo-5alpha-cholan-24-oic acid",12075.95121,11814.4472,4785.843059,14415.67352,7092.513214,12346.97719,13130.32709,6575.661879,10941.3265,10733.10339,7186.321293,14425.52416,5463.435379,3046.877167,5781.166086,4006.034712,8797.488839,4049.811127,14626.72482,4840.898179,13084.99179,3624.740773,7829.737379,7244.442776,13228.02879,7325.328536,13228.413,1125.490333,12367.7561,8639.013,10051.85107,13949.28017,11268.4,17303.75271,4276.998043,2286.613333,5881.329214,8495.089586,1387.438308,3614.085521,9209.055638,13743.46178,3341.488902,7307.836875,6824.7685,9024.790281,2416.024929,15084.75729,11957.2128,27228.47266,5990.0246,5009.85234,23940.64286,3867.979143,9505.961414,6446.506,2970.933483,7072.358517,7633.905326,5419.433643,8716.847689,8718.969188,1019.205,3800.705222,852.444,1151.407639,3615.461891,5192.468622,9855.596511,7158.231393,7195.374179,2795.764964,3588.036696,7746.937,12938.33143,6896.904655,4028.037021,5924.892482,21823.99286,7899.33,4682.78819,10010.06676,13990.66509,3910.38505,4105.5615,3278.370909,5120.259407,10463.79476,5350.870431,6206.2455,6889.679188,16476.41575,10310.31153,4370.984607,13958.44816,5957.944034,16685.3309,7508.843464,7711.377375,3214.281724
3alpha-Hydroxy-6-oxo-5alpha-cholan-24-oic acid,52650.51076,53029.40907,7606.817969,34127.30157,47877.53267,35433.79142,31537.60581,34614.66701,60307.6635,44082.864,30306.15189,39591.00757,15924.45535,8798.798133,18702.10191,19286.94126,47159.30169,26732.90945,35762.94437,22805.14003,45194.98133,21494.04939,25314.92868,34531.38044,52568.79503,20092.07306,45038.06289,5408.8414,29142.13878,23000.93656,41054.4152,41857.54262,40075.81739,72411.88755,24568.31386,13337.8853,11363.00384,30379.29869,4249.888603,16469.88789,35308.72664,33783.0591,4486.344968,42911.7,18862.66023,28186.9528,11455.71939,43806.96439,27679.30713,108357.2993,15035.08611,10491.33794,71804.41662,12124.71397,32986.94305,24260.70133,8919.470058,24866.61409,12061.32468,23292.37634,28034.80637,21963.27889,2723.366631,7144.765202,1360.244306,3092.430355,15610.85152,14431.32615,25227.20265,19626.80427,15519.6756,9121.75619,8557.322939,32704.47264,33919.32815,10943.71622,12085.52824,17783.9535,36865.54214,19769.39156,11468.43465,21160.80697,35963.6911,13891.01852,11423.47043,7589.415996,20017.32327,22722.59322,20224.74524,23658.69321,12527.30903,36497.21016,13656.29269,14205.14669,49895.16637,14682.89686,53776.34213,27265.38458,35127.15085,6133.922732
3beta-Hydroxy-5-cholestenoic acid (3-HCOA),7905.978182,11862.25179,4356.346091,8400.232237,6380.191059,5248.115591,5846.022115,4201.2615,3025.037464,8280.617654,7020.373097,3204.450273,5468.243478,5931.646645,4039.261333,7791.927823,4189.890833,1143.079206,6437.376,10957.06129,444.7133203,1502.591409,6032.645833,5105.553143,4537.097182,4145.615833,7585.947643,2189.255294,6645.923792,6722.149143,10493.90555,9240.115692,2912.236636,2638.878723,2333.863462,6601.059833,16657.86426,3538.903375,4979.692266,4266.995806,3584.333375,1802.967,11393.16195,3320.918467,6631.808654,3740.549647,4562.40725,2800.6275,5264.9113,6168.9245,6667.488864,3924.516667,13414.53896,2738.5515,3428.639864,4281.018929,4124.130682,5255.60825,1666.500677,5082.220833,4101.652364,2907.697727,784.1274,911.05,2044.7135,1247.8585,5594.838654,1758.435417,14837.823,7210.699962,5859.336643,10548.296,7125.707172,9719.372667,2979.886875,1783.166308,3813.07125,9016.7085,4716.679,4583.044414,1724.88625,3570.083681,13849.47464,2905.232355,6677.358,3690.442424,33805.43196,4195.355625,3195.745,7120.262,3012.169364,5518.757812,1459.377,977.3536923,2653.543206,2886.891429,4917.220923,4904.666545,5393.267727,5022.107571
3-Fumarylpyruvate,1,2271.415909,3319.552762,1644.591952,1622.850894,1,1,1,1,1437.381,727.05925,1,1,1764.349615,1274.145,1602.458276,1,1,1,1,1648.037881,1,1,1,1,2342.909714,1,1,1,1,1,1902.5475,1006.802963,1,1,1,1,1,1,1,1,1,1225.84818,1,1,1,1563.162182,1439.284421,1,1,18305.35904,6018.7668,7690.069957,16680.12692,18995.89538,11023.119,17810.0055,17211.52862,15048.57784,17107.28705,13990.44267,16424.92005,16949.9989,13927.88258,18399.24069,11691.70909,15752.87716,17625.89065,20875.11242,1,15524.27995,17532.46143,19121.00712,7276.53013,14624.33704,1,8710.33856,1,7267.8582,8215.745864,1,2117.704206,1,15635.43945,13638.85372,1,1,1,1,9039.880603,16363.42671,1,1,5883.494095,1,1,5241.568,1,1,1
3-Hydroxylauric acid,3529.315461,10614.39225,9703.303051,3435.148235,5388.485524,4580.223393,4643.672778,2293.92,1814.08995,3335.828274,5495.697778,3387.248133,2266.302316,4896.821904,3623.024813,2136.783,2566.211294,3831.27825,6069.262622,3999.376452,7318.498923,1911.998245,2569.697778,1605.825,4772.159594,5397.282941,2000.31325,6102.632667,3198.9685,2198.230333,1989.8496,5131.913972,5344.098172,4734.778816,1364.029209,2153.628613,3066.128625,2936.463792,4250.490573,1587.42017,2388.564516,5510.487735,3833.883714,5597.024286,2576.725093,5264.189132,3350.859615,2766.781083,2744.836611,2718.970625,4207.294053,795.6432161,2979.111842,13240.4699,3222.75253,2132.240778,2917.408053,2790.546586,373.2819674,2223.750635,3426.657196,3197.151174,5987.749579,3702.863438,2077.097913,2850.546735,2722.818,1558.362085,1462.814774,2918.195511,1577.78412,2025.194181,2275.151141,2978.467589,3681.413535,2695.134266,1869.139892,2392.25199,1687.862511,3069.043875,1649.119284,2818.6844,3409.64,6436.359158,5326.582105,5022.708503,4555.341181,2336.422074,2246.142781,365.7670638,3182.808,6849.255139,6930.52695,3017.215723,990.9926676,2263.540516,4851.160033,5510.607763,5819.920526,4924.563368
3-Oxalomalate,1,1,1,1,1,1,1,1,1,1,1,1,1,1,1,1,1,1,1,1,1,1,1,1,1,1,1,1,1,1,1,1,1,1,1,1,1,1,1,1,1,1,1,1,1,1,1,1,1,1,76661.96023,67589.36625,81204.9408,81405.64102,68784.83533,59285.95086,71036.42857,73607.90391,62597.85923,68276.73186,61651.25154,71834.06316,63127.9226,63170.55461,70639.0881,73036.656,72319.34948,70467.09638,76458.01133,65826.04467,72121.98284,69444.53421,68253.58145,84286.72336,70545.35324,61589.0966,73436.77634,66235.84491,56268.6431,73411.20067,69587.83448,66865.81885,77099.85711,69286.44438,49167.99815,90572.12225,65960.54563,73994.93124,65683.11622,65563.45823,60475.30632,80460.16085,91904.89102,69482.33119,81633.5425,96453.62797,80004.08108,71993.34903,69736.61604,86460.76844
3-Phenyllactic acid,7347.353263,15916.87086,9679.626273,7184.71725,21195.37433,10773.66408,9521.001538,8868.862316,9127.531792,14948.51838,16584.48726,14596.27846,10947.03655,8955.333608,8052.658152,8916.468826,12445.73925,8403.614471,8165.0335,13188.85411,36437.97776,35868.94503,9330.084529,7324.263182,27579.70367,8153.767658,15302.2562,10538.26628,13626.51913,9902.466,17049.1042,7458.72,12007.7424,9870.850061,10046.61322,20016.33734,14773.89103,12657.84987,7454.07024,7413.546875,8631.235452,17377.758,9115.087545,10599.12738,52712.02759,11257.45724,6430.95425,18511.41338,10178.18419,6330.798692,13644.80865,19657.17576,11390.70761,23856.203,13052.613,8089.877643,6344.691429,16717.75606,6487.287482,21113.12022,14891.01982,11245.37917,6670.471106,8888.922,7841.764707,7751.878357,14352.68333,12807.10926,12946.69388,10616.02629,7307.729656,34152.39007,9728.341071,27692.30347,13296.35836,12621.17257,8527.39125,46455.43,22503.59336,9115.75524,27507.92544,15787.41684,50535.87367,13108.81607,106658.069,17161.58009,15948.42264,20776.1778,6834.52125,11950.0378,16925.58,22568.6006,10053.22494,1448.997483,18950.43671,16097.61247,14511.595,16030.16806,19689.66632,10173.34432
"4,4'-Dihydroxy-2,2',3,3',5,5'-hexamethylbiphenyl",6936.06375,708.1776,40856.43055,17273.33262,5491.042667,3239.424,7871.320571,1710.373875,2791.905786,6560.56525,6450.90075,1945.047,3528,6867.1965,7272.969,1827.939833,7750.659222,8397.029934,6854.358154,4808.398444,6557.331375,3501.091244,3978.319125,2617.086546,3099.2,8737.63881,2283.018563,6033.799467,3246.570301,4770.62711,2602.550563,2998.199139,3779.427126,8577.366368,5177.670875,14466.80159,8983.924286,4501.128889,2991.899692,3454.375571,1672.38003,4604.383923,8042.751273,6610.425643,1447.565202,2885.064903,8414.135676,7572.425961,1799.181541,22717.44327,2447.605071,15440.54711,5392.807222,50296.74825,14856.41696,4986.698958,51704.65918,3637.867741,74107.56031,10185.65021,4478.555217,7179.038182,18505.89346,27918.4115,37152.79111,14669.014,731.7710242,8268.020357,4273.317719,2225.427573,10056.92679,49482.38291,14277.76845,4987.341867,7571.697824,2092.316,1911.344482,4452.112,9757.590938,14660.1259,19287.03667,5851.244649,12771.30035,1887.753218,18994.01143,949.6462002,161554.2935,11680.28426,4591.415599,622.8695208,3716.057107,2354.083469,1858.413727,78315.6858,5725.65908,7134.7175,4777.891556,15578.3573,12961.10986,2564.984136
4-Coumarate,10061.3181,11283.26908,9046.24224,7389.56625,9383.149286,4448.429143,9976.923021,9019.1395,7568.050421,12707.296,5253.004,13903.36581,13570.45074,7251.875313,6593.181148,8676.299273,11359.20933,1,5927.8625,10513.07658,12515.536,6362.849318,11766.99691,7912.357711,8287.357273,7053.288649,8724.001471,7556.1955,1,12443.0857,8874.68897,7421.812412,9791.011312,8796.079128,1,7002.781714,4485.1725,11633.60703,3160.671056,1,7912.941985,6492.805882,1,8359.520583,8870.609128,8267.063521,8693.52,6485.017885,9582.9552,7103.235132,6267.454231,5711.402475,1094.932727,1383.856941,1,1360.067923,1143.420219,2700.281143,1924.20875,3566.677441,337.59,4104.789699,1,3333.313273,2038.776214,2509.790453,3468.799911,1750.651328,3764.935,3257.3592,2580.6688,1,613.8968333,4289.294265,2383.548618,3657.031,1,3419.380575,671.6226774,4596.328577,3559.308837,3732.3405,4697.0586,2283.050847,28634.22519,7625.387,2467.267932,1,1,3056.9379,4288.146354,2619.939833,3469.427143,1,7340.9805,5271.892706,5901.38729,4530.324124,4684.351875,2981.098033
4-Coumarate1,7367.149185,8792.621,3251.729502,7004.1637,4501.313414,5058.838015,12235.89774,12646.18246,11218.79664,16106.99739,3844.651125,11257.64755,16544.4899,7120.977105,7912.900889,14102.6628,15310.9358,4233.201923,4925.918261,13779.5945,9574.47225,4347.168421,17695.64862,12175.33761,8845.560295,10130.27814,14762.01254,12859.16,11060.90128,13926.88208,17500.67234,8622.169043,11931.14352,11338.8775,10851.07613,8458.015364,10622.07409,14498.55523,5077.466731,7413.574658,8228.2296,9870.009143,19842.97468,16106.71097,13777.8413,18034.15025,13831.57558,13096.50808,12042.40837,13516.12464,9570.435313,3910.261516,3709.464137,1120.2345,2882.939746,1691.500846,1127.840598,3001.541941,1112.541018,2323.669292,6954.652,6857.88525,2126.159208,1853.132917,1080.6571,2033.1759,5319.883957,2073.3092,3971.1985,2829.456,2696.508615,2559.104846,924.1023051,3863.878103,3340.685694,3638.219711,4332.28554,2054.264291,4902.519,7633.711694,3148.451244,1679.302632,3689.670772,7344.027838,44026.72918,11758.56,2966.838045,3019.082695,1380.178308,3934.889031,3368.18061,3670.189746,3437.021797,1160.90625,7200.051158,7460.8365,5301.825239,3284.71,2884.484569,5984.997778
4-Cresol sulfate,88384.19054,18638.70596,107357.8247,421384.689,22340.62807,28850.34383,2084435.242,497297.6509,2198580.451,977492.0098,2030980.357,327390.797,22610.76092,25445.98999,56046.14053,2882262.31,29290.44446,13641047.63,1671920.291,5770954.367,3419589.207,86747.29988,2876142.862,878177.4562,2711109.199,24758.01511,1583087.885,60803.89459,102378.2215,2399476.709,3576680.031,26456.2244,27141.47429,945.3268,27114.37112,646451.8877,3162492.712,24409.00831,26948.30648,27328.21406,2292958.341,29368.71408,25689.74463,25483.99265,3931221.033,42672.461,34018.44354,44973.3375,803843.0433,682991.7586,2806472.155,9798535.398,1189740.341,35947.73851,6438155.603,241224.111,59581.31512,1008331.498,746701.7886,424963.8305,111429.4607,1829282.924,481648.4529,458965.1578,70915.596,1519035.156,3167997.421,23152.12171,67166.84952,4913808.905,136120.1411,445785.2944,729246.0137,188636.9311,354621.7109,26986.64793,42810.13943,69271.42386,3173913.599,22367.805,1867125.002,213140.488,26601.76248,6855143.149,1715588.544,244020.5043,234609.7264,25055.74355,339341.1484,23680.7032,72690.3958,22551.55133,1887020.408,54096.39889,35276.08253,1276457.799,1358501.339,668329.4588,589223.972,509694.8596
4-Hydroxyproline,1,1,4835.791056,1,1,1,1,1,1,1,1,1,1,3400.044,173455.1447,1,3371.3616,1956.139286,224887.062,1,1,1,1,1,5072.579,1,5814.2013,1854.1782,1,1,1,1,1,1,1,1,1,1,1,1,1,1,4194.3627,1,3496.974,1,1,1,1,1,25211.59892,1380.9264,8098.937233,1639.2105,4636.854,29492.3304,9313.6407,1,1,1,22254.1944,23506.02538,17443.77438,1,4373.262,1,4407.509167,1,23837.19,13618.31815,1,9636.498571,28902.27554,11718.77846,9978.263508,1,1,18490.04333,1,5836.252292,15751.38,1,6599.985964,4422.912714,48690.26738,6283.875769,1,1,25842.405,20977.08863,8450.48175,1,1466.472,9511.256143,1,17472.18704,2798.807286,1,9309,3383.4675
4-Oxoglutaramate,2101.2229,3571.199893,2294.6112,1609.015333,1672.3634,1626.288,1661.822679,2926.546389,1722.168,2643.992833,2060.959333,3104.362917,3178.164667,2203.721143,1,1856.621,2954.568,2141.57475,1811.385417,3087.654375,2343.586,1,1449.00325,3109.440889,1,3636.1,1,2802.01625,2369.9304,2513.270667,2791.771667,2041.81,2389.253,2422.53375,2219.0905,1942.8,2164.8752,2177.707,3341.52975,2564.3475,2361.75075,1564.4174,1952.849333,2549.19,2043.849167,2346.8772,3394.422857,2443.293,1594.928,2679.856636,1424.0936,1,1,1,1,1,1,1,1,1602.281571,1,1,1,1,1,1,726.6504,1,1,1,1,1,1,1,157.2510655,1,1,1,1,1,725.5341,1,1,1380.8544,1,1303.7596,1,1,1,1,1,1883.635143,1145.8204,1195.941,1,1400.828,1445.413769,1167.605,1185.1319,1430.1768
4-Phenylbutanoic acid,19393.54806,17616.51495,17902.46506,24603.94325,21722.88833,13517.24492,12372.352,25037.184,23767.53317,28578.47625,17690.25072,17874.46682,23766.1275,16988.49411,20852.75733,18002.08094,15902.75019,12075.115,19976.55078,20573.46235,9725.248556,19348.18472,20721.36176,17668.85523,13108.088,18321.88675,21249.75447,22589.16,22079.78743,14953.6036,18876.32421,25228.775,19885.49911,22189.79997,17836.68918,17363.97811,20877.94311,18365.90782,20832.56523,14150.76372,16197.01067,13671.54874,14127.49477,19471.02433,13132.152,20021.27704,18995.34475,20865.43892,19836.41848,17183.46658,34490.57281,35773.39012,39088.04073,36093.1005,29873.482,49204.50441,58074.49943,53478.73512,36146.20352,36027.19312,31503.17779,37127.61656,34519.98006,36691.98944,46878.85435,29797.71667,42458.89164,46839.93598,38597.53964,46485.39916,36399.4785,51286.79454,38146.6825,47048.06989,40501.32702,29935.25868,36542.67245,27680.60135,40750.74065,41720.193,42518.90843,39014.57668,40692.77659,27880.39698,29935.23842,41709.56738,29979.03648,42178.83593,51291.84,26409.4579,53490.73913,34462.65238,46933.8855,32802.09114,37842.9493,42019.4061,30514.6005,41776.00556,40209.43692,42160.09
4-Vinylphenol,3506.167694,2105.565313,3055.767235,10434.23941,9413.5704,1,1,7506.958278,1,1,1524.004045,1,1,1,1,1,1,1,1,1,1952.172778,1,1,1,1,2171.785667,1,1,1,2161.826333,1,1,1,1,1,1,1,1376.82475,2930.360447,1828.662917,1,1,1,1,1,1,1,1,1,1,4698.1345,14765.26629,22241.39927,4879.922,1,28563.41782,36305.86418,12547.29308,1,1,22726.20182,1,7447.86354,6448.767857,1,9459.492391,5656.825625,13665.06977,1,14118.19429,18907.24913,20691.0734,17560.7254,35736.142,12351.0376,14177.63618,9195.747583,16857.84588,30623.2899,7868.874685,1,1,29562.55568,1,1,1,18441.29622,1,9097.737231,1,5735.095143,1,20802.56927,1,1,1,1,1,1,1720.3925
4-Vinylphenol1,8702.199667,7173.02,3172.822692,1505.88075,15800.25858,9372.421037,609.512997,39009.1963,4179.687929,16777.5025,1811.214773,2646.551375,15318.37784,27571.35758,2171.312,8130.972754,19056.80744,9050.157,983.3137627,3264.847385,36754.37078,49212.10538,9195.020786,5641.922813,2032.24975,10304.02947,25813.572,50085.98811,27441.48107,8136.244094,12239.769,678.0097711,55632.16914,5177.53125,68876.49843,14535.5045,11130.64162,32575.27818,19696.74188,28158.17447,11726.8953,13002.40154,4116.382615,11516.61487,11001.42263,13635.64787,5629.554462,8271.5265,74352.9625,12066.5664,322.4363056,395.5735253,416.7518395,5948.714906,2792.9848,22314.01142,10437.6762,8799.952425,17431.09263,1594.588,3033.952701,549.2353895,5337.7569,24675.18847,19888.76194,2153.977361,162.726583,492.2715551,2276.546896,228.0839779,1211.617,1990.925328,8754.17275,143.2774347,1293.338445,1228.461568,495.4853408,1961.400159,2088.655037,2379.244322,2823.517154,1668.932784,1068.349125,2892.952562,4484.709679,328.2709833,5761.425857,1252.53346,281.3781731,1419.338204,7023.885774,558.7849558,388.1467595,600.003,1904.655145,889.1539132,541.2258384,8337.319456,7227.494853,1447.529875
5-Aminopentanoic acid,122041.3873,163634.6221,1,104665.3698,116224.9525,141592.4737,1,1,126822.5687,201416.1387,1,191628.1945,1,92984.5557,1,108551.7162,140618.3229,108312.3849,1,133408.4645,163655.3243,1,1,121917.6948,140855.4137,128567.5704,176588.693,1,180895.22,144075.2584,1,1,1,111116.5387,165982.421,1,150118.43,130122.1788,80663.10511,1,1,153462.537,1,1,1,122074.4995,1,141481.8983,123727.3267,142275.7082,273367.1191,85570.56964,175942.9822,100095.0305,181224.437,101306.2473,1,1,1,1,142372.3941,1,1,84330.39378,1,119651.4016,194325.036,1,1,145140.5423,1,157658.901,109911.5408,154282.5795,84382.88228,123529.4698,1,145610.8266,1,168275.1004,1,123226.8061,176259.7659,132908.8328,186817.4659,166468.4921,1,79917.93492,1,150520.7887,95767.452,150436.2619,1,77215.77267,1,1,1,148707.9616,127622.088,131684.9816
5-Dehydro-4-deoxy-D-glucarate,278140.3554,550411.2648,463124.933,273529.7147,307464.9788,226739.5298,186024.5418,266790.9535,297882.954,374935.962,276663.3326,311703.8864,324430.863,411225.4629,366834.1659,354779.7992,398517.6124,310394.0427,320952.7663,407041.1325,400501.3114,298955.553,485804.2895,242433.9988,527598.5242,383370.5153,278636.3581,298514.8484,268065.025,349260.1384,273261.6357,411745.4517,351719.9929,271254.3368,281360.4048,415727.0209,2927.183625,356490.7324,463339.5895,295726.1771,267723.2725,352601.3671,420241.2808,163351.2118,310635.4473,269872.5791,204494.6147,340719.884,274214.3702,400603.8422,4703568.216,4482385.308,4969001.499,4296033.939,5294387.947,4752413.373,4211915.335,4750117.083,4535027.795,5102203.546,4379298.142,5143704.203,4946186.433,4265128.313,4205021.508,4960265.585,5530606.534,4520993.757,5259435.802,4624912.835,4961521.418,5430596.586,4939561.866,5312541.455,5242440.596,4232724.111,5120052.627,4719592.36,4428675.84,5181766.802,4826111.769,5404038.477,5035492.28,4643887.658,4725379.177,5174283.52,4995852.976,3823338.771,5276421.595,4936410.479,4534865.118,5823125.082,5407888.296,4815592.411,5065986.919,4961159.758,5048250.365,4802425.478,5324094.974,4894383.845
"5-Hydroxy-2,4-dioxopentanoate",1,1,1,1,1,1,1,1,1,1,1,1,1,1,1,1,1,1,1,1,1,1,1,1,1,1,1,1,1,1,1,1,1,1,1,1,1,1,1,1,1,1,1,1,1,1,1,1,1,1,43699.88625,40668.87356,48739.3,42748.14289,37692.82987,36280.99077,37443.82102,42200.59188,35237.13747,42293.4198,34702.12375,44276.23568,36832.92329,35392.46078,38908.79637,40980.09983,39480.59807,38130.08586,38603.44598,38478.37708,39817.77224,39650.5718,41688.17121,48052.3697,40083.29271,35386.63938,44134.54193,39472.105,31518.47893,40696.72174,38974.2744,35639.56177,44741.88341,35493.44643,28917.05266,41394.47781,35931.92968,37086.20425,38394.22097,33562.16827,32027.31576,49853.3314,48090.62272,35871.02981,50067.95,55141.4696,48378.29058,40584.01591,39888.37089,44908.04296
5-Hydroxyhexanoic acid,21850.5624,51854.72077,17744.0533,11213.35083,39037.88426,18501.26068,29400.60608,13413.33,13133.34861,36347.9868,46820.51319,33297.70054,23092.62339,23020.42404,11132.65285,12744.18684,48581.82414,9098.634889,34732.152,13847.18544,76921.14518,30043.156,21654.59079,14030.10645,54054.05618,22143.50798,23838.96276,30128.29057,35142.41973,17134.79508,26594.11109,20528.82127,26392.21835,22833.10706,20948.23841,44077.0603,19780.04448,16538.87319,21158.01935,19781.6064,12483.18445,48414.08509,50284.11241,15061.1062,83298.96204,18709.62712,14648.92083,36173.2035,11619.0526,12770.45172,33137.1437,23831.96087,34743.60753,14218.74533,15063.75,11986.73015,12810.26118,42228.43317,32583.30042,42036.45347,9109.352641,19842.21856,6019.373294,12073.07772,11385.51794,15349.44544,16399.55923,26714.10709,46632.49976,5032.914592,6131.528888,20201.16176,19617.09486,59315.63733,31418.59173,21255.50383,19578.46356,19575.45546,20872.85271,8666.823948,14589.72158,3909.121378,18178.77257,25284.5775,61521.825,25671.01091,19180.84382,7151.065909,11794.44267,18773.60622,29844.72828,25875.18252,10786.68494,6303.740395,22528.4774,36916.8384,17871.72021,16940.47048,23553.26654,25474.97912
5-Oxoproline,11097.99771,1,10565.72,11684.442,8004.0285,6098.0312,7196.009333,11891.36143,8622.039214,9216.4736,9534.6435,7574.911083,6535.779714,12634.34464,9759.369,9762.496071,9156.803,13112.78616,8562.352929,6718.90425,15972.97388,9463.25225,11136.071,8960.101667,14371.23188,12155.70338,8196.444,11472.46913,1523.647826,4655.1098,7104.157917,10279.08771,6622.910167,7720.032,10190.544,14869.4525,6971.6605,10845.58393,11711.016,10596.55156,8031.294,8763.613333,1,9828.114071,6878.4456,5407.245938,9898.8,7991.488,11321.60625,8667.0465,23985.93167,19933.69433,27058.68945,17589.08,19052.74881,18215.76281,22558.10557,24634.10028,10803.57,21014.17094,19397.03656,18488.63333,20634.67656,19508.1615,16009.93188,25168.50778,19014.721,23634.05511,25478.63961,25518.71075,23567.68,16669.0825,17364.76536,15592.34933,20453.86688,20956.69675,15368.83156,19343.998,15037.54613,15260.29275,21396.18371,14105.20838,22850.24156,8809.265813,55178.683,17999.8875,26275.64962,17976.897,21283.2386,28576.926,18298.24425,20681.89333,13521.44844,20437.79175,21446.845,22635.9864,17740.08267,22700.94717,24947.5,23156.1636
"5Z,8Z,11Z-Eicosatrienoic acid",11820.68027,15652.01422,6906.704025,12456.44381,10979.15283,7096.032429,7736.720565,8993.0879,4720.860667,10207.692,11042.00352,6718.1976,3396.495937,11568.50435,25384.69071,8053.614,7410.466048,6779.778042,9916.518381,8990.87065,3998.398182,2240.697206,1132.958125,1599.32045,3746.603925,9636.7709,5437.600435,5342.452853,37327.42268,5817.870474,2249.759059,6961.839783,5846.457857,4155.473389,3973.515286,8561.263667,6168.3165,5379.741643,6575.5998,2416.467925,2175.6,15804.82839,8746.728632,3468.896842,2160.121818,6460.424438,2863.69075,2351.236731,2205.166111,2804.91931,1044.738286,925.2207647,23116.17195,18322.99486,7164.6766,8490.7152,958.4667273,3138.281719,3210.975,3974.775263,4488.512368,606.4937187,5418.819368,8099.7462,878.8626875,11175.7712,9314.61163,7277.163714,2487.692921,10576.18673,707.7073,1037.433103,6442.252705,15395.01429,17576.7011,977.6541538,10472.89868,5511.345438,3646.175357,5312.680438,3854.394789,6649.529211,4866.0916,2852.779444,3361.141775,4890.373647,19662.86852,4109.154,835.5051852,2734.424615,9474.494605,2432.49088,3488.825333,8526.128325,3987.677895,5860.232667,7234.220667,3260.506375,3644.616813,15896.46943
6-Sialyllactose,2443.294925,2632.393939,16233.61429,1820.289779,2275.866533,5771.469571,4692.004033,1,3032.415747,1875.975437,4164.412884,3021.247557,5142.276649,2637.059027,11158.33577,3975.867236,4463.893396,8225.185027,2725.467579,2711.332317,3824.000784,26010.25309,1081.406801,6666.053259,13706.82585,1087.5184,1899.398554,5563.695118,3257.957078,2489.461718,3785.853587,1436.087478,6314.586139,4689.623583,1,3416.625291,750.3556975,1887.929149,13331.03999,1898.767574,955.4573574,4706.74936,10368.70923,4373.254203,5131.158274,2408.045125,4155.739653,749.4482194,5109.908993,1552.952095,10358.81423,49130.20805,16384.80125,28487.1565,101896.3508,20716.83143,229624.0132,40114.72633,154942.0728,12433.2175,66138.46465,22901.11074,365648.8359,55405.96329,147132.5621,27659.13725,11023.49445,22891.0096,3655.028364,92590.82228,17811.56968,127195.0074,51414.25894,31234.8432,13567.80105,24886.23529,16186.72154,41858.59334,72842.55196,37507.62125,53535.22213,235099.3013,46431.17891,38631.34453,31166.9925,7492.584,108012.9396,33575.01158,66266.54443,26272.45271,30034.60138,25969.34317,10402.0245,97636.83893,13173.06821,35570.2728,17428.76132,16447.03455,16797.72228,12476.53167
7-Hydroxy-3-oxo-cholest-4-en-26-oic acid,8676.562777,17278.54106,10803.3165,16669.99031,14785.22224,7328.323607,11034.47258,4287.338409,4674.64949,12238.40925,13429.55988,3272.487143,12719.6781,4496.793429,3419.558429,7455.549615,8219.640536,1558.613929,17258.41543,6149.761071,746.4883874,4957.0939,10738.64265,4675.00403,22937.01044,6190.879107,9149.80623,4419.363305,6819.00052,12731.43581,11212.77203,13013.98499,1172.801143,3288.629429,4994.168706,12599.92951,20322.53071,4898.206071,2451.496071,8158.422611,10680.79307,3582.608248,4774.192177,2288.8,6204.756947,9217.310903,14039.894,3406.559429,5874.07075,12515.68256,9736.218462,11139.7122,13278.64527,12988.8804,14433.51,14376.69073,10546.79631,20586.6499,5956.568122,12004.6605,6369.184382,20158.7114,2193.9225,5522.735893,4642.902692,6433.279538,4192.627833,1480.9,220753.157,27585.575,12681.42276,21838.70133,14708.40767,18323.32325,5815.396106,10949.4108,10534.9376,22214.50164,18424.28209,19006.59803,2166.899,13538.39317,19249.963,3846.975563,103748.9838,32762.96303,43830.87782,10730.84464,9280.9125,35447.32659,16377.44725,4096.52,1246.479,2315.029036,8482.606002,6960.148417,30535.58417,10442.78846,10270.04046,11781.83893
7-Ketolithocholic acid,52650.51076,53029.40907,7606.817969,34127.30157,47877.53267,35433.79142,31537.60581,34614.66701,60307.6635,44082.864,30306.15189,39591.00757,15924.45535,8798.798133,18702.10191,19286.94126,47159.30169,26732.90945,35762.94437,22805.14003,45194.98133,21494.04939,25314.92868,34531.38044,52568.79503,20092.07306,45038.06289,5408.8414,29142.13878,23000.93656,41054.4152,41857.54262,40075.81739,72411.88755,24568.31386,13337.8853,11363.00384,30379.29869,4249.888603,16469.88789,35308.72664,33783.0591,4486.344968,42911.7,18862.66023,28186.9528,11455.71939,43806.96439,27679.30713,108357.2993,15035.08611,10491.33794,71804.41662,12124.71397,32986.94305,24260.70133,8919.470058,24866.61409,12061.32468,23292.37634,28034.80637,21963.27889,2723.366631,7144.765202,1360.244306,3092.430355,15610.85152,14431.32615,25227.20265,19626.80427,15519.6756,9121.75619,8557.322939,32704.47264,33919.32815,10943.71622,12085.52824,17783.9535,36865.54214,19769.39156,11468.43465,21160.80697,35963.6911,13891.01852,11423.47043,7589.415996,20017.32327,22722.59322,20224.74524,23658.69321,12527.30903,36497.21016,13656.29269,14205.14669,49895.16637,14682.89686,53776.34213,27265.38458,35127.15085,6133.922732
"9-cis,11-trans-Octadecadienoate",5352.2375,7537.3599,2835.68445,8081.2916,5046.431125,1003.125214,1782.982895,2815.514069,6763.139486,4734.439048,1181.15144,3895.234,2049.480333,1223.647025,5809.068958,1077.749167,1896.8499,1115.620958,2006.899342,2068.689167,1670.956,501.0590588,799.980825,1,726.4026042,1,2162.7368,1,1353.06135,1849.753816,858.7463684,1435.181579,744.2762,924.7471905,426.6116667,844.44,1386.060263,898.2918095,1,808.2493,1214.577865,960.9371316,1,760.5065,1053.222026,1337.266579,1,1200.234,1076.268333,2455.942333,4950.755136,3205.002273,8795.684,3364.995833,6072.075273,5216.443074,2341.371354,1710.56944,1808.008333,3348.868431,3375.895063,1671.8004,1,1669.765904,1,1,2344.593261,1,1,3088.278125,1457.25225,1,1671.855214,1566.651833,2402.744383,1926.740769,1,1895.971729,2015.7495,1967.036149,1706.306804,1191.95625,1,671.7148125,1018.62995,2397.66,2321.867596,2139.55232,1292.50044,1747.955565,1296.538269,3907.204609,1470.68371,1,3004.438531,577.626622,1526.6535,2638.689708,3402.557125,1
9-Oxooctadecanoic acid,18215.06404,171164.9823,87960.73355,43049.075,65225.472,47910.83889,41487.04809,31732.02865,12266.23932,82234.58668,58902.11589,27211.29261,35179.14117,27556.23914,42254.03728,28975.67125,55778.60859,20461.06236,37847.8327,26740.91772,21701.49721,19221.74523,17889.648,9303.003727,38715.21113,30303.8775,34210.92687,64835.633,50706.30204,26763.95,23592.60757,30298.7664,20876.87262,29802.83,13721.41575,26864.03113,23765.22803,19799.23739,29035.78265,13562.11936,14925.44784,38656.26643,27710.45955,27138.44057,22870.77516,27665.82615,15520.99014,29658.4775,19992.50289,25778.93248,73908.50714,22654.20862,62347.22392,75424.48294,17393.376,46011.77557,30144.05249,45959.96798,11176.25785,23358.31457,41989.99443,58393.31027,31168.62857,66714.71241,21970.83062,35532.491,49588.58502,19386.3375,13924.01677,51480.02825,24447.80387,33578.71752,37116.85414,44717.71786,69181.14375,33568.3303,25087.3874,542492.6614,26025.56101,39509.88546,13462.06874,47194.51137,66978.50686,85761.65687,35581.61521,46046.95567,51980.65947,309879.0237,33214.70665,10590.0255,42515.18935,35847.39705,89593.96837,32811.51222,24937.291,96456.38413,63272.22545,79788.46725,80435.30721,21130.79552
9-Oxooctadecanoic acid1,40625.51191,35953.49202,20626.62211,38499.19174,24510.9888,46833.54542,20349.65274,15814.59486,28457.28921,20012.18959,17941.31676,11763.32597,13094.79025,19890.43374,29191.1363,18695.36866,50017.35357,13477.82371,29728.69334,23109.89854,14851.22367,13376.4816,10459.4028,23900.0566,16178.88101,18900.76122,14817.635,16772.97112,65242.97385,48101.376,34945.2488,13754.48438,25996.85438,17857.99747,32042.99206,11691.15546,17292.08934,15486.1135,17274.45575,14253.78022,10920.712,18655.25406,22806.7244,35190.88079,15154.05293,19461.32141,32056.66328,12493.44769,15682.51654,18065.56183,12821.81803,13817.40705,13482.69662,20515.09153,9218.450368,30767.79276,10913.3568,12903.07239,13053.8954,10851.23958,20713.64388,12475.84194,9802.597556,12778.19889,13186.71099,6230.777214,17994.09414,10325.4054,10534.31986,9612.244543,7221.110242,12596.92478,11410.09173,6568.376274,12238.33134,9665.307647,11260.44941,10212.11336,6865.522581,9818.264015,17898.53964,12667.16839,14117.11211,19998.30053,9069.499,14443.34521,21981.83134,11444.50696,14366.08897,9095.637857,15630.9384,15632.00557,16847.2266,13254.07243,10989.82266,7909.125611,17037.04884,13291.12807,13911.6334,12164.4527
Acetylcarnitine (Car(2:0)),38384.52373,67060.87787,55832.16348,47669.01998,29091.19785,36073.47676,42906.49527,39053.82708,26218.58739,35624.28448,34795.04514,26362.03823,23864.85833,48804.89243,88501.04829,17207.81531,20865.5758,30971.89143,103325.1846,23976.10227,27856.69801,93370.04588,40712.65536,14048.12415,58299.333,49322.007,30004.76832,50706.84126,25855.55036,26970.58,28606.72152,39664.95552,15936.06827,14315.7913,27503.15114,28874.04873,33871.78614,28804.17716,48871.5024,31666.08876,16737.54048,61838.02228,21671.31462,26991.85985,21489.12652,33645.65657,42675.01728,24322.5,19238.79072,29519.28537,30093.37354,26485.87615,73175.35536,62725.42901,64057.49825,7701.394879,13617.73744,27690.23177,6371.230345,40240.62282,76220.75844,46386.33677,101511.795,146157.452,36688.61626,90152.4445,28766.43864,79601.70233,49832.79868,36354.65431,13348.33736,1,25644.22269,84275.63752,48629.206,25043.53785,25814.3616,41928.73553,36576.8258,8906.48669,25697.97338,100682.3063,98169.40179,28633.45369,110722.1558,42783.08897,54348.18624,51958.774,44222.8108,38476.17942,60973.87226,31992.85156,19179.585,24515.62273,78065.93192,30797.5872,118364.9106,79260.83923,77536.90621,124974.9492
Acetylcarnitine (Car(2:0))1,386249.0588,805866.131,671200.8231,497395.4233,428102.4197,452294.7107,481377.3141,387852.1295,417291.4847,458872.1566,327102.825,322871.4662,274065.8918,563553.9458,746396.64,205884.6312,345210.7113,282902.2221,786139.5255,346250.9542,302269.877,885403.9395,409008.0269,199506.4171,546484.6101,489360.3506,321033.3125,529921.3204,354836.778,348723.8303,327393.9502,483649.7907,295709.3716,228522.6563,376199.1509,362365.5696,440443.5246,302439.3364,551268.6649,343620.7046,274993.9268,667101.2563,318232.4957,343122.5443,281191.0579,440119.6008,411344.6493,348978.6208,278072.8019,356424.442,389278.5429,362628.8325,780340.9525,520798.9371,831508.3515,157928.686,199030.5923,409916.685,114457.8934,554065.4038,886710.8611,445100.842,1096082.053,1421091.319,418078.438,738050.6849,524549.8143,930109.84,617460.9862,492321.9826,228136.9975,745728.2398,361699.6,1003169.92,592843.6023,482946.7706,457295.7195,456387.3646,450386.8373,182139.0564,295319.4166,1099317.043,934689.5245,430490.35,1044471.451,560287.7775,571437.0973,628813.5486,657998.2285,575176.3077,834163.6541,424570.4937,237176.23,304561.589,732175.8866,355485.5275,1009769.27,918266.1408,868420.2791,966608.8586
"Adenosine 3',5'-diphosphate (PAP)",8234.057395,14326.642,11782.214,5540.816542,11384.7912,8946.869674,14835.5919,9873.592625,16988.9241,12864.00173,9608.492481,12783.837,19543.94035,15948.29183,8076.531196,6002.330625,14760.50876,5223.273125,8044.36913,16283.09165,13498.7965,4081.622212,6592.1568,3844.961185,1835.642375,6439.4208,19309.61038,16414.75656,28269.39429,25193.31536,54925.41333,15432.36762,17847.905,26155.34481,14170.0195,11558.646,20708.34536,15832.36113,8708.8448,18137.22677,16247.7795,5926.833482,29739.23443,16935.09929,9488.627412,15118.43194,23574.84091,19155.34305,10277.559,12583.556,1447.4376,7844.596348,8152.465179,4529.595556,5123.522133,332.0918575,5110.255895,17175.90825,3223.724571,72300.25655,6391.734737,15935.5675,5663.9555,1460.816444,824.2589511,8661.317411,11444.68507,1877.596421,12245.1705,9585.484708,8194.67204,1219.195796,1358.902745,8749.473833,3410.784571,302.90218,13351.26675,3074.404938,2142.829191,1404.039134,889.6749196,658.4037039,1260.647143,12965.93159,14909.60119,8295.502571,1885.894151,10688.22138,8966.356381,641.3519138,1104.064536,4818.972421,16090.38539,4215.02025,3956.214828,35903.91108,9406.756821,18294.64091,16369.906,39986.62007
Adenosine 3'-monophosphate,8770.153333,36945.46429,14446.50275,8008.8267,23687.52642,18271.47657,28808.46257,15851.04342,37868.98388,13773.2855,11166.48,16800.85333,24500.59179,20377.872,11626.972,10969.856,21591.19057,7534.3914,17119.16825,25368.246,19818.10693,1,17100.29867,7008.349167,12632.50725,11039.3465,27791.43658,182059.6992,72037.119,29919.10821,36198.10923,23288.96536,30126.9625,21030.66818,19746.58286,17816.51767,19357.02875,18668.53333,9387.306429,44947.50262,28640.36586,8342.2095,96705.77538,80001.23833,62875.47018,78536.83763,14475.68117,23020.09714,26923.38929,24618.45433,1555.782,9712.25625,7903.0518,10807.4925,12285.85336,2611.274667,5340.1436,36900.9,5590.8125,88730.7575,5803.609,16674.12417,6145.424833,5201.174344,1,15288.53786,31443.38464,4671.94,29550.1129,23710.83914,4063.7625,1,5388.93,26963.14775,14847.7213,9356.8784,7702.383,8761.088,1,4690.92,1,1,3927.0935,18243.6,17816.8795,6199.018583,4592.969036,7820.906667,17490.74293,3388.9696,3050.006,12693.63929,41298.2825,15907.82481,11093.948,14347.00708,14711.76517,28757.0288,28307.69308,25693.80623
Adenosine 5'-diphosphate (ADP),8234.057395,14326.642,11782.214,5540.816542,11384.7912,8946.869674,14835.5919,9873.592625,16988.9241,12864.00173,9608.492481,12783.837,19543.94035,15948.29183,8076.531196,6002.330625,14760.50876,5223.273125,8044.36913,16283.09165,13498.7965,4081.622212,6592.1568,3844.961185,1835.642375,6439.4208,19309.61038,16414.75656,28269.39429,25193.31536,54925.41333,15432.36762,17847.905,26155.34481,14170.0195,11558.646,20708.34536,15832.36113,8708.8448,18137.22677,16247.7795,5926.833482,29739.23443,16935.09929,9488.627412,15118.43194,23574.84091,19155.34305,10277.559,12583.556,1447.4376,7844.596348,8152.465179,4529.595556,5123.522133,332.0918575,5110.255895,17175.90825,3223.724571,72300.25655,6391.734737,15935.5675,5663.9555,1460.816444,824.2589511,8661.317411,11444.68507,1877.596421,12245.1705,9585.484708,8194.67204,1219.195796,1358.902745,8749.473833,3410.784571,302.90218,13351.26675,3074.404938,2142.829191,1404.039134,889.6749196,658.4037039,1260.647143,12965.93159,14909.60119,8295.502571,1885.894151,10688.22138,8966.356381,641.3519138,1104.064536,4818.972421,16090.38539,4215.02025,3956.214828,35903.91108,9406.756821,18294.64091,16369.906,39986.62007
Adenosine monophosphate (AMP),8770.153333,36945.46429,14446.50275,8008.8267,23687.52642,18271.47657,28808.46257,15851.04342,37868.98388,13773.2855,11166.48,16800.85333,24500.59179,20377.872,11626.972,10969.856,21591.19057,7534.3914,17119.16825,25368.246,19818.10693,1,17100.29867,7008.349167,12632.50725,11039.3465,27791.43658,182059.6992,72037.119,29919.10821,36198.10923,23288.96536,30126.9625,21030.66818,19746.58286,17816.51767,19357.02875,18668.53333,9387.306429,44947.50262,28640.36586,8342.2095,96705.77538,80001.23833,62875.47018,78536.83763,14475.68117,23020.09714,26923.38929,24618.45433,1555.782,9712.25625,7903.0518,10807.4925,12285.85336,2611.274667,5340.1436,36900.9,5590.8125,88730.7575,5803.609,16674.12417,6145.424833,5201.174344,1,15288.53786,31443.38464,4671.94,29550.1129,23710.83914,4063.7625,1,5388.93,26963.14775,14847.7213,9356.8784,7702.383,8761.088,1,4690.92,1,1,3927.0935,18243.6,17816.8795,6199.018583,4592.969036,7820.906667,17490.74293,3388.9696,3050.006,12693.63929,41298.2825,15907.82481,11093.948,14347.00708,14711.76517,28757.0288,28307.69308,25693.80623
Allose,4494.343152,10783.14688,45597.17322,9703.407923,12879.74287,14898.41857,11773.52133,12993.90429,5510.913286,18096.0868,12980.81577,21990.34117,19310.2096,17608.91022,19769.68667,12365.681,23450.7647,28926.4875,15120.2,6566.241813,22762.10328,25928.63231,15388.9996,20472.3384,20640.3288,11477.70275,18354.5433,7725.424306,6060.287409,12407.78693,22181.876,7172.252875,19737.27213,10056.04542,8161.421088,19667.67109,11278.119,9535.351766,28154.11777,6059.030001,9388.831833,10550.3925,23864.22917,768.8632509,24196.34442,1,10992.70338,5655.338879,9407.855222,14404.91656,57061.37353,63611.82903,46958.5584,90790.07593,69038.32276,209713.7832,246693.8337,45096.62484,256232.497,40989.96405,95442.98129,34761.7386,62387.14406,212357.4704,298834.499,258517.7316,57361.1198,46957.01235,27894.34255,62497.24477,46602.4085,458835.6983,190595.5945,70950.44023,50192.7264,139378.9686,28863.252,85254.38208,59136.2944,55288.08425,305031.6966,348867.3413,45067.221,25854.14254,103401.8794,45386.03705,171003.5329,73500.08842,31377.22697,58728.66413,73230.19989,27553.86197,44707.44311,134861.4438,21913.52753,36353.52552,32337.11846,63590.58,58913.75126,31133.78615
alpha-CEHC (alpha-Carboxyethyl hydrochroman),177200.8583,157150.0077,154381.9102,157276.5366,155942.1298,185286.764,167011.1598,142572.1507,158364.1404,157211.3023,191878.488,155611.6053,151493.0106,158709.2802,151152.5197,154996.8327,194011.8425,148942.1213,153868.9716,155367.1311,179893.7186,155006.359,164038.4315,159613.4448,152577.1238,160294.8296,197547.7567,160899.9711,165538.1409,164747.8955,197570.0076,175423.3465,178456.7775,168907.2689,169204.4686,176269.8595,209774.4582,170248.484,174536.4177,175772.4491,199776.5579,174218.6933,171102.4824,173744.5133,170987.0018,175965.0666,198511.4737,179264.0035,182399.8445,180615.375,27070.758,20241.03213,23043.89488,20635.5468,21470.1196,21684.98129,25982.54175,20275.337,20437.04542,21964.88275,23139.06375,21120.60321,17847.38325,23054.99872,17240.85404,19090.1556,22116.10506,20816.1225,18864.25985,19575.78333,27338.54954,18296.66131,19675.99146,19677.13698,21076.85938,18516.01667,22238.63061,23652.22037,21311.9526,20766.18163,26826.43568,21614.3406,20052.7697,19810.11083,18432.11733,19017.41583,25695.97328,20839.53046,21427.2365,28527.10513,28061.4224,21292.90861,22099.14608,22445.61713,21299.06982,21977.23033,27120.24415,21128.83877,19847.38961,26103.14509
alpha-Linolenic acid,293407.1284,305357.9822,651455.448,646682.1705,481673.4508,249388.1962,226990.0705,370405.2378,131800.0152,545652.174,320705.784,139004.8552,137810.0051,358279.9666,258452.2112,133148.875,398036.9589,211762.9109,242860.0499,335260.565,179602.2985,117035.6096,67515.76714,77076.4005,196082.1939,301217.9494,247052.0721,352593.483,553274.644,130613.5369,133122.522,377336.8192,221637.4957,285247.1469,50882.28857,220738.1469,172700.9399,174042.2101,234398.7521,72828.00646,72009.8043,381550.6515,238405.7167,257128.606,100108.1252,84933.25425,144931.4994,58606.30618,97763.88753,213061.6718,936426.026,636693.4585,1514326.328,642769.5198,212714.922,745784.3468,583591.3694,361816.9877,65822.41571,155759.5624,344290.4368,215949.0194,311293.8416,649496.7127,398794.348,875164.663,298567.5411,391427.5872,54864.05114,327033.9656,444242.1241,271835.3388,354695.1766,652606.5293,476915.2613,1054504.164,245895.6503,227966.2039,295961.3911,257736.9437,117622.8194,190458.9341,450219.9934,88323.08203,95545.405,79925.2025,712568.367,314014.2202,308345.1204,57888.04125,377906.6758,67853.37831,173250.1158,299750.461,158832.9835,172752.6536,473038.253,216228.8775,217713.8871,202517.5501
alpha-Linolenic acid1,240720.6411,236235.826,444074.0265,486546.0948,334181.025,241603.8055,215164.8164,263380.39,86546.69623,426109.7006,300702.7975,125942.9561,126342.3163,300928.9333,255259.2541,112915.6409,438134.728,186859.8151,193108.3485,254170.5963,133667.7071,111540.7826,58158.957,67600.83781,195284.7893,249575.2515,247296.5227,339596.9317,701877.9437,130311.1321,117745.9605,375900.4141,224781.8772,276479.0427,71383.57104,233084.8681,171730.3125,176006.8473,212774.4908,73234.96889,98032.86184,362207.4696,256319.665,227620.9875,108755.145,152894.0213,134875.2072,63392.73164,98872.83283,156141.63,712169.9328,483690.4672,1122959.66,471280.5439,142303.9606,562013.54,420181.9157,250085.9904,46597.55738,100124.8651,230117.8614,127238.8449,234044.5598,519400.1311,316043.7881,779277.2388,209544.247,384588.0533,38283.98337,224338.912,308045.19,148334.5667,283801.5096,486714.7699,1105059.481,170270.1884,173811.95,131522.9176,210392.0114,176104.1154,103300.1766,125368.1286,328177.1601,64429.625,65692.602,51323.14284,655621.4939,213255.0469,215449.7257,35298.03464,282485.0082,51730.17917,130280.113,268643.4879,99432.60113,122994.5839,337916.4923,157752.6366,160151.8948,153870.9365
Anthranilic acid (Vitamin L1),1,1,4432.1585,7210.0836,5363.9353,6169.360111,1,4892.16,6259.715,4640.508167,1,3939.9459,12550.5088,1,1,1,1,18751.01864,1,1,5669.0696,14682.7232,6163.841111,1,1,1,6952.1166,13530.89383,8103.557,7305.6375,1,1,1,1,5800.1566,6941.6985,1,15889.188,3370.610875,7714.690333,7307.55675,1,8481.479167,1,1,23669.08642,1,5628.588,1,4466.9404,6389.339423,42337.31933,4437.470933,21587.16139,8768.734731,9801.910471,17851.33991,10839.12744,20364.23861,12340.2136,9663.371125,17009.76925,7862.552571,25638.64826,18395.08768,10102.6002,16368.26843,8943.584412,28342.12708,7190.720063,9950.064625,15385.2318,6111.0785,5952.682917,14234.69345,11606.2914,4196.463333,12804.81588,12230.70722,6705.526933,12822.99105,10370.25812,7088.745474,26507.30092,26063.4745,5356.973077,26965.66295,14092.26,8079.32564,8459.802083,15926.15058,7166.27115,40572.83,40934.08173,6178.661583,8048.64,12530.022,31230.738,29433.75,7774.7696
Apocholic acid,52650.51076,53029.40907,7606.817969,34127.30157,47877.53267,35433.79142,31537.60581,34614.66701,60307.6635,44082.864,30306.15189,39591.00757,15924.45535,8798.798133,18702.10191,19286.94126,47159.30169,26732.90945,35762.94437,22805.14003,45194.98133,21494.04939,25314.92868,34531.38044,52568.79503,20092.07306,45038.06289,5408.8414,29142.13878,23000.93656,41054.4152,41857.54262,40075.81739,72411.88755,24568.31386,13337.8853,11363.00384,30379.29869,4249.888603,16469.88789,35308.72664,33783.0591,4486.344968,42911.7,18862.66023,28186.9528,11455.71939,43806.96439,27679.30713,108357.2993,15035.08611,10491.33794,71804.41662,12124.71397,32986.94305,24260.70133,8919.470058,24866.61409,12061.32468,23292.37634,28034.80637,21963.27889,2723.366631,7144.765202,1360.244306,3092.430355,15610.85152,14431.32615,25227.20265,19626.80427,15519.6756,9121.75619,8557.322939,32704.47264,33919.32815,10943.71622,12085.52824,17783.9535,36865.54214,19769.39156,11468.43465,21160.80697,35963.6911,13891.01852,11423.47043,7589.415996,20017.32327,22722.59322,20224.74524,23658.69321,12527.30903,36497.21016,13656.29269,14205.14669,49895.16637,14682.89686,53776.34213,27265.38458,35127.15085,6133.922732
Arachidonic acid (AA),210631.4936,198208.6653,85525.11877,191049.5859,140891.1493,87546.95416,65441.23457,134391.2946,60940.5346,139976.0001,131294.0895,117763.1031,53725.28419,89700.5998,288830.5441,124354.8452,63637.37791,69481.42026,192552.3869,71105.74638,68123.438,64329.99534,17514.41792,36418.91207,80245.89562,125821.6214,57181.1264,116031.3988,578203.2686,81182.0205,37835.84159,134176.1284,94501.3319,47602.92655,67945.59595,139581.2503,127974.2701,95173.00467,80924.4631,49665.40568,41489.33155,240656.9408,258298.625,51405.01862,45615.94468,102214.1509,76763.85666,61986.44897,44212.56022,51992.62362,139587.3254,180517.0108,211854.7782,219773.2693,115663.9886,157434.5062,147114.1218,101620.0637,43229.44266,47695.70424,64427.15614,97160.37431,67513.16512,136102.8809,63318.40839,219544.0423,87149.01539,102775.5604,56040.1065,93233.67179,102216.2781,156401.6139,64476.97771,160881.2428,303241.6544,123139.6848,108211.8233,76539.02803,75107.27763,108200.0023,62148.3728,52454.24321,93695.96113,71266.92188,81274.78285,66966.99488,191253.2873,58428.23609,46236.4125,37360.49384,135719.824,41584.94579,147568.8819,64385.51389,62044.41436,89795.00536,100889.9176,67478.02,67630.21095,163029.9784
Arachidonoylcarnitine (Car(20:4)),24195.65213,17506.25408,17448.90117,12764.86684,39429.21502,17816.78961,57169.254,63215.78417,35404.86933,30642.36711,13279.52577,18655.3521,33078.834,30275.13896,28469.88254,16988.47967,19054.24395,11432.93083,50622.49989,37970.58135,9908.527222,42089.98316,28584.01788,34709.08259,27990.22218,37383.09126,56987.30697,148373.6355,139300.0522,52984.0454,24480.46647,31502.39306,16654.61589,23518.26974,20938.971,52829.555,52955.15492,37443.37754,34631.22509,47526.766,18025.55289,18512.73925,143932.7048,29526.97263,148094.4503,303455.8354,24376.50133,23292.56142,47210.76312,28190.56421,8432.231091,9354.682405,10969.9135,3021.145,14137.73105,1507.130182,1,4022.94525,1557.925312,3512.82145,1,6018.073867,4176.312474,1,1,6147.276,100984.0939,9331.792556,10914.28667,2998.662577,3011.166,2861.796,3528,2843.871154,8722.327352,5716.152,3108.325313,2376.0135,5360.910154,1,5408.46975,23020.03043,7963.0725,88022.00527,5265.788063,4440.38,2609.807063,4338.796875,11137.3439,1575.2061,3472.581208,72416.14,66024.49012,2852.115,1797.2532,24056.8911,2151.222,22365.8261,20642.53575,9656.103656
Arginine,61028.94175,27090.0558,56146.958,68792.931,47160.8785,57111.28029,40790.02767,83396.6416,36669.7725,163823.5726,42134.96267,30340.13233,47366.2035,51396.784,51591.345,42214.58413,57733.2375,1,66123.39,34439.197,91032.27031,69120.298,66563.76175,45574.1208,69763.82862,36877.3485,82240.13194,46898.69843,22406.9895,50215.262,100532.5038,45660.08472,59645.74395,63515.5275,51629.13788,70895.25861,35494.83338,72240.42422,70972.24063,57361.19225,46691.98278,58303.944,1,50596.87688,54707.15387,25413.60433,78638.7875,68835.828,59886.07369,29572.60829,125498.659,28322.5572,90694.52885,48272.576,65474.42,59521.321,30645.15667,56261.73068,14654.95622,39426.05824,61007.4525,59211.648,39621.1332,57460.27609,34022.661,124586.4344,6007.038813,49378.77652,500344.619,42088.111,62292.93178,42801.61156,59635.4142,52387.02373,72900.71232,76338.4765,37280.51047,60881.18,47704.44094,38067.062,40289.81273,26286.2745,29947.92818,4514.684,172341.904,106050.1502,77103.42036,55200.42063,63736.82544,81943.91797,34465.26618,11938.26222,8666.487591,36441.62591,73047.86629,18369.23333,46809.72848,32969.95217,43825.10456,45448.48582
Azelaic acid,8632.707891,28404.55114,11536.0054,9892.671833,24241.75954,17278.7741,10543.46189,20184.78857,13331.37055,8145.438515,21476.8476,20385.17652,19438.56328,12976.9054,11395.35331,15495.52348,14009.96466,8948.259906,12347.87769,17306.80723,10530.0445,6310.626491,14815.61532,16192.29733,11911.89071,17492.30738,24100.50103,15114.61624,15439.54216,17380.92832,13015.52038,15801.74537,18367.13373,9656.748,15298.7137,12310.21268,16321.12667,18187.36233,18021.37602,12965.54959,17226.96433,15012.0096,12396.73247,14305.90015,13079.34231,11197.54261,14392.75259,18362.01673,15828.00227,22648.227,16235.26923,11712.61695,11470.10857,17967.67998,16025.91468,6374.436423,9697.067105,10745.59809,9902.420839,15325.05825,10737.96833,13090.02838,12317.29086,10144.49944,11633.22502,6960.896348,11797.13429,16061.38842,17265.06115,10669.66387,13827.13795,14860.12907,6985.573214,14452.93869,23918.47773,11665.52089,27452.26242,13862.60348,7989.67,16002.75235,8729.89908,12827.74779,14506.20712,7814.04075,21903.99332,10033.40864,11083.9014,20519.97004,13686.45653,12305.68063,10879.24121,17843.04,17903.92221,13972.05232,18237.62805,14808.68533,27959.38292,8869.47325,11640.3003,19067.03044
"Benzene-1,2,4-triol",81669.94694,74071.12689,1,82486.78317,175087.4477,154191.9212,79412.4608,1,89821.10758,91338.45336,76656.78008,173444.6647,1,154411.2672,123794.0612,226658.1842,387804.3408,84453.35752,75440.64379,82826.02411,80601.69432,114784.0814,147029.7522,170670.6823,1,81993.16395,141301.9649,85635.90143,154653.1991,75600.8626,73194.09067,72629.75268,69531.18545,96964.19031,94916.18959,65555.99625,108505.7642,83408.95522,203005.7089,67708.25906,68785.80618,91823.06454,71298.47048,1,61693.348,65770.29625,78795.31789,241700.9576,68073.54294,69417.16182,148762.229,86862.455,87344.72593,1,177663.2,98665.31689,145720.6879,95232.03261,100870.1284,181181.6287,98638.7125,127218.3091,105934.0363,146568.0054,17615.1375,1,80797.24307,127786.8881,76463.4,109096.0937,105913.8135,1,76969.73583,76091.05429,94641.57641,71223.6375,19255.5775,137140.9823,104743.5193,185351.9704,92262.52227,70080.50895,38547.405,78505.59226,70748.991,96702.38889,77557.63638,119878.0808,41522.9893,64981.3208,141090.8262,75936.35114,151089.0166,89763.93788,107273.0455,185512.041,87704.855,382307.0409,84539.65,85037.65209
Betaine,658033.4856,381507.1841,789443.5893,558173.9692,573449.6085,384134.413,714962.3386,538384.9007,403252.4772,618693.9733,550002.0345,424892.9955,616758.2566,591292.2666,476812.1809,603532.118,358617.0878,329500.073,550127.2654,274717.0863,627126.7015,408176.8867,525093.232,634873.4234,427182.129,435565.819,266663.0787,779539.6494,380104.0754,301214.0863,562523.3743,416373.573,786265.9511,552775.7745,365589.0211,553539.199,462226.128,269652.2848,383487.0918,513380.2663,410700.4353,505304.617,740307.5125,1046197.047,671333.4809,405121.7853,628873.9967,564791.346,692262.2007,615367.506,258268.5169,289667.4073,299336.6732,249312.0459,388249.4175,117877.9849,253875.4955,542160.59,249529.368,427384.043,187546.1488,815191.2656,238151.1823,83693.34675,329155.4392,90024.50267,318906.2016,516715.102,1834580.621,1,431995.344,171022.381,118111.6038,383006.962,358073.4435,309514.3688,406906.4768,149607.114,558364.697,488558.763,350177.9657,150547.104,83550.24466,250237.8251,1439130.215,268283.6809,594634.1637,136403.1526,303568.7559,216071.1097,67742.37433,213599.6466,423544.6921,1,434117.2438,702406.5864,433923.4682,317582.8941,274982.7227,205928.0629
Bilirubin,17254.55018,37737.07438,8877.195662,48728.16447,31324.24533,19304.28823,63081.07267,54452.66944,21644.42123,17086.09846,10839.08747,39879.651,5055.0665,12652.95571,24069.9731,5374.551906,15790.63059,3227.375857,6083.338182,11262.84918,3956.353125,5895.495385,6508.415,13173.63923,14854.39715,46468.998,23030.73093,12762.75675,6486.26625,1,1,23775.97856,1,1,9779.643222,1,18044.01769,11271.4013,4613.373111,6915.932923,37559.15983,17804.81792,5699.881833,10915.912,13286.3655,23063.07363,1,1,10851.94967,37107.631,30857.20714,27194.25345,42274.68457,21675.81525,80321.73496,54523.08125,29569.44079,30016.3955,39997.35603,30054.836,25768.18086,30506.59543,1,38050.75621,1,1,53483.49296,1,452941.1343,27181.836,1,1,27741.79477,114780.7402,48206.05565,1,1,34978.6768,23056.2642,1,46218.54169,1,1,1,338905.2954,185878.3117,118181.3776,22030.9375,1,292143.4451,59399.9394,1,27740.451,1,22924.47535,59943.58217,50093.35116,71110.83994,62757.632,38086.77789
Bilirubin1,11821.38162,34436.94,5832.413333,32692.90656,1,17130.84568,46360.63042,30699.2025,1,11968.43175,1,31569.78985,1,11327.51187,1,5240.303048,12051.94838,2798.582,5344.722222,11865.999,3200.602571,5952.093045,5330.531429,9528.2179,1,36162.29782,14426.67175,8053.859437,5754.028286,30032.29611,7380.902375,16714.50254,1,1,7819.7882,3278.55575,17263.33636,9705.307667,4224.393818,5203.746625,23275.57672,10485.201,4591.653625,5693.382,11386.1977,17732.97709,11233.56285,6936.732,6109.048,17506.8192,1,14646.32296,21785.19417,13844.39092,40309.87705,1,14917.2282,1,21941.466,17048.89414,15059.549,1,1,18691.6355,1,9564.75,1,1,266646.962,19604.004,1,26994.06208,17642.01886,56309.6352,23958.95792,4380.9155,15958.17591,21670.04237,12339.55864,9717.72,31348.78025,12201.50409,23499.36096,1,194885.2694,105783.3503,61551.85457,12997.39196,16297.49173,155424.7155,33631.88812,1,1,7975.578056,13178.94864,28736.84729,20256.7932,44954.44738,45570.59807,21783.825
Bilirubin2,23472.98514,48386.32377,17574.3323,32905.68075,28793.21733,25199.82412,69508.52263,36883.41614,36498.20924,23373.098,23150.309,46165.95654,17609.76667,24792.445,32363.34168,16070.4075,30281.73525,13140.10561,19356.94793,30191.91065,10095.90489,19251.01081,19023.94957,22251.50415,24487.701,52124.09991,29428.638,20844.0735,20293.44625,26208.7689,24158.86852,29632.17136,4480.136889,4867.814,2503.715867,14191.6,27273.25418,18895.14818,12144.70965,25160.06325,29875.19659,20665.86381,17050.24722,17791.69776,22525.50357,33931.392,3529.114333,19305.22303,18223.25686,35684.1765,26546.6575,24519.13436,23666.6815,12554.04452,23920.16846,23508.40962,15200.54083,16834.59616,21470.5116,18876.86353,17761.49681,13621.80745,3474.169167,14506.88142,11001.8412,13174.34548,20767.07325,6486.51278,59665.29084,20627.03507,14499.71802,21379.29368,19179.21148,29985.59194,19717.82819,14555.68296,18542.14959,23176.8877,20348.50833,17499.39054,41066.41244,12340.37194,17401.9482,26778.03,77501.28129,33387.32984,41398.6245,19794.35664,14147.679,57632.61327,25037.79381,16612.11688,16076.29408,13074.46035,15674.07981,22445.11573,17382.62868,27704.20576,4584.922083,17734.81907
Bilirubin3,14150.28101,21808.87743,3982.296249,33874.88161,16254.11146,22885.79923,46134.382,31172.14381,7964.97515,11539.61502,9507.296351,38247.10167,2372.776694,8769.166442,20994.6555,3469.053962,9258.828658,1403.869857,4684.070751,5311.265997,3965.882376,3170.123215,5591.979767,8723.077143,12033.55108,36105.92884,16303.68979,8899.741481,4194.181644,13131.56872,9229.530541,19885.72728,919.5118141,2410.778714,7691.420903,4209.97467,13826.22687,9478.507007,4382.940138,3950.403547,40668.10418,16335.176,4080.813935,9672.917813,10946.11613,16645.92694,12569.39563,6667.66285,8753.232,40492.98056,15567.56261,21173.33209,22085.37574,18047.94865,59901.94436,49731.45133,26326.63797,24071.80778,29945.73463,19484.48221,14809.60693,30922.29808,4803.865263,31880.42241,12301.16888,19604.60156,41853.78577,1890.325621,253914.8276,12895.01728,16846.23884,31584.04269,26221.38962,70686.49412,4501.263782,26588.8634,16032.01604,19528.43271,18426.83909,7211.443842,38369.174,21199.78994,39955.21365,55105.45698,293982.2682,159256.5408,66486.3095,12849.01933,35060.7323,386295.0532,61802.15791,8842.380559,24109.4997,19601.76146,30533.91441,55960.78933,42295.35446,43751.06635,50427.26743,37683.63944
Bilirubin4,1,1,1308.505381,4790.887722,4016.02131,4887.101163,8420.4636,1,2383.973846,1,1,1,1,2658.834134,4091.438542,1442.098284,2270.820222,1,1530.530615,1,1,2066.74,1599.703875,1,1,1,2786.79625,2589.4825,1299.7305,1,1,1,1,1,1,1,3015.405231,1,1234.404184,1537.025206,4028.170732,2197.719293,1,1,2584.659,3192.742326,1,1,1,1,2907.973434,2119.877449,2685.588055,1696.204,3281.781427,3030.464843,1903.786083,2123.230588,2848.655513,2115.827609,2321.739762,1881.913091,414.1346341,2403.39905,1,1894.741263,2973.546857,491.808,3406.143913,2111.220969,1757.727524,3647.067769,1651.013936,543.3403922,1149.320887,2393.434085,2479.559187,2561.420566,1881.653073,940.3058784,2535.757684,1446.116711,1,3073.06186,195.6199974,457.7012803,2898.76073,1533.652864,1225.985883,1,3457.929412,867.1413889,1747.3064,1132.717,2030.279298,2919.508543,2476.24,3575.176643,381.8480391,2648.827115
Bilirubin beta-diglucuronide,664.465873,3258.813937,87.21543614,4912.504909,443.0851939,1126.603268,1473.091938,73.81591967,1,516.0402985,292.719051,1532.3568,61.9140671,158.0296747,1674.590571,1,134.7692549,1,993.0483476,1,93.90683259,939.7899481,1,209.7059061,2381.058,167.8699876,94.69527639,94.76037667,1,1,174.4985587,476.1527728,54.77899632,1,1,1,226.305761,1,238.0786044,70.36945442,1,805.6517127,1,252.2945275,1,1,143.4682033,1,77.07290307,144.804013,1140.426857,342.9902256,7280.211,16525.45481,1154.69009,5689.654714,3438.47443,574.5067362,1917.810283,5101.635,13613.78805,8667.441143,3922.800744,6343.610143,1972.879085,1,677.828859,1,46117.60029,9209.666583,6471.22325,14748.7845,6596.458667,15682.01717,76.75340875,4577.384167,5900.344921,24085.50545,23477.43573,1,12620.52733,6051.708,23252.29538,192.7957152,25075.78345,59781.28888,63165.68923,2016.491438,2368.08,116153.1353,10320.69,65.1433866,501.1974319,1,2455.3806,5134.133941,2158.448525,822.826371,763.9302688,3583.4522
Bilirubin-glucuronoside,5436.082748,18183.51727,3385.365511,37058.92236,3495.849789,10459.99443,41122.5875,4699.216578,5057.195,4125.700233,4333.582669,10862.79876,195.0671078,1871.275,18055.50463,987.1402558,2915.669354,1,6485.404035,518.5373853,9145.558819,5200.214271,285.9996873,2177.813778,13894.99889,5224.425855,2245.930968,5012.821664,943.4798686,942.2587533,4356.510861,6643.399074,94.91168965,1,494.5456976,1415.513589,2609.639423,657.3908677,518.4960813,72.98237083,4399.575795,7796.129517,171.6106426,920.3444956,1064.381398,2739.786236,2981.764631,615.1988416,1875.581282,6297.903281,6129.192857,3799.503727,44703.97996,92747.42258,25360.1625,44077.36473,15017.83062,10934.50825,55359.80057,27757.62055,43972.33888,41297.92388,15307.465,35311.16836,4685.046947,11697.89088,17583.41516,1069.078881,723336.9495,69416.50934,25475.08203,142375.1339,17604.88221,67470.45014,2227.208845,16994.70061,18619.40364,101608.0085,109974.5904,3501.295498,308621.534,29078.45984,141261.9085,30084.55412,454358.4654,299634.3756,530453.9988,11995.9966,29333.92103,1612659.811,132881.6063,2698.100303,3918.421995,13945.17735,9978.123549,35626.22674,18794.93824,21834.75442,13386.79246,15146.33419
Biliverdin,35707.60588,97117.59286,17814.79051,99774.90467,64775.84684,45840.42283,268463.5049,79449.463,48467.59209,20298.408,46375.91125,52817.05683,14000.15029,71072.81213,44476.445,17237.44193,42866.4,1,39159.46767,85606.87967,4952.6752,12989.75878,23754.37,29025.66469,23187.24107,83832.168,27061.69441,39899.55392,47899.13837,155480.5036,18839.32976,59145.758,26235.50426,19770.29167,34555.80333,30203.14625,70511.19853,38285.14087,23246.73604,36556.07912,61170.516,50179.7975,14895.37603,20674.27588,36041.25811,53807.432,30679.64108,35018.72285,17859.14717,103722.3522,76421.26042,13588.63971,68975.2815,82936.4572,20966.792,21561.4171,17930.41578,18208.684,11104.55114,27087.56438,38552.22282,18631.66857,9045.27775,42402.386,14764.57763,16406.178,28822.663,6732.767562,128873.5891,21404.92788,37051.66157,41517.95617,7620.331357,96722.98219,36138.76053,59618.36253,31358.06018,24901.33794,16217.06335,27821.367,17123.38133,13427.62515,43850.69625,52600.85477,67759.38185,108028.8881,117253.5415,43663.43435,15529.3845,40936.99443,16518.24883,95296.323,1,7786.581786,13576.69254,24249.4025,91413.36926,102255.587,93416.85818,18812.47176
Biliverdin1,2519.87945,6481.1205,1328.725161,4746.2335,3235.262605,1884.32695,3721.014211,6075.618846,4807.874452,2700.811026,1377.9225,3646.82295,1007.51,1591.437174,2143.771795,878.815,1398.319929,666.246,1017.52312,3906.822533,1,1084.875824,1250.845447,1492.663792,1481.323381,3572.31719,2260.120875,1342.1859,1133.797727,1,1613.32395,2266.921775,1,1,1589.06037,834.7372308,2493.246,1237.518975,716.69325,2083.5441,2773.195833,1301.590619,706.4407857,994.3184211,1483.480786,2506.518711,1609.82276,1195.754526,1230.822621,3753.7875,2115.902154,1428.6692,1513.94958,869.3568,1679.939778,1127.368,926.0607353,919.2142903,1162.725667,1030.704,1124.916308,780.3163929,1,858.5904138,704.9753182,785.735,1196.722727,1,4740.695517,1249.045111,807.0494483,1276.176375,1215.579148,2714.70398,1259.599831,1023.724565,1305.951585,1610.496365,1602.841345,1099.121167,2813.890357,779.1117308,1366.457652,1569.293478,5598.939273,2423.672848,3961.358902,1171.148333,655.5255556,4623.092083,1452.692771,940.3463077,900.0923571,683.0926034,1081.275105,1383.050893,1,1859.768804,1860.508522,1086.927333
Biliverdin2,10411.65905,1,1,18053.15867,23673.96327,11669.36063,52545.13296,19170.74664,6603.062727,7083.022891,1,12157.06853,1,1,9674.446775,6872.780909,12749.63143,1,8893.006344,14587.917,1,5335.634812,6465.2385,1,1,28312.97276,7239.023912,9882.781538,20754.80873,37669.60118,1,14826.03868,1,6534.548526,9377.338353,1,20224.72381,11814.25982,8170.5637,8836.799733,8726.73,21572.28711,7583.1075,6514.416,7792.609816,1,6901.7472,10678.79291,5234.52625,22054.2,41196.13842,1,26234.98018,1,1,5341.776,1,10362.18967,2893.8924,18506.7595,13269.46871,8687.9685,1,1,2766.510214,1,24961.02086,1,108629.2497,1,19008.212,14219.61397,1,27951.00367,13501.61599,24892.74406,1,1,1,16875.4964,9988.444071,1,18057.29125,55450.35785,16421.78779,30294.46153,1,26411.53211,1,21525.8472,1,183450.092,48443.75133,1,1,15504.61905,1,81521.30968,89006.10821,1
Biliverdin3,8163.1215,16645.71787,4553.122086,20398.76876,13543.47065,10081.35154,49408.51283,21111.97436,9314.24652,7780.015854,6233.15625,23440.08317,6191.444148,21831.48585,7822.784562,2738.47,10598.78118,1612.436074,7146.985294,14042.31029,1157.294006,6049.045117,5249.377372,6015.291814,4884.561727,27670.41013,5263.926467,7302.453,9412.664838,30255.45639,4694.741974,9800.057825,3785.364632,3713.641412,5407.505789,5234.794167,14624.03409,7970.6655,5006.007895,8144.416056,9473.587641,9748.298725,3077.254737,3587.469205,7253.184545,13553.8934,6537.426545,10291.30431,7137.805952,17012.44155,11281.76405,2263.45,11670.446,18897.13106,4312.123273,6154.851429,5839.127333,4711.226444,3278.15124,5589.083196,11712.16411,4930.638251,2716.179682,10717.8896,3826.477125,3205.95075,4640.210462,2886.815743,68054.11556,5492.623312,8542.965375,14107.59644,2985.095923,19564.43671,13797.74421,11791.98106,7394.097625,8871.763429,4555.984667,3661.382135,6471.027684,5211.876429,13075.5385,29323.98585,16711.0848,39202.42209,20544.43878,17718.54038,4600.571167,12679.87947,5607.435245,42402.33609,7028.919346,4272.920446,3235.272083,13686.89104,18138.71438,24963.35684,27383.71714,5148.171529
Biocytin,4707.92425,128264.8844,41192.283,25179.45011,11738.53671,91142.79655,12319.59532,1164.110511,37872.2242,33981.70833,15449.86745,10318.78717,12218.10532,46365.77524,5812.14375,54087.671,1886.630897,13790.24567,15766.62915,7517.1156,2353.025792,20357.92588,9805.657895,11600.31816,7393.181575,1174.558342,17382.86957,25825.78523,36677.0767,33387.76222,11030.12495,28022.1583,22155.26087,11179.29,4415.373591,5766.273,3314.721913,1717.007828,9354.086783,16719.72921,5905.248,2179.084778,21468.60695,21962.32483,29386.99385,40084.995,9918.431438,11044.83191,2120.902,5297.091808,14300.52624,58309.674,5952.96,15097.16222,231779.5429,4451.31492,44474.79813,20823.41738,124531.8015,38071.25815,35178.928,46931.16865,56939.21428,7606.584317,39950.98747,1343.926774,13944.9627,39423.56805,10085.04167,22827.02396,3179.005607,29363.17246,32173.4249,184770.6842,30462.75703,20322.86813,92380.07904,84394.962,10407.17953,4284.309989,12543.1992,3888.538419,91150.37211,18014.08141,29492.0433,12888.027,179763.2403,89082.30915,17116.16794,53052.8726,4942.2414,61108.09363,59344.02894,5502.67691,39969.80217,94408.71344,40539.1176,18254.07991,18133.34713,1364.3895
Butyrylcarnitine (Car(4:0)),14486.716,36542.59988,43306.90525,29667.27256,47104.36369,76032.46889,31854.04286,53082.81,39978.85125,27171.6925,16634.48057,132399.0712,42911.25986,17018.505,78022.87111,13020.65333,32677.04205,63157.11709,42892.92179,34068.37778,25642.14469,292495.3413,50998.79487,16217.48264,144819.1583,13900.41858,44964.725,28260.82567,39698.8435,56536.63033,93602.06786,35628.06086,22162.4,9703.442083,30854.304,39908.25944,31533.74675,46291.6285,21378.0305,60665.11797,47815.46437,42435.39389,16967.261,11124.4076,79646.65754,55702.8603,9691.278583,69210.091,32803.992,27594.21243,45828.30293,27397.9585,39613.26627,18002.29621,40545.99429,4873.274,10941.5295,20282.99325,13551.24333,1,67372.16733,21966.24327,14884.8045,18191.47014,78411.4625,43470.95066,67823.49713,44677.60457,17524.02457,76184.78175,16186.18819,44143.55479,12752.68738,99887.4695,35188.11519,17638.8875,50527.87875,301558.6011,54404.5497,12578.16872,59173.98857,301714.632,112064.9806,35483.57908,45412.83267,35702.602,16520.84767,71667.54467,62817.17833,31742.18381,47940.87179,55214.13429,5988.7542,10494.9908,34571.7216,25479.67286,107689.2215,87383.5314,81941.625,49048.5992
C75 trans (Drug),16963.60425,10763.50639,19251.52619,36672.28152,12862.62457,10404.97281,28025.12358,19466.8288,18144.88791,13686.30769,8683.663484,11711.581,12125.8701,11160.57409,15079.5567,11508.97125,16447.62367,6147.837891,11665.55863,12982.78348,27009.08736,12420.43452,14520.01148,12061.91352,8555.035156,12300.95774,13762.70455,17372.63396,24321.06667,10766.07712,11465.41391,13331.43154,10892.23647,13410.9821,12794.69891,13174.3534,16050.43209,9996.883971,12717.06604,12904.00993,10986.38112,14058.20351,13750.15776,13661.74718,9531.250102,12523.27344,12781.0254,14387.64469,9910.860227,17631.02961,20462.02264,19879.22745,15932.47266,18321.55422,14813.14022,20214.83256,7053.228543,17576.51805,18384.06993,20908.32993,24599.30408,15872.61356,14181.14844,14112.90279,25578.23976,15586.0075,13440.52,22851.43763,16235.89137,11276.466,18262.04633,22103.56443,10281.4295,23395.79213,14354.73188,13929.7074,20710.22567,13714.09559,14881.20982,17431.42922,16978.44458,11353.04971,29041.4223,16997.35348,23918.25493,20603.56675,9009.725273,19505.16352,17418.52292,16237.39818,20775.44788,19282.29274,21297.34697,18105.12605,17662.42583,20464.41375,13072.36591,20356.55289,26546.85098,23308.82147
Caffeic aldehyde,8999.651333,8367.670462,6270.100643,13081.1575,10489.5693,1,1,1,6852.151077,1,5319.348667,1,1,5032.385333,5389.367333,5529.562483,1,5394.808,1,5236.107333,1,1,1,5302.807714,1,6679.395389,7588.6355,5143.082,1,1,5463.848,1,4622.601625,1,1,5026.419563,1,1,4428.28,1,6026.249625,6251.433375,6570.637714,1,1,1,6263.844,1,1,1,9924.8391,12392.23418,7790.890588,8639.490692,8933.063333,7386.7686,9784.247278,11583.67093,7799.679364,10390.59409,10148.66441,9112.609864,7674.204643,6438.0195,8663.746,10794.71305,7090.31925,6966.213333,9767.91075,7346.663143,6690.615556,7069.781778,6537.819929,7544.205,8602.956848,6816.9985,8691.401562,7178.893,5650.397529,6746.229625,8425.49785,7293.21285,6413.866429,7027.753929,1,9510.275,1,7709.014375,8613.1695,9561.7675,6536.931,7432.586,6864.906286,7980.04375,8302.3385,8383.907,7421.2848,9986.785,8669.58,6887.801437
Car(18:0),92845.51324,42023.32817,98001.51075,38784.1155,55294.94119,45506.92519,111252.1965,74809.47969,50215.6,89518.9149,60458.3105,79355.75987,61245.99731,82217.05219,43700.62297,57012.05271,52739.89387,39180.01269,58030.12529,68503.78166,89812.94122,47183.591,57209.031,68721.90253,42442.76813,48045.76541,48450.5015,172884.8638,139935.5925,54543.20687,92663.68706,32612.13759,82357.94356,58474.956,41239.89613,36092.31018,88974.8842,65348.95257,151550.1541,84968.5605,34786.4625,68087.86875,403236.498,91645.03753,146384.65,270626.8833,50909.25967,51667.55943,58141.05019,91487.56788,15118.63194,15597.1671,49311.12542,27515.69997,39095.84091,1,13897.9825,18903.38771,12601.23906,43950.98139,48329.10494,42495.759,37901.57921,19578.58532,18337.84507,38732.84847,79774.75791,47100.07706,15067.72655,15403.50122,10879.80091,13133.21143,19174.8705,21901.45971,27658.50764,40795.00518,14013.76225,21061.82181,23062.64046,12351.39035,17666.63919,74968.08441,132325.3394,78291.56414,29429.38406,16895.48612,19894.78875,24567.67146,19651.55359,9860.681818,46317.89063,100298.933,173143.2112,16170.24877,23444.26875,34962.51758,46858.95026,39605.28911,37383.36625,41293.22965
Car(18:1),559222.0512,403529.2306,545333.4438,291588.6531,330473.52,259496.5758,832405.965,382128.2076,334851.5398,404572.558,345554.9576,334190.0914,245736.8723,419229.9365,368673.4331,276712.5206,307675.9677,216517.2726,476420.292,450514.8833,273400.7908,339099.2298,235987.1476,564416.3129,421067.3365,393153.9215,178910.6431,1034965.069,894612.7189,321377.76,285017.8753,271625.3221,405137.28,403375.206,167993.2508,367275.6004,542914.805,284929.016,714957.5782,403950.1875,202936.6618,443270.0805,1851050.26,512657.2809,651545.3333,1429225.322,369682.9994,270494.2144,428475.1114,402354.376,75355.35,117183.0901,298210.2295,199803.4918,217345.6112,49883.26737,98263.414,183268.0998,74589.05914,223785.0954,398991.5831,257454.6567,175871.3546,87829.79235,88419.78589,263926.955,621724.3014,223271.027,133773.9199,136714.8294,62075.11418,127675.5139,149492.1507,137743.8611,183443.8147,269026.2153,90115.69739,136242.8034,209032.827,138500.316,109841.2402,358815.9932,702906.0415,767466.2751,184569.9669,163970.6703,206530.2944,106837.8593,157754.6535,69860.35189,198261.9264,917368.639,896274.5093,156052.6954,88319.952,550708.6423,206310.8632,415543.5929,387304.0318,272057.1457
Carnitine,405262.9764,989187.42,794242.3737,997958.544,1131825.397,1226072.401,1336533.501,1329923.963,1075342.082,788179.9464,468321.2017,1280691.34,943784.0347,739946.494,829185.7568,577581.5077,836067.8113,542085.5695,1036595.676,919110.3281,1157110.181,1584871.729,927365.3703,575801.3675,1121361.287,799235.3464,1076396.991,735748.481,1185262.202,1156204.613,1592726.943,1000885.59,412964.6047,711095.6135,1094931.748,1052622.264,1088787.84,1013642.947,1022995.098,1056553.131,1030634.851,1193952.439,681283.4536,482548.4036,1103575.64,1269581.965,744642.072,1039919.542,738901.9898,811239.216,1091705.3,438374.5636,914971.3043,468899.1623,1130783.292,379470.4071,464141.065,654344.6098,159783.6082,768569.5942,932636.0556,587415.0797,1037778.416,1167000.053,663586.8422,1395363.241,1023796.683,1103531.8,1015240.974,1007963.787,594249.8452,1362181.561,790062.8184,908830.4006,835861.686,782803.601,778508.8143,1241608.225,936092.3796,200535.0374,847807.5201,1667171.175,1189055.793,588705.0584,1326544.86,848741.7868,828677.6138,1045415.445,908106.5164,1128506.282,1131642.1,731491.3539,226922.6295,621826.634,672695.7874,619458.9162,1081981.435,899724.3598,863532.9568,788628.9611
Chenodeoxycholic acid,34384.99376,49285.12709,5454.081077,28054.99739,93817.55368,33052.84143,40995.76904,21881.81035,51720.75,26620.93958,88552.49335,41222.72,23028.40959,11401.23952,20191.70379,51601.08775,31596.99558,19522.21223,172266.41,9143.046947,15756.42478,9343.830654,23928.58796,25311.93968,24133.954,18924.85468,26667.55451,1192.93023,39891.02948,40166.20788,20430.3435,128978.0426,114826.9018,48057.03038,20964.22311,5644.480111,12143.48893,31928.2362,7665.15435,15720.36811,101136.7038,13187.74419,5452.9713,23445.21789,17296.21933,22989.64811,29684.04314,45650.36954,95903.74795,165337.2741,13820.01087,4830.395125,51090.38364,5652.032727,12264.47045,14187.69078,2997.705459,39326.04946,5897.855174,17875.03,13577.70228,74225.29994,1370.810294,11074.1015,1016.655535,3848.3858,13399.80967,11945.736,17158.02185,12113.998,23861.52904,4162.532931,6400.91913,115019.9955,54247.39486,17182.2385,14163.3936,16832.1475,29301.71156,23455.03545,9985.5156,22674.8725,26443.88783,5637.786842,12988.98979,5637.745495,16331.67322,17924.40626,8224.095461,23211.13846,23444.34746,28951.42286,9307.233802,12841.18408,40104.23261,9578.28,22777.5715,19604.55742,21438.29884,8569.741765
Chenodeoxycholic acid1,147181.2819,36124.04173,20078.1434,60049.1019,37139.06244,60350.14974,69899.6625,35713.42223,31228.17226,61425.2495,29726.71694,66494.448,25299.67356,11342.99669,17429.36279,17399.87177,25275.49862,23286.23592,46535.64745,19017.49159,31387.24641,17899.72371,27897.99231,16899.311,40047.60216,32568.48675,25448.1955,8237.246685,40586.37912,44214.02077,39779.49873,39475.38767,34325.29963,69504.05184,23802.74305,8871.132111,14730.6652,24235.9824,7425.784922,10805.8524,31185.80944,30007.94538,7544.045793,17910.94233,17875.98231,21611.64918,14689.69922,46513.89527,45277.76607,93688.72444,21561.45525,12294.21732,68200.50363,12199.97612,21132.4061,25330.6524,8709.624263,28356.00806,8954.232923,13615.74554,16707.0625,27871.14738,3398.831105,14614.17018,3288.045818,3529.551231,21409.9266,11073.53867,19689.6425,24642.44868,32318.07185,5170.576917,11264.60231,37569.47465,40625.97744,18837.51692,12016.81058,11588.30972,54396.19378,20770.9436,16461.75811,35593.75137,34043.8175,12785.85552,13382.43865,6218.567152,11823.11804,18634.02946,13912.89424,20770.35183,20700.41627,29024.44885,23405.30636,9187.7048,36497.58195,14003.26346,44987.07903,44913.02143,22542.31789,7307.126735
Chenodeoxycholic acid2,38893.2015,76030.72686,38246.28211,3853.611612,58332.01465,6344.755029,143227.522,25066.037,52517.9655,68566.27085,21587.76044,41279.89478,56416.44289,19331.54408,21330.99162,52342.86734,170800.8041,73940.00347,4059.23039,45786.43038,26354.17649,11721.71933,17083.05555,232151.2045,29392.42271,55811.29028,49734.56969,41273.15122,139838.0253,128755.9748,53106.99979,98975.316,9098.5245,1322.787034,10946.10524,13807.13938,200537.6614,14868.38511,26364.8271,29556.43794,18468.32042,43592.70228,59685.087,9074.852598,24440.15379,85652.23703,40409.03667,99228.295,16899.52889,44581.81489,180853.8936,293230.6275,13118.05311,4259.612993,71381.6295,18527.70645,31249.70874,297983.0201,4058.139167,14691.25647,23572.81562,90057.29583,1134.382216,6532.456974,1727.021934,373.5739871,68179.452,160.1703842,16347.83637,901.0504286,36389.55863,1552.2975,1017.408511,41325.83146,48769.32679,2202.020093,29572.48271,129655.7145,4348.477895,19963.36266,1095.107918,1999.197167,27917.72576,18199.95067,201342.5223,15345.56452,86.89523193,43789.9527,19851.51278,2522.994458,1638.623686,15068.70139,35381.56224,268.2281768,12094.6004,34472.40063,6247.157591,29191.10609,25170.91199,65019.5112
Chenodeoxycholic acid 3-glucuronide,24589.12692,12677.77194,9741.149763,76286.2562,9085.191256,104456.776,61113.16295,6967.061105,62825.79712,37565.55118,126392.3024,340131.6313,7754.732667,14338.86939,123935.1714,147508.1098,88599.50865,10739.01632,142946.4252,63462.875,60159.3868,140029.9226,43350.61345,25410.24809,97459.0812,7302.71295,93439.60736,13254.31049,16675.39665,39246.758,42478.31133,18853.21536,6180.266734,49552.0532,5748.517857,66924.342,48713.27874,10060.90406,27287.62631,6915.60842,28137.22132,55191.10088,32073.79529,155358.1607,56800.34971,82758,78326.04527,10894.53751,13662.32743,15057.99722,55449.83625,40223.49502,86538.14705,4470.277877,120708.2797,35700.47771,41506.54846,16736.21076,74276.55574,122811.5011,17818.99338,70229.49507,336950.1258,55296.745,57851.66207,40200.1705,184346.1244,23399.3882,9122.051448,15635.64828,32038.17104,27521.58831,35913.636,19135.43163,29781.56133,10538.91302,22464.0066,32274.22126,162971.5274,30441.98562,37141.56673,102630.192,55658.59967,212056.704,126651.9606,89802.77895,39455.52441,29338.51456,99605.3206,23468.46323,96178.95336,35237.49606,113340.7559,38897.46188,177755.2313,47703.0027,62749.41283,66415.83385,65106.62952,99809.97442
Cholic acid,2307.213,5487.542818,5292.978,1,3786.321,1,1,2184.832,1,1,1174.9987,1772.704167,5613.098462,2836.9808,1388.374,4339.624929,17871.29143,1,1,2274.485769,1,1,2064.81055,7825.978125,879.8544,2981.1795,1,9456.066583,6835.137231,4957.7972,1,1,1,1,1,1,5640.366375,1,3200.943417,1,1154.066455,3154.1625,5027.387333,1,4514.926143,8095.865893,1104.385333,4299.596833,1,1516.301625,11693.9175,177295.743,2433.108316,1270.3055,2548.328769,2970.759714,11876.48946,11763.45577,1,1892.952857,19701.24333,2657.587222,1,1,1,1,2496.77912,1,1,1,1,1,1767.7682,1,10432.47661,2422.569714,5024.318143,45934.695,1968.656667,4924.395857,1,2012.988667,3620.07375,1,996.9015,1409.265,1,1818.575143,14388.5885,1,1,1266.1164,1,1,1,1,1,3550.967667,2249.658083,3111.689143
Cholic acid1,34993.05575,99581.18661,42145.07546,1717.316476,88028.04214,9383.76138,20528.60704,51334.16896,10246.61324,43101.80405,13166.28651,15684.74778,56936.89519,37130.20256,4726.016812,38199.76387,184035.957,8201.713333,12995.32509,23895.29566,7027.483911,8055.537125,26507.16363,123503.7486,9032.036,25310.4,6231.732324,65624.0891,41026.68959,67351.7806,3474.965299,47408.39775,4533.723388,3616.985123,13965.49215,2546.242487,40872.6864,11960.48621,29653.50303,23074.36842,5139.186,30796.4292,37331.66641,2677.368353,60701.19985,60253.3789,10671.93813,33506.69574,4943.929266,8052.396523,62782.31281,888334.5148,1915.192082,5663.222571,12423.42589,17005.417,51228.86447,87458.90182,963.1340534,10579.00827,59998.0125,14265.57697,1988.475429,2859.065139,7116.564,7954.356667,2670.672508,2745.770143,2524.080264,426.8405728,12847.41671,1471.843593,11075.40622,4633.156111,19269.483,4782.897292,31261.76126,244463.1102,7649.698929,28856.4707,942.2661316,3590.853368,17918.46304,3586.111585,3931.169654,8672.063605,1,8777.89,64031.03216,6720.119617,3070.567857,9960.87313,9111.367009,1091.11713,4661.052316,986.7093224,2947.718489,19525.118,15521.4814,24963.68793
Cholic acid 3-glucuronide,28111.57038,39555.68132,39918.664,25063.35493,16950.03328,50784.08533,44765.52517,12449.01552,26099.27704,58765.2911,30552.01171,197538.506,12585.2922,13674.976,44315.00831,45287.51989,586086.1226,6226.36205,203574.2375,35233.75632,21873.72673,52855.22692,34516.29491,28955.65767,30610.01313,10889.27427,28045.44533,35369.18029,25565.41028,34845.38954,70255.14241,29620.05839,65715.99641,11917.04046,84048.63153,41851.656,30533.59155,94686.75139,139103.6379,115497.082,12193.97908,30958.77442,108027.3327,22180.752,45959.62395,148932.6617,29883.63318,22081.032,67665.50129,195886.9438,19480.80093,72210.35049,67837.61923,23860.5353,27509.15067,61769.96609,25512.381,24960.32357,13952.01763,29849.251,30854.3309,10588.35006,18713.063,30032.66341,27310.88446,19597.72747,30805.26,14069.2014,276862.5479,5750.4475,16586.44315,70352.35404,12908.83076,10143.28146,11362.77773,155775.2997,20513.64551,90362.03338,49428.52121,49591.67561,8124.917478,32825.44885,51113.6352,25776.62676,276047.8778,23436.7817,80591.9695,34960.18489,256934.7878,258916.3032,37001.81938,33344.29608,19765.04463,12698.39421,75747.88078,13866.04199,19018.19326,31447.25029,33598.76286,68473.29883
cis-11.14-Eicosadienoic acid,5434.366625,9747.6572,5651.244643,7569.1,7046.052738,5753.2824,5719.175875,3500.483125,1938.653682,6835.36725,6332.120118,2386.02,2298.087059,6304.355538,8641.201292,3430.183095,3341.768625,2105.556115,4397.377174,3816.395816,2139.809381,2090.334545,762.098,1734.829714,2435.51131,5471.461435,1354.2696,5009.052029,6405.2625,2464.49895,1777.848615,3100.407262,3026.726357,2454.690848,1094.937237,2649.944286,4515.3635,1674.556619,3000.959,1069.728,920.2556,4268.343,4429.732571,1772.497826,831.3878571,1090.009348,2348.2944,859.118,1964.953417,1724.487429,4332.4085,2078.860688,6071.539429,6188.745714,2761.7149,3083.465885,3280.098477,1980.5238,1579.4751,3416.16,1639.21495,1852.285217,3419.34215,2738.739,3605.900229,3800.906818,234.856,1767.858815,943.66448,2014.980929,1385.253977,2391.033429,3088.521238,5093.832696,5239.957188,2334.56713,2420.01313,2397.402159,2348.514643,1663.185391,837.9453,1627.94578,2867.725364,1209.291944,1927.1564,1646.944,4268.058979,2098.518313,2012.977842,1145.38403,3460.5907,944.8908,2392.6145,4004.553421,1808.1292,2234.79,1657.544444,1510.573591,1365.1047,3261.41619
cis-4-Decenoylcarnitine,109787.6501,106266.1037,257000.1796,165772.2121,98726.4927,117588.818,122949.0282,59862.01283,58407.811,83466.4504,140974.1654,92894.14909,53205.93667,74129.88689,74272.57528,59461.532,100436.9746,124672.5084,136719.97,64873.2656,58599.17,307040.5313,51028.17975,72633.08044,201292.2923,127026.8144,31608.859,108364.9693,38012.30567,52140.485,62646.02036,64788.56091,59880.51818,54628.875,37941.48944,134655.1895,119425.44,77899.1655,67493.4416,43170.5442,28997.98312,122488.4325,211159.2686,55193.61175,40354.385,49401.1245,115613.5948,66448.22025,111325.7628,106511.3776,44337.944,95815.59057,228505.3846,141598.2564,235827.1059,70420.354,169015.5573,82979.299,172703.4773,155813.9876,389974.9947,207312.5138,298623.1552,234780.2587,399959.761,797365.7001,67708.01013,148674.5998,62119.03775,231532.2198,100998.0594,421053.5283,185782.1539,137283.1915,211674.3392,74739.46639,69929.12717,124083.8853,401340.446,86516.28856,67236.888,191234.8146,332182.188,137392.4303,137499.9479,45982.26619,295656.8572,189790.0366,80019.37077,100162.3665,194144.2225,110666.6221,30210.80156,119815.6261,127806.319,75743.5767,190620.8886,263180.1593,227377.5026,182586.0823
"cis-8,11,14-Eicosatrienoic acid",11820.68027,15652.01422,6906.704025,12456.44381,10979.15283,7096.032429,7736.720565,8993.0879,4720.860667,10207.692,11042.00352,6718.1976,3396.495937,11568.50435,25384.69071,8053.614,7410.466048,6779.778042,9916.518381,8990.87065,3998.398182,2240.697206,1132.958125,1599.32045,3746.603925,9636.7709,5437.600435,5342.452853,37327.42268,5817.870474,2249.759059,6961.839783,5846.457857,4155.473389,3973.515286,8561.263667,6168.3165,5379.741643,6575.5998,2416.467925,2175.6,15804.82839,8746.728632,3468.896842,2160.121818,6460.424438,2863.69075,2351.236731,2205.166111,2804.91931,1044.738286,925.2207647,23116.17195,18322.99486,7164.6766,8490.7152,958.4667273,3138.281719,3210.975,3974.775263,4488.512368,606.4937187,5418.819368,8099.7462,878.8626875,11175.7712,9314.61163,7277.163714,2487.692921,10576.18673,707.7073,1037.433103,6442.252705,15395.01429,17576.7011,977.6541538,10472.89868,5511.345438,3646.175357,5312.680438,3854.394789,6649.529211,4866.0916,2852.779444,3361.141775,4890.373647,19662.86852,4109.154,835.5051852,2734.424615,9474.494605,2432.49088,3488.825333,8526.128325,3987.677895,5860.232667,7234.220667,3260.506375,3644.616813,15896.46943
cis-9-Palmitoleic acid,52307.6785,62917.33903,99977.50594,52908.92329,54723.71475,22850.55,27778.664,38396.80607,12573.79769,37952.45132,45905.532,21110.02057,9851.36275,65137.656,70270.1025,31482.89803,28674.96292,28946.78718,61527.57543,25820.03613,18197.4408,27542.95923,4226.95,6039.006167,56549.2896,45642.9445,14750.47615,24561.27713,75058.62,17744.6865,10376.55125,36116.0565,21361.87929,27910.44,7927.782,34082.13496,44432.79493,21800.944,52793.6311,8028.655611,12766.27367,59007.725,30211.34353,16948.77075,9973.682778,25217.335,23178.14768,1867.4712,11079.5175,12118.78543,40636.90719,27855.00388,110355.1837,116257.6527,28070.97537,109991.7435,31745.175,14057.35284,13554.23532,20391.32511,17312.13894,23441.97971,25667.24454,69725.568,22378.80202,77639.1712,30495.22369,21403.50507,14738.61588,29029.89238,15880.147,22152.91925,30590.61637,35066.20094,39518.23248,35504.11161,28088.5775,15917.418,9220.925389,11665.335,16150.4235,19821.09104,20004.37762,4821.889286,7273.722111,47845.2625,51242.49741,23882.55544,48198.01589,6226.005,20701.15513,5218.470654,17523.65278,29350.0155,14017.93107,42344.13235,59733.89585,26119.13192,30960.4261,45837.29029
cis-9-Palmitoleic acid1,187482.4179,260122.6472,325681.4922,192252.0551,203853.2513,150280.1111,159249.9819,156569.3356,57113.46,166459.071,243585.5667,105676.8902,41640.50144,239029.6976,313719.912,107896.8545,135689.328,109207.3388,218717.8508,95930.99008,69054.21,132484.8667,18395.96938,35341.6245,334495.7806,230656.335,74930.55302,115670.4025,446040.8585,83990.04105,45402.634,216130.7555,97010.33191,134464.6527,33162.32063,181305.8899,216852.6729,100394.1035,276050.5993,42160.76323,74938.50721,371984.1889,141300.6238,83326.76994,55559.86088,138493.8549,115332.2535,20387.27079,42089.62813,55125.54835,121098.0607,78383.89933,405115.0358,377966.3279,100120.4302,506364.6583,106193.8997,49906.81448,39816.38028,69245.74384,69147.34398,80298.18,102180.7741,322608.5298,69589.40012,394795.4038,101062.9668,97535.78628,55286.26713,110897.9922,55335.33957,104402.3202,136960.1107,167154.603,144386.1282,133744.3282,140316.0226,69998.44415,42866.85276,46510.59632,51638.28457,66764.05875,86456.07681,22370.89725,39216.22913,195505.9783,208295.8679,68597.56758,202415.2097,28248.114,88918.54598,17599.24781,75561.92758,143118.1795,48121.8675,144220.5773,275702.376,126836.8322,147355.4583,186419.5277
Citraconic acid,12433.05833,21145.4005,21213.39444,11508.31942,13785.50149,10665.96629,10063.12472,12448.44018,11688.8785,15497.76,10199.10924,12050.03705,14409.78501,14948.17994,14673.834,12338.57662,14794.0485,15531.68642,14297.6711,13786.75398,11727.09453,12677.67088,18769.86233,15342.29505,24948.96895,17302.11221,12175.69467,13407.3404,12854.00441,14819.39144,12775.93981,16541.96593,11631.07424,10060.80575,12990.01442,15940.97719,11085.06369,14347.6583,15942.46226,12427.62425,11208.11541,17705.24733,19855.17872,15160.90921,14777.15542,11119.35525,13598.88057,14649.42468,11720.63401,13327.23753,180766.0048,155680.5741,182699.2353,173922.3123,206885.5827,179548.8017,162779.5515,170711.0232,119519.2277,169001.0057,174294.4063,206835.8686,176980.3887,163580.6236,166350.347,118209.5615,213973.9054,172953.0632,175517.4947,176532.2508,198079.8242,134808.068,181574.1359,185821.515,114963.6904,156195.7965,190977.8768,165058.9409,158453.5037,179752.4448,204107.4397,200762.3781,223052.3949,152524.5715,243377.9753,208328.3085,168169.5057,188134.8215,186861.5768,178440.6888,167299.1679,190600.0171,212081.8229,193276.2407,187902.532,201293.363,175418.2189,178754.048,192009.0284,197825.9289
Citric acid,1,1,1,1,1,1,1,1,1,1,1,1,1,1,1,1,1,1,1,1,1,1,1,1,1,1,1,1,1,1,1,1,1,1,1,1,1,1,1,1,1,1,1,1,1,1,1,1,1,1,76347.7425,85435.13675,93569.31214,83813.42321,82322.15853,69216.96214,76268.76819,76280.87503,71719.41743,87021.61945,73409.90741,82620.13833,76861.80027,70648.9355,92834.66727,86037.40532,71658.47388,80722.7148,85652.7008,75396.35544,84510.0161,76624.76053,78355.06498,98700.10741,80667.85264,73273.22492,83922.50317,75659.0835,64596.54813,73298.7852,85728.42856,76339.21742,89276.19993,75295.33808,55939.01533,84494.607,76756.30769,71466.90123,76176.84503,74757.68584,67994.77108,98926.81071,96037.63174,79393.48779,100245.7592,110585.0841,103452.4866,77083.47033,80102.89473,89573.697
Citric acid1,1,7185.436111,6183.417,4941.087667,1,1,4618.166261,1,1,1,5148.78,1,1,1,2899.05265,1,1,1976.9282,6889.1631,1,3461.40265,1,1,1,1,1,1,3773.555447,2352.1905,1,1,1,1,1,1,1,1,1,1,1349.38125,1,5926.6751,2216.2644,1,2331.513188,1,3038.361,1,1,1743.7915,36934.1654,52894.7712,54834.2011,51657.84167,41661.326,58439.05147,41599.24467,51662.90122,53207.65203,54014.41663,42563.3725,31545.0374,43140.03411,40345.26,52585.39058,45320.28988,52704.74407,51878.50694,28219.58398,46001.42771,57261.73956,33583.67944,50587.71234,57684.9956,47096.97273,50803.28167,56716.25772,38915.8252,35803.2695,49186.581,42654.70357,32729.98553,40954.923,47719.36947,19366.36554,53922.698,38379.03755,60469.96843,41290.40202,41080.00385,35559.23933,57703.81933,59134.5279,44861.89748,58225.69039,63281.61405,55219.63682,52926.67444,42889.21817,44761.12026
Citric acid2,7921.030045,25670.31644,20537.09938,7558.414191,9958.740261,4763.75946,6202.802115,4873.551193,9368.472638,12677.94783,8085.455,10351.07868,6970.49375,18535.93488,12150.00111,13754.69367,11595.85785,11374.17337,10979.83014,14087.65676,15244.97781,12099.65674,21159.31483,8773.409038,20188.91446,14541.6832,8196.556738,9903.38374,7575.686321,11992.97498,8448.760147,10456.32563,11217.06185,8725.53526,10708.51306,11504.94421,11357.51959,10468.25781,17036.25477,10376.80892,7328.034015,14420.53214,13121.67978,9862.285743,8977.523258,5578.158214,12702.96907,10822.02197,7110.549,13298.1706,3049415.193,2543809.543,2715192.507,2285004.477,3139233.043,2541338.473,2900509.085,2632818.697,2572383.936,2811598.635,2805070.722,2564913.453,2837819.544,2483263.88,2583683.469,3257741.548,3164296.793,3228983.894,2804471.623,2528558.306,2837533.408,2692507.328,3150004.986,3691279.557,2532755.245,2482567.596,2832343.758,2661436.589,2924469.412,2817136.901,3647073.945,2700248.69,3599625.535,2487205.549,2772785.356,3467911.504,4160158.952,3071165.623,2747085.89,4684027.439,3437760.422,4882725.847,2873469.109,3767550.064,4155386.053,3569501.684,2896383.807,4351734.036,3038009.614,3257215.99
Citrulline,18708.59375,1,24588.52,19318.544,13115.41886,14655.16867,10922.2526,28444.95133,16295.22514,31206.35938,15319.182,15372.6045,18271.82025,16657.03125,35824.60844,14240.30125,28635.63954,55394.7444,12839.53,18122.23392,8632.618333,34494.118,19572.11657,27216.86,12661.57233,20944.57679,36573.729,25139.1035,14082.145,20730.76521,30015.00857,15807.4635,23483.55056,21612.2865,20769.16575,24828.41588,13978.71879,16171.48527,31056.78557,22306.0745,18445.64686,16936.22571,14118.81743,17580.8605,24083.2015,17160.70033,12253.0135,32497.09467,19487.385,18129.16114,15182.46288,16536.23255,8099.894286,12612.44413,40415.592,8109.7335,17514.14814,18121.14302,7087.714214,8643.998,15095.916,11578.09139,1,20583.52313,9650.280714,12975.38167,23725.1277,7033.145,22237.30038,10400.31283,12585.986,1,11185.18411,8269.472143,13235.21182,19546.03764,5839.73325,13562.367,18188.35906,16918.77528,13141.59817,11799.10217,8920.942333,6123.227071,48782.88033,10105.6125,39567.24413,1,28368.263,14711.75471,7759.421333,10682.92829,8277.440056,11357.82917,9632.464375,1,11339.1743,13826.51198,7648.475,8354.762963
Cocaine,18207.50337,14707.30218,20002.268,7986.569889,32510.558,13157.989,25820.05714,23942.54375,12082.4798,24445.8999,11841.8685,17793.447,18781.69025,30464.88075,20269.27933,13405.531,13721.466,18386.044,20139.42507,10190.44857,23007.704,11512.2149,6220.352,10973.24727,10196.94,23305.913,12431.30933,33862.21718,26699.0838,8359.155,21038.81656,20004.02977,14144.03293,14135.03178,11038.643,16164.8019,30528.7158,14582.691,14915.65473,17637.09578,14765.62343,30117.39773,41733.22889,20798.96571,20524.71115,29829.45664,9907.893531,12667.28265,28300.09365,20251.10577,7789.128889,11160.81756,25240.8,3160.824118,5709.599438,3583.48,10688.67563,6431.636667,1158.233143,2120.060938,3984.6595,4356.455,5107.011438,4140.396625,5935.201,16212.86911,20398.081,8093.7,3381.829875,4695.91,6151.53,1623.688938,4693.554833,5053.8735,7119.667383,12095.68672,1,2704.0778,5507.740906,1,4271.794719,5021.61475,5111.927611,16998.66491,1,1,3385.2,4419.429143,5203.964071,1,5472.92625,12677.76205,25983.86416,5271.77975,3673.641812,8006.544,4009.187,13358.01862,13360.18547,7393.249722
Colneleate,6916.462412,14117.59073,15854.86935,16906.52757,6295.377188,8966.465923,3835.2655,5654.05925,1,17955.99046,4932.821143,4092.410667,3844.586318,4091.599909,11830.25629,2996.754583,5445.071591,1,5571.600188,1496.3904,3742.1675,3073.506938,8030.960231,6089.399143,6929.71595,1,5301.619893,6185.6495,5424.1705,3218.712,4269.72,7103.681333,3386.478182,1,1,4492.45275,2677.594,2601.00975,4484.8326,2240.077583,1,5965.591423,3585.770125,4308.559687,1973.725875,2535.244,2535.362571,3929.526731,1,4735.763679,7364.2144,9633.987,14176.03083,59931.56531,10637.66344,13432.57563,7160.413938,15509.81069,3978.536714,7729.25625,12861.08877,15912.42531,7387.568056,8721.607071,7865.191,4453.3755,1535.365,7462.342812,22415.89214,5602.288636,2033.883833,3455.099882,1,13590.64868,10952.15962,17042.201,1,11553.4237,8766.0765,4320.166071,3716.899733,7691.547829,18001.80938,11340.99774,223462.9809,17810.40291,30518.92962,11441.72775,1,8146.613,17400.63,6884.694688,12137.74878,1,1,11361.57937,18401.76619,15068.0754,12202.498,5084.7005
Coniferyl aldehyde,12868.24891,1,5740.710438,5537.941636,5414.027333,3312.696,3946.547,5862.8916,4232.375,5569.842333,4787.076923,1,2402.02525,3058.404844,1,4730.190824,6195.178653,5847.5025,7294.474267,3725.843333,4771.389429,4007.748,3938.315333,4439.69,5270.055,7197.920071,3383.6,4081.208333,3364.879,1,4639.513214,4739.736857,3005.453,5538.788125,4650.282,4010.894222,4367.658929,3895.656,4296.489143,1,2990.269,3814.668,3053.7055,5230.509833,2389.626643,3957.48925,8388.942838,3702.402381,2957.167333,3151.511375,5276.645333,4683.800195,2529.8025,2611.109833,3063.979167,2378.021885,3123.697211,4612.914942,1,3641.634684,2451.77625,3319.328133,1,1,4898.2478,4311.052778,2628.6291,1,3311.83125,2224.9932,1,2119.051923,1,1957.2449,2464.573379,2796.660357,2719.722692,2269.191167,4658.428625,3591.155,5557.292583,4315.322,3487.2215,2630.6245,4288.642571,5421.3936,4208.3325,4662.641778,3896.94925,4800.029,4797.094714,4446.291667,5948.606625,3349.539,3446.980568,3934.883571,4027.602222,3080.2669,6665.983333,4828.953108
Crepenynate,6964.919,22283.92354,4778.3904,13278.05221,14467.85654,9170.737412,4926.7515,14352.79248,1,11737.14,3445.6065,8941.799826,1,7409.112115,5799.04785,6120.653,15589.16757,7568.629636,1,5953.365385,5579.478154,1,10757.76,1,4917.8324,5127.551,9029.8215,1,8192.063187,3738.685889,4383.506667,6140.285579,8406.397321,3060.542708,1,4596.4895,5018.214923,6809.867429,1,4753.76,3452.211,10093.35962,7853.726063,9244.276786,1,5865.48,3183.786154,6815.99875,1,8515.952571,12675.54626,1,10067.2736,25052.93328,13568.27604,10741.43622,11505.86565,11642.79916,2229.129281,1,14868.23791,15508.18359,17043.3599,1,13147.87464,1,4774.567455,10060.778,4165.313,8143.11,1,11946.8259,5088.149867,1,8426.485823,1,9725.545556,10831.54225,1,14161.65548,6249.5715,9521.979867,7220.5085,1,8238.534857,1,9804.002333,13259.11001,5295.444,1,10519.13558,22600.36078,1,5502.702273,1,6122.018667,14688.5275,7661.963875,8415.910385,1
Cyclamic acid,4088.590231,5743.158158,36019.65269,2450.304889,1731.629834,25870.85325,1824.085357,3918.645908,18301.49393,2914.1775,7747.538906,1756.563694,10124.79282,20777.73276,30912.57644,5461.10125,10069.943,133753.8534,5511.905835,21016.45963,55277.87257,13234.78001,11805.11755,21859.74818,5863.358173,588.0367562,95040.6231,2414.097438,6467.017867,18937.67553,21609.57361,38989.73779,13026.68783,1213.3125,4932.901079,7646.106176,10562.36329,2740.159643,34135.94517,4835.461692,31464.85645,30532.17917,70800.47826,30725.87986,15375.85342,28014.06764,421.8146361,3043.750533,7110.378235,3223.20275,11836.26863,81439.57516,12399.30827,3994.682045,1962.194328,4413.904,15231.165,15971.9175,18589.22294,61076.34474,163648.6139,15783.9137,79156.12059,55663.45278,23007.52682,5578.30546,35189.75925,39565.01755,8695.8883,1584.847426,5047.3685,30984.096,43.3316464,9930.590477,3041.944235,1765.446131,874.3001224,18.41320888,2416.293259,1438.207532,21729.78106,597.3338233,841.596403,47519.77028,18752.99718,2835.809167,4988.128487,117667.1344,100.0227023,1,1,49163.0226,1227.400085,4975.444136,1886.00931,1817.830891,1310.730204,108722.9942,87161.48,30513.812
Cysteine-glutathione disulfide,6888.971591,34046.63057,1,19080.32188,15734.807,1,9431.576167,1,1,1,1,1,10068.81,10790.30313,1,1,1,1,1,24699.48464,1,1,16017.82533,19388.47675,10042.6605,34218.78363,1,39022.84023,29589.64382,1,1,18054.12288,11938.57533,1,12187.54545,1,10705.79829,1,1,14929.82083,1,1,6481.9575,34064.23854,22393.018,106485.6816,1,40878.17813,1,3443.3285,9612.129231,6161.852867,7464.72125,18922.54613,12972.94091,5386.016,7456.273412,11587.7882,1,21935.11696,31570.19342,5906.445833,3798.715556,8764.72875,1,10797.96553,10136.808,13911.81941,16077.0036,20006.73481,5389.5086,32874.81507,15532.3255,1,11511.22704,14884.90338,4852.7354,21656.89763,1,7930.2855,3071.953294,22104.80638,29586.85827,5390.808188,1,2389.678333,19038.68241,200668.1809,38668.07862,8333.471667,17244.342,13918.55338,7560.204667,6395.68025,11688.07771,29824.71339,23729.58857,16289.5152,14491.1835,14862.59883
Cystine-glutathione,6888.971591,34046.63057,1,19080.32188,15734.807,1,9431.576167,1,1,1,1,1,10068.81,10790.30313,1,1,1,1,1,24699.48464,1,1,16017.82533,19388.47675,10042.6605,34218.78363,1,39022.84023,29589.64382,1,1,18054.12288,11938.57533,1,12187.54545,1,10705.79829,1,1,14929.82083,1,1,6481.9575,34064.23854,22393.018,106485.6816,1,40878.17813,1,3443.3285,9612.129231,6161.852867,7464.72125,18922.54613,12972.94091,5386.016,7456.273412,11587.7882,1,21935.11696,31570.19342,5906.445833,3798.715556,8764.72875,1,10797.96553,10136.808,13911.81941,16077.0036,20006.73481,5389.5086,32874.81507,15532.3255,1,11511.22704,14884.90338,4852.7354,21656.89763,1,7930.2855,3071.953294,22104.80638,29586.85827,5390.808188,1,2389.678333,19038.68241,200668.1809,38668.07862,8333.471667,17244.342,13918.55338,7560.204667,6395.68025,11688.07771,29824.71339,23729.58857,16289.5152,14491.1835,14862.59883
Decanoylcarnitine (Car(10:0)),79624.815,107462.2524,179676.2595,107970.4213,76046.68029,79088.28621,88176.79275,32511.1635,42855.30068,53409.6775,95714.70115,114487.1879,27549.82587,81149.98155,96910.16509,61185.748,66164.97729,124972.0973,148245.8646,36257.79117,47348.72172,235686.449,39134.9136,65055.196,182963.784,70467.61818,22437.92571,116438.6106,19862.52164,42141.35809,47230.2922,67789.45356,43882.39167,27961.96963,18561.77614,87376.8505,71986.67813,58798.88673,81358.16538,44370.16312,19848.88,82574.817,164598.7058,47739.96686,50499.85478,49984.91881,89250.761,32303.432,68266.79345,47325.39679,32491.26169,55674.59733,182824.395,168441.6812,173766.88,49987.72479,102928.1413,51424.32813,258785.3723,106712.58,598451.2793,261887.0804,364131.27,264500.9248,351778.9128,803416.443,65027.7375,118277.8868,77420.84375,105740.3401,42686.78138,304585.4223,148501.1266,55327.87075,197698.7867,60026.6175,64801.49496,92604.69818,260440.852,119572.95,65433.87415,168693.568,199972.5797,98251.84944,107157.1721,49391.281,179418.0868,159142.5027,82593.7035,56025.34037,159809.43,83561.35727,23321.96571,84157.216,89740.5395,85219.88853,142011.1059,232145.496,227000.617,172032.5344
Deoxycholic acid,38893.2015,76030.72686,38246.28211,3853.611612,58332.01465,6344.755029,143227.522,25066.037,52517.9655,68566.27085,21587.76044,41279.89478,56416.44289,19331.54408,21330.99162,52342.86734,170800.8041,73940.00347,4059.23039,45786.43038,26354.17649,11721.71933,17083.05555,232151.2045,29392.42271,55811.29028,49734.56969,41273.15122,139838.0253,128755.9748,53106.99979,98975.316,9098.5245,1322.787034,10946.10524,13807.13938,200537.6614,14868.38511,26364.8271,29556.43794,18468.32042,43592.70228,59685.087,9074.852598,24440.15379,85652.23703,40409.03667,99228.295,16899.52889,44581.81489,180853.8936,293230.6275,13118.05311,4259.612993,71381.6295,18527.70645,31249.70874,297983.0201,4058.139167,14691.25647,23572.81562,90057.29583,1134.382216,6532.456974,1727.021934,373.5739871,68179.452,160.1703842,16347.83637,901.0504286,36389.55863,1552.2975,1017.408511,41325.83146,48769.32679,2202.020093,29572.48271,129655.7145,4348.477895,19963.36266,1095.107918,1999.197167,27917.72576,18199.95067,201342.5223,15345.56452,86.89523193,43789.9527,19851.51278,2522.994458,1638.623686,15068.70139,35381.56224,268.2281768,12094.6004,34472.40063,6247.157591,29191.10609,25170.91199,65019.5112
Deoxycholic acid 3-glucuronide,24589.12692,12677.77194,9741.149763,76286.2562,9085.191256,104456.776,61113.16295,6967.061105,62825.79712,37565.55118,126392.3024,340131.6313,7754.732667,14338.86939,123935.1714,147508.1098,88599.50865,10739.01632,142946.4252,63462.875,60159.3868,140029.9226,43350.61345,25410.24809,97459.0812,7302.71295,93439.60736,13254.31049,16675.39665,39246.758,42478.31133,18853.21536,6180.266734,49552.0532,5748.517857,66924.342,48713.27874,10060.90406,27287.62631,6915.60842,28137.22132,55191.10088,32073.79529,155358.1607,56800.34971,82758,78326.04527,10894.53751,13662.32743,15057.99722,55449.83625,40223.49502,86538.14705,4470.277877,120708.2797,35700.47771,41506.54846,16736.21076,74276.55574,122811.5011,17818.99338,70229.49507,336950.1258,55296.745,57851.66207,40200.1705,184346.1244,23399.3882,9122.051448,15635.64828,32038.17104,27521.58831,35913.636,19135.43163,29781.56133,10538.91302,22464.0066,32274.22126,162971.5274,30441.98562,37141.56673,102630.192,55658.59967,212056.704,126651.9606,89802.77895,39455.52441,29338.51456,99605.3206,23468.46323,96178.95336,35237.49606,113340.7559,38897.46188,177755.2313,47703.0027,62749.41283,66415.83385,65106.62952,99809.97442
Desaminotyrosine,4055.997355,3344.091457,3121.74,2568.113077,1,2831.0888,1987.509571,1582.911,1818.954714,2955.82056,1921.762143,1377.2,3832.159107,3053.991551,3861.22625,2583.039467,2269.598,4914.768,2407.86,2877.876692,2092.015385,5610.3885,2192.262414,1510.56225,1596.519773,1456.407917,1,1791.48225,1926.608143,1763.487429,1,1485.118727,2223.449038,1649.904,1492.9208,2385.91575,1525.164143,571.5605,1839.502154,2915.626929,2942.704029,1849.555556,3026.304441,2813.512933,2049.963417,1887.425545,1978.490813,1368.931714,1963.416923,1853.289286,3410.060063,1658.19,2488.473423,1,3643.06792,1,9982.86187,1,8278.302667,1,1,3043.003,7038.668312,1,1,9161.098143,1,1,1,1,1,7666.031267,11134.38534,2348.061633,2911.008485,1,1,1,2977.438167,1,2563.397885,2872.342667,1,1,1,1,1,3677.329125,1,1484.520333,3104.26875,3991.726655,3041.986,8422.474,1,1,4900.033325,3598.383289,3856.390667,1
"D-Galactaro-1,4-lactone",278140.3554,550411.2648,463124.933,273529.7147,307464.9788,226739.5298,186024.5418,266790.9535,297882.954,374935.962,276663.3326,311703.8864,324430.863,411225.4629,366834.1659,354779.7992,398517.6124,310394.0427,320952.7663,407041.1325,400501.3114,298955.553,485804.2895,242433.9988,527598.5242,383370.5153,278636.3581,298514.8484,268065.025,349260.1384,273261.6357,411745.4517,351719.9929,271254.3368,281360.4048,415727.0209,2927.183625,356490.7324,463339.5895,295726.1771,267723.2725,352601.3671,420241.2808,163351.2118,310635.4473,269872.5791,204494.6147,340719.884,274214.3702,400603.8422,4703568.216,4482385.308,4969001.499,4296033.939,5294387.947,4752413.373,4211915.335,4750117.083,4535027.795,5102203.546,4379298.142,5143704.203,4946186.433,4265128.313,4205021.508,4960265.585,5530606.534,4520993.757,5259435.802,4624912.835,4961521.418,5430596.586,4939561.866,5312541.455,5242440.596,4232724.111,5120052.627,4719592.36,4428675.84,5181766.802,4826111.769,5404038.477,5035492.28,4643887.658,4725379.177,5174283.52,4995852.976,3823338.771,5276421.595,4936410.479,4534865.118,5823125.082,5407888.296,4815592.411,5065986.919,4961159.758,5048250.365,4802425.478,5324094.974,4894383.845
"D-Galactaro-1,5-lactone",278140.3554,550411.2648,463124.933,273529.7147,307464.9788,226739.5298,186024.5418,266790.9535,297882.954,374935.962,276663.3326,311703.8864,324430.863,411225.4629,366834.1659,354779.7992,398517.6124,310394.0427,320952.7663,407041.1325,400501.3114,298955.553,485804.2895,242433.9988,527598.5242,383370.5153,278636.3581,298514.8484,268065.025,349260.1384,273261.6357,411745.4517,351719.9929,271254.3368,281360.4048,415727.0209,2927.183625,356490.7324,463339.5895,295726.1771,267723.2725,352601.3671,420241.2808,163351.2118,310635.4473,269872.5791,204494.6147,340719.884,274214.3702,400603.8422,4703568.216,4482385.308,4969001.499,4296033.939,5294387.947,4752413.373,4211915.335,4750117.083,4535027.795,5102203.546,4379298.142,5143704.203,4946186.433,4265128.313,4205021.508,4960265.585,5530606.534,4520993.757,5259435.802,4624912.835,4961521.418,5430596.586,4939561.866,5312541.455,5242440.596,4232724.111,5120052.627,4719592.36,4428675.84,5181766.802,4826111.769,5404038.477,5035492.28,4643887.658,4725379.177,5174283.52,4995852.976,3823338.771,5276421.595,4936410.479,4534865.118,5823125.082,5407888.296,4815592.411,5065986.919,4961159.758,5048250.365,4802425.478,5324094.974,4894383.845
D-Galactose,5451.755238,13527.90417,6376.693167,4405.0354,12499.8666,7197.741048,14342.62029,11284.92172,10232.0009,10001.89709,6810.59518,10153.14171,10301.93696,5444.1322,4765.475859,5796.020938,13764.1258,3561.815337,10662.7034,14529.46266,11689.356,4423.818,13215.59535,11715.99638,13076.87333,8716.5738,9948.000913,33133.4523,37323.84514,9559.866227,15546.42744,9711.143684,8083.347891,9960.584405,10929.19568,8866.634,12518.74504,7314.3495,4658.602444,10254.32356,13281.25795,7217.492283,51171.58578,28694.96072,34806.50165,31830.61274,7482.218,10113.78086,16689.99352,10985.81862,2832.604704,5940.479945,798.342,7228.127863,1163.42625,29287.10163,2385.3089,887.3512895,26919.42579,1129.625471,1228.611429,1170.431363,948.2790057,16369.2271,9262.328793,7942.72799,26714.52513,6840.355068,2193.039225,1991.105156,1214.094571,1305.728889,5495.186087,1795.68288,2494.971833,7837.208053,1333.811048,1441.027604,3017.29975,3029.848974,5336.254187,8139.990837,7959.717525,35932.24315,13679.76283,1590.336,5532.300313,1214.273197,1899.666119,4096.212795,19512.64467,44384.36368,31495.82801,6301.666608,664.458235,12622.015,981.1547023,14804.7672,7512.401059,1251.469785
"D-Glucaro-1,4-lactone",278140.3554,550411.2648,463124.933,273529.7147,307464.9788,226739.5298,186024.5418,266790.9535,297882.954,374935.962,276663.3326,311703.8864,324430.863,411225.4629,366834.1659,354779.7992,398517.6124,310394.0427,320952.7663,407041.1325,400501.3114,298955.553,485804.2895,242433.9988,527598.5242,383370.5153,278636.3581,298514.8484,268065.025,349260.1384,273261.6357,411745.4517,351719.9929,271254.3368,281360.4048,415727.0209,2927.183625,356490.7324,463339.5895,295726.1771,267723.2725,352601.3671,420241.2808,163351.2118,310635.4473,269872.5791,204494.6147,340719.884,274214.3702,400603.8422,4703568.216,4482385.308,4969001.499,4296033.939,5294387.947,4752413.373,4211915.335,4750117.083,4535027.795,5102203.546,4379298.142,5143704.203,4946186.433,4265128.313,4205021.508,4960265.585,5530606.534,4520993.757,5259435.802,4624912.835,4961521.418,5430596.586,4939561.866,5312541.455,5242440.596,4232724.111,5120052.627,4719592.36,4428675.84,5181766.802,4826111.769,5404038.477,5035492.28,4643887.658,4725379.177,5174283.52,4995852.976,3823338.771,5276421.595,4936410.479,4534865.118,5823125.082,5407888.296,4815592.411,5065986.919,4961159.758,5048250.365,4802425.478,5324094.974,4894383.845
"D-Glucaro-1,5-lactone",278140.3554,550411.2648,463124.933,273529.7147,307464.9788,226739.5298,186024.5418,266790.9535,297882.954,374935.962,276663.3326,311703.8864,324430.863,411225.4629,366834.1659,354779.7992,398517.6124,310394.0427,320952.7663,407041.1325,400501.3114,298955.553,485804.2895,242433.9988,527598.5242,383370.5153,278636.3581,298514.8484,268065.025,349260.1384,273261.6357,411745.4517,351719.9929,271254.3368,281360.4048,415727.0209,2927.183625,356490.7324,463339.5895,295726.1771,267723.2725,352601.3671,420241.2808,163351.2118,310635.4473,269872.5791,204494.6147,340719.884,274214.3702,400603.8422,4703568.216,4482385.308,4969001.499,4296033.939,5294387.947,4752413.373,4211915.335,4750117.083,4535027.795,5102203.546,4379298.142,5143704.203,4946186.433,4265128.313,4205021.508,4960265.585,5530606.534,4520993.757,5259435.802,4624912.835,4961521.418,5430596.586,4939561.866,5312541.455,5242440.596,4232724.111,5120052.627,4719592.36,4428675.84,5181766.802,4826111.769,5404038.477,5035492.28,4643887.658,4725379.177,5174283.52,4995852.976,3823338.771,5276421.595,4936410.479,4534865.118,5823125.082,5407888.296,4815592.411,5065986.919,4961159.758,5048250.365,4802425.478,5324094.974,4894383.845
Diethyltoluamide,2041.498062,2785.8786,3602.26275,2519.023625,3088.155625,2158.225714,1,1,2634.630553,2409.434176,1,2049.238714,2733.976194,1300.9536,2678.369538,3102.988867,2427.297615,1,2625.173667,2345.3127,2423.389833,2595.447375,2424.852857,3122.13875,1,2150.616,3371.855083,1,1,1,2800.16,1926.0228,1811.914667,3403.99125,2130.078417,2175.652571,2709.933714,2189.882857,2349.751429,1602.83125,2586.601357,1997.601429,1,2576.508,1842.384,1,2849.38675,2069.886,1,1,4178.824318,4439.5425,4600.388974,3416.113167,3088.374545,3194.6425,3515.210308,4474.083833,3277.196,4194.249643,3853.5312,2780.158667,3817.80875,3010.168,4015.4375,3347.897929,3436.136308,3402.89125,3067.500417,2162.676,4129.7335,2639.236562,3008.818313,2520.557,3482.132383,1,1,2676.790833,3562.051875,2699.211667,3452.854167,2623.376,1,2533.8121,2822.483583,3942.801,3801.016786,2614.266417,2694.447,2879.9712,4128.2068,3871.271143,3951.925714,3655.8445,2981.311143,3113.3882,1,4005.430857,4772.289071,4182.621214
Dimethylglycine,1,1,1,1,1,1,12300.2064,5084.350833,1,4525.5492,4441.975909,1,1,1,1,1,1,14076.414,26603.98607,1,8248.294,3865.5603,2133.6357,1,1,1,1,1,1,1,1,2835.977,1,1,1,1,1,1,1,1,1,12598.28645,4440.5745,1,1,1,1,1,1,1,7558.517333,1,17640.57395,6410.076583,7640.696333,1087.1448,1,5741.102857,4856.984,3045.940611,1,11129.1013,14969.39306,1,1,4829.7715,5498.46225,11437.8444,7379.819727,1767.8436,1,1,938.1312,16020.18352,5331.607793,7765.009524,3825.814235,3335.021929,11521.2079,1,1,1,4968.992,2814.553182,34770.82727,5902.54,7954.628714,4520.425105,1,8584.115685,1,8066.07725,1,1,12224.10607,4829.738889,5308.689857,4508.568429,3404.576429,7614.463043
Docosahexaenoic acid (DHA),190172.1736,305514.8585,195881.3397,278785.8234,275622.2658,67142.04505,83241.25755,132825.4416,73885.43036,138210.9391,68800.8475,64422.8991,70199.6616,119891.8228,318482.716,79637.8005,51172.89382,62632.69982,107638.2079,63212.86229,66993.89236,47539.2789,15388.64869,20951.36261,71837.02145,89214.895,48801.31009,62509.6461,177112.5401,35858.28705,33178.55417,82721.34062,48833.24975,57095.77745,25887.29733,47594.66775,70819.595,55852.248,69529.09583,27783.0425,29972.48917,103376.0994,139392.104,41982.9305,31856.178,37844.7132,38374.62585,18140.10489,37328.1799,41443.53778,108368.7288,151557.1941,251883.1887,229450.7369,72122.66,86858.22083,164863.1257,95027.98756,39471.6795,50710.48571,69200.62875,90611.53053,70640.92875,72585.2904,70530.015,181484.7574,131553.3353,38213.593,49384.335,79434.55523,100466.3876,69232.04646,51553.3878,131592.489,102366.5537,127416.5315,72940.5196,75384.73312,46771.3494,34348.19647,37825.18575,56798.74943,67964.47125,57571.19025,66558.22118,55367.95114,112739.4922,52417.63023,43662.58875,28770.94415,107792.2463,49889.87675,129720.2092,98916.95182,39756.22285,93249.01125,131026.7327,85061.536,76027.10868,60698.04273
Docosahexaenoic acid (DHA)1,249892.0691,357033.8956,218921.7943,348208.6247,328078.119,215896.2943,202357.0024,193956.8004,111647.8791,238941.2957,200122.0603,163570.7771,128886.9403,198064.2696,510981.9263,138403.1369,110597.168,139795.9657,201185.3776,113655.5613,123761.2144,109141.0183,28240.4624,65547.36398,158210.7205,183584.4187,96181.33724,115818.4112,384911.76,109127.8644,81297.98256,211734.9459,131606.3843,148004.4094,61398.939,100367.7288,204071.4858,141172.9676,179879.2251,83087.82526,75658.6621,234807.5006,293386.8029,111607.7295,106172.1004,105806.6462,104566.5072,50225.68757,104159.252,108161.6951,131062.2639,193995.2457,321729.5062,222682.3774,117811.9927,142184.8131,217836.5933,142002.0891,61562.42999,83599.25813,112924.2918,140611.6502,122985.2323,139236.5972,129480.3047,286327.734,197519.5547,90106.75036,92382.73725,126229.9915,144113.3286,106950.264,99872.77495,217267.4023,214052.3688,177778.0539,126852.1472,128087.71,95097.119,60764.18662,60939.28397,103151.0181,121119.9884,132101.6829,116736.7766,102515.5116,200907.9086,97369.39894,79178.33629,53568.81177,167727.3312,78037.17389,220138.1776,201108.013,64287.22819,118786.4275,212339.8246,146220.5439,157197.7809,96867.66222
Docosapentaenoic acid (DPA),68943.09024,130651.1636,62185.35643,107877.4536,111198.026,50522.89132,50094.13314,54609.14192,19376.08359,68763.67064,54204.2135,46479.03896,26081.661,112631.4121,252280.17,42371.70682,43398.40267,31787.57867,106321.0182,45584.14632,29362.72393,24882.3838,3364.934375,12709.28925,43223.0448,56228.28774,37220.9082,33343.875,268175.0611,28384.29033,10277.41023,89838.69519,58375.79615,33486.08705,16938.36282,60678.57964,48893.14976,45828.01737,79916.07975,15333.7128,9396.637545,109639.3615,141513.1879,10734.4185,12224.69456,28663.80018,20530.67333,8043.442696,20063.93226,18125.125,111414.3862,46783.52781,189602.7914,105121.8895,35535.93018,62111.5033,76302.44305,35474.9251,20019.12228,22011.184,45089.1472,29211.36691,52940.69056,74754.125,157.9401257,109152.3809,46045.34625,40368.43082,18899.53515,19774.20215,35929.31918,22654.72771,39926.12527,105837.5277,175658.3415,95353.27806,48602.0454,45824.53278,30390.294,30594.24433,14598.39436,47228.461,51068.35685,23866.76294,27129.88235,24229.66162,156400.9536,38907.09038,21020.56283,11807.16032,113883.2017,7919.70705,18592.14358,82037.5994,19681.97595,49292.92407,44219.9358,36845.18,30935.77572,80044.2675
Dodecanedioic acid,5082.095357,8802.671065,31851.99075,6227.741389,6485.666545,4832.308875,4202.166316,2922.132,3780.490385,4642.985276,5055.987176,4281.47425,5255.537857,5246.513562,11144.244,5433.74376,5907.052364,782.4706596,3221.405133,3834.978347,14736.45422,3995.622348,4880.995519,2426.244167,5218.261333,4444.280921,10187.42467,3389.277,4524.739125,4821.007844,4648.18347,8731.842,4884.920757,3107.437833,3646.024158,3187.9615,3575.386286,2627.019,5085.853889,2974.713333,3901.323579,4040.79765,6337.496667,4253.077444,758.8343856,4580.389037,4007.604288,5960.579375,3220.332938,6812.848017,5122.583647,5111.483908,4367.5015,22677.82907,14630.60495,2122.17806,2584.182802,3229.962136,9808.887187,2561.394533,10495.88703,7528.16937,5890.899421,5300.069757,7883.776083,3796.1595,38302.12758,4118.621591,6558.298034,10089.81463,2477.493,4692.472214,4521.490214,3131.602286,4868.703333,3168.89565,9011.7014,6120.375625,2963.366545,8746.018308,1587.329659,19749.43634,6671.8155,2354.427889,15397.80522,3210.467,10774.40967,3672.55375,2629.53825,3239.822405,4920.803786,3414.681556,3420.934688,4228.344167,6098.086725,5137.158,6592.3855,7319.048333,8453.6355,4171.13544
Dodecanoic acid,31497.62334,50023.67014,173291.3937,37570.80667,44932.81622,27527.12921,27171.71086,31414.6503,25375.18765,29376.93315,50040.39514,38219.47318,19031.86616,30825.16473,72742.9927,24655.818,28982.46931,26717.81667,18925.17136,18233.40239,23579.633,14913.23333,23204.90782,16346.10513,19044.08274,23582.69592,29087.14958,40014.52039,62952.83968,22257.76733,21126.43095,82352.66671,49777.93765,27180.30236,20446.45179,22053.39059,25766.71991,21527.38877,28878.6521,14687.9512,29950.64958,28821.61051,27239.59929,21330.35422,21111.54429,27190.42273,23188.74269,16748.77305,19002.03663,17750.6342,44973.96829,28711.81991,29390.813,71091.83835,32823.62201,43744.32093,48498.83537,30700.41,25598.32659,30680.06694,36616.17838,28236.59772,21336.532,28629.44237,26197.91174,30272.6878,37517.93411,23534.5226,20719.32248,26572.40565,26448.81069,26168.59143,28908.21078,23309.07627,54849.24891,24066.02061,29052.66725,17564.05137,21531.48347,26228.564,26688.31982,26758.70795,21277.27524,17559.51293,22577.32467,24240.91664,41637.17969,29826.62664,37648.18534,17479.416,38951.01,20938.32033,26740.64712,29885.5217,20016.532,27374.06404,42390.57357,29364.21477,25755.79767,32531.9439
D-Ornithine,1134.24,1676.102278,1,1129.0185,1768.791,2079.2764,3277.254444,3052.4832,1919.79025,3049.031444,808.7827857,3260.5524,2261.339444,2452.332167,959.975,1190.403714,1796.73975,2782.169333,1,2613.533045,3448.1915,2989.419231,2408.4557,1933.467938,2380.29625,1989.667,3445.4008,3463.516,3766.523056,1979.109188,3879.263318,1213.809375,1,1187.5495,3115.737455,2418.0084,1432.883857,1198.8695,3229.405609,1856.379,2446.0911,3222.3334,2878.9725,2192.833778,3798.534227,4719.754125,1,4196.876864,3859.575417,2022.03605,1040.434,1,979.5169286,1641.317,1069.638,1,1,1,1,1,2198.3355,1,1,1,1,1,4273.6444,1,8027.903875,1,1,2001.899222,1,1,885.3620386,1,445.9803906,1010.7328,1,1733.857563,2607.718611,3135.289909,3912.1284,2589.706444,8277.709846,2275.84,2038.2755,787.574,1532.436429,16210.64429,1,3498.03475,1,1,1447.676389,2464.4186,845.5978125,1232.544286,1,1
EDTA,21947398.04,27579491.92,23217019.24,24064847.06,26068559,27034377.82,24654684.29,20943484.01,24461039.36,28762265.6,19427754.71,20291311.48,25015428.18,23880617.18,19529535.59,22833820.81,26263599.49,16329790.43,20264710.45,21288480.91,20723042.66,18950245.11,22060510.18,21067944.99,18378772.32,21864793.06,22519674.63,22231317.07,25791462.23,27215856.21,25388825.25,21655964.64,21498528.35,24375952.09,23757033.27,21124451.43,21248630.57,19120237.24,19338315.57,19804399.49,23802401.42,22321707.39,30837774.66,21251500.83,21117170.69,25082127.09,22056210.72,23851987.93,19611842.36,21474149.18,222129.7686,92722.27067,28890.34922,132195.7586,75136.11011,44936.14621,26015.23804,9669.5018,5288.928833,1144.491333,34268.7708,93392.53088,34005.18412,63996.00448,10135.33591,18393.2727,5282.5346,11856.024,14818.41225,8998.06335,5312.206278,75635.8708,24085.36547,33306.2976,44650.60153,2728.95,3121.140563,75890.9106,5673.1334,29303.33793,23884.74675,11978.04045,7881.310125,15120.52092,20585.0253,4771.73595,67312.66641,6861.036,1,1,84161.025,23856.28531,80360.46346,64350.47891,12541.43856,39199.45848,8723.730417,10385.86963,38089.36585,8064.17413
EDTA1,25578414.87,30245693.59,25165839.65,21764722.55,27792497.65,29089324.41,30268368.67,24706363.82,25966906.43,27616161.85,23608671.37,25160088.46,30566386.36,28259187.6,24667607.07,26664920.22,30594852.14,19892117.42,25790566.07,26679887.12,22595096.57,20731353.23,16207354.47,17231663.29,23937530.68,26372967.41,26158771.48,22631700.96,30979037.51,30079230.34,29857551.76,18570160.84,17942415.87,28449784.77,26686197.61,24909650.94,25641192.98,23290472.86,23241151.92,25041181.47,26417512.32,27328814.47,30901975.26,26235367.94,26426505.35,29810089.33,26267651.54,27961986.79,25908939.95,26512383,125519.5195,58559.05232,34342.6668,99254.6024,124157.5907,38830.28079,29411.96083,6277.293167,3053.994109,21885.27253,66698.65486,96140.4056,56027.11556,51927.458,21391.14888,13777.0693,15433.84875,15576.18314,33808.69985,24642.5244,5931.888729,57347.47882,31460.20887,35765.41717,4119.43,69369.61498,27934.13655,57374.0685,8419.5735,16388.60208,29623.33044,26815.07691,23986.99975,16527.25325,64617.7272,10367.55381,63174.33821,13899.13923,49890.8555,67949.26122,74417.2748,18223.30475,59753.73381,41407.56858,36298.64048,34666.0992,59053.01132,30782.59445,46671.17286,36612.46286
Ergothioneine,1,1,13119.894,1,22305.8444,1,1,11923.3826,26295.489,25414.308,1,1,1,1,1,1,1,1,15034.24957,6559.4416,1,7335.869,1,1,6154.0116,1,1,7529.1473,10624.932,10647.02427,7740.759,1,10984.08055,12515.8595,1,1,1,1,1,7887.143111,1,5746.9042,10598.0076,11899.92375,6969.72,12116.458,1,14064.5505,1,9450.03125,68767.5873,1930.737778,11228.86889,4634.327778,13113.75433,1,7326.9155,1,1,13928.42205,9382.2375,11748.06646,25230.99906,1,11267.02731,1,24314.0016,7079.23125,1,49632.92145,9110.398091,9437.615,1145.52,2003.632,11720.34431,11319.81695,12196.11806,15355.48996,1,3270.662429,8787.2236,12318.60143,11348.95556,33945.318,1,1,3496.9545,13897.65014,5253.477692,27485.41023,20606.17365,7667.861222,69193.44464,24432.56232,5365.7337,1,8508.490667,31493.18277,32193.10964,5465.1498
erythro-3-Hydroxy-Ls-aspartate,3353.660119,15208.88122,6905.320889,5582.935217,1,4658.840167,6744.32276,4570.8642,2710.433017,4928.9787,6038.854185,2710.951071,4159.350667,3310.401811,4629.764706,1,1008.71785,3765.364159,8729.84796,1969.438462,5717.054368,1,1,3018.928423,4512.798,2925.087786,3550.59375,2463.706559,3841.637625,2883.783462,1,3965.4285,2290.738077,1831.954688,1803.338,1,4355.172286,2346.358286,1093.456618,3353.748211,2079.821045,7167.802857,1741.961412,1,2671.993731,1,1,1392.668667,2334.527708,2929.100462,1292.81315,1005.995,4201.691205,1,1,1,1,1,1,1,1,1,2408.964318,3025.276605,2097.337737,1,1,1,2442.744,1,1,1,1,3770.674,844.2290006,3151.755077,1,1,1,1,1,1,1,1,1,1,3784.750958,1,1,3067.155712,2189.293333,1,1,1,2706.373846,1,2436.200583,2669.547068,2036.632217,2337.908879
Estrone 3-sulfate,1252.454585,13855.10378,2831.2565,2988.038111,1462.261106,2560.020269,2265.568227,417.6968304,2055.510844,2213.125618,1636.106357,1755.55292,1395.664839,1261.978421,1495.181289,553.679567,795.3882266,1326.103682,2928.944071,1711.638203,1331.431369,876.7794291,1123.298603,2054.227,2187.997417,1444.4816,1984.420567,1689.512,1234.309517,1679.303179,1554.732667,3701.829,1367.674607,1407.778274,637.1471521,1605.398113,682.5887882,1030.4213,1249.350667,1503.914824,918.6123625,620.6150068,1148.191577,1560.47358,954.2860107,1275.990149,1185.050588,1521.0232,1005.101696,897.6716299,250.0291454,2194.4835,928.3949444,4542.546667,5733.7584,517.9676429,1882.715625,1784.9832,2200.305556,2091.168,4169.222556,2455.4655,3131.31,333.0982258,485.7956577,700.0236027,63.08905486,186.1649369,2409.060889,18532.90917,244.6626094,2514.521,3816.7065,4636.74375,10563.10327,2242.1952,1153.5095,28371.17983,1905.082031,592.9478083,487.9140687,780.0126436,4754.88195,3396.72525,9953.401091,3237.6625,118959.6135,2649.370625,1529.3136,5985.358889,863.5583466,1290.499,3730.879875,1239.202313,872.911,7597.162722,1412.692286,3999.345,4118.4642,217.8727447
Ferulate,1,1203.732417,1,1405.6962,1514.902594,1,1,1,1479.06,1,1,843.2556,1,1,1,1,1,1,1,1,1,1,1,1,1,1,1,1,1,1,1,1,1,1,1,1,1,1,1,1,1,1,1,1,1,1,1,1,1,1,4216.540812,2731.465333,3577.532523,3315.752,3434.4125,4480.203294,3869.103,1,3044.813333,3669.873333,3243.822214,3212.881438,3988.104167,1,4119.644571,2918.752,2260.006857,2544.116917,1,2291.535714,2837.090667,3006.74,1698.2136,2354.09825,2784.070938,2903.782429,1,2789.980286,2313.141429,3216.68575,2850.6,2028.43575,1755.072,2533.5156,1,2348.568,1,2458.768929,2163.926,1,2975.564167,2650.549188,2456.4145,2940.4841,2924.205167,1,3024.374,2782.637,2288.384333,2684.986333
Galactose,5451.755238,13527.90417,6376.693167,4405.0354,12499.8666,7197.741048,14342.62029,11284.92172,10232.0009,10001.89709,6810.59518,10153.14171,10301.93696,5444.1322,4765.475859,5796.020938,13764.1258,3561.815337,10662.7034,14529.46266,11689.356,4423.818,13215.59535,11715.99638,13076.87333,8716.5738,9948.000913,33133.4523,37323.84514,9559.866227,15546.42744,9711.143684,8083.347891,9960.584405,10929.19568,8866.634,12518.74504,7314.3495,4658.602444,10254.32356,13281.25795,7217.492283,51171.58578,28694.96072,34806.50165,31830.61274,7482.218,10113.78086,16689.99352,10985.81862,2832.604704,5940.479945,798.342,7228.127863,1163.42625,29287.10163,2385.3089,887.3512895,26919.42579,1129.625471,1228.611429,1170.431363,948.2790057,16369.2271,9262.328793,7942.72799,26714.52513,6840.355068,2193.039225,1991.105156,1214.094571,1305.728889,5495.186087,1795.68288,2494.971833,7837.208053,1333.811048,1441.027604,3017.29975,3029.848974,5336.254187,8139.990837,7959.717525,35932.24315,13679.76283,1590.336,5532.300313,1214.273197,1899.666119,4096.212795,19512.64467,44384.36368,31495.82801,6301.666608,664.458235,12622.015,981.1547023,14804.7672,7512.401059,1251.469785
gamma-CEHC (gamma-Carboxyethyl hydrochroman),4723.814727,3306.116639,3089.43925,1560.4355,4289.449446,2473.956184,10868.47694,9251.75581,1818.938438,12218.512,1870.682325,1905.475199,14295.14756,3847.927125,5278.891909,3229.639995,12622.31671,6035.793796,1511.552948,8281.953858,3385.783527,1617.517119,8420.523429,2587.379167,1848.530003,3056.429318,9630.823,5812.391813,14201.88,16876.04406,2293.367303,4431.509333,3552.370105,6134.420607,14603.32326,4421.973889,4141.063688,6739.227845,2832.32695,8277.255,3774.103112,1673.289,2496.757136,9305.965667,3532.930221,12615.5282,4102.150625,14160.201,4805.724,25678.10968,1853.517127,1898.107941,3995.31675,3363.15107,2027.364055,9329.154833,7658.215601,10630.80725,6720.652593,5606.001423,9544.567667,1423.020833,2131.101692,2926.112173,4503.28725,1764.634314,3482.899006,2044.799857,1155.721525,3034.330444,7182.132,7752.551188,6548.625033,5056.7418,6523.422772,1773.197042,2979.477273,5250.263237,3268.206667,8844.300667,7565.777635,2298.362359,10913.4025,7307.195357,5418.338423,2064.774378,30446.28639,5276.488,4141.160444,14904.207,186.0056351,2625.487029,2406.314163,2773.86308,11656.90127,3653.63775,3754.905143,4978.926,5813.919975,2086.041151
gamma-Glutamylglutamine,12479.61,24710.448,1,14067.0684,16251.524,10975.2237,16929.42708,19877.2015,6687.5484,22825.8661,1,7335.3636,9105.260182,13956.6327,8494.5861,11009.7357,19274.44275,1,6363.5517,18767.7763,12490.51133,12741.8966,17062.316,18695.74958,16710.2685,29468.405,1,15825.0416,13905.7752,1,9662.7488,16922.02167,10974.2688,1,24280.47917,11766.9696,13102.688,14334.10175,5592.0769,16767.59917,10367.2816,1,5406.316,16608.5568,13741.57225,40791.77758,1,31295.3035,1,1,29534.34929,10589.3255,32605.17818,24191.91205,17238.85545,14217.419,20381.4,21752.92167,3913.75375,16423.08727,48173.61896,22707.99861,20015.5512,15386.0376,14656.43046,25213.308,4096.368667,33088.5348,53064.91,36923.66475,17071.57127,36745.8836,26425.2,19923.743,23514.20929,40513.0425,10628.58444,33346.3144,8889.658333,17452.125,11028.063,18564.84056,42507.925,1188.9234,255887.9771,7987.449889,40467.38743,130660.4519,81793.6665,45397.70667,56861.61818,7552.716,1438.2613,9519.340167,12372.328,30170.8296,36723.82582,23825.70488,25403.49955,25003.60195
gamma-Linolenic acid,293407.1284,305357.9822,651455.448,646682.1705,481673.4508,249388.1962,226990.0705,370405.2378,131800.0152,545652.174,320705.784,139004.8552,137810.0051,358279.9666,258452.2112,133148.875,398036.9589,211762.9109,242860.0499,335260.565,179602.2985,117035.6096,67515.76714,77076.4005,196082.1939,301217.9494,247052.0721,352593.483,553274.644,130613.5369,133122.522,377336.8192,221637.4957,285247.1469,50882.28857,220738.1469,172700.9399,174042.2101,234398.7521,72828.00646,72009.8043,381550.6515,238405.7167,257128.606,100108.1252,84933.25425,144931.4994,58606.30618,97763.88753,213061.6718,936426.026,636693.4585,1514326.328,642769.5198,212714.922,745784.3468,583591.3694,361816.9877,65822.41571,155759.5624,344290.4368,215949.0194,311293.8416,649496.7127,398794.348,875164.663,298567.5411,391427.5872,54864.05114,327033.9656,444242.1241,271835.3388,354695.1766,652606.5293,476915.2613,1054504.164,245895.6503,227966.2039,295961.3911,257736.9437,117622.8194,190458.9341,450219.9934,88323.08203,95545.405,79925.2025,712568.367,314014.2202,308345.1204,57888.04125,377906.6758,67853.37831,173250.1158,299750.461,158832.9835,172752.6536,473038.253,216228.8775,217713.8871,202517.5501
gamma-Linolenic acid1,240720.6411,236235.826,444074.0265,486546.0948,334181.025,241603.8055,215164.8164,263380.39,86546.69623,426109.7006,300702.7975,125942.9561,126342.3163,300928.9333,255259.2541,112915.6409,438134.728,186859.8151,193108.3485,254170.5963,133667.7071,111540.7826,58158.957,67600.83781,195284.7893,249575.2515,247296.5227,339596.9317,701877.9437,130311.1321,117745.9605,375900.4141,224781.8772,276479.0427,71383.57104,233084.8681,171730.3125,176006.8473,212774.4908,73234.96889,98032.86184,362207.4696,256319.665,227620.9875,108755.145,152894.0213,134875.2072,63392.73164,98872.83283,156141.63,712169.9328,483690.4672,1122959.66,471280.5439,142303.9606,562013.54,420181.9157,250085.9904,46597.55738,100124.8651,230117.8614,127238.8449,234044.5598,519400.1311,316043.7881,779277.2388,209544.247,384588.0533,38283.98337,224338.912,308045.19,148334.5667,283801.5096,486714.7699,1105059.481,170270.1884,173811.95,131522.9176,210392.0114,176104.1154,103300.1766,125368.1286,328177.1601,64429.625,65692.602,51323.14284,655621.4939,213255.0469,215449.7257,35298.03464,282485.0082,51730.17917,130280.113,268643.4879,99432.60113,122994.5839,337916.4923,157752.6366,160151.8948,153870.9365
Gluconic acid,22470.196,12986.04328,94064.02942,21955.2355,25286.282,18606,20848.88261,23607.30567,22341.2646,27970.8024,34511.596,29122.9716,25997.499,33888.87436,59811.31275,24419.74365,24083.71444,164588.004,15605.02917,15924.47494,34409.05909,103045.9471,21926.02267,43824.84409,43948.27273,17441.7625,27112.147,43530.366,27974.94255,16147.44444,32807.304,21063.41533,33037.77555,21357.1776,23508.9855,43620.88782,20416.948,27667.60733,70855.625,20632.92706,18578.6685,23207.9936,43580.57154,25680.0475,52314.11864,11432.24133,22359.26435,16590.866,30206.33714,21420.33389,52841.70857,635782.7614,30157.48029,4507095.866,141806.9896,252893.4455,119226.2885,57319.65964,84713.40634,31114.18997,147638.1273,27684.7155,123301.2026,625825.0913,445082.5299,62557.14793,76620.45625,56272.07182,2760760.244,102020.1786,34612.3959,165079.59,1892043.171,510495.4707,40006.47529,34144.705,34668.1759,65941.3584,114640.6797,45214.7652,3940215.568,3703606.906,71407.56813,126132.7591,2938565.118,23649.39884,2380779.497,81684.04046,259295.5356,48810.9348,2980839.335,76553.32737,43866.4875,592728.4051,28518.57313,329784.7525,34171.03145,76003.93023,74092.59948,41511.7139
Glucose,4494.343152,10783.14688,45597.17322,9703.407923,12879.74287,14898.41857,11773.52133,12993.90429,5510.913286,18096.0868,12980.81577,21990.34117,19310.2096,17608.91022,19769.68667,12365.681,23450.7647,28926.4875,15120.2,6566.241813,22762.10328,25928.63231,15388.9996,20472.3384,20640.3288,11477.70275,18354.5433,7725.424306,6060.287409,12407.78693,22181.876,7172.252875,19737.27213,10056.04542,8161.421088,19667.67109,11278.119,9535.351766,28154.11777,6059.030001,9388.831833,10550.3925,23864.22917,768.8632509,24196.34442,1,10992.70338,5655.338879,9407.855222,14404.91656,57061.37353,63611.82903,46958.5584,90790.07593,69038.32276,209713.7832,246693.8337,45096.62484,256232.497,40989.96405,95442.98129,34761.7386,62387.14406,212357.4704,298834.499,258517.7316,57361.1198,46957.01235,27894.34255,62497.24477,46602.4085,458835.6983,190595.5945,70950.44023,50192.7264,139378.9686,28863.252,85254.38208,59136.2944,55288.08425,305031.6966,348867.3413,45067.221,25854.14254,103401.8794,45386.03705,171003.5329,73500.08842,31377.22697,58728.66413,73230.19989,27553.86197,44707.44311,134861.4438,21913.52753,36353.52552,32337.11846,63590.58,58913.75126,31133.78615
Glutaconic acid,12433.05833,21145.4005,21213.39444,11508.31942,13785.50149,10665.96629,10063.12472,12448.44018,11688.8785,15497.76,10199.10924,12050.03705,14409.78501,14948.17994,14673.834,12338.57662,14794.0485,15531.68642,14297.6711,13786.75398,11727.09453,12677.67088,18769.86233,15342.29505,24948.96895,17302.11221,12175.69467,13407.3404,12854.00441,14819.39144,12775.93981,16541.96593,11631.07424,10060.80575,12990.01442,15940.97719,11085.06369,14347.6583,15942.46226,12427.62425,11208.11541,17705.24733,19855.17872,15160.90921,14777.15542,11119.35525,13598.88057,14649.42468,11720.63401,13327.23753,180766.0048,155680.5741,182699.2353,173922.3123,206885.5827,179548.8017,162779.5515,170711.0232,119519.2277,169001.0057,174294.4063,206835.8686,176980.3887,163580.6236,166350.347,118209.5615,213973.9054,172953.0632,175517.4947,176532.2508,198079.8242,134808.068,181574.1359,185821.515,114963.6904,156195.7965,190977.8768,165058.9409,158453.5037,179752.4448,204107.4397,200762.3781,223052.3949,152524.5715,243377.9753,208328.3085,168169.5057,188134.8215,186861.5768,178440.6888,167299.1679,190600.0171,212081.8229,193276.2407,187902.532,201293.363,175418.2189,178754.048,192009.0284,197825.9289
Glutamate,10699.40588,17864.73,34440.32429,19789.2,15841.35,20414.39029,16020.93,28377.31993,20760.92325,32166.98425,20881.73588,27817.65095,16385.09086,22320.97233,26048.14178,35957.57967,28676.9595,18903.18483,20621.76071,18788.959,24745.62794,22860.05258,17917.75319,23715.2535,15946.57979,12461.78325,35806.73975,30087.504,28619.20389,24521.03086,32156.92693,11215.736,27615.10845,33922.3605,17268.726,24137.19486,17038.466,26271.74917,25182.35878,23082.02861,18844.97738,22618.056,79399.9832,27601.511,41130.05511,28819.503,25055.73278,10007.86933,43068.6378,14474.228,21729.51212,26943.92933,34058.53984,7582.319333,26476.26471,4040.638643,58818.03008,22796.06029,13270.14453,33982.29267,16402.02643,21189.80195,11575.70167,4583.482917,37678.03061,4479.15325,49341.41378,21712.83935,122988.8061,11164.49114,32653.88035,12874.01281,8256.095313,13710.8975,25762.84853,18061.365,19043.4699,8424.254571,24074.36407,16165.59743,32196.12947,34899.01631,24198.33153,50535.40988,22145.38518,18107.37471,14609.78438,13356.91867,16967.225,40541.45285,22239.411,54749.69933,60752.79755,26456.75935,7498.996647,24182.20206,7862.518125,21320.0508,24707.77273,39171.69945
Glutamine,87453.933,67202.07203,182912.6291,110527.1225,97030.67336,118188.3781,120232.2165,126891.5329,96517.6135,137300.807,77086.69125,115274.6247,113482.4777,142845.0614,121939.8302,108035.6428,131236.2501,116173.668,117118.6838,69256.59022,154569.9665,103591.4711,115706.256,131277.3068,141980.5798,118751.4412,121655.7855,113606.6015,95053.3625,78885.67639,147138.8635,119844.1955,126477.136,122899.9015,123593.3526,165333.0993,91133.67496,113339.5391,161242.957,107257.2656,122832.075,116947.9646,110582.6588,83623.15,96799.53028,101015.9451,123310.8593,121747.2221,100508.9778,99988.04063,138277.3217,95320.91433,129173.8371,109102.5269,131009.1473,89445.1755,107453.9581,92407.86685,42105.00235,110506.407,102830.8493,124512.4999,117659.4576,96315.84985,88357.25782,127503.3265,93670.196,91572.55437,169707.5043,134689.6499,78725.85766,79252.4225,95317.16879,72650.9044,104898.6523,89761.98417,69933.93786,118361.1328,79986.15388,76789.27685,109915.0529,128265.2569,101270.7439,33383.66944,495939.3798,80754.9876,167590.9403,108703.4333,145264.3092,155062.83,110848.6995,67638.8955,60638.75374,113318.7752,63719.05976,119716.1559,100482.33,113390.9363,108132.825,89390.46228
Glycerophosphocholine,25860.76367,49408.17557,41226.59475,31626.38233,55011.92281,32143.33375,31792.94293,85183.06106,64083.96,89591.643,26285.97933,44710.10786,71777.65975,77449.58464,49558.58113,41485.07875,107121.5835,22224.93567,32799.67071,59284.14275,123682.2221,25237.00667,53125.65875,51635.25157,33055.83,45135.83988,170909.8806,374694.0301,370538.8296,58432.56761,106894.9198,87562.20469,74179.593,51883.26978,74230.19269,89410.77713,88459.17911,76593.22756,63353.43171,80506.47375,62962.776,50851.10464,634499.7345,131630.8451,433363.9732,214926.4965,36598.217,56535.232,75109.58044,73250.834,61421.72483,41051.685,34106.19943,7701.484286,19474.1985,7252.129083,74859.6765,1,1,26133.98231,85786.6392,1,16183.62667,7212.181833,12258.3285,16397.31257,161471.9775,33669.59925,34124.04917,36029.35013,19307.626,1,30097.33429,16638.10671,30882.55049,150796.1819,13202.58225,16924.96929,13431.264,14389.2595,44712.768,79147.66886,30275.57679,89725.34083,17888.943,7510.403667,38990.64,20752.85667,65167.421,12938.043,63584.40171,88263.1809,240284.9857,124348.3061,1,57351.40478,7543.821583,27472.35858,35200.94286,22240.57425
Glyco-beta-muricholic acid,105084.2001,94016.42518,529307.8867,61794.27975,33581.09592,14716.84355,41916.91609,106530.6288,52780.62472,156232.5887,102189.75,20869.56069,118205.185,79284.91124,28147.56192,121326.523,257669.4945,19304.49857,63345.91617,157756.0427,41744.942,8058.257619,148965.396,27194.84623,26915.48792,238869.1897,111607.7655,81008.02385,421617.9554,94200.89354,95712.638,23978.0763,19000.98793,26607.37358,216183.028,313987.6955,108171.3869,15326.82158,62752.8479,287677.1024,24113.93669,163741.6029,131289.8173,67472.13279,18636.77446,88078.112,31366.26013,77374.55264,60259.85863,592733.8133,146950.1998,824197.502,13425.16051,10743.02806,7504.814475,69493.0275,380608.7797,55023.20354,58317.51614,143756.7921,879913.0504,173393.3924,25374.62217,7817.231559,154534.4119,11646.326,69631.433,53976.93986,351541.6876,5475.080157,28265.136,10349.53843,93017.71832,10062.41878,116638.0663,8935.088476,150183.8834,58405.48528,243014.109,245875.5034,145165.7114,34206.23333,28166.61733,130703.8423,76002.20482,155469.6424,453840.899,21740.87933,22271.09076,294482.9601,9313.571702,33975.5058,26609.616,25052.49936,25645.4833,12651.2211,802134.3922,256050.0877,237581.5811,86470.40867
Glycochenodeoxycholate 7-sulfate,21800.07256,26946.4206,5497.592188,73610.46354,10006.83727,19412.32004,43279.97744,37792.64933,10074.82002,19283.2452,12713.84048,10480.33043,14285.84488,9635.068385,14545.92232,24734.58546,1,7422.5693,28625.06304,14484.31733,1,14981.38898,10554.5832,44880.5015,24811.89927,7745.288571,1,11973.35663,21229.0342,16018.86678,33648.75433,17728.78644,5424.181318,9561.070857,11762.7802,21222.94321,45642.24458,12640.316,7557.4554,1,16980.89475,11688.12436,25360.00201,6307.5355,16000.39606,14195.9035,7239.327,12054.21192,22876.97126,24725.32924,59992.39714,36845.2535,69757.22363,36157.00154,63619.7375,35824.079,67693.86286,35474.24323,22263.53184,114497.158,46085.11678,64890.08209,25610.13408,13137.79057,17330.80339,11047.2118,47707.8876,18021.64759,33623.10692,240774.5253,55524.38094,63005.03284,67802.95089,80747.41471,55309.69057,21252.99136,79460.98927,305610.2544,214215.4647,41055.19506,119229.0725,21370.20928,245340.8341,147950.3929,74770.68032,47908.10573,2266603.413,48300.48825,23415.84615,354950.8842,64147.9716,73324.69107,26439.06574,25845.6167,28042.31927,49489.44462,45088.54225,43804.23844,44510.31332,84882.12205
Glycochenodeoxycholate 7-sulfate1,257686.7047,146290.2405,177437.3388,3936389.787,125900.2675,484907.3898,364157.7036,106202.6226,165282.6157,141433.383,507544.0057,216994.474,141055.3721,73318.53576,215506.9047,579146.1766,701697.521,94662.59476,298693.1704,195169.8941,183673.3754,494894.513,184548.7948,131371.2518,1131379.151,68603.26,230147.9118,292500.3466,372155.4954,437414.8112,611574.5587,208553.368,161119.7484,113572.7888,119636.2675,425441.407,183913.5244,73429.97494,327259.313,48046.41876,439385.4788,859804.1925,602782.8745,71773.34193,208864.5152,444927.8039,164102.0615,264647.7167,213020.8489,218716.547,573106.6291,724426.2836,830682.9342,197677.0244,758035.9691,823324.8063,1172780.7,391672.6287,427475.3977,1888301.985,1299407.695,718689.455,552517.3942,432838.1633,362505.1732,1170129.426,1551624.724,354978.6005,227224.921,1361059.052,540622.179,358870.0497,416105.758,330176.2777,471284.0675,464801.7457,1248509.844,1789881.228,4805545.883,1669123.979,6813317.194,887409.4152,2152308.918,2201419.024,6553752.286,334708.9722,4443786.554,583375.5618,367131.016,2884743.129,1265708.791,245818.1535,348525.3741,326874.3201,259866.5669,479089.0807,701411.8624,147042.5509,140698.7459,569134.2127
Glycochenodeoxycholic acid,9133.2,8394.782,20513.8115,6769.765333,4405.368,1,1,5668.12,6168.025139,8931.209464,9633.863,11790.0436,19065.53415,7908.127385,7524.889667,24642.84205,38753.897,4643.5655,5463.401143,38941.11338,5904.6354,1,24798.56832,13160.90681,1,20794.86108,26582.60271,12872.4981,23055.62244,15926.43135,19581.14,1,3404.89,1,8325.778154,27203.847,21264.02306,3175.103063,25163.039,23554.51033,1,16947.52228,58811.36453,6484.073125,5786.479077,21570.81833,1,18591.16278,9671.263846,48564.59857,91522.54816,153406.8918,1,4854.403125,19453.20306,19023.212,49110.79418,59106.56588,9681.208094,39638.34862,167305.7311,35098.1888,2084.4165,1,10202.14629,2695.69,35009.5515,12619.00933,134896.3355,3895.611833,14096.84106,3211.426429,6677.958214,19797.33756,37224.55913,83702.42814,40025.65271,30422.67338,64897.86736,67515.67869,9572.221154,1,21679.06529,27872.37133,38550.79184,49681.24669,37369.87367,28500.04464,1,13017.83885,3869.694571,1,7479.725471,1,1,10912.2167,121156.3778,41517.07403,29335.512,28630.57444
Glycocholic acid,10532.835,7351.475625,46686.008,3888.465429,3163.517375,3095.884214,5650.983273,5975.7325,4017.8405,12548.79164,15831.921,2086.176,16359.62681,12258.9045,4325.6955,19440.2715,40945.728,4667.45825,9870.215467,31274.41153,6467.149187,1558.6304,21892.71323,3280.452,3145.618333,39238.9812,16976.14694,11694.35273,64918.76486,15538.70521,18555.54311,3503.273429,2747.088,4144.7745,28907.90214,47643.44057,17339.29892,1,7713.221571,53744.274,3388.176,28383.69575,23287.02075,8263.102667,2222.17,10514.84492,5024.491733,12823.20481,7257.19,98279.96083,40586.10631,427763.8099,9163.747233,4874.4855,1826.4235,31005.15253,260557.4829,16116.12913,13443.31667,25652.27763,497553.7174,35155.4105,9745.766187,1841.5825,33947.67847,4969.76175,22734.883,18204.774,60990.09764,2766.088167,9221.2575,10073.57929,39225.3455,1,65725.82805,45679.62031,33949.84471,26426.11093,117671.2467,99078.83505,61288.419,23467.73643,7645.837969,28044.811,15661.76569,23408.6092,277500.0086,5329.0125,3733.513333,55247.6,6217.454429,6625.265625,12358.22957,6291.103571,1,1381.098,177588.2495,59625.09,44270.948,18919.05064
Glycocholic acid1,105084.2001,94016.42518,529307.8867,61794.27975,33581.09592,14716.84355,41916.91609,106530.6288,52780.62472,156232.5887,102189.75,20869.56069,118205.185,79284.91124,28147.56192,121326.523,257669.4945,19304.49857,63345.91617,157756.0427,41744.942,8058.257619,148965.396,27194.84623,26915.48792,238869.1897,111607.7655,81008.02385,421617.9554,94200.89354,95712.638,23978.0763,19000.98793,26607.37358,216183.028,313987.6955,108171.3869,15326.82158,62752.8479,287677.1024,24113.93669,163741.6029,131289.8173,67472.13279,18636.77446,88078.112,31366.26013,77374.55264,60259.85863,592733.8133,146950.1998,824197.502,13425.16051,10743.02806,7504.814475,69493.0275,380608.7797,55023.20354,58317.51614,143756.7921,879913.0504,173393.3924,25374.62217,7817.231559,154534.4119,11646.326,69631.433,53976.93986,351541.6876,5475.080157,28265.136,10349.53843,93017.71832,10062.41878,116638.0663,8935.088476,150183.8834,58405.48528,243014.109,245875.5034,145165.7114,34206.23333,28166.61733,130703.8423,76002.20482,155469.6424,453840.899,21740.87933,22271.09076,294482.9601,9313.571702,33975.5058,26609.616,25052.49936,25645.4833,12651.2211,802134.3922,256050.0877,237581.5811,86470.40867
Glycodeoxycholic acid,9133.2,8394.782,20513.8115,6769.765333,4405.368,1,1,5668.12,6168.025139,8931.209464,9633.863,11790.0436,19065.53415,7908.127385,7524.889667,24642.84205,38753.897,4643.5655,5463.401143,38941.11338,5904.6354,1,24798.56832,13160.90681,1,20794.86108,26582.60271,12872.4981,23055.62244,15926.43135,19581.14,1,3404.89,1,8325.778154,27203.847,21264.02306,3175.103063,25163.039,23554.51033,1,16947.52228,58811.36453,6484.073125,5786.479077,21570.81833,1,18591.16278,9671.263846,48564.59857,91522.54816,153406.8918,1,4854.403125,19453.20306,19023.212,49110.79418,59106.56588,9681.208094,39638.34862,167305.7311,35098.1888,2084.4165,1,10202.14629,2695.69,35009.5515,12619.00933,134896.3355,3895.611833,14096.84106,3211.426429,6677.958214,19797.33756,37224.55913,83702.42814,40025.65271,30422.67338,64897.86736,67515.67869,9572.221154,1,21679.06529,27872.37133,38550.79184,49681.24669,37369.87367,28500.04464,1,13017.83885,3869.694571,1,7479.725471,1,1,10912.2167,121156.3778,41517.07403,29335.512,28630.57444
Glyco-gamma-muricholic acid,105084.2001,94016.42518,529307.8867,61794.27975,33581.09592,14716.84355,41916.91609,106530.6288,52780.62472,156232.5887,102189.75,20869.56069,118205.185,79284.91124,28147.56192,121326.523,257669.4945,19304.49857,63345.91617,157756.0427,41744.942,8058.257619,148965.396,27194.84623,26915.48792,238869.1897,111607.7655,81008.02385,421617.9554,94200.89354,95712.638,23978.0763,19000.98793,26607.37358,216183.028,313987.6955,108171.3869,15326.82158,62752.8479,287677.1024,24113.93669,163741.6029,131289.8173,67472.13279,18636.77446,88078.112,31366.26013,77374.55264,60259.85863,592733.8133,146950.1998,824197.502,13425.16051,10743.02806,7504.814475,69493.0275,380608.7797,55023.20354,58317.51614,143756.7921,879913.0504,173393.3924,25374.62217,7817.231559,154534.4119,11646.326,69631.433,53976.93986,351541.6876,5475.080157,28265.136,10349.53843,93017.71832,10062.41878,116638.0663,8935.088476,150183.8834,58405.48528,243014.109,245875.5034,145165.7114,34206.23333,28166.61733,130703.8423,76002.20482,155469.6424,453840.899,21740.87933,22271.09076,294482.9601,9313.571702,33975.5058,26609.616,25052.49936,25645.4833,12651.2211,802134.3922,256050.0877,237581.5811,86470.40867
Glycolithocholic acid 3-sulfate,12780.72054,8307.486486,18721.35268,945404.9387,7971.237742,72064.26382,131835.3504,4541.198824,17311.67198,22302.92717,195653.157,11803.1413,51240.99365,16984.41867,29906.54415,36166.21871,10012.3723,8962.66944,14498.50693,228427.4385,12568.23344,13505.63255,5375.567804,43657.53885,589531.4583,10499.49628,103076.083,28604.78952,73756.94974,194457.2299,132113.4313,16479.81664,2752.825357,12696.90217,38106.53321,4285.584929,51894.67176,23607.7354,9713.945373,30615.58354,81769.45268,26330.44231,29951.13959,34298.63436,12455.95255,62877.40957,11122.30734,35439.40946,23436.44355,7637.795196,127846.4541,21633.71284,702932.0384,4873.140733,367837.624,32012.39753,4015.748974,51217.36511,147724.5875,745527.7481,32762.358,556480.7719,113830.3974,18564.19465,10271.20529,6091.183075,715388.0816,6259.891304,73242.17561,226744.0336,13017.77191,17030.2077,47232.63325,54181.23055,249973.6163,6361.90065,29909.37083,59731.29962,126583.3944,27723.41571,225771.4216,70182.8395,32286.8359,876772.5049,1416449.195,103821.4207,535092.5287,12876.74927,29297.40611,124487.4253,53361.036,42993.69978,378486.4455,23092.38222,12879.53037,761436.7397,19205.69082,13804.46424,27390.85129,17028.23274
Gly-Val,11696.517,1,1,8574.38505,12748.63869,4988.6324,11343.64,1,14322.59659,1,11584.56454,11968.546,20499.01996,1,8661.10725,1,1,1,8886.573929,1,1,1,10404.22173,4811.924,15331.13887,13092.856,11343.89475,14207.5475,14082.4572,27539.51004,14043.20241,17282.57314,1,11165.46182,14677.60446,10956.33,16003.7037,15277.51232,12537.27475,18832.93626,18213.17261,12132.34683,23241.6255,6751.6785,11505.65397,15237.171,14669.046,15975.24223,15648.1875,13140.71321,6018.723455,4177.181333,2312.858188,3036.1446,4304.0828,1,2742.974778,1,1,1,7053.3566,1,1,1,1,1,2352.098667,1,1,1225.207667,1,1,2740.1619,1433.06,1558.702083,3810.149313,9042.3348,10584.73025,3437.747921,4383.8575,2891.131375,3762.04075,1,2343.960136,4911.570353,2661.038222,2119.62175,7433.4585,10421.80809,1,5248.9935,1,1127.604571,3631.026727,4379.618087,1,1,3003.211,1,4964.110444
Heptadecanoic acid,2198.73225,4192.311029,1672.364528,4611.862394,3780.732268,3591.252222,2225.529087,1138.371591,1131.22095,2120.449786,2734.052457,2069.494783,1091.9205,2249.162087,3362.355194,1637.341667,1200.192188,1363.82,1621.77389,1612.759643,1269.563531,892.4865417,718.7643333,849.0848824,910.65,2475.751385,1697.98176,1338.534429,4887.42619,2144.262267,1132.225246,752.7185319,1191.933318,850.5763889,1254.417818,1000.348068,1415.652214,1241.616064,1132.744143,773.1548056,831.0872727,1667.39672,1457.05125,1144.140699,1357.18998,1043.967536,1201.839143,915.40575,912.1387941,1019.6305,2287.8775,465.4664928,1732.338823,1935.44736,1139.4903,1240.192537,1597.169333,837.7617273,864.3558333,961.1217,1168.001881,791.2142,968.1130577,1238.421818,1190.688894,1384.639032,1099.89,820.6946,608.675,989.15425,710.3427692,1417.206566,937.1277778,1279.987157,2028.675474,1145.965071,1059.997714,1666.864519,1445.285908,855.2645217,869.4856897,1051.648,1581.951179,819.8316429,911.6407414,952.94925,2305.955769,894.5613409,1926.895894,537.2345156,1498.771969,1277.010886,1519.192889,1360.165143,726.0564808,816.2441875,973.8328846,870.8573958,991.0322143,1080.43615
Hexadecanedioic acid,6307.235,10557.11475,10777.82489,18564.46286,7718.516211,12516.08629,6019.372333,4834.763467,3731.208968,7444.114205,7430.789947,5542.097368,3738.037263,4832.426667,27910.8468,3958.831457,6456.9375,2927.495714,8937.716579,6110.607913,20210.96294,4516.3776,9869.31958,6953.226179,13014.9685,5602.3065,10470.38785,4948.127799,4360.267398,4019.915021,4976.10215,4970.4,4332.295333,4697.836466,3656.323578,4675.049619,3517.726954,3681.173174,8152.8306,2555.675685,2219.797681,6752.357237,3291.317059,5741.996,3400.950146,5300.689941,4132.2752,8688.791268,2067.094588,11993.92756,3437.677833,4563.994375,8619.980444,34750.80884,12189.81459,4929.048,4481.152235,6390.781929,6144.894837,7679.938867,10555.3935,13715.4284,11086.86504,17300.92026,4982.087342,2983.658288,5122.321588,2446.808786,14203.1308,9721.178182,1814.366288,2818.678,3846.627658,10276.02025,7542.81,4484.100706,5280.061235,19611.80312,6211.306579,5254.223515,2529.101708,4804.836842,23854.59771,9016.848875,241487.9242,19292.81138,45009.8451,9878.670045,5566.794152,13727.232,12550.79944,3838.458038,4271.945286,6002.958053,4509.696267,12862.94251,17260.49,9933.105,9821.224722,6655.343268
Histidine,13699.13511,26291.84455,26139.2125,21747.46517,12852.33462,34192.976,15373.5475,1,21912.099,20807.80567,1,23182.60533,21844.023,17249.3,23936.68518,21537.44453,38009.304,27206.40263,18988.69917,35688.965,1,1,25830.264,16702.335,22578.62518,21928.35214,31708.97583,21332.64583,26550.258,18393.47908,28361.718,18195.31563,21228.62,14866.9465,27237.86878,20297.648,33961.04629,28928.235,16704.08262,13608.4,16168.35111,16627.88257,25114.845,25391.54,25775.90714,1,13757.20467,37690.38,32462.22636,25060.824,16321.35669,9369.994,12464.283,15425.91458,20323.875,13097.881,1,7268.097857,7662.768,11894.02758,16425.33459,16605.42361,10936.29361,15459.4345,1,25340.97171,23647.47917,9720.70155,14984.87727,25939.86725,13359.5945,15216.74584,18511.60114,13973.43837,13914.66503,12918.611,9386.912722,20807.215,13991.086,9967.640381,20698.59262,19294.45833,17966.11333,23135.41556,43627.49637,18749.663,19773.47614,10914.735,11436.67406,12512.0935,16771.16354,22285.3917,16932.32103,22940.75063,12372.77856,16589.72524,17028.86025,18111.17864,24793.09755,10356.11
Homoarginine,6276.813333,1,6206.6134,14376.87914,11574.9139,1,6581.545,18654.46894,12682.44783,37882.29686,8497.518,9074.032,10901.295,6535.078667,12891.744,8120.668,1,14017.908,1,1,15847.09267,9209.8135,8606.162143,25839.08843,7847.045,3560.2422,30895.758,6050.472429,10337.532,1,12737.98333,9069.947667,11473.23842,14141.52686,18965.74117,6111.32775,11167.44167,19186.55538,7759.7872,19409.835,16102.17788,11577.18667,1,3550.7542,49819.13606,9139.069167,1,15744.09225,11969.93936,17122.54286,26760.54321,11898.03143,11269.09917,1,9457.713,3871.9,7459.6665,19552.34764,1,1,4371.19025,18342.334,1,8339.158667,9473.89575,5195.31975,10039.97,1,20709.315,9645.200182,21473.189,1,1,10005.33214,8661.300237,10632.8805,7577.630667,5899.25475,4542.874875,5745.3084,6689.772857,5368.394833,33229.73036,3291.90925,135088.8341,18782.05933,6995.04,7586.773333,7243.033929,23984.14375,3154.311429,8593.2525,17575.6555,24335.846,11521.76506,16363.62,8339.2015,9756.104917,11836.792,14355.79879
Homoeriodictyol chalcone,3649.349786,6043.088071,1496.335077,2425.976667,3827.145,2530.5975,4222.129,5761.327273,5241.918231,3778.935571,3756.514857,4043.783333,3774.227143,4666.709609,4208.419722,3691.543625,3592.158,2837.289,4127.1309,4355.714786,4829.331885,1,3724.872364,4824.040571,3376.1295,1140.581,5154.017727,4507.7664,5228.303583,3238.439667,4447.461792,4019.688571,4042.357667,4251.744,4669.0435,3428,4498.946,4501.523889,4473.486,3567.76875,3281.607333,2897.055429,3539.358667,5160.07,3073.9716,3507.2247,5000.32325,1,2884.287,3206.936,3184.763889,56154.7525,81176.50036,68019.094,1,59519.6016,71731.1673,33362.0485,1493.053714,936.66,83725.31,1,45527.7202,22799.81511,1,40402.785,41187.689,43457.335,1,55515.47475,49625.1593,96620.524,42834.60565,66442.1408,40155.00836,73493.5284,8346.645214,56164.54244,47031.41712,37704.86256,12899.99025,74735.556,73248.63203,1,1,1,48332.80575,26242.62379,43408.6364,1,53648.75455,895.788,42526.13857,1,30562.36625,1,617.3254286,1,1,1
Homogentisate,5300.235,20155.7255,2561.5435,2932.699875,43958.85133,4822.467222,6612.073778,107613.2859,55381.31107,115545.961,2106.371429,123048.142,296436.0156,772.1568,1221.322364,20751.53833,14571.67446,51484.5408,16823.675,93581.41371,81286.7725,157971.5144,34008.50108,19281.2475,5385.276556,37304.41635,82834.62682,8611.03125,43725.90279,177769.8582,7179.3135,1,23659.19633,90080.2845,62001.53543,5140.528833,1371.997917,34985.01848,26567.735,112428.7391,32476.27431,5415.4035,15969.03308,325549.45,80852.00857,18190.584,15314.11267,71751.56839,45691.86062,51118.911,4150.65,73542.5539,3849.75625,2100.14725,57607.04176,2001.428063,3125.882,24632.74508,14720.54906,2823.9435,3048.8185,21257.52124,3098.653846,1560.755,5500.9535,1,1,1,7548.413625,1,5961.610687,1351.450286,1,6524.215,10183.83702,6663.273267,1,1,1,1,4392.814643,790.734,1,136446.2288,483159.9311,1922.3385,1,1,2835.639474,12206.98945,1808.958333,5573.813722,20493.19916,1,15141.71484,2709.2605,26785.66481,818.6663,1,11391.44744
Homoserine,5687.406667,9121.268333,10925.824,8550.083333,13590.3075,1,10876.7375,15666.191,14924.13214,19007.03022,4860.920857,14694.1125,13737.6216,17110.14556,7108.3,5821.025,22889.47733,13340.45536,11507.40343,9020.261167,30746.2485,15017.037,19215.7218,15804.575,13607.278,12847.22829,14322.078,10723.10769,9243.24975,8467.750571,20916.31313,16196.66278,16350.89415,6904.9803,9180.08,17329.95055,9313.408,16377.62667,18013.51067,13071.332,22987.82111,14143.80283,10174.45064,10291.56725,16103.20529,9716.9835,6992.97,14425.53911,17274.645,11129.86233,20862.372,1,12281.90914,10176.15586,12286.639,9188.8555,12394.43446,7572.986667,5481.026571,7680.167333,6510.880786,8194.378179,5500.781,8324.3295,5524.063125,18827.567,14003.24706,12981.64938,9554.475125,12199.88581,13661.85414,9465.404375,9502.089917,9041.34,10050.72883,14958.46513,1,13265.77181,7317.773571,8480.059286,30415.016,10293.47531,12733.12263,6746.133786,54561.532,9130.062813,12475.68583,8861.891143,15188.00075,12338.49375,12599.40788,8990.263,6965.57225,14598.61975,6927.250571,8858.760286,11005.8,8549.173417,12236.56275,6264.211333
Hydroxyisocaproic acid,21850.5624,51854.72077,17744.0533,11213.35083,39037.88426,18501.26068,29400.60608,13413.33,13133.34861,36347.9868,46820.51319,33297.70054,23092.62339,23020.42404,11132.65285,12744.18684,48581.82414,9098.634889,34732.152,13847.18544,76921.14518,30043.156,21654.59079,14030.10645,54054.05618,22143.50798,23838.96276,30128.29057,35142.41973,17134.79508,26594.11109,20528.82127,26392.21835,22833.10706,20948.23841,44077.0603,19780.04448,16538.87319,21158.01935,19781.6064,12483.18445,48414.08509,50284.11241,15061.1062,83298.96204,18709.62712,14648.92083,36173.2035,11619.0526,12770.45172,33137.1437,23831.96087,34743.60753,14218.74533,15063.75,11986.73015,12810.26118,42228.43317,32583.30042,42036.45347,9109.352641,19842.21856,6019.373294,12073.07772,11385.51794,15349.44544,16399.55923,26714.10709,46632.49976,5032.914592,6131.528888,20201.16176,19617.09486,59315.63733,31418.59173,21255.50383,19578.46356,19575.45546,20872.85271,8666.823948,14589.72158,3909.121378,18178.77257,25284.5775,61521.825,25671.01091,19180.84382,7151.065909,11794.44267,18773.60622,29844.72828,25875.18252,10786.68494,6303.740395,22528.4774,36916.8384,17871.72021,16940.47048,23553.26654,25474.97912
Hydroxyphenyllactic acid,4771.284,22379.70321,14563.77411,7770.404,13452.70539,4207.311316,10278.40222,12161.59817,14066.55074,7528.10014,7982.441167,11935.637,12022.40929,4508.695676,2558.797609,9137.914118,9726.84849,15504.40545,13923.04688,10720.00655,15292.12049,11945.00152,12975.04483,9835.789565,19408.33271,13218.98903,8454.2871,6119.123906,11995.11059,8732.359389,14843.14014,7712.620842,14794.77555,9137.974324,11182.66928,11934.968,7568.866286,11487.68893,4437.03,8580.638423,7580.029875,12546.93,9347.1015,21645.60601,14328.984,8038.500675,7033.259333,8451.767037,6408.014643,9608.900192,16134.57956,14712.53747,8416.874714,12965.41431,10625.59743,21534.54333,5480.890673,10656.5355,26195.42016,6964.065,5407.967193,7086.290786,6834.696429,22054.69667,6076.124641,10896.82488,10738.75375,10082.41403,22014.257,19065.82365,6331.102074,20867.7665,20329.0875,15091.76983,9377.7255,16222.62967,4808.847652,11763.83175,15835.339,19389.804,20839.47686,9486.571298,19311.05429,20212.62862,193206.5865,11851.3555,63760.88,9661.149392,3480.456584,5212.686546,5525.359473,13380.00894,10756.64,7518.615752,11326.00444,7128.522825,8849.660671,13279.55614,12292.947,11171.91115
Hyocholic acid,34993.05575,99581.18661,42145.07546,1717.316476,88028.04214,9383.76138,20528.60704,51334.16896,10246.61324,43101.80405,13166.28651,15684.74778,56936.89519,37130.20256,4726.016812,38199.76387,184035.957,8201.713333,12995.32509,23895.29566,7027.483911,8055.537125,26507.16363,123503.7486,9032.036,25310.4,6231.732324,65624.0891,41026.68959,67351.7806,3474.965299,47408.39775,4533.723388,3616.985123,13965.49215,2546.242487,40872.6864,11960.48621,29653.50303,23074.36842,5139.186,30796.4292,37331.66641,2677.368353,60701.19985,60253.3789,10671.93813,33506.69574,4943.929266,8052.396523,62782.31281,888334.5148,1915.192082,5663.222571,12423.42589,17005.417,51228.86447,87458.90182,963.1340534,10579.00827,59998.0125,14265.57697,1988.475429,2859.065139,7116.564,7954.356667,2670.672508,2745.770143,2524.080264,426.8405728,12847.41671,1471.843593,11075.40622,4633.156111,19269.483,4782.897292,31261.76126,244463.1102,7649.698929,28856.4707,942.2661316,3590.853368,17918.46304,3586.111585,3931.169654,8672.063605,1,8777.89,64031.03216,6720.119617,3070.567857,9960.87313,9111.367009,1091.11713,4661.052316,986.7093224,2947.718489,19525.118,15521.4814,24963.68793
Hypoxanthine,1,30180.85714,102958.2973,53486.38717,87943.91775,117363.722,29953.7875,56710.71056,71494.8514,1,67448.96738,58351.7227,73808.07643,42389.2338,46617.39658,41913.19422,42102.78364,78163.79043,1,64955.18083,99345.12565,35653.38577,1,1,1,1,4790.9048,4229.3636,5943.3805,65401.19075,54585.99488,87200.57482,52237.03956,39880.66833,66145.12246,37548.81075,34223.42857,75398.11761,40820.5175,68564.94109,79021.91142,54503.64666,4758.628583,1,5350.160833,348971.7031,80443.80675,1,10980.4996,69607.81309,62436.14169,64706.83,57378.66525,1,45541.54375,50116.72836,36848.51275,1,54720.11956,75459.488,51404.97777,59771.00259,1,1,18336.13493,38255.18125,9713.762667,37048.8195,37005.244,89795.70632,33859.10792,46077.1376,38300.8,59506.24713,40261.92296,113136.1847,1,40323.59036,64684.86836,83186.6625,57555.54891,92094.00354,101280.5412,374781.0511,1,58665.76393,58056.822,56043.458,1,46075.11246,41575.4585,29787.50317,597018.3838,164352.981,1,29127.03531,61845.27025,134007.3417,139116.42,49689.3424
Indan-1-ol,36636.40031,29116.54681,21511.58467,29193.31708,27186.26094,21871.4527,22560.02339,17810.34171,22450.12895,20834.41733,24449.96018,18266.21785,25784.21736,18235.52147,20355.47794,18447.34222,16044.51217,21962.217,26370.97439,20228.29149,27453.26424,19057.6175,25637.63042,22305.12,17857.0205,17719.52839,21798.63058,23550.51382,17047.30213,16951.9266,17003.50764,19638.3215,15600.869,24082.34156,20358.98667,13189.12223,20353.22405,17998.83028,25922.35218,24136.34316,20325.72609,16476.54129,18821.62807,24217.44971,17839.1601,17489.69625,21544.86986,19607.02463,22818.67428,16445.358,16569.35155,21791.61627,12468.33989,15784.62364,19141.36235,18852.24786,21339.4665,28059.99287,15289.53742,29375.30356,21930.28429,23201.5154,17237.08636,15494.47432,12544.56308,14653.16529,11858.94844,12323.06256,12177.04664,17692.94095,17748.0317,22927.19763,12623.65271,15850.83547,17788.94361,17443.23576,15746.2519,14853.73964,19922.19429,16507.3725,16683.01929,18868.91419,24805.56869,9386.205273,15351.60297,15899.9552,13440.98476,13400.32873,14769.95002,16377.426,17214.12667,16970.1228,14236.64178,16484.29178,14389.31363,15544.18466,19186.90227,15623.32669,15243.275,23309.366
Indoleacetic acid,1,9786.05,13862.06229,4630.669167,3829.585714,9968.71725,7860.150714,15243.312,17620.39139,45449.90375,6940.422083,6266.718857,3748.032083,1898.442,32184.79554,14710.69379,23955.096,39527.38567,4698.738833,7593.532692,14732.6725,18862.27833,17989.44231,3926.678,9951.1775,3696.435286,8422.122,5502.471778,5790.468375,7025.583188,12102.48623,7128.398417,14096.7792,1626.581643,7186.534125,3664.726333,8779.318,4354.962857,2126.442917,7025.135214,5532.270625,6484.524458,2859.098286,5178.859812,66040.88456,36156.64543,1858.250857,4454.740714,7173.739429,69377.35437,29633.97785,18438.87886,2281.793143,5384.785,15479.184,5018.374375,22053.521,31601.55917,22562.5092,3937.109,11945.752,3989.233231,6336.362083,7096.906286,22502.13581,1,14459.22753,3168.778667,22980.441,10156.146,6430.225375,36683.76,10743.95143,3480.389,13181.91667,4068.555357,10777.89571,11570.64727,15699.10938,7858.9206,11742.70914,39764.41746,9818.14,25636.83781,28624.842,4541.936583,5242.9055,4948.258857,1,3728.716909,1,6679.46625,9616.609333,1,8752.521143,6092.465267,9355.917375,9778.395077,12593.51097,19831.25489
Indolelactic acid,12219.06887,19104.20756,22123.06192,5312.58,14131.757,19678.21422,12512.62827,10400.6,9678.94175,8287.8715,9725.13,14344.23728,11823.31857,4970.800571,10806.96077,11710.77486,11058.52186,8331.781714,12038.51929,8236.116556,30842.78708,67859.3695,9391.416875,4155.1595,19533.53361,8774.673646,16543.86167,19129.89458,18651.39644,9870.117545,15887.83606,16278.75297,4734.355889,6332.30825,8185.339688,14122.00864,1,15782.9295,9734.631353,14718.4787,10149.42521,6969.598,16236.2035,11264.81321,33740.535,13431.58367,7608.956688,16045.32843,5636.243714,6282.429571,14508.544,12753.73484,9553.502133,12179.956,15946.34375,27869.67525,16110.56324,8041.705714,22231.32581,18249.71591,18178.07242,5053.1505,9361.705786,31748.34743,12867.792,30739.01786,22544.53103,16376.253,8483.306417,19703.412,7899.012,46549.29469,22719.285,8126.0836,17408.0971,10603.4268,8954.991,29992.85455,26662.677,18878.35933,76191.11769,41930.40367,30832.40859,41589.32213,49999.536,10148.613,14968.14523,14951.79146,19748.11243,12321.18993,40877.79967,25683.68972,4732.7085,13663.77633,9639.507111,6694.637143,5875.880222,18054.18792,19555.88878,10746.19615
Indolelactic acid1,21652.98275,45267.27356,53281.136,12765.681,31670.965,57348.0781,28740.09889,29342.50778,31032.23867,22709.3995,23650.8272,36970.24944,31095.96089,15065.42411,24240.522,29807.56944,32915.03167,38494.48311,35690.00696,26886.87245,68991.62114,167315.8613,28291.9435,14873.3677,49664.86425,19428.87083,42936.773,57799.204,55195.31129,29291.97756,45862.75867,41410.82359,16204.87733,18299.80395,25899.50442,38071.8688,37714.54867,42765.62725,33046.7665,38695.21544,33333.62044,20831.66667,48186.657,39474.5819,93405.18707,42247.80891,21712.13306,44380.158,19618.43461,23449.28824,46566.83263,28772.195,25129.07222,43613.24687,62772.67535,65850.3345,29326.6805,29152.87563,37769.509,49395.84258,55490.58773,19775.60219,26485.04625,77265.279,34827.3494,79644.736,56216.8045,75778.716,25277.18481,57742.31494,21918.69233,85914.9797,72575.56111,27972.90057,31569.88629,36283.98191,31842.58,70237.9072,81252.2933,51905.60429,174792.1836,98003.8975,72123.3789,80370.13117,164872.0415,27437.07522,48167.83022,45397.0479,56191.62677,38482.144,105263.438,62419.746,10661.51912,36289.75059,24833.90075,29984.0292,25461.2865,51154.01304,40767.2455,36713.016
Indoxyl sulfate,593834.0323,3123.549,20359.08325,16687.54324,1149.9033,447355.2474,405223.8927,162214.2793,542704.8,108432.6573,188601.6418,80520.82624,990.9522327,222034.7411,353855.5641,227611.4418,84019.8625,7528440.747,198723.8908,480129.5934,314259.5826,7755.8094,280629.9072,96616.07648,268017.9116,1975.966231,297392.6237,1218.743423,277129.4281,1309820.605,352226.4807,4427.154286,110702.6982,418.9426407,245186.7698,143486.596,293112.2044,1713.161277,1336.819599,3917.941176,246230.4486,170969.6466,3663.1805,124367.4642,207172.6297,235897.6907,550.5565362,561339.3414,91044.21729,85376.01155,337705.9382,952952.462,51855.79065,866434.3126,407313.3445,94426.42792,37524.62712,224955.8845,5250792.826,65933.77974,8171.121,347799.9808,58557.04406,318916.7207,227933.1756,1340172.686,262349.9775,284.407187,29088.07579,461822.4625,7258.767444,480064.2733,653211.9559,12141.19242,243055.6956,539.1041171,268679.1552,146477.916,193581.9824,1,2236807.227,63954.36719,9787.063,806851.7833,447346.9281,53238.78733,380443.6841,605.3122141,28111.75309,21304.55279,38291.71371,10752.95937,217058.1194,56984.872,518077.3866,166467.4787,259775.1047,527374.8564,496602.5196,111426.6615
Isobutyrylcarnitine (Car(4:0)),14486.716,36542.59988,43306.90525,29667.27256,47104.36369,76032.46889,31854.04286,53082.81,39978.85125,27171.6925,16634.48057,132399.0712,42911.25986,17018.505,78022.87111,13020.65333,32677.04205,63157.11709,42892.92179,34068.37778,25642.14469,292495.3413,50998.79487,16217.48264,144819.1583,13900.41858,44964.725,28260.82567,39698.8435,56536.63033,93602.06786,35628.06086,22162.4,9703.442083,30854.304,39908.25944,31533.74675,46291.6285,21378.0305,60665.11797,47815.46437,42435.39389,16967.261,11124.4076,79646.65754,55702.8603,9691.278583,69210.091,32803.992,27594.21243,45828.30293,27397.9585,39613.26627,18002.29621,40545.99429,4873.274,10941.5295,20282.99325,13551.24333,1,67372.16733,21966.24327,14884.8045,18191.47014,78411.4625,43470.95066,67823.49713,44677.60457,17524.02457,76184.78175,16186.18819,44143.55479,12752.68738,99887.4695,35188.11519,17638.8875,50527.87875,301558.6011,54404.5497,12578.16872,59173.98857,301714.632,112064.9806,35483.57908,45412.83267,35702.602,16520.84767,71667.54467,62817.17833,31742.18381,47940.87179,55214.13429,5988.7542,10494.9908,34571.7216,25479.67286,107689.2215,87383.5314,81941.625,49048.5992
Isodeoxycholic acid,38893.2015,76030.72686,38246.28211,3853.611612,58332.01465,6344.755029,143227.522,25066.037,52517.9655,68566.27085,21587.76044,41279.89478,56416.44289,19331.54408,21330.99162,52342.86734,170800.8041,73940.00347,4059.23039,45786.43038,26354.17649,11721.71933,17083.05555,232151.2045,29392.42271,55811.29028,49734.56969,41273.15122,139838.0253,128755.9748,53106.99979,98975.316,9098.5245,1322.787034,10946.10524,13807.13938,200537.6614,14868.38511,26364.8271,29556.43794,18468.32042,43592.70228,59685.087,9074.852598,24440.15379,85652.23703,40409.03667,99228.295,16899.52889,44581.81489,180853.8936,293230.6275,13118.05311,4259.612993,71381.6295,18527.70645,31249.70874,297983.0201,4058.139167,14691.25647,23572.81562,90057.29583,1134.382216,6532.456974,1727.021934,373.5739871,68179.452,160.1703842,16347.83637,901.0504286,36389.55863,1552.2975,1017.408511,41325.83146,48769.32679,2202.020093,29572.48271,129655.7145,4348.477895,19963.36266,1095.107918,1999.197167,27917.72576,18199.95067,201342.5223,15345.56452,86.89523193,43789.9527,19851.51278,2522.994458,1638.623686,15068.70139,35381.56224,268.2281768,12094.6004,34472.40063,6247.157591,29191.10609,25170.91199,65019.5112
Isoferulic acid,1,1203.732417,1,1405.6962,1514.902594,1,1,1,1479.06,1,1,843.2556,1,1,1,1,1,1,1,1,1,1,1,1,1,1,1,1,1,1,1,1,1,1,1,1,1,1,1,1,1,1,1,1,1,1,1,1,1,1,4216.540812,2731.465333,3577.532523,3315.752,3434.4125,4480.203294,3869.103,1,3044.813333,3669.873333,3243.822214,3212.881438,3988.104167,1,4119.644571,2918.752,2260.006857,2544.116917,1,2291.535714,2837.090667,3006.74,1698.2136,2354.09825,2784.070938,2903.782429,1,2789.980286,2313.141429,3216.68575,2850.6,2028.43575,1755.072,2533.5156,1,2348.568,1,2458.768929,2163.926,1,2975.564167,2650.549188,2456.4145,2940.4841,2924.205167,1,3024.374,2782.637,2288.384333,2684.986333
Isoleucine,235579.5504,349789.3158,282838.2483,200940.3563,286418.0681,336606.2058,335588.1116,300922.28,260122.8671,408164.1092,336496.5029,337894.2298,1,217682.7063,244491.9712,1,343218.4334,265858.6425,309298.7535,1,329617.0014,262872.688,266043.5411,1,370882.328,242864.2107,343966.3809,241203.8073,304232.182,322159.2619,321428.1311,212631.6046,242049.2134,276515.0387,288996.951,178165.096,264628.5229,259780.0165,201370.0751,290020.068,244140.5126,322346.9185,308002.1692,260742.7914,242728.0388,244624.3159,193736.2536,242791.9759,268153.8769,250711.8277,484363.2482,273563.7397,381490.7131,242779.0579,408841.2979,265763.9554,163980.5824,374136.1154,159139.6221,301937.8714,252189.3348,306512.9391,159031.5928,197677.2115,183676.0186,267105.2794,378142.5717,186315.0798,923010.0028,242275.2964,313783.372,303672.6458,210584.6784,275119.6515,302295.4949,296789.3563,243422.3683,281399.3383,271041.1167,292787.506,185510.195,245271.3767,366501.384,291128.6664,376604.5095,336075.4561,433849.9996,114348.3649,134997.192,263192.9857,180923.3923,279200.2377,218119.72,193042.2057,270153.3631,337722.9075,224221.5082,302537.6804,283947.0648,330879.0742
Isoleucine1,52302.50331,86201.85754,44856.504,48060.432,52676.38671,59264.41179,89673.02213,68329.88604,37373.84152,91719.73708,69282.92517,113696.616,76151.77684,34602.4,42871.62533,50203.21267,68316.0725,45128.37377,63090.624,37447.97292,55417.26567,60198.40493,74303.21786,55979.02562,86734.49306,42543.84333,65641.3065,55865.89717,57307.914,57580.9456,79635.65775,53010.17929,52526.41692,69950.71078,61466.49678,52074.45604,39706.52327,58811.67042,39807.825,65229.89297,44539.879,66660.19606,43586.95775,47327.99605,62838.41859,44087.5,47350.10867,50327.90194,59145.45756,38625.642,52600.51385,22767.38444,39974.89588,9820.208423,25912.074,19671.745,16756.11715,24469.85195,11796.53746,29627.53009,16351.6925,37509.12658,7008.708857,16499.27779,22200.31179,20666.78421,27942.369,17398.39708,165706.5584,21307.05489,40428.08855,25805.92238,7807.878818,26372.26891,29433.38742,20615.24578,15607.66442,19410.86817,19369.9152,23101.48093,19643.968,20283.31393,40343.20395,31786.44373,48311.32706,45844.45667,46362.36303,10062.50915,7698.903395,13611.93367,17131.1526,32148.6496,20935.55356,14169.62669,38692.67015,41843.82994,26474.9685,28052.6976,21650.4645,41269.64524
Isovalerylcarnitine (Car(5:0)),8217.2435,528927.5034,29510.83571,11379.96975,21961.91033,19313.92092,18569.72367,17368.02,21165.622,24809.8225,361022.9431,51205.21075,23882.8935,6441.12,20965.25275,6454.1538,17875.95333,1730138.128,21880.59657,13080.38683,13216.88608,106190.245,13516.83729,13413.40408,64273.28321,8521.3776,17613.5299,11924.20378,19719.045,470255.2,39172.185,17689.034,5390.329167,9978.634167,19127.21417,14731.6715,15038.31242,20041.1285,6101.6124,24309.978,9698.84825,21454.60089,4201.248,8994.1932,28915.51433,11126.968,8383.805167,25676.734,9977.992,13742.7392,38989.97143,6608.3963,22522.9515,5866.7741,31857.497,4710.9699,18041.81225,19443.89742,1,1,32237.08917,15970.37792,24666.381,1,1,54030.22571,26729.1475,13186.35025,17645.07242,54691.58893,1,41281.8105,9823.857833,57210.6555,20646.65944,356379.7025,29635.28667,50823.069,32631.158,12659.11533,41412.096,139650.3127,56842.976,24770.207,68531.98972,28463.79767,28206.062,18683.10283,13296.28083,27235.292,11639.012,18250.09875,1,1,23329.44493,20318.98929,146995.9138,30087.623,31022.81421,17700.47108
Itaconic acid,12433.05833,21145.4005,21213.39444,11508.31942,13785.50149,10665.96629,10063.12472,12448.44018,11688.8785,15497.76,10199.10924,12050.03705,14409.78501,14948.17994,14673.834,12338.57662,14794.0485,15531.68642,14297.6711,13786.75398,11727.09453,12677.67088,18769.86233,15342.29505,24948.96895,17302.11221,12175.69467,13407.3404,12854.00441,14819.39144,12775.93981,16541.96593,11631.07424,10060.80575,12990.01442,15940.97719,11085.06369,14347.6583,15942.46226,12427.62425,11208.11541,17705.24733,19855.17872,15160.90921,14777.15542,11119.35525,13598.88057,14649.42468,11720.63401,13327.23753,180766.0048,155680.5741,182699.2353,173922.3123,206885.5827,179548.8017,162779.5515,170711.0232,119519.2277,169001.0057,174294.4063,206835.8686,176980.3887,163580.6236,166350.347,118209.5615,213973.9054,172953.0632,175517.4947,176532.2508,198079.8242,134808.068,181574.1359,185821.515,114963.6904,156195.7965,190977.8768,165058.9409,158453.5037,179752.4448,204107.4397,200762.3781,223052.3949,152524.5715,243377.9753,208328.3085,168169.5057,188134.8215,186861.5768,178440.6888,167299.1679,190600.0171,212081.8229,193276.2407,187902.532,201293.363,175418.2189,178754.048,192009.0284,197825.9289
Kynurenic acid,32050.15275,20717.48908,3050.667196,4958.434636,2513.019399,126046.2536,4039.457625,1280.522635,908.6117926,177.2128465,362.129969,30678.73667,483.4141265,23853.35036,215.373606,202.7566027,625.7826328,3093.598043,1664.798637,1075.321629,2687.634316,5491.264573,425.910836,1122.333333,1983.311852,2689.086588,591.2633735,1036.806556,2322.088563,2349.131667,378.6670654,22376.67708,1805.185,263.0846506,1867.895976,1202.583375,105797.7879,1098.070375,157712.3059,1336.556667,474.8409419,930.8438125,192.820512,212.7048627,480.7783974,191.3153393,19181.516,795.8270462,822.031487,1678.162778,115.8320051,1,284165.4803,261195.7981,394177.9114,1957.862586,224656.3953,110.849101,531858.8271,524758.8522,597524.9901,265.5318647,952368.9902,3271.481067,527900.3032,4029.698793,226.357582,338441.8595,281031.3088,945.9615446,302615.7879,15899.8971,426507.4752,115.4340524,102196.7209,114880.5996,48170.85636,361228.9115,588312.8411,1,463196.9476,416059.6684,264241.9669,379.6984808,1757.141378,1,3590.558313,460583.661,661458.9928,1,93928.27015,174412.3318,30595.88808,557.9775376,67.03692933,31.92546731,490219.4024,197187.3971,151694.1233,50755.93015
Kynurenine,11778.624,21085.8516,11943.85485,7280.202696,5996.1922,9403.053257,1,4288.04136,6598.140889,5858.077667,13926.31415,12449.50444,8878.046,4731.73152,4585.810727,8218.951014,4893.728,15955.104,7305.586977,13842.69,8588.39122,29444.715,9873.502811,9879.3444,16301.29904,1,7269.079386,4180.419611,5742.514708,6549.659071,5563.795781,6480.920966,5482.15988,6908.125984,5244.429984,9648.293586,5157.807136,4678.8115,7328.456813,6052.3916,5061.2175,7825.950068,7098.680455,1,5836.637903,6311.230655,5638.728857,8337.8295,4893.593294,1,8738.721586,8019.281561,6207.289179,16317.65409,19827.87746,12045.57785,44231.95738,15434.90727,23699.91217,9372.916,12724.76373,7089.918,29904.66334,6053.604375,34587.76335,19480.43623,7575.117674,5906.0815,8499.959523,37518.98377,8880.783,33364.18695,29215.74792,15519.4125,17509.06318,8812.38,8864.518919,21508.06938,25898.57316,17969.34612,19526.50655,32790.65471,17115.8571,17516.86631,34526.24006,8845.996296,11805.13856,7307.963721,1,14994.72879,12379.4663,13049.42395,1,10523.6989,9689.699367,4883.673281,18732.76929,17052.89568,16560.76588,22905.036
Lauroylcarnitine,43430.07875,51631.223,119770.6288,45318.54878,43213.41917,44105.91621,49963.2,22084.8768,31648.45765,60259.46985,48295.41562,68245.81935,14224.55257,51312.62617,76029.8217,28196.542,27239.90738,47265.504,58984.31028,23953.48954,42335.39413,131498.6294,29275.39986,24191.06746,139778.3022,36612.91929,13276.5867,53050.6548,18541.83453,27334.4965,23984.79947,42613.09135,23714.75723,19526.32027,8988.510208,43623.63493,37587.76758,1,91742.10306,19013.5152,18989.96681,49850.05403,84115.03538,27479.11981,38322.70676,30179.277,33000.5683,24294.49253,33982.99543,34788.9366,19092.07488,20559.38432,104575.7377,117973.3433,89681.3895,26077.62857,35397.36167,21662.50172,77445.80491,79739.1495,151350.4595,99408.60957,151763.8718,125536.0029,93242.20338,378553.7706,37225.94133,66925.466,33317.53986,28094.91455,18900.12404,33792.43636,90199.152,50961.29533,81311.5068,32668.46292,33807.15643,55287.89067,77941.29353,44324.66057,20797.76691,40992.37875,59909.58825,31337.325,34825.53433,31014.831,93690.808,60873.036,41178.50311,19591.01743,137058.2876,40005.58547,13353.0906,24386.64588,48229.574,24499.43331,79788.11256,90825.03953,83291.95435,121841.2895
Linoleic acid,82702.68821,77548.22092,79020.57944,86382.86,64136.6895,43995.81504,58449.17025,51820.43046,23376.29877,76467.3195,55774.20769,42654.87,33702.94133,84199.875,77659.05894,44698.7295,72274.356,52362.04368,72477.12867,59821.44808,42182.24,31750.3902,17261.44063,20983.38361,42270.7636,71690.65987,39904.5964,54292.78612,97103.47181,33154.9785,30320.8707,56998.46487,42460.3368,60039.59677,19285.88513,40169.75738,47013.67543,38071.9325,33171.8725,17575.1205,18761.9417,54293.76782,59606.94942,43295.625,18842.29821,25866.26743,43353.288,18591.99275,29214.68165,39987.54271,75541.15091,78324.68947,132341.1625,96852.95232,44552.8473,86318.90533,86516.64732,45024.0624,29851.72703,46352.98292,46384.119,39552.59672,48852.04182,75090.68697,49253.48557,83084.42724,36152.987,37260.624,18454.55147,52167.81882,61488.47172,48384.13125,68491.37915,72875.01067,60798.72745,81282.60016,42863.0838,43232.89717,47145.53825,35099.20364,23257.12871,32220.60355,55581.675,25807.43486,25563.50625,29442.96682,92299.88329,51301.67117,45629.65592,21170.8629,54927.29485,29524.29031,37106.40938,69946.786,30383.33932,44423.457,63427.6775,36983.96132,46052.44669,43029.8046
Linoleic acid1,1441561.1,1618880.472,1616750.291,1969744.976,1263160.153,1397534.067,1554395.731,1159396.823,512471.3322,1842270.286,1486755.557,825852.276,620605.86,2113839.036,1578274.446,924113.7687,1607149.567,1179363.627,1390454.595,1163168.593,766231.6937,672836.0982,417363.2676,613947.4678,1044891.126,1810981.818,1013807.105,1468797.382,2216614.73,699013.7577,636860.0209,1535108.304,1256115.757,1445906.86,428867.1265,1016909.891,1392213.163,901992.4025,1097408.693,440611.1886,486836.9791,1792783.573,1677059.347,1286045.391,400746.0859,692062.6961,988764.35,434853.666,809709.5502,914007.5826,1728345.904,1020551.446,3083271.536,1674052.964,729607.743,1399952.967,931232.361,633327.2765,426129.643,610948.4613,726548.6346,657162.9951,747552.9683,1870090.517,847877.3179,1863309.197,654080.9952,865666.0679,281115.2096,1021118.029,1182243.198,826589.1576,1149257.151,2140268.041,2525842.23,878561.1903,930019.766,679282.2824,850677.4276,591222.1511,305146.8077,710851.8157,1379346.214,502818.0625,493618.637,463022.5874,1919649.673,789237.6427,749808.1724,263818.2648,1325967.844,408627.4558,859565.0379,1272859.913,548847.4145,607009.928,1190376.72,793671.9188,710856.861,1025574.876
Lithocholic acid 3-sulfate,444.2336086,1658.126333,1,151643.4079,51.52989766,5611.474333,22186.0443,1,9983.348,1,20933.815,1706.972222,1,310.9197362,252.6410853,2998.009,62.836355,970.230625,229.0945654,11880.60325,3898.222222,576.9525824,1,7538.305,90601.38046,52.02681356,17981.71182,1,1,8721.857647,4780.866345,4336.678862,1,1,1,1,3398.13775,1,152.3567702,1,1610.56115,1448.125286,1,2156.163625,241.6992777,1,855.0706945,1,1127.964938,1,1239.533642,59.38863355,48148.82554,36.92410042,40153.57963,61.82244084,1,403.8731137,50178.99854,50199.899,337.9536059,48386.2468,6481.290667,5289.139081,1,1,21662.4092,1,159.0441828,22769.8865,1,1,1,1,11820.88404,1,192.5470984,2538.830021,4940.172221,1,1,9079.019056,727.2354751,36162.63204,70032.29462,10557.60098,8833.996,1,423.8037606,263.6469398,127.8044976,73.26773059,45465.675,50.94138915,1,166595.8251,57.15655345,105.353424,51.7284036,1
L-Octanoylcarnitine,15775.03825,9684.3465,35045.45793,28762.15758,7929.687,10869.74369,35099.2928,1,8602.017111,8522.945357,11017.755,6192.083333,5790.125625,11083.93792,18384.50257,10579.959,9768.5955,24949.21875,9861.730357,10956.64792,30783.89689,9998.6025,9787.5159,5003.662222,10109.3755,19872.17422,2929.925,11050.6516,4395.2925,9089.304167,10149.5853,2954.816214,5037.1528,15881.04062,9144.504,17332.35255,13169.5455,6921.6,2464.088769,5606.3472,5604.6075,8698.028,13566.21143,8352.443429,2725.73125,7466.92,15883.782,19430.27667,17441.55,32311.28794,10060.01357,23815.12262,14935.04931,10300.90838,36739.70667,4731.096364,102825.4182,8926.450313,15470.15914,24692.35909,40648.48225,22281.49517,16063.91062,16164.904,80979.26321,49702.071,14684.2625,26954.38586,7592.695313,21212.47592,49529.67544,46403.03111,9073.78805,14041.91767,27826.19341,13214.59364,9617.475375,14557.491,20199.391,19370.73129,30511.19937,69630.45556,35773.9832,9755.854,5921.384667,1,50078.3598,46096.0669,1,12922.2,15242.8325,10802.00622,1405.45125,83228.11039,9259.293531,13002.71562,28413.789,13038.852,14836.67762,2451.25
L-Ornithine,1134.24,1676.102278,1,1129.0185,1768.791,2079.2764,3277.254444,3052.4832,1919.79025,3049.031444,808.7827857,3260.5524,2261.339444,2452.332167,959.975,1190.403714,1796.73975,2782.169333,1,2613.533045,3448.1915,2989.419231,2408.4557,1933.467938,2380.29625,1989.667,3445.4008,3463.516,3766.523056,1979.109188,3879.263318,1213.809375,1,1187.5495,3115.737455,2418.0084,1432.883857,1198.8695,3229.405609,1856.379,2446.0911,3222.3334,2878.9725,2192.833778,3798.534227,4719.754125,1,4196.876864,3859.575417,2022.03605,1040.434,1,979.5169286,1641.317,1069.638,1,1,1,1,1,2198.3355,1,1,1,1,1,4273.6444,1,8027.903875,1,1,2001.899222,1,1,885.3620386,1,445.9803906,1010.7328,1,1733.857563,2607.718611,3135.289909,3912.1284,2589.706444,8277.709846,2275.84,2038.2755,787.574,1532.436429,16210.64429,1,3498.03475,1,1,1447.676389,2464.4186,845.5978125,1232.544286,1,1
LPC(15:0),77317.50263,83292.09016,79451.46,48341.74423,114631.3937,164604.2436,153063.1396,511143.2415,242249.226,210117.996,76628.79309,214177.9986,121444.8079,185962.8294,129885.0688,100446.084,180888.738,126633.4803,68982.984,254193.2109,256326.4033,96938.82,195665.0966,65704.32923,76305.417,103117.8915,472132.1353,214417.7472,869935.9684,258027.8762,237399.6124,193211.6591,128275.6077,92709.00514,182594.757,183936.1676,414710.245,148860.1014,209919.4603,110684.1913,249833.7573,166082.2527,348084.1902,194518.8941,643931.047,707762.506,97276.09867,279602.0109,162569.47,212197.9396,343107.5072,81744.43333,154702.8787,14213.976,52724.93882,33393.8335,32533.608,26782.20418,34672.24556,38403.00134,61093.45705,33777.11583,40443.08564,8874.751687,21483.58091,71718.02338,577113.2244,115047.4771,36697.78692,56630.493,56972.2545,33165.55745,71162.58443,44646.7375,85046.03152,67078.54809,77878.34667,40223.22179,24724.23829,61791.72677,292441.2309,133139.6438,70912.06887,286873.0034,11983.18087,28161.09031,33816.82524,76421.40733,67933.55629,22916.21018,34836.7605,221970.5348,142026.0558,55104.412,37031.88837,69608.59836,21973.98171,180517.3317,173401.856,69572.944
LPC(18:0/0:0),7435036.653,2601402.032,5873886.297,2602246.819,6444566.055,7743962.864,8598768.944,13994408.79,8875097.666,10375799.06,7606327.632,7976265.956,13246995.94,12679712.19,4844628.868,12642868.91,12658773.92,11954102.62,6438625.812,9943272.426,18291317.03,10056497.42,10460015.43,6813135.763,5121606.815,10582015.65,15067945.13,21209253.34,20627145.4,8276571.25,16308000.51,7248891.527,13501741.14,16020058.91,15336128.13,8725245.399,12020885.86,14272069.07,13612066.35,16003166.93,9997445.938,12500061.06,27176857.07,21846927.49,17365135.19,23885122.39,10630494.67,11781510.34,15130673.2,16323151.27,6274640.147,5949002.184,7494417.237,1073453.43,2845637.14,3507086.997,4074759.935,2065746.014,2494763.577,3956837.605,2751360.216,3112256.959,3287706.214,1262787.876,2016454.506,4816313.174,17711428.66,8725940.708,2408427.562,2496416.855,6130102.984,2337315.231,4307886.235,3021226.41,4338415.327,4896092.046,3912336.852,2253180.483,2580380.37,3555870.924,9573404.471,5781263.805,4344806.614,14700016.94,836341.188,1964703.904,1594327.598,4137883.848,6081428.233,712424.5184,2077321.216,10130996.13,12360586.22,3136066.871,2621643.113,4705272.772,2001080.531,6543529.191,6302448.753,6238277.356
LPC(18:0/0:0)1,1068793.55,305256.9175,749678.6943,309786.861,841538.6154,898977.0689,1078193.576,2221736.096,1235110.401,1567744.035,880895.1682,893836.164,1841603.039,1853762.609,606211.4184,1720168.299,1636648.796,1546701.033,692060.3523,1300012.325,2862222.817,1157440.636,1343968.835,842092.1582,567294.0557,1421179.936,2174695.894,3531594.434,3259399.559,997013.9368,2271065.826,864067.8411,1647907.213,2146862.292,2093601.412,1075623.429,1,1759177.156,1741127.089,2346920.57,1222050.699,1472230.234,5327134.106,3611795.863,2482683.308,4237291.459,1426970.102,1603989.588,2079384.649,1963141.07,1,834264.8743,1035951.918,129010.9139,388740.0632,449097.3649,554685.8658,261258.8969,323690.9687,484853.6947,1,367677.2201,415571.4577,135897.972,229551.2691,580794.7844,3232371.493,1149768.033,297978.6458,324496.2717,795067.6125,278330.9866,564292.6451,382255.8319,550650.4493,642697.5871,471561.8184,266222.6952,322656.9477,449219.4768,1444191.733,767725.6895,554873.9481,2194492.911,109312.3463,237679.3604,202230.7329,555366.473,745036.5456,85415.7824,225700.5594,1384289.775,1816780.645,441792.8566,289001.7681,608443.4089,228406.8386,858116.772,798352.9388,812243.2017
LPC(18:2/0:0),4780321.936,2140951.539,6411638.91,2220626.951,7028745.096,5199912.207,9860670.175,11492324.79,4076889.931,11627699.58,3564943.968,4581389.747,11350161.46,8070303.124,3574527.924,4381227.84,11219560.59,8078178.798,4831528.867,8227980.82,10819231.6,5451341.655,9655077.064,4992195.949,4627433.428,9289799.786,10931899.13,14787542.11,12243270.56,8609438.588,11452256.56,5836550.64,6434756.005,5739486.092,10754331.16,7175105.044,10986355.08,7585108.8,6298632.063,10636830.05,4764363.005,8295276.121,9478057.779,6742214.9,9032411.781,11224823.41,5423163.626,12513885.25,10086092.42,15447498.4,8730272.224,6053882.238,11256293.29,1208104.136,2470454.119,5673616.549,6709632.384,2278137.785,1323876.698,2070563.283,4267447.402,2156714.801,3072944.665,3264152.113,2852070.989,11280182.48,7758877.265,7411047.228,4684604.39,1114779.613,3833778.717,1178192.052,4758119.753,2647115.036,4502285.8,8340047.408,2010597.201,1653005.666,2596069.602,3215327.957,3641461.449,2521466.445,2174301.979,4149018.418,487662.6652,1151359.25,3106024.931,6806561.272,4091718.564,1176977.924,6170795.064,5946017.295,3867048.721,2997814.425,2703309.091,2227301.208,2485610.816,7711217.052,7182280.834,3551111.512
LPC(18:2/0:0)1,87137.82706,92963.22267,289110.2255,123045.3166,141507.2662,72484.22042,547037.669,507600.2943,250518.6002,467280.4147,1,71985.13416,673873.6155,127756.1651,196347.5443,168550.4474,1,202879.7252,1,478572.7816,490101.2192,77277.86796,111415.4287,80274.8207,59184.41472,365329.3603,546914.9404,1,442063.6904,486932.2893,119156.1617,101907.3558,273718.4917,89001.06687,470307.094,280991.0835,379660.3949,330277.8222,177099.1028,108374.0276,83814.74259,443673.5809,509504.1901,230559.62,419950.9652,647100.1142,261342.7186,1,292208.4545,1,435281.8279,313212.4477,1,1,46053.03292,222471.4507,320839.7871,93581.81467,67309.84916,89908.9082,1,99351.52635,1,88258.60863,1,1,424664.9169,254480.4906,161540.901,43233.849,1,27495.84197,197774.2284,1,120227.8117,370862.3565,1,25295.16367,1,40387.14665,69797.87267,67175.1175,98602.55906,140424.0144,1,18045.24657,41209.797,1,133573.4122,17528.94342,163200.0011,62131.71774,248201.6391,49581.22192,1,1,24329.17539,337800.1596,223760.6125,52370.9145
LPE(16:0),252222.8999,112547.1955,291400.7085,32911.82853,226798.3165,213552.5022,271002.1733,532487.6978,226499.5819,194621.4935,140573.666,181256.3002,359383.676,425694.4852,208358.0223,119549.8981,356260.2519,209099.6197,230831.3325,146085.8315,441198.8321,188661.4004,109977.224,136104.704,141530.1586,216975.7724,501312.8882,454034.7714,230871.3512,210063.6593,296276.255,116746.1974,186089.0541,235936.4144,269783.0748,292311.3308,292688.0888,309609.159,218122.7637,390076.6971,180847.1696,288930.6839,482648.7023,203626.5117,517313.8477,261684.4869,143648.2732,225077.4763,219954.5611,259860.9,305694.09,188492.0876,355121.6591,132130.5962,201028.8676,73238.58,113162.7707,72064.58471,66353.60183,126296.4292,187545.229,91231.48728,111723.1438,67318.19021,80421.41396,232734.771,713911.5804,251101.7607,63773.076,48749.82,95882.21511,52617.47748,109767.7697,80039.17133,159183.3489,299567.5004,133932.3216,190485.2551,129523.555,101220.1299,480589.491,513884.0516,238126.1288,360703.8053,132507.8961,45062.42891,113220.3629,127939.6002,226696.1525,34835.50223,172638.2908,327464.9136,210141.216,341204.1992,113568.2195,163593.7178,103126.4855,314749.9032,310171.4702,174261.7629
LPE(18:1(9Z)/0:0),49431.8221,30909.92233,116514.9297,21618.83388,115174.5595,67871.15828,65414.0053,135756.1712,52722.24605,101997.8147,54539.08833,66451.47462,129533.3143,128271.0123,72906.14534,56416.899,141522.868,76099.813,75848.1567,73300.87185,131099.9723,58656.5795,113530.1586,61776.92912,65921.74041,73747.665,181774.1136,142333.6623,93810.57895,93785.75798,158221.3597,57204.64933,61599.27253,64112.344,63685.6395,211225.0128,95734.93965,91992.87189,102336.1832,128756.7479,92950.15134,67905.46368,54151.5355,68054.83271,125719.694,65237.20653,51394.05516,121823.6097,82755.4275,158343.7145,239405.0661,135371.6521,259899.5775,97450.72718,47309.14582,103296.5167,61582.62086,107856.8326,37319.13216,57616.49544,237640.0707,48681.48829,54286.244,83480.90405,66686.56027,306909.5026,127295.5536,184208.0681,170447.5643,21152.71963,54982.46857,32487.8055,80620.8,49676.7764,111069.3455,403088.9481,44443.4312,97559.48058,70998.72,67960.25141,127092.3578,103602.7964,57075.3423,41001.77025,42108.14833,21797.226,102160.9869,53437.69131,190153.7724,28426.61111,101002.835,50494.26994,34794.91385,66947.68229,42191.93688,32663.94132,50677.1375,108366.0528,112768.341,56225.70545
LPE(18:1(9Z)/0:0)1,131689.4178,80679.06,289506.8113,38337.21489,279050.5587,170846.1598,250044.238,561237.8688,187375.9574,384857.5818,163112.792,185042.0566,613265.8957,560794.0814,242622.3417,195327.5288,485425.9066,264644.7199,256057.1257,241711.6213,502613.5437,180364.2413,340173.6077,195927.2291,163492.4712,260512.6619,685893.4068,675586.4357,561995.546,309403.2068,684897.4088,230481.515,256198.1773,246589.5634,293334.4965,777485.8271,390901.185,462743.9389,313061.0495,469282.8249,270546.5014,277026.9775,411852.2405,318681.3139,566635.3859,464196.568,169158.5057,421058.3894,338362.5272,475852.2806,481949.4218,256350.2276,557747.245,121890.1637,91373.67248,158901.2217,120422.3398,173031.3321,63951.77132,79677.46446,403817.8091,85298.33303,109773.9519,154062.9257,131592.0163,690823.1027,446037.0591,421630.3864,237966.4748,44739.27943,107028.9224,49341.04334,157103.3389,98459.27628,860623.1786,237389.1016,81669.84285,142114.553,137748.2807,158694.2866,452435.7833,303333.7414,185626.3258,197395.0749,61364.22938,39608.22138,174989.4638,135157.7235,309899.9021,35213.81803,154339.7465,157333.5516,156971.8714,183139.2587,63551.70625,85564.38083,69184.41429,300180.0328,342411.426,119480.7004
L-Xylulose,3300.1923,4350.409479,6970.550129,2665.411111,3435.351111,4713.97205,6536.842273,5461.061864,2845.795889,3083.626174,7373.3205,2475.461175,6594.40725,5733.603158,5094.374133,2011.508087,3582.946154,3319.576175,11582.43442,2755.342,4491.082974,1895.047568,1876.175053,2173.329529,3420.547125,2696.758857,2743.880789,3043.115333,1718.528889,2587.93075,3854.638353,3233.887043,3518.6445,2377.8898,1899.75618,2566.0015,5070.186075,4002.205649,2433.741406,2730.353684,4343.440077,4505.13187,1447.249286,2191.218366,2348.315765,1334.736276,1961.08615,2343.180556,1761.502667,2758.862975,4516.736296,1846.857173,4461.416375,2711.408,2670.944379,2208.844212,1253.723182,1990.9435,859.4157273,5564.038962,1766.2975,5539.769357,5187.134986,4403.73,855.477,3448.631423,805.3644524,2408.7543,2343.476167,4889.659135,2411.483074,2220.371813,3413.3895,5063.922353,2908.396154,2644.636852,4585.580462,1975.917804,4463.094545,3827.211405,2219.261304,2942.87616,2943.36984,2505.123074,2626.454697,4494.4368,5740.636767,2433.998583,1855.968068,7253.605587,4467,1358.686914,1234.834288,3781.988078,4140.636563,3358.931333,5844.8095,4966.776242,3921.203478,4019.945071
Lysine,13749.29297,17613.15738,9175.784933,13778.49643,21250.23534,23586.0195,27089.08444,21523.5345,21731.57363,30016.392,11607.51484,23698.795,16752.928,14905.737,13939.088,13290.52145,19339.29635,19591.9305,20600.17006,17413.98618,30261.97778,18117.07422,18512.72775,15927.94656,23753.50313,18997.89056,26178.052,19232.40047,26767.71794,21010.2585,30500.925,17745.31324,15723.87469,14992.00971,18128.27684,15962.43335,18202.92743,19786.3242,14212.67466,20542.16774,21951.96116,20989.25644,21099.08556,16687.17529,30949.90235,28852.64241,11215.2048,25793.57003,20895.71063,20578.98212,21386.45458,6541.806765,12407.02289,7950.6549,9241.624313,7607.290031,4467.2124,7307.7977,3888.261667,5807.678833,6148.391875,8161.425,5129.1625,6812.227474,3519.197136,18024.87126,17205.25074,7724.897526,14340.5341,6780.568846,9923.222077,7429.1205,8623.003938,7693.2558,8921.705535,11820.89144,5220.531333,8799.066694,9393.565688,8084.042,17470.56,11672.95066,11167.90563,11435.53388,110018.8494,10953.04988,13155.754,5584.233842,9473.830037,7678.014395,11952.14282,13281.74262,5292.584,13415.94836,10753.464,10674.25788,8632.272188,8560.444235,8755.892,7792.1629
Maleylpyruvate,1,2271.415909,3319.552762,1644.591952,1622.850894,1,1,1,1,1437.381,727.05925,1,1,1764.349615,1274.145,1602.458276,1,1,1,1,1648.037881,1,1,1,1,2342.909714,1,1,1,1,1,1902.5475,1006.802963,1,1,1,1,1,1,1,1,1,1225.84818,1,1,1,1563.162182,1439.284421,1,1,18305.35904,6018.7668,7690.069957,16680.12692,18995.89538,11023.119,17810.0055,17211.52862,15048.57784,17107.28705,13990.44267,16424.92005,16949.9989,13927.88258,18399.24069,11691.70909,15752.87716,17625.89065,20875.11242,1,15524.27995,17532.46143,19121.00712,7276.53013,14624.33704,1,8710.33856,1,7267.8582,8215.745864,1,2117.704206,1,15635.43945,13638.85372,1,1,1,1,9039.880603,16363.42671,1,1,5883.494095,1,1,5241.568,1,1,1
Mannose,4494.343152,10783.14688,45597.17322,9703.407923,12879.74287,14898.41857,11773.52133,12993.90429,5510.913286,18096.0868,12980.81577,21990.34117,19310.2096,17608.91022,19769.68667,12365.681,23450.7647,28926.4875,15120.2,6566.241813,22762.10328,25928.63231,15388.9996,20472.3384,20640.3288,11477.70275,18354.5433,7725.424306,6060.287409,12407.78693,22181.876,7172.252875,19737.27213,10056.04542,8161.421088,19667.67109,11278.119,9535.351766,28154.11777,6059.030001,9388.831833,10550.3925,23864.22917,768.8632509,24196.34442,1,10992.70338,5655.338879,9407.855222,14404.91656,57061.37353,63611.82903,46958.5584,90790.07593,69038.32276,209713.7832,246693.8337,45096.62484,256232.497,40989.96405,95442.98129,34761.7386,62387.14406,212357.4704,298834.499,258517.7316,57361.1198,46957.01235,27894.34255,62497.24477,46602.4085,458835.6983,190595.5945,70950.44023,50192.7264,139378.9686,28863.252,85254.38208,59136.2944,55288.08425,305031.6966,348867.3413,45067.221,25854.14254,103401.8794,45386.03705,171003.5329,73500.08842,31377.22697,58728.66413,73230.19989,27553.86197,44707.44311,134861.4438,21913.52753,36353.52552,32337.11846,63590.58,58913.75126,31133.78615
Mesaconic acid,12433.05833,21145.4005,21213.39444,11508.31942,13785.50149,10665.96629,10063.12472,12448.44018,11688.8785,15497.76,10199.10924,12050.03705,14409.78501,14948.17994,14673.834,12338.57662,14794.0485,15531.68642,14297.6711,13786.75398,11727.09453,12677.67088,18769.86233,15342.29505,24948.96895,17302.11221,12175.69467,13407.3404,12854.00441,14819.39144,12775.93981,16541.96593,11631.07424,10060.80575,12990.01442,15940.97719,11085.06369,14347.6583,15942.46226,12427.62425,11208.11541,17705.24733,19855.17872,15160.90921,14777.15542,11119.35525,13598.88057,14649.42468,11720.63401,13327.23753,180766.0048,155680.5741,182699.2353,173922.3123,206885.5827,179548.8017,162779.5515,170711.0232,119519.2277,169001.0057,174294.4063,206835.8686,176980.3887,163580.6236,166350.347,118209.5615,213973.9054,172953.0632,175517.4947,176532.2508,198079.8242,134808.068,181574.1359,185821.515,114963.6904,156195.7965,190977.8768,165058.9409,158453.5037,179752.4448,204107.4397,200762.3781,223052.3949,152524.5715,243377.9753,208328.3085,168169.5057,188134.8215,186861.5768,178440.6888,167299.1679,190600.0171,212081.8229,193276.2407,187902.532,201293.363,175418.2189,178754.048,192009.0284,197825.9289
Mono(2-ethylhexyl) phthalate,3210.9369,3199.299526,3302.36909,2444.257472,2989.610925,1,2184.46,1989.0185,2262.426643,1,2532.485053,1,2521.822886,3256.67004,3997.682045,2984.513926,3028.927463,2726.549474,10654.92161,2518.520579,2386.6036,3411.098632,1,3214.727261,2460.789324,2977.555,2527.823111,2673.890526,2645.605417,2456.944737,3343.789167,2403.405,2347.82835,2264.094711,2674.388091,2392.594286,3267.115029,2431.959286,3053.178333,1689.438,2374.4955,2421.38532,3091.9156,2569.88125,2163.557053,1722.510833,3278.387045,2023.263,2819.424559,2046.293889,2716.267429,2284.191348,1,5431.815,2498.961857,4386.173818,3239.423913,1895.421111,3435.717,2051.26052,1,1,1,3195.628923,3006.005132,4186.52,1649.779068,1,3258.29,1905.947024,1,1,7550.764722,1,2195.840286,1,1,1,2655.79187,1,5602.477261,2039.863,2646.043094,2072.044783,2875.152487,1,7433.135455,2017.243826,2831.990118,2821.782297,4314.801886,1,3020.245914,2871.766636,1,1855.976,1,1,2326.403939,1
Myristic acid,28940.07538,56308.51448,70464.8215,65671.11027,46963.80596,24830.98679,30326.67554,28457.897,17335.02021,33472.25402,29368.15921,29894.10838,13058.775,49032.4806,92395.03459,19646.97768,25225.85219,13592.13703,19724.60571,22470.09136,16268.90185,13440.4598,11440.58754,8392.027893,25407.58167,22877.96536,22551.1645,23143.7985,224356.378,20885.22057,13112.65704,52921.89732,23672.20029,25821.54991,18796.86795,21882.96371,25083.31331,15687.39,31381.55789,11880.56716,15929.40585,34623.51793,22947.21386,14548.36066,23167.53118,26657.67857,16687.78581,9243.1265,10113.4519,14631.60168,65360.51471,17703.40587,60801.85685,91359.37912,18624.7424,77432.98319,29880.10893,17547.93718,10147.46288,12511.60543,17627.03443,18311.8581,16674.29107,41486.10902,19827.64335,38476.96561,54072.11277,15790.67379,10380.99281,23525.87902,13686.20612,19587.613,27270.5943,23441.71013,53577.29607,19506.3339,22800.89018,13544.6553,11104.95809,14973.09006,16562.44943,13803.8069,22619.30629,8373.043891,10721.33747,18805.85823,27563.39237,28522.30381,28409.35007,6867.160761,21723.76779,9828.24761,13775.96148,21003.014,9027.619929,19632.14261,26650.27607,18968.03469,20447.94359,25565.36595
Myristoylcarnitine,31519.0445,32361.706,63740.6655,30642.86842,41565.10075,26579.81864,46172.699,34125.85903,28660.83589,41030.34367,27893.26283,42112.93461,17674.00934,40803.34843,57079.451,21622.98075,24560.744,23413.71733,37547.93167,26101.11528,32608.8383,32399.23632,20535.625,17363.6154,61184.22947,22046.9565,20368.99272,76802.96267,105145.128,23653.74309,24786.29767,28100.35636,24811.77006,21385.16125,10068.25244,25599.85938,31490.73272,21138.08923,64442.6784,23205.23461,21501.17614,39126.81018,76315.30977,22775.52764,72876.03765,167601.3737,24321.19263,25174.11771,21831.69139,25507.27753,17751.11091,15530.06175,53200.17905,70555.91393,35072.6088,9977.83631,14917.08706,14416.67548,15485.6724,32303.20637,35462.53556,34502.2937,46728.05598,24339.8246,16128.6255,71747.5161,116955.094,29493.67824,20684.09269,13898.80194,8029.334933,11712.64097,30352.231,26357.355,31900.10134,25804.096,14762.01994,16810.44785,32977.24835,18207.882,8116.981882,25018.15257,41598.24,29923.55083,19484.28714,16581.16428,29611.52106,23855.79411,20553.2667,9087.428219,95159.27475,46617.81754,28862.66331,19668.864,19361.30325,24251.71763,32934.98386,40796.87204,36528.95952,38760.43512
"N(alpha)-Acetyl-L-2,4-diaminobutyrate",14642.46489,1,6444.1547,9964.588833,15778.88065,1,11736.70833,1,15560.52553,30616.8192,15249.01108,19163.36735,17891.80723,14645.11388,9451.776643,12360.82942,14577.09176,9817.811667,11816.51455,13931.898,7696.594,22842.4644,15813.262,9629.759063,14228.44183,16059.05825,19119.00308,12562.83963,12942.28923,19754.02509,15446.70545,20600.50286,10451.25733,12775.97671,17006.77631,13479.00188,1,19688.17725,43174.7709,16757.09854,23942.37386,1,54265.43052,11202.41146,11971.89686,15438.916,18175.77092,18873.05455,1,12021.656,2096.6062,1,21059.035,11293.58071,7610.475692,1,97459.52057,38443.47189,52411.328,1,129939.381,1,88605.447,60052.65104,14493.27646,131520.773,39959.03912,43133.37039,1,50938.661,1,50617.63649,46073.02724,4157.184842,37077.93607,15687.73246,1,22436.56614,82673.26813,73726.33164,103937.8107,136973.392,50293.19379,39764.2887,1,1,3694.345643,46529.73486,114470.4084,13246.24125,106385.2095,22651.95538,3835.1775,52307.529,1,1,12945.21436,1,8731.674,8721.522
N-(Carboxymethyl)-D-alanine,5477.1525,5223.27728,5911.035208,3829.047929,5076.857068,3273.585238,9209.955759,5139.015159,4076.509565,4917.887932,4379.339135,3375.74505,4970.807143,4029.977955,4185.142821,3516.759024,5113.83104,6948.340363,4518.126537,5924.435379,3978.2466,4080.332261,6285.867259,3913.84613,5638.00379,4005.217568,5211.731846,20232.15246,10737.28681,4520.341435,4792.344968,3554.455352,4447.489304,5051.159862,3694.543429,4525.030357,6009.398438,4992.062192,4592.712523,5781.484667,4375.086545,3368.169524,14844.69644,9668.103091,6616.525405,17886.43743,4066.945685,6861.730219,4731.378261,7658.1582,3131.714553,1471.175588,3226.030167,32195.94579,1118.738909,1750.093172,6729.489233,2079.42536,1155.785635,1451.662773,4645.923942,2061.126963,3517.275878,2145.021583,1824.106238,1703.4732,14046.7658,1949.224378,8926.782606,2578.398457,4364.203172,8924.258261,3738.4752,3755.372712,4937.102899,3180.37034,4357.07951,4733.427721,11507.03906,1131.039955,7942.832308,58113.83519,15675.85668,15973.87289,45264.13067,1512.445224,2406.588171,2608.498111,5347.503733,4437.507857,4352.07036,13538.666,17429.79096,4636.39112,1349.085638,11829.20753,3066.603765,5112.687226,3977.838,2778.144918
"N,N-Dimethylarginine (ADMA)",23275.56933,29203.2622,34723.78933,23846.691,15475.8275,29765.827,15413.58333,19740.69,21521.376,23476.8555,13458.269,19311.64029,14667.37225,21017.21842,29091.4475,18661.60083,19515.14367,42121.482,18105.247,22622.95167,22730.86883,55272.112,24296.99633,17127.2287,37256.854,17805.22821,19093.09683,19684.77083,14885.7072,16294.1504,19903.62267,17304.90067,17812.01875,13996.11409,19732.17708,19458.378,13076.91,17918.5214,24308.18743,15749.84125,12468.39491,18960.3283,25698.26533,20419.668,24288.55843,22749.15057,16549.514,15627.4069,15283.6284,15234.75,58357.73333,57715.69417,48434.01825,64372.93889,60700.1295,55499.57767,66356.81806,30103.58906,62323.38267,29007.11888,103281.7442,33853.48194,80252.15362,88229.48839,64458.982,67207.17,45115.6902,42920.482,47008.48727,52591.19333,48960.53732,78572.32913,52242.976,41986.83225,57481.35617,34017.79089,31095.48031,36562.21633,77865.29167,48400.30556,1,99807.5956,50735.24639,43194.41111,114548.7936,30915.652,85442.7275,68266.58523,79731.055,71561.39248,100246.4469,64312.19111,33176.882,122919.4272,36805.51117,31593.50954,41784.58044,49083.67333,40904.68144,53237.17583
N1-Methyl-2-pyridone-5-carboxamide,14775.12656,9413.280583,31549.34867,7719.780667,7042.443,25542.44655,9209.291143,6294.177,7795.7209,11259.42657,19775.27957,22802.79063,15520.03071,6693.473625,34803.90171,5889.77475,3718.4832,62633.56031,14712.81525,16261.26969,1,1,1,9172.378333,17284.344,5196.453167,15002.74205,6886.2625,16506.98308,15511.65,7271.415,12576.50286,10034.3125,8720.237417,13664.21222,1,11599.69699,12726.35188,3984.60975,16834.515,14694.50945,5239.35,1,7092.309167,19343.52423,9449.055,5219.581607,8470.601333,6800.4916,11207.47886,10967.618,22286.4,7533.91,76364.29286,54168.94879,8977.41285,69221.27612,1,76095.41107,1,23357.19455,18905.513,74682.19767,63929.77879,59002.61788,70878.34,18963.3535,10237.0495,1,67350.24038,1,45945.16803,16997.59183,3827.71,33320.6677,1,1,21002.26333,37980.46622,10949.11875,37067.76268,98280.77566,1,18353.4912,25286.2155,7867.66575,37197.52275,23774.96423,1,16223.80392,66789.88313,35036.28257,1,131673.8696,16471.81667,1,10953.17082,64025.38071,43175.678,15284.42943
N1-Methyl-4-pyridone-3-carboxamide,1,1,66329.24222,1,40366.13695,6826.761188,5295.5935,23227.50857,1,1,3897.355,6624.977333,5838.1485,1,10857.30854,1,1,19405.51708,35456.47369,5674.613143,3994.4205,91602.60477,1,1,53396.798,32524.695,6391.845571,4107.381167,1,1,2816.924,1,4721.134,1,21329.3905,1,2535.6603,2776.385417,4363.046357,10904.9982,1,1,1,1,5971.1667,2686.0401,2778.04,24660.09719,1,1,1,1,1,10742.06364,4474.25825,19577.4165,1,1,1,11226.96429,1,3393.643133,1,41881.69569,1,1,1994.622385,1,1,1,1,1,1,93500.46975,7783.630568,1,1,1,1,1,5383.830667,11201.12121,1,1,54255.62656,1,3162.611083,2702.4608,1,39622.572,10498.754,1,1,15349.77168,1,1,1,5560.320857,8412.5668,1
N5-Methyl-L-glutamine,14642.46489,1,6444.1547,9964.588833,15778.88065,1,11736.70833,1,15560.52553,30616.8192,15249.01108,19163.36735,17891.80723,14645.11388,9451.776643,12360.82942,14577.09176,9817.811667,11816.51455,13931.898,7696.594,22842.4644,15813.262,9629.759063,14228.44183,16059.05825,19119.00308,12562.83963,12942.28923,19754.02509,15446.70545,20600.50286,10451.25733,12775.97671,17006.77631,13479.00188,1,19688.17725,43174.7709,16757.09854,23942.37386,1,54265.43052,11202.41146,11971.89686,15438.916,18175.77092,18873.05455,1,12021.656,2096.6062,1,21059.035,11293.58071,7610.475692,1,97459.52057,38443.47189,52411.328,1,129939.381,1,88605.447,60052.65104,14493.27646,131520.773,39959.03912,43133.37039,1,50938.661,1,50617.63649,46073.02724,4157.184842,37077.93607,15687.73246,1,22436.56614,82673.26813,73726.33164,103937.8107,136973.392,50293.19379,39764.2887,1,1,3694.345643,46529.73486,114470.4084,13246.24125,106385.2095,22651.95538,3835.1775,52307.529,1,1,12945.21436,1,8731.674,8721.522
"N6,N6,N6-Trimethyllysine",10496.55986,12832.7775,16382.65775,6420.536,8976.512,11778.014,14418.14283,7755.158917,9596.954167,9767.399833,8321.7155,15656.5215,11981.61,4990.940417,8314.130417,6575.873143,6322.8,50012.13825,13292.72208,7565.608333,21892.39179,22952.90936,12534.9195,7108.019,26697.786,4115.949667,6957.564333,14719.85417,5950.7217,9623.64,13267.947,5886.57975,14009.20031,6739.5288,6212.6295,10048.16286,6524.396667,9540.076563,9612.769833,10731.30933,6778.4555,8069.168571,7610.532167,5259.808,12470.82236,10239.85967,5254.704,9639.0918,6509.8656,16390.3185,14537.74875,7918.018583,20820.828,14788.48393,16870.03571,7183.265429,12801.272,8915.116667,8756.904583,1,23660.45831,8728.260714,33975.47183,14564.23543,26764.854,19054.55357,9340.989,12158.97086,1,34719.34513,12855.15,40312.00536,12960.30469,17536.731,15801.04181,7683.187429,4666.931143,32709.156,40979.20581,8793.2295,26127.1435,35954.8831,31657.059,13775.39033,28611.17745,9604.376833,89862.78518,9863.670857,14317.20471,16658.55085,13425.153,8133.45,4886.230571,14742.16625,9087.162286,1,14066.155,10742.58,11807.825,8904.883571
UM1,1,14325.29377,1,18164.63988,1,1,1,1,1,1,1,12539.78365,1,1061.861423,1,1,1,1,1,1,1135.830643,2403.329684,1,1,1,1,1256.6816,1,1,708.838,1,1,1,1,1,1,1,1,1,1,1,1350.65,1,1,1,1,1,1,1,1,9198.844541,6360.853958,53159.28916,83535.8623,1,34268.78994,10986.98993,11002.27064,51666.78087,23570.45858,35100.7552,29054.89348,1,35603.4445,3977.8545,1,6999.696,1,533514.0959,71462.6145,1,146951.9258,20423.7855,31740.20125,49941.01694,1,23320.3125,122266.6638,129511.8159,1,156084.9956,26963.00469,84530.83267,22410.12137,880520.071,252865.424,1344125.12,10123.48983,22504.18847,1391146.902,125014.3568,1,4392.515714,1,1,1,12269.01986,16635.96164,13231.40784,1
UM2,1,14325.29377,1,18164.63988,1,1,1,1,1,1,1,12539.78365,1,1061.861423,1,1,1,1,1,1,1135.830643,2403.329684,1,1,1,1,1256.6816,1,1,708.838,1,1,1,1,1,1,1,1,1,1,1,1350.65,1,1,1,1,1,1,1,1,9198.844541,6360.853958,53159.28916,83535.8623,1,34268.78994,10986.98993,11002.27064,51666.78087,23570.45858,35100.7552,29054.89348,1,35603.4445,3977.8545,1,6999.696,1,533514.0959,71462.6145,1,146951.9258,20423.7855,31740.20125,49941.01694,1,23320.3125,122266.6638,129511.8159,1,156084.9956,26963.00469,84530.83267,22410.12137,880520.071,252865.424,1344125.12,10123.48983,22504.18847,1391146.902,125014.3568,1,4392.515714,1,1,1,12269.01986,16635.96164,13231.40784,1
UM3,14561.0036,1,1,34750.85571,30260.18016,34188.41739,137652.2176,40830.405,22787.07543,13882.36483,17950.93683,44254.77111,15092.4564,39927.7515,23715.4295,11433.44974,35313.03188,4266.318,19839.81133,60789.58167,4729.895526,15661.31543,21436.29944,22062.59141,15846.9155,71741.72687,36204.344,29790.0486,35412.18372,111061.2627,21675.79711,44572.51642,7024.62,8506.5226,28715.73479,18389.112,57512.874,31636.52252,11415.6209,33676.74765,47691.48189,1,29028.16474,15281.75865,39120.05263,60114.138,25159.08073,27067.26315,19422.91096,76259.73785,42704.18087,1,38164.46025,11421.3864,10547.76067,1,1,9472.164308,1,13258.83012,12066.95313,10977.09119,1,12774.80477,6672.077937,6806.191109,32692.16874,4044.411,125378.5689,36632.35306,24554.71317,47773.0224,3371.721,39578.18771,20370.66861,26922.18502,15166.17996,32267.72546,18415.39963,22920.74565,26086.47745,8116.883571,1,86442.47452,65288.8225,1,60479.2275,32167.77568,1,38021.33129,17101.72598,77969.42788,31433.588,1,1,24597.60468,45454.5315,74198.12445,77380.02153,13208.94933
UM4,3263.7756,4670.447833,3080.5835,3093.165714,4961.520706,4309.6005,1,3395.643588,3947.842421,4561.733706,3144.6279,2901.596409,5217.491357,4275.873333,3337.48675,4074.795605,1,2015.2902,4197.331125,1,3195.97,2712.565423,4367.444016,1,2505.590859,1,1,5110.01245,7525.6209,3399.564667,4073.127577,3119.8772,1,3926.533,3524.392308,2934.060667,1,1,1,2178.8265,1,1,5497.628917,6318.474658,1,3961.180846,2765.715333,3363.108562,3240.846,1,7267.184571,7038.828886,8530.196857,5627.162444,11011.25243,9107.398036,7643.861842,9108.057,8274.56555,11896.63073,6363.154206,7174.660615,4793.741944,3843.438889,7697.669708,1,16784.25038,1,9992.602,14301.87231,5752.247237,9343.298418,7791.064675,8781.157895,7838.595693,8923.1625,9997.0548,4835.6542,6124.129375,1,20087.228,14076.8017,21883.49236,13265.77575,12266.68546,13630.03253,7135.532167,1,1,1,8923.006,23899.60271,23230.74829,15816.90825,9480.468129,11555.86171,16641.01939,12014.40122,10045.53292,8065.089444
UM5,14561.0036,1,1,34750.85571,30260.18016,34188.41739,137652.2176,40830.405,22787.07543,13882.36483,17950.93683,44254.77111,15092.4564,39927.7515,23715.4295,11433.44974,35313.03188,4266.318,19839.81133,60789.58167,4729.895526,15661.31543,21436.29944,22062.59141,15846.9155,71741.72687,36204.344,29790.0486,35412.18372,111061.2627,21675.79711,44572.51642,7024.62,8506.5226,28715.73479,18389.112,57512.874,31636.52252,11415.6209,33676.74765,47691.48189,1,29028.16474,15281.75865,39120.05263,60114.138,25159.08073,27067.26315,19422.91096,76259.73785,42704.18087,1,38164.46025,11421.3864,10547.76067,1,1,9472.164308,1,13258.83012,12066.95313,10977.09119,1,12774.80477,6672.077937,6806.191109,32692.16874,4044.411,125378.5689,36632.35306,24554.71317,47773.0224,3371.721,39578.18771,20370.66861,26922.18502,15166.17996,32267.72546,18415.39963,22920.74565,26086.47745,8116.883571,1,86442.47452,65288.8225,1,60479.2275,32167.77568,1,38021.33129,17101.72598,77969.42788,31433.588,1,1,24597.60468,45454.5315,74198.12445,77380.02153,13208.94933
UM6,11052.52958,47986.6514,5559.125,18197.718,19589.83111,26964.72026,159659.0796,43541.60511,1,11036.20375,20754.00232,34217.307,9521.322647,30543.74167,18445.2,1,26266.62806,1,18889.77375,35155.12018,1,1,12130.10383,21097.278,13651.33269,54082.06917,22362.17355,33186.75938,1,64127.27583,1,16142.434,4273.9122,8520.021176,1,15713.9787,46773.84474,24490.16856,11579.92871,22403.42418,36136.76109,34631.90857,1,11099.39444,31876.01097,38549.61192,14458.64155,20335.31194,1,1,45998.59143,11896.51696,53018.25131,9918.767435,13403.20643,10354.90583,9994.828655,1,14652.79784,13298.35505,7024.354143,8068.40125,1,1,7458.516542,1,1,1,128450.933,1,32794.40326,30093.9705,3418.9664,40986,18368.28192,38277.59375,17445.19817,1,1,16666.06217,35561.97556,11793.24,30796.52602,31829.87155,82948.56626,149675.9722,50286.4937,40666.61119,10085.12183,48420.7392,1,35419.07068,1,1,21647.44324,4828.695667,48850.18333,1,1,18082.93026
UM7,3649.349786,6043.088071,1496.335077,2425.976667,3827.145,2530.5975,4222.129,5761.327273,5241.918231,3778.935571,3756.514857,4043.783333,3774.227143,4666.709609,4208.419722,3691.543625,3592.158,2837.289,4127.1309,4355.714786,4829.331885,1,3724.872364,4824.040571,3376.1295,1140.581,5154.017727,4507.7664,5228.303583,3238.439667,4447.461792,4019.688571,4042.357667,4251.744,4669.0435,3428,4498.946,4501.523889,4473.486,3567.76875,3281.607333,2897.055429,3539.358667,5160.07,3073.9716,3507.2247,5000.32325,1,2884.287,3206.936,3184.763889,56154.7525,81176.50036,68019.094,1,59519.6016,71731.1673,33362.0485,1493.053714,936.66,83725.31,1,45527.7202,22799.81511,1,40402.785,41187.689,43457.335,1,55515.47475,49625.1593,96620.524,42834.60565,66442.1408,40155.00836,73493.5284,8346.645214,56164.54244,47031.41712,37704.86256,12899.99025,74735.556,73248.63203,1,1,1,48332.80575,26242.62379,43408.6364,1,53648.75455,895.788,42526.13857,1,30562.36625,1,617.3254286,1,1,1
UM8,10980.17236,2100.629294,1,6868.760818,3826.3415,1,1,1905.655694,1136.27475,1033.323,1667.010857,1,1,1460.242286,9416.7536,1596.2475,2115.417375,1,1,1,3252.2775,6927.853149,972.2164444,1,4059.8465,770.8173,2284.015429,4287.096917,2636.94825,2598.861333,1110.022,4767.0927,810.912875,1516.920769,787.8345,4184.08375,3206.4,3538.4972,1843.559667,2106.84225,1,1036.661062,1,2810.2315,3675.270625,1671.978667,1,2990.7475,772.6068,1310.703704,13707.7115,1652.106,4252.488308,3632.344545,18913.85038,17183.18657,11641.15867,2354.768514,15960.8144,17711.277,21509.12675,1,7201.59,12001.19372,5634.015667,1,5586.1956,1,9123.697441,5158.193125,5348.819143,18068.37067,22732.224,13250.95344,9692.795227,3420.359722,16932.0726,24589.93222,26580.1235,7925.783284,35366.4196,12725.90719,7484.438063,14511.16775,4982.53275,3080.948571,36113.4234,9487.1975,1,24723.52844,13509.51805,4688.863891,1826.608929,7956.032,1,1190,1666.698091,12327.04356,10409.6715,1507.6742
UM9,12868.24891,1,5740.710438,5537.941636,5414.027333,3312.696,3946.547,5862.8916,4232.375,5569.842333,4787.076923,1,2402.02525,3058.404844,1,4730.190824,6195.178653,5847.5025,7294.474267,3725.843333,4771.389429,4007.748,3938.315333,4439.69,5270.055,7197.920071,3383.6,4081.208333,3364.879,1,4639.513214,4739.736857,3005.453,5538.788125,4650.282,4010.894222,4367.658929,3895.656,4296.489143,1,2990.269,3814.668,3053.7055,5230.509833,2389.626643,3957.48925,8388.942838,3702.402381,2957.167333,3151.511375,5276.645333,4683.800195,2529.8025,2611.109833,3063.979167,2378.021885,3123.697211,4612.914942,1,3641.634684,2451.77625,3319.328133,1,1,4898.2478,4311.052778,2628.6291,1,3311.83125,2224.9932,1,2119.051923,1,1957.2449,2464.573379,2796.660357,2719.722692,2269.191167,4658.428625,3591.155,5557.292583,4315.322,3487.2215,2630.6245,4288.642571,5421.3936,4208.3325,4662.641778,3896.94925,4800.029,4797.094714,4446.291667,5948.606625,3349.539,3446.980568,3934.883571,4027.602222,3080.2669,6665.983333,4828.953108
UM10,315700.3095,403939.3616,113857.7071,697790.4945,688432.5981,401557.5316,1803922.197,691351.8326,351944.8867,170902.0462,367876.6014,452134.9986,103821.0509,615339.6839,421308.496,138186.7534,346199.1602,60121.86204,230619.8363,624300.7443,56342.09292,205211.2007,172719.8287,225414.1687,249674.1444,868972.5644,248567.5942,298489.3208,311485.3315,673568.5113,198369.6299,564230.2156,168008.1744,126267.0499,310084.1547,264948.6895,624457.5047,287362.1204,261423.3253,341546.7485,513335.0872,558763.97,76657.22647,101243.1023,340326.0588,404928.8,228412.7779,294171.8956,148173.6,689425.2353,856664.8223,283641.4855,1030988.596,200424.8255,398154.8873,505287.5841,215904.4614,244890.2441,209540.9711,247872.9148,152036.3011,233602.7124,22001.98739,628352.8374,241569.554,278780.83,783176.403,57764.10386,2122929.026,227433.9749,709028.3994,673544.5234,95266.07305,1385992.705,491868.7593,505866.9492,320047.1594,134910.6624,126380.9848,264037.103,536277.058,135024.846,721846.5102,626797.8571,1106117.353,1057084.21,708246.0917,439831.1953,288873.182,1196386.194,552052.368,972480.1869,533305.1525,471568.5916,215060.8373,469285.3954,661065.4236,1297220.542,1191957.075,414594.8582
UM11,22880.66245,19075.36556,7222.467905,3690.8232,41653.68528,20127.44206,7442.186357,102273.0309,11120.62219,40886.13983,7813.3795,9993.2871,40448.7641,56419.53434,7043.701657,20997.50937,43063.671,29144.274,14672.09222,10732.88123,88789.43647,108389.0658,19278.452,15395.7376,5728.404654,22875.4161,67651.71414,117445.4132,61072.50396,20332.01557,27921.78645,10045.368,124626.852,11979.16581,158694.0292,36532.70368,22795.97005,78352.81159,48819.32192,73517.21367,23964.438,24238.368,11502.39393,34945.03423,25154.173,31933.01562,16717.09015,20223.04725,180709.633,27441.85547,5276.65912,3969.573063,1347.029412,20529.52268,8812.09052,49668.45975,25738.401,15691.58055,46963.81905,15694.49,4146.868,9455.772368,13853.63134,61037.876,45367.086,6343.634889,3563.096615,4817.538615,9866.678958,3506.661444,5356.221636,5706.297154,22774.61343,3445.561292,3267.569571,6251.483219,5918.713376,6415.68375,8081.686462,8511.7044,8232.49025,5478.655386,4846.585721,7445.832167,10811.96342,5951.780683,12300.11833,5756.925829,4593.575194,4802.7824,13453.19721,5020.220471,4717.992476,5302.792368,9018.2441,4994.156094,4554.041997,19797.7,20122.45791,5730.685764
UM12,30780.62098,7871.523212,15562.88703,4193.030941,8264.215762,5510.914286,8572.597906,10912.52074,7770.052557,6268.587552,16280.07199,9511.218027,7489.862888,3953.394308,15218.34245,4932.2464,6148.694444,27473.524,6728.987139,6827.188286,6040.066103,9158.4444,5814.338522,5863.925385,7227.609677,5163.522159,12967.88861,9551.62275,22509.37482,17108.987,12080.74522,8890.4575,9021.138035,10082.64898,4840.008182,11726.69043,7880.279399,9224.863199,3619.753,10293.07561,10200.04741,8359.917073,14197.81141,7816.682148,8537.118602,5366.523536,16186.5545,8244.687924,10124.7533,8687.483766,3155.6325,11212.8795,3120.970159,3639.923565,22165.60675,14281.06143,2071.134,6203.89863,4834.937955,6885.847304,22603.20364,29185.61945,48713.95021,27011.01241,9652.395385,2039.136075,11201.38167,9328.2362,1773.523083,11348.05371,5095.8575,8365.6027,14300.24825,4592.389802,3295.7015,9199.024805,4772.846794,6944.453674,4381.476,9112.414308,8475.888413,58485.59441,10762.63154,15674.82024,17306.11751,6406.111674,44212.41193,6539.5295,113979.2739,24371.415,31460.08698,5835.57864,6031.800048,54768.81056,7812.963789,7353.424191,7349.346667,7119.3745,6046.772211,12161.16929
UM13,30780.62098,7871.523212,15562.88703,4193.030941,8264.215762,5510.914286,8572.597906,10912.52074,7770.052557,6268.587552,16280.07199,9511.218027,7489.862888,3953.394308,15218.34245,4932.2464,6148.694444,27473.524,6728.987139,6827.188286,6040.066103,9158.4444,5814.338522,5863.925385,7227.609677,5163.522159,12967.88861,9551.62275,22509.37482,17108.987,12080.74522,8890.4575,9021.138035,10082.64898,4840.008182,11726.69043,7880.279399,9224.863199,3619.753,10293.07561,10200.04741,8359.917073,14197.81141,7816.682148,8537.118602,5366.523536,16186.5545,8244.687924,10124.7533,8687.483766,3155.6325,11212.8795,3120.970159,3639.923565,22165.60675,14281.06143,2071.134,6203.89863,4834.937955,6885.847304,22603.20364,29185.61945,48713.95021,27011.01241,9652.395385,2039.136075,11201.38167,9328.2362,1773.523083,11348.05371,5095.8575,8365.6027,14300.24825,4592.389802,3295.7015,9199.024805,4772.846794,6944.453674,4381.476,9112.414308,8475.888413,58485.59441,10762.63154,15674.82024,17306.11751,6406.111674,44212.41193,6539.5295,113979.2739,24371.415,31460.08698,5835.57864,6031.800048,54768.81056,7812.963789,7353.424191,7349.346667,7119.3745,6046.772211,12161.16929
UM14,30780.62098,7871.523212,15562.88703,4193.030941,8264.215762,5510.914286,8572.597906,10912.52074,7770.052557,6268.587552,16280.07199,9511.218027,7489.862888,3953.394308,15218.34245,4932.2464,6148.694444,27473.524,6728.987139,6827.188286,6040.066103,9158.4444,5814.338522,5863.925385,7227.609677,5163.522159,12967.88861,9551.62275,22509.37482,17108.987,12080.74522,8890.4575,9021.138035,10082.64898,4840.008182,11726.69043,7880.279399,9224.863199,3619.753,10293.07561,10200.04741,8359.917073,14197.81141,7816.682148,8537.118602,5366.523536,16186.5545,8244.687924,10124.7533,8687.483766,3155.6325,11212.8795,3120.970159,3639.923565,22165.60675,14281.06143,2071.134,6203.89863,4834.937955,6885.847304,22603.20364,29185.61945,48713.95021,27011.01241,9652.395385,2039.136075,11201.38167,9328.2362,1773.523083,11348.05371,5095.8575,8365.6027,14300.24825,4592.389802,3295.7015,9199.024805,4772.846794,6944.453674,4381.476,9112.414308,8475.888413,58485.59441,10762.63154,15674.82024,17306.11751,6406.111674,44212.41193,6539.5295,113979.2739,24371.415,31460.08698,5835.57864,6031.800048,54768.81056,7812.963789,7353.424191,7349.346667,7119.3745,6046.772211,12161.16929
UM15,30780.62098,7871.523212,15562.88703,4193.030941,8264.215762,5510.914286,8572.597906,10912.52074,7770.052557,6268.587552,16280.07199,9511.218027,7489.862888,3953.394308,15218.34245,4932.2464,6148.694444,27473.524,6728.987139,6827.188286,6040.066103,9158.4444,5814.338522,5863.925385,7227.609677,5163.522159,12967.88861,9551.62275,22509.37482,17108.987,12080.74522,8890.4575,9021.138035,10082.64898,4840.008182,11726.69043,7880.279399,9224.863199,3619.753,10293.07561,10200.04741,8359.917073,14197.81141,7816.682148,8537.118602,5366.523536,16186.5545,8244.687924,10124.7533,8687.483766,3155.6325,11212.8795,3120.970159,3639.923565,22165.60675,14281.06143,2071.134,6203.89863,4834.937955,6885.847304,22603.20364,29185.61945,48713.95021,27011.01241,9652.395385,2039.136075,11201.38167,9328.2362,1773.523083,11348.05371,5095.8575,8365.6027,14300.24825,4592.389802,3295.7015,9199.024805,4772.846794,6944.453674,4381.476,9112.414308,8475.888413,58485.59441,10762.63154,15674.82024,17306.11751,6406.111674,44212.41193,6539.5295,113979.2739,24371.415,31460.08698,5835.57864,6031.800048,54768.81056,7812.963789,7353.424191,7349.346667,7119.3745,6046.772211,12161.16929
UM16,5436.082748,18183.51727,3385.365511,37058.92236,3495.849789,10459.99443,41122.5875,4699.216578,5057.195,4125.700233,4333.582669,10862.79876,195.0671078,1871.275,18055.50463,987.1402558,2915.669354,1,6485.404035,518.5373853,9145.558819,5200.214271,285.9996873,2177.813778,13894.99889,5224.425855,2245.930968,5012.821664,943.4798686,942.2587533,4356.510861,6643.399074,94.91168965,1,494.5456976,1415.513589,2609.639423,657.3908677,518.4960813,72.98237083,4399.575795,7796.129517,171.6106426,920.3444956,1064.381398,2739.786236,2981.764631,615.1988416,1875.581282,6297.903281,6129.192857,3799.503727,44703.97996,92747.42258,25360.1625,44077.36473,15017.83062,10934.50825,55359.80057,27757.62055,43972.33888,41297.92388,15307.465,35311.16836,4685.046947,11697.89088,17583.41516,1069.078881,723336.9495,69416.50934,25475.08203,142375.1339,17604.88221,67470.45014,2227.208845,16994.70061,18619.40364,101608.0085,109974.5904,3501.295498,308621.534,29078.45984,141261.9085,30084.55412,454358.4654,299634.3756,530453.9988,11995.9966,29333.92103,1612659.811,132881.6063,2698.100303,3918.421995,13945.17735,9978.123549,35626.22674,18794.93824,21834.75442,13386.79246,15146.33419
UM17,5436.082748,18183.51727,3385.365511,37058.92236,3495.849789,10459.99443,41122.5875,4699.216578,5057.195,4125.700233,4333.582669,10862.79876,195.0671078,1871.275,18055.50463,987.1402558,2915.669354,1,6485.404035,518.5373853,9145.558819,5200.214271,285.9996873,2177.813778,13894.99889,5224.425855,2245.930968,5012.821664,943.4798686,942.2587533,4356.510861,6643.399074,94.91168965,1,494.5456976,1415.513589,2609.639423,657.3908677,518.4960813,72.98237083,4399.575795,7796.129517,171.6106426,920.3444956,1064.381398,2739.786236,2981.764631,615.1988416,1875.581282,6297.903281,6129.192857,3799.503727,44703.97996,92747.42258,25360.1625,44077.36473,15017.83062,10934.50825,55359.80057,27757.62055,43972.33888,41297.92388,15307.465,35311.16836,4685.046947,11697.89088,17583.41516,1069.078881,723336.9495,69416.50934,25475.08203,142375.1339,17604.88221,67470.45014,2227.208845,16994.70061,18619.40364,101608.0085,109974.5904,3501.295498,308621.534,29078.45984,141261.9085,30084.55412,454358.4654,299634.3756,530453.9988,11995.9966,29333.92103,1612659.811,132881.6063,2698.100303,3918.421995,13945.17735,9978.123549,35626.22674,18794.93824,21834.75442,13386.79246,15146.33419
UM18,5436.082748,18183.51727,3385.365511,37058.92236,3495.849789,10459.99443,41122.5875,4699.216578,5057.195,4125.700233,4333.582669,10862.79876,195.0671078,1871.275,18055.50463,987.1402558,2915.669354,1,6485.404035,518.5373853,9145.558819,5200.214271,285.9996873,2177.813778,13894.99889,5224.425855,2245.930968,5012.821664,943.4798686,942.2587533,4356.510861,6643.399074,94.91168965,1,494.5456976,1415.513589,2609.639423,657.3908677,518.4960813,72.98237083,4399.575795,7796.129517,171.6106426,920.3444956,1064.381398,2739.786236,2981.764631,615.1988416,1875.581282,6297.903281,6129.192857,3799.503727,44703.97996,92747.42258,25360.1625,44077.36473,15017.83062,10934.50825,55359.80057,27757.62055,43972.33888,41297.92388,15307.465,35311.16836,4685.046947,11697.89088,17583.41516,1069.078881,723336.9495,69416.50934,25475.08203,142375.1339,17604.88221,67470.45014,2227.208845,16994.70061,18619.40364,101608.0085,109974.5904,3501.295498,308621.534,29078.45984,141261.9085,30084.55412,454358.4654,299634.3756,530453.9988,11995.9966,29333.92103,1612659.811,132881.6063,2698.100303,3918.421995,13945.17735,9978.123549,35626.22674,18794.93824,21834.75442,13386.79246,15146.33419
UM19,5436.082748,18183.51727,3385.365511,37058.92236,3495.849789,10459.99443,41122.5875,4699.216578,5057.195,4125.700233,4333.582669,10862.79876,195.0671078,1871.275,18055.50463,987.1402558,2915.669354,1,6485.404035,518.5373853,9145.558819,5200.214271,285.9996873,2177.813778,13894.99889,5224.425855,2245.930968,5012.821664,943.4798686,942.2587533,4356.510861,6643.399074,94.91168965,1,494.5456976,1415.513589,2609.639423,657.3908677,518.4960813,72.98237083,4399.575795,7796.129517,171.6106426,920.3444956,1064.381398,2739.786236,2981.764631,615.1988416,1875.581282,6297.903281,6129.192857,3799.503727,44703.97996,92747.42258,25360.1625,44077.36473,15017.83062,10934.50825,55359.80057,27757.62055,43972.33888,41297.92388,15307.465,35311.16836,4685.046947,11697.89088,17583.41516,1069.078881,723336.9495,69416.50934,25475.08203,142375.1339,17604.88221,67470.45014,2227.208845,16994.70061,18619.40364,101608.0085,109974.5904,3501.295498,308621.534,29078.45984,141261.9085,30084.55412,454358.4654,299634.3756,530453.9988,11995.9966,29333.92103,1612659.811,132881.6063,2698.100303,3918.421995,13945.17735,9978.123549,35626.22674,18794.93824,21834.75442,13386.79246,15146.33419
UM20,5436.082748,18183.51727,3385.365511,37058.92236,3495.849789,10459.99443,41122.5875,4699.216578,5057.195,4125.700233,4333.582669,10862.79876,195.0671078,1871.275,18055.50463,987.1402558,2915.669354,1,6485.404035,518.5373853,9145.558819,5200.214271,285.9996873,2177.813778,13894.99889,5224.425855,2245.930968,5012.821664,943.4798686,942.2587533,4356.510861,6643.399074,94.91168965,1,494.5456976,1415.513589,2609.639423,657.3908677,518.4960813,72.98237083,4399.575795,7796.129517,171.6106426,920.3444956,1064.381398,2739.786236,2981.764631,615.1988416,1875.581282,6297.903281,6129.192857,3799.503727,44703.97996,92747.42258,25360.1625,44077.36473,15017.83062,10934.50825,55359.80057,27757.62055,43972.33888,41297.92388,15307.465,35311.16836,4685.046947,11697.89088,17583.41516,1069.078881,723336.9495,69416.50934,25475.08203,142375.1339,17604.88221,67470.45014,2227.208845,16994.70061,18619.40364,101608.0085,109974.5904,3501.295498,308621.534,29078.45984,141261.9085,30084.55412,454358.4654,299634.3756,530453.9988,11995.9966,29333.92103,1612659.811,132881.6063,2698.100303,3918.421995,13945.17735,9978.123549,35626.22674,18794.93824,21834.75442,13386.79246,15146.33419
UM21,5436.082748,18183.51727,3385.365511,37058.92236,3495.849789,10459.99443,41122.5875,4699.216578,5057.195,4125.700233,4333.582669,10862.79876,195.0671078,1871.275,18055.50463,987.1402558,2915.669354,1,6485.404035,518.5373853,9145.558819,5200.214271,285.9996873,2177.813778,13894.99889,5224.425855,2245.930968,5012.821664,943.4798686,942.2587533,4356.510861,6643.399074,94.91168965,1,494.5456976,1415.513589,2609.639423,657.3908677,518.4960813,72.98237083,4399.575795,7796.129517,171.6106426,920.3444956,1064.381398,2739.786236,2981.764631,615.1988416,1875.581282,6297.903281,6129.192857,3799.503727,44703.97996,92747.42258,25360.1625,44077.36473,15017.83062,10934.50825,55359.80057,27757.62055,43972.33888,41297.92388,15307.465,35311.16836,4685.046947,11697.89088,17583.41516,1069.078881,723336.9495,69416.50934,25475.08203,142375.1339,17604.88221,67470.45014,2227.208845,16994.70061,18619.40364,101608.0085,109974.5904,3501.295498,308621.534,29078.45984,141261.9085,30084.55412,454358.4654,299634.3756,530453.9988,11995.9966,29333.92103,1612659.811,132881.6063,2698.100303,3918.421995,13945.17735,9978.123549,35626.22674,18794.93824,21834.75442,13386.79246,15146.33419
UM22,5436.082748,18183.51727,3385.365511,37058.92236,3495.849789,10459.99443,41122.5875,4699.216578,5057.195,4125.700233,4333.582669,10862.79876,195.0671078,1871.275,18055.50463,987.1402558,2915.669354,1,6485.404035,518.5373853,9145.558819,5200.214271,285.9996873,2177.813778,13894.99889,5224.425855,2245.930968,5012.821664,943.4798686,942.2587533,4356.510861,6643.399074,94.91168965,1,494.5456976,1415.513589,2609.639423,657.3908677,518.4960813,72.98237083,4399.575795,7796.129517,171.6106426,920.3444956,1064.381398,2739.786236,2981.764631,615.1988416,1875.581282,6297.903281,6129.192857,3799.503727,44703.97996,92747.42258,25360.1625,44077.36473,15017.83062,10934.50825,55359.80057,27757.62055,43972.33888,41297.92388,15307.465,35311.16836,4685.046947,11697.89088,17583.41516,1069.078881,723336.9495,69416.50934,25475.08203,142375.1339,17604.88221,67470.45014,2227.208845,16994.70061,18619.40364,101608.0085,109974.5904,3501.295498,308621.534,29078.45984,141261.9085,30084.55412,454358.4654,299634.3756,530453.9988,11995.9966,29333.92103,1612659.811,132881.6063,2698.100303,3918.421995,13945.17735,9978.123549,35626.22674,18794.93824,21834.75442,13386.79246,15146.33419
UM23,4188.974965,10063.50277,6375.838127,3671.97188,3135.384646,3813.125866,885.4656703,3540.677994,2358.928936,3886.567353,4985.534221,2061.543855,4079.341584,4357.788863,6066.789113,2360.527113,2339.858516,3300.862327,6787.03789,2942.333939,6101.386191,2204.733955,2517.225721,3596.795139,4084.659457,4076.315356,3328.352819,3214.554384,3227.00632,3294.825519,2685.042044,4204.686509,2892.139939,2494.292981,1656.601333,2491.150943,3791.661169,2748.790018,1789.819116,2908.507673,2615.081792,7610.179335,2043.436394,2493.949492,2319.559103,1253.72374,2601.366788,2465.923972,2918.954497,3392.717796,81818.87163,80619.97579,76991.77125,63103.1386,89931.758,70926.14048,65823.12343,85433.2845,79180.91667,79208.72893,93066.04534,64605.31713,70951.21916,55714.74288,60227.59295,72767.69382,75969.84026,89490.76736,93806.79295,92659.07495,116625.0873,73539.42283,64333.75661,81101.61613,68360.17767,85685.9291,61978.40489,87676.88523,81386.41403,118287.6417,82672.80279,68241.46415,95876.5625,109074.9186,74698.90649,98664.96754,64500.72989,87324.5165,93102.20132,80698.18842,84820.33408,146694.9183,97313.8926,87117.14155,77994.58815,91762.05461,82647.4801,100946.9153,90368.89384,102269.3599
UM24,92462.459,115783.1675,35259.10707,182220.6716,162511.4358,105503.3189,513679.635,183345.3548,97884.35523,50987.68491,91388.78244,126136.0457,32781.83908,197915.8734,120021.5113,41617.17182,490692.3303,10866.8755,73981.85717,163688.2488,25319.70878,70642.30974,52916.38359,73751.14261,68120.10273,236704.4474,83882.2899,86995.63482,101061.8005,188251.8241,58806.2475,174289.656,47593.60913,41958.42255,80502.13761,72356.13236,156349.359,80905.80432,47222.19991,107657.5292,118793.0593,186224.6985,27299.16545,44189.42742,103641.0175,103970.7539,87764.80248,86094.06522,41946.0362,182707.1285,299890.6208,71033.73423,110342.2883,24662.0088,62472.55352,60934.92875,23340.93989,41332.08127,23564.25856,46019.16625,40630.10286,78175.00537,16316.19145,70177.87636,24811.05841,28683.70263,115332.7246,23172.69006,362909.0165,17873.91717,88606.65834,74882.59943,15007.27332,389654.8378,61438.99574,169785.0565,69552.40439,84209.50931,55182.50815,28151.05475,42029.16434,30749.61676,104147.419,100776.8466,283242.2567,324054.9278,75054.78098,74718.91166,262922.8688,258006.2925,78815.81161,125623.1718,126209.0643,43322.08833,58234.95098,132225.7357,98425.73354,188657.8633,193176.6188,100830.2436
UM25,4188.974965,10063.50277,6375.838127,3671.97188,3135.384646,3813.125866,885.4656703,3540.677994,2358.928936,3886.567353,4985.534221,2061.543855,4079.341584,4357.788863,6066.789113,2360.527113,2339.858516,3300.862327,6787.03789,2942.333939,6101.386191,2204.733955,2517.225721,3596.795139,4084.659457,4076.315356,3328.352819,3214.554384,3227.00632,3294.825519,2685.042044,4204.686509,2892.139939,2494.292981,1656.601333,2491.150943,3791.661169,2748.790018,1789.819116,2908.507673,2615.081792,7610.179335,2043.436394,2493.949492,2319.559103,1253.72374,2601.366788,2465.923972,2918.954497,3392.717796,81818.87163,80619.97579,76991.77125,63103.1386,89931.758,70926.14048,65823.12343,85433.2845,79180.91667,79208.72893,93066.04534,64605.31713,70951.21916,55714.74288,60227.59295,72767.69382,75969.84026,89490.76736,93806.79295,92659.07495,116625.0873,73539.42283,64333.75661,81101.61613,68360.17767,85685.9291,61978.40489,87676.88523,81386.41403,118287.6417,82672.80279,68241.46415,95876.5625,109074.9186,74698.90649,98664.96754,64500.72989,87324.5165,93102.20132,80698.18842,84820.33408,146694.9183,97313.8926,87117.14155,77994.58815,91762.05461,82647.4801,100946.9153,90368.89384,102269.3599
UM26,4188.974965,10063.50277,6375.838127,3671.97188,3135.384646,3813.125866,885.4656703,3540.677994,2358.928936,3886.567353,4985.534221,2061.543855,4079.341584,4357.788863,6066.789113,2360.527113,2339.858516,3300.862327,6787.03789,2942.333939,6101.386191,2204.733955,2517.225721,3596.795139,4084.659457,4076.315356,3328.352819,3214.554384,3227.00632,3294.825519,2685.042044,4204.686509,2892.139939,2494.292981,1656.601333,2491.150943,3791.661169,2748.790018,1789.819116,2908.507673,2615.081792,7610.179335,2043.436394,2493.949492,2319.559103,1253.72374,2601.366788,2465.923972,2918.954497,3392.717796,81818.87163,80619.97579,76991.77125,63103.1386,89931.758,70926.14048,65823.12343,85433.2845,79180.91667,79208.72893,93066.04534,64605.31713,70951.21916,55714.74288,60227.59295,72767.69382,75969.84026,89490.76736,93806.79295,92659.07495,116625.0873,73539.42283,64333.75661,81101.61613,68360.17767,85685.9291,61978.40489,87676.88523,81386.41403,118287.6417,82672.80279,68241.46415,95876.5625,109074.9186,74698.90649,98664.96754,64500.72989,87324.5165,93102.20132,80698.18842,84820.33408,146694.9183,97313.8926,87117.14155,77994.58815,91762.05461,82647.4801,100946.9153,90368.89384,102269.3599
UM27,4188.974965,10063.50277,6375.838127,3671.97188,3135.384646,3813.125866,885.4656703,3540.677994,2358.928936,3886.567353,4985.534221,2061.543855,4079.341584,4357.788863,6066.789113,2360.527113,2339.858516,3300.862327,6787.03789,2942.333939,6101.386191,2204.733955,2517.225721,3596.795139,4084.659457,4076.315356,3328.352819,3214.554384,3227.00632,3294.825519,2685.042044,4204.686509,2892.139939,2494.292981,1656.601333,2491.150943,3791.661169,2748.790018,1789.819116,2908.507673,2615.081792,7610.179335,2043.436394,2493.949492,2319.559103,1253.72374,2601.366788,2465.923972,2918.954497,3392.717796,81818.87163,80619.97579,76991.77125,63103.1386,89931.758,70926.14048,65823.12343,85433.2845,79180.91667,79208.72893,93066.04534,64605.31713,70951.21916,55714.74288,60227.59295,72767.69382,75969.84026,89490.76736,93806.79295,92659.07495,116625.0873,73539.42283,64333.75661,81101.61613,68360.17767,85685.9291,61978.40489,87676.88523,81386.41403,118287.6417,82672.80279,68241.46415,95876.5625,109074.9186,74698.90649,98664.96754,64500.72989,87324.5165,93102.20132,80698.18842,84820.33408,146694.9183,97313.8926,87117.14155,77994.58815,91762.05461,82647.4801,100946.9153,90368.89384,102269.3599
UM28,15534.77936,10134.25837,4911.233965,28406.99696,7821.63619,39165.51754,26973.82148,7445.169119,16319.49988,24499.90161,32367.87829,28500.06971,9018.445397,14567.64797,35568.35316,17781.29021,22280.09358,9395.973945,79608.06333,21570.21427,22158.94517,68586.22696,12498.15213,17039.83018,42483.77327,6852.814666,24747.25719,11211.68353,11040.62465,23887.20743,27755.79094,19948.22345,5839.862452,10055.62391,5524.974911,19445.44357,40914.5994,12248.3608,26813.89993,7657.683511,11184.0465,28752.88669,42788.02496,7104.83896,38093.3892,22562.001,9795.776475,7574.363802,10011.63939,14382.7334,24816.89657,18369.06873,77614.06384,8277.7455,52681.85571,16277.32808,13507.39767,17770.34571,17897.81792,52747.3397,24242.28415,35848.46556,28895.62673,22718.07227,10981.41297,41046.06319,45695.73781,23374.98423,8220.8,9674.973556,16219.55731,18823.43295,57651.04,16991.22205,14004.33819,4983.393077,18560.92563,19054.89177,66289.69359,48519.85847,46482.33238,60754.81221,23825.61576,29846.46055,13848.35448,8543.261087,21791.41385,26767.85498,62237.77748,16491.43246,24751.98385,28906.17345,18807.3148,31122.95692,23201.86826,17722.74291,20806.73617,39343.88794,36572.21815,40621.338
UM29,15534.77936,10134.25837,4911.233965,28406.99696,7821.63619,39165.51754,26973.82148,7445.169119,16319.49988,24499.90161,32367.87829,28500.06971,9018.445397,14567.64797,35568.35316,17781.29021,22280.09358,9395.973945,79608.06333,21570.21427,22158.94517,68586.22696,12498.15213,17039.83018,42483.77327,6852.814666,24747.25719,11211.68353,11040.62465,23887.20743,27755.79094,19948.22345,5839.862452,10055.62391,5524.974911,19445.44357,40914.5994,12248.3608,26813.89993,7657.683511,11184.0465,28752.88669,42788.02496,7104.83896,38093.3892,22562.001,9795.776475,7574.363802,10011.63939,14382.7334,24816.89657,18369.06873,77614.06384,8277.7455,52681.85571,16277.32808,13507.39767,17770.34571,17897.81792,52747.3397,24242.28415,35848.46556,28895.62673,22718.07227,10981.41297,41046.06319,45695.73781,23374.98423,8220.8,9674.973556,16219.55731,18823.43295,57651.04,16991.22205,14004.33819,4983.393077,18560.92563,19054.89177,66289.69359,48519.85847,46482.33238,60754.81221,23825.61576,29846.46055,13848.35448,8543.261087,21791.41385,26767.85498,62237.77748,16491.43246,24751.98385,28906.17345,18807.3148,31122.95692,23201.86826,17722.74291,20806.73617,39343.88794,36572.21815,40621.338
UM30,15534.77936,10134.25837,4911.233965,28406.99696,7821.63619,39165.51754,26973.82148,7445.169119,16319.49988,24499.90161,32367.87829,28500.06971,9018.445397,14567.64797,35568.35316,17781.29021,22280.09358,9395.973945,79608.06333,21570.21427,22158.94517,68586.22696,12498.15213,17039.83018,42483.77327,6852.814666,24747.25719,11211.68353,11040.62465,23887.20743,27755.79094,19948.22345,5839.862452,10055.62391,5524.974911,19445.44357,40914.5994,12248.3608,26813.89993,7657.683511,11184.0465,28752.88669,42788.02496,7104.83896,38093.3892,22562.001,9795.776475,7574.363802,10011.63939,14382.7334,24816.89657,18369.06873,77614.06384,8277.7455,52681.85571,16277.32808,13507.39767,17770.34571,17897.81792,52747.3397,24242.28415,35848.46556,28895.62673,22718.07227,10981.41297,41046.06319,45695.73781,23374.98423,8220.8,9674.973556,16219.55731,18823.43295,57651.04,16991.22205,14004.33819,4983.393077,18560.92563,19054.89177,66289.69359,48519.85847,46482.33238,60754.81221,23825.61576,29846.46055,13848.35448,8543.261087,21791.41385,26767.85498,62237.77748,16491.43246,24751.98385,28906.17345,18807.3148,31122.95692,23201.86826,17722.74291,20806.73617,39343.88794,36572.21815,40621.338
UM31,9119.768167,18184.50817,2703.457459,18250.743,9198.782239,4979.498333,6873.558068,13844.97344,3061.663231,3809.77903,9941.834833,3272.177861,2866.690329,5488.282397,4974.620925,8677.963362,7156.6882,408.0056434,3120.843586,3211.491645,1829.555404,3057.704608,4281.89725,18213.44424,5447.175912,16467.46584,7637.231539,2218.461768,4339.832325,3533.364818,5965.814834,5246.602346,3310.024875,2228.433778,6918.393052,2613.672778,10878.56651,3313.197588,3305.435538,1766.282031,13009.32261,4094.177375,4047.578365,3469.752167,1650.481625,6699.436085,5885.209684,3885.461468,4290.625816,21050.61758,7109.695511,10360.02756,6382.357966,3954.852,8898.784364,15549.65937,19266.73417,4933.963404,11073.521,5024.75425,11807.5472,8692.631567,4005.851165,3574.99228,5718.838458,319.7824821,1871.772087,5520.4296,20407.67439,43419.6889,14442.09912,11503.86971,11190.39167,12855.98139,18949.55826,12582.68472,6440.401361,836.8535671,32886.33869,3943.077273,134834.5146,1023.296272,4163.043907,7178.684841,46530.65878,15686.80492,131851.3961,9139.626133,1476.149165,118659.0721,18479.99475,2123.691773,6356.903346,75417.6255,5622.4365,4608.738785,5852.202243,7563.352821,9345.465157,3330.30528
N-Acetylneuraminic acid,1,1,1736.888767,1,1,1,1,1,1,1,1,1,1,1,1,1,1,5716.068329,1,1,2336.41231,3437.696397,1,1,1,1,1,1,1,1,1,1,1,1,1,1,1,1,1,1,1,1,749.355956,1,1,1,1,1,1,1,3651.107538,8712.805933,5525.091,7249.497,12344.88843,4896.961333,20523.38195,9546.313412,18034.37092,15567.20541,14032.9425,4577.285731,20922.88893,18402.6666,20182.79309,9146.6232,5782.392033,9594.249375,5699.864133,14555.98305,6019.418083,20634.6044,5597.310821,7269.8472,4948.3118,5290.896164,4237.315875,8112.552789,13328.3535,5539.755467,17318.27544,79904.475,10971.79085,8086.287867,19655.84412,4920.1152,6558.2825,11751.37275,8723.770833,6047.938618,6299.638615,8721.567969,8378.358696,26545.48658,4280.561667,5806.229658,5594.563636,12628.902,11837.55667,8932.632941
N-Acetyltryptophan,6420.60725,1,4642.792364,1,1,2765.9667,1729.6184,1,1,1,1,1430.0303,1,1,4404.486579,938.6472727,2373.689,23969.0998,1,3275.54,4556.549083,262636.8859,1,1,10566.6825,1,1879.233231,3382.248333,1969.9365,1,1775.425045,1,1,1,1,3598.231091,1676.0395,1,1,1,1,1,2624.9265,1,3975.073385,1,1,1,1,2719.108242,1,6523.764,1,105668.0888,680689.0667,383492.2362,476970.5987,4486.104,1373944.683,1,1425792.071,1084.747467,674669.0742,880195.2077,537224.6681,3553.846714,16121.34767,1,421435.8462,4167.095,1,657734.9779,240779.8667,1,328939.1371,1733.454,319623.2457,932155.8248,819217.4201,2316.3012,918484.872,1115923.124,13148.07554,182156.92,71585.56304,1,1180358.903,14522.19323,1,234515.118,644316.5714,1,1,669915.603,3383.893333,3734.237,1472.797833,1108284.189,772664.2135,1
N-Acetyltryptophan1,19359.98839,6122.696248,8484.83175,3310.0881,3461.141409,3876.667808,3512.730256,2033.652715,2295.998709,3227.323154,8510.4465,2997.018,1276.641647,2554.167992,11658.55182,3746.555077,3219.212348,9036.858,3853.06124,3825.550179,15374.17406,796189.0484,2781.641417,2998.159439,42749.07908,1720.816926,5025.874,14299.6265,3362.562269,20059.77046,2788.73275,8848,2945.251454,2824.255043,1955.223611,16885.584,3827.422421,6307.891692,3436.120244,2337.46575,2338.348133,3860.459577,6616.661116,2275.246842,9455.916522,3447.900667,2349.416595,4797.285968,1958.031169,5312.091346,6072.843247,7841.1,1971.597736,344935.2736,1988746.958,552342.9576,627531.4323,3110.035941,3136132.823,22842.658,3728574.199,3326.182373,1428864.628,1978377.445,1135461.222,1002.996299,41300.58206,4983.232373,1198665.683,5098.239335,4552.646351,1142929.006,429264.1942,7468.089724,3314.261513,3420.445859,1107890.82,2293561.233,1444626.771,3373.1941,1569044.981,1288198.173,22121.92617,459279.5269,313173.52,2200.990909,2545789.94,33292.63191,4727.58258,1002351.84,1529205.198,4340.623947,2241.907089,1652934.051,2701.06161,3143.79375,4889.453627,2773325.555,2430672.427,2773.591231
N-Hydroxyl-tryptamine,28000.72387,30491.32528,22250.23964,26325.89033,47598.8755,29103.031,35404.06422,55900.88679,36459.63133,48553.72615,15624.60771,44252.03067,44758.40409,23452.60313,34765.74904,33537.55,54322.668,14465.878,22255.93686,39526.76,41855.80067,100610.8495,32329.43955,28739.93137,36632.06158,35466.948,44502.12425,25404.66767,35328.221,42364.12019,42685.99553,35530.26629,29178.31894,29126.8175,39353.90607,28987.56323,37469.234,51741.80182,27295.5615,42488.05556,29697.876,29302.764,43948.33829,31439.14331,36756.00955,56927.4615,27387.77368,36933.41232,35483.182,26512.78987,35566.51892,13983.805,21941.8639,40821.31754,187603.2868,115177.8135,135645.7707,11304.69783,336348.1256,23336.72587,352173.7998,13954.6875,168861.1275,225034.083,156429.2449,1,33733.13038,1,139128.1549,17423.494,17379.84,164238.7646,71974.82481,20550.19292,95942.21958,16111.90233,124800.016,242430.4296,169682.3121,16891.01379,241788.98,287672.3769,26160.579,73340.49163,48091.84219,46706.91775,294809.6292,14467.2675,10438.895,92668.925,177773.9553,20429.53857,14347.33417,227193.7635,20890.4875,23050.313,17278.044,245896.8103,249389.118,20462.19456
Norleucine,52302.50331,86201.85754,44856.504,48060.432,52676.38671,59264.41179,89673.02213,68329.88604,37373.84152,91719.73708,69282.92517,113696.616,76151.77684,34602.4,42871.62533,50203.21267,68316.0725,45128.37377,63090.624,37447.97292,55417.26567,60198.40493,74303.21786,55979.02562,86734.49306,42543.84333,65641.3065,55865.89717,57307.914,57580.9456,79635.65775,53010.17929,52526.41692,69950.71078,61466.49678,52074.45604,39706.52327,58811.67042,39807.825,65229.89297,44539.879,66660.19606,43586.95775,47327.99605,62838.41859,44087.5,47350.10867,50327.90194,59145.45756,38625.642,52600.51385,22767.38444,39974.89588,9820.208423,25912.074,19671.745,16756.11715,24469.85195,11796.53746,29627.53009,16351.6925,37509.12658,7008.708857,16499.27779,22200.31179,20666.78421,27942.369,17398.39708,165706.5584,21307.05489,40428.08855,25805.92238,7807.878818,26372.26891,29433.38742,20615.24578,15607.66442,19410.86817,19369.9152,23101.48093,19643.968,20283.31393,40343.20395,31786.44373,48311.32706,45844.45667,46362.36303,10062.50915,7698.903395,13611.93367,17131.1526,32148.6496,20935.55356,14169.62669,38692.67015,41843.82994,26474.9685,28052.6976,21650.4645,41269.64524
Norleucine1,235579.5504,349789.3158,282838.2483,200940.3563,286418.0681,336606.2058,335588.1116,300922.28,260122.8671,408164.1092,336496.5029,337894.2298,1,217682.7063,244491.9712,1,343218.4334,265858.6425,309298.7535,1,329617.0014,262872.688,266043.5411,1,370882.328,242864.2107,343966.3809,241203.8073,304232.182,322159.2619,321428.1311,212631.6046,242049.2134,276515.0387,288996.951,178165.096,264628.5229,259780.0165,201370.0751,290020.068,244140.5126,322346.9185,308002.1692,260742.7914,242728.0388,244624.3159,193736.2536,242791.9759,268153.8769,250711.8277,484363.2482,273563.7397,381490.7131,242779.0579,408841.2979,265763.9554,163980.5824,374136.1154,159139.6221,301937.8714,252189.3348,306512.9391,159031.5928,197677.2115,183676.0186,267105.2794,378142.5717,186315.0798,923010.0028,242275.2964,313783.372,303672.6458,210584.6784,275119.6515,302295.4949,296789.3563,243422.3683,281399.3383,271041.1167,292787.506,185510.195,245271.3767,366501.384,291128.6664,376604.5095,336075.4561,433849.9996,114348.3649,134997.192,263192.9857,180923.3923,279200.2377,218119.72,193042.2057,270153.3631,337722.9075,224221.5082,302537.6804,283947.0648,330879.0742
Octanoylcarnitine (Car(8:0)),37798.18333,30402.16907,56388.77913,33747.05614,17244.37583,35314.26606,35016.28125,10200.40342,13599.66943,11664.91783,34244.3568,25768.70871,7973.274833,28820.022,19798.77881,23596.9006,17144.36229,28127.996,44757.18683,11557.92707,22436.44533,82525.284,10073,20149.18843,74205.52688,28027.95,5703.144417,35248.33081,8682.435857,13217.86667,20839.07893,17111.62007,13755.79469,11147.246,7399.172917,41018.19,19914.098,13944.91583,22735.32857,7942.8975,9542.610667,26730.02893,52509.2275,17214.06675,13632.384,18572.112,27514.242,10209.17036,21085.71429,11936.4855,9248.0835,12291.8665,40400.17,15496.91733,37033.44857,9834.011714,34369.68937,12428.694,43739.14844,28345.89062,138993.8113,63621.4035,58612.95429,50965.63675,84856.28125,176659.6391,30588.701,24437.50114,21236.58607,26801.11607,16178.416,65931.338,28846.377,18022.60221,43705.84516,18424.01693,21436.47338,36292.34886,62109.41247,19534.30443,16430.83312,53475.17713,64983.93657,19208.17762,24104.38875,15285.15625,41782.29067,51486.80478,16724.412,13883.27708,65641.17767,21752.1595,7013.3735,11588.15679,25267.57813,26902.37143,51190.71167,51233.21936,39186.4745,38883.4362
Oleamide,675596.3818,2164170.273,932601.0262,1398964.987,1811640.595,878698.7876,651101.1681,983560.0636,930014.6433,1904556.464,817555.5714,738153.8384,845646.8214,895280.7233,673260.6405,1071033.753,681560.0758,1432219.166,208340.34,962357.572,414369.0104,429803.1488,2271795.818,670412.1684,862841.5687,200017.4406,787378.5546,1095062.862,238587.94,575019.9679,709321.2988,934800.8682,1504141.175,555612.3592,761484.9986,960070.6236,475226.7255,976461.255,1082421.301,1318902.84,638509.288,1026098.548,294762.0882,493096.5579,641792.2885,452722.1423,323202.6317,616058.7733,882679.707,534864.6902,882200.7686,613664.1325,517446.2722,1406863.907,1809794.501,800710.0457,871391.3242,971334.936,220028.1086,1291888.52,926401.2258,1186065.422,2472088.948,803324.9037,1227255.398,457101.248,1059282.825,1098035.542,282831.6833,835456.4542,813325.8744,896746.1119,755958.5396,857658.4168,960702.2962,766858.3221,1164884,1046052.093,244758.8212,1205972.318,532948.3628,1167765.775,1145575.353,195976.55,812331.0978,930311.1579,665933.712,853285.9255,1133490.429,866877.0136,944673.4965,1141322.065,518061.74,440694.0751,1097845.922,935757.7383,1044504.96,694400.9409,795480.5621,1935148.696
Oleic acid,6465.851667,4727.126071,5611.909333,3179.725714,4439.3855,3097.298182,10341.91344,3855.801316,3316.418437,4366.432714,4710.929765,3379.879231,1972.826438,5196.714923,4940.704,1,3381.0315,2353.617,5057.778844,4253.213538,2845.269643,3468.507154,2530.527083,6045.679125,4010.655,3654.76865,1192.234358,11418.49919,8006.909773,3609.3021,2959.749,915.3395776,4352.713393,4028.560714,1822.487692,2090.3985,5558.898462,3237.55365,8285.289318,4051.999467,1626.628688,3987.606,19153.71226,4748.322667,6451.807937,13745.80698,3729.492,2822.909063,4269.400406,2850.18,1150.558444,1326.045,4048.926615,3072.28875,3187.549,852.8449,1107.3012,2968.504167,1324.52635,2822.87475,5597.089143,3999.855333,2606.779227,1355.163395,1433.491,3117.941615,8044.128824,2660.4963,2189.371167,1875.096563,992.486,1705.013409,2119.075182,1941.370667,3256.249538,1950.283067,1384.323722,1870.79225,3165.638,1873.36875,326.5642047,5839.5165,8531.729692,8925.607796,2097.678,2023.221538,721.4635009,1609.79875,2357.015654,287.3854525,2785.598591,12157.03573,11448.6008,2136.063333,1368.5035,8016.783393,3158.564538,5051.428846,5764.118067,3542.608731
omega-Muricholic acid,34993.05575,99581.18661,42145.07546,1717.316476,88028.04214,9383.76138,20528.60704,51334.16896,10246.61324,43101.80405,13166.28651,15684.74778,56936.89519,37130.20256,4726.016812,38199.76387,184035.957,8201.713333,12995.32509,23895.29566,7027.483911,8055.537125,26507.16363,123503.7486,9032.036,25310.4,6231.732324,65624.0891,41026.68959,67351.7806,3474.965299,47408.39775,4533.723388,3616.985123,13965.49215,2546.242487,40872.6864,11960.48621,29653.50303,23074.36842,5139.186,30796.4292,37331.66641,2677.368353,60701.19985,60253.3789,10671.93813,33506.69574,4943.929266,8052.396523,62782.31281,888334.5148,1915.192082,5663.222571,12423.42589,17005.417,51228.86447,87458.90182,963.1340534,10579.00827,59998.0125,14265.57697,1988.475429,2859.065139,7116.564,7954.356667,2670.672508,2745.770143,2524.080264,426.8405728,12847.41671,1471.843593,11075.40622,4633.156111,19269.483,4782.897292,31261.76126,244463.1102,7649.698929,28856.4707,942.2661316,3590.853368,17918.46304,3586.111585,3931.169654,8672.063605,1,8777.89,64031.03216,6720.119617,3070.567857,9960.87313,9111.367009,1091.11713,4661.052316,986.7093224,2947.718489,19525.118,15521.4814,24963.68793
o-Tyrosine,101788.8117,158148.4743,141109.443,112445.2813,155536.0532,132959.57,1,177746.0353,188262.0045,165675.2338,94190.17917,188611.9702,150401.94,117877.7316,1,106484.5128,181821.3075,144666.655,135508.8339,172498.6325,292462.3215,143583.3307,230459.6556,131478.0135,267150.4043,170444.5483,165964.6205,133081.3394,149022.3245,195470.0637,163685.265,139609.564,168315.414,127148.887,146383.0793,118897.8401,1,175838.3434,91552.9901,133217.271,188152.0192,155534.8589,121704.2423,174765.27,176434.566,197850.615,146876.7084,181282.9418,207995.4533,180230.7981,366218.5307,271676.0823,286928.8732,194056.8557,201853.28,158631.4869,63757.7665,249873.6531,70538.6476,208327.1326,184621.2905,173686.783,1,108364.2387,70951.683,201121.453,249983.7629,139832.926,271528.1153,237198.6006,190772.0398,1,144296,335663.7278,182495.2054,268446.1452,1,184937.5435,242617.7613,479024.1924,149058.8833,132985.1357,227617.347,318106.3102,896651.3019,375779.4927,215666.9912,105153.6146,1,242088.8473,178524.9419,244949.5958,202054.4233,84164.26926,238429.1717,281481.4886,251507.0155,255492.0604,205768.4363,181677.3455
o-Tyrosine1,18198.651,28263.09267,14860.99388,1,19433.97238,18181.52615,29267.50862,26332.1075,25728.16588,32423.73047,19586.83991,44176.048,36827.98319,18929.5308,14486.94092,13331.59129,24347.19136,27731.44078,22446.95082,24419.27717,33737.36816,16208.49308,41254.30178,25645.6665,42399.05082,20890.67612,26140.3055,25142.74031,23329.23447,28322.11462,32240.453,21729.235,26083.53629,32508.84629,26752.61471,17514.17444,17018.768,24538.64014,12476.74569,22189.45523,26762.58,20338.43036,40472.34367,23952.63017,29488.74889,21058.77514,26035.35091,22643.73767,36706.91267,28435.20962,24853.4624,15774.04683,21643.27471,3230.224487,8878.419272,6169.8,3217.38725,11707.01494,1,8144.16719,12124.8225,15968.3675,2188.346812,12107.91141,4322.459625,1,12932.59707,7591.272857,24303.10198,13478.3499,4880.770481,7277.076182,2612.67435,19920.32585,10138.6614,16760.27977,7225.311333,2936.835,1,28454.71772,15802.93367,6234.375,15337.92987,17113.40957,92574.19495,32502.86652,14463.759,8546.843804,5017.703041,12122.81112,11342.2845,10362.04555,16406.3439,5273.93625,19165.5009,15549.391,8473.729962,12353.27919,12310.9055,13989.46314
Oxaloacetate 4-methyl ester,1,1,1,1,1,1,1,1,1,1,1,1,1,1,1,1,1,1,1,1,1,1,1,1,1,1,1,1,1,1,1,1,1,1,1,1,1,1,1,1,1,1,1,1,1,1,1,1,1,1,43699.88625,40668.87356,48739.3,42748.14289,37692.82987,36280.99077,37443.82102,42200.59188,35237.13747,42293.4198,34702.12375,44276.23568,36832.92329,35392.46078,38908.79637,40980.09983,39480.59807,38130.08586,38603.44598,38478.37708,39817.77224,39650.5718,41688.17121,48052.3697,40083.29271,35386.63938,44134.54193,39472.105,31518.47893,40696.72174,38974.2744,35639.56177,44741.88341,35493.44643,28917.05266,41394.47781,35931.92968,37086.20425,38394.22097,33562.16827,32027.31576,49853.3314,48090.62272,35871.02981,50067.95,55141.4696,48378.29058,40584.01591,39888.37089,44908.04296
Palmitamide,212416.2303,1084438.985,310846.6113,327128.5516,363602.3974,152672.2432,94416.9512,222753.2564,169699.6323,340017.4469,2346647.381,643330.4841,140655.5253,120672.9771,116538.3324,137707.0822,93493.81306,202415.7073,92885.13,386594.5217,103688.4055,91775.33333,415011.5494,147294.135,133194.3184,111161.3918,154210.6046,165716.25,89634.78147,85295.82006,134879.949,170295.554,271189.8698,80320.20696,174771.1828,145743.6371,89109.1125,130742.6086,169913.873,165851.7035,113202.9389,136845.7968,53512.9075,76139.69675,82846.0676,58021.782,81204.31693,104977.6336,112657.2799,98335.281,665365.9727,197331.2717,152358.4112,173147.0994,312686.015,165508.2965,144506.5701,195930.6652,76693.3226,218502.2129,191055.2945,284966.1114,606174.4131,130984.2096,212197.2348,108510.0032,250562.9927,204612.3381,86239.01682,142817.1269,163242.3912,136700.5195,133893.8056,134198.1847,212007.645,134397.38,187196.0739,180395.5725,99431.67985,211236.7995,113965.3282,199525.1625,198979.4913,94803.95656,148308.9407,185239.9363,126130.1337,194824.0483,163616.9061,215755.6027,163662.3753,198765.7044,169079.3682,156981.8696,206657.9533,210051.4921,149185.2081,131643.1313,125921.334,306799.3251
Palmitamide1,1,1,29092.84391,27371.14727,25026.37212,1,10147.00235,19736.86716,19420.3524,18999.50661,1,23699.55749,22527.2845,10518.62857,15203.78,11223.26232,14532.81488,11754.8064,18719.18825,23401.61344,18146.82067,13554.5862,1,1,15785.04793,19185.90074,21402.00338,14307.53695,14774.2125,14694.44879,1,1,1,17915.0235,1,12193.24573,1,1,16088.66966,10008.84229,10176.37726,1,11506.2045,13120.25663,9418.611567,11078.35965,18348.17253,1,1,8944.911063,37031.69248,23653.96364,18192.70028,13553.26309,21161.34212,16844.33875,23985.51291,17919.04941,14374.85,14302.81797,14885.80584,11636.6523,1,1,1,1,15704.7085,1,1,1,13666.82039,1,10600.69093,7508.047882,11459.59402,1,14143.31386,15326.11412,17094.63681,19428.36053,22539.30267,21314.26485,13323.13279,1,20379.83541,17809.821,19189.91926,15222.46034,19727.29455,12176.08242,23265.55795,13991.65059,18710.84065,1,15242.94627,16836.93039,15557.83818,1,16621.51654,19958.98178
Palmitic acid,247120.7206,342539.9721,259053.4805,346578.2997,264178.4085,263083.2539,280063.4571,196511.2773,136011.1306,290145.0591,257434.38,205564.7579,167230.1164,305387.855,360311.682,188153.1695,254187.4924,169376.2895,265261.3115,223358.6594,181609.2309,141657.0011,125835.6407,173820.0346,195500.998,237495.4165,199087.3088,238403.4089,382169.6807,234759.521,149995.5801,263161.3309,187851.3959,238548.0037,151296.9865,184357.158,198575.9431,178415.2063,238288.545,96384.91971,145970.2516,247870.5534,295497.7732,167047.2106,131883.8267,186141.4088,214110.7815,129154.9533,127512.9673,159138.7337,179581.0073,126375.8411,230563.8548,245506.3714,119231.7811,188554.6404,155849.3978,104316.8168,82485.00371,112011.3496,134744.2145,110023.7906,145880.8509,194246.5583,166567.6701,242317.3467,154974.2739,101400.882,60719.30224,131471.5857,105132.1838,120497.13,145233.396,206797.0651,202753.3578,103654.1611,158923.2181,105987.2478,124308.0396,92328.9931,106451.6781,132372.6166,168295.6747,77881.44902,98552.13771,108155.2939,215392.4384,123825.8217,110130.9428,57470.08782,144863.4347,82801.98308,125691.2539,160392.4039,82181.58533,117427.9558,117944.7646,120000.3688,130956.6174,167460.2293
Palmitoylcarnitine (Car(16:0)),273965.7398,160513.4813,242594.1263,126842.3343,158109.6097,141017.6576,331849.8256,266603.8363,176189.4993,200298.425,134171.4852,204897.9988,189993.4823,241363.7835,217243.5649,156365.706,184556.1209,125194.1732,237195.9083,159390.5812,248357.4347,189098.6108,108605.9292,197001.8513,211730.4701,197024.9863,133283.331,715213.0003,639932.0799,208470.6151,223190.4868,141323.7484,205582.6047,219881.1484,112077.3466,144919.6588,250672.7406,178593.7957,331811.3639,280508.598,89573.16989,242035.0044,820041.175,247222.1694,441114.1288,1080273.129,152711.2339,158578.1861,201708.157,209727.6712,73465.15153,70299.47125,266506.235,169463.9227,166051.9635,43293.42325,62510.42222,92602.14124,46251.55548,143287.3263,184334.5326,146454.4812,174041.2174,59072.92847,53376.96,204233.7531,527487.045,177022.4755,91074.75505,84836.59324,36213.29923,81650.77543,118048.45,94379.46132,131914.9308,126707.0331,62151.83966,88480.94106,99371.19853,58703.766,63568.26394,201824.3442,372042.3339,357700.5723,113168.8081,63464.52816,186785.1574,88407.71825,85730.36026,33049.06147,175889.9691,395349.2426,458299.2337,95093.22794,84131.9365,262387.1922,124919.3647,217962.4409,211529.4727,175090.539
PC(16:0/20:4),1,1,1,1,1,2001714.516,1,1,402249.9204,1,1881053.184,1,1,284251.2723,1,1,1,351167.7343,174984.9638,301408.4998,1,4158405.322,1,1068622.377,1,1,1,1,1077429.765,2037470.036,2143523.966,1336563.223,1347468.008,1763666.297,1674127.467,2354399.92,1,1779530.77,1579264.935,1,1443665.858,1966475.863,1,1211285.01,1560541.164,1301029.886,1,1391997.079,1,1,146999.9219,154298.9837,115206.7646,1,138428.1845,1,713900.0769,1,377303.7128,185607.9387,284867.9505,3668251.882,2185098.776,4617234.38,520130.5176,778630.8982,769812.6724,1,1,770609.7121,1,1434882.294,1,1655238.278,771521.2477,1,1830669.68,3678507.173,1,992461.3627,872608.273,1,1748767.094,1561043.142,3154483.207,1491321.774,1,1717227.513,1733976.504,1467723.667,458954.3489,1359237.06,1,868521.4568,1,1,1194171.805,709231.3743,428614.5153,256087.9414
PC(16:0/20:4)1,1,1,1,1,1,1304804.715,4434051.398,1170143.428,405626.0881,1,1210340.023,74916.0125,615346.4704,396300.4007,771228.9,3183668.586,1694929.6,431925.1266,165664.0174,362089.081,1,5003132.447,1629631.406,2766838.569,1761354.9,1723163.854,1735866.159,5374854.698,3670369.858,1138584.706,1219788.463,1282969.575,850920.054,1563079.069,3616928.582,2321270.38,1496336.396,1426429.881,4080201.656,1817168.626,2181244.495,1239270.405,9628812.368,1190159.235,1547448.817,1258373.579,1599974.642,860940.0207,985237.536,846048.7222,175430.0574,155092.1645,1,1,172347.2578,206144.4893,1090426.061,2492346.197,372332.6334,27615.20017,321540.1685,6769793.115,1,3305195.528,2239950.427,2063725.502,1289855.209,6507531.53,1,448017.3128,1158291.116,3970485.984,8878807.21,2145350.912,1824595.086,1,1590510.735,2080551.546,2304257.261,2027324.722,1001833.444,1046402.589,2530911.017,1231535.272,2131994.229,3153507.351,3841374.948,2610837.973,3525241.734,2875319.121,580334.0345,1419081.464,4584733.158,754998.7776,530950.9613,953755.1386,1656464.81,1295000.586,1258200.462,436108.2777
PC(16:0/20:4)2,1,1,1,1,2295.18,46410.99549,27676.21787,8116.378462,1,1,6905.006,1,1,1,22750.15018,25293.85138,7938.54,1,1,7172.886,30711.24545,23020.516,26438.86452,37900.8092,35773.20141,15328.63771,28887.465,30315.23625,24146.09889,26505.8985,20346.5856,13706.53929,29098.08212,23552.0575,27443.48211,26909,34633.76,37438.466,31944.50565,19557.475,33156.09733,39919.60357,29554.28565,36496.62061,28376.33333,33460.5035,32688.66379,29002.71524,28984.04463,23518.6,9702.6825,6347.691429,6703.56,5899.35,7677.788462,18570.282,15704.1019,11688.02,8123.202609,5438.519211,25636.53065,22582.41488,49208.66442,16358.888,20011.35697,17682.93828,22648.65957,17604.4226,16079.50167,17534.02768,19102.4325,61458.2897,21659.90242,16673.47684,18337.36268,26774.08804,35562.96111,23947.99909,12878.30114,24260.2004,13865.21675,21263.17308,17971.59167,42771.47903,44845.0725,20116.2,16729.32938,20800.17263,29613.74684,18589.69412,14353.21514,19386.34816,14992.81472,19609.77073,23402.29808,17758.95313,21304.85,20715.625,23154.0612,20304
PC(16:0/20:4)3,1,1,1,1,1,61725.27965,72200.06744,22090.79385,10899.84941,11931.1056,30078.90857,24057.92332,21212.59333,40251.0955,87297.12517,51015.26779,41754.3504,22161.49861,31350.10148,17597.455,74732.26808,50027.134,51732.29927,47445.35918,49764.55278,49330.177,53717.05583,68355.79636,67089.09913,35614.22542,33346.2465,41178.41177,42696.7659,56055.56686,44597.33404,58909.37056,62082.48035,49227.9442,1,30877.66671,34893.11571,1,58094.03808,65343.58077,47562.84265,56128.84685,46900.54424,48806.74247,14247.38806,57915.2163,14710.31029,8261.701568,11122.03225,1,7821.527435,1,20511.207,15523.59235,7555.296212,8082.59724,44099.78857,34482.84136,51857.62474,26445.59531,33019.69423,44721.88833,27866.21782,213969.0726,1,24155.81791,6197.448258,68900.50788,27047.40992,1,29014.84047,42686.58219,59093.6808,17872.98182,19213.55975,19951.91764,15992.15465,15957.36225,20218.76775,24006.34422,31694.84427,17221.75488,31854.07722,23323.3103,31667.175,12012.51874,25423.81933,21238.27925,1,26809.64156,23925.2915,1,29190.97167,20065.55192,20435.11598,29312.81365
PC(16:0/20:4)4,1,1,1,1,1,280666.5948,97266.96268,46324.93895,22640.37181,23025.55043,47412.06921,38061.52589,47825.5365,70529.10905,135600.9256,158428.5591,1,43353.54375,56571.74632,34348.70208,129294.2493,106032.7409,91095.79875,116169.1004,105439.6493,91381.44205,127131.7129,137987.4967,121121.9526,110258.9082,82993.70855,68961.05357,125179.4908,85349.41792,88815.72375,103786.212,230719.7743,143561.4457,139796.968,90371.40947,103953.9518,284823.5369,104051.8768,1,1,110153.1941,114058.7524,112424.468,341660.2849,88529.7725,33036.04673,19518.58309,22930.7125,1,16741.5261,244656.9134,37709.68727,30564.47587,18971.35242,16846.5682,84860.28013,64785.6377,113868.8859,48399.98364,45068.69877,68212.82217,46458.75802,1,58165.86608,52886.8555,71194.47482,92442.63996,41895.13279,39827.16171,52876.87762,49765.70418,72249.66844,34669.92161,28894.7295,49180.63991,46209.31739,35147.14528,36627.96569,51770.26559,64044.54609,33245.64655,55055.1735,40481.35236,52734.67569,39559.67278,52911.32185,44678.14177,165271.795,39504.789,43297.44017,252141.1666,55460.67739,42296.98096,38690.88777,48126.81554
PC(18:0/18:1(9Z)),1,1,1,1,1,1,278720.6763,1,1,1,89575.546,1,287853.5211,133667.2024,154999.9499,140034.9735,258677.7489,129751.9116,173824.1234,155568.6444,194538.5888,102875.6808,1,195127.105,249627.0432,128653.772,87523.34091,162818.4455,215087.7217,125042.1715,30039.49713,167373.2999,131478.7515,282381.5685,332155.4877,458063.4131,1,25333.1425,142629.8976,131710.0823,56031.04341,128360.2328,220681.9794,157384.2884,513324.9933,190634.3177,278313.2217,209549.0032,88428.60086,320623.2716,268551.3522,327905.0729,339648.4615,190379.9531,572515.5608,153778.2895,191470.7468,222077.0568,200196.8427,148186.1392,219591.8949,358289.1669,360650.7326,390970.2766,250083.2626,113626.3331,1,1,72237.52594,1,74636.046,1,281748.2088,224954.7616,206729.2369,121653.3,122308.038,253066.0336,234997.7554,110860.5152,108091.0105,14550.53675,145443.3469,147594.6131,158251.7223,119909.9611,74342.22536,112756.1399,1,106940.814,510241.522,134273.1571,204915.1228,115311.3575,192271.4206,187574.8126,101701.0063,17476.29725,171707.8308,1
PC(18:1(9E)/18:1(9E)),1,1,1,1,1,1,12641.99182,1,1,1,6949.411765,13800.85731,9046.522727,7980.144,10132.74731,10743.05,9199.944643,6729.62,1,1,9045.113636,8958.610769,5369.5675,6459.814286,2619,2644.248,5861.359167,4982.42,4964.144375,4353.082857,8265.75,8271.642105,9924.372647,11763.07364,7900.035,7221.39,11966.49167,14725.57083,5232.763333,6433.26,15448.03813,13962.59583,13633.92875,10834.30333,10090.5375,9147.133333,9430.56,10754.04789,10033.06895,8126.464286,20002.17414,20202.87273,23081.2075,17818.34812,19221.62882,15793.60125,15800.93529,21482.59474,17293.458,18640.99841,14337.38824,15437.97,13117.63895,11554.97,7842.566667,3996.945,3867.90625,4944.671,6966.148,6383.232391,5124.7375,12588.35053,14311.55688,13938.03971,13489.58084,13482.26688,15548.59854,19924.78125,13860.28519,18709.95882,15221.63118,14810.003,18135.91667,15306.56909,18511.37826,17098.06875,19408.41043,18090.01875,15569.30804,1,11561.62,15732.87417,18964.715,20809.87238,18962.9412,16469.2584,17076.40688,13194.80848,14277.41471,14356.77727
PC(18:1(9E)/18:1(9E))1,1,1,1,1,1,6141.698306,19199.70659,1,1,1,24799.92545,25208.52502,14782.14748,24092.244,29290.96628,20522.86516,26785.90455,23594.90609,15629.9893,1,1,12619.17,1,5641.098316,4909.427316,4799.431611,8023.7475,128078.9985,13516.18036,6441.028,11863.96636,22956.69052,16019.04718,15289.64376,11290.07168,13989.95591,15883.29574,15760.64651,17928.41713,8182.286077,11447.216,18911.96079,19530.43308,17752.25682,5497.559875,12874.79829,11230.33888,16001.84803,6205.709714,18670.0725,39745.348,1,34405.339,25777.71417,19627.48098,19085.88627,19336.5425,19089.43625,5129.758985,24199.853,14996.40291,10946.10698,1,8574.50534,47087.99161,5624.837739,1,4519.082143,3598.94656,1,2996.18468,8447.67952,1,14075.89357,13636.24959,15016.25673,1,15121.71014,21462.76972,7875.975625,5202.969091,11700.43125,15704.87968,7045.925091,1,4554.436532,26322.21152,1,15491.77242,8363.3193,13172.6237,15584.15958,17227.99693,18833.52784,18461.01226,13342.17229,14712.56341,11577.42335,1,18870.73217
PC(18:1(9E)/18:1(9E))2,1,1,1,1,1,207962.976,745408.5265,1,1,1,654129.2093,1018511.388,1464065.516,730338.2577,986824.4053,995592.8428,1206812.643,868571.1353,505994.4733,769757.3903,1,1192723.397,439154.6289,901474.862,1524828.766,220452.1777,1,429208.6853,435378.6291,1031492.834,453595.7059,919376.7303,1,554147.4292,1580808.419,520959.9308,687619.0543,1795842.623,1637500.336,1091801.875,1,1484744.07,1098022.556,1129568.466,1903056.677,530563.1864,1152667.23,1569073.775,551338.5969,1,816331.3064,1364845.779,971733.1085,1074203.338,1098821.085,1023799.789,772624.1987,1,1,1476620.5,1,931603.6112,1652636.908,506189.2448,317022.079,368184.0084,1,304022.2931,307943.1006,482548.4516,1,332895.2584,566214.4373,1145176.307,646392.4918,912846.2156,590465.6924,788017.4266,1612559.842,1495008.127,1166392.981,1287726.665,1,1,1475408.307,1290235.291,963411.1724,1197529.871,1,1123322.703,1067473.547,908140.8351,1048139.898,1404108.59,793215.3596,1085517.135,2656486.722,996026.5299,1194923.49,401129.921
PC(18:1(9Z)/18:1(9Z)),1,1,1,1,1,1,12641.99182,1,1,1,6949.411765,13800.85731,9046.522727,7980.144,10132.74731,10743.05,9199.944643,6729.62,1,1,9045.113636,8958.610769,5369.5675,6459.814286,2619,2644.248,5861.359167,4982.42,4964.144375,4353.082857,8265.75,8271.642105,9924.372647,11763.07364,7900.035,7221.39,11966.49167,14725.57083,5232.763333,6433.26,15448.03813,13962.59583,13633.92875,10834.30333,10090.5375,9147.133333,9430.56,10754.04789,10033.06895,8126.464286,20002.17414,20202.87273,23081.2075,17818.34812,19221.62882,15793.60125,15800.93529,21482.59474,17293.458,18640.99841,14337.38824,15437.97,13117.63895,11554.97,7842.566667,3996.945,3867.90625,4944.671,6966.148,6383.232391,5124.7375,12588.35053,14311.55688,13938.03971,13489.58084,13482.26688,15548.59854,19924.78125,13860.28519,18709.95882,15221.63118,14810.003,18135.91667,15306.56909,18511.37826,17098.06875,19408.41043,18090.01875,15569.30804,1,11561.62,15732.87417,18964.715,20809.87238,18962.9412,16469.2584,17076.40688,13194.80848,14277.41471,14356.77727
PC(18:1(9Z)/18:1(9Z))1,1,1,1,1,1,6141.698306,19199.70659,1,1,1,24799.92545,25208.52502,14782.14748,24092.244,29290.96628,20522.86516,26785.90455,23594.90609,15629.9893,1,1,12619.17,1,5641.098316,4909.427316,4799.431611,8023.7475,128078.9985,13516.18036,6441.028,11863.96636,22956.69052,16019.04718,15289.64376,11290.07168,13989.95591,15883.29574,15760.64651,17928.41713,8182.286077,11447.216,18911.96079,19530.43308,17752.25682,5497.559875,12874.79829,11230.33888,16001.84803,6205.709714,18670.0725,39745.348,1,34405.339,25777.71417,19627.48098,19085.88627,19336.5425,19089.43625,5129.758985,24199.853,14996.40291,10946.10698,1,8574.50534,47087.99161,5624.837739,1,4519.082143,3598.94656,1,2996.18468,8447.67952,1,14075.89357,13636.24959,15016.25673,1,15121.71014,21462.76972,7875.975625,5202.969091,11700.43125,15704.87968,7045.925091,1,4554.436532,26322.21152,1,15491.77242,8363.3193,13172.6237,15584.15958,17227.99693,18833.52784,18461.01226,13342.17229,14712.56341,11577.42335,1,18870.73217
PC(18:1(9Z)/18:1(9Z))2,1,1,1,1,1,207962.976,745408.5265,1,1,1,654129.2093,1018511.388,1464065.516,730338.2577,986824.4053,995592.8428,1206812.643,868571.1353,505994.4733,769757.3903,1,1192723.397,439154.6289,901474.862,1524828.766,220452.1777,1,429208.6853,435378.6291,1031492.834,453595.7059,919376.7303,1,554147.4292,1580808.419,520959.9308,687619.0543,1795842.623,1637500.336,1091801.875,1,1484744.07,1098022.556,1129568.466,1903056.677,530563.1864,1152667.23,1569073.775,551338.5969,1,816331.3064,1364845.779,971733.1085,1074203.338,1098821.085,1023799.789,772624.1987,1,1,1476620.5,1,931603.6112,1652636.908,506189.2448,317022.079,368184.0084,1,304022.2931,307943.1006,482548.4516,1,332895.2584,566214.4373,1145176.307,646392.4918,912846.2156,590465.6924,788017.4266,1612559.842,1495008.127,1166392.981,1287726.665,1,1,1475408.307,1290235.291,963411.1724,1197529.871,1,1123322.703,1067473.547,908140.8351,1048139.898,1404108.59,793215.3596,1085517.135,2656486.722,996026.5299,1194923.49,401129.921
PC(18:2/18:2),1,1,1,1,1,2001714.516,1,1,402249.9204,1,1881053.184,1,1,284251.2723,1,1,1,351167.7343,174984.9638,301408.4998,1,4158405.322,1,1068622.377,1,1,1,1,1077429.765,2037470.036,2143523.966,1336563.223,1347468.008,1763666.297,1674127.467,2354399.92,1,1779530.77,1579264.935,1,1443665.858,1966475.863,1,1211285.01,1560541.164,1301029.886,1,1391997.079,1,1,146999.9219,154298.9837,115206.7646,1,138428.1845,1,713900.0769,1,377303.7128,185607.9387,284867.9505,3668251.882,2185098.776,4617234.38,520130.5176,778630.8982,769812.6724,1,1,770609.7121,1,1434882.294,1,1655238.278,771521.2477,1,1830669.68,3678507.173,1,992461.3627,872608.273,1,1748767.094,1561043.142,3154483.207,1491321.774,1,1717227.513,1733976.504,1467723.667,458954.3489,1359237.06,1,868521.4568,1,1,1194171.805,709231.3743,428614.5153,256087.9414
PC(18:2/18:2)1,1,1,1,1,1,1304804.715,4434051.398,1170143.428,405626.0881,1,1210340.023,74916.0125,615346.4704,396300.4007,771228.9,3183668.586,1694929.6,431925.1266,165664.0174,362089.081,1,5003132.447,1629631.406,2766838.569,1761354.9,1723163.854,1735866.159,5374854.698,3670369.858,1138584.706,1219788.463,1282969.575,850920.054,1563079.069,3616928.582,2321270.38,1496336.396,1426429.881,4080201.656,1817168.626,2181244.495,1239270.405,9628812.368,1190159.235,1547448.817,1258373.579,1599974.642,860940.0207,985237.536,846048.7222,175430.0574,155092.1645,1,1,172347.2578,206144.4893,1090426.061,2492346.197,372332.6334,27615.20017,321540.1685,6769793.115,1,3305195.528,2239950.427,2063725.502,1289855.209,6507531.53,1,448017.3128,1158291.116,3970485.984,8878807.21,2145350.912,1824595.086,1,1590510.735,2080551.546,2304257.261,2027324.722,1001833.444,1046402.589,2530911.017,1231535.272,2131994.229,3153507.351,3841374.948,2610837.973,3525241.734,2875319.121,580334.0345,1419081.464,4584733.158,754998.7776,530950.9613,953755.1386,1656464.81,1295000.586,1258200.462,436108.2777
PC(18:2/18:2)2,1,1,1,1,2295.18,46410.99549,27676.21787,8116.378462,1,1,6905.006,1,1,1,22750.15018,25293.85138,7938.54,1,1,7172.886,30711.24545,23020.516,26438.86452,37900.8092,35773.20141,15328.63771,28887.465,30315.23625,24146.09889,26505.8985,20346.5856,13706.53929,29098.08212,23552.0575,27443.48211,26909,34633.76,37438.466,31944.50565,19557.475,33156.09733,39919.60357,29554.28565,36496.62061,28376.33333,33460.5035,32688.66379,29002.71524,28984.04463,23518.6,9702.6825,6347.691429,6703.56,5899.35,7677.788462,18570.282,15704.1019,11688.02,8123.202609,5438.519211,25636.53065,22582.41488,49208.66442,16358.888,20011.35697,17682.93828,22648.65957,17604.4226,16079.50167,17534.02768,19102.4325,61458.2897,21659.90242,16673.47684,18337.36268,26774.08804,35562.96111,23947.99909,12878.30114,24260.2004,13865.21675,21263.17308,17971.59167,42771.47903,44845.0725,20116.2,16729.32938,20800.17263,29613.74684,18589.69412,14353.21514,19386.34816,14992.81472,19609.77073,23402.29808,17758.95313,21304.85,20715.625,23154.0612,20304
PC(18:2/18:2)3,1,1,1,1,1,61725.27965,72200.06744,22090.79385,10899.84941,11931.1056,30078.90857,24057.92332,21212.59333,40251.0955,87297.12517,51015.26779,41754.3504,22161.49861,31350.10148,17597.455,74732.26808,50027.134,51732.29927,47445.35918,49764.55278,49330.177,53717.05583,68355.79636,67089.09913,35614.22542,33346.2465,41178.41177,42696.7659,56055.56686,44597.33404,58909.37056,62082.48035,49227.9442,1,30877.66671,34893.11571,1,58094.03808,65343.58077,47562.84265,56128.84685,46900.54424,48806.74247,14247.38806,57915.2163,14710.31029,8261.701568,11122.03225,1,7821.527435,1,20511.207,15523.59235,7555.296212,8082.59724,44099.78857,34482.84136,51857.62474,26445.59531,33019.69423,44721.88833,27866.21782,213969.0726,1,24155.81791,6197.448258,68900.50788,27047.40992,1,29014.84047,42686.58219,59093.6808,17872.98182,19213.55975,19951.91764,15992.15465,15957.36225,20218.76775,24006.34422,31694.84427,17221.75488,31854.07722,23323.3103,31667.175,12012.51874,25423.81933,21238.27925,1,26809.64156,23925.2915,1,29190.97167,20065.55192,20435.11598,29312.81365
PC(18:2/18:2)4,1,1,1,1,1,280666.5948,97266.96268,46324.93895,22640.37181,23025.55043,47412.06921,38061.52589,47825.5365,70529.10905,135600.9256,158428.5591,1,43353.54375,56571.74632,34348.70208,129294.2493,106032.7409,91095.79875,116169.1004,105439.6493,91381.44205,127131.7129,137987.4967,121121.9526,110258.9082,82993.70855,68961.05357,125179.4908,85349.41792,88815.72375,103786.212,230719.7743,143561.4457,139796.968,90371.40947,103953.9518,284823.5369,104051.8768,1,1,110153.1941,114058.7524,112424.468,341660.2849,88529.7725,33036.04673,19518.58309,22930.7125,1,16741.5261,244656.9134,37709.68727,30564.47587,18971.35242,16846.5682,84860.28013,64785.6377,113868.8859,48399.98364,45068.69877,68212.82217,46458.75802,1,58165.86608,52886.8555,71194.47482,92442.63996,41895.13279,39827.16171,52876.87762,49765.70418,72249.66844,34669.92161,28894.7295,49180.63991,46209.31739,35147.14528,36627.96569,51770.26559,64044.54609,33245.64655,55055.1735,40481.35236,52734.67569,39559.67278,52911.32185,44678.14177,165271.795,39504.789,43297.44017,252141.1666,55460.67739,42296.98096,38690.88777,48126.81554
Pentadecanoic acid,7876.5148,10918.01586,7267.204816,11070.83339,8047.4155,7337.233763,6109.527079,5676.7616,8123.367543,8492.600217,6769.749058,7803.642632,5666.639238,7124.7,7494.4776,4599.608263,6191.86972,4725.958333,3603.463765,6551.575652,5526.27805,4859.937574,6160.669038,4582.101333,5305.486286,5162.2088,6619.314,5169.5865,18489.51959,6030.775,5887.985548,6323.97463,3986.8845,5476.009583,12220.21548,4228.624421,6464.187636,6750.585171,6640.54875,4835.007241,5374.16775,4553.2767,4811.3506,3998.813175,6642.833714,5221.8717,6369.055,6580.940963,4785.865448,3793.720018,14128.74959,5188.393811,5922.915333,5079.638921,6198.159462,4410.811182,4879.713,5303.244375,2374.337625,5649.033106,5349.63,5400.452423,5548.8675,3935.61697,5196.5785,6043.41675,6730.062857,5709.224909,8134.02,5402.755,5811.839069,4288.9275,5342.914378,3431.778675,6263.239375,4919.191469,5785.309619,4016.596185,5095.999368,5987.095446,6587.729417,6727.8376,4797.1191,4185.936031,6241.367455,4623.034,5399.613818,6014.440938,8560.66375,4622.965636,8996.525241,5889.318839,5294.413032,5343.766484,4865.642897,4717.235545,5250.292625,5656.7505,5910.894635,5782.376185
Phenylacetylglutamine,46944.8455,22852.65886,67084.09771,2517.6039,11931.248,73841.86594,39150.86571,29217.85067,34618.58357,49627.62963,55532.87942,33819.20733,16394.25883,8927.94,46155.24529,21551.30077,65985.18686,457746.7559,38388.24643,58417.28775,41112.39,61528.9815,44214.94571,12437.85957,49736.82,9076.2815,16962.5676,13046.17414,34454.69733,46561.42286,35860.374,25363.5005,2471.892308,1,14451.37783,24851.8545,31393.6495,1,35585.46643,7707.2535,32799.2175,19198.3105,16695.19283,1,51780.67286,14617.14967,2425.547636,53889.04105,21216.84329,50247.08938,48204.42621,119695.2342,26120.7375,5669.722143,87421.635,8568.9552,24151.99377,1,120906.5544,3072.355,29122.796,35849.54107,20376.16575,20096.85469,10558.89064,49332.10886,44960.31378,1,1,51102.85714,2782.724688,26734.62047,30989.058,5484.312923,32133.53573,34270.00788,1,22357.63129,63072.172,49249.69371,31624.726,14822.29867,33023.8982,90399.78233,73256.808,10595.96171,10046.74275,16873.12086,15917.208,3007.6725,6171.719143,10156.47,31342.99733,25981.00607,58590.13823,13292.75383,19645,37767.612,37674.99614,24676.49943
Phenylacetylglutamine1,67866.5645,40591.64327,67204.92727,2738.622778,14879.20914,77014.21582,68263.57125,25922.71969,37344.23606,62856.22125,74124.28288,27605.00782,17384.92078,15343.39514,53448.31588,33266.98686,72312.38373,566824.2291,46637.43025,73575.12983,43271.03846,54270.1662,66811.50575,14120.682,78179.7522,11833.8053,19393.03275,15889.33333,52710.6525,46860.90125,40378.79415,30065.196,1864.686833,752.6923458,19542.15389,38049.75467,38490.0672,4683.65625,30944.49756,13222.18744,36097.83155,30075.0025,18634.54361,2308.623429,60082.25892,20740.742,1992.260464,51108.40625,28896.81025,62152.71342,39408.3845,120724.1863,15575.82453,6585.282766,79046.54488,8976.896,11414.62124,92265.29136,110585.8841,3259.353134,43483.71178,35696.7545,26430.66257,15643.12057,5430.072221,37292.10879,21832.88495,1478.117943,1431.6651,52527.66562,2378.576071,35688.66113,38325.28025,6110.89875,22493.73033,845.3040909,3032.352188,24708.15714,50640.09043,27193.047,32349.73325,14935.83257,27924.875,60472.50132,61147.6726,7286.920667,7177.478,9103.548571,18476.172,1449.664535,2459.657695,11000.61286,24338.29144,17082.56375,42737.66486,11566.78905,26763.457,35651.37338,28141.2712,17904.388
Phenylacetylglycine,1419.823,14672.34633,5684.309,3610.5494,4184.214545,4387.074,7760.776364,81379.33292,5971.136786,1,6182.6335,4458.41175,1,1981.816,7759.751,5686.592147,7800.148417,1,7331.578846,7090.268,7591.468,4130.031818,5407.084,3605.424625,8457.5975,3978.828,6637.338,2989.040667,11050,11298.41389,4466.931038,4150.871667,4951.826687,2548.543556,5746.780115,4100.214,6696.5402,5037.717882,2630.812308,6531.399,3726.329227,7438.969154,2683.0336,1558.2484,4847.812542,7351.476594,1440.2597,5073.925187,4774.479947,5264.056154,966.408,1,1,1,1,1,1,1,1,1,1,1,1,1,1,1,1,1,487.0451739,1,1,1,1,1,61.47721558,1,1,1,1,1,1,2652.662833,1,1,1,1,1,1,1,1,1,1,1,1,1,1,1,1,1,1
Phenylalanine,264832.7449,554114.1986,442491.7967,291025.4463,520680.5688,379671.8525,1,424825.741,354370.2253,509309.44,283390.1059,481789.8976,368793.2057,300032.9305,305032.7511,253866.3213,370509.6373,277993.2784,301130.9846,337620.5271,404657.5991,657671.9474,302449.4258,268746.0463,579675.6387,340190.4975,465282.3688,290112.7353,392780.9667,394511.4495,497931.7518,328250.1518,230068.0842,218036.2527,293898.172,268720.5615,355044.6651,335888.42,236795.5988,364953.4327,280080.5005,392852.278,301490.8932,346136.6468,422298.1242,426162.9827,239385.2728,461655.0344,318987.1277,314048.1091,711273.4915,299835.7783,389312.244,417547.2875,452353.8408,262752.75,299768.0825,523917.0357,238350.1141,404074.2263,471351.1737,461678.1254,325700.206,243698.2013,329206.2901,432150.3821,761658.6102,229857.1172,297276.1301,637976.5226,379800.064,625600.099,410334.0342,478351.644,420159.3104,312959.6741,374946.3865,814502.393,582377.6849,493148.3019,378158.7725,483864.9535,973816.8195,481461.7171,2032183.405,453959.1696,511062.6876,434901.5113,295099.711,312177.8534,312686.2768,520064.5403,444044.7644,214912.7294,298321.3591,508421.5018,439750.1231,469069.0022,436847.7624,259897.714
Phenylalanine1,1,157185.9559,122764.6957,105188.2581,159387.8067,99586.0528,149388.0693,121245.2441,101697.0865,116704.2587,1,160957.1307,126484.995,106796.1553,97814.92622,61183.69826,130862.3802,84459.96738,97575.76704,89650.49623,113978.4977,203188.4203,125883.6906,83355.18687,202836.1309,103657.0258,120314.2363,107404.612,102958.3781,114569.0761,145280.4238,99090.90644,102144.635,91845.81556,96077.82694,108289.6043,88848.8646,118081.0491,64714.32171,107196.1149,83258.9993,113324.633,73820.34086,123888.3754,131863.8309,105141.2119,1,136245.5489,108385.446,1,131315.4125,85293.80521,72034.94386,37707.9514,57974.27239,37257.3748,59944.35,80548.26,41404.20708,61146.50507,88983.98108,80964.27958,1,29744.10154,63286.04344,104767.1683,121025.6937,1,64557.77729,117438.3791,83130.56987,90129.24,30651.1875,134910.4656,69759.08205,97905.46929,81688.19088,134006.9261,81840.33557,155603.6055,66338.23074,87373.6985,208564.3601,123979.9756,373406.7878,104786.8729,69844.94622,1,1,68880.05943,62500.30313,102040.2334,127007.7125,29750.42735,72848.66477,127994.0506,67099.53633,99336.402,98753.61843,80161.35686
Phenylalanine2,54015.98372,79021.52778,74777.96212,50765.93669,80048.87086,64266.02155,1,66636.99163,51930.98411,72986.32768,49804.88387,106520.8484,72873.19286,54952.275,56024.81278,51582.88355,65571.47739,61083.15492,58541.69574,54417.79011,75846.34519,130734.9225,61147.93392,47570.47643,102088.2614,62447.88909,82298.85397,38169.964,63618.64693,70250.62459,87123.34629,61606.77737,47618.35962,41800.74971,56013.78167,56801.79941,60769.2,64380.68367,46663.64371,67459.6153,54470.41214,70126.39263,40860.40958,64661.5359,64411.24857,63171.14222,45453.06199,80492.18122,59788.46888,64181.34426,134770.1457,58434.09815,77907.00887,81899.40688,92003.79612,40587.98687,69879.24617,107394.7254,41534.74518,89661.89777,2629.87132,94834.09638,65401.70769,39638.78663,70116.89163,75659.47874,115576.0101,45905.4587,63623.4,130836.1717,78084.43015,138787.3235,78172.88733,81040.88789,69472.29798,53398.35347,84513.61991,196720.447,107210.6617,100531.8058,77631.60574,89638.8003,193130.7805,70265.67905,389206.256,100051.628,93572.15067,107173.5858,61756.74973,63383.92596,49914.81422,74808.35282,69702.97523,45642.24492,63076.76108,99074.64061,101515.4306,91898.63986,101263.2595,66428.23377
Phenylalanine3,11580.15492,22570.84333,11179.54,19421.39208,22246.167,17033.97667,20629.3469,22178.90571,9433.030243,30009.58309,15449.688,26321.63511,26161.84938,21095.529,16971.88321,22179.7527,26771.95814,11016.74417,13012.638,21382.03846,15147.19121,15176.19067,26199.78105,20999.07736,19834.33208,15766.372,29367.7255,17398.96148,22870.52656,20724.27943,35910.055,20468.04012,19889.59167,20680.36364,18154.37,20118.43273,22845.32914,25428.17438,11612.00956,24889.345,18306.32404,19308.6855,10961.2082,23479.29257,27979.7035,26929.28824,20522.50547,19226.7255,20022.81549,24349.73511,28087.53037,12085.69371,6907.504016,5004.895946,8336.565194,4352.612295,4197.280127,19133.634,6037.686323,7923.4686,10325.80714,19264.81741,1812.393587,4356.0605,6382.775778,5627.570553,26166.59425,3651.708413,5508.756725,14201.02682,14208.20818,11432,4331.099143,16817.7275,10769.77143,10642.50113,18354.88667,12986.8546,5237.563082,10602.86401,6314.210346,2660.957308,17433.71648,16578.54329,42505.2893,23722.99981,7129.180277,8706.002339,2640.891509,5423.071244,7486.745455,18238.62206,27518.61233,3671.253207,15504.669,11978.2864,12100.584,15183.22575,16195.7135,10115.56943
Phenylpyruvate,8999.651333,8367.670462,6270.100643,13081.1575,10489.5693,1,1,1,6852.151077,1,5319.348667,1,1,5032.385333,5389.367333,5529.562483,1,5394.808,1,5236.107333,1,1,1,5302.807714,1,6679.395389,7588.6355,5143.082,1,1,5463.848,1,4622.601625,1,1,5026.419563,1,1,4428.28,1,6026.249625,6251.433375,6570.637714,1,1,1,6263.844,1,1,1,9924.8391,12392.23418,7790.890588,8639.490692,8933.063333,7386.7686,9784.247278,11583.67093,7799.679364,10390.59409,10148.66441,9112.609864,7674.204643,6438.0195,8663.746,10794.71305,7090.31925,6966.213333,9767.91075,7346.663143,6690.615556,7069.781778,6537.819929,7544.205,8602.956848,6816.9985,8691.401562,7178.893,5650.397529,6746.229625,8425.49785,7293.21285,6413.866429,7027.753929,1,9510.275,1,7709.014375,8613.1695,9561.7675,6536.931,7432.586,6864.906286,7980.04375,8302.3385,8383.907,7421.2848,9986.785,8669.58,6887.801437
Phenylpyruvate1,10061.3181,11283.26908,9046.24224,7389.56625,9383.149286,4448.429143,9976.923021,9019.1395,7568.050421,12707.296,5253.004,13903.36581,13570.45074,7251.875313,6593.181148,8676.299273,11359.20933,1,5927.8625,10513.07658,12515.536,6362.849318,11766.99691,7912.357711,8287.357273,7053.288649,8724.001471,7556.1955,1,12443.0857,8874.68897,7421.812412,9791.011312,8796.079128,1,7002.781714,4485.1725,11633.60703,3160.671056,1,7912.941985,6492.805882,1,8359.520583,8870.609128,8267.063521,8693.52,6485.017885,9582.9552,7103.235132,6267.454231,5711.402475,1094.932727,1383.856941,1,1360.067923,1143.420219,2700.281143,1924.20875,3566.677441,337.59,4104.789699,1,3333.313273,2038.776214,2509.790453,3468.799911,1750.651328,3764.935,3257.3592,2580.6688,1,613.8968333,4289.294265,2383.548618,3657.031,1,3419.380575,671.6226774,4596.328577,3559.308837,3732.3405,4697.0586,2283.050847,28634.22519,7625.387,2467.267932,1,1,3056.9379,4288.146354,2619.939833,3469.427143,1,7340.9805,5271.892706,5901.38729,4530.324124,4684.351875,2981.098033
Phenylpyruvate2,7367.149185,8792.621,3251.729502,7004.1637,4501.313414,5058.838015,12235.89774,12646.18246,11218.79664,16106.99739,3844.651125,11257.64755,16544.4899,7120.977105,7912.900889,14102.6628,15310.9358,4233.201923,4925.918261,13779.5945,9574.47225,4347.168421,17695.64862,12175.33761,8845.560295,10130.27814,14762.01254,12859.16,11060.90128,13926.88208,17500.67234,8622.169043,11931.14352,11338.8775,10851.07613,8458.015364,10622.07409,14498.55523,5077.466731,7413.574658,8228.2296,9870.009143,19842.97468,16106.71097,13777.8413,18034.15025,13831.57558,13096.50808,12042.40837,13516.12464,9570.435313,3910.261516,3709.464137,1120.2345,2882.939746,1691.500846,1127.840598,3001.541941,1112.541018,2323.669292,6954.652,6857.88525,2126.159208,1853.132917,1080.6571,2033.1759,5319.883957,2073.3092,3971.1985,2829.456,2696.508615,2559.104846,924.1023051,3863.878103,3340.685694,3638.219711,4332.28554,2054.264291,4902.519,7633.711694,3148.451244,1679.302632,3689.670772,7344.027838,44026.72918,11758.56,2966.838045,3019.082695,1380.178308,3934.889031,3368.18061,3670.189746,3437.021797,1160.90625,7200.051158,7460.8365,5301.825239,3284.71,2884.484569,5984.997778
Phenylsulfate,17676.22645,4360.53506,50061.76098,25509.22797,5491.23952,182276.4543,78209.61875,14567.119,43622.722,9659.1908,78357.35702,237416.9976,5428.218214,2328.185306,6010.689643,283455.4576,6278.172579,1738779.157,22432.96938,180566.941,56927.40267,93409.64226,18100.58483,74350.10679,14829.4848,16344.73306,218424.7105,20055.26085,450784.3864,83289.24567,23482.76113,15471.70726,14576.13152,3805.516759,75325.13428,8006.749094,317067.8707,6266.730208,5305.090357,63072.21884,18469.82638,8247.932,11493.21558,10456.008,51032.3955,22009.81978,6764.546882,84390.06496,43802.64617,122952.9614,101066.8426,322456.7717,10989.24068,199507.0448,143605.7154,254066.6693,628817.322,9309.38582,463556.79,32980.461,168883.0683,152846.8409,309319.09,150045.5057,340842.8385,189848.0516,14145.5232,6485.220541,121010.4413,22520.4024,8448.583719,414493.8298,182067.913,45366.57133,105108.3778,41451.7931,8276.029667,21241.485,36206.49361,222671.7975,373480.4549,245546.7941,4357.269325,149932.5329,695793.474,24193.56256,445546.5842,13375.04593,117689.2756,13076.65938,117006.9391,94816.34902,201466.6094,96042.25218,316539.7054,47202.97936,51938.5545,752484.231,675822.3157,13325.66365
Phosphate,32441.66721,25735.91404,44778.102,28612.782,24850.95104,20119.7625,19996.79385,33209.81942,40324.34057,21594.87071,33087.68859,23137.62671,29929.632,25170.48,21180.75077,30424.91132,19860.10743,35270.51029,26816.74625,31775.7275,27436.6625,32338.55317,27941.42829,28822.09547,29499.03754,27482.68854,21004.825,63215.14283,39419.6072,19535.29132,19786.49475,25011.31575,36321.94893,30690.28832,21959.07886,18821.75719,28631.4644,26847.14169,18239.96845,32922.05081,23158.97675,27148.234,38772.66,59021.675,48486.95893,64951.61827,26919.48727,19854.22868,27637.01738,25339.29864,36163.97114,28468.78412,29457.37153,41718.45025,36942.0438,17904.95644,13229.39354,15320.355,22758.95448,21983.0433,32778.98544,36189.92605,31022.70822,23349.32749,25341.078,24003.14763,77939.59647,21858.739,8625.65855,26058.35886,36063.46717,27142.22276,1,21444.35436,27323.5789,15052.57788,27826.14636,26656.02577,33339.55689,26122.84453,16151.45385,35500.98767,36256.02729,103172.712,20579.892,28622.42916,28354.24353,23658.13534,20282.0646,13671.99222,11969.1393,64077.96694,78949.76539,26128.84733,48461.01,53648.01983,37088.82918,23069.30157,23089.14743,25338.41603
Phosphorylcholine,1,1,1,6574.748059,1,34981.7825,32895.85071,1,51988.92072,31372.54725,18991.88606,14262.83867,1,11275.9262,14783.55479,1,25189.12126,15169.67108,27184.84689,26828.0885,1,1,1,58395.94581,32337.03495,1,1,26021.79938,38410.2432,1,26738.68112,1,86848.10444,1,1,1,64573.79316,79113.37719,37719.1477,58608.4896,1,44580.31815,74593.80841,1,29298.228,1,1,104049.5418,26868.70453,1,101866.9195,54142.63384,129534.4257,52569.83845,1,129741.7919,81152.39871,87780.75551,81688.47891,33947.62273,1,41646.81813,83053.85262,1,1,60737.39048,1,1,1,35248.4964,1,66028.97698,65783.69687,54483.0082,48308.96271,53757.77275,78228.159,68177.05576,88552.45674,66664.11207,85848.48003,1,67005.69597,140728.3287,109649.0206,63519.72026,61248.79406,41882.9355,83914.87884,57497.57276,69351.22771,1,87007.22287,80570.43795,78998.48588,47674.78356,51251.4702,160818.3687,51819.49093,116344.2463
Pipecolic acid,20811.26667,17573.35862,17072.73368,20412.67243,35235.7634,54712.07585,24753.57012,1,60650.20196,39407.7385,46678.95344,28842.29333,46282.15423,50854.47953,20720.784,34329.31506,1,1,99493.74907,20761.216,71038.79431,35930.96592,87367.77458,18539.61633,1,44506.37172,46354.41671,41301.59395,35274.64627,1,1,22152.57969,16715.91371,1,47263.23525,45932.71746,69631.68397,47243.08736,26224.8615,39713.85643,64371.1769,25459.99521,33218.66538,79170.80634,45255.96718,33319.60376,64999.13662,34838.31653,76192.83328,17661.17571,34711.31196,23578.59881,60219.21857,36755.848,20724.30964,6343.840286,24414.99574,37599.24707,1,108569.6158,33360.92571,63495.59627,19663.54036,17035.72868,26199.50523,1,46809.87961,76712.47972,70799.35522,19737.75682,52084.8087,28589.03211,12137.89871,67146.32476,36945.49241,17663.7805,65478.51188,44491.51995,24540.80437,43600.89825,61202.69981,71072.20995,134102.8237,27018.84379,95310.53374,29149.0868,38524.9791,97631.02018,94320.6092,43158.6932,57177.92864,17663.09083,7733.323684,26180.29944,27135.11771,35224.03557,28760.124,38726.25621,29643.01631,26663.81267
Pregnanediol 3-O-glucuronide,17541.6248,5458.66225,20829.879,4483.364294,1674.051438,14244.12,1239.376013,2026.22,3996.119401,5341.579412,7336.52275,4787.82,2438.362,2299.434,7998.9055,5581.67595,3647.349,4847.831554,2011.281196,1390.055259,8542.528377,128264.6905,1196.65814,2932.243833,5298.277222,1381.358228,4480.973347,1949.557944,2932.817389,2718.993895,2789.564037,5169.288158,2405.725714,3820.3312,937.5177857,3153.963809,2380.97364,1340.445429,10763.81007,1573.990688,924.0099754,4610.066824,27245.6428,11378.1845,5697.654954,1538.38025,1813.378269,5320.696816,2048.326737,5682.620893,1081.796875,2247.089467,4589.311059,40356.823,49863.75644,30981.23978,27951.66267,24499.7865,56322.22112,13592.83125,11159.50111,9856.736842,99148.273,18004.80113,19432.116,10173.61406,4262.255535,21239.41206,2878.652778,21066.1365,6199.253211,30606.93818,110525.3776,6586.704,9958.226132,3209.481803,46672.24992,10606.31133,118085.0078,5402.789909,315822.823,35983.6136,4458.298789,13391.42857,21335.93668,4123.3389,141137.1696,13079.73343,47959.47,6295.47912,64092.8565,6493.940526,14792.95337,5353447.722,9584.094,37322.41533,4474.65997,11044.24479,13062.77044,4539.1604
Pregnenolone sulfate,37919.30029,62352.70682,63896.51533,42935.86022,13997.34938,20677.434,32939.79216,4599.614753,56544.71264,47481.41484,41486.2477,4440.915273,6502.971,11936.0087,14184.61566,80153.61608,15115.6145,2547.4449,27169.91956,33127.66985,8389.079167,9503.865,27530.5926,44817.50857,9177.104694,3372.985663,11250.1289,25312.833,8790.598727,71298.78583,14873.92367,70832.56985,20323.044,19715.43787,2035.030377,4418.215566,17518.72033,6666.763154,22830.59756,12413.7564,68672.5875,6591.547181,50684.90153,23148.0256,5506.583875,18369.60236,14112.44375,6418.856727,9509.094,7807.6845,4903.209364,73165.84577,4996.3432,35030.84105,50790.53583,41553.257,30979.707,17328.45653,33328.266,20276.4672,88341.2863,22942.31416,21449.34,9893.441477,20552.799,2366.660571,6976.37575,16805.5675,46593.1725,197509.3355,18557.63285,39607.92295,66873.882,141977.6557,12655.48876,32199.90295,60066.3492,59716.97296,129437.6328,21721.83229,38486.49239,31176.73635,51410.5165,47577.754,143846.4483,143775.8507,338581.9341,27532.2785,31570.37308,100395.0248,20476.10143,34254.415,13691.131,25256.83195,40327.0707,241248.8872,34040.75079,17839.72971,14893.725,5687.931
Prolylhydroxyproline,22971.84667,18911.14575,18248.64975,5869.169583,16789.98967,11062.5953,26855.72323,24650.09829,15207.02,1,14812.864,11333.1304,20083.10143,29519.74917,10255.6152,16259.46429,16022.301,42163.11604,27992.096,12821.0015,45347.05,19616.59639,16271.16925,15699.40083,22098.22083,22031.96683,10801.8395,11049.5625,7148.104,20416.41643,6227.6786,20857.05464,34103.04927,32776.085,15833.038,18544.08617,15310.53,24422.499,19845.425,9174.319167,15477.291,17857.12692,19269.2172,10803.898,6577.819778,16709.79429,21794.724,12672.42467,19792.1325,8953.470583,43339.48538,38067.41142,46340.65925,154819.1576,197628.804,177351.8604,13287.69455,149131.6802,74480.9697,25594.42844,83619.83551,152379.24,277804.432,37614.68042,9857.562462,8912.2336,9201.101667,21811.293,38426.07183,73636.8225,24465.2345,45807.08103,203645.7456,32859.18318,80836.77784,22003.444,30435.79469,103669.5572,58794.131,16685.38779,30213.42153,39687.4674,6056.82,10902.83944,79624.51516,13969.00368,136779.72,11219.48579,106906.065,122726.2866,6177.495417,7799.798028,12292.26625,48080.65263,29346.22355,50786.94841,9861.7736,23756.47359,23916.17655,21259.03026
Propionylcarnitine (Car(3:0)),12378.692,53984.64375,19384.50567,14983.26171,26914.40891,51395.89006,68681.39454,48769.01331,41400.546,40755.99125,28903.47333,73576.61487,38048.07808,19474.028,30538.77225,14480.13,29267.14592,28928.47729,18658.6837,31047.47822,43625.40873,76641.74818,40728.08996,17363.47993,57597.33583,12680.70257,56922.99733,19666.43175,61967.80005,76287.27155,59785.04636,25939.08571,1,8897.544,30630.24214,26323.084,41074.60335,31211.6758,11297.2985,27686.5605,43264.6685,63072.82767,11015.24983,12086.291,57559.70594,76013.31165,7073.0175,61357.0375,22040.7852,35909.58675,160043.9589,15457.6,66659.23687,10089.18733,77080.128,6067.51925,16097.6,83525.53688,11097.98333,25439.66571,52531.50069,37058.30933,30918.48545,15165.32667,30973.5975,89611.379,57579.71221,38283.51967,32453.73291,74374.38021,30189.26057,116032.9342,26683.5977,78249.188,49235.97252,46081.7775,90932.01647,56338.73438,66533.52259,23493.33257,42946.6495,101085.6489,50214.90656,82822.59821,132832.8678,36046.17957,30077.258,51640.968,25921.24971,101678.966,32024.5,35155.04014,1,7336.85625,57430.814,30084.075,41017.59538,74170.474,70425.10875,46321.70455
Propionylcarnitine (Car(3:0))1,5798.035,19170.43333,6789.8883,7935.231667,15340.598,16487.92908,23523.78963,15688.08,12216.542,11649.2895,10502.67771,38895.65929,11758.8524,62549.17733,9864.079333,3863.9622,11175.71217,41029.73509,1,1,11225.4224,40416.4,13373.69986,6680.703167,23681.163,4659.6864,13667.32,5662.761,18192.352,14318.838,22349.79083,6879.1328,1,3885.975,7451.8664,10051.606,14361.8552,11823.7686,3972.0252,10572.8174,9807.45525,19624.57262,86642.61744,3631.0844,20902.0605,8833.0811,1,19105.30467,7611.764,7324.7985,35141.04767,1,19336.38075,1,21371.451,1,5873.270083,22974.27783,1,273200.8782,7633.1904,13700.575,1,27225.90909,1,34116.263,11706.568,1,1,109972.6333,8575.061417,29232.84886,1,31639.46758,27154.53426,16208.56383,34026.87262,140950.4591,42208.94857,4043.795333,12575.872,263045.7236,19909.44056,27460.5955,32754.86029,22531.32357,8511.556714,23589.8928,1,89751.26372,8480.989333,12604.4,1,1,21134.66331,18984.81108,154074.859,17774.43,21938.32807,18402.38607
Propyl cinnamate,6319.887093,1,1,1,3921.100773,1,1,1,1,1,1,4333.485031,1,1882.143429,4012.915119,1,1,1,1,1,1,2767.702438,1972.298364,1,1,4676.110027,2604.414944,2726.880429,1,1,1,1,1,2936.402344,2744.325278,1,1,2958.082355,1,1741.239711,4013.046429,1456.0858,2076.664875,4410.299,2753.928889,3174.168975,1,1,1,1,5391.76775,25738.52914,36040.54533,6796.414083,3351.566609,46543.11055,52183.00032,18785.97448,1,1,53168.18396,7708.476632,10663.77312,1,1,14779.15542,5845.8715,16621.28525,3312.722,21222.77404,35415.43962,34293.36053,21482.27498,53834.99882,19715.96767,23664.85625,13057.86505,24369.39238,44511.19118,8496.69155,1,1,62257.02868,3096.894937,1986.383143,2685.036684,35522.05974,3269.652208,9053.9624,1,5008.318071,1,24415.05703,1,5436.860357,1,3811.4584,1,2699.344583,1
Quinone,1968.995,1,15630.76811,5651.5844,5523.342,1,3390.836,1,1,1,7770.675938,6527.395714,8751.51025,1,6618.474,5924.328,1,5757.3775,3614.0596,1,7013.68675,4356.144,4136.5625,8097.948,5473.7212,8627.780571,5977.8625,1,1,1,1,4116.768,8367.708,1,1,9669.60825,1,5568.933929,7714.035,3245.5566,1,1,7930.362786,1,9090.719111,1,5225.8665,2975.6749,4041.537083,4825.7325,18286.50938,15893.7052,16209.65068,11254.31214,16979.5269,13851.74853,20602.11881,13591.14772,11525.511,13504.95953,15129.39375,10825.76385,12670.90988,11104.29688,17732.52004,8059.65125,4143.8396,13963.19262,6768.992,6671.5086,1,7860.496533,10984.03152,14244.46544,12160.80216,14896.41782,8644.013636,13244.511,8496.982,13804.06309,7629.9036,21067.22522,5425.481667,1356.379,7008.224,10195.2123,14575.08867,10470.15357,1,13076.81359,8853.183333,1,14822.46719,4930.000214,5721.618438,10599.25891,7313.252,6571.334,7261.045667,9888.7695
S1P(d18:0),33533.38592,48356.01,16669.4535,23595.5792,21416.08919,19619.94395,30434.23548,27236.23857,38551.788,45525.0385,10073.39884,11254.6245,22931.6892,22941.01127,32061.99385,29678.06146,15644.57773,20936.27711,16882.21078,68288.75357,48124.22665,23384.86703,33524.84036,21881.01748,41761.40549,32523.72911,34192.75393,76136.92613,49747.74175,27781.447,49825.24088,16028.52011,29902.89474,14992.026,39468.9267,20563.45872,35036.86122,33464.02085,37299.03545,22489.44458,12113.42612,20290.77481,103586.3634,19284.28088,40766.58093,62472.52675,16248.6432,36638.9694,39387.48482,50802.55714,11538.02173,22398.86727,21320.24488,4397.8116,11887.56411,13997.48411,10275.72954,14349.49071,14289.15516,29716.60088,18718.7825,19002.989,4763.06875,7428.425833,10276.85467,13353.55973,55086.91793,9879.723192,32949.12838,31577.45079,11638.45978,14439.15536,7546.629167,13201.22571,13694.78954,11447.64587,13354.59754,11886.10746,18114.31565,21459.37593,41690.45853,50759.83397,45070.84875,9926.942804,37309.0575,23452.75294,12702.52304,14548.48846,17465.78147,14117.14645,18938.66724,68337.33045,23686.17527,18762.28467,13423.32265,61347.5762,20438.00352,39006.95303,41176.89329,27014.47297
S1P(d18:1),191429.5455,230764.3976,183371.7437,122273.48,131867.5767,140483.4877,218157.1732,204693.3925,185819.6186,258115.7476,84780.26393,116552.2881,208139.2176,158644.1275,156902.7469,196264.9972,136604.2292,149333.5638,169576.8277,326088.0557,224343.4317,136214.211,153137.7767,172521.8843,189403.7396,194888.674,189087.6573,355977.1236,217142.137,150902.4715,291972.0024,125460.4021,170992.7111,139509.9698,202604.3704,128476.3606,203641.056,191862.3791,210899.2066,186159.8171,110099.7748,183454.2433,441227.6637,165453.7836,189193.99,338844.6715,152479.5346,195219.9522,232448.5306,252131.6787,91954.02007,162704.2343,152232.0202,57625.53976,105779.3731,78067.12938,71245.28292,108655.5148,99218.48462,172629.074,131568.7433,179277.2577,66746.8656,59391.878,55984.8905,118365.2805,204428.8564,88416.99786,146655.1796,133660.033,91905.56238,101726.2388,71749.87637,95621.16139,84925.59198,73352.56759,79190.4608,61813.03411,98315.96611,94608.76185,139192.0228,139605.1205,137370.3602,127114.8199,128871.5175,126156.329,42421.848,99181.98279,108737.3788,71387.43048,108964.2165,356598.8973,199702.7681,144491.3184,83732.12282,371670.5904,131077.7982,189561.3691,199388.2006,148147.3368
Sebacic acid,6386.085403,13274.11729,37185.73883,5208.205179,8134.700087,4340.556,5067.62425,5979.436775,5821.390917,6531.994696,7659.137192,5925.424842,12985.89641,5822.55675,10710.98429,4668.000541,7322.003143,3630.485677,6547.476,6209.355935,30060.00857,7502.350844,10473.52128,4814.033,8589.073038,8723.404511,14467.6616,7423.79876,7417.237273,5097.928842,4778.495636,5230.041833,808.14125,4701.794375,3878.64,5977.227692,4614.223684,5766.648063,7357.3812,4392.021667,5009.909585,6604.849691,10399.74059,6031.493229,5830.666,4873.0755,6018.949344,5923.500659,5612.758703,7173.459913,6167.740671,8066.480938,3548.84904,23865.1578,10125.28988,7282.0755,11247.2625,2146.192786,24771.17365,6847.795833,21013.61666,10182.44848,15904.23573,5307.8068,17502.65224,2071.13651,7457.971143,4575.80925,8593.09175,1716.933987,5018.06624,23924.032,9366.941037,4574.85875,6156.8385,8793.704571,11256.90025,13477.61992,11630.72778,444.4782111,14046.4115,11323.25938,12054.40038,2631.393365,13913.35758,4097.3075,17127.84035,5931.59625,4861.717167,4241.786417,12647.59021,5846.711146,5989.378964,10446.7018,10204.648,8601.125724,8092.210368,27574.43476,8559.243264,7012.788222
Sorbose,4494.343152,10783.14688,45597.17322,9703.407923,12879.74287,14898.41857,11773.52133,12993.90429,5510.913286,18096.0868,12980.81577,21990.34117,19310.2096,17608.91022,19769.68667,12365.681,23450.7647,28926.4875,15120.2,6566.241813,22762.10328,25928.63231,15388.9996,20472.3384,20640.3288,11477.70275,18354.5433,7725.424306,6060.287409,12407.78693,22181.876,7172.252875,19737.27213,10056.04542,8161.421088,19667.67109,11278.119,9535.351766,28154.11777,6059.030001,9388.831833,10550.3925,23864.22917,768.8632509,24196.34442,1,10992.70338,5655.338879,9407.855222,14404.91656,57061.37353,63611.82903,46958.5584,90790.07593,69038.32276,209713.7832,246693.8337,45096.62484,256232.497,40989.96405,95442.98129,34761.7386,62387.14406,212357.4704,298834.499,258517.7316,57361.1198,46957.01235,27894.34255,62497.24477,46602.4085,458835.6983,190595.5945,70950.44023,50192.7264,139378.9686,28863.252,85254.38208,59136.2944,55288.08425,305031.6966,348867.3413,45067.221,25854.14254,103401.8794,45386.03705,171003.5329,73500.08842,31377.22697,58728.66413,73230.19989,27553.86197,44707.44311,134861.4438,21913.52753,36353.52552,32337.11846,63590.58,58913.75126,31133.78615
Sphingosyl-phosphocholine,15379.53076,9287.962867,21569.40882,2810.791,42344.68333,23566.94503,18589.7012,56244.75896,35100.70817,24706.65638,27181.27722,18265.7568,55363.5162,55498.85484,22196.92937,31378.5803,59876.7878,25827.43625,19331.50991,71234.13904,42839.10104,17239.40766,16283.7448,11786.66029,15136.62593,27734.60341,82482.43045,32514.755,148835.9983,51247.58459,47029.58003,24125.38948,39492.06356,39892.39625,59576.14546,51568.98796,43644.32928,43759.69617,32218.13978,80797.82972,26212.10395,32481.963,22848.26061,25351.76446,35381.42486,54854.37208,19604.99219,26960.85895,32731.73948,32602.92188,79124.05554,19580.17098,58253.85184,7766.979717,14494.29462,13789.69508,11960.76937,8556.496412,7215.620133,10022.573,29973.67414,10561.53558,9545.564639,12455.67194,11653.30936,108920.4819,113130.3584,30551.77955,9946.613844,5909.385741,11386.55982,4196.920933,21351.12776,8490.781537,69039.46711,31758.36926,23797.88842,6747.38725,11778.04703,8662.202917,24130.19963,16894.11875,7423.964088,7623.7902,4617.814853,2771.495583,13750.38459,22917.68763,84881.79392,3957.092741,13294.92537,11609.51314,4257.099344,11149.44207,5691.120024,7118.51025,5523.154909,24679.90387,24746.68942,19009.852
Stachydrine,99112.602,293305.5711,1,9702.718125,244423.6366,131626.7316,8723.458286,164467.7352,398236.9598,31690.85875,212208.0186,4503.675,139005.5039,295342.4245,20043.822,459551.5444,328430.5473,360334.5964,1,333869.544,65762.78917,30595.54867,16065.19246,18323.10236,93181.15038,122003.7589,395497.9438,325634.5437,38626.31397,333257.8856,14954.65846,1,101936.4121,287782.8761,71239.92474,90589.43469,163911.8362,219223.1996,20741.53023,205886.915,11152.89833,78835.24688,96689.97773,466860.2396,87317.67585,28179.31315,454537.6189,481055.4631,391263.1907,55003.72038,1,178458.5295,25701.56104,236340.5364,45891.12847,12647.34727,231365.9738,417664.8104,231324.6771,16293.92417,44668.26947,407478.03,94772.09352,215904.4047,95042.7459,1,41884.39858,18540.66432,261937.2234,29193.0783,81618.87673,33952.76775,2972.113692,79369.13391,116792.6787,224217.7743,1,125140.0281,444934.2998,20890.97028,17038.63269,45897.80755,237406.1567,77782.62453,80005.68447,57896.10667,1,18637.542,1,26247.64179,207025.9932,46166.74874,47892.98155,691081.8029,1,363689.4417,211110.0765,396127.4142,349900.197,151034.1097
Stearamide,31961.77322,72265.665,26372.85958,31883.1047,33963.41231,7862.390214,6481.591217,23888.33998,23258.46723,27098.82663,240831.3375,60748.29342,8733.956175,8905.325143,6251.14213,7334.663,5908.4495,9913.165773,6649.83375,38993.88952,5509.3478,5335.351636,23355.62561,7700.916034,13615.66025,9080.3835,16249.68668,9403.031913,6834.128357,7063.071296,7915.785,8717.906339,10214.0455,6776.517957,15669.67217,8057.072571,5890.464643,8138.172545,8092.609712,11417.53891,7196.861455,8674.0605,4608.72,5982.092618,4311.97169,6029.526375,5399.469704,7455.509611,8837.431042,7775.196524,38427.79993,16672.42736,13551.75158,7543.357043,13879.59238,11982.38462,7652.150095,9042.209786,4820.444667,9681.186667,4924.310044,6128.931892,21014.91938,5336.356829,8219.649554,6032.684516,8306.13824,5841.199103,4176.2285,4781.574,6312.789955,7960.061741,5492.0115,5444.022042,9717.674226,5727.6479,11812.88095,6559.733833,8056.166089,9046.865625,7196.3545,11376.37483,13479.80776,7575.546214,8096.5825,9909.08776,4656.2915,11823.6525,8359.381931,16294.90146,6999.441556,11088.9481,17007.31394,16794.83615,8559.742519,11460.93224,7779.659743,8505.274917,8169.87936,12569.35581
Stearamide1,6013.606667,10541.1381,4243.285333,5049.390667,4828.901717,3604.820025,4546.453263,5436.757857,7625.240625,7570.715,6424.516,4776.643044,5345.179762,4757.92663,5336.1588,4923.945357,5872.41225,6375.444667,6481.04175,5754.874871,5685.120316,5634.18375,5994.5076,4185.4675,6500.010524,4621.797396,6313.778182,5655.663583,6775.4401,5534.680074,6389.7658,5287.464205,4833.636545,6278.591786,1855.709471,6637.278333,5676.440192,5508.714571,6248.492038,2170.878533,4422.153,4218.35565,4746.73552,6582.942261,6166.898182,5322.652687,2188.009833,4814.82144,4191.085167,4416.602273,5355.42132,3558.70463,2523.25755,2237.337611,2168.576,2232.95,4032.941283,2811.786133,2650.303,2282.61125,2335.840833,3056.890703,2765.989161,3317.135613,4364.212125,3437.217733,3038.70114,2689.957429,2781.489455,2338.979966,3606.347259,3292.740973,4174.844893,3082.056442,3089.012188,3451.81037,4205.65222,5896.764207,4900.8925,4951.0065,6629.776696,4485.965385,3685.43874,4235.71422,4096.57632,4648.302,6102.775458,3652.495,3732.092348,4151.15032,5542.235083,4208.461583,4993.570909,1547.455462,2810.880224,2520.371771,2696.267472,2967.24336,1251.282,5507.455778
Stearamide2,1,1,1,1,1868.586526,1,1,1,1,1,1,1,1645.234407,574.1513158,1,444.5845588,1,1,1,954.9268,1,1,749.192,1343.184931,651.2893333,856.3755,799.0760227,1,917.4080882,1,1,729.2607692,1,1,589.7317778,1,1,1,682.8597647,1,659.8556471,410.848,1,1,548.2238462,1,1,1,446.1410714,1312.245455,1928.669375,1068.317586,1,1,3558.52125,1,1969.87581,1,794.37575,1621.774136,785.4784189,878.8796667,498.5478974,618.3637895,1,538.701913,1,1,1,1,383.3908974,1,799.5253846,1,643.9759114,1,787.1296,885.036,2286.295385,572.4256667,1,1,1,755.370527,1,1,926.436,1,1,684.4103906,1003.823205,1,738.1156515,1867.062784,1508.412684,467.574371,1,1,1,1183.083222
Stearamide3,2456.493722,4057.966,1788.0675,2379.380726,2088.900758,1370.010783,1,1846.294273,2560.505276,2694.244792,4597.029914,1858.494857,2659.482362,1117.527111,1699.9576,1728.942894,2073.038857,2219.2945,2519.205522,2356.414941,1891.642468,4733.016392,2157.131667,1521.119118,2270.89936,2530.444706,2610.263115,1701.70176,2051.162182,2116.370667,1959.221161,1516.842935,3206.251489,2278.765839,1580.519267,1713.092109,2233.712114,2071.958609,2349.885227,1531.303333,1433.8275,1314.277852,1254.009745,1758.355691,1106.683704,1602.699172,2823.440625,1614.993771,1003.65784,1331.076115,2351.627032,1837.299,1,1,1049.073333,1,1084.491404,1,1,809.4130312,1,1,1025.940909,962.28,757.727963,848.7,1,1099.532777,1,1,889.7534483,1,800.8097576,577.0910714,587.6974886,1045.566538,1507.935158,1606.669269,2365.295625,1635.451222,1788.178667,1906.982323,1215.824516,931.62724,1163.292708,1785.727531,2149.05185,1672.064864,1716.691418,836.7249423,2048.8735,1,1799.6,1,1,1549.394591,1197.271133,1496.820226,1241.066061,1
Stearic acid,21.88629763,1,44311.29343,38131.19917,31676.33787,26269.96056,22372.21019,4.0588868,16071.80194,22.21105086,12.86550578,12.83641171,13.5571949,32900.46375,33255.71125,28946.08125,21663.85548,8.79060705,24805.80784,12.82638194,17.18531879,15151.07534,18932.914,7.408453793,4.349279591,52.12394879,22247.73915,27806.53923,31802.6796,4.359693005,16.24867786,7.806360966,8.567288821,18.91696732,45.44254298,14.45901674,20877.28225,1,28338.4068,17487.56289,15742.98761,19995.30416,4.004250819,4.894056498,17991.55118,18140.708,8.963562389,1,8.879462556,14.60403097,20109.43667,17299.51167,20241.36042,26319.88407,15081.11839,18614.86459,25109.48848,17094.87613,11495.20229,17711.21625,21458.02238,17586.50148,20756.96827,25035.0375,18817.07878,21944.6656,15604.60819,12813.438,8764.331672,11835.19514,14236.75044,15864.94356,11762.26723,15958.49892,21175.5797,15975.38725,17988.60798,14663.57159,13617.95906,11260.13559,13156.39641,17062.20733,17214.48727,10908.16943,9981.085552,8361.657941,13653.33278,8320.0202,11341.09525,8516.028889,15233.21207,6640.53592,15041.82791,12868.75495,11851.74313,16963.48758,13685.50083,12039.3936,11566.63234,21391.80117
Stearidonic acid,8701.988571,24535.47462,22847.78507,29407.30414,11547.24088,16152.71818,4993.9953,8615.152,3407.334875,25242.16186,8347.821143,6702.321091,4006.73625,7159.735889,19307.87486,4194.047467,5919.813375,3805.496364,10701.18692,4456.082667,5211.908333,4564.168667,11748.9276,11253.19072,10028.2065,3765.925444,6182.96605,7061.10075,5231.839143,2288.329167,7528.348696,11577.6864,5621.831111,3460.134667,2042.866417,6158.22,3905.591667,4505.51675,8274.956667,4314.020667,1,12573.85089,5113.068556,8469.767812,2905.523429,4891.126,3893.72675,3899.149333,1,5961.100781,11243.5072,12137.73715,16744.19175,104017.8576,16257.44164,20055.9626,12758.85375,21961.12508,4634.9776,13105.85521,21458.4455,26738.09978,11990.041,14373.13175,9831.197,5094.878143,4258.594375,12162.038,43039.073,9307.819091,5541.952667,3702.940889,5764.656071,19935.06677,17754.81015,28228.2386,1,19985.1694,12282.44762,11396.16013,1,4459.417467,31414.71917,13152.7197,383509.9418,25569.7239,42814.43019,18640.9674,3995.988,14211.4007,30679.35,11002.7085,9848.15375,7820.034444,8358.4742,10734.6295,33374.60233,21718.9735,22568.084,7093.6755
Taurine,11064.592,9225.79125,12960.783,11657.24856,7585.494214,9219.892225,9473.9415,12255.31889,8584.596,11451.65883,9695.03125,11570.36844,9710.27015,6400.011444,18194.957,6546.38625,7721.632085,13707.72,8508.1815,6707.235556,21159.258,17878.83356,7500.534,9397.05,11797.43305,7588.433056,17629.0368,44831.65655,21172.04772,6877.955616,29025.1068,10018.58706,27632.53695,15389.14245,13394.37778,9555.812,12061.87538,11821.23456,12115.35,12890.59943,16181.388,4322.188,22151.68865,35248.9876,21143.1212,30356.56556,9060.315625,12825.43811,10052.1235,7357.080756,8913.293889,11413.9003,6772.856684,9818.243,18072.19953,817.7727761,10521.80525,14048.0274,7306.456462,26594.17271,8120.736,20072.11179,5068.169556,3120.652286,9955.9525,6835.388813,23532.36795,12645.15484,17761.392,14848.0962,5694.7725,15958.6414,2649.352457,15483.35889,8898.61875,8436.763519,13449.72578,11742.34825,4760.950455,4686.952083,4155.974053,4549.746214,8942.406944,12470.38358,20640.16118,7996.086059,3191.8635,10358.0934,9448.204833,7483.838571,4126.759,21618.717,22374.3189,12880.34125,6191.022444,21698.52987,17981.81944,22796.95443,20285.30368,19736.81129
Tauro-beta-muricholic acid,26518.31225,25950.66369,248902.9117,29654.15429,7904.565,7384.077826,7127.879211,11476.57045,9895.872,21357.6244,45053.01688,3979.2975,10666.52844,16227.83796,29756.62678,40799.35117,25846.45805,7663.741091,7475.627695,93645.7267,22258.97194,7472.919822,59960.89878,8473.565263,10372.57832,56084.32762,45971.76791,4069.562167,118453.977,2187.3395,29801.8913,4109.512384,10083.17204,13155.98285,93916.57852,52405.25189,21273.99508,2790.9448,10083.31387,65058.78019,3705.562,143098.9354,17671.3319,31434.38239,3533.166667,18458.22887,3359.990667,31013.00369,11699.39844,93041.39175,64768.90292,171735.2819,7569.859256,9457.727533,2312.932,64984.65352,859450.073,41508.33592,321636.6418,33667.06939,393230.4633,52111.488,14781.24672,8349.088737,142367.3206,13696.76153,24127.47387,19957.53103,405329.6531,9932.338,5369.631923,48588.52193,48748.72669,3028.204524,20629.995,5413.263042,94816.2023,20005.0128,132884.4167,61986.34941,122492.2195,12898.84983,32670.22515,38025.40233,13063.285,170169.7146,123519.962,7875.084375,3397.664802,43546.17618,12996.13448,4292.807222,1564.068444,51509.32179,6716.9547,3376.092357,748059.1151,143776.7076,139275.9346,17651.94783
Taurochenodeoxycholic acid,56898.62054,111979.3392,501643.5328,192309.3136,38496.75276,33561.55346,38840.15942,23547.44371,37644.823,38082.232,100651.349,71702.3742,45085.38924,33611.91488,117105.0216,129387.8624,158880.7668,51383.20587,21539.93939,269603.4248,42806.62286,34357.092,206353.5947,77865.6625,27852.49236,82881.60952,121161.0293,16645.95138,129872.669,3477.796882,78339.79616,11044.72895,48862.53045,64825.16577,77182.34657,125131.337,83238.93044,12829.51035,134726.2783,97679.56773,12827.77273,185988.8506,189888.4998,102746.3599,26311.22346,52916.7886,26736.70916,86843.84905,44509.06577,165854.1966,299604.8416,355876.609,30834.76123,46144.0663,18250.96135,131821.2915,1290997.559,328889.4185,809361.7231,155954.6673,992649.3728,304087.654,23212.77139,16267.80655,160479.5562,42542.73521,143051.1462,61265.8105,3477311.477,53518.23193,56505.3435,111100.8171,52075.43467,58763.66143,60622.14507,54191.175,418174.4625,56909.84338,367768.7523,221253.3298,103567.3671,84418.26893,335509.8844,122466.1629,42227.21534,515758.1982,120890.1331,103316.48,15965.13341,42252.02577,62568.45493,23431.25013,4690.112254,41431.908,12159.90632,9489.574889,2151082.535,378772.7499,323004.6893,92017.94931
Taurocholic acid,26518.31225,25950.66369,248902.9117,29654.15429,7904.565,7384.077826,7127.879211,11476.57045,9895.872,21357.6244,45053.01688,3979.2975,10666.52844,16227.83796,29756.62678,40799.35117,25846.45805,7663.741091,7475.627695,93645.7267,22258.97194,7472.919822,59960.89878,8473.565263,10372.57832,56084.32762,45971.76791,4069.562167,118453.977,2187.3395,29801.8913,4109.512384,10083.17204,13155.98285,93916.57852,52405.25189,21273.99508,2790.9448,10083.31387,65058.78019,3705.562,143098.9354,17671.3319,31434.38239,3533.166667,18458.22887,3359.990667,31013.00369,11699.39844,93041.39175,64768.90292,171735.2819,7569.859256,9457.727533,2312.932,64984.65352,859450.073,41508.33592,321636.6418,33667.06939,393230.4633,52111.488,14781.24672,8349.088737,142367.3206,13696.76153,24127.47387,19957.53103,405329.6531,9932.338,5369.631923,48588.52193,48748.72669,3028.204524,20629.995,5413.263042,94816.2023,20005.0128,132884.4167,61986.34941,122492.2195,12898.84983,32670.22515,38025.40233,13063.285,170169.7146,123519.962,7875.084375,3397.664802,43546.17618,12996.13448,4292.807222,1564.068444,51509.32179,6716.9547,3376.092357,748059.1151,143776.7076,139275.9346,17651.94783
Taurodeoxycholic acid,56898.62054,111979.3392,501643.5328,192309.3136,38496.75276,33561.55346,38840.15942,23547.44371,37644.823,38082.232,100651.349,71702.3742,45085.38924,33611.91488,117105.0216,129387.8624,158880.7668,51383.20587,21539.93939,269603.4248,42806.62286,34357.092,206353.5947,77865.6625,27852.49236,82881.60952,121161.0293,16645.95138,129872.669,3477.796882,78339.79616,11044.72895,48862.53045,64825.16577,77182.34657,125131.337,83238.93044,12829.51035,134726.2783,97679.56773,12827.77273,185988.8506,189888.4998,102746.3599,26311.22346,52916.7886,26736.70916,86843.84905,44509.06577,165854.1966,299604.8416,355876.609,30834.76123,46144.0663,18250.96135,131821.2915,1290997.559,328889.4185,809361.7231,155954.6673,992649.3728,304087.654,23212.77139,16267.80655,160479.5562,42542.73521,143051.1462,61265.8105,3477311.477,53518.23193,56505.3435,111100.8171,52075.43467,58763.66143,60622.14507,54191.175,418174.4625,56909.84338,367768.7523,221253.3298,103567.3671,84418.26893,335509.8844,122466.1629,42227.21534,515758.1982,120890.1331,103316.48,15965.13341,42252.02577,62568.45493,23431.25013,4690.112254,41431.908,12159.90632,9489.574889,2151082.535,378772.7499,323004.6893,92017.94931
Tauro-gamma-muricholic acid,26518.31225,25950.66369,248902.9117,29654.15429,7904.565,7384.077826,7127.879211,11476.57045,9895.872,21357.6244,45053.01688,3979.2975,10666.52844,16227.83796,29756.62678,40799.35117,25846.45805,7663.741091,7475.627695,93645.7267,22258.97194,7472.919822,59960.89878,8473.565263,10372.57832,56084.32762,45971.76791,4069.562167,118453.977,2187.3395,29801.8913,4109.512384,10083.17204,13155.98285,93916.57852,52405.25189,21273.99508,2790.9448,10083.31387,65058.78019,3705.562,143098.9354,17671.3319,31434.38239,3533.166667,18458.22887,3359.990667,31013.00369,11699.39844,93041.39175,64768.90292,171735.2819,7569.859256,9457.727533,2312.932,64984.65352,859450.073,41508.33592,321636.6418,33667.06939,393230.4633,52111.488,14781.24672,8349.088737,142367.3206,13696.76153,24127.47387,19957.53103,405329.6531,9932.338,5369.631923,48588.52193,48748.72669,3028.204524,20629.995,5413.263042,94816.2023,20005.0128,132884.4167,61986.34941,122492.2195,12898.84983,32670.22515,38025.40233,13063.285,170169.7146,123519.962,7875.084375,3397.664802,43546.17618,12996.13448,4292.807222,1564.068444,51509.32179,6716.9547,3376.092357,748059.1151,143776.7076,139275.9346,17651.94783
Terephthalate,4548.195,26333.82629,1,1,1,7817.840909,15547.809,34531.092,17582.91508,18743.0364,7576.147896,22523.781,70174.65,1,1,9652.996053,7821.976857,7169.657647,20441.412,38406.02925,18543.00706,32070.0959,6817.25925,14482.25157,1,13391.04925,14595.056,4215.570667,30760.87574,17882.00848,13949.44111,1,6962.376667,26145.91687,22163.02446,16581.35025,1,12546.22585,10803.1266,24109.299,24108.06458,9846.470222,1,42651.47056,16997.55443,10122.88177,6142.842263,20367.09125,17599.162,57977.5815,1,7407.252,4048.559211,1,6656.5887,10881.86067,4753.619559,10526.463,19020.58118,1,1,7970.394896,1,1,1,1,1,1,2871.282923,1,13912.4384,8090.990875,1,7719.13425,4327.965236,6269.198571,1,1,1,1,16715.42638,1,1,18243.04586,1,1991.99181,1,1,1,9001.78125,1,14670.57752,8972.756793,1,14697.16533,6273.408,11516.225,1,1,19403.81143
Tetrahydrocorticosterone,2854.13587,2856.4605,3547.492083,3244.045455,2408.581205,2647.071739,2616.931042,1806.949957,933.970575,3835.893043,13646.6721,918.7022927,923.5113333,4687.74116,3655.176043,1633.40713,1393.549091,2069.357727,2135.7055,1856.848458,947.813,1536.029385,600.3276912,790.9442609,1838.354435,2663.553148,719.1813814,2231.700643,2848.512952,1153.337289,655.1358333,2550.014625,2268.387273,1580.098833,617.0981818,1823.575826,1804.30875,1188.161283,2095.292413,1162.024412,815.9044348,2630.35813,2454.897717,1410.086875,602.99008,110.4711892,1814.909091,711.964263,795.977375,512.988,288.984692,1089.69,1481.085185,1989.7975,985.4121333,1865.252348,1656.041591,1,371.7731765,978.9185625,927.6970928,518.3538213,1067.433583,1321.569455,1,2143.558696,201.5218125,812.56175,279.6151083,686.0843846,786.9078505,2341.175085,321.3911979,1219.415227,2380.869833,6.920611722,668.7784545,1741.27938,426.6411674,1,796.1372667,2634.14208,4.036781985,255.6592012,678.2764951,868.8938,995.4291579,825.1320424,2547.986916,2984.226303,1,550.8620432,367.581724,772.0490714,625.5394395,931.4777187,448.8827702,1005.743956,664.5962069,320.6978677
threo-3-Hydroxy-D-aspartate,3353.660119,15208.88122,6905.320889,5582.935217,1,4658.840167,6744.32276,4570.8642,2710.433017,4928.9787,6038.854185,2710.951071,4159.350667,3310.401811,4629.764706,1,1008.71785,3765.364159,8729.84796,1969.438462,5717.054368,1,1,3018.928423,4512.798,2925.087786,3550.59375,2463.706559,3841.637625,2883.783462,1,3965.4285,2290.738077,1831.954688,1803.338,1,4355.172286,2346.358286,1093.456618,3353.748211,2079.821045,7167.802857,1741.961412,1,2671.993731,1,1,1392.668667,2334.527708,2929.100462,1292.81315,1005.995,4201.691205,1,1,1,1,1,1,1,1,1,2408.964318,3025.276605,2097.337737,1,1,1,2442.744,1,1,1,1,3770.674,844.2290006,3151.755077,1,1,1,1,1,1,1,1,1,1,3784.750958,1,1,3067.155712,2189.293333,1,1,1,2706.373846,1,2436.200583,2669.547068,2036.632217,2337.908879
threo-3-Hydroxy-L-aspartate,3353.660119,15208.88122,6905.320889,5582.935217,1,4658.840167,6744.32276,4570.8642,2710.433017,4928.9787,6038.854185,2710.951071,4159.350667,3310.401811,4629.764706,1,1008.71785,3765.364159,8729.84796,1969.438462,5717.054368,1,1,3018.928423,4512.798,2925.087786,3550.59375,2463.706559,3841.637625,2883.783462,1,3965.4285,2290.738077,1831.954688,1803.338,1,4355.172286,2346.358286,1093.456618,3353.748211,2079.821045,7167.802857,1741.961412,1,2671.993731,1,1,1392.668667,2334.527708,2929.100462,1292.81315,1005.995,4201.691205,1,1,1,1,1,1,1,1,1,2408.964318,3025.276605,2097.337737,1,1,1,2442.744,1,1,1,1,3770.674,844.2290006,3151.755077,1,1,1,1,1,1,1,1,1,1,3784.750958,1,1,3067.155712,2189.293333,1,1,1,2706.373846,1,2436.200583,2669.547068,2036.632217,2337.908879
Threonic acid,54211.36107,8948.48737,26349.93047,12301.19009,19797.69238,27289.97229,12034.57715,23311.28825,20302.87991,53737.888,19516.15583,11399.8625,32589.3159,10242.19367,26251.61088,11712.5022,8626.800414,78385.02222,9039.56819,34654.10004,21800.17269,62414.15484,9251.302457,6778.838295,32300.35097,14700.73065,35819.73882,32461.61063,63922.93913,56194.98381,15953.86683,9635.969946,10773.48131,14246.03279,17021.265,18418.52259,16388.87262,32055.87333,9866.940857,13154.39538,15155.72489,22778.66207,11905.4916,28801.23262,16574.74123,26140.15554,19907.47275,13427.425,15749.79736,16887.91891,24291.77796,88076.69719,24249.719,12794.208,252614.0226,125759.9394,43407.5487,24166.9773,45172.18877,32575.82432,58009.94881,503235.8994,367916.312,412930.1571,50139.31936,38532.17136,66079.22865,30278.00087,13038.58621,61899.07165,26832.44596,77628.74552,172091.7129,53166.62731,28573.10191,28311.48883,16988.02126,36406.50141,44708.47924,23334.74391,24962.77747,119598.353,106675.5157,74845.14767,106761.1738,20107.22183,508235.8857,39164.3616,1559068.962,327607.9513,465096.4861,33090.87309,16804.20864,365095.6475,44266.94406,66020.3585,43602,57995.6125,53740.98215,77360.57112
Threonine,5687.406667,9121.268333,10925.824,8550.083333,13590.3075,1,10876.7375,15666.191,14924.13214,19007.03022,4860.920857,14694.1125,13737.6216,17110.14556,7108.3,5821.025,22889.47733,13340.45536,11507.40343,9020.261167,30746.2485,15017.037,19215.7218,15804.575,13607.278,12847.22829,14322.078,10723.10769,9243.24975,8467.750571,20916.31313,16196.66278,16350.89415,6904.9803,9180.08,17329.95055,9313.408,16377.62667,18013.51067,13071.332,22987.82111,14143.80283,10174.45064,10291.56725,16103.20529,9716.9835,6992.97,14425.53911,17274.645,11129.86233,20862.372,1,12281.90914,10176.15586,12286.639,9188.8555,12394.43446,7572.986667,5481.026571,7680.167333,6510.880786,8194.378179,5500.781,8324.3295,5524.063125,18827.567,14003.24706,12981.64938,9554.475125,12199.88581,13661.85414,9465.404375,9502.089917,9041.34,10050.72883,14958.46513,1,13265.77181,7317.773571,8480.059286,30415.016,10293.47531,12733.12263,6746.133786,54561.532,9130.062813,12475.68583,8861.891143,15188.00075,12338.49375,12599.40788,8990.263,6965.57225,14598.61975,6927.250571,8858.760286,11005.8,8549.173417,12236.56275,6264.211333
Thyroxine,8414.679,18565.36714,26267.3125,10617.18929,21474.12343,17176.458,22148.99064,16561.01829,19764.285,21479.565,20608.60069,17344.75681,19167.37214,24296.59837,21287.7611,24443.52938,19412.58,1,17207.4595,20273.13357,21312.32457,12918.52917,12748.3825,17543.9355,15181.33619,16160.391,10278.76536,14315.8725,11965.90371,16470.674,15185.39088,19694.83007,17116.832,19095.0135,19862.16175,13027.81743,16628.12775,17607.7825,23882.2155,14263.87725,16001.94386,23416.6105,20070.09257,19121.62267,10672.12086,19345.06933,12927.339,10149.44,12060.29786,22120.4,6221.858333,9283.36675,19372.52611,1,4438.8096,1,4791.792429,5847.2076,7199.2,11552.304,1,1,1,1,7065.138667,1,4210.3392,12043.48925,1,1,9758.508333,1,4367.381,1,4423.455053,2887.579333,12208.5915,2032.9088,1,1,1,1,6309.866,1,8522.2158,7590.581214,1,6651.754714,1,5699.5104,8461.659333,11960.789,7179.03,1,6632.549687,7239.323,7541.0325,7207.256875,6561.78025,22259.47843
trans-11-Eicosenoic acid,1,1,2571.869779,3043.722429,2524.873872,2121.938486,2737.86881,1,719.9047857,1,1,1,1,3517.918527,3157.048727,1984.709068,1351.34976,1,2063.297449,1,1,1011.529333,498.875,1,1,1816.65,798.32005,1701.639056,1660.142,1,1,1,1,1,1,1,1496.755294,1,2669.018,669.0472857,516.0653571,2036.746588,1,1,425.8916667,660.9574773,1,1,1,1,2399.881842,2312.744667,2320.432615,2105.533,1186.221453,1630.188438,2404.413214,2115.530417,1184.594027,1932.596154,1738.569681,1383.872,1476.478125,1997.252556,1,1891.193684,854.1363261,1356.482947,574.158,1163.855217,901.0237636,1039.466694,1106.095158,1878.578974,4190.548268,1248.546405,1298.035316,1013.829895,1254.078537,1295.110439,460.4868409,744.0125,1,575.8392237,635.6653333,1006.597333,1572.2217,724.9661905,761.911875,489.8025,1201.253125,172.6427147,1008.505263,1080.875693,767.0786364,942.159,1331.339744,858.8930625,942.208575,1595.660697
trans-2-Hydroxycinnamate,8999.651333,8367.670462,6270.100643,13081.1575,10489.5693,1,1,1,6852.151077,1,5319.348667,1,1,5032.385333,5389.367333,5529.562483,1,5394.808,1,5236.107333,1,1,1,5302.807714,1,6679.395389,7588.6355,5143.082,1,1,5463.848,1,4622.601625,1,1,5026.419563,1,1,4428.28,1,6026.249625,6251.433375,6570.637714,1,1,1,6263.844,1,1,1,9924.8391,12392.23418,7790.890588,8639.490692,8933.063333,7386.7686,9784.247278,11583.67093,7799.679364,10390.59409,10148.66441,9112.609864,7674.204643,6438.0195,8663.746,10794.71305,7090.31925,6966.213333,9767.91075,7346.663143,6690.615556,7069.781778,6537.819929,7544.205,8602.956848,6816.9985,8691.401562,7178.893,5650.397529,6746.229625,8425.49785,7293.21285,6413.866429,7027.753929,1,9510.275,1,7709.014375,8613.1695,9561.7675,6536.931,7432.586,6864.906286,7980.04375,8302.3385,8383.907,7421.2848,9986.785,8669.58,6887.801437
trans-2-Hydroxycinnamate1,10061.3181,11283.26908,9046.24224,7389.56625,9383.149286,4448.429143,9976.923021,9019.1395,7568.050421,12707.296,5253.004,13903.36581,13570.45074,7251.875313,6593.181148,8676.299273,11359.20933,1,5927.8625,10513.07658,12515.536,6362.849318,11766.99691,7912.357711,8287.357273,7053.288649,8724.001471,7556.1955,1,12443.0857,8874.68897,7421.812412,9791.011312,8796.079128,1,7002.781714,4485.1725,11633.60703,3160.671056,1,7912.941985,6492.805882,1,8359.520583,8870.609128,8267.063521,8693.52,6485.017885,9582.9552,7103.235132,6267.454231,5711.402475,1094.932727,1383.856941,1,1360.067923,1143.420219,2700.281143,1924.20875,3566.677441,337.59,4104.789699,1,3333.313273,2038.776214,2509.790453,3468.799911,1750.651328,3764.935,3257.3592,2580.6688,1,613.8968333,4289.294265,2383.548618,3657.031,1,3419.380575,671.6226774,4596.328577,3559.308837,3732.3405,4697.0586,2283.050847,28634.22519,7625.387,2467.267932,1,1,3056.9379,4288.146354,2619.939833,3469.427143,1,7340.9805,5271.892706,5901.38729,4530.324124,4684.351875,2981.098033
trans-3-Hydroxycinnamate,8999.651333,8367.670462,6270.100643,13081.1575,10489.5693,1,1,1,6852.151077,1,5319.348667,1,1,5032.385333,5389.367333,5529.562483,1,5394.808,1,5236.107333,1,1,1,5302.807714,1,6679.395389,7588.6355,5143.082,1,1,5463.848,1,4622.601625,1,1,5026.419563,1,1,4428.28,1,6026.249625,6251.433375,6570.637714,1,1,1,6263.844,1,1,1,9924.8391,12392.23418,7790.890588,8639.490692,8933.063333,7386.7686,9784.247278,11583.67093,7799.679364,10390.59409,10148.66441,9112.609864,7674.204643,6438.0195,8663.746,10794.71305,7090.31925,6966.213333,9767.91075,7346.663143,6690.615556,7069.781778,6537.819929,7544.205,8602.956848,6816.9985,8691.401562,7178.893,5650.397529,6746.229625,8425.49785,7293.21285,6413.866429,7027.753929,1,9510.275,1,7709.014375,8613.1695,9561.7675,6536.931,7432.586,6864.906286,7980.04375,8302.3385,8383.907,7421.2848,9986.785,8669.58,6887.801437
trans-3-Hydroxycinnamate1,10061.3181,11283.26908,9046.24224,7389.56625,9383.149286,4448.429143,9976.923021,9019.1395,7568.050421,12707.296,5253.004,13903.36581,13570.45074,7251.875313,6593.181148,8676.299273,11359.20933,1,5927.8625,10513.07658,12515.536,6362.849318,11766.99691,7912.357711,8287.357273,7053.288649,8724.001471,7556.1955,1,12443.0857,8874.68897,7421.812412,9791.011312,8796.079128,1,7002.781714,4485.1725,11633.60703,3160.671056,1,7912.941985,6492.805882,1,8359.520583,8870.609128,8267.063521,8693.52,6485.017885,9582.9552,7103.235132,6267.454231,5711.402475,1094.932727,1383.856941,1,1360.067923,1143.420219,2700.281143,1924.20875,3566.677441,337.59,4104.789699,1,3333.313273,2038.776214,2509.790453,3468.799911,1750.651328,3764.935,3257.3592,2580.6688,1,613.8968333,4289.294265,2383.548618,3657.031,1,3419.380575,671.6226774,4596.328577,3559.308837,3732.3405,4697.0586,2283.050847,28634.22519,7625.387,2467.267932,1,1,3056.9379,4288.146354,2619.939833,3469.427143,1,7340.9805,5271.892706,5901.38729,4530.324124,4684.351875,2981.098033
trans-Vaccenic acid,6465.851667,4727.126071,5611.909333,3179.725714,4439.3855,3097.298182,10341.91344,3855.801316,3316.418437,4366.432714,4710.929765,3379.879231,1972.826438,5196.714923,4940.704,1,3381.0315,2353.617,5057.778844,4253.213538,2845.269643,3468.507154,2530.527083,6045.679125,4010.655,3654.76865,1192.234358,11418.49919,8006.909773,3609.3021,2959.749,915.3395776,4352.713393,4028.560714,1822.487692,2090.3985,5558.898462,3237.55365,8285.289318,4051.999467,1626.628688,3987.606,19153.71226,4748.322667,6451.807937,13745.80698,3729.492,2822.909063,4269.400406,2850.18,1150.558444,1326.045,4048.926615,3072.28875,3187.549,852.8449,1107.3012,2968.504167,1324.52635,2822.87475,5597.089143,3999.855333,2606.779227,1355.163395,1433.491,3117.941615,8044.128824,2660.4963,2189.371167,1875.096563,992.486,1705.013409,2119.075182,1941.370667,3256.249538,1950.283067,1384.323722,1870.79225,3165.638,1873.36875,326.5642047,5839.5165,8531.729692,8925.607796,2097.678,2023.221538,721.4635009,1609.79875,2357.015654,287.3854525,2785.598591,12157.03573,11448.6008,2136.063333,1368.5035,8016.783393,3158.564538,5051.428846,5764.118067,3542.608731
Tryptophan,131224.5399,124999.763,119148.372,98220.27207,193648.915,171416.9496,148484.5873,203450.9079,128332.1249,172009.2148,79565.65502,209773.5103,201732.7196,94162.32847,143902.0774,149018.8103,187402.0029,69498.04706,101630.5004,171438.8811,177277.3912,181193.695,158694.7546,138218.5481,166889.6075,137332.2281,245212.4927,115465.3552,169867.0384,202944.9059,221048.656,191273.4624,133255.9667,113969.6675,159132.848,156432.4134,187905.3954,1,1,226511.0065,142007.2819,117011.9303,178050.9036,170658.9671,189084.2605,211251.9773,123465.7751,162244.306,182921.5077,128952.5146,244898.2551,71317.68715,123438.7,45095.02698,262554.0157,145529.3372,153451.1615,82196.90521,346164.612,96312.35709,375660.3773,81190.1525,173649.349,240282.6563,196882.0165,69535.39774,159564.3143,75477.69543,185711.0493,84301.33393,115566.2836,167089.134,72338.3375,158851.6534,155294.0754,67588.14584,1,205619.7937,1,147004.5288,323684.0016,376017.5478,96928.32536,174772.1681,409619.7867,222216.2032,321197.4549,107959.335,62235.70958,226889.3074,329553.0549,135645.9761,64390.6505,282646.8386,110305.6852,101973.828,75382.62858,351208.2047,304734.9411,98086.07862
Tyrosine,101788.8117,158148.4743,141109.443,112445.2813,155536.0532,132959.57,1,177746.0353,188262.0045,165675.2338,94190.17917,188611.9702,150401.94,117877.7316,1,106484.5128,181821.3075,144666.655,135508.8339,172498.6325,292462.3215,143583.3307,230459.6556,131478.0135,267150.4043,170444.5483,165964.6205,133081.3394,149022.3245,195470.0637,163685.265,139609.564,168315.414,127148.887,146383.0793,118897.8401,1,175838.3434,91552.9901,133217.271,188152.0192,155534.8589,121704.2423,174765.27,176434.566,197850.615,146876.7084,181282.9418,207995.4533,180230.7981,366218.5307,271676.0823,286928.8732,194056.8557,201853.28,158631.4869,63757.7665,249873.6531,70538.6476,208327.1326,184621.2905,173686.783,1,108364.2387,70951.683,201121.453,249983.7629,139832.926,271528.1153,237198.6006,190772.0398,1,144296,335663.7278,182495.2054,268446.1452,1,184937.5435,242617.7613,479024.1924,149058.8833,132985.1357,227617.347,318106.3102,896651.3019,375779.4927,215666.9912,105153.6146,1,242088.8473,178524.9419,244949.5958,202054.4233,84164.26926,238429.1717,281481.4886,251507.0155,255492.0604,205768.4363,181677.3455
Tyrosine1,18198.651,28263.09267,14860.99388,1,19433.97238,18181.52615,29267.50862,26332.1075,25728.16588,32423.73047,19586.83991,44176.048,36827.98319,18929.5308,14486.94092,13331.59129,24347.19136,27731.44078,22446.95082,24419.27717,33737.36816,16208.49308,41254.30178,25645.6665,42399.05082,20890.67612,26140.3055,25142.74031,23329.23447,28322.11462,32240.453,21729.235,26083.53629,32508.84629,26752.61471,17514.17444,17018.768,24538.64014,12476.74569,22189.45523,26762.58,20338.43036,40472.34367,23952.63017,29488.74889,21058.77514,26035.35091,22643.73767,36706.91267,28435.20962,24853.4624,15774.04683,21643.27471,3230.224487,8878.419272,6169.8,3217.38725,11707.01494,1,8144.16719,12124.8225,15968.3675,2188.346812,12107.91141,4322.459625,1,12932.59707,7591.272857,24303.10198,13478.3499,4880.770481,7277.076182,2612.67435,19920.32585,10138.6614,16760.27977,7225.311333,2936.835,1,28454.71772,15802.93367,6234.375,15337.92987,17113.40957,92574.19495,32502.86652,14463.759,8546.843804,5017.703041,12122.81112,11342.2845,10362.04555,16406.3439,5273.93625,19165.5009,15549.391,8473.729962,12353.27919,12310.9055,13989.46314
Tyrosine O-sulfate,1,1,1,2530.0875,1,1,1,1,1,1,1717.272,1,1,1,1,1,1,3544.0585,1,1,1,5155.744,1,1,1,1,1,1,1,1,1,1,1,1,1,1,1,1,1,1,1,1,1,1,1,1,1103.2931,1,1,1,2070.396,4205.1,1,5925.1,3915.6624,3943.2315,7943.036571,1,9858.960571,3223.238,5354.970833,1,1,13787.7425,9147.713143,4408.646667,3339.957333,1,1,4401.945,2830.24875,6265.354643,3054.0142,2860.8315,4022.589567,1,5172.25375,3024.253917,4175.323429,2748.735,7783.750857,7367.763,4260.900417,6323.650125,2973.348,4542.749167,10347.89875,6685.568,9784.034,3811.05,3528.357,3049.513167,2104.9935,13430.40129,1,2778.125833,3564.3466,8204.24575,1,4581.4435
Uric acid,223623.5904,188559.3834,276710.1908,189429.6697,141561.0159,224378.5957,218019.9376,125216.0965,300076.9337,175060.3514,177799.2588,258347.9908,287022.9844,173213.824,324035.8609,341655.2383,200744.3292,195021.5859,252920.8379,311596.2628,202341.6774,370152.3333,203576.4414,185598.1166,200780.7477,177044.6009,198682.4184,376466.5704,259654.889,238786.68,282082.8085,145505.3201,165890.556,164146.3917,267246.6019,284337.6319,261617.0421,159443.6501,308714.972,407717.034,188935.3022,148306.5417,196936.3094,324073.2536,254946.6457,194716.3535,215680.8913,244497.607,176923.4427,302239.0425,235283.8014,626202.5187,279605.1258,218848.7957,544402.8893,171629.7361,186608.5848,481274.9711,219814.8333,278066.9613,329742.4016,340022.9127,596959.055,467019.1672,250923.0884,269390.8422,146233.2415,296197.5956,154785.03,406478.4584,313617.1042,240674.6046,137621.5541,336690.6085,313670.5784,298469.7226,251677.9058,383998.4955,257506.445,267596.44,219433.7891,299142.4992,311380.7233,235450.5679,233244.6163,379805.5045,214515.8707,549544.9703,603199.463,324280.1415,363926.7193,313592.5281,293484.6042,597828.1696,606462.4143,515296.0337,573589.214,620474.9214,511945.7793,722390.799
Uric acid1,84600.96875,62429.39905,121143.2586,48494.80607,36840.239,84661.67714,84439.14693,41161.23278,93982.74429,82533.33459,57320.65255,108144.4783,118409.4639,45007.3978,106137.0368,127843.4556,52131.18071,108026.2057,87724.65619,108400.8754,76040.23321,178738.3956,68910.03267,41562.85723,79906.79448,57448.42,59130.05682,107307.5909,65952.90945,85457.9685,111075.912,37738.92435,31628.79927,44514.648,101905.5079,85404.75202,76842.38671,54092.5,97043.54322,146723.4252,41302.55655,50984.75764,46283.91979,77108.48822,70377.49671,70164.9963,75484.5205,84209.16964,42152.13164,114631.7674,59332.74371,105991.3628,52496.83196,43565.38362,107405.8416,17069.26185,36205.33944,73752.92159,35550.33824,34122.21843,80141.43638,83133.73472,156802.068,108947.5138,47494.44,43559.29175,23278.52086,39591.0725,58654.75513,71236.61256,39759.63804,58210.84286,20875.74396,41721.57386,59954.14532,41249.0016,24441.85688,74719.0236,71424.22875,34984.57277,48225.57498,157651.704,89507.69801,33572.3571,204935.1346,54901.13216,60888.51167,90228.331,111067.7186,48851.03272,71074.47406,44847.87438,43778.51262,153747.0327,102836.3276,78158.784,110783.3661,107864.394,112539.0061,167414.5993
Uric acid2,58227.1687,57453.32659,100688.1815,36205.77362,29190.94015,79174.82651,85668.24414,37792.79862,79140.88046,68280.05546,63903.08375,79619.63133,83973.02116,36279.94589,92200.07192,105036.9438,50924.02838,82906.23544,77406.6167,105611.5885,58233.83954,122746.0388,53484.9514,33251.17736,58975.50563,48643.282,68267.6977,73951.30019,62079.01682,64041.69818,79659.8067,33302.43148,30080.14586,50640.04594,88232.16379,58989.74968,59276.03506,47200.10647,81199.58269,119011.9707,40924.774,47172.36378,44417.12875,84243.37041,65987.17142,59991.15136,72587.33931,90609.57797,34781.18339,83722.681,41384.19484,88898.37236,37958.98556,30447.2643,100269.1947,14083.828,28571.00173,61123.9327,30188.7405,26103.94283,70994.89084,57693.10811,127768.1082,89432.39348,34581.5697,34384.46517,19995.77662,36514.84444,46177.66617,59185.44353,31368.79235,55057.80963,17312.24712,32394.19907,36056.01968,28475.3475,23801.827,69636.77042,63946.83544,24711.99683,36954.67939,155807.6356,75788.87906,29893.4439,220776.1793,44979.01631,65899.93239,74424.61334,95895.58953,47938.57059,67408.54522,44964.99263,33597.79832,143455.889,82501.32498,62331.66777,78823.95375,99718.64482,90736.87438,115535.7976
Uric acid3,611797.5485,374935.6384,592880.8802,414145.5377,372071.6114,802666.8004,353205.766,440050.1874,770939.8348,598983.7028,583820.2071,1007868.387,786093.1412,340640.7308,727322.3371,785605.7916,426333.5463,383849.7349,564066.2098,756262.1402,507860.5003,624354.2619,458207.3804,341904.6613,557566.8752,291364.8295,9014.5725,657921.7052,573460.188,544998.978,933523.1699,333206.0247,5973.04125,392253.975,753719.5234,627911.3054,676728.3008,330668.0976,661317.3468,1025625.038,369118.4128,16371.94973,394032.6742,713390.8129,580661.1093,411788.5827,362184.8872,667927.6161,5650.160448,684738.7372,29878.26188,143443.6837,32921.09993,24364.0164,144844.1786,5578.012969,2612.657087,72249.23322,34088.432,29079.60978,49509.91769,84534.47763,228439.8208,115377.5213,4410.082593,22023.197,3136.800063,4202.739017,40083.18574,48826.51825,29872.76863,50411.22074,3500.456143,15776.16104,33815.07214,6479.65131,4245.02784,70603.36878,97738.15585,20893.98316,2602.594667,173439.6831,69308.25005,4765.03404,345620.8509,10451.0734,44536.91667,115092.2912,129113.914,33690.24941,73466.4481,2485.35,1836.73434,161943.7754,119442.1242,7598.96825,105129.2252,112584.3526,124435.0543,120769.9903
Valerylcarnitine,8217.2435,528927.5034,29510.83571,11379.96975,21961.91033,19313.92092,18569.72367,17368.02,21165.622,24809.8225,361022.9431,51205.21075,23882.8935,6441.12,20965.25275,6454.1538,17875.95333,1730138.128,21880.59657,13080.38683,13216.88608,106190.245,13516.83729,13413.40408,64273.28321,8521.3776,17613.5299,11924.20378,19719.045,470255.2,39172.185,17689.034,5390.329167,9978.634167,19127.21417,14731.6715,15038.31242,20041.1285,6101.6124,24309.978,9698.84825,21454.60089,4201.248,8994.1932,28915.51433,11126.968,8383.805167,25676.734,9977.992,13742.7392,38989.97143,6608.3963,22522.9515,5866.7741,31857.497,4710.9699,18041.81225,19443.89742,1,1,32237.08917,15970.37792,24666.381,1,1,54030.22571,26729.1475,13186.35025,17645.07242,54691.58893,1,41281.8105,9823.857833,57210.6555,20646.65944,356379.7025,29635.28667,50823.069,32631.158,12659.11533,41412.096,139650.3127,56842.976,24770.207,68531.98972,28463.79767,28206.062,18683.10283,13296.28083,27235.292,11639.012,18250.09875,1,1,23329.44493,20318.98929,146995.9138,30087.623,31022.81421,17700.47108
Valine,122041.3873,163634.6221,1,104665.3698,116224.9525,141592.4737,1,1,126822.5687,201416.1387,1,191628.1945,1,92984.5557,1,108551.7162,140618.3229,108312.3849,1,133408.4645,163655.3243,1,1,121917.6948,140855.4137,128567.5704,176588.693,1,180895.22,144075.2584,1,1,1,111116.5387,165982.421,1,150118.43,130122.1788,80663.10511,1,1,153462.537,1,1,1,122074.4995,1,141481.8983,123727.3267,142275.7082,273367.1191,85570.56964,175942.9822,100095.0305,181224.437,101306.2473,1,1,1,1,142372.3941,1,1,84330.39378,1,119651.4016,194325.036,1,1,145140.5423,1,157658.901,109911.5408,154282.5795,84382.88228,123529.4698,1,145610.8266,1,168275.1004,1,123226.8061,176259.7659,132908.8328,186817.4659,166468.4921,1,79917.93492,1,150520.7887,95767.452,150436.2619,1,77215.77267,1,1,1,148707.9616,127622.088,131684.9816
