,wind_speed,generator_speed,power,environment_tmp,int_tmp
1,-0.636759878010309,-1.1595736023374,-1.0213178913239,-0.0267619507217706,-0.575950074627862
2,-0.751086833200198,-1.16622121217752,-1.02532516189143,-0.0267619507217706,-0.575950074627862
3,-0.72895903542151,-1.1595736023374,-1.02532516189143,-0.0267619507217706,-0.596984227892372
4,-0.861725822093639,-1.15292599249727,-1.00528880905379,0.0047992869026428,-0.55874031286599
5,-0.588816316156485,-1.17286882201765,-0.991275079232851,-0.0094032700283431,-0.575950074627862
6,-0.474489360966596,-1.1595736023374,-0.977261349411907,-0.0094032700283431,-0.55874031286599
7,-0.245835450586818,-1.15292599249727,-0.961232267141797,-0.0094032700283431,-0.55874031286599
8,-0.548248686895556,-1.17286882201765,-0.977261349411907,-0.0094032700283431,-0.575950074627862
9,-0.629383945417413,-1.16622121217752,-0.981268619979434,-0.0094032700283431,-0.575950074627862
10,-0.551936653192005,-1.14960218757721,-0.977261349411907,-0.0094032700283431,-0.575950074627862
11,-0.684703439864133,-1.17286882201765,-0.965239537709325,0.0221579675960705,-0.596984227892372
12,-0.496617158745284,-1.1595736023374,-0.949210455439215,-0.0094032700283431,-0.575950074627862
13,-0.371226304666051,-1.1861640416979,-0.953217726006743,0.0221579675960705,-0.575950074627862
14,-0.234771551697474,-1.17951643185777,-0.945203184871688,0.0363605245270566,-0.575950074627862
15,-0.326970709108675,-1.16622121217752,-0.945203184871688,0.0363605245270566,-0.575950074627862
16,-0.194203922436546,-1.12301174821671,-0.939203996185799,0.0221579675960705,-0.575950074627862
17,-0.124132562804033,-1.12965935805683,-0.939203996185799,0.0521411433392633,-0.575950074627862
18,0.137713044243777,-1.17286882201765,-0.915183807111439,0.0521411433392633,-0.575950074627862
19,0.0676416846112644,-1.16622121217752,-0.887132913138747,0.0521411433392633,-0.575950074627862
20,0.200408471283393,-1.17286882201765,-0.873119183317804,0.0694998240326907,-0.575950074627862
21,0.0381379542396802,-1.12965935805683,-0.879141806334497,0.0521411433392633,-0.575950074627862
22,0.130337111650881,-1.1595736023374,-0.891140183706275,0.0521411433392633,-0.575950074627862
23,-0.194203922436546,-1.16622121217752,-0.885140995020386,0.0837023809636767,-0.575950074627862
24,-0.161012225768513,-1.17286882201765,-0.907169265976384,0.0694998240326907,-0.575950074627862
25,-0.0798769672466569,-1.17286882201765,-0.909161184094746,0.101061061657104,-0.575950074627862
26,-0.183140023547202,-1.17286882201765,-0.907169265976384,0.0694998240326907,-0.575950074627862
27,-0.0725010346537606,-1.16622121217752,-0.903161995408857,0.0363605245270566,-0.575950074627862
28,-0.27902714725485,-1.14960218757721,-0.905153913527219,0.0521411433392633,-0.575950074627862
29,-0.581440383563589,-1.1861640416979,-0.895147454273802,0.0221579675960705,-0.575950074627862
30,-0.18682798984365,-1.17286882201765,-0.901170077290495,0.0363605245270566,-0.596984227892372
31,0.0307620216467839,-1.1595736023374,-0.895147454273802,0.0521411433392633,-0.575950074627862
32,-0.0393093379857284,-1.12965935805683,-0.887132913138747,0.0221579675960705,-0.575950074627862
33,-0.0319334053928325,-1.14960218757721,-0.885140995020386,-0.0094032700283431,-0.575950074627862
34,-0.0429973042821767,-1.16622121217752,-0.873119183317804,-0.0567451264649633,-0.575950074627862
35,0.0897694823899524,-1.17951643185777,-0.869111912750276,-0.0267619507217706,-0.575950074627862
36,-0.256899349476162,-1.1595736023374,-0.873119183317804,-0.0094032700283431,-0.575950074627862
37,-0.127820529100481,-1.12965935805683,-0.877126453885331,-0.0267619507217706,-0.575950074627862
38,-0.22370765280813,-1.17286882201765,-0.88312564257122,-0.074103807158391,-0.575950074627862
39,-0.120444596507585,-1.17286882201765,-0.885140995020386,0.0047992869026428,-0.575950074627862
40,-0.0725010346537606,-1.16622121217752,-0.879141806334497,0.0221579675960705,-0.55874031286599
41,-0.330658675405123,-1.13630696789696,-0.879141806334497,0.0363605245270566,-0.575950074627862
42,-0.179452057250753,-1.13630696789696,-0.879141806334497,0.0221579675960705,-0.575950074627862
43,-0.0725010346537606,-1.13630696789696,-0.873119183317804,0.0221579675960705,-0.575950074627862
44,-0.0540612031715205,-1.17286882201765,-0.887132913138747,0.0221579675960705,-0.575950074627862
45,-0.094628832432449,-1.1595736023374,-0.893155536155441,0.0221579675960705,-0.575950074627862
46,-0.212643753918786,-1.16622121217752,-0.891140183706275,-0.0425425695339773,-0.575950074627862
47,0.027074055350336,-1.1595736023374,-0.885140995020386,0.0047992869026428,-0.575950074627862
48,0.0860815160935045,-1.17286882201765,-0.879141806334497,-0.0094032700283431,-0.575950074627862
49,0.023386089053888,-1.17286882201765,-0.873119183317804,-0.0267619507217706,-0.575950074627862
50,0.0750176172041603,-1.19945926137815,-0.861097371615222,-0.0267619507217706,-0.575950074627862
51,-0.315906810219331,-1.16622121217752,-0.855098182929333,-0.0094032700283431,-0.575950074627862
52,0.196720504986945,-1.17951643185777,-0.843076371226751,0.0047992869026428,-0.539618355352799
53,0.0012582912751996,-1.14960218757721,-0.82505537083828,-0.074103807158391,-0.55874031286599
54,-0.0651251020608647,-1.17951643185777,-0.839092534990028,-0.088306364089377,-0.55874031286599
55,-0.301154945033538,-1.17286882201765,-0.857113535378499,-0.0567451264649633,-0.575950074627862
56,0.148776943133121,-1.14960218757721,-0.843076371226751,-0.0425425695339773,-0.55874031286599
57,-0.153636293175617,-1.16622121217752,-0.847083641794278,-0.088306364089377,-0.539618355352799
58,-0.190515956140098,-1.17286882201765,-0.845091723675916,-0.135648220525997,-0.575950074627862
59,-0.109380697618241,-1.17951643185777,-0.837077182540862,-0.214551314587031,-0.55874031286599
60,-0.149948326879169,-1.17286882201765,-0.849098994243444,-0.263471232904872,-0.575950074627862
61,-0.422857832816323,-1.17951643185777,-0.841084453108389,-0.293454408648065,-0.55874031286599
62,-0.326970709108675,-1.17286882201765,-0.831077993854973,-0.325015646272479,-0.575950074627862
63,-0.555624619488453,-1.15292599249727,-0.853106264810971,-0.372357502709099,-0.55874031286599
64,-0.773214630978886,-1.15292599249727,-0.885140995020386,-0.437058039839147,-0.575950074627862
65,-0.548248686895556,-1.17951643185777,-0.901170077290495,-0.515961133900181,-0.575950074627862
66,-0.334346641701571,-1.12301174821671,-0.885140995020386,-0.531741752712387,-0.575950074627862
67,-0.393354102444739,-1.13630696789696,-0.893155536155441,-0.515961133900181,-0.575950074627862
68,-0.238459517993922,-1.16622121217752,-0.885140995020386,-0.515961133900181,-0.575950074627862
69,-0.478177327263044,-1.16622121217752,-0.863112724064388,-0.500180515087974,-0.55874031286599
70,-0.0503732368750726,-1.15292599249727,-0.855098182929333,-0.500180515087974,-0.55874031286599
71,-0.315906810219331,-1.17286882201765,-0.839092534990028,-0.482821834394546,-0.575950074627862
72,-0.0393093379857284,-1.12965935805683,-0.831077993854973,-0.403918740333512,-0.55874031286599
73,-0.0356213716892805,-1.1595736023374,-0.823063452719918,-0.389716183402526,-0.575950074627862
74,0.477005943516995,-1.16622121217752,-0.777296204659211,-0.342374326965906,-0.575950074627862
75,0.443814246848963,-1.15292599249727,-0.767289745405794,-0.279251851717079,-0.575950074627862
76,0.141401010540225,-1.13630696789696,-0.815048911584863,-0.231909995280459,-0.575950074627862
77,0.218848302765634,-1.1595736023374,-0.829062641405807,-0.214551314587031,-0.575950074627862
78,0.200408471283393,-1.17286882201765,-0.833069911973334,-0.167209458150411,-0.575950074627862
79,-0.0614371357644168,-1.12301174821671,-0.857113535378499,-0.135648220525997,-0.575950074627862
80,0.178280673504705,-1.14960218757721,-0.849098994243444,-0.074103807158391,-0.575950074627862
81,-0.0466852705786246,-1.14960218757721,-0.865104642182749,-0.0567451264649633,-0.575950074627862
82,-0.0761890009502089,-1.17286882201765,-0.863112724064388,-0.0267619507217706,-0.575950074627862
83,-0.0651251020608647,-1.16622121217752,-0.847083641794278,-0.0094032700283431,-0.55874031286599
84,0.0565777857219202,-1.1595736023374,-0.839092534990028,0.0363605245270566,-0.575950074627862
85,-0.149948326879169,-1.13630696789696,-0.847083641794278,0.0521411433392633,-0.55874031286599
86,0.0418259205361281,-1.1861640416979,-0.823063452719918,0.0521411433392633,-0.575950074627862
87,0.0860815160935045,-1.17951643185777,-0.819056182152391,0.0694998240326907,-0.55874031286599
88,0.145088976836673,-1.19945926137815,-0.841084453108389,0.0837023809636767,-0.575950074627862
89,0.156152875726017,-1.17286882201765,-0.833069911973334,0.101061061657104,-0.575950074627862
90,0.193032538690497,-1.15292599249727,-0.827070723287445,0.11526361858809,-0.575950074627862
91,0.023386089053888,-1.16622121217752,-0.833069911973334,0.101061061657104,-0.575950074627862
92,-0.0651251020608647,-1.13630696789696,-0.827070723287445,0.101061061657104,-0.575950074627862
93,-0.0024296750212482,-1.17286882201765,-0.817064264034029,0.148402918093724,-0.55874031286599
94,0.0750176172041603,-1.16622121217752,-0.815048911584863,0.131044237400297,-0.55874031286599
95,0.185656606097601,-1.13630696789696,-0.815048911584863,0.131044237400297,-0.55874031286599
96,0.137713044243777,-1.14960218757721,-0.817064264034029,0.131044237400297,-0.575950074627862
97,-0.0429973042821767,-1.17286882201765,-0.823063452719918,0.131044237400297,-0.55874031286599
98,-0.0577491694679685,-1.19945926137815,-0.823063452719918,0.148402918093724,-0.539618355352799
99,-0.120444596507585,-1.1861640416979,-0.827070723287445,0.148402918093724,-0.55874031286599
100,-0.0540612031715205,-1.16622121217752,-0.833069911973334,0.162605475024711,-0.539618355352799
101,0.023386089053888,-1.1595736023374,-0.819056182152391,0.162605475024711,-0.539618355352799
102,0.027074055350336,-1.14960218757721,-0.811041641017336,0.179964155718138,-0.539618355352799
103,0.0418259205361281,-1.1861640416979,-0.809049722898974,0.179964155718138,-0.539618355352799
104,0.237288134247874,-1.17286882201765,-0.807034370449809,0.162605475024711,-0.539618355352799
105,-0.0171815402070404,-1.17286882201765,-0.809049722898974,0.179964155718138,-0.539618355352799
106,0.0787055835006083,-1.1595736023374,-0.829062641405807,0.209947331461331,-0.539618355352799
107,0.377430853512899,-1.16622121217752,-0.819056182152391,0.209947331461331,-0.518584202088289
108,0.259415932026562,-1.17951643185777,-0.82505537083828,0.194166712649124,-0.518584202088289
109,-0.231083585401026,-1.17951643185777,-0.823063452719918,0.227306012154758,-0.518584202088289
110,-0.116756630211137,-1.1861640416979,-0.833069911973334,0.209947331461331,-0.518584202088289
111,-0.16838815836141,-1.17286882201765,-0.823063452719918,0.194166712649124,-0.518584202088289
112,-0.175764090954306,-1.17951643185777,-0.827070723287445,0.227306012154758,-0.518584202088289
113,-0.271651214661954,-1.1861640416979,-0.829062641405807,0.227306012154758,-0.518584202088289
114,-0.0872528998395528,-1.16622121217752,-0.823063452719918,0.241508569085744,-0.518584202088289
115,-0.172076124657858,-1.17286882201765,-0.815048911584863,0.258867249779172,-0.501374440326417
116,-0.131508495396929,-1.16622121217752,-0.807034370449809,0.258867249779172,-0.501374440326417
117,0.0418259205361281,-1.14960218757721,-0.807034370449809,0.258867249779172,-0.501374440326417
118,-0.153636293175617,-1.15292599249727,-0.791309934480154,0.258867249779172,-0.501374440326417
119,0.0823935497970565,-1.17286882201765,-0.791309934480154,0.288850425522365,-0.480340287061906
120,-0.172076124657858,-1.16622121217752,-0.775304286540849,0.258867249779172,-0.480340287061906
121,-0.0651251020608647,-1.1595736023374,-0.783318827675904,0.258867249779172,-0.480340287061906
122,-0.0282454390963846,-1.16622121217752,-0.767289745405794,0.273069806710158,-0.480340287061906
123,0.049201853129024,-1.07315467441577,-0.743269556331434,0.288850425522365,-0.480340287061906
124,0.141401010540225,-0.714183743049008,-0.651149201939913,0.241508569085744,-0.480340287061906
125,0.148776943133121,-0.491488813404814,-0.577049847936864,0.227306012154758,-0.444008567786843
126,-0.157324259472065,-0.554641106886003,-0.583049036622752,0.241508569085744,-0.444008567786843
127,-0.0577491694679685,-0.684269498768445,-0.633128201551442,0.241508569085744,-0.463130525300034
128,-0.220019686511682,-0.651031449567819,-0.62110638984886,0.258867249779172,-0.444008567786843
129,0.023386089053888,-0.491488813404814,-0.561020765666754,0.227306012154758,-0.444008567786843
130,-0.419169866519875,-0.361860421522372,-0.500958575815452,0.227306012154758,-0.444008567786843
131,-0.312218843922883,-0.375155641202622,-0.506957764501341,0.227306012154758,-0.444008567786843
132,0.119273212761537,-0.428336519923624,-0.528986035457339,0.227306012154758,-0.422974414522333
133,-0.0761890009502089,-0.434984129763749,-0.541007847159921,0.209947331461331,-0.422974414522333
134,-0.0983167987288969,-0.378479446122685,-0.514972305636396,0.209947331461331,-0.405764652760461
135,0.156152875726017,-0.391774665802935,-0.512980387518034,0.148402918093724,-0.422974414522333
136,0.0934574486864004,-0.361860421522372,-0.512980387518034,0.0694998240326907,-0.405764652760461
137,-0.127820529100481,-0.478193593724563,-0.56303611811592,0.0521411433392633,-0.422974414522333
138,-0.290091046144195,-0.607821985607005,-0.617099119281333,0.0521411433392633,-0.422974414522333
139,-0.489241226152388,-0.621117205287255,-0.609084578146278,0.0363605245270566,-0.422974414522333
140,-0.142572394286273,-0.764040816849947,-0.659163743074968,0.0221579675960705,-0.422974414522333
141,-0.891229552465223,-0.913612038252764,-0.707204121223688,0.0521411433392633,-0.422974414522333
142,-0.41179393392698,-1.15292599249727,-0.761290556719906,0.0521411433392633,-0.422974414522333
143,-0.131508495396929,-1.15292599249727,-0.767289745405794,0.0521411433392633,-0.422974414522333
144,-0.585128349860037,-1.14960218757721,-0.813056993466502,0.0363605245270566,-0.422974414522333
145,-0.334346641701571,-1.1595736023374,-0.771297015973322,0.0694998240326907,-0.405764652760461
146,-0.271651214661954,-1.10971652853646,-0.761290556719906,0.0521411433392633,-0.405764652760461
147,0.0602657520183682,-1.01332618585464,-0.729232392179686,0.0521411433392633,-0.422974414522333
148,-0.183140023547202,-0.970116721893829,-0.725225121612159,0.0221579675960705,-0.405764652760461
149,-0.138884427989825,-0.820545500491012,-0.689183120835217,0.0521411433392633,-0.405764652760461
150,-0.18682798984365,-0.87040257429195,-0.693190391402744,0.0694998240326907,-0.384730499495951
151,-0.43023376540922,-0.744097987329571,-0.667154849879219,0.0694998240326907,-0.422974414522333
152,0.0012582912751996,-0.571260131486316,-0.593078930206973,0.101061061657104,-0.422974414522333
153,-0.301154945033538,-0.434984129763749,-0.537000576592394,0.101061061657104,-0.384730499495951
154,-0.245835450586818,-0.318650957561558,-0.476914952410288,0.0694998240326907,-0.384730499495951
155,-0.0098056076141441,-0.262146273920493,-0.4488874927684,0.101061061657104,-0.384730499495951
156,-0.374914270962499,-0.325298567401683,-0.480922222977815,0.131044237400297,-0.367520737734079
157,0.0012582912751996,-0.348565201842122,-0.498943223366286,0.148402918093724,-0.384730499495951
158,-0.345410540590915,-0.348565201842122,-0.496951305247925,0.148402918093724,-0.367520737734079
159,-0.43023376540922,-0.478193593724563,-0.557036929430031,0.131044237400297,-0.384730499495951
160,-0.408105967630531,-0.511431642925189,-0.583049036622752,0.101061061657104,-0.384730499495951
161,-0.323282742812227,-0.757393207009822,-0.665162931760857,0.131044237400297,-0.367520737734079
162,-0.444985630595012,-0.956821502213578,-0.711211391791216,0.148402918093724,-0.384730499495951
163,-0.367538338369603,-1.1595736023374,-0.787302663912627,0.179964155718138,-0.384730499495951
164,-0.585128349860037,-1.12965935805683,-0.757283286152378,0.131044237400297,-0.384730499495951
165,-0.234771551697474,-0.993383356334267,-0.727240474061325,0.0521411433392633,-0.384730499495951
166,-0.334346641701571,-0.700888523368757,-0.647141931372386,0.0363605245270566,-0.422974414522333
167,-0.415481900223428,-0.621117205287255,-0.631112849102276,0.0694998240326907,-0.444008567786843
168,-0.253211383179714,-0.634412424967505,-0.627105578534749,0.0521411433392633,-0.463130525300034
169,-0.231083585401026,-0.807250280810761,-0.691198473284383,0.0521411433392633,-0.480340287061906
170,-0.172076124657858,-0.714183743049008,-0.663147579311691,0.0363605245270566,-0.501374440326417
171,0.0787055835006083,-0.554641106886003,-0.599078118892862,0.0221579675960705,-0.480340287061906
172,-0.197891888732994,-0.534698277365627,-0.593078930206973,0.0694998240326907,-0.501374440326417
173,-0.29746697873709,-0.478193593724563,-0.573042577369336,0.0363605245270566,-0.518584202088289
174,-0.120444596507585,-0.421688910083499,-0.541007847159921,-0.0567451264649633,-0.518584202088289
175,-0.29746697873709,-0.298708128041182,-0.480922222977815,-0.214551314587031,-0.518584202088289
176,-0.172076124657858,-0.348565201842122,-0.500958575815452,-0.293454408648065,-0.518584202088289
177,0.100833381279297,-0.225584419799805,-0.432858410498291,-0.342374326965906,-0.518584202088289
178,0.373742887216451,-0.0328037344361737,-0.328739678734992,-0.342374326965906,-0.518584202088289
179,-0.0983167987288969,-0.162432126318615,-0.406846303305569,-0.358154945778113,-0.518584202088289
180,-0.481865293559492,-0.511431642925189,-0.591063577757807,-0.358154945778113,-0.539618355352799
181,-0.452361563187908,-0.591202961006691,-0.601070037011224,-0.358154945778113,-0.518584202088289
182,-0.131508495396929,-0.375155641202622,-0.506957764501341,-0.325015646272479,-0.501374440326417
183,-0.267963248365506,-0.484841203564688,-0.553029658862504,-0.293454408648065,-0.463130525300034
184,-0.397042068741187,-0.557964911806065,-0.593078930206973,-0.342374326965906,-0.480340287061906
185,-0.231083585401026,-0.584555351166566,-0.5970862007745,-0.372357502709099,-0.480340287061906
186,-0.201579855029442,-0.554641106886003,-0.58705630719028,-0.372357502709099,-0.480340287061906
187,-0.507681057634628,-0.591202961006691,-0.609084578146278,-0.358154945778113,-0.444008567786843
188,-0.426545799112771,-0.591202961006691,-0.603085389460389,-0.372357502709099,-0.444008567786843
189,-0.588816316156485,-0.597850570846817,-0.615107201162971,-0.389716183402526,-0.444008567786843
190,-0.397042068741187,-0.491488813404814,-0.571050659250975,-0.42127742102694,-0.444008567786843
191,-0.588816316156485,-0.484841203564688,-0.567043388683447,-0.452838658651353,-0.444008567786843
192,-0.0503732368750726,-0.298708128041182,-0.482937575426981,-0.452838658651353,-0.422974414522333
193,0.0160101564609918,-0.15578451647849,-0.37478813876535,-0.482821834394546,-0.444008567786843
194,-0.0466852705786246,0.0369961688851407,-0.264670218316162,-0.482821834394546,-0.444008567786843
195,-0.153636293175617,-0.0095370999957353,-0.29269767795805,-0.482821834394546,-0.444008567786843
196,-0.334346641701571,-0.285412908360932,-0.454886681454289,-0.482821834394546,-0.444008567786843
197,-0.54087275430266,-0.39842227564306,-0.512980387518034,-0.452838658651353,-0.444008567786843
198,-0.813782260239815,-0.521403057685377,-0.577049847936864,-0.482821834394546,-0.444008567786843
199,-0.282715113551298,-0.677621888928319,-0.651149201939913,-0.482821834394546,-0.501374440326417
200,-0.758462765793094,-1.16622121217752,-0.87513453576697,-0.482821834394546,-0.539618355352799
201,-0.433921731705668,-0.807250280810761,-0.683183932149328,-0.467041215582339,-0.55874031286599
202,-0.559312585784901,-0.651031449567819,-0.635120119669804,-0.482821834394546,-0.55874031286599
203,-0.843285990611399,-0.684269498768445,-0.655156472507441,-0.467041215582339,-0.575950074627862
204,0.252039999433666,-0.534698277365627,-0.579041766055225,-0.482821834394546,-0.575950074627862
205,-1.04243617061959,-0.943526282533328,-0.731247744628852,-0.500180515087974,-0.596984227892372
206,-0.492929192448836,-0.956821502213578,-0.73525501519638,-0.500180515087974,-0.614193989654244
207,-0.338034607998019,-1.05985945473552,-0.755267933703212,-0.515961133900181,-0.596984227892372
208,-0.559312585784901,-0.69091710860857,-0.651149201939913,-0.500180515087974,-0.614193989654244
209,-0.253211383179714,-0.454926959284124,-0.571050659250975,-0.482821834394546,-0.614193989654244
210,-0.459737495780804,-0.634412424967505,-0.627105578534749,-0.482821834394546,-0.614193989654244
211,-0.267963248365506,-0.541345887205753,-0.5970862007745,-0.482821834394546,-0.614193989654244
212,-0.109380697618241,-0.169079736158741,-0.388825302917098,-0.482821834394546,-0.614193989654244
213,-0.0540612031715205,0.053615193485454,-0.258647595299469,-0.452838658651353,-0.596984227892372
214,-0.0208695065034883,-0.285412908360932,-0.452894763335928,-0.437058039839147,-0.575950074627862
215,-0.655199709492549,-0.421688910083499,-0.524978764889812,-0.389716183402526,-0.55874031286599
216,0.0713296509077124,-0.448279349443999,-0.542999765278283,-0.358154945778113,-0.518584202088289
217,-0.18682798984365,-0.38512705596281,-0.506957764501341,-0.214551314587031,-0.539618355352799
218,-0.116756630211137,-0.421688910083499,-0.542999765278283,-0.135648220525997,-0.518584202088289
219,-0.308530877626435,-0.547993497045878,-0.601070037011224,-0.105665044782804,-0.539618355352799
220,-0.0098056076141441,-0.963469112053704,-0.715218662358743,-0.121445663595011,-0.539618355352799
221,-0.507681057634628,-0.694240913528632,-0.639127390237331,-0.135648220525997,-0.518584202088289
222,-0.183140023547202,-0.936878672693203,-0.71922593292627,-0.088306364089377,-0.518584202088289
223,-0.474489360966596,-0.787307451290385,-0.673177472895912,-0.074103807158391,-0.518584202088289
224,-0.382290203555395,-0.577907741326441,-0.591063577757807,-0.0567451264649633,-0.518584202088289
225,-0.275339180958402,-0.504784033085064,-0.571050659250975,-0.0267619507217706,-0.518584202088289
226,-0.367538338369603,-0.328622372321746,-0.478930304859453,-0.0267619507217706,-0.501374440326417
227,0.0049462575716479,-0.328622372321746,-0.476914952410288,-0.0567451264649633,-0.501374440326417
228,0.167216774615361,0.140034121407082,-0.210583782819945,-0.0425425695339773,-0.518584202088289
229,0.311047460176834,0.233100659168834,-0.150521592968643,-0.105665044782804,-0.501374440326417
230,0.362678988327107,0.319519587090463,-0.108456969175008,-0.167209458150411,-0.518584202088289
231,0.215160336469185,0.319519587090463,-0.102457780489119,-0.184568138843838,-0.539618355352799
232,-0.116756630211137,-0.0693655885568627,-0.342753408555936,-0.246112552211445,-0.539618355352799
233,-0.286403079847746,0.053615193485454,-0.25264840661358,-0.325015646272479,-0.539618355352799
234,0.484381876109891,0.146681731247207,-0.226612865090055,-0.342374326965906,-0.539618355352799
235,0.698283921303877,0.263014903449398,-0.14449896995195,-0.358154945778113,-0.55874031286599
236,0.480693909813443,0.103472267286393,-0.232612053775944,-0.389716183402526,-0.575950074627862
237,-0.116756630211137,0.0369961688851407,-0.29269767795805,-0.42127742102694,-0.575950074627862
238,0.0012582912751996,-0.0028894901556102,-0.302704137211466,-0.437058039839147,-0.575950074627862
239,0.499133741295684,0.140034121407082,-0.216606405836638,-0.437058039839147,-0.575950074627862
240,0.108209313872193,0.705080957817724,0.104772006812896,-0.452838658651353,-0.575950074627862
241,-0.304842911329987,0.462443198653155,-0.0103374260975979,-0.452838658651353,-0.575950074627862
242,0.0602657520183682,0.126738901726832,-0.240626594910998,-0.482821834394546,-0.575950074627862
243,-0.29746697873709,0.356081441211151,-0.0884440506681752,-0.482821834394546,-0.596984227892372
244,0.0565777857219202,0.23974826900896,-0.162519970340421,-0.482821834394546,-0.596984227892372
245,0.159840842022465,0.209834024728397,-0.164535322789587,-0.500180515087974,-0.596984227892372
246,-0.625695979120965,-0.125870272197927,-0.358782490826045,-0.500180515087974,-0.539618355352799
247,-0.341722574294467,-0.0627179787167371,-0.328739678734992,-0.500180515087974,-0.539618355352799
248,-0.16838815836141,-0.169079736158741,-0.372796220646989,-0.482821834394546,-0.518584202088289
249,-0.29746697873709,0.0901770476061425,-0.238634676792637,-0.482821834394546,-0.518584202088289
250,-0.548248686895556,-0.521403057685377,-0.585064389071918,-0.467041215582339,-0.518584202088289
251,-0.0651251020608647,-0.361860421522372,-0.494959387129563,-0.452838658651353,-0.518584202088289
252,-0.588816316156485,-0.541345887205753,-0.58705630719028,-0.452838658651353,-0.518584202088289
253,-0.293779012440643,-0.39842227564306,-0.528986035457339,-0.452838658651353,-0.518584202088289
254,-0.282715113551298,-0.0028894901556102,-0.280675866255468,-0.42127742102694,-0.518584202088289
255,-0.607256147638725,-0.38512705596281,-0.516964223754757,-0.403918740333512,-0.501374440326417
256,-0.651511743196101,-0.744097987329571,-0.643134660804859,-0.42127742102694,-0.480340287061906
257,0.0418259205361281,-0.212289200119555,-0.41483741010982,-0.403918740333512,-0.501374440326417
258,-1.05718803580538,-0.923583453012952,-0.721241285375436,-0.403918740333512,-0.518584202088289
259,-0.67363954097479,-0.684269498768445,-0.643134660804859,-0.42127742102694,-0.480340287061906
260,-0.773214630978886,-0.597850570846817,-0.613091848713806,-0.42127742102694,-0.518584202088289
261,-0.905981417651015,-0.694240913528632,-0.64512657892322,-0.482821834394546,-0.55874031286599
262,-0.44867359689146,-0.504784033085064,-0.569035306801809,-0.482821834394546,-0.575950074627862
263,-0.688391406160582,-0.478193593724563,-0.54700703584581,-0.482821834394546,-0.575950074627862
264,-0.817470226536263,-0.887021598892263,-0.711211391791216,-0.482821834394546,-0.596984227892372
265,-0.813782260239815,-0.647707644647756,-0.639127390237331,-0.482821834394546,-0.575950074627862
266,-0.555624619488453,-0.318650957561558,-0.486944845994508,-0.515961133900181,-0.575950074627862
267,0.130337111650881,0.0669104131657041,-0.268654054552886,-0.531741752712387,-0.614193989654244
268,-0.334346641701571,0.17659597552777,-0.186563593745585,-0.531741752712387,-0.575950074627862
269,-0.363850372073155,0.0170533393647655,-0.302704137211466,-0.531741752712387,-0.596984227892372
270,0.111897280168641,0.389319490411777,-0.0724149683980658,-0.56172492845558,-0.596984227892372
271,0.0012582912751996,0.25304348868921,-0.15452886353617,-0.545944309643373,-0.614193989654244
272,0.0639537183148161,0.226453049328709,-0.162519970340421,-0.56172492845558,-0.614193989654244
273,-0.109380697618241,-0.0028894901556102,-0.294689596076411,-0.56172492845558,-0.55874031286599
274,-0.267963248365506,0.0835294377660174,-0.236619324343471,-0.531741752712387,-0.539618355352799
275,-0.245835450586818,0.0237009492048906,-0.282691218704634,-0.531741752712387,-0.518584202088289
276,-0.41179393392698,-0.169079736158741,-0.388825302917098,-0.515961133900181,-0.518584202088289
277,-0.120444596507585,-0.182374955838991,-0.398831762170515,-0.515961133900181,-0.518584202088289
278,-0.271651214661954,-0.0527465639565495,-0.322740490049103,-0.500180515087974,-0.518584202088289
279,-0.234771551697474,-0.0627179787167371,-0.31671786703241,-0.500180515087974,-0.518584202088289
280,-0.175764090954306,0.0403199738052033,-0.258647595299469,-0.500180515087974,-0.518584202088289
281,0.0971454149828487,0.133386511566957,-0.218598323955,-0.500180515087974,-0.501374440326417
282,-0.323282742812227,-0.102603637757489,-0.346760679123463,-0.531741752712387,-0.518584202088289
283,-0.0540612031715205,0.0037581196845148,-0.280675866255468,-0.500180515087974,-0.518584202088289
284,-0.0061176413176962,-0.212289200119555,-0.404830950856403,-0.515961133900181,-0.518584202088289
285,-0.0171815402070404,-0.0028894901556102,-0.286698489272161,-0.482821834394546,-0.501374440326417
286,0.0344499879432322,-0.105927442677551,-0.362789761393572,-0.500180515087974,-0.480340287061906
287,0.0455138868325761,0.159976950927457,-0.206576512252418,-0.482821834394546,-0.518584202088289
288,-0.175764090954306,0.0735580230058298,-0.258647595299469,-0.482821834394546,-0.539618355352799
289,-0.500305125041732,0.0037581196845148,-0.296704948525577,-0.482821834394546,-0.55874031286599
290,-0.179452057250753,0.0170533393647655,-0.294689596076411,-0.482821834394546,-0.596984227892372
291,0.0528898194254723,0.0170533393647655,-0.284683136822995,-0.452838658651353,-0.575950074627862
292,-0.253211383179714,-0.0627179787167371,-0.344768761005101,-0.437058039839147,-0.596984227892372
293,-0.345410540590915,-0.0826608082371129,-0.340761490437574,-0.452838658651353,-0.575950074627862
294,-0.190515956140098,0.0237009492048906,-0.286698489272161,-0.452838658651353,-0.596984227892372
295,-0.290091046144195,-0.0627179787167371,-0.332746949302519,-0.452838658651353,-0.596984227892372
296,-0.271651214661954,-0.0760131983969878,-0.342753408555936,-0.42127742102694,-0.614193989654244
297,0.0713296509077124,-0.0893084180772379,-0.348776031572629,-0.42127742102694,-0.596984227892372
298,-0.0983167987288969,-0.0261561245960486,-0.318733219481576,-0.42127742102694,-0.596984227892372
299,-0.138884427989825,-0.112575052517676,-0.360774408944407,-0.42127742102694,-0.614193989654244
300,-0.127820529100481,0.0968246574462675,-0.240626594910998,-0.437058039839147,-0.596984227892372
301,-0.231083585401026,0.0968246574462675,-0.238634676792637,-0.452838658651353,-0.596984227892372
302,0.0196981227574401,0.153329341087332,-0.208591864701584,-0.482821834394546,-0.596984227892372
303,-0.29746697873709,0.246395878849085,-0.15452886353617,-0.500180515087974,-0.575950074627862
304,-0.0393093379857284,0.196538805048146,-0.174541782043003,-0.56172492845558,-0.539618355352799
305,0.126649145354433,-0.268793883760619,-0.446895574650039,-0.594864227961215,-0.539618355352799
306,-0.518744956523972,-0.448279349443999,-0.553029658862504,-0.579083609149007,-0.539618355352799
307,-0.367538338369603,-0.298708128041182,-0.474923034291926,-0.594864227961215,-0.518584202088289
308,-0.526120889116868,-0.441631739603874,-0.545015117727449,-0.594864227961215,-0.518584202088289
309,-0.271651214661954,-0.205641590279429,-0.42486730369404,-0.624847403704407,-0.539618355352799
310,0.0012582912751996,-0.189022565679116,-0.398831762170515,-0.640628022516614,-0.539618355352799
311,-0.349098506887363,-0.132517882038052,-0.368788950079461,-0.640628022516614,-0.539618355352799
312,-0.950237013208392,-0.744097987329571,-0.66115566119333,-0.640628022516614,-0.518584202088289
313,-0.9354851480226,-1.07980228425589,-0.741254203882269,-0.640628022516614,-0.539618355352799
314,-0.813782260239815,-1.17286882201765,-0.833069911973334,-0.624847403704407,-0.539618355352799
315,-0.813782260239815,-1.12965935805683,-0.885140995020386,-0.640628022516614,-0.539618355352799
316,-1.08669176617697,-1.15292599249727,-0.895147454273802,-0.640628022516614,-0.55874031286599
317,-0.813782260239815,-1.1595736023374,-0.813056993466502,-0.640628022516614,-0.539618355352799
318,-0.913357350243911,-1.14960218757721,-0.845091723675916,-0.640628022516614,-0.596984227892372
319,-1.33747347433543,-1.16622121217752,-0.889148265587913,-0.657986703210041,-0.596984227892372
320,-0.658887675788997,-1.00003096617439,-0.739262285763907,-0.657986703210041,-0.614193989654244
321,-0.4671134283737,-1.02329760061483,-0.745261474449796,-0.689547940834455,-0.635228142918754
322,-1.16782702469883,-1.17951643185777,-0.891140183706275,-0.689547940834455,-0.635228142918754
323,-0.518744956523972,-0.734126572569384,-0.663147579311691,-0.703750497765441,-0.635228142918754
324,-1.12357142914145,-1.02329760061483,-0.751260663135685,-0.736889797271075,-0.635228142918754
325,-0.44867359689146,-0.970116721893829,-0.73525501519638,-0.736889797271075,-0.654350100431945
326,-0.385978169851843,-0.744097987329571,-0.655156472507441,-0.768451034895489,-0.635228142918754
327,-0.622008012824517,-1.11636413837658,-0.767289745405794,-0.782653591826475,-0.654350100431945
328,-0.563000552081348,-0.448279349443999,-0.541007847159921,-0.798434210638682,-0.671559862193817
329,-0.308530877626435,-0.913612038252764,-0.731247744628852,-0.798434210638682,-0.671559862193817
330,-0.78427852986823,-0.963469112053704,-0.73525501519638,-0.798434210638682,-0.671559862193817
331,-0.695767338753478,-1.04988803997533,-0.743269556331434,-0.798434210638682,-0.671559862193817
332,-0.817470226536263,-1.15292599249727,-0.773288934091683,-0.782653591826475,-0.614193989654244
333,-0.76583869838599,-1.10971652853646,-0.771297015973322,-0.768451034895489,-0.614193989654244
334,-0.743710900607302,-1.16622121217752,-0.843076371226751,-0.768451034895489,-0.614193989654244
335,-0.810094293943366,-1.12965935805683,-0.765274392956629,-0.752670416083282,-0.614193989654244
336,-0.599880215045829,-1.1595736023374,-0.841084453108389,-0.768451034895489,-0.596984227892372
337,-0.389666136148291,-1.04988803997533,-0.751260663135685,-0.752670416083282,-0.596984227892372
338,-0.16838815836141,-1.02994521045496,-0.741254203882269,-0.752670416083282,-0.596984227892372
339,-0.585128349860037,-1.02329760061483,-0.741254203882269,-0.768451034895489,-0.575950074627862
340,-0.570376484674245,-1.1595736023374,-0.769281663524156,-0.768451034895489,-0.575950074627862
341,-0.537184788006212,-1.15292599249727,-0.815048911584863,-0.768451034895489,-0.596984227892372
342,-0.596192248749381,-1.16622121217752,-0.809049722898974,-0.768451034895489,-0.596984227892372
343,-0.913357350243911,-1.10971652853646,-0.879141806334497,-0.768451034895489,-0.575950074627862
344,-0.920733282836807,-1.17951643185777,-0.935196725618272,-0.768451034895489,-0.596984227892372
345,-0.636759878010309,-1.15292599249727,-0.811041641017336,-0.768451034895489,-0.575950074627862
346,-0.9354851480226,-1.15292599249727,-0.885140995020386,-0.768451034895489,-0.575950074627862
347,-0.979740743579976,-1.1861640416979,-0.93320480749991,-0.782653591826475,-0.596984227892372
348,-1.16413905840238,-1.17286882201765,-0.949210455439215,-0.768451034895489,-0.596984227892372
349,-0.883853619872327,-1.20278306629821,-0.873119183317804,-0.752670416083282,-0.596984227892372
350,-0.773214630978886,-1.13630696789696,-0.913168454662273,-0.752670416083282,-0.596984227892372
351,-0.865413788390087,-1.17286882201765,-0.907169265976384,-0.736889797271075,-0.575950074627862
352,-1.28952991248161,-1.16622121217752,-0.939203996185799,-0.736889797271075,-0.596984227892372
353,-1.20101872136686,-1.16622121217752,-0.947218537320854,-0.719531116577648,-0.635228142918754
354,-0.95392497950484,-1.17286882201765,-0.917175725229801,-0.719531116577648,-0.671559862193817
355,-1.41492076656084,-1.1861640416979,-1.01330335018885,-0.831573510144316,-0.614193989654244
356,-1.27477804729582,-1.16622121217752,-1.00128153848627,-0.831573510144316,-0.635228142918754
357,-1.20839465395975,-1.14960218757721,-0.979253267530269,-0.831573510144316,-0.635228142918754
358,-0.80271836135047,-1.16622121217752,-0.959240349023436,-0.847354128956523,-0.614193989654244
359,-1.13094736173435,-1.17286882201765,-0.999289620367905,-0.831573510144316,-0.635228142918754
360,-1.02399633913735,-1.12965935805683,-0.979253267530269,-0.815792891332109,-0.614193989654244
361,-1.2194585528491,-1.16622121217752,-0.937212078067437,-0.847354128956523,-0.635228142918754
362,-1.33009754174254,-1.1861640416979,-0.981268619979434,-0.861556685887509,-0.614193989654244
363,-1.07193990099118,-1.13630696789696,-0.929197536932383,-0.847354128956523,-0.654350100431945
364,-1.06456396839828,-1.14960218757721,-0.971238726395214,-0.847354128956523,-0.635228142918754
365,-1.03874820432314,-1.1595736023374,-0.971238726395214,-0.847354128956523,-0.635228142918754
366,-1.13832329432724,-1.17951643185777,-1.00528880905379,-0.847354128956523,-0.654350100431945
367,-0.931797181726151,-1.1595736023374,-0.951225807888381,-0.847354128956523,-0.654350100431945
368,-0.740022934310854,-1.17951643185777,-0.929197536932383,-0.847354128956523,-0.635228142918754
369,-0.946549046911943,-1.17951643185777,-1.00128153848627,-0.877337304699716,-0.671559862193817
370,-1.3116577102603,-1.16622121217752,-0.975245996962741,-0.861556685887509,-0.709803777220199
371,-1.10513159765921,-1.16622121217752,-0.965239537709325,-0.861556685887509,-0.709803777220199
372,-1.3964809350786,-1.17951643185777,-1.0433461622799,-0.877337304699716,-0.709803777220199
373,-1.54399958693652,-1.14960218757721,-1.05133726908415,-0.877337304699716,-0.730837930484709
374,-1.51080789026849,-1.17951643185777,-1.05935181021921,-0.877337304699716,-0.7499598879979
375,-1.48499212619336,-1.17286882201765,-1.07137362192179,-0.877337304699716,-0.7499598879979
376,-1.52187178915784,-1.16622121217752,-1.03933889171237,-0.861556685887509,-0.767169649759772
377,-1.13832329432724,-1.12965935805683,-1.0433461622799,-0.877337304699716,-0.709803777220199
378,-1.23052245173844,-1.15292599249727,-1.04133080983074,-0.877337304699716,-0.692594015458327
379,-1.32640957544609,-1.16622121217752,-1.06335908078673,-0.877337304699716,-0.692594015458327
380,-1.48499212619336,-1.17286882201765,-1.07538089248932,-0.877337304699716,-0.692594015458327
381,-1.42967263174664,-1.16622121217752,-1.05935181021921,-0.861556685887509,-0.692594015458327
382,-1.5034319576756,-1.1595736023374,-1.07336554004015,-0.861556685887509,-0.709803777220199
383,-1.53662365434363,-1.14960218757721,-1.06136716266837,-0.877337304699716,-0.709803777220199
384,-1.40016890137505,-1.17951643185777,-1.07538089248932,-0.847354128956523,-0.709803777220199
385,-1.54399958693652,-1.16622121217752,-1.05335262153332,-0.877337304699716,-0.709803777220199
386,-0.806406327646918,-1.17951643185777,-1.02930899812815,-0.877337304699716,-0.692594015458327
387,-1.62882281175483,-1.17286882201765,-1.04732999851663,-0.847354128956523,-0.692594015458327
388,-1.13463532803079,-1.17286882201765,-1.04533808039826,-0.847354128956523,-0.709803777220199
389,-1.26740211470292,-1.13630696789696,-1.06335908078673,-0.861556685887509,-0.730837930484709
390,-1.75421366583406,-1.12965935805683,-1.09740916344532,-0.861556685887509,-0.730837930484709
391,-1.27109008099937,-1.17951643185777,-1.1034083521312,-0.861556685887509,-0.7499598879979
392,-1.51818382286139,-1.14960218757721,-1.08538735174273,-0.847354128956523,-0.767169649759772
393,-1.48130415989691,-1.16622121217752,-1.07538089248932,-0.861556685887509,-0.767169649759772
394,-1.20101872136686,-1.16622121217752,-1.07538089248932,-0.847354128956523,-0.767169649759772
395,-1.26371414840647,-1.16622121217752,-1.05534453965168,-0.861556685887509,-0.767169649759772
396,-1.19364278877396,-1.1595736023374,-1.05534453965168,-0.847354128956523,-0.767169649759772
397,-1.08669176617697,-1.17951643185777,-1.05534453965168,-0.847354128956523,-0.7499598879979
398,-1.10881956395566,-1.12301174821671,-1.03732353926321,-0.861556685887509,-0.730837930484709
399,-1.04243617061959,-1.17286882201765,-1.06335908078673,-0.847354128956523,-0.709803777220199
400,-1.19364278877396,-1.12965935805683,-1.06136716266837,-0.847354128956523,-0.709803777220199
401,-0.828534125425607,-1.16622121217752,-1.09340189287779,-0.452838658651353,-0.614193989654244
402,-0.883853619872327,-1.17286882201765,-1.09138654042862,-0.452838658651353,-0.614193989654244
403,-1.07193990099118,-1.17951643185777,-1.09740916344532,-0.452838658651353,-0.614193989654244
404,-1.24158635062779,-1.1595736023374,-1.10141643401284,-0.467041215582339,-0.596984227892372
405,-0.703143271346373,-1.1595736023374,-1.04732999851663,-0.437058039839147,-0.596984227892372
406,-0.334346641701571,-1.16622121217752,-1.06736635135426,-0.42127742102694,-0.635228142918754
407,-0.559312585784901,-1.17286882201765,-1.06136716266837,-0.42127742102694,-0.635228142918754
408,-0.71051920393927,-1.1861640416979,-1.06935826947262,-0.42127742102694,-0.635228142918754
409,-0.703143271346373,-1.17286882201765,-1.04533808039826,-0.452838658651353,-0.671559862193817
410,-0.555624619488453,-1.19945926137815,-1.0433461622799,-0.452838658651353,-0.671559862193817
411,-0.544560720599108,-1.1595736023374,-1.04533808039826,-0.452838658651353,-0.671559862193817
412,-0.636759878010309,-1.17286882201765,-1.0433461622799,-0.482821834394546,-0.654350100431945
413,-0.456049529484356,-1.16622121217752,-1.05735989210085,-0.452838658651353,-0.654350100431945
414,-0.50399309133818,-1.1861640416979,-1.04732999851663,-0.467041215582339,-0.654350100431945
415,-0.419169866519875,-1.17286882201765,-1.05133726908415,-0.452838658651353,-0.654350100431945
416,-0.422857832816323,-1.17951643185777,-1.05735989210085,-0.452838658651353,-0.654350100431945
417,-0.183140023547202,-1.16622121217752,-1.05335262153332,-0.467041215582339,-0.654350100431945
418,-0.301154945033538,-1.17286882201765,-1.05735989210085,-0.452838658651353,-0.635228142918754
419,-0.43023376540922,-1.16622121217752,-1.07336554004015,-0.482821834394546,-0.671559862193817
420,1.1297759779883,1.26348018438824,1.39438666530178,0.55712094532988,0.494879546110838
421,1.15559174206343,1.26348018438824,1.38238828793,0.55712094532988,0.494879546110838
422,1.61289956282299,1.25018496470799,1.48249974912577,0.6044628017665,0.51208930787271
423,1.04864071946644,1.24353735486787,1.32333377430328,0.6044628017665,0.494879546110838
424,1.23672700058529,1.24353735486787,1.27526996182376,0.588682182954294,0.475757588597647
425,1.15190377576698,1.28009920898856,1.36635920565989,0.6044628017665,0.51208930787271
426,1.14452784317409,1.23024213518762,1.14511568853693,0.6044628017665,0.51208930787271
427,0.923249865387207,1.28009920898856,1.13710114740188,0.621821482459928,0.494879546110838
428,0.801546977604422,1.25018496470799,1.0149379809193,0.6044628017665,0.51208930787271
429,0.727787651675461,1.26348018438824,0.964882250321417,0.6044628017665,0.531211265385901
430,0.974881393537479,1.24353735486787,0.938846708797891,0.621821482459928,0.51208930787271
431,0.864242404644039,1.25683257454812,0.940838626916253,0.621821482459928,0.51208930787271
432,0.713035786489669,1.24353735486787,0.902804708020949,0.6044628017665,0.531211265385901
433,0.602396797596228,1.28009920898856,0.976904062023999,0.6044628017665,0.550333222899092
434,0.757291382047045,1.28009920898856,0.952860438618835,0.6044628017665,0.51208930787271
435,0.738851550564806,1.25018496470799,1.00291616921672,0.6044628017665,0.51208930787271
436,0.672468157228741,1.27345159914843,0.918810355960254,0.621821482459928,0.531211265385901
437,0.631900527967812,1.23024213518762,0.758613270582376,0.6044628017665,0.571367376163602
438,0.875306303533382,1.27345159914843,0.958883061635528,0.588682182954294,0.51208930787271
439,0.646652393153605,1.23688974502774,0.49727361345334,0.6044628017665,0.51208930787271
440,0.469630010924099,1.25018496470799,0.639449698442747,0.6044628017665,0.531211265385901
441,0.753603415750598,1.25683257454812,0.655478780712856,0.621821482459928,0.571367376163602
442,0.716723752786117,1.27345159914843,0.804685164943539,0.6044628017665,0.571367376163602
443,0.790483078715078,1.26348018438824,0.840727165720481,0.6044628017665,0.531211265385901
444,0.554453235742404,1.25683257454812,0.774642352852486,0.6044628017665,0.531211265385901
445,1.10764818020961,1.25683257454812,1.00291616921672,0.621821482459928,0.550333222899092
446,0.528637471667268,1.25683257454812,0.802669812494373,0.6044628017665,0.531211265385901
447,0.443814246848963,1.24353735486787,0.61142223880086,0.6044628017665,0.51208930787271
448,0.484381876109891,1.28674681882868,0.98489516882825,0.6044628017665,0.550333222899092
449,0.392182718698691,1.25683257454812,0.649456157696163,0.6044628017665,0.571367376163602
450,0.694595955007429,1.22359452534749,0.782656893987541,0.6044628017665,0.550333222899092
451,0.399558651291587,1.24353735486787,0.922817626527782,0.55712094532988,0.531211265385901
452,0.724099685379013,1.27345159914843,0.76463589359907,0.574479626023307,0.550333222899092
453,0.255727965730114,1.26348018438824,0.589393967844861,0.55712094532988,0.590489333676793
454,0.285231696101698,1.27345159914843,0.723555511699213,0.542918388398894,0.607699095438665
455,0.764667314639942,1.24353735486787,0.681514322236382,0.542918388398894,0.571367376163602
456,0.388494752402243,1.24353735486787,0.699535322624853,0.542918388398894,0.531211265385901
457,0.440126280552515,1.24353735486787,0.607414968233332,0.542918388398894,0.550333222899092
458,0.606084763892676,1.27345159914843,0.721563593580852,0.525559707705466,0.571367376163602
459,0.716723752786117,1.25683257454812,0.72756278226674,0.525559707705466,0.607699095438665
460,0.432750347959619,1.12720418266568,0.403161340943458,0.542918388398894,0.571367376163602
461,0.50650967388858,1.26348018438824,0.711533699996631,0.50977908889326,0.531211265385901
462,0.218848302765634,1.22359452534749,0.451225153422982,0.574479626023307,0.550333222899092
463,0.421686449070275,1.25683257454812,0.639449698442747,0.525559707705466,0.607699095438665
464,0.63558849426426,1.25018496470799,0.479252613064869,0.50977908889326,0.626821052951856
465,0.35530305573421,1.27345159914843,0.615429509368387,0.50977908889326,0.571367376163602
466,0.580268999817541,1.26348018438824,0.806677083061901,0.542918388398894,0.531211265385901
467,0.48806984240634,1.24353735486787,0.826713435899538,0.525559707705466,0.571367376163602
468,0.491757808702788,1.23688974502774,0.627427886740165,0.525559707705466,0.607699095438665
469,0.683532056118085,1.31333725818918,1.09904379417577,0.542918388398894,0.607699095438665
470,0.565517134631748,1.26348018438824,0.731570052834268,0.55712094532988,0.550333222899092
471,0.76835528093639,1.25683257454812,0.72756278226674,0.6044628017665,0.571367376163602
472,0.757291382047045,1.26348018438824,0.848741706855536,0.588682182954294,0.590489333676793
473,0.838426640568902,1.26348018438824,0.98489516882825,0.588682182954294,0.590489333676793
474,0.853178505754694,1.28009920898856,1.14511568853693,0.621821482459928,0.550333222899092
475,0.676156123525189,1.27345159914843,0.940838626916253,0.653382720084341,0.550333222899092
476,1.0228249553913,1.25683257454812,1.09503652360824,0.653382720084341,0.590489333676793
477,1.06339258465223,1.28674681882868,1.0810227937873,0.653382720084341,0.571367376163602
478,0.727787651675461,1.25018496470799,0.938846708797891,0.667585277015327,0.550333222899092
479,0.860554438347591,1.25683257454812,1.06100987528047,0.667585277015327,0.607699095438665
480,0.80523494390087,1.27345159914843,1.2292215017934,0.653382720084341,0.590489333676793
481,0.657716292042949,1.24353735486787,0.866762707244007,0.621821482459928,0.571367376163602
482,0.834738674272454,1.26348018438824,1.10905025342919,0.621821482459928,0.571367376163602
483,0.867930370940487,1.28009920898856,1.08702198247319,0.636024039390914,0.626821052951856
484,1.00069715761262,1.23688974502774,1.07101633453388,0.621821482459928,0.571367376163602
485,1.0302008879842,1.28009920898856,1.21319241952329,0.653382720084341,0.571367376163602
486,1.41374938281479,1.28674681882868,1.54659264387541,0.621821482459928,0.626821052951856
487,1.08552038243092,1.28009920898856,1.1851649598814,0.621821482459928,0.590489333676793
488,0.849490539458246,1.26348018438824,1.05700260471294,0.6044628017665,0.571367376163602
489,0.742539516861254,1.26348018438824,1.02494444017272,0.6044628017665,0.590489333676793
490,0.709347820193221,1.24353735486787,1.15711406590871,0.6044628017665,0.626821052951856
491,1.06708055094868,1.24353735486787,1.10905025342919,0.621821482459928,0.571367376163602
492,0.853178505754694,1.26348018438824,1.35937577508022,0.653382720084341,0.571367376163602
493,1.08920834872737,1.28674681882868,1.16913587761129,0.667585277015327,0.607699095438665
494,0.672468157228741,1.28009920898856,1.07502360510141,0.667585277015327,0.590489333676793
495,0.790483078715078,1.26348018438824,0.840727165720481,0.653382720084341,0.590489333676793
496,0.569205100928196,1.24353735486787,0.756621352464015,0.683365895827534,0.626821052951856
497,0.661404258339397,1.25018496470799,0.798662541926846,0.700724576520961,0.645943010465048
498,0.451190179441859,1.26348018438824,0.649456157696163,0.700724576520961,0.607699095438665
499,0.454878145738307,1.25018496470799,0.721563593580852,0.683365895827534,0.626821052951856
500,0.159840842022465,1.25018496470799,0.563358426321335,0.683365895827534,0.645943010465048
501,0.388494752402243,1.26348018438824,0.523309154976866,0.683365895827534,0.686099121242749
502,0.347927123141315,1.12720418266568,0.407168611510985,0.683365895827534,0.666977163729558
503,0.484381876109891,1.25018496470799,0.579364074260641,0.667585277015327,0.626821052951856
504,0.52494950537082,1.20697550074718,0.467230801362287,0.683365895827534,0.626821052951856
505,0.388494752402243,1.28009920898856,0.615429509368387,0.667585277015327,0.666977163729558
506,0.266791864619458,1.1870326712268,0.459216260227232,0.667585277015327,0.666977163729558
507,0.152464909429569,1.19368028106693,0.455208989659705,0.667585277015327,0.666977163729558
508,0.414310516477379,1.24353735486787,0.47325342437898,0.683365895827534,0.626821052951856
509,0.436438314256067,1.06405188918449,0.375110446970766,0.683365895827534,0.626821052951856
510,-0.0319334053928325,0.970985351422734,0.321047445805353,0.683365895827534,0.666977163729558
511,0.351615089437762,0.891214033341231,0.252970714818996,0.683365895827534,0.703308883004621
512,0.0713296509077124,0.754938031618664,0.176879442697584,0.667585277015327,0.686099121242749
513,0.049201853129024,0.718376177497975,0.158858442309113,0.667585277015327,0.703308883004621
514,0.266791864619458,0.455795588813029,-0.0063301555300705,0.667585277015327,0.703308883004621
515,0.0787055835006083,0.568804956095158,0.0547162762150102,0.653382720084341,0.703308883004621
516,0.0307620216467839,0.319519587090463,-0.082421427651482,0.667585277015327,0.666977163729558
517,-0.0614371357644168,0.153329341087332,-0.184548241296419,0.667585277015327,0.645943010465048
518,-0.360162405776707,0.146681731247207,-0.190570864313113,0.667585277015327,0.666977163729558
519,0.0528898194254723,0.276310123129649,-0.112464239742535,0.653382720084341,0.666977163729558
520,-0.105692731321793,0.312871977250337,-0.09645859180323,0.653382720084341,0.686099121242749
521,0.0676416846112644,0.382671880571652,-0.0684076978305383,0.653382720084341,0.703308883004621
522,-0.0098056076141441,0.339462416610838,-0.0744303208472316,0.653382720084341,0.703308883004621
523,-0.183140023547202,0.395967100251902,-0.040380238188651,0.653382720084341,0.722430840517812
524,0.0676416846112644,0.312871977250337,-0.0884440506681752,0.653382720084341,0.722430840517812
525,0.119273212761537,0.455795588813029,0.0136827629767621,0.653382720084341,0.722430840517812
526,0.196720504986945,0.462443198653155,-0.0063301555300705,0.636024039390914,0.722430840517812
527,-0.0614371357644168,0.568804956095158,0.0467017350799554,0.621821482459928,0.741552798031003
528,-0.267963248365506,0.233100659168834,-0.14449896995195,0.667585277015327,0.686099121242749
529,0.148776943133121,0.312871977250337,-0.0904359687865368,0.667585277015327,0.666977163729558
530,0.26310389832301,0.216481634568522,-0.15452886353617,0.667585277015327,0.666977163729558
531,0.0418259205361281,0.296252952650024,-0.102457780489119,0.653382720084341,0.703308883004621
532,0.115585246465089,0.282957732969774,-0.100442428039953,0.636024039390914,0.666977163729558
533,0.0823935497970565,0.17659597552777,-0.174541782043003,0.636024039390914,0.703308883004621
534,-0.090940866136001,0.123415096806768,-0.206576512252418,0.653382720084341,0.722430840517812
535,-0.245835450586818,0.216481634568522,-0.150521592968643,0.653382720084341,0.722430840517812
536,0.24466406684077,0.356081441211151,-0.0684076978305383,0.621821482459928,0.741552798031003
537,-0.0614371357644168,0.259691098529335,-0.114479592191701,0.621821482459928,0.722430840517812
538,-0.0798769672466569,0.23974826900896,-0.132500592580172,0.636024039390914,0.703308883004621
539,-0.0540612031715205,0.296252952650024,-0.09645859180323,0.653382720084341,0.722430840517812
540,-0.149948326879169,0.246395878849085,-0.12047878087759,0.636024039390914,0.722430840517812
541,-0.275339180958402,0.103472267286393,-0.208591864701584,0.636024039390914,0.722430840517812
542,-0.164700192064961,0.302900562490149,-0.09645859180323,0.621821482459928,0.762586951295513
543,-0.301154945033538,0.0835294377660174,-0.224620946971693,0.636024039390914,0.781708908808704
544,-0.238459517993922,0.233100659168834,-0.130485240131006,0.636024039390914,0.781708908808704
545,-0.116756630211137,0.346110026450963,-0.0984505099215916,0.621821482459928,0.686099121242749
546,-0.216331720215234,0.146681731247207,-0.192562782431474,0.621821482459928,0.703308883004621
547,-0.124132562804033,0.518947882294219,0.0497247637537042,0.621821482459928,0.703308883004621
548,0.0344499879432322,0.542214516734657,0.0447098169615939,0.621821482459928,0.722430840517812
549,-0.105692731321793,0.23974826900896,-0.134492510698534,0.621821482459928,0.722430840517812
550,0.358991022030659,0.675166713537161,0.132822900785588,0.621821482459928,0.741552798031003
551,-0.090940866136001,0.439176564212716,-0.0323656970535962,0.6044628017665,0.741552798031003
552,-0.22370765280813,0.319519587090463,-0.0844367801006479,0.621821482459928,0.686099121242749
553,0.170904740911809,0.698433347977599,0.126800277768894,0.6044628017665,0.666977163729558
554,0.207784403876289,0.582100175775408,0.0787598996201744,0.621821482459928,0.666977163729558
555,0.381118819809347,0.64857627417666,0.0827437358568976,0.636024039390914,0.645943010465048
556,-0.0282454390963846,0.64857627417666,0.102780088694534,0.6044628017665,0.645943010465048
557,0.152464909429569,0.562157346255032,0.0397183045002879,0.6044628017665,0.626821052951856
558,-0.146260360582721,0.618662029896097,0.0867510064244248,0.6044628017665,0.645943010465048
559,0.28154372980525,0.728347592258163,0.154851171741586,0.6044628017665,0.626821052951856
560,0.288919662398146,0.990928180943109,0.321047445805353,0.588682182954294,0.626821052951856
561,-0.094628832432449,0.605366810215847,0.0727372766034812,0.6044628017665,0.626821052951856
562,0.292607628694594,1.08731852362492,0.393131447359237,0.6044628017665,0.645943010465048
563,0.277855763508802,0.964337741582607,0.303026445416882,0.588682182954294,0.626821052951856
564,0.218848302765634,0.947718716982295,0.303026445416882,0.588682182954294,0.626821052951856
565,0.477005943516995,1.07069949902461,0.357089446582295,0.588682182954294,0.626821052951856
566,0.233600167951425,1.15047081710611,0.417175070764401,0.574479626023307,0.626821052951856
567,0.204096437579841,1.09396613346505,0.407168611510985,0.574479626023307,0.626821052951856
568,0.33686322425197,0.921128277621794,0.264992526521578,0.574479626023307,0.626821052951856
569,0.270479830915906,1.23688974502774,0.467230801362287,0.55712094532988,0.626821052951856
570,0.152464909429569,0.81476652017979,0.208914172906999,0.574479626023307,0.626821052951856
571,0.237288134247874,1.26348018438824,0.543322073483698,0.574479626023307,0.626821052951856
572,0.417998482773827,1.18038506138668,0.437187989271234,0.55712094532988,0.626821052951856
573,0.156152875726017,1.07734710886474,0.391139529240875,0.574479626023307,0.626821052951856
574,0.0528898194254723,0.86462359398073,0.246948091802303,0.55712094532988,0.626821052951856
575,0.207784403876289,1.08399471870486,0.379117717538293,0.55712094532988,0.626821052951856
576,0.185656606097601,1.07069949902461,0.369111258284877,0.55712094532988,0.626821052951856
577,0.115585246465089,0.784852275899227,0.178871360815946,0.542918388398894,0.626821052951856
578,0.421686449070275,0.941071107142169,0.270991715207467,0.542918388398894,0.626821052951856
579,0.240976100544322,1.17041364662649,0.42317425945029,0.55712094532988,0.626821052951856
580,0.314735426473282,1.08731852362492,0.375110446970766,0.542918388398894,0.626821052951856
581,0.499133741295684,0.984280571102984,0.321047445805353,0.542918388398894,0.645943010465048
582,0.325799325362626,1.09396613346505,0.413167800196874,0.542918388398894,0.666977163729558
583,0.248352033137218,0.891214033341231,0.264992526521578,0.55712094532988,0.703308883004621
584,0.366366954623555,0.87791881366098,0.246948091802303,0.542918388398894,0.722430840517812
585,0.26310389832301,0.957690131742482,0.303026445416882,0.542918388398894,0.722430840517812
586,-0.102004765025345,0.784852275899227,0.198907713653583,0.574479626023307,0.741552798031003
587,0.451190179441859,0.964337741582607,0.295011904281827,0.542918388398894,0.722430840517812
588,0.104521347575745,0.941071107142169,0.280998174460883,0.525559707705466,0.722430840517812
589,0.0418259205361281,0.705080957817724,0.136830171353115,0.525559707705466,0.722430840517812
590,-0.116756630211137,0.655223884016786,0.0967809000086455,0.525559707705466,0.703308883004621
591,-0.0540612031715205,0.625309639736222,0.0767445471710087,0.525559707705466,0.666977163729558
592,0.218848302765634,0.81476652017979,0.214913361592888,0.525559707705466,0.666977163729558
593,0.122961179057985,0.811442715259728,0.196892361204417,0.525559707705466,0.703308883004621
594,-0.286403079847746,0.668519103697036,0.110794629829589,0.50977908889326,0.703308883004621
595,0.178280673504705,0.784852275899227,0.184870549501835,0.50977908889326,0.686099121242749
596,-0.0208695065034883,0.86462359398073,0.228927091413832,0.50977908889326,0.666977163729558
597,0.410622550180931,0.685138128297349,0.126800277768894,0.525559707705466,0.645943010465048
598,0.0602657520183682,0.698433347977599,0.106787359262062,0.525559707705466,0.626821052951856
599,0.0639537183148161,0.685138128297349,0.122793007201367,0.525559707705466,0.626821052951856
600,0.152464909429569,0.518947882294219,0.0257045746793442,0.50977908889326,0.645943010465048
601,0.384806786105795,0.811442715259728,0.182878631383473,0.50977908889326,0.626821052951856
602,0.141401010540225,0.582100175775408,0.0507090056474829,0.50977908889326,0.626821052951856
603,-0.090940866136001,0.568804956095158,0.0447098169615939,0.495576531962274,0.626821052951856
604,0.0971454149828487,0.705080957817724,0.122793007201367,0.495576531962274,0.626821052951856
605,-0.157324259472065,0.425881344532466,-0.0383648857394852,0.50977908889326,0.626821052951856
606,-0.0061176413176962,0.512300272454093,0.0096754924092347,0.495576531962274,0.626821052951856
607,0.0344499879432322,0.395967100251902,-0.0584012385771221,0.495576531962274,0.607699095438665
608,0.0528898194254723,0.455795588813029,-0.0183519672326527,0.495576531962274,0.607699095438665
609,-0.0466852705786246,0.455795588813029,-0.02235923780018,0.495576531962274,0.607699095438665
610,-0.0134935739105924,0.369376660891401,-0.0844367801006479,0.495576531962274,0.626821052951856
611,0.156152875726017,0.562157346255032,0.0447098169615939,0.495576531962274,0.626821052951856
612,0.174592707208257,0.538890711814594,0.033719115814399,0.495576531962274,0.626821052951856
613,-0.0319334053928325,0.628633444656285,0.0887663588735906,0.478217851268846,0.607699095438665
614,0.22622423535853,0.778204666059102,0.164857630995002,0.46401529433786,0.626821052951856
615,-0.142572394286273,0.718376177497975,0.138822089471476,0.478217851268846,0.607699095438665
616,0.311047460176834,0.941071107142169,0.264992526521578,0.478217851268846,0.626821052951856
617,0.104521347575745,0.81476652017979,0.19288509063689,0.478217851268846,0.607699095438665
618,0.207784403876289,0.761585641458789,0.166849549113364,0.478217851268846,0.626821052951856
619,0.388494752402243,0.884566423501105,0.234949714430525,0.478217851268846,0.607699095438665
620,0.373742887216451,0.81476652017979,0.200899631771944,0.495576531962274,0.626821052951856
621,0.473317977220547,1.06405188918449,0.361096717149822,0.495576531962274,0.666977163729558
622,0.417998482773827,0.71172856765785,0.134814818903949,0.495576531962274,0.686099121242749
623,0.178280673504705,0.721699982418038,0.150843901174059,0.495576531962274,0.686099121242749
624,0.392182718698691,0.728347592258163,0.156843089859948,0.478217851268846,0.686099121242749
625,-0.0577491694679685,0.675166713537161,0.112786547947951,0.478217851268846,0.686099121242749
626,0.189344572394049,0.778204666059102,0.186885901951001,0.46401529433786,0.686099121242749
627,0.193032538690497,0.768233251298914,0.158858442309113,0.46401529433786,0.666977163729558
628,0.167216774615361,0.821414130019916,0.204906902339472,0.478217851268846,0.686099121242749
629,0.0787055835006083,0.791499885739353,0.184870549501835,0.478217851268846,0.686099121242749
630,0.130337111650881,0.698433347977599,0.116793818515478,0.46401529433786,0.666977163729558
631,-0.120444596507585,0.641928664336535,0.0887663588735906,0.46401529433786,0.666977163729558
632,-0.124132562804033,0.538890711814594,0.0216973041118169,0.46401529433786,0.626821052951856
633,0.373742887216451,0.598719200375722,0.0507090056474829,0.478217851268846,0.626821052951856
634,0.145088976836673,0.598719200375722,0.0607154649008991,0.46401529433786,0.626821052951856
635,-0.161012225768513,0.512300272454093,0.0096754924092347,0.495576531962274,0.626821052951856
636,-0.419169866519875,0.382671880571652,-0.0744303208472316,0.495576531962274,0.626821052951856
637,0.495445774999236,0.568804956095158,0.0397183045002879,0.46401529433786,0.626821052951856
638,0.0676416846112644,0.64857627417666,0.0827437358568976,0.495576531962274,0.626821052951856
639,0.0123221901645439,0.804795105419603,0.194900443086056,0.495576531962274,0.626821052951856
640,0.384806786105795,0.934423497302044,0.274998985774994,0.495576531962274,0.626821052951856
641,0.399558651291587,0.957690131742482,0.264992526521578,0.495576531962274,0.626821052951856
642,-0.113068663914689,0.784852275899227,0.172872172130057,0.495576531962274,0.607699095438665
643,0.229912201654977,0.990928180943109,0.289012715595938,0.495576531962274,0.626821052951856
644,0.311047460176834,1.04078525474405,0.32505471637288,0.495576531962274,0.607699095438665
645,0.181968639801153,1.07069949902461,0.349098339778044,0.495576531962274,0.607699095438665
646,0.270479830915906,0.86462359398073,0.224943255177109,0.495576531962274,0.626821052951856
647,0.174592707208257,0.884566423501105,0.24296425556558,0.495576531962274,0.626821052951856
648,0.193032538690497,0.718376177497975,0.134814818903949,0.495576531962274,0.607699095438665
649,-0.0614371357644168,0.668519103697036,0.102780088694534,0.495576531962274,0.626821052951856
650,0.0897694823899524,0.675166713537161,0.108779277380423,0.495576531962274,0.607699095438665
651,0.266791864619458,0.927775887461919,0.270991715207467,0.495576531962274,0.626821052951856
652,0.181968639801153,0.81476652017979,0.184870549501835,0.495576531962274,0.626821052951856
653,0.237288134247874,0.897861643181356,0.244956173683941,0.495576531962274,0.626821052951856
654,0.189344572394049,0.705080957817724,0.104772006812896,0.495576531962274,0.626821052951856
655,-0.0319334053928325,0.897861643181356,0.256977985386523,0.495576531962274,0.626821052951856
656,0.193032538690497,1.1870326712268,0.429196882466983,0.495576531962274,0.626821052951856
657,0.215160336469185,1.14382320726599,0.427181530017818,0.495576531962274,0.626821052951856
658,0.370054920920003,1.23688974502774,0.447217882855454,0.495576531962274,0.626821052951856
659,0.270479830915906,1.07734710886474,0.353082176014768,0.478217851268846,0.626821052951856
660,0.510197640185028,1.09396613346505,0.371103176403238,0.478217851268846,0.666977163729558
661,0.307359493880386,1.09396613346505,0.377125799419932,0.478217851268846,0.703308883004621
662,0.480693909813443,1.19368028106693,0.431188800585345,0.495576531962274,0.703308883004621
663,0.240976100544322,0.994251985863171,0.321047445805353,0.478217851268846,0.686099121242749
664,0.539701370556612,1.27345159914843,0.629443239189331,0.46401529433786,0.703308883004621
665,0.410622550180931,1.22359452534749,0.459216260227232,0.46401529433786,0.722430840517812
666,0.620836629078469,1.27345159914843,0.573364885574752,0.46401529433786,0.722430840517812
667,0.565517134631748,1.23688974502774,0.467230801362287,0.46401529433786,0.666977163729558
668,0.126649145354433,1.23024213518762,0.451225153422982,0.46401529433786,0.645943010465048
669,0.145088976836673,1.06405188918449,0.337076528075462,0.46401529433786,0.666977163729558
670,0.296295594991042,1.19368028106693,0.443210612287927,0.478217851268846,0.686099121242749
671,0.325799325362626,1.03413764490392,0.323062798254519,0.478217851268846,0.666977163729558
672,0.222536269062082,1.08399471870486,0.36510398771735,0.478217851268846,0.626821052951856
673,0.477005943516995,1.1338517925058,0.403161340943458,0.46401529433786,0.626821052951856
674,0.609772730189124,1.25683257454812,0.505288154588395,0.46401529433786,0.626821052951856
675,0.35530305573421,1.25683257454812,0.507280072706756,0.478217851268846,0.626821052951856
676,0.362678988327107,1.12720418266568,0.39915407037593,0.478217851268846,0.626821052951856
677,0.358991022030659,1.20032789090705,0.433204153034511,0.495576531962274,0.626821052951856
678,0.31842339276973,1.10061374330517,0.371103176403238,0.478217851268846,0.626821052951856
679,0.115585246465089,1.20697550074718,0.429196882466983,0.478217851268846,0.626821052951856
680,0.255727965730114,1.09396613346505,0.363112069598988,0.46401529433786,0.626821052951856
681,0.406934583884483,1.23024213518762,0.447217882855454,0.495576531962274,0.626821052951856
682,0.384806786105795,1.19368028106693,0.431188800585345,0.495576531962274,0.626821052951856
683,0.54338933685306,1.27345159914843,0.737569241520157,0.495576531962274,0.626821052951856
684,0.595020865003332,1.25018496470799,0.621428698054276,0.50977908889326,0.626821052951856
685,0.595020865003332,1.25683257454812,0.659486051280384,0.50977908889326,0.626821052951856
686,0.690907988710981,1.25683257454812,0.625435968621803,0.50977908889326,0.626821052951856
687,0.639276460560708,1.25683257454812,0.806677083061901,0.50977908889326,0.626821052951856
688,0.528637471667268,1.25683257454812,0.834727977034592,0.50977908889326,0.626821052951856
689,0.779419179825734,1.26348018438824,0.836719895152954,0.525559707705466,0.626821052951856
690,0.897434101312071,1.26348018438824,0.812699706078594,0.525559707705466,0.626821052951856
691,0.602396797596228,1.26348018438824,0.876769166497423,0.525559707705466,0.626821052951856
692,0.642964426857157,1.28674681882868,0.902804708020949,0.542918388398894,0.626821052951856
693,0.347927123141315,1.26348018438824,0.683506240354744,0.574479626023307,0.645943010465048
694,0.362678988327107,1.28009920898856,0.615429509368387,0.542918388398894,0.626821052951856
695,0.856866472051143,1.28009920898856,0.878761084615785,0.542918388398894,0.645943010465048
696,0.447502213145411,1.24353735486787,0.631435157307692,0.542918388398894,0.645943010465048
697,0.580268999817541,1.28009920898856,0.713549052445797,0.55712094532988,0.626821052951856
698,0.392182718698691,1.28674681882868,0.74359186453685,0.542918388398894,0.645943010465048
699,0.609772730189124,1.23024213518762,0.659486051280384,0.542918388398894,0.666977163729558
700,0.417998482773827,1.25683257454812,0.707526429429104,0.55712094532988,0.645943010465048
701,0.54338933685306,1.25683257454812,0.701527240743215,0.55712094532988,0.645943010465048
702,0.399558651291587,1.26348018438824,0.715540970564158,0.55712094532988,0.645943010465048
703,0.366366954623555,1.26348018438824,0.848741706855536,0.542918388398894,0.645943010465048
704,0.266791864619458,1.26348018438824,0.607414968233332,0.542918388398894,0.645943010465048
705,0.727787651675461,1.25018496470799,0.721563593580852,0.574479626023307,0.666977163729558
706,0.513885606481476,1.26348018438824,0.671484428652162,0.574479626023307,0.666977163729558
707,0.698283921303877,1.23024213518762,0.701527240743215,0.574479626023307,0.666977163729558
708,0.595020865003332,1.28674681882868,0.677507051668855,0.574479626023307,0.666977163729558
709,0.410622550180931,1.25018496470799,0.599400427098277,0.574479626023307,0.666977163729558
710,0.252039999433666,1.28674681882868,0.619436779935914,0.574479626023307,0.666977163729558
711,0.613460696485573,1.25018496470799,0.559351155753808,0.574479626023307,0.666977163729558
712,0.462254078331204,1.24353735486787,0.567365696888863,0.588682182954294,0.666977163729558
713,0.513885606481476,1.25018496470799,0.629443239189331,0.6044628017665,0.666977163729558
714,0.532325437963716,1.25683257454812,0.545337425932864,0.588682182954294,0.666977163729558
715,0.576581033521092,1.24353735486787,0.459216260227232,0.6044628017665,0.666977163729558
716,0.602396797596228,1.24353735486787,0.431188800585345,0.6044628017665,0.666977163729558
717,0.639276460560708,1.25683257454812,0.441195259838761,0.588682182954294,0.666977163729558
718,0.716723752786117,1.25018496470799,0.72756278226674,0.6044628017665,0.666977163729558
719,0.5618291683353,1.22027072042743,0.445202530406288,0.6044628017665,0.666977163729558
720,0.521261539074372,1.26348018438824,0.627427886740165,0.588682182954294,0.666977163729558
721,0.451190179441859,1.25683257454812,0.487267154199924,0.588682182954294,0.666977163729558
722,0.665092224635845,1.28009920898856,0.719548241131686,0.574479626023307,0.666977163729558
723,0.624524595374917,1.28009920898856,0.934839438230364,0.588682182954294,0.686099121242749
724,0.849490539458246,1.28009920898856,0.938846708797891,0.6044628017665,0.686099121242749
725,0.654028325746501,1.27345159914843,1.01093071035178,0.588682182954294,0.686099121242749
726,0.48806984240634,1.26348018438824,0.832712624585426,0.6044628017665,0.703308883004621
727,0.779419179825734,1.25018496470799,0.816683542315317,0.6044628017665,0.686099121242749
728,0.270479830915906,1.28674681882868,0.802669812494373,0.6044628017665,0.703308883004621
729,0.583956966113989,1.25018496470799,0.780641541538375,0.6044628017665,0.703308883004621
730,0.502821707592132,1.23688974502774,0.643456969010274,0.6044628017665,0.703308883004621
731,0.624524595374917,1.29339442866881,1.04298887489199,0.6044628017665,0.686099121242749
732,1.0302008879842,1.28674681882868,0.958883061635528,0.6044628017665,0.686099121242749
733,0.790483078715078,1.24353735486787,0.786664164555068,0.574479626023307,0.703308883004621
734,0.425374415366723,1.26348018438824,0.735577323401795,0.574479626023307,0.703308883004621
735,0.657716292042949,1.23688974502774,0.6694925105338,0.574479626023307,0.703308883004621
736,0.156152875726017,1.28009920898856,0.637457780324385,0.574479626023307,0.703308883004621
737,0.517573572777923,1.25018496470799,0.665485239966273,0.574479626023307,0.703308883004621
738,0.845802573161798,1.25683257454812,0.946861249932946,0.574479626023307,0.703308883004621
739,0.554453235742404,1.25683257454812,0.816683542315317,0.574479626023307,0.703308883004621
740,0.440126280552515,1.23024213518762,0.579364074260641,0.588682182954294,0.703308883004621
741,0.454878145738307,1.26348018438824,0.583371344828168,0.574479626023307,0.703308883004621
742,0.613460696485573,1.27345159914843,0.59539315653075,0.574479626023307,0.703308883004621
743,0.119273212761537,1.24353735486787,0.453217071541343,0.574479626023307,0.722430840517812
744,0.698283921303877,1.26348018438824,0.697519970175687,0.574479626023307,0.762586951295513
745,0.344239156844867,1.26348018438824,0.687513510922271,0.574479626023307,0.781708908808704
746,0.52494950537082,1.24353735486787,0.547329344051226,0.574479626023307,0.798918670570576
747,0.333175257955522,1.26348018438824,0.661477969398745,0.653382720084341,0.837162585596958
748,0.547077303149508,1.28009920898856,0.717556323013324,0.621821482459928,0.837162585596958
749,0.417998482773827,1.28009920898856,0.691520781489798,0.621821482459928,0.781708908808704
750,0.602396797596228,1.28674681882868,0.850733624973898,0.653382720084341,0.762586951295513
751,0.705659853896774,1.26348018438824,0.814691624196955,0.667585277015327,0.818040628083767
752,0.856866472051143,1.26348018438824,0.842719083838843,0.667585277015327,0.818040628083767
753,0.491757808702788,1.26348018438824,0.665485239966273,0.6044628017665,0.762586951295513
754,0.54338933685306,1.25683257454812,0.866762707244007,0.6044628017665,0.762586951295513
755,0.74991544945415,1.26348018438824,0.828705354017899,0.6044628017665,0.741552798031003
756,0.709347820193221,1.25683257454812,0.900789355571783,0.6044628017665,0.741552798031003
757,0.358991022030659,1.25683257454812,0.681514322236382,0.6044628017665,0.741552798031003
758,0.454878145738307,1.27345159914843,0.924832978976947,0.588682182954294,0.722430840517812
759,0.772043247232838,1.28009920898856,0.854740895541425,0.6044628017665,0.722430840517812
760,0.698283921303877,1.26348018438824,0.874777248379062,0.6044628017665,0.722430840517812
761,0.654028325746501,1.23688974502774,0.629443239189331,0.6044628017665,0.741552798031003
762,0.141401010540225,1.27345159914843,0.671484428652162,0.6044628017665,0.722430840517812
763,0.753603415750598,1.28009920898856,0.850733624973898,0.6044628017665,0.741552798031003
764,0.654028325746501,1.25018496470799,0.735577323401795,0.6044628017665,0.741552798031003
765,0.0307620216467839,1.23024213518762,0.461231612676398,0.6044628017665,0.722430840517812
766,0.491757808702788,1.23688974502774,0.531323696111921,0.6044628017665,0.722430840517812
767,0.52494950537082,1.25018496470799,0.637457780324385,0.6044628017665,0.722430840517812
768,0.465942044627652,1.23024213518762,0.431188800585345,0.6044628017665,0.722430840517812
769,0.554453235742404,1.25018496470799,0.641441616561108,0.6044628017665,0.722430840517812
770,0.819986809086662,1.25683257454812,0.918810355960254,0.6044628017665,0.722430840517812
771,0.63558849426426,1.26348018438824,0.802669812494373,0.6044628017665,0.722430840517812
772,0.709347820193221,1.25018496470799,0.641441616561108,0.6044628017665,0.722430840517812
773,0.539701370556612,1.24353735486787,0.74359186453685,0.6044628017665,0.722430840517812
774,0.727787651675461,1.24353735486787,0.894790166885894,0.6044628017665,0.722430840517812
775,0.451190179441859,1.24353735486787,0.713549052445797,0.588682182954294,0.722430840517812
776,0.923249865387207,1.28009920898856,0.848741706855536,0.588682182954294,0.741552798031003
777,0.403246617588035,1.27345159914843,0.964882250321417,0.6044628017665,0.741552798031003
778,0.642964426857157,1.25018496470799,0.563358426321335,0.574479626023307,0.741552798031003
779,0.628212561671365,1.25683257454812,0.651471510145329,0.574479626023307,0.741552798031003
780,0.565517134631748,1.26348018438824,0.643456969010274,0.574479626023307,0.741552798031003
781,0.690907988710981,1.23024213518762,0.854740895541425,0.55712094532988,0.722430840517812
782,0.908498000201415,1.24353735486787,0.758613270582376,0.55712094532988,0.741552798031003
783,0.572893067224644,1.23688974502774,0.65346342826369,0.542918388398894,0.722430840517812
784,0.429062381663171,1.25683257454812,0.778649623420013,0.55712094532988,0.741552798031003
785,0.207784403876289,1.28009920898856,0.998932332979997,0.525559707705466,0.741552798031003
786,0.510197640185028,1.30004203850893,1.07101633453388,0.574479626023307,0.741552798031003
787,0.609772730189124,1.25018496470799,0.802669812494373,0.542918388398894,0.741552798031003
788,0.443814246848963,1.25683257454812,0.904796626139311,0.542918388398894,0.722430840517812
789,0.587644932410436,1.29339442866881,1.1411084179694,0.542918388398894,0.741552798031003
790,0.738851550564806,1.29339442866881,0.878761084615785,0.55712094532988,0.722430840517812
791,0.746227483157702,1.25683257454812,0.894790166885894,0.542918388398894,0.741552798031003
792,0.159840842022465,1.26348018438824,0.844734436288009,0.542918388398894,0.722430840517812
793,0.451190179441859,1.25683257454812,0.713549052445797,0.542918388398894,0.722430840517812
794,0.477005943516995,1.25683257454812,0.72756278226674,0.542918388398894,0.722430840517812
795,0.646652393153605,1.25018496470799,0.806677083061901,0.542918388398894,0.741552798031003
796,0.620836629078469,1.26348018438824,0.880776437064951,0.55712094532988,0.722430840517812
797,0.797859011307974,1.24353735486787,0.731570052834268,0.542918388398894,0.741552798031003
798,0.347927123141315,1.27345159914843,0.631435157307692,0.50977908889326,0.722430840517812
799,0.528637471667268,1.23688974502774,0.583371344828168,0.50977908889326,0.722430840517812
800,0.547077303149508,1.25683257454812,0.59539315653075,0.542918388398894,0.722430840517812
801,0.218848302765634,1.23688974502774,0.467230801362287,0.525559707705466,0.722430840517812
802,0.358991022030659,1.26348018438824,0.599400427098277,0.50977908889326,0.722430840517812
803,0.536013404260164,1.29339442866881,0.830720706467065,0.525559707705466,0.722430840517812
804,0.665092224635845,1.25018496470799,0.878761084615785,0.542918388398894,0.722430840517812
805,0.657716292042949,1.27345159914843,0.721563593580852,0.525559707705466,0.722430840517812
806,0.462254078331204,1.26348018438824,0.768643164166597,0.525559707705466,0.722430840517812
807,0.285231696101698,1.30004203850893,0.70354259319238,0.542918388398894,0.722430840517812
808,0.654028325746501,1.26348018438824,0.784648812105902,0.525559707705466,0.722430840517812
809,0.521261539074372,1.23688974502774,0.699535322624853,0.525559707705466,0.722430840517812
810,0.915873932794311,1.25683257454812,0.888790978200005,0.542918388398894,0.722430840517812
811,0.48806984240634,1.25018496470799,0.519301884409338,0.525559707705466,0.722430840517812
812,0.322111359066178,1.26348018438824,0.579364074260641,0.525559707705466,0.722430840517812
813,-0.0540612031715205,1.20032789090705,0.429196882466983,0.525559707705466,0.722430840517812
814,0.35530305573421,1.29339442866881,0.599400427098277,0.525559707705466,0.741552798031003
815,0.606084763892676,1.28674681882868,0.756621352464015,0.542918388398894,0.722430840517812
816,0.687220022414533,1.27345159914843,0.685498158473105,0.525559707705466,0.722430840517812
817,0.491757808702788,1.25683257454812,0.76463589359907,0.542918388398894,0.722430840517812
818,0.477005943516995,1.24353735486787,0.641441616561108,0.542918388398894,0.722430840517812
819,0.731475617971909,1.27345159914843,0.88677562575084,0.525559707705466,0.722430840517812
820,0.5618291683353,1.28009920898856,0.786664164555068,0.50977908889326,0.741552798031003
821,0.679844089821637,1.30004203850893,1.00493152166589,0.525559707705466,0.798918670570576
822,0.912185966497863,1.22359452534749,0.848741706855536,0.542918388398894,0.818040628083767
823,0.565517134631748,1.28009920898856,0.828705354017899,0.525559707705466,0.818040628083767
824,0.779419179825734,1.27345159914843,0.908803896706838,0.525559707705466,0.818040628083767
825,0.451190179441859,1.22027072042743,0.754606000014849,0.542918388398894,0.798918670570576
826,1.07445648354158,1.25018496470799,1.03096706318941,0.542918388398894,0.762586951295513
827,0.296295594991042,1.26348018438824,0.579364074260641,0.542918388398894,0.798918670570576
828,0.628212561671365,1.28674681882868,0.745583782655212,0.525559707705466,0.818040628083767
829,0.606084763892676,1.28009920898856,0.864747354794841,0.542918388398894,0.781708908808704
830,0.665092224635845,1.25683257454812,0.88677562575084,0.542918388398894,0.762586951295513
831,0.746227483157702,1.25683257454812,0.932847520112002,0.55712094532988,0.798918670570576
832,0.801546977604422,1.30004203850893,0.924832978976947,0.542918388398894,0.762586951295513
833,1.1297759779883,1.25683257454812,0.992909709963304,0.55712094532988,0.741552798031003
834,0.890058168719175,1.25018496470799,0.904796626139311,0.55712094532988,0.722430840517812
835,0.443814246848963,1.23024213518762,0.683506240354744,0.542918388398894,0.741552798031003
836,0.255727965730114,1.25683257454812,0.73356197095263,0.542918388398894,0.741552798031003
837,0.277855763508802,1.25683257454812,0.543322073483698,0.55712094532988,0.741552798031003
838,0.642964426857157,1.25018496470799,0.639449698442747,0.55712094532988,0.722430840517812
839,0.583956966113989,1.24353735486787,0.599400427098277,0.574479626023307,0.722430840517812
840,0.620836629078469,1.28009920898856,0.816683542315317,0.574479626023307,0.741552798031003
841,0.602396797596228,1.25683257454812,0.683506240354744,0.574479626023307,0.741552798031003
842,0.654028325746501,1.25018496470799,0.619436779935914,0.574479626023307,0.722430840517812
843,0.904810033904967,1.23688974502774,0.689505429040633,0.588682182954294,0.741552798031003
844,0.860554438347591,1.25683257454812,0.844734436288009,0.6044628017665,0.741552798031003
845,0.904810033904967,1.24353735486787,0.876769166497423,0.621821482459928,0.741552798031003
846,0.646652393153605,1.25683257454812,0.940838626916253,0.621821482459928,0.762586951295513
847,0.698283921303877,1.27345159914843,0.878761084615785,0.6044628017665,0.741552798031003
848,0.949065629462343,1.27345159914843,1.24323523161434,0.621821482459928,0.762586951295513
849,0.901122067608519,1.25683257454812,0.99492506241247,0.6044628017665,0.762586951295513
850,0.897434101312071,1.27345159914843,0.992909709963304,0.6044628017665,0.762586951295513
851,1.08552038243092,1.24353735486787,1.09102925304071,0.636024039390914,0.762586951295513
852,1.13715191058119,1.29339442866881,1.37838101736247,0.636024039390914,0.762586951295513
853,1.29573446132846,1.25018496470799,1.37235839434578,0.636024039390914,0.762586951295513
854,1.15559174206343,1.27345159914843,1.404416558886,0.653382720084341,0.762586951295513
855,1.15927970835988,1.24353735486787,1.23721260859765,0.636024039390914,0.762586951295513
856,1.19247140502791,1.26348018438824,1.36136769319858,0.653382720084341,0.781708908808704
857,1.24410293317819,1.23688974502774,1.48249974912577,0.667585277015327,0.762586951295513
858,1.29942242762491,1.27345159914843,1.33734750412422,0.683365895827534,0.762586951295513
859,1.53176430430113,1.31333725818918,2.10327517213045,0.495576531962274,0.531211265385901
860,0.628212561671365,1.26348018438824,1.20117060782071,0.525559707705466,0.51208930787271
861,1.24779089947463,1.19368028106693,1.24923442030023,0.542918388398894,0.51208930787271
862,0.709347820193221,1.23024213518762,0.770635082284959,0.574479626023307,0.51208930787271
863,0.628212561671365,1.28009920898856,0.754606000014849,0.588682182954294,0.51208930787271
864,0.373742887216451,1.31333725818918,1.1851649598814,0.588682182954294,0.51208930787271
865,1.16665564095278,1.22359452534749,1.404416558886,0.588682182954294,0.494879546110838
866,1.19615937132436,1.35987052707006,2.09926790156292,0.6044628017665,0.51208930787271
867,0.949065629462343,1.27345159914843,1.15711406590871,0.6044628017665,0.51208930787271
868,0.432750347959619,1.23024213518762,0.705534511310742,0.621821482459928,0.51208930787271
869,0.292607628694594,1.24353735486787,0.505288154588395,0.636024039390914,0.494879546110838
870,1.34367802318228,1.25018496470799,1.404416558886,0.621821482459928,0.494879546110838
871,0.904810033904967,1.27345159914843,0.99492506241247,0.653382720084341,0.475757588597647
872,1.32523819170004,1.32995628278949,1.65272672808787,0.636024039390914,0.494879546110838
873,1.00069715761262,1.30668964834906,1.5906491857874,0.621821482459928,0.494879546110838
874,0.985945292426824,1.33660389262962,1.6507113756387,0.621821482459928,0.494879546110838
875,0.631900527967812,1.23688974502774,0.784648812105902,0.6044628017665,0.475757588597647
876,0.753603415750598,1.31333725818918,1.49051429026083,0.6044628017665,0.51208930787271
877,0.860554438347591,1.26348018438824,1.23320533803012,0.588682182954294,0.475757588597647
878,0.465942044627652,1.23024213518762,0.577372156142279,0.588682182954294,0.475757588597647
879,0.757291382047045,1.20697550074718,1.00291616921672,0.6044628017665,0.475757588597647
880,0.26310389832301,1.28009920898856,0.461231612676398,0.6044628017665,0.475757588597647
881,0.425374415366723,1.23688974502774,0.575380238023917,0.6044628017665,0.475757588597647
882,1.3067983602178,1.27345159914843,1.59264110390576,0.653382720084341,0.494879546110838
883,0.80523494390087,1.28674681882868,1.28527642107717,0.621821482459928,0.494879546110838
884,1.20353530391726,1.22027072042743,1.54258537330788,0.621821482459928,0.475757588597647
885,1.44694107948283,1.24353735486787,1.87500135576622,0.636024039390914,0.494879546110838
886,0.550765269445956,1.28009920898856,0.707526429429104,0.653382720084341,0.494879546110838
887,0.716723752786117,1.28674681882868,0.691520781489798,0.653382720084341,0.494879546110838
888,0.480693909813443,1.20697550074718,0.487267154199924,0.653382720084341,0.494879546110838
889,0.288919662398146,1.22027072042743,0.523309154976866,0.653382720084341,0.550333222899092
890,0.388494752402243,1.27345159914843,0.579364074260641,0.667585277015327,0.645943010465048
891,0.469630010924099,1.23024213518762,0.53732288479781,0.683365895827534,0.703308883004621
892,0.753603415750598,1.26348018438824,1.05498725226377,1.3145906483158,0.722430840517812
893,0.860554438347591,1.30668964834906,1.3333402335567,1.36351056663365,0.722430840517812
894,1.32523819170004,1.25683257454812,1.2452271497327,1.39349374237684,0.666977163729558
895,1.20353530391726,1.28009920898856,1.3553685045127,1.39349374237684,0.645943010465048
896,0.871618337236934,1.27345159914843,1.44847310079799,1.40927436118905,0.645943010465048
897,1.24779089947463,1.27345159914843,1.6787622696114,1.40927436118905,0.626821052951856
898,1.02651292168775,1.31333725818918,1.64269683450365,1.40927436118905,0.626821052951856
899,1.97063229357845,1.29339442866881,2.11728890195139,1.44241366069468,0.686099121242749
900,0.853178505754694,1.28009920898856,1.14909952477365,1.42505498000125,0.590489333676793
901,0.694595955007429,1.28009920898856,0.876769166497423,1.44241366069468,0.571367376163602
902,0.908498000201415,1.20032789090705,1.04898806357788,1.39349374237684,0.550333222899092
903,0.882682236126278,1.30668964834906,1.76685191910458,1.42505498000125,0.550333222899092
904,0.613460696485573,1.23024213518762,1.00092425109836,1.39349374237684,0.531211265385901
905,1.65346719208392,1.32995628278949,2.16336079631256,1.34615188594022,0.531211265385901
906,1.05232868576289,1.25683257454812,1.87699327388458,1.3145906483158,0.531211265385901
907,0.808922910197318,1.24353735486787,1.16512860704376,1.25146817306698,0.531211265385901
908,1.33999005688583,1.20697550074718,1.33933942224259,0.746488371076361,0.531211265385901
909,1.44694107948283,1.26348018438824,1.74883091871611,0.714927133451948,0.531211265385901
910,0.606084763892676,1.28674681882868,0.950868520500473,0.714927133451948,0.531211265385901
911,0.982257326130376,1.20697550074718,1.13309387683435,0.700724576520961,0.531211265385901
912,0.215160336469185,1.15047081710611,0.387132258673348,0.700724576520961,0.531211265385901
913,0.54338933685306,1.37981335659043,1.10705833531082,0.683365895827534,0.531211265385901
914,0.406934583884483,1.25683257454812,0.583371344828168,0.653382720084341,0.51208930787271
915,-0.179452057250753,0.934423497302044,0.246948091802303,0.636024039390914,0.531211265385901
916,0.421686449070275,1.25683257454812,0.563358426321335,0.653382720084341,0.531211265385901
917,1.06339258465223,1.26348018438824,1.39839393586931,0.653382720084341,0.531211265385901
918,1.12608801169185,1.25018496470799,1.21319241952329,0.653382720084341,0.531211265385901
919,0.436438314256067,1.20697550074718,1.01894525148683,0.621821482459928,0.531211265385901
920,1.44325311318638,1.25018496470799,1.51055064309846,0.621821482459928,0.531211265385901
921,1.1224000453954,1.25683257454812,1.65272672808787,0.621821482459928,0.531211265385901
922,0.484381876109891,1.34989911230987,1.33734750412422,0.621821482459928,0.51208930787271
923,0.698283921303877,1.26348018438824,1.02494444017272,0.636024039390914,0.531211265385901
924,1.4063734502219,1.27345159914843,1.79689473119564,0.636024039390914,0.531211265385901
925,0.115585246465089,1.28009920898856,0.934839438230364,0.621821482459928,0.51208930787271
926,1.07076851724513,1.29339442866881,1.47050137175399,0.6044628017665,0.51208930787271
927,0.432750347959619,1.27345159914843,0.565350344439697,0.636024039390914,0.51208930787271
928,0.617148662782021,1.23024213518762,0.832712624585426,0.621821482459928,0.531211265385901
929,0.672468157228741,1.15711842694624,0.379117717538293,0.621821482459928,0.51208930787271
930,0.617148662782021,1.30004203850893,1.07300825265224,0.621821482459928,0.531211265385901
931,0.713035786489669,1.12720418266568,0.395146799808403,0.621821482459928,0.626821052951856
932,0.211472370172737,0.927775887461919,0.279006256342522,0.636024039390914,0.686099121242749
933,0.145088976836673,0.685138128297349,0.136830171353115,0.653382720084341,0.722430840517812
934,1.16296767465633,1.26348018438824,1.15310679534118,0.653382720084341,0.762586951295513
935,0.204096437579841,0.834709349700167,0.224943255177109,0.653382720084341,0.781708908808704
936,0.631900527967812,1.10061374330517,0.371103176403238,0.653382720084341,0.781708908808704
937,-0.24214748429037,0.412586124852215,-0.0343810495027621,0.653382720084341,0.798918670570576
938,0.705659853896774,1.26348018438824,0.888790978200005,0.653382720084341,0.798918670570576
939,1.18509547243502,1.22027072042743,0.98489516882825,0.636024039390914,0.703308883004621
940,0.0123221901645439,0.734995202098288,0.15283581929242,0.621821482459928,0.686099121242749
941,0.0676416846112644,0.369376660891401,-0.0543939680095947,0.653382720084341,0.741552798031003
942,1.21091123651015,1.33660389262962,1.15512214779035,0.621821482459928,0.762586951295513
943,0.218848302765634,1.22027072042743,0.433204153034511,0.653382720084341,0.741552798031003
944,0.978569359833927,1.24353735486787,1.32933296298917,0.621821482459928,0.686099121242749
945,0.63558849426426,1.25018496470799,0.681514322236382,0.621821482459928,0.762586951295513
946,1.1297759779883,1.22359452534749,1.00493152166589,0.6044628017665,0.703308883004621
947,0.023386089053888,0.282957732969774,-0.15452886353617,0.621821482459928,0.626821052951856
948,0.233600167951425,1.07734710886474,0.367119340166515,0.621821482459928,0.590489333676793
949,0.0086342238680959,1.04410905966411,0.337076528075462,0.6044628017665,0.571367376163602
950,0.108209313872193,0.811442715259728,0.208914172906999,0.621821482459928,0.666977163729558
951,0.856866472051143,1.23024213518762,0.89680551933506,0.6044628017665,0.741552798031003
952,0.0381379542396802,0.884566423501105,0.240948903116414,0.6044628017665,0.781708908808704
953,0.145088976836673,0.575452565935283,0.0447098169615939,0.6044628017665,0.818040628083767
954,1.28098259614267,1.22027072042743,0.958883061635528,0.588682182954294,0.818040628083767
955,0.377430853512899,1.19368028106693,0.445202530406288,0.588682182954294,0.837162585596958
956,0.569205100928196,0.87791881366098,0.24296425556558,0.6044628017665,0.858196738861468
957,-0.352786473183811,-0.0328037344361737,-0.300712219093105,0.621821482459928,0.858196738861468
958,-0.26058731577261,-0.102603637757489,-0.344768761005101,0.6044628017665,0.894528458136531
959,-0.352786473183811,0.0037581196845148,-0.27666859568794,0.6044628017665,0.894528458136531
960,0.609772730189124,1.07069949902461,0.34108379864299,0.621821482459928,0.894528458136531
961,0.307359493880386,1.03413764490392,0.355097528463933,0.621821482459928,0.781708908808704
962,0.0049462575716479,0.548862126574782,0.0257045746793442,0.636024039390914,0.722430840517812
963,0.248352033137218,0.226453049328709,-0.180564405059696,0.653382720084341,0.781708908808704
964,0.502821707592132,0.382671880571652,-0.078437591414759,0.653382720084341,0.818040628083767
965,0.100833381279297,0.319519587090463,-0.0864286982190095,0.653382720084341,0.858196738861468
966,0.181968639801153,0.661871493856911,0.120801089083006,0.653382720084341,0.858196738861468
967,0.812610876493766,0.897861643181356,0.252970714818996,0.653382720084341,0.877318696374659
968,0.141401010540225,-0.0693655885568627,-0.32674776061663,0.667585277015327,0.877318696374659
969,0.0049462575716479,0.455795588813029,-0.0203438853510141,0.653382720084341,0.877318696374659
970,0.322111359066178,0.23974826900896,-0.15452886353617,0.653382720084341,0.877318696374659
971,0.104521347575745,0.395967100251902,-0.0524020498912331,0.653382720084341,0.913650415649722
972,-0.227395619104578,0.0303485590450157,-0.29269767795805,0.667585277015327,0.798918670570576
973,-0.0540612031715205,0.475738418333405,-0.0103374260975979,0.653382720084341,0.762586951295513
974,-0.500305125041732,-0.268793883760619,-0.4488874927684,0.667585277015327,0.818040628083767
975,-0.304842911329987,0.0170533393647655,-0.278683948137106,0.667585277015327,0.877318696374659
976,-0.846973956907847,-0.534698277365627,-0.569035306801809,0.667585277015327,0.894528458136531
977,-0.0208695065034883,0.0303485590450157,-0.270669407002051,0.636024039390914,0.894528458136531
978,-0.26058731577261,-0.0627179787167371,-0.324732408167465,0.653382720084341,0.913650415649722
979,-0.227395619104578,-0.119222662357801,-0.338746137988408,0.653382720084341,0.894528458136531
980,-0.456049529484356,-0.318650957561558,-0.470915763724399,0.653382720084341,0.913650415649722
981,-0.481865293559492,-0.318650957561558,-0.474923034291926,0.653382720084341,0.932772373162914
982,-0.0761890009502089,0.123415096806768,-0.212599135269111,0.653382720084341,0.953806526427424
983,-0.105692731321793,0.196538805048146,-0.166527240907948,0.653382720084341,0.913650415649722
984,-0.293779012440643,-0.23223202963993,-0.434873762947457,0.653382720084341,0.932772373162914
985,-0.201579855029442,-0.175727345998866,-0.394824491602987,0.636024039390914,0.894528458136531
986,0.322111359066178,0.721699982418038,0.146836630606531,0.636024039390914,0.913650415649722
987,-0.422857832816323,-0.262146273920493,-0.440872951633346,0.636024039390914,0.913650415649722
988,0.0639537183148161,0.698433347977599,0.134814818903949,0.636024039390914,0.932772373162914
989,-0.360162405776707,-0.21893680995968,-0.422851951244875,0.621821482459928,0.818040628083767
990,-0.456049529484356,-0.268793883760619,-0.452894763335928,0.636024039390914,0.798918670570576
991,-0.41179393392698,-0.162432126318615,-0.386809950467932,0.621821482459928,0.894528458136531
992,-0.16838815836141,0.0237009492048906,-0.280675866255468,0.621821482459928,0.913650415649722
993,0.0455138868325761,0.173272170607708,-0.186563593745585,0.621821482459928,0.932772373162914
994,0.0307620216467839,0.153329341087332,-0.192562782431474,0.621821482459928,0.953806526427424
995,-0.220019686511682,0.173272170607708,-0.176557134492169,0.621821482459928,0.932772373162914
996,0.0897694823899524,0.718376177497975,0.136830171353115,0.653382720084341,0.953806526427424
997,0.170904740911809,0.705080957817724,0.140837441920642,0.667585277015327,0.953806526427424
998,-0.0466852705786246,0.40593851501209,-0.0503866974420673,0.667585277015327,0.953806526427424
999,0.159840842022465,0.518947882294219,0.0136827629767621,0.653382720084341,0.932772373162914
1000,0.642964426857157,0.784852275899227,0.176879442697584,0.667585277015327,0.953806526427424
1001,0.358991022030659,1.06405188918449,0.335061175626296,0.653382720084341,0.837162585596958
1002,0.893746135015623,1.24353735486787,0.934839438230364,0.653382720084341,0.837162585596958
1003,1.04126478687354,1.25018496470799,1.11106560587835,0.653382720084341,0.858196738861468
1004,0.727787651675461,1.14382320726599,0.391139529240875,0.653382720084341,0.798918670570576
1005,0.720411719082565,1.23024213518762,0.828705354017899,0.621821482459928,0.798918670570576
1006,0.864242404644039,1.29339442866881,1.01294606280094,0.653382720084341,0.894528458136531
1007,0.886370202422726,1.24353735486787,0.737569241520157,0.636024039390914,0.858196738861468
1008,0.816298842790214,1.26348018438824,0.818698894764483,0.636024039390914,0.798918670570576
1009,1.04495275316999,1.24353735486787,0.770635082284959,0.621821482459928,0.781708908808704
1010,0.720411719082565,1.23024213518762,0.575380238023917,0.653382720084341,0.858196738861468
1011,0.926937831683655,1.26348018438824,1.06100987528047,0.621821482459928,0.818040628083767
1012,0.742539516861254,1.26348018438824,1.16112133647624,0.636024039390914,0.781708908808704
1013,0.554453235742404,1.25018496470799,0.760628623031542,0.621821482459928,0.762586951295513
1014,0.971193427241031,1.27345159914843,1.2292215017934,0.636024039390914,0.762586951295513
1015,0.853178505754694,1.25683257454812,1.07701552321977,0.636024039390914,0.741552798031003
1016,0.864242404644039,1.24353735486787,1.27526996182376,0.621821482459928,0.741552798031003
1017,1.1297759779883,1.27345159914843,1.21719969009082,0.6044628017665,0.722430840517812
1018,0.80523494390087,1.26348018438824,1.17715041874635,0.6044628017665,0.722430840517812
1019,0.812610876493766,1.27345159914843,1.29729823277975,0.6044628017665,0.703308883004621
1020,1.00807309020551,1.26348018438824,1.05498725226377,0.6044628017665,0.722430840517812
1021,1.06339258465223,1.25683257454812,1.26927077313787,0.6044628017665,0.722430840517812
1022,0.845802573161798,1.25683257454812,0.836719895152954,0.621821482459928,0.722430840517812
1023,0.875306303533382,1.26348018438824,1.13107852438518,0.6044628017665,0.703308883004621
1024,0.819986809086662,1.25018496470799,0.952860438618835,0.6044628017665,0.703308883004621
1025,0.720411719082565,1.25683257454812,1.10905025342919,0.6044628017665,0.703308883004621
1026,0.904810033904967,1.25018496470799,1.00092425109836,0.6044628017665,0.703308883004621
1027,0.82367477538311,1.27345159914843,1.10105914662493,0.6044628017665,0.703308883004621
1028,1.04126478687354,1.26348018438824,0.980887898260722,0.6044628017665,0.722430840517812
1029,0.775731213529286,1.25018496470799,1.09304460548988,0.6044628017665,0.703308883004621
1030,0.760979348343493,1.27345159914843,1.13309387683435,0.6044628017665,0.703308883004621
1031,0.864242404644039,1.24353735486787,0.900789355571783,0.6044628017665,0.703308883004621
1032,0.82367477538311,1.25683257454812,1.01695333336847,0.6044628017665,0.703308883004621
1033,0.938001730572999,1.26348018438824,1.02895171074025,0.6044628017665,0.703308883004621
1034,0.926937831683655,1.27345159914843,0.978895980142361,0.6044628017665,0.703308883004621
1035,0.705659853896774,1.24353735486787,0.731570052834268,0.588682182954294,0.703308883004621
1036,0.373742887216451,1.27345159914843,0.579364074260641,0.588682182954294,0.703308883004621
1037,1.00807309020551,1.28674681882868,0.878761084615785,0.574479626023307,0.703308883004621
1038,0.661404258339397,1.07069949902461,0.353082176014768,0.588682182954294,0.686099121242749
1039,0.0787055835006083,0.319519587090463,-0.108456969175008,0.574479626023307,0.703308883004621
1040,0.344239156844867,0.768233251298914,0.148828548724893,0.588682182954294,0.686099121242749
1041,0.949065629462343,1.13717559742586,0.379117717538293,0.588682182954294,0.703308883004621
1042,0.617148662782021,1.17706125646661,0.443210612287927,0.574479626023307,0.686099121242749
1043,0.657716292042949,1.15047081710611,0.409160529629346,0.574479626023307,0.666977163729558
1044,0.229912201654977,0.828061739860041,0.200899631771944,0.588682182954294,0.703308883004621
1045,-0.312218843922883,0.053615193485454,-0.266662136434524,0.574479626023307,0.686099121242749
1046,-0.0319334053928325,0.947718716982295,0.289012715595938,0.574479626023307,0.666977163729558
1047,0.569205100928196,1.04410905966411,0.323062798254519,0.574479626023307,0.666977163729558
1048,-0.338034607998019,0.804795105419603,0.180886713265112,0.574479626023307,0.686099121242749
1049,0.200408471283393,0.891214033341231,0.238956984998052,0.588682182954294,0.666977163729558
1050,0.447502213145411,1.23024213518762,0.443210612287927,0.574479626023307,0.666977163729558
1051,0.5618291683353,1.23024213518762,0.451225153422982,0.525559707705466,0.666977163729558
1052,0.558141202038852,0.947718716982295,0.262977174072412,0.525559707705466,0.666977163729558
1053,0.314735426473282,1.20697550074718,0.445202530406288,0.525559707705466,0.666977163729558
1054,0.237288134247874,1.14382320726599,0.42317425945029,0.525559707705466,0.666977163729558
1055,0.595020865003332,1.1338517925058,0.363112069598988,0.50977908889326,0.645943010465048
1056,0.0160101564609918,1.08731852362492,0.36510398771735,0.525559707705466,0.666977163729558
1057,0.266791864619458,0.834709349700167,0.184870549501835,0.50977908889326,0.666977163729558
1058,0.709347820193221,1.25683257454812,0.711533699996631,0.50977908889326,0.666977163729558
1059,0.26310389832301,1.25683257454812,0.501280884020868,0.50977908889326,0.666977163729558
1060,0.0713296509077124,0.914480667781669,0.268976362758301,0.495576531962274,0.645943010465048
1061,0.963817494648135,1.25683257454812,1.00493152166589,0.50977908889326,0.666977163729558
1062,0.816298842790214,1.28674681882868,1.04498079301036,0.495576531962274,0.666977163729558
1063,0.410622550180931,1.28009920898856,0.46322353079476,0.495576531962274,0.645943010465048
1064,0.432750347959619,1.25683257454812,0.842719083838843,0.495576531962274,0.645943010465048
1065,1.05232868576289,1.30004203850893,1.30531277391481,0.495576531962274,0.645943010465048
1066,1.10764818020961,1.25683257454812,1.19917868970234,0.495576531962274,0.666977163729558
1067,0.705659853896774,1.25683257454812,1.04097352244283,0.495576531962274,0.666977163729558
1068,0.50650967388858,1.31333725818918,1.12707125381766,0.495576531962274,0.666977163729558
1069,0.99332122501972,1.22027072042743,0.908803896706838,0.495576531962274,0.626821052951856
1070,1.32155022540359,1.24353735486787,1.31932650373575,0.478217851268846,0.645943010465048
1071,1.11133614650606,1.28009920898856,1.52655629103777,0.495576531962274,0.645943010465048
1072,1.53914023689403,1.26348018438824,1.48249974912577,0.495576531962274,0.666977163729558
1073,0.440126280552515,1.25018496470799,0.806677083061901,0.495576531962274,0.645943010465048
1074,1.21828716910305,1.30668964834906,1.64670410507118,0.495576531962274,0.645943010465048
1075,0.170904740911809,1.20032789090705,0.433204153034511,0.46401529433786,0.666977163729558
1076,0.0750176172041603,0.984280571102984,0.30103452729852,0.478217851268846,0.645943010465048
1077,0.370054920920003,1.23024213518762,0.437187989271234,0.495576531962274,0.645943010465048
1078,0.897434101312071,1.22359452534749,0.713549052445797,0.495576531962274,0.626821052951856
1079,0.347927123141315,1.12055657282555,0.357089446582295,0.495576531962274,0.626821052951856
1080,0.399558651291587,1.02084242522367,0.327070068822046,0.495576531962274,0.645943010465048
1081,-0.102004765025345,0.891214033341231,0.24296425556558,0.478217851268846,0.626821052951856
1082,0.82367477538311,1.24353735486787,1.00493152166589,0.495576531962274,0.645943010465048
1083,1.07445648354158,1.23688974502774,0.992909709963304,0.495576531962274,0.645943010465048
1084,0.960129528351687,1.22359452534749,1.10506641719246,0.495576531962274,0.645943010465048
1085,0.816298842790214,1.27345159914843,1.04898806357788,0.478217851268846,0.645943010465048
1086,0.724099685379013,1.24353735486787,0.631435157307692,0.495576531962274,0.645943010465048
1087,0.370054920920003,1.25683257454812,0.517286531960173,0.495576531962274,0.645943010465048
1088,0.945377663165895,1.28674681882868,1.0810227937873,0.46401529433786,0.645943010465048
1089,0.0713296509077124,0.984280571102984,0.315048257119464,0.46401529433786,0.645943010465048
1090,1.09658428132026,1.31333725818918,1.31531923316823,0.46401529433786,0.626821052951856
1091,0.54338933685306,1.27345159914843,0.818698894764483,0.46401529433786,0.645943010465048
1092,1.398997517629,1.25018496470799,1.30130550334728,0.46401529433786,0.645943010465048
1093,0.952753595758791,1.25683257454812,0.74359186453685,0.46401529433786,0.626821052951856
1094,0.904810033904967,1.24353735486787,0.996916980530832,0.46401529433786,0.645943010465048
1095,0.565517134631748,1.24353735486787,0.820690812882844,0.46401529433786,0.645943010465048
1096,1.16665564095278,1.28674681882868,1.39037939473425,0.46401529433786,0.626821052951856
1097,0.997009191316167,1.25683257454812,1.41442301813941,0.446656613644433,0.645943010465048
1098,1.00807309020551,1.30668964834906,1.32933296298917,0.446656613644433,0.626821052951856
1099,0.930625797980103,1.23024213518762,1.05097998169624,0.446656613644433,0.626821052951856
1100,1.19247140502791,1.25018496470799,1.20918514895576,0.446656613644433,0.645943010465048
1101,1.36211785466452,1.27345159914843,1.42243755927447,0.446656613644433,0.626821052951856
1102,1.13346394428474,1.25683257454812,1.46649410118647,0.446656613644433,0.626821052951856
1103,0.690907988710981,1.27345159914843,1.26125623200281,0.446656613644433,0.626821052951856
1104,1.38793361873966,1.25683257454812,1.30531277391481,0.430875994832226,0.626821052951856
1105,0.757291382047045,1.27345159914843,1.04097352244283,0.446656613644433,0.626821052951856
1106,0.513885606481476,1.28674681882868,0.790671435122595,0.446656613644433,0.626821052951856
1107,1.47275684355796,1.30004203850893,1.72080345907423,0.446656613644433,0.626821052951856
1108,0.565517134631748,1.22359452534749,0.715540970564158,0.446656613644433,0.645943010465048
1109,0.949065629462343,1.28009920898856,1.46248683061894,0.446656613644433,0.626821052951856
1110,1.27729462984622,1.23024213518762,1.33933942224259,0.446656613644433,0.645943010465048
1111,1.24041496688174,1.24353735486787,1.360360016974,0.446656613644433,0.607699095438665
1112,1.19247140502791,1.23024213518762,1.29729823277975,0.446656613644433,0.571367376163602
1113,1.13715191058119,1.25683257454812,1.09904379417577,0.446656613644433,0.571367376163602
1114,0.860554438347591,1.28674681882868,1.16714395949293,0.446656613644433,0.571367376163602
1115,0.668780190932293,1.30668964834906,0.926824897095309,0.446656613644433,0.571367376163602
1116,0.705659853896774,1.20697550074718,0.705534511310742,0.446656613644433,0.550333222899092
1117,0.716723752786117,1.26348018438824,0.926824897095309,0.446656613644433,0.571367376163602
1118,0.443814246848963,1.24353735486787,0.848741706855536,0.446656613644433,0.550333222899092
1119,0.76835528093639,1.29339442866881,0.575380238023917,0.446656613644433,0.550333222899092
1120,0.864242404644039,1.26348018438824,0.796670623808484,0.446656613644433,0.531211265385901
1121,0.694595955007429,1.23024213518762,0.996916980530832,0.446656613644433,0.531211265385901
1122,1.00438512390906,1.24353735486787,0.844734436288009,0.430875994832226,0.626821052951856
1123,0.934313764276551,1.25018496470799,0.950868520500473,0.430875994832226,0.666977163729558
1124,0.591332898706884,1.27345159914843,0.876769166497423,0.430875994832226,0.722430840517812
1125,0.867930370940487,1.28674681882868,1.01294606280094,0.430875994832226,0.741552798031003
1126,0.392182718698691,1.23688974502774,0.583371344828168,0.430875994832226,0.762586951295513
1127,0.620836629078469,1.29339442866881,0.745583782655212,0.41667343790124,0.666977163729558
1128,0.572893067224644,1.25683257454812,0.551336614618753,0.446656613644433,0.666977163729558
1129,0.812610876493766,1.20697550074718,0.459216260227232,0.430875994832226,0.722430840517812
1130,0.617148662782021,1.25018496470799,0.519301884409338,0.41667343790124,0.741552798031003
1131,0.694595955007429,1.25683257454812,0.681514322236382,0.41667343790124,0.703308883004621
1132,1.0228249553913,1.23688974502774,0.992909709963304,0.430875994832226,0.666977163729558
1133,0.87899426982983,1.26348018438824,0.890782896318367,0.430875994832226,0.645943010465048
1134,0.727787651675461,1.29339442866881,0.794655271359319,0.446656613644433,0.645943010465048
1135,0.0196981227574401,0.921128277621794,0.24296425556558,0.41667343790124,0.645943010465048
1136,0.499133741295684,1.15711842694624,0.425189611899456,0.478217851268846,0.666977163729558
1137,0.0565777857219202,0.86462359398073,0.228927091413832,0.495576531962274,0.645943010465048
1138,0.130337111650881,0.891214033341231,0.254962632937358,0.46401529433786,0.626821052951856
1139,0.602396797596228,0.914480667781669,0.234949714430525,0.478217851268846,0.645943010465048
1140,0.178280673504705,1.00754720554342,0.321047445805353,0.478217851268846,0.645943010465048
1141,0.307359493880386,0.625309639736222,0.0907582769919523,0.46401529433786,0.626821052951856
1142,-0.26058731577261,0.346110026450963,-0.0804295095331206,0.46401529433786,0.626821052951856
1143,0.0160101564609918,0.592071590535596,0.0547162762150102,0.46401529433786,0.645943010465048
1144,-0.0577491694679685,0.282957732969774,-0.118486862759228,0.478217851268846,0.626821052951856
1145,-0.208955787622338,0.0170533393647655,-0.306711407778994,0.46401529433786,0.626821052951856
1146,-0.249523416883266,-0.102603637757489,-0.342753408555936,0.46401529433786,0.626821052951856
1147,-0.282715113551298,-0.132517882038052,-0.362789761393572,0.46401529433786,0.626821052951856
1148,0.0381379542396802,0.439176564212716,-0.0343810495027621,0.478217851268846,0.626821052951856
1149,-0.179452057250753,0.296252952650024,-0.126477969563479,0.478217851268846,0.626821052951856
1150,0.550765269445956,0.718376177497975,0.112786547947951,0.46401529433786,0.626821052951856
1151,0.274167797212354,0.841356959540292,0.19288509063689,0.495576531962274,0.626821052951856
1152,-0.157324259472065,0.173272170607708,-0.210583782819945,0.46401529433786,0.626821052951856
1153,-0.312218843922883,0.276310123129649,-0.128493322012645,0.46401529433786,0.626821052951856
1154,-0.599880215045829,-0.23223202963993,-0.420860033126513,0.46401529433786,0.626821052951856
1155,-0.267963248365506,-0.0261561245960486,-0.306711407778994,0.46401529433786,0.626821052951856
1156,-0.352786473183811,0.133386511566957,-0.210583782819945,0.495576531962274,0.626821052951856
1157,-0.0429973042821767,0.246395878849085,-0.158536134103698,0.478217851268846,0.626821052951856
1158,0.406934583884483,0.389319490411777,-0.0844367801006479,0.495576531962274,0.626821052951856
1159,-0.334346641701571,-0.162432126318615,-0.376803491214516,0.46401529433786,0.626821052951856
1160,-0.315906810219331,-0.15578451647849,-0.378795409332878,0.495576531962274,0.626821052951856
1161,-0.456049529484356,-0.182374955838991,-0.388825302917098,0.46401529433786,0.626821052951856
1162,-0.234771551697474,-0.139165491878177,-0.376803491214516,0.46401529433786,0.626821052951856
1163,-0.0503732368750726,0.728347592258163,0.148828548724893,0.430875994832226,0.607699095438665
1164,0.0123221901645439,0.542214516734657,0.0477328456353426,0.430875994832226,0.645943010465048
1165,-0.496617158745284,-0.468222178964375,-0.56303611811592,0.41667343790124,0.703308883004621
1166,-0.326970709108675,-0.105927442677551,-0.342753408555936,0.41667343790124,0.741552798031003
1167,-0.0798769672466569,0.332814806770713,-0.0864286982190095,0.41667343790124,0.762586951295513
1168,-0.563000552081348,0.0369961688851407,-0.262654865866997,0.41667343790124,0.781708908808704
1169,-0.253211383179714,-0.0261561245960486,-0.308703325897355,0.399314757207812,0.781708908808704
1170,-0.0393093379857284,0.346110026450963,-0.0724149683980658,0.399314757207812,0.798918670570576
1171,0.469630010924099,0.449147978972904,-0.0323656970535962,0.399314757207812,0.798918670570576
1172,-0.301154945033538,-0.15578451647849,-0.372796220646989,0.41667343790124,0.798918670570576
1173,-0.090940866136001,-0.225584419799805,-0.420860033126513,0.399314757207812,0.798918670570576
1174,-0.127820529100481,0.203186414888271,-0.162519970340421,0.399314757207812,0.798918670570576
1175,0.731475617971909,0.804795105419603,0.156843089859948,0.385112200276826,0.818040628083767
1176,-0.444985630595012,-0.212289200119555,-0.420860033126513,0.385112200276826,0.818040628083767
1177,-0.323282742812227,0.126738901726832,-0.208591864701584,0.399314757207812,0.818040628083767
1178,-0.0798769672466569,0.203186414888271,-0.156520781654532,0.41667343790124,0.818040628083767
1179,-0.400730035037635,-0.119222662357801,-0.368788950079461,0.399314757207812,0.798918670570576
1180,-0.149948326879169,-0.318650957561558,-0.490952116562036,0.385112200276826,0.703308883004621
1181,-0.681015473567685,-0.192346370599179,-0.42486730369404,0.385112200276826,0.666977163729558
1182,-0.0577491694679685,-0.0693655885568627,-0.334738867420881,0.41667343790124,0.626821052951856
1183,-0.640447844306757,-0.275441493600744,-0.4488874927684,0.41667343790124,0.626821052951856
1184,-0.290091046144195,-0.478193593724563,-0.56303611811592,0.399314757207812,0.626821052951856
1185,-0.592504282452933,-0.405069885483186,-0.52298684677145,0.41667343790124,0.626821052951856
1186,-0.315906810219331,-0.169079736158741,-0.408838221423931,0.41667343790124,0.626821052951856
1187,-0.0651251020608647,-0.132517882038052,-0.364781679511934,0.41667343790124,0.626821052951856
1188,-0.341722574294467,-0.0627179787167371,-0.324732408167465,0.41667343790124,0.607699095438665
1189,0.0934574486864004,0.146681731247207,-0.212599135269111,0.41667343790124,0.607699095438665
1190,-0.360162405776707,-0.212289200119555,-0.410853573873097,0.399314757207812,0.607699095438665
1191,-0.721583102828614,-0.528050667525502,-0.58705630719028,0.399314757207812,0.607699095438665
1192,-0.157324259472065,-0.0627179787167371,-0.332746949302519,0.41667343790124,0.607699095438665
1193,-0.585128349860037,-0.521403057685377,-0.577049847936864,0.41667343790124,0.607699095438665
1194,-0.717895136532166,-0.434984129763749,-0.537000576592394,0.399314757207812,0.607699095438665
1195,0.108209313872193,0.233100659168834,-0.160528052222059,0.41667343790124,0.607699095438665
1196,-0.537184788006212,-0.378479446122685,-0.524978764889812,0.41667343790124,0.607699095438665
1197,0.148776943133121,0.0237009492048906,-0.284683136822995,0.41667343790124,0.626821052951856
1198,0.436438314256067,0.369376660891401,-0.0664157797121768,0.41667343790124,0.686099121242749
1199,-0.0245574727999363,-0.0128609049157979,-0.294689596076411,0.41667343790124,0.741552798031003
1200,-0.385978169851843,-0.325298567401683,-0.470915763724399,0.41667343790124,0.762586951295513
1201,-0.0098056076141441,0.445824174052841,-0.0283584264860689,0.41667343790124,0.781708908808704
1202,-0.441297664298563,0.209834024728397,-0.14449896995195,0.41667343790124,0.781708908808704
1203,0.502821707592132,0.754938031618664,0.158858442309113,0.41667343790124,0.781708908808704
1204,-0.349098506887363,0.0403199738052033,-0.266662136434524,0.446656613644433,0.798918670570576
1205,-0.319594776515779,-0.0195085147559235,-0.300712219093105,0.446656613644433,0.798918670570576
1206,-0.315906810219331,-0.182374955838991,-0.392809139153821,0.446656613644433,0.818040628083767
1207,0.26310389832301,0.518947882294219,0.0197053859934553,0.46401529433786,0.818040628083767
1208,-0.256899349476162,-0.102603637757489,-0.328739678734992,0.446656613644433,0.818040628083767
1209,-0.0024296750212482,0.246395878849085,-0.142507051833588,0.446656613644433,0.818040628083767
1210,-0.124132562804033,0.352757636291089,-0.0704230502797042,0.46401529433786,0.837162585596958
1211,-0.0061176413176962,0.46909080849328,-0.0143446966651252,0.446656613644433,0.818040628083767
1212,-0.0835649335431048,0.0403199738052033,-0.27666859568794,0.446656613644433,0.818040628083767
1213,-0.374914270962499,0.246395878849085,-0.142507051833588,0.46401529433786,0.722430840517812
1214,0.0860815160935045,0.395967100251902,-0.0664157797121768,0.46401529433786,0.666977163729558
1215,0.731475617971909,0.927775887461919,0.254962632937358,0.478217851268846,0.645943010465048
1216,-0.161012225768513,0.897861643181356,0.252970714818996,0.46401529433786,0.666977163729558
1217,-0.315906810219331,0.449147978972904,-0.0243511559185416,0.46401529433786,0.645943010465048
1218,0.0049462575716479,0.505652662613968,0.0096754924092347,0.495576531962274,0.626821052951856
1219,0.0823935497970565,0.728347592258163,0.148828548724893,0.478217851268846,0.645943010465048
1220,0.436438314256067,1.25683257454812,0.701527240743215,0.50977908889326,0.626821052951856
1221,0.0713296509077124,0.46909080849328,-0.0063301555300705,0.478217851268846,0.645943010465048
1222,0.215160336469185,0.761585641458789,0.142829360039004,0.495576531962274,0.626821052951856
1223,0.587644932410436,1.11390896298543,0.331053905058769,0.495576531962274,0.626821052951856
1224,-0.0798769672466569,0.183243585367896,-0.206576512252418,0.495576531962274,0.626821052951856
1225,0.196720504986945,0.296252952650024,-0.116471510310063,0.495576531962274,0.626821052951856
1226,-0.146260360582721,0.189891195208021,-0.192562782431474,0.478217851268846,0.626821052951856
1227,-0.157324259472065,0.173272170607708,-0.180564405059696,0.495576531962274,0.626821052951856
1228,0.159840842022465,0.605366810215847,0.0707453584851197,0.50977908889326,0.626821052951856
1229,-0.566688518377797,-0.182374955838991,-0.408838221423931,0.46401529433786,0.626821052951856
1230,-0.18682798984365,0.462443198653155,-0.0123527785467637,0.50977908889326,0.607699095438665
1231,-0.0577491694679685,0.395967100251902,-0.0584012385771221,0.495576531962274,0.626821052951856
1232,-0.360162405776707,0.216481634568522,-0.158536134103698,0.495576531962274,0.626821052951856
1233,-0.371226304666051,-0.119222662357801,-0.352759867809352,0.495576531962274,0.626821052951856
1234,-0.371226304666051,0.203186414888271,-0.17854905261053,0.495576531962274,0.626821052951856
1235,-0.511369023931076,-0.139165491878177,-0.364781679511934,0.478217851268846,0.626821052951856
1236,-0.603568181342277,0.0403199738052033,-0.25264840661358,0.495576531962274,0.607699095438665
1237,0.233600167951425,0.159976950927457,-0.196570052999002,0.478217851268846,0.686099121242749
1238,0.211472370172737,0.402614710092028,-0.0503866974420673,0.495576531962274,0.741552798031003
1239,-0.29746697873709,0.0469675836453289,-0.264670218316162,0.495576531962274,0.762586951295513
1240,-0.0466852705786246,0.216481634568522,-0.164535322789587,0.495576531962274,0.781708908808704
1241,-0.142572394286273,0.512300272454093,0.0276964927977058,0.495576531962274,0.798918670570576
1242,0.159840842022465,0.64857627417666,0.0947655475594797,0.495576531962274,0.798918670570576
1243,-0.164700192064961,0.412586124852215,-0.040380238188651,0.478217851268846,0.798918670570576
1244,0.200408471283393,0.46909080849328,-0.0183519672326527,0.46401529433786,0.798918670570576
1245,0.0123221901645439,0.592071590535596,0.0467017350799554,0.46401529433786,0.818040628083767
1246,0.137713044243777,0.748290421778539,0.164857630995002,0.46401529433786,0.818040628083767
1247,-0.120444596507585,0.542214516734657,0.0417336569494537,0.46401529433786,0.818040628083767
1248,-0.109380697618241,0.748290421778539,0.164857630995002,0.46401529433786,0.818040628083767
1249,0.358991022030659,1.00754720554342,0.30103452729852,0.46401529433786,0.798918670570576
1250,0.0860815160935045,0.705080957817724,0.116793818515478,0.446656613644433,0.703308883004621
1251,0.491757808702788,0.771557056218977,0.164857630995002,0.446656613644433,0.722430840517812
1252,0.100833381279297,0.302900562490149,-0.118486862759228,0.446656613644433,0.666977163729558
1253,-0.360162405776707,0.538890711814594,0.0136827629767621,0.46401529433786,0.666977163729558
1254,-0.146260360582721,0.369376660891401,-0.0724149683980658,0.446656613644433,0.645943010465048
1255,0.0381379542396802,0.209834024728397,-0.184548241296419,0.46401529433786,0.626821052951856
1256,-0.190515956140098,0.282957732969774,-0.118486862759228,0.446656613644433,0.626821052951856
1257,-0.149948326879169,0.768233251298914,0.162865712876641,0.46401529433786,0.626821052951856
1258,-0.0577491694679685,0.263014903449398,-0.128493322012645,0.46401529433786,0.626821052951856
1259,-0.478177327263044,0.668519103697036,0.108779277380423,0.46401529433786,0.626821052951856
1260,-0.0983167987288969,1.04078525474405,0.335061175626296,0.46401529433786,0.626821052951856
1261,-1.06825193469473,-0.341917592001996,-0.500958575815452,0.446656613644433,0.626821052951856
1262,0.392182718698691,0.582100175775408,0.0437255750678152,0.46401529433786,0.626821052951856
1263,0.122961179057985,0.505652662613968,0.0197053859934553,0.46401529433786,0.607699095438665
1264,-0.0577491694679685,0.439176564212716,-0.040380238188651,0.446656613644433,0.626821052951856
1265,0.421686449070275,0.489033638013656,-0.0063301555300705,0.46401529433786,0.626821052951856
1266,-0.459737495780804,-0.0328037344361737,-0.302704137211466,0.46401529433786,0.626821052951856
1267,-0.441297664298563,-0.0760131983969878,-0.332746949302519,0.46401529433786,0.626821052951856
1268,-0.0835649335431048,0.449147978972904,-0.0063301555300705,0.46401529433786,0.626821052951856
1269,0.35530305573421,0.226453049328709,-0.160528052222059,0.46401529433786,0.607699095438665
1270,-0.16838815836141,0.339462416610838,-0.0864286982190095,0.46401529433786,0.607699095438665
1271,-0.360162405776707,0.246395878849085,-0.15452886353617,0.478217851268846,0.607699095438665
1272,-0.0503732368750726,0.123415096806768,-0.232612053775944,0.46401529433786,0.626821052951856
1273,-0.0319334053928325,0.339462416610838,-0.110472321624174,0.46401529433786,0.626821052951856
1274,0.469630010924099,0.86462359398073,0.230942443862998,0.46401529433786,0.666977163729558
1275,-0.341722574294467,0.445824174052841,-0.0243511559185416,0.46401529433786,0.703308883004621
1276,0.0565777857219202,0.369376660891401,-0.0724149683980658,0.46401529433786,0.762586951295513
1277,-0.0651251020608647,0.505652662613968,0.0237126565609826,0.46401529433786,0.762586951295513
1278,-0.0725010346537606,0.449147978972904,-0.0123527785467637,0.46401529433786,0.781708908808704
1279,0.654028325746501,0.582100175775408,0.056731628664176,0.46401529433786,0.798918670570576
1280,0.458566112034756,0.562157346255032,0.0477328456353426,0.46401529433786,0.798918670570576
1281,-0.599880215045829,0.140034121407082,-0.200577323566529,0.46401529433786,0.798918670570576
1282,-0.41179393392698,0.110119877126518,-0.226612865090055,0.46401529433786,0.798918670570576
1283,-0.356474439480259,0.332814806770713,-0.104449698607481,0.46401529433786,0.798918670570576
1284,0.366366954623555,0.771557056218977,0.166849549113364,0.46401529433786,0.798918670570576
1285,-0.27902714725485,0.346110026450963,-0.0864286982190095,0.46401529433786,0.818040628083767
1286,-0.0872528998395528,0.189891195208021,-0.170534511475476,0.46401529433786,0.818040628083767
1287,0.0565777857219202,0.053615193485454,-0.250633054164415,0.46401529433786,0.818040628083767
1288,-0.231083585401026,0.64857627417666,0.0827437358568976,0.46401529433786,0.722430840517812
1289,-0.301154945033538,0.445824174052841,-0.0323656970535962,0.478217851268846,0.703308883004621
1290,0.760979348343493,1.28009920898856,0.641441616561108,0.495576531962274,0.666977163729558
1291,-0.216331720215234,0.941071107142169,0.289012715595938,0.495576531962274,0.666977163729558
1292,0.178280673504705,0.475738418333405,-0.0203438853510141,0.495576531962274,0.666977163729558
1293,0.572893067224644,1.18038506138668,0.429196882466983,0.50977908889326,0.666977163729558
1294,0.591332898706884,1.25018496470799,0.47325342437898,0.495576531962274,0.666977163729558
1295,0.0934574486864004,1.18038506138668,0.413167800196874,0.50977908889326,0.666977163729558
1296,0.0750176172041603,1.15047081710611,0.415159718315235,0.525559707705466,0.666977163729558
1297,0.665092224635845,1.26348018438824,0.832712624585426,0.525559707705466,0.666977163729558
1298,0.248352033137218,0.791499885739353,0.186885901951001,0.50977908889326,0.666977163729558
1299,0.181968639801153,0.977632961262859,0.293019986163465,0.495576531962274,0.666977163729558
1300,0.620836629078469,1.04410905966411,0.321047445805353,0.495576531962274,0.666977163729558
1301,0.790483078715078,1.30668964834906,1.11908014701341,0.50977908889326,0.666977163729558
1302,0.237288134247874,1.15711842694624,0.393131447359237,0.50977908889326,0.666977163729558
1303,1.08183241613447,1.25683257454812,0.998932332979997,0.525559707705466,0.666977163729558
1304,0.100833381279297,1.06405188918449,0.355097528463933,0.50977908889326,0.666977163729558
1305,0.358991022030659,1.11390896298543,0.377125799419932,0.525559707705466,0.645943010465048
1306,0.469630010924099,1.25683257454812,0.591385885963223,0.50977908889326,0.666977163729558
1307,0.447502213145411,1.24353735486787,0.597408508979916,0.50977908889326,0.666977163729558
1308,0.462254078331204,1.22359452534749,0.4392033417204,0.50977908889326,0.666977163729558
1309,0.0934574486864004,1.09396613346505,0.361096717149822,0.50977908889326,0.666977163729558
1310,1.30311039392135,1.30004203850893,1.07502360510141,0.525559707705466,0.666977163729558
1311,0.395870684995139,1.22359452534749,0.4392033417204,0.542918388398894,0.666977163729558
1312,0.554453235742404,1.27345159914843,0.705534511310742,0.525559707705466,0.666977163729558
1313,0.628212561671365,1.17041364662649,0.409160529629346,0.542918388398894,0.666977163729558
1314,0.296295594991042,1.25683257454812,0.455208989659705,0.525559707705466,0.666977163729558
1315,0.469630010924099,1.1338517925058,0.349098339778044,0.525559707705466,0.666977163729558
1316,0.403246617588035,1.17706125646661,0.421182341331928,0.525559707705466,0.645943010465048
1317,0.451190179441859,1.26348018438824,0.551336614618753,0.525559707705466,0.666977163729558
1318,0.502821707592132,1.27345159914843,0.651471510145329,0.525559707705466,0.666977163729558
1319,0.760979348343493,1.27345159914843,0.573364885574752,0.542918388398894,0.666977163729558
1320,0.690907988710981,1.24353735486787,0.721563593580852,0.525559707705466,0.666977163729558
1321,0.595020865003332,1.26348018438824,0.667477158084634,0.525559707705466,0.666977163729558
1322,0.539701370556612,1.23688974502774,0.429196882466983,0.542918388398894,0.666977163729558
1323,0.207784403876289,0.914480667781669,0.285005445028411,0.542918388398894,0.666977163729558
1324,0.425374415366723,0.941071107142169,0.279006256342522,0.525559707705466,0.666977163729558
1325,0.285231696101698,0.81476652017979,0.19288509063689,0.525559707705466,0.666977163729558
1326,0.893746135015623,1.22027072042743,0.671484428652162,0.542918388398894,0.666977163729558
1327,0.218848302765634,0.897861643181356,0.238956984998052,0.525559707705466,0.666977163729558
1328,0.215160336469185,0.87791881366098,0.228927091413832,0.525559707705466,0.645943010465048
1329,0.204096437579841,1.03413764490392,0.337076528075462,0.542918388398894,0.666977163729558
1330,0.558141202038852,0.734995202098288,0.15283581929242,0.525559707705466,0.666977163729558
1331,0.26310389832301,0.641928664336535,0.104772006812896,0.525559707705466,0.666977163729558
1332,-0.208955787622338,0.492357442933718,0.0116908448584005,0.525559707705466,0.762586951295513
1333,-0.0577491694679685,0.356081441211151,-0.0704230502797042,0.50977908889326,0.798918670570576
1334,0.620836629078469,0.718376177497975,0.140837441920642,0.525559707705466,0.798918670570576
1335,-0.0798769672466569,0.512300272454093,0.0417336569494537,0.50977908889326,0.818040628083767
1336,0.403246617588035,0.562157346255032,0.0447098169615939,0.50977908889326,0.818040628083767
1337,-0.0134935739105924,0.492357442933718,0.0136827629767621,0.495576531962274,0.837162585596958
1338,0.170904740911809,0.685138128297349,0.134814818903949,0.495576531962274,0.837162585596958
1339,0.222536269062082,0.598719200375722,0.062730817350065,0.495576531962274,0.837162585596958
1340,-0.231083585401026,0.402614710092028,-0.0503866974420673,0.495576531962274,0.858196738861468
1341,0.023386089053888,0.575452565935283,0.056731628664176,0.478217851268846,0.858196738861468
1342,-0.282715113551298,-0.0195085147559235,-0.302704137211466,0.46401529433786,0.858196738861468
1343,0.274167797212354,0.548862126574782,0.0417336569494537,0.478217851268846,0.877318696374659
1344,-0.120444596507585,0.216481634568522,-0.174541782043003,0.478217851268846,0.762586951295513
1345,-0.179452057250753,0.356081441211151,-0.082421427651482,0.46401529433786,0.722430840517812
1346,0.0418259205361281,0.312871977250337,-0.116471510310063,0.46401529433786,0.703308883004621
1347,0.26310389832301,0.0802056328459549,-0.254640324731942,0.46401529433786,0.686099121242749
1348,0.145088976836673,0.575452565935283,0.0667380879175923,0.46401529433786,0.666977163729558
1349,-0.16838815836141,-0.15578451647849,-0.384818032349571,0.46401529433786,0.666977163729558
1350,-0.116756630211137,-0.0261561245960486,-0.310718678346521,0.478217851268846,0.666977163729558
1351,0.0528898194254723,-0.255498664080368,-0.446895574650039,0.46401529433786,0.666977163729558
1352,-0.164700192064961,0.0037581196845148,-0.282691218704634,0.46401529433786,0.666977163729558
1353,-0.640447844306757,-0.657679059407944,-0.62110638984886,0.46401529433786,0.645943010465048
1354,-0.511369023931076,-0.0460989541164244,-0.312710596464882,0.46401529433786,0.645943010465048
1355,-0.0688130683573127,-0.282089103440869,-0.460909304470982,0.46401529433786,0.645943010465048
1356,-0.470801394670148,-0.335269982161871,-0.490952116562036,0.446656613644433,0.626821052951856
1357,-0.703143271346373,-0.714183743049008,-0.649133849490748,0.446656613644433,0.645943010465048
1358,-0.371226304666051,-0.498136423244939,-0.577049847936864,0.446656613644433,0.645943010465048
1359,-0.507681057634628,-0.571260131486316,-0.599078118892862,0.446656613644433,0.626821052951856
1360,-0.511369023931076,-0.740774182409509,-0.647141931372386,0.430875994832226,0.626821052951856
1361,-0.515056990227524,-0.368508031362497,-0.520971494322285,0.446656613644433,0.626821052951856
1362,-0.4671134283737,-0.727478962729258,-0.653141120058275,0.430875994832226,0.686099121242749
1363,-0.622008012824517,-0.441631739603874,-0.557036929430031,0.446656613644433,0.741552798031003
1364,-0.27902714725485,-0.454926959284124,-0.537000576592394,0.430875994832226,0.762586951295513
1365,-0.677327507271237,-0.887021598892263,-0.691198473284383,0.430875994832226,0.798918670570576
1366,-0.666263608381893,-0.807250280810761,-0.681192014030967,0.41667343790124,0.818040628083767
1367,-0.419169866519875,-0.418365105163436,-0.531001387906505,0.41667343790124,0.818040628083767
1368,-0.249523416883266,-0.621117205287255,-0.619114471730499,0.41667343790124,0.818040628083767
1369,-0.393354102444739,-0.694240913528632,-0.651149201939913,0.399314757207812,0.837162585596958
1370,-0.441297664298563,-0.764040816849947,-0.659163743074968,0.399314757207812,0.837162585596958
1371,-0.400730035037635,-0.604498180686942,-0.599078118892862,0.399314757207812,0.837162585596958
1372,-0.555624619488453,-0.700888523368757,-0.63713547211897,0.399314757207812,0.837162585596958
1373,-0.994492608765768,-1.01332618585464,-0.727240474061325,0.385112200276826,0.837162585596958
1374,-0.799030395054023,-0.807250280810761,-0.683183932149328,0.385112200276826,0.837162585596958
1375,-0.699455305049925,-1.01332618585464,-0.731247744628852,0.385112200276826,0.858196738861468
1376,-0.898605485058119,-0.893669208732389,-0.703196850656161,0.385112200276826,0.858196738861468
1377,-0.78427852986823,-0.906964428412639,-0.709219473672854,0.385112200276826,0.858196738861468
1378,-0.596192248749381,-0.604498180686942,-0.603085389460389,0.385112200276826,0.858196738861468
1379,-0.74739886690375,-1.01332618585464,-0.731247744628852,0.367753519583399,0.858196738861468
1380,-0.946549046911943,-1.09974511377627,-0.765274392956629,0.367753519583399,0.798918670570576
1381,-1.13832329432724,-1.22272589581859,-0.891140183706275,0.367753519583399,0.722430840517812
1382,-0.828534125425607,-1.09309750393614,-0.765274392956629,0.385112200276826,0.666977163729558
1383,-0.695767338753478,-0.973440526813891,-0.715218662358743,0.385112200276826,0.666977163729558
1384,-1.06825193469473,-1.12965935805683,-0.807034370449809,0.385112200276826,0.626821052951856
1385,-0.489241226152388,-0.923583453012952,-0.731247744628852,0.385112200276826,0.645943010465048
1386,-0.799030395054023,-0.591202961006691,-0.605077307578751,0.367753519583399,0.626821052951856
1387,-0.957612945801288,-0.923583453012952,-0.711211391791216,0.367753519583399,0.626821052951856
1388,-0.754774799496646,-0.348565201842122,-0.506957764501341,0.399314757207812,0.626821052951856
1389,-0.736334968014406,-0.677621888928319,-0.629120930983915,0.41667343790124,0.626821052951856
1390,-0.610944113935173,-0.647707644647756,-0.631112849102276,0.385112200276826,0.626821052951856
1391,-0.212643753918786,-0.428336519923624,-0.532993306024867,0.399314757207812,0.626821052951856
1392,-0.489241226152388,-0.478193593724563,-0.557036929430031,0.399314757207812,0.626821052951856
1393,-0.481865293559492,-0.405069885483186,-0.528986035457339,0.41667343790124,0.626821052951856
1394,-0.537184788006212,-0.375155641202622,-0.520971494322285,0.41667343790124,0.607699095438665
1395,-0.666263608381893,-0.504784033085064,-0.579041766055225,0.430875994832226,0.666977163729558
1396,-0.437609698002116,-0.242203444400118,-0.432858410498291,0.41667343790124,0.741552798031003
1397,-0.0393093379857284,-0.0826608082371129,-0.334738867420881,0.430875994832226,0.762586951295513
1398,-0.282715113551298,-0.23223202963993,-0.42486730369404,0.430875994832226,0.781708908808704
1399,-0.0761890009502089,0.0901770476061425,-0.230620135657582,0.430875994832226,0.798918670570576
1400,-0.16838815836141,-0.056070368876612,-0.300712219093105,0.446656613644433,0.798918670570576
1401,-0.290091046144195,-0.391774665802935,-0.500958575815452,0.41667343790124,0.818040628083767
1402,-0.393354102444739,-0.421688910083499,-0.526994117338978,0.41667343790124,0.798918670570576
1403,-0.419169866519875,-0.368508031362497,-0.490952116562036,0.41667343790124,0.818040628083767
1404,-0.456049529484356,-0.378479446122685,-0.508973116950507,0.41667343790124,0.818040628083767
1405,-0.212643753918786,-0.15578451647849,-0.376803491214516,0.430875994832226,0.837162585596958
1406,-0.338034607998019,-0.282089103440869,-0.460909304470982,0.41667343790124,0.818040628083767
1407,-0.363850372073155,-0.238879639480056,-0.420860033126513,0.446656613644433,0.837162585596958
1408,-0.463425462077252,-0.428336519923624,-0.532993306024867,0.41667343790124,0.858196738861468
1409,0.134025077947329,-0.162432126318615,-0.382802679900405,0.41667343790124,0.837162585596958
1410,-0.389666136148291,-0.328622372321746,-0.476914952410288,0.41667343790124,0.837162585596958
1411,-0.633071911713861,-0.498136423244939,-0.571050659250975,0.41667343790124,0.818040628083767
1412,-0.736334968014406,-0.577907741326441,-0.603085389460389,0.430875994832226,0.722430840517812
1413,-0.717895136532166,-0.418365105163436,-0.531001387906505,0.446656613644433,0.703308883004621
1414,-0.441297664298563,-0.238879639480056,-0.432858410498291,0.446656613644433,0.666977163729558
1415,-0.194203922436546,-0.0893084180772379,-0.344768761005101,0.46401529433786,0.666977163729558
1416,-0.43023376540922,-0.328622372321746,-0.498943223366286,0.46401529433786,0.666977163729558
1417,-0.41179393392698,-0.341917592001996,-0.492944034680397,0.478217851268846,0.666977163729558
1418,-0.496617158745284,-0.521403057685377,-0.583049036622752,0.46401529433786,0.645943010465048
1419,-0.588816316156485,-0.441631739603874,-0.538992494710756,0.478217851268846,0.666977163729558
1420,-0.27902714725485,-0.23223202963993,-0.438881033514984,0.46401529433786,0.666977163729558
1421,0.023386089053888,-0.268793883760619,-0.460909304470982,0.495576531962274,0.645943010465048
1422,-0.817470226536263,-0.448279349443999,-0.551014306413338,0.495576531962274,0.645943010465048
1423,-0.0835649335431048,-0.242203444400118,-0.434873762947457,0.495576531962274,0.645943010465048
1424,0.0196981227574401,-0.325298567401683,-0.490952116562036,0.495576531962274,0.666977163729558
1425,-0.452361563187908,-0.428336519923624,-0.537000576592394,0.495576531962274,0.626821052951856
1426,-0.717895136532166,-1.04324043013521,-0.745261474449796,0.495576531962274,0.626821052951856
1427,-0.762150732089542,-1.04324043013521,-0.749268745017323,0.495576531962274,0.626821052951856
1428,-0.544560720599108,-0.837164525091324,-0.677184743463439,0.50977908889326,0.626821052951856
1429,-0.574064450970693,-0.700888523368757,-0.64512657892322,0.50977908889326,0.703308883004621
1430,-0.397042068741187,-0.39842227564306,-0.52298684677145,0.50977908889326,0.762586951295513
1431,-0.754774799496646,-0.647707644647756,-0.633128201551442,0.50977908889326,0.781708908808704
1432,-0.419169866519875,-0.521403057685377,-0.575057929818502,0.50977908889326,0.798918670570576
1433,-0.762150732089542,-0.69091710860857,-0.629120930983915,0.495576531962274,0.818040628083767
1434,-0.629383945417413,-0.521403057685377,-0.569035306801809,0.50977908889326,0.837162585596958
1435,-0.732647001717958,-0.787307451290385,-0.677184743463439,0.495576531962274,0.837162585596958
1436,-0.821158192832711,-0.621117205287255,-0.617099119281333,0.495576531962274,0.818040628083767
1437,-0.511369023931076,-0.471545983884438,-0.571050659250975,0.495576531962274,0.858196738861468
1438,-0.334346641701571,-0.454926959284124,-0.545015117727449,0.495576531962274,0.858196738861468
1439,-0.994492608765768,-0.584555351166566,-0.5970862007745,0.50977908889326,0.858196738861468
1440,-0.843285990611399,-0.418365105163436,-0.524978764889812,0.50977908889326,0.858196738861468
1441,-0.858037855797191,-0.391774665802935,-0.506957764501341,0.50977908889326,0.858196738861468
1442,-0.253211383179714,-0.242203444400118,-0.444880222200873,0.50977908889326,0.858196738861468
1443,-0.120444596507585,-0.21893680995968,-0.430866492379929,0.50977908889326,0.877318696374659
1444,-0.183140023547202,-0.275441493600744,-0.462901222589344,0.495576531962274,0.877318696374659
1445,-0.592504282452933,-0.282089103440869,-0.4488874927684,0.495576531962274,0.894528458136531
1446,-0.48555325985594,-0.205641590279429,-0.41483741010982,0.478217851268846,0.818040628083767
1447,-0.456049529484356,-0.23223202963993,-0.436865681065818,0.495576531962274,0.741552798031003
1448,-0.452361563187908,-0.361860421522372,-0.504965846382979,0.50977908889326,0.703308883004621
1449,-0.109380697618241,-0.0527465639565495,-0.314725948914048,0.525559707705466,0.703308883004621
1450,-0.172076124657858,-0.0527465639565495,-0.328739678734992,0.525559707705466,0.703308883004621
1451,-0.48555325985594,-0.119222662357801,-0.358782490826045,0.525559707705466,0.686099121242749
1452,-0.197891888732994,-0.102603637757489,-0.348776031572629,0.50977908889326,0.666977163729558
1453,-0.456049529484356,-0.0128609049157979,-0.300712219093105,0.50977908889326,0.666977163729558
1454,-0.52243292282042,-0.0460989541164244,-0.314725948914048,0.495576531962274,0.666977163729558
1455,-0.172076124657858,0.0968246574462675,-0.250633054164415,0.50977908889326,0.666977163729558
1456,0.0344499879432322,0.276310123129649,-0.132500592580172,0.525559707705466,0.686099121242749
1457,0.111897280168641,0.369376660891401,-0.0744303208472316,0.525559707705466,0.666977163729558
1458,0.130337111650881,0.369376660891401,-0.0804295095331206,0.525559707705466,0.666977163729558
1459,0.0676416846112644,0.312871977250337,-0.09645859180323,0.542918388398894,0.666977163729558
1460,-0.256899349476162,0.17659597552777,-0.188555511863947,0.525559707705466,0.666977163729558
1461,-0.0171815402070404,0.159976950927457,-0.196570052999002,0.525559707705466,0.666977163729558
1462,-0.0577491694679685,0.382671880571652,-0.0804295095331206,0.525559707705466,0.666977163729558
1463,0.0160101564609918,0.319519587090463,-0.104449698607481,0.525559707705466,0.666977163729558
1464,0.170904740911809,0.369376660891401,-0.0804295095331206,0.525559707705466,0.666977163729558
1465,-0.190515956140098,0.339462416610838,-0.09645859180323,0.525559707705466,0.703308883004621
1466,-0.459737495780804,-0.0095370999957353,-0.294689596076411,0.525559707705466,0.762586951295513
1467,-0.308530877626435,0.140034121407082,-0.206576512252418,0.525559707705466,0.798918670570576
1468,-0.308530877626435,0.0669104131657041,-0.254640324731942,0.50977908889326,0.818040628083767
1469,-0.0761890009502089,0.352757636291089,-0.0804295095331206,0.495576531962274,0.818040628083767
1470,0.0676416846112644,0.173272170607708,-0.184548241296419,0.495576531962274,0.818040628083767
1471,-0.0577491694679685,0.0669104131657041,-0.250633054164415,0.495576531962274,0.837162585596958
1472,-0.26058731577261,0.196538805048146,-0.166527240907948,0.495576531962274,0.818040628083767
1473,0.0750176172041603,0.259691098529335,-0.136507863147699,0.495576531962274,0.818040628083767
1474,0.119273212761537,0.259691098529335,-0.134492510698534,0.495576531962274,0.818040628083767
1475,0.181968639801153,0.445824174052841,-0.0243511559185416,0.495576531962274,0.798918670570576
1476,0.170904740911809,0.641928664336535,0.0787598996201744,0.478217851268846,0.781708908808704
1477,0.0307620216467839,0.339462416610838,-0.0864286982190095,0.478217851268846,0.798918670570576
1478,0.163528808318913,0.462443198653155,-0.0103374260975979,0.50977908889326,0.798918670570576
1479,-0.0319334053928325,0.625309639736222,0.0727372766034812,0.495576531962274,0.762586951295513
1480,0.170904740911809,0.761585641458789,0.142829360039004,0.525559707705466,0.722430840517812
1481,0.126649145354433,0.618662029896097,0.0727372766034812,0.50977908889326,0.703308883004621
1482,0.218848302765634,0.748290421778539,0.148828548724893,0.525559707705466,0.703308883004621
1483,0.311047460176834,0.655223884016786,0.0967809000086455,0.525559707705466,0.703308883004621
1484,0.156152875726017,0.678490518457224,0.108779277380423,0.542918388398894,0.703308883004621
1485,0.215160336469185,0.641928664336535,0.080751817738536,0.525559707705466,0.703308883004621
1486,0.0455138868325761,0.628633444656285,0.0767445471710087,0.542918388398894,0.703308883004621
1487,0.170904740911809,0.821414130019916,0.19288509063689,0.542918388398894,0.686099121242749
1488,0.145088976836673,0.705080957817724,0.126800277768894,0.542918388398894,0.703308883004621
1489,0.185656606097601,0.947718716982295,0.276990903893356,0.542918388398894,0.703308883004621
1490,0.126649145354433,0.907833057941544,0.248963444251468,0.542918388398894,0.703308883004621
1491,0.023386089053888,0.698433347977599,0.116793818515478,0.542918388398894,0.703308883004621
1492,0.0528898194254723,0.828061739860041,0.196892361204417,0.542918388398894,0.703308883004621
1493,0.248352033137218,0.592071590535596,0.0467017350799554,0.542918388398894,0.703308883004621
1494,-0.172076124657858,0.439176564212716,-0.0503866974420673,0.542918388398894,0.703308883004621
1495,0.0602657520183682,0.439176564212716,-0.0323656970535962,0.525559707705466,0.703308883004621
1496,0.167216774615361,0.412586124852215,-0.0363729676211237,0.542918388398894,0.703308883004621
1497,0.141401010540225,0.352757636291089,-0.0804295095331206,0.542918388398894,0.703308883004621
1498,0.141401010540225,0.562157346255032,0.0477328456353426,0.542918388398894,0.703308883004621
1499,-0.157324259472065,0.203186414888271,-0.180564405059696,0.542918388398894,0.666977163729558
1500,0.104521347575745,0.110119877126518,-0.234627406225109,0.55712094532988,0.703308883004621
1501,0.104521347575745,0.0968246574462675,-0.248641136046053,0.542918388398894,0.703308883004621
1502,-0.404418001334083,-0.149136906638365,-0.386809950467932,0.55712094532988,0.686099121242749
1503,0.204096437579841,0.0369961688851407,-0.266662136434524,0.55712094532988,0.703308883004621
1504,-0.212643753918786,-0.0627179787167371,-0.324732408167465,0.55712094532988,0.686099121242749
1505,0.292607628694594,0.216481634568522,-0.170534511475476,0.574479626023307,0.703308883004621
1506,0.403246617588035,0.339462416610838,-0.09645859180323,0.574479626023307,0.722430840517812
1507,0.222536269062082,0.425881344532466,-0.0363729676211237,0.574479626023307,0.798918670570576
1508,-0.304842911329987,0.0403199738052033,-0.254640324731942,0.55712094532988,0.781708908808704
1509,-0.146260360582721,0.17659597552777,-0.188555511863947,0.574479626023307,0.798918670570576
1510,-0.0429973042821767,-0.0460989541164244,-0.302704137211466,0.574479626023307,0.818040628083767
1511,-0.146260360582721,0.0669104131657041,-0.262654865866997,0.574479626023307,0.837162585596958
1512,-0.29746697873709,0.0303485590450157,-0.258647595299469,0.574479626023307,0.858196738861468
1513,0.270479830915906,0.196538805048146,-0.158536134103698,0.574479626023307,0.858196738861468
1514,-0.326970709108675,0.362729051051276,-0.0844367801006479,0.574479626023307,0.877318696374659
1515,-0.74739886690375,-0.0826608082371129,-0.32674776061663,0.588682182954294,0.894528458136531
1516,-0.197891888732994,0.183243585367896,-0.188555511863947,0.588682182954294,0.894528458136531
1517,0.329487291659074,0.462443198653155,-0.0183519672326527,0.588682182954294,0.894528458136531
1518,0.145088976836673,0.389319490411777,-0.0503866974420673,0.621821482459928,0.894528458136531
1519,0.0528898194254723,0.804795105419603,0.178871360815946,0.621821482459928,0.894528458136531
1520,0.200408471283393,0.512300272454093,0.0237126565609826,0.621821482459928,0.894528458136531
1521,0.023386089053888,0.81476652017979,0.194900443086056,0.636024039390914,0.837162585596958
1522,0.193032538690497,0.811442715259728,0.196892361204417,0.636024039390914,0.798918670570576
1523,0.181968639801153,0.575452565935283,0.0417336569494537,0.621821482459928,0.762586951295513
1524,0.204096437579841,0.734995202098288,0.148828548724893,0.636024039390914,0.762586951295513
1525,0.0528898194254723,0.884566423501105,0.238956984998052,0.683365895827534,0.762586951295513
1526,0.141401010540225,0.811442715259728,0.186885901951001,0.683365895827534,0.762586951295513
1527,-0.290091046144195,0.548862126574782,0.0397183045002879,0.667585277015327,0.762586951295513
1528,-0.16838815836141,0.389319490411777,-0.0603931566954837,0.667585277015327,0.762586951295513
1529,-0.0356213716892805,0.64857627417666,0.104772006812896,0.667585277015327,0.762586951295513
1530,0.421686449070275,1.12720418266568,0.355097528463933,0.683365895827534,0.741552798031003
1531,0.443814246848963,1.28009920898856,0.613414156919221,0.700724576520961,0.762586951295513
1532,0.196720504986945,1.04078525474405,0.319055527686991,0.683365895827534,0.762586951295513
1533,0.28154372980525,0.914480667781669,0.260985255954051,0.683365895827534,0.762586951295513
1534,0.178280673504705,1.22359452534749,0.4392033417204,0.700724576520961,0.762586951295513
1535,0.926937831683655,1.26348018438824,0.870769977811534,0.714927133451948,0.762586951295513
1536,0.528637471667268,1.25018496470799,0.489259072318285,0.714927133451948,0.762586951295513
1537,0.967505460944583,1.26348018438824,1.03295898130777,0.732285814145375,0.781708908808704
1538,0.532325437963716,1.26348018438824,0.88677562575084,0.732285814145375,0.798918670570576
1539,0.775731213529286,1.26348018438824,0.723555511699213,0.746488371076361,0.858196738861468
1540,0.587644932410436,1.25018496470799,0.607414968233332,0.762268989888568,0.818040628083767
1541,0.565517134631748,1.27345159914843,0.569357615007224,0.762268989888568,0.858196738861468
1542,0.631900527967812,1.26348018438824,0.599400427098277,0.762268989888568,0.894528458136531
1543,0.569205100928196,1.25018496470799,0.533315614230282,0.762268989888568,0.913650415649722
1544,0.495445774999236,1.22359452534749,0.477237260615703,0.762268989888568,0.858196738861468
1545,0.425374415366723,1.03413764490392,0.361096717149822,0.762268989888568,0.837162585596958
1546,0.454878145738307,1.03413764490392,0.357089446582295,0.762268989888568,0.894528458136531
1547,0.344239156844867,1.09396613346505,0.367119340166515,0.762268989888568,0.913650415649722
1548,0.59870883129978,1.08731852362492,0.383124988105821,0.746488371076361,0.913650415649722
1549,0.473317977220547,1.05075666950424,0.357089446582295,0.762268989888568,0.894528458136531
1550,0.322111359066178,1.06405188918449,0.367119340166515,0.762268989888568,0.858196738861468
1551,0.189344572394049,1.05075666950424,0.357089446582295,0.762268989888568,0.837162585596958
1552,0.266791864619458,0.964337741582607,0.319055527686991,0.746488371076361,0.894528458136531
1553,0.528637471667268,0.941071107142169,0.303026445416882,0.762268989888568,0.913650415649722
1554,0.252039999433666,0.897861643181356,0.264992526521578,0.762268989888568,0.932772373162914
1555,0.22622423535853,0.778204666059102,0.204906902339472,0.762268989888568,0.894528458136531
1556,0.218848302765634,0.734995202098288,0.178871360815946,0.746488371076361,0.877318696374659
1557,0.148776943133121,0.628633444656285,0.104772006812896,0.762268989888568,0.858196738861468
1558,0.362678988327107,0.698433347977599,0.132822900785588,0.762268989888568,0.837162585596958
1559,0.392182718698691,0.548862126574782,0.0607154649008991,0.762268989888568,0.858196738861468
1560,0.285231696101698,0.86462359398073,0.244956173683941,0.762268989888568,0.877318696374659
1561,0.517573572777923,0.655223884016786,0.112786547947951,0.762268989888568,0.858196738861468
1562,0.0602657520183682,0.23974826900896,-0.136507863147699,0.732285814145375,0.877318696374659
1563,-0.0134935739105924,0.282957732969774,-0.112464239742535,0.683365895827534,0.877318696374659
1564,0.119273212761537,0.282957732969774,-0.110472321624174,0.683365895827534,0.858196738861468
1565,0.178280673504705,0.276310123129649,-0.12047878087759,0.700724576520961,0.858196738861468
1566,0.126649145354433,0.259691098529335,-0.126477969563479,0.683365895827534,0.858196738861468
1567,0.148776943133121,0.0669104131657041,-0.236619324343471,0.683365895827534,0.894528458136531
1568,0.141401010540225,0.246395878849085,-0.136507863147699,0.683365895827534,0.913650415649722
1569,0.296295594991042,0.282957732969774,-0.128493322012645,0.667585277015327,0.858196738861468
1570,0.0455138868325761,0.661871493856911,0.108779277380423,0.288850425522365,0.626821052951856
1571,0.218848302765634,0.568804956095158,0.0507090056474829,0.288850425522365,0.626821052951856
1572,0.167216774615361,0.425881344532466,-0.0263665083677073,0.288850425522365,0.626821052951856
1573,-0.0761890009502089,0.499005052773843,0.0176900335442894,0.288850425522365,0.626821052951856
1574,0.462254078331204,0.718376177497975,0.146836630606531,0.306209106215792,0.626821052951856
1575,0.152464909429569,0.655223884016786,0.106787359262062,0.306209106215792,0.607699095438665
1576,0.148776943133121,0.592071590535596,0.056731628664176,0.320411663146778,0.550333222899092
1577,0.193032538690497,0.445824174052841,-0.0183519672326527,0.320411663146778,0.571367376163602
1578,0.0602657520183682,0.332814806770713,-0.0984505099215916,0.306209106215792,0.626821052951856
1579,-0.102004765025345,0.382671880571652,-0.0543939680095947,0.306209106215792,0.645943010465048
1580,-0.0429973042821767,0.718376177497975,0.148828548724893,0.320411663146778,0.626821052951856
1581,-0.149948326879169,0.685138128297349,0.132822900785588,0.320411663146778,0.645943010465048
1582,0.134025077947329,0.784852275899227,0.182878631383473,0.320411663146778,0.626821052951856
1583,0.0418259205361281,0.489033638013656,0.0036763037233458,0.320411663146778,0.626821052951856
1584,0.329487291659074,0.518947882294219,0.0276964927977058,0.320411663146778,0.626821052951856
1585,0.185656606097601,0.685138128297349,0.110794629829589,0.337770343840206,0.571367376163602
1586,-0.138884427989825,0.489033638013656,-0.0043382374117089,0.320411663146778,0.571367376163602
1587,0.458566112034756,0.87791881366098,0.246948091802303,0.337770343840206,0.626821052951856
1588,-0.0061176413176962,0.668519103697036,0.108779277380423,0.337770343840206,0.626821052951856
1589,0.108209313872193,0.728347592258163,0.138822089471476,0.337770343840206,0.626821052951856
1590,0.296295594991042,0.964337741582607,0.299019174849354,0.337770343840206,0.626821052951856
1591,0.425374415366723,0.81476652017979,0.196892361204417,0.337770343840206,0.626821052951856
1592,-0.127820529100481,0.548862126574782,0.0477328456353426,0.337770343840206,0.626821052951856
1593,0.0123221901645439,0.362729051051276,-0.0564093204587606,0.337770343840206,0.571367376163602
1594,-0.0024296750212482,0.0901770476061425,-0.234627406225109,0.367753519583399,0.571367376163602
1595,-0.0983167987288969,0.173272170607708,-0.17854905261053,0.351972900771192,0.626821052951856
1596,0.174592707208257,0.0237009492048906,-0.268654054552886,0.337770343840206,0.666977163729558
1597,0.130337111650881,-0.0195085147559235,-0.29269767795805,0.351972900771192,0.666977163729558
1598,-0.282715113551298,0.0369961688851407,-0.248641136046053,0.367753519583399,0.645943010465048
1599,0.532325437963716,0.053615193485454,-0.27666859568794,0.367753519583399,0.666977163729558
1600,0.163528808318913,0.419233734692341,-0.02235923780018,0.385112200276826,0.645943010465048
1601,-0.190515956140098,0.439176564212716,-0.0083455079792362,0.367753519583399,0.645943010465048
1602,0.0455138868325761,0.110119877126518,-0.210583782819945,0.385112200276826,0.666977163729558
1603,-0.699455305049925,-0.189022565679116,-0.398831762170515,0.399314757207812,0.666977163729558
1604,-0.592504282452933,-0.15578451647849,-0.37478813876535,0.41667343790124,0.666977163729558
1605,-0.404418001334083,-0.105927442677551,-0.338746137988408,0.430875994832226,0.703308883004621
1606,-0.378602237258947,0.233100659168834,-0.132500592580172,0.446656613644433,0.703308883004621
1607,-0.153636293175617,0.289605342809899,-0.110472321624174,0.46401529433786,0.703308883004621
1608,-0.208955787622338,0.276310123129649,-0.12047878087759,0.46401529433786,0.686099121242749
1609,0.266791864619458,0.641928664336535,0.080751817738536,0.495576531962274,0.607699095438665
1610,0.547077303149508,0.425881344532466,-0.0564093204587606,0.495576531962274,0.571367376163602
1611,0.0123221901645439,0.346110026450963,-0.0864286982190095,0.525559707705466,0.666977163729558
1612,0.0934574486864004,0.259691098529335,-0.126477969563479,0.50977908889326,0.703308883004621
1613,0.137713044243777,0.382671880571652,-0.0684076978305383,0.525559707705466,0.703308883004621
1614,-0.0466852705786246,0.312871977250337,-0.102457780489119,0.542918388398894,0.703308883004621
1615,-0.389666136148291,0.0369961688851407,-0.262654865866997,0.542918388398894,0.703308883004621
1616,-0.267963248365506,0.209834024728397,-0.150521592968643,0.55712094532988,0.703308883004621
1617,-0.0319334053928325,0.276310123129649,-0.128493322012645,0.574479626023307,0.703308883004621
1618,-0.116756630211137,0.628633444656285,0.0787598996201744,0.574479626023307,0.722430840517812
1619,-0.149948326879169,0.489033638013656,0.0036763037233458,0.574479626023307,0.703308883004621
1620,0.0381379542396802,0.499005052773843,-0.0103374260975979,0.574479626023307,0.626821052951856
1621,-0.090940866136001,0.356081441211151,-0.0944432393540641,0.574479626023307,0.607699095438665
1622,-0.0872528998395528,0.309548172330274,-0.100442428039953,0.621821482459928,0.666977163729558
1623,-0.190515956140098,0.389319490411777,-0.0543939680095947,0.621821482459928,0.703308883004621
1624,-0.496617158745284,0.103472267286393,-0.230620135657582,0.653382720084341,0.666977163729558
1625,0.0676416846112644,0.276310123129649,-0.132500592580172,0.653382720084341,0.703308883004621
1626,-0.360162405776707,-0.0128609049157979,-0.288690407390522,0.667585277015327,0.703308883004621
1627,0.395870684995139,0.784852275899227,0.184870549501835,0.653382720084341,0.703308883004621
1628,-0.29746697873709,0.126738901726832,-0.208591864701584,0.667585277015327,0.703308883004621
1629,0.351615089437762,0.455795588813029,-0.0143446966651252,0.683365895827534,0.686099121242749
1630,0.0381379542396802,0.246395878849085,-0.142507051833588,0.700724576520961,0.626821052951856
1631,-0.116756630211137,0.183243585367896,-0.176557134492169,0.700724576520961,0.607699095438665
1632,0.137713044243777,0.40593851501209,-0.0443875087561783,0.714927133451948,0.666977163729558
1633,0.111897280168641,0.312871977250337,-0.0984505099215916,0.700724576520961,0.703308883004621
1634,-0.0024296750212482,0.25304348868921,-0.128493322012645,0.732285814145375,0.722430840517812
1635,0.0602657520183682,0.525595492134344,0.0276964927977058,0.732285814145375,0.703308883004621
1636,-0.179452057250753,0.389319490411777,-0.0443875087561783,0.762268989888568,0.703308883004621
1637,-0.301154945033538,0.233100659168834,-0.142507051833588,0.762268989888568,0.703308883004621
1638,-0.264275282069058,-0.149136906638365,-0.370780868197823,0.779627670581995,0.722430840517812
1639,0.152464909429569,0.203186414888271,-0.170534511475476,0.793830227512981,0.722430840517812
1640,-0.286403079847746,-0.105927442677551,-0.352759867809352,0.793830227512981,0.722430840517812
1641,0.240976100544322,0.0469675836453289,-0.258647595299469,0.811188908206409,0.722430840517812
1642,-0.267963248365506,0.216481634568522,-0.170534511475476,0.811188908206409,0.722430840517812
1643,-0.437609698002116,0.196538805048146,-0.186563593745585,0.811188908206409,0.666977163729558
1644,0.285231696101698,0.395967100251902,-0.064400427263011,1.3145906483158,0.626821052951856
1645,-0.26058731577261,0.356081441211151,-0.0704230502797042,1.28460747257261,0.686099121242749
1646,0.196720504986945,0.339462416610838,-0.100442428039953,1.3145906483158,0.741552798031003
1647,-0.131508495396929,0.259691098529335,-0.134492510698534,1.3145906483158,0.762586951295513
1648,-0.208955787622338,0.0037581196845148,-0.284683136822995,1.33037126712801,0.762586951295513
1649,0.027074055350336,-0.0195085147559235,-0.296704948525577,1.33037126712801,0.781708908808704
1650,-0.253211383179714,0.183243585367896,-0.186563593745585,1.33037126712801,0.798918670570576
1651,0.29998356128749,0.505652662613968,0.0197053859934553,1.36351056663365,0.781708908808704
1652,0.292607628694594,0.203186414888271,-0.17854905261053,1.36351056663365,0.798918670570576
1653,-0.227395619104578,0.25304348868921,-0.142507051833588,1.36351056663365,0.798918670570576
1654,-0.0134935739105924,0.462443198653155,-0.0083455079792362,1.34615188594022,0.798918670570576
1655,-0.0872528998395528,0.146681731247207,-0.216606405836638,1.36351056663365,0.818040628083767
1656,0.421686449070275,0.455795588813029,-0.0143446966651252,1.33037126712801,0.818040628083767
1657,0.0160101564609918,0.445824174052841,-0.0283584264860689,1.37929118544585,0.818040628083767
1658,0.0971454149828487,0.203186414888271,-0.166527240907948,1.37929118544585,0.818040628083767
1659,0.502821707592132,0.312871977250337,-0.100442428039953,1.37929118544585,0.818040628083767
1660,-0.271651214661954,0.0369961688851407,-0.268654054552886,1.37929118544585,0.818040628083767
1661,-0.146260360582721,-0.0693655885568627,-0.324732408167465,1.39349374237684,0.837162585596958
1662,0.22622423535853,0.23974826900896,-0.166527240907948,1.40927436118905,0.837162585596958
1663,-0.135196461693377,0.0735580230058298,-0.25264840661358,1.42505498000125,0.858196738861468
1664,-0.0098056076141441,0.25304348868921,-0.146514322401116,1.40927436118905,0.858196738861468
1665,-0.529808855413316,-0.262146273920493,-0.454886681454289,1.42505498000125,0.858196738861468
1666,-0.44867359689146,-0.23223202963993,-0.436865681065818,1.44241366069468,0.858196738861468
1667,-0.551936653192005,-0.38512705596281,-0.512980387518034,1.44241366069468,0.858196738861468
1668,-0.507681057634628,-0.105927442677551,-0.348776031572629,1.44241366069468,0.837162585596958
1669,-0.138884427989825,0.296252952650024,-0.118486862759228,1.44241366069468,0.858196738861468
1670,0.141401010540225,0.475738418333405,-0.0183519672326527,1.44241366069468,0.858196738861468
1671,-0.474489360966596,-0.192346370599179,-0.402839032738042,1.45819427950689,0.837162585596958
1672,-0.441297664298563,0.0037581196845148,-0.280675866255468,1.47239683643787,0.858196738861468
1673,-0.371226304666051,-0.318650957561558,-0.484929493545342,1.48817745525008,0.858196738861468
1674,-0.529808855413316,0.196538805048146,-0.172549863924642,1.47239683643787,0.837162585596958
1675,-0.245835450586818,0.0669104131657041,-0.250633054164415,1.48817745525008,0.858196738861468
1676,0.22622423535853,-0.0128609049157979,-0.306711407778994,1.48817745525008,0.837162585596958
1677,-0.666263608381893,-0.0460989541164244,-0.31671786703241,1.47239683643787,0.722430840517812
1678,0.52494950537082,0.548862126574782,0.0237126565609826,1.45819427950689,0.666977163729558
1679,-0.275339180958402,0.289605342809899,-0.132500592580172,1.45819427950689,0.645943010465048
1680,-0.0614371357644168,0.259691098529335,-0.142507051833588,1.47239683643787,0.626821052951856
1681,-0.603568181342277,0.0369961688851407,-0.284683136822995,1.45819427950689,0.626821052951856
1682,-0.0577491694679685,0.505652662613968,0.0056682218417073,1.48817745525008,0.626821052951856
1683,-0.286403079847746,0.246395878849085,-0.156520781654532,1.47239683643787,0.626821052951856
1684,-0.0356213716892805,0.302900562490149,-0.124486051445117,1.48817745525008,0.626821052951856
1685,-0.352786473183811,-0.0760131983969878,-0.338746137988408,1.47239683643787,0.626821052951856
1686,0.495445774999236,0.492357442933718,-0.0043382374117089,1.48817745525008,0.626821052951856
1687,-0.0872528998395528,0.362729051051276,-0.0684076978305383,1.48817745525008,0.607699095438665
1688,0.440126280552515,0.356081441211151,-0.09645859180323,1.51973869287449,0.626821052951856
1689,-0.271651214661954,0.0237009492048906,-0.286698489272161,1.48817745525008,0.626821052951856
1690,-0.138884427989825,0.282957732969774,-0.136507863147699,1.51973869287449,0.607699095438665
1691,-0.194203922436546,0.0037581196845148,-0.29269767795805,1.51973869287449,0.607699095438665
1692,-0.529808855413316,-0.0826608082371129,-0.362789761393572,1.51973869287449,0.626821052951856
1693,0.0012582912751996,0.0802056328459549,-0.262654865866997,1.53709737356792,0.626821052951856
1694,-0.245835450586818,-0.0627179787167371,-0.330731596853354,1.51973869287449,0.626821052951856
1695,-0.253211383179714,0.153329341087332,-0.216606405836638,1.53709737356792,0.626821052951856
1696,-0.315906810219331,0.246395878849085,-0.148506240519477,1.53709737356792,0.607699095438665
1697,-0.0466852705786246,0.312871977250337,-0.102457780489119,1.55129993049891,0.626821052951856
1698,-0.441297664298563,-0.132517882038052,-0.372796220646989,1.56708054931111,0.607699095438665
1699,-0.44867359689146,-0.182374955838991,-0.398831762170515,1.56708054931111,0.666977163729558
1700,-0.422857832816323,-0.139165491878177,-0.376803491214516,1.59864178693553,0.741552798031003
1701,-0.371226304666051,-0.225584419799805,-0.42486730369404,1.59864178693553,0.798918670570576
1702,-0.312218843922883,-0.0028894901556102,-0.29269767795805,1.61600046762895,0.818040628083767
1703,-0.109380697618241,0.146681731247207,-0.218598323955,1.61600046762895,0.837162585596958
1704,0.24466406684077,0.389319490411777,-0.0564093204587606,1.61600046762895,0.858196738861468
1705,0.137713044243777,-0.125870272197927,-0.362789761393572,1.59864178693553,0.858196738861468
1706,0.0823935497970565,0.17659597552777,-0.190570864313113,1.59864178693553,0.858196738861468
1707,0.547077303149508,0.439176564212716,-0.0503866974420673,1.61600046762895,0.877318696374659
1708,0.0713296509077124,0.734995202098288,0.140837441920642,1.61600046762895,0.858196738861468
1709,-0.0319334053928325,0.346110026450963,-0.082421427651482,1.63020302455994,0.858196738861468
1710,0.0823935497970565,0.439176564212716,-0.0323656970535962,1.59864178693553,0.837162585596958
1711,-0.0061176413176962,0.309548172330274,-0.116471510310063,1.61600046762895,0.858196738861468
1712,0.0012582912751996,0.542214516734657,0.0276964927977058,1.63020302455994,0.837162585596958
1713,0.358991022030659,0.64857627417666,0.0947655475594797,1.63020302455994,0.818040628083767
1714,0.628212561671365,0.655223884016786,0.0747526290526471,1.64598364337215,0.798918670570576
1715,0.366366954623555,1.0274900350638,0.331053905058769,1.63020302455994,0.741552798031003
1716,0.406934583884483,0.641928664336535,0.0767445471710087,1.61600046762895,0.722430840517812
1717,0.196720504986945,0.492357442933718,-0.0063301555300705,1.59864178693553,0.703308883004621
1718,0.0602657520183682,0.612014420055972,0.056731628664176,1.61600046762895,0.703308883004621
1719,0.661404258339397,0.678490518457224,0.108779277380423,1.63020302455994,0.686099121242749
1720,0.0639537183148161,0.64857627417666,0.0887663588735906,1.59864178693553,0.686099121242749
1721,-0.153636293175617,0.582100175775408,0.0447098169615939,1.61600046762895,0.686099121242749
1722,0.377430853512899,0.64857627417666,0.0907582769919523,1.59864178693553,0.666977163729558
1723,-0.22370765280813,0.402614710092028,-0.0443875087561783,1.59864178693553,0.686099121242749
1724,-0.0024296750212482,0.568804956095158,0.0507090056474829,1.59864178693553,0.666977163729558
1725,-0.0761890009502089,0.548862126574782,0.0237126565609826,1.59864178693553,0.666977163729558
1726,0.152464909429569,0.768233251298914,0.158858442309113,1.58443923000454,0.666977163729558
1727,0.0971454149828487,0.542214516734657,0.0257045746793442,1.61600046762895,0.686099121242749
1728,0.384806786105795,0.525595492134344,0.0216973041118169,1.59864178693553,0.686099121242749
1729,-0.220019686511682,0.302900562490149,-0.124486051445117,1.61600046762895,0.666977163729558
1730,0.252039999433666,0.841356959540292,0.208914172906999,1.58443923000454,0.666977163729558
1731,-0.0393093379857284,0.302900562490149,-0.116471510310063,1.59864178693553,0.666977163729558
1732,-0.0651251020608647,0.309548172330274,-0.112464239742535,1.59864178693553,0.666977163729558
1733,0.0123221901645439,0.356081441211151,-0.0844367801006479,1.59864178693553,0.666977163729558
1734,-0.618320046528069,-0.212289200119555,-0.430866492379929,1.61600046762895,0.666977163729558
1735,-0.149948326879169,0.146681731247207,-0.208591864701584,1.61600046762895,0.666977163729558
1736,-0.149948326879169,0.382671880571652,-0.0804295095331206,1.59864178693553,0.666977163729558
1737,0.196720504986945,0.678490518457224,0.106787359262062,1.59864178693553,0.666977163729558
1738,0.252039999433666,0.698433347977599,0.120801089083006,1.59864178693553,0.666977163729558
1739,-0.253211383179714,0.0237009492048906,-0.272661325120413,1.63020302455994,0.666977163729558
1740,0.0787055835006083,0.499005052773843,0.0056682218417073,1.64598364337215,0.762586951295513
1741,-0.16838815836141,0.339462416610838,-0.0864286982190095,1.64598364337215,0.798918670570576
1742,-0.0835649335431048,0.425881344532466,-0.0283584264860689,1.64598364337215,0.858196738861468
1743,0.178280673504705,0.718376177497975,0.134814818903949,1.63020302455994,0.837162585596958
1744,-0.201579855029442,0.346110026450963,-0.0984505099215916,1.64598364337215,0.818040628083767
1745,0.233600167951425,0.555509736414907,0.0477328456353426,1.64598364337215,0.837162585596958
1746,-0.0688130683573127,0.791499885739353,0.19288509063689,1.63020302455994,0.818040628083767
1747,0.0455138868325761,0.834709349700167,0.216928714042054,1.63020302455994,0.837162585596958
1748,0.100833381279297,0.362729051051276,-0.0804295095331206,1.64598364337215,0.894528458136531
1749,0.108209313872193,0.661871493856911,0.104772006812896,1.64598364337215,0.877318696374659
1750,-0.330658675405123,0.402614710092028,-0.0684076978305383,1.66334232406557,0.877318696374659
1751,0.329487291659074,0.628633444656285,0.0787598996201744,1.64598364337215,0.877318696374659
1752,0.429062381663171,0.921128277621794,0.260985255954051,1.64598364337215,0.894528458136531
1753,-0.142572394286273,0.449147978972904,-0.0343810495027621,1.64598364337215,0.798918670570576
1754,-0.216331720215234,0.356081441211151,-0.09645859180323,1.66334232406557,0.741552798031003
1755,0.126649145354433,0.389319490411777,-0.0744303208472316,1.61600046762895,0.741552798031003
1756,0.462254078331204,0.87791881366098,0.228927091413832,1.63020302455994,0.722430840517812
1757,-0.194203922436546,0.263014903449398,-0.14449896995195,1.63020302455994,0.722430840517812
1758,0.215160336469185,0.612014420055972,0.0507090056474829,1.59864178693553,0.722430840517812
1759,0.477005943516995,0.941071107142169,0.272983633325828,1.59864178693553,0.722430840517812
1760,-0.194203922436546,0.555509736414907,0.033719115814399,1.61600046762895,0.703308883004621
1761,-0.0983167987288969,0.382671880571652,-0.0704230502797042,1.59864178693553,0.703308883004621
1762,-0.0725010346537606,0.512300272454093,0.0076835742908731,1.59864178693553,0.703308883004621
1763,0.307359493880386,0.891214033341231,0.244956173683941,1.59864178693553,0.703308883004621
1764,-0.0577491694679685,0.332814806770713,-0.09645859180323,1.58443923000454,0.703308883004621
1765,0.0086342238680959,0.216481634568522,-0.176557134492169,1.59864178693553,0.703308883004621
1766,-0.256899349476162,0.146681731247207,-0.212599135269111,1.61600046762895,0.703308883004621
1767,-0.282715113551298,0.445824174052841,-0.0323656970535962,1.58443923000454,0.686099121242749
1768,0.24466406684077,0.412586124852215,-0.0483947793237058,1.58443923000454,0.686099121242749
1769,-0.0688130683573127,-0.0760131983969878,-0.338746137988408,1.59864178693553,0.666977163729558
1770,-0.29746697873709,0.0303485590450157,-0.280675866255468,1.58443923000454,0.703308883004621
1771,-0.124132562804033,0.17659597552777,-0.186563593745585,1.56708054931111,0.703308883004621
1772,-0.0725010346537606,0.153329341087332,-0.208591864701584,1.61600046762895,0.686099121242749
1773,0.347927123141315,0.605366810215847,0.0547162762150102,1.59864178693553,0.666977163729558
1774,-0.20526782132589,0.0968246574462675,-0.234627406225109,1.59864178693553,0.686099121242749
1775,0.0639537183148161,0.562157346255032,0.0437255750678152,1.56708054931111,0.666977163729558
1776,-0.323282742812227,0.854652179220542,0.22693517329547,1.56708054931111,0.666977163729558
1777,0.35530305573421,0.984280571102984,0.299019174849354,1.58443923000454,0.686099121242749
1778,0.141401010540225,0.728347592258163,0.140837441920642,1.58443923000454,0.666977163729558
1779,0.207784403876289,1.13717559742586,0.411175882078512,1.58443923000454,0.686099121242749
1780,0.654028325746501,1.23688974502774,0.639449698442747,1.58443923000454,0.722430840517812
1781,0.547077303149508,1.23688974502774,0.671484428652162,1.58443923000454,0.798918670570576
1782,0.484381876109891,1.15711842694624,0.427181530017818,1.59864178693553,0.837162585596958
1783,-0.0208695065034883,1.11390896298543,0.397138717926764,1.58443923000454,0.858196738861468
1784,0.978569359833927,1.30004203850893,1.19517141913482,1.61600046762895,0.877318696374659
1785,1.07076851724513,1.18038506138668,0.629443239189331,1.61600046762895,0.877318696374659
1786,0.779419179825734,1.27345159914843,1.0589945228313,1.61600046762895,0.798918670570576
1787,0.587644932410436,1.28674681882868,0.99492506241247,1.63020302455994,0.762586951295513
1788,0.517573572777923,1.26348018438824,0.723555511699213,1.61600046762895,0.818040628083767
1789,0.801546977604422,1.23688974502774,1.01093071035178,1.64598364337215,0.837162585596958
1790,0.145088976836673,1.05075666950424,0.351090257896406,1.63020302455994,0.781708908808704
1791,0.181968639801153,1.22027072042743,0.445202530406288,1.64598364337215,0.781708908808704
1792,0.904810033904967,1.27345159914843,0.820690812882844,1.63020302455994,0.798918670570576
1793,0.366366954623555,0.984280571102984,0.303026445416882,1.63020302455994,0.762586951295513
1794,0.218848302765634,0.612014420055972,0.0667380879175923,1.61600046762895,0.741552798031003
1795,-0.0503732368750726,0.419233734692341,-0.0524020498912331,1.63020302455994,0.722430840517812
1796,0.178280673504705,0.226453049328709,-0.164535322789587,1.63020302455994,0.722430840517812
1797,-0.0282454390963846,0.605366810215847,0.0587235467825376,1.63020302455994,0.722430840517812
1798,0.392182718698691,0.854652179220542,0.210906091025361,1.63020302455994,0.722430840517812
1799,0.783107146122182,0.927775887461919,0.252970714818996,1.61600046762895,0.722430840517812
1800,0.421686449070275,0.754938031618664,0.162865712876641,1.63020302455994,0.722430840517812
1801,-0.0282454390963846,0.582100175775408,0.0467017350799554,1.63020302455994,0.722430840517812
1802,0.277855763508802,1.08399471870486,0.375110446970766,1.59864178693553,0.722430840517812
1803,0.395870684995139,0.927775887461919,0.256977985386523,1.61600046762895,0.741552798031003
1804,0.469630010924099,0.86462359398073,0.20291498422111,1.63020302455994,0.722430840517812
1805,0.141401010540225,0.784852275899227,0.172872172130057,1.61600046762895,0.722430840517812
1806,0.0307620216467839,0.748290421778539,0.154851171741586,1.63020302455994,0.722430840517812
1807,0.661404258339397,1.24353735486787,0.447217882855454,1.61600046762895,0.722430840517812
1808,0.285231696101698,1.25018496470799,0.445202530406288,1.61600046762895,0.722430840517812
1809,0.122961179057985,0.884566423501105,0.238956984998052,1.59864178693553,0.722430840517812
1810,0.539701370556612,1.00754720554342,0.305041797866048,1.58443923000454,0.722430840517812
1811,1.2219751353995,1.22359452534749,1.02695979262188,1.58443923000454,0.722430840517812
1812,0.5618291683353,1.08399471870486,0.335061175626296,1.56708054931111,0.722430840517812
1813,0.838426640568902,1.26348018438824,0.579364074260641,1.58443923000454,0.722430840517812
1814,1.17771953984212,1.12720418266568,0.383124988105821,1.59864178693553,0.722430840517812
1815,0.24466406684077,1.18038506138668,0.447217882855454,1.59864178693553,0.722430840517812
1816,0.606084763892676,1.28674681882868,1.16913587761129,1.58443923000454,0.722430840517812
1817,0.395870684995139,1.26348018438824,1.15310679534118,1.59864178693553,0.722430840517812
1818,0.580268999817541,1.22359452534749,0.429196882466983,1.59864178693553,0.722430840517812
1819,0.713035786489669,1.28009920898856,1.20918514895576,1.58443923000454,0.722430840517812
1820,0.211472370172737,0.977632961262859,0.295011904281827,1.58443923000454,0.722430840517812
1821,0.856866472051143,1.27345159914843,0.6694925105338,1.59864178693553,0.741552798031003
1822,0.266791864619458,0.857975984140604,0.22693517329547,1.58443923000454,0.722430840517812
1823,0.111897280168641,0.821414130019916,0.204906902339472,1.59864178693553,0.722430840517812
1824,0.222536269062082,1.08399471870486,0.369111258284877,1.59864178693553,0.703308883004621
1825,-0.290091046144195,0.382671880571652,-0.064400427263011,1.59864178693553,0.722430840517812
1826,-0.18682798984365,0.784852275899227,0.172872172130057,1.58443923000454,0.722430840517812
1827,-0.367538338369603,0.0469675836453289,-0.250633054164415,1.59864178693553,0.703308883004621
1828,-0.179452057250753,0.512300272454093,0.0116908448584005,1.61600046762895,0.703308883004621
1829,0.296295594991042,0.548862126574782,0.0377263863819263,1.55129993049891,0.703308883004621
1830,0.834738674272454,0.685138128297349,0.0867510064244248,1.56708054931111,0.703308883004621
1831,-0.0319334053928325,0.455795588813029,-0.0243511559185416,1.58443923000454,0.703308883004621
1832,-0.0098056076141441,0.598719200375722,0.062730817350065,1.56708054931111,0.703308883004621
1833,0.727787651675461,0.990928180943109,0.307033715984409,1.56708054931111,0.703308883004621
1834,-0.0393093379857284,0.582100175775408,0.0487170875291212,1.56708054931111,0.703308883004621
1835,0.126649145354433,0.854652179220542,0.208914172906999,1.56708054931111,0.703308883004621
1836,0.384806786105795,1.13717559742586,0.411175882078512,1.55129993049891,0.762586951295513
1837,0.141401010540225,0.854652179220542,0.216928714042054,1.56708054931111,0.818040628083767
1838,0.517573572777923,1.15047081710611,0.39915407037593,1.59864178693553,0.837162585596958
1839,0.388494752402243,1.22359452534749,0.455208989659705,1.58443923000454,0.858196738861468
1840,0.5618291683353,0.489033638013656,-0.0083455079792362,1.59864178693553,0.858196738861468
1841,-0.157324259472065,0.445824174052841,-0.040380238188651,1.59864178693553,0.894528458136531
1842,0.163528808318913,0.628633444656285,0.080751817738536,1.61600046762895,0.894528458136531
1843,-0.275339180958402,0.289605342809899,-0.130485240131006,1.61600046762895,0.913650415649722
1844,0.170904740911809,0.518947882294219,0.0136827629767621,1.59864178693553,0.894528458136531
1845,-0.18682798984365,0.103472267286393,-0.238634676792637,1.64598364337215,0.913650415649722
1846,0.325799325362626,0.425881344532466,-0.0503866974420673,1.63020302455994,0.913650415649722
1847,0.207784403876289,0.518947882294219,0.0056682218417073,1.63020302455994,0.894528458136531
1848,-0.459737495780804,0.233100659168834,-0.158536134103698,1.58443923000454,0.818040628083767
1849,-0.0540612031715205,0.449147978972904,-0.0363729676211237,1.56708054931111,0.781708908808704
1850,0.329487291659074,1.10061374330517,0.39915407037593,1.55129993049891,0.762586951295513
1851,0.617148662782021,0.964337741582607,0.268976362758301,1.51973869287449,0.741552798031003
1852,0.233600167951425,0.811442715259728,0.184870549501835,1.51973869287449,0.722430840517812
1853,-0.474489360966596,0.449147978972904,-0.0243511559185416,1.51973869287449,0.722430840517812
1854,-0.382290203555395,0.661871493856911,0.0947655475594797,1.47239683643787,0.703308883004621
1855,0.344239156844867,1.04078525474405,0.323062798254519,1.48817745525008,0.703308883004621
1856,0.255727965730114,0.568804956095158,0.0257045746793442,1.47239683643787,0.703308883004621
1857,-0.267963248365506,0.0835294377660174,-0.254640324731942,1.48817745525008,0.703308883004621
1858,0.0196981227574401,0.718376177497975,0.118809170964644,1.48817745525008,0.686099121242749
1859,0.856866472051143,1.1870326712268,0.411175882078512,1.47239683643787,0.703308883004621
1860,0.329487291659074,0.891214033341231,0.258969903504885,1.44241366069468,0.703308883004621
1861,0.0860815160935045,1.06405188918449,0.339068446193824,1.47239683643787,0.686099121242749
1862,-0.312218843922883,0.159976950927457,-0.210583782819945,1.48817745525008,0.703308883004621
1863,-0.120444596507585,0.871271203820855,0.230942443862998,1.47239683643787,0.703308883004621
1864,-0.094628832432449,0.625309639736222,0.0927736294411181,1.47239683643787,0.686099121242749
1865,0.0381379542396802,1.02084242522367,0.331053905058769,1.47239683643787,0.686099121242749
1866,0.193032538690497,0.568804956095158,0.0417336569494537,1.47239683643787,0.666977163729558
1867,-0.0503732368750726,0.784852275899227,0.158858442309113,1.45819427950689,0.666977163729558
1868,0.499133741295684,0.921128277621794,0.238956984998052,1.44241366069468,0.666977163729558
1869,0.027074055350336,0.907833057941544,0.252970714818996,1.42505498000125,0.666977163729558
1870,0.631900527967812,1.24353735486787,0.493266342885813,1.42505498000125,0.666977163729558
1871,0.392182718698691,1.22359452534749,0.431188800585345,1.40927436118905,0.645943010465048
1872,0.425374415366723,1.20032789090705,0.427181530017818,1.40927436118905,0.666977163729558
1873,0.731475617971909,1.25018496470799,0.713549052445797,1.39349374237684,0.666977163729558
1874,0.134025077947329,1.13717559742586,0.393131447359237,1.40927436118905,0.666977163729558
1875,0.22622423535853,1.19368028106693,0.437187989271234,1.37929118544585,0.645943010465048
1876,0.491757808702788,1.01419481538355,0.30103452729852,1.37929118544585,0.626821052951856
1877,0.679844089821637,1.24353735486787,0.56134307387217,1.37929118544585,0.666977163729558
1878,0.672468157228741,1.1338517925058,0.39915407037593,1.37929118544585,0.645943010465048
1879,0.52494950537082,1.25018496470799,0.737569241520157,1.36351056663365,0.626821052951856
1880,0.340551190548418,0.970985351422734,0.276990903893356,1.36351056663365,0.626821052951856
1881,0.484381876109891,1.27345159914843,0.798662541926846,1.36351056663365,0.626821052951856
1882,0.853178505754694,1.10061374330517,0.383124988105821,1.34615188594022,0.626821052951856
1883,0.170904740911809,0.957690131742482,0.280998174460883,1.34615188594022,0.626821052951856
1884,0.410622550180931,1.13717559742586,0.39915407037593,1.34615188594022,0.607699095438665
1885,0.399558651291587,0.970985351422734,0.293019986163465,1.34615188594022,0.626821052951856
1886,0.495445774999236,1.11390896298543,0.375110446970766,1.33037126712801,0.626821052951856
1887,-0.183140023547202,0.40593851501209,-0.0483947793237058,1.36351056663365,0.626821052951856
1888,0.211472370172737,0.721699982418038,0.142829360039004,1.36351056663365,0.626821052951856
1889,0.248352033137218,0.721699982418038,0.130807548336422,1.34615188594022,0.607699095438665
1890,0.513885606481476,1.25018496470799,0.489259072318285,1.3145906483158,0.626821052951856
1891,0.0381379542396802,0.64857627417666,0.0787598996201744,1.33037126712801,0.703308883004621
1892,0.956441562055239,1.22027072042743,0.796670623808484,1.33037126712801,0.762586951295513
1893,0.148776943133121,0.828061739860041,0.208914172906999,1.33037126712801,0.781708908808704
1894,-0.183140023547202,0.412586124852215,-0.0363729676211237,1.36351056663365,0.798918670570576
1895,0.163528808318913,0.828061739860041,0.204906902339472,1.36351056663365,0.798918670570576
1896,0.764667314639942,1.28009920898856,0.758613270582376,1.33037126712801,0.818040628083767
1897,0.0860815160935045,1.0274900350638,0.331053905058769,1.33037126712801,0.818040628083767
1898,0.502821707592132,1.17041364662649,0.417175070764401,1.33037126712801,0.818040628083767
1899,0.919561899090759,1.25018496470799,0.665485239966273,1.3145906483158,0.722430840517812
1900,0.274167797212354,1.17706125646661,0.431188800585345,1.30038809138482,0.703308883004621
1901,0.0086342238680959,1.04078525474405,0.333069257507935,1.3145906483158,0.762586951295513
1902,0.572893067224644,1.30004203850893,0.683506240354744,1.28460747257261,0.781708908808704
1903,0.812610876493766,1.28674681882868,0.946861249932946,0.793830227512981,0.703308883004621
1904,0.735163584268358,1.32330867294937,1.19315606668565,0.779627670581995,0.666977163729558
1905,0.967505460944583,1.28674681882868,1.07701552321977,0.779627670581995,0.645943010465048
1906,0.908498000201415,1.23024213518762,0.697519970175687,0.762268989888568,0.626821052951856
1907,0.314735426473282,1.06405188918449,0.345091069210517,0.762268989888568,0.626821052951856
1908,0.35530305573421,1.23024213518762,0.619436779935914,0.732285814145375,0.607699095438665
1909,0.377430853512899,1.14382320726599,0.413167800196874,0.732285814145375,0.607699095438665
1910,0.255727965730114,1.27345159914843,0.461231612676398,0.762268989888568,0.590489333676793
1911,0.222536269062082,1.15047081710611,0.411175882078512,0.746488371076361,0.590489333676793
1912,0.742539516861254,1.28009920898856,0.872761895929896,0.732285814145375,0.607699095438665
1913,0.720411719082565,1.25683257454812,0.844734436288009,0.714927133451948,0.571367376163602
1914,0.237288134247874,1.26348018438824,0.493266342885813,0.714927133451948,0.571367376163602
1915,-0.094628832432449,0.628633444656285,0.062730817350065,0.732285814145375,0.590489333676793
1916,0.399558651291587,1.18038506138668,0.421182341331928,0.714927133451948,0.590489333676793
1917,0.274167797212354,0.964337741582607,0.285005445028411,0.732285814145375,0.571367376163602
1918,0.373742887216451,0.811442715259728,0.196892361204417,0.732285814145375,0.550333222899092
1919,-0.142572394286273,0.189891195208021,-0.19457813488064,0.732285814145375,0.550333222899092
1920,0.0823935497970565,0.834709349700167,0.210906091025361,0.732285814145375,0.531211265385901
1921,0.513885606481476,0.728347592258163,0.148828548724893,0.714927133451948,0.550333222899092
1922,-0.18682798984365,-0.125870272197927,-0.376803491214516,0.762268989888568,0.531211265385901
1923,-0.0577491694679685,0.525595492134344,0.0216973041118169,0.714927133451948,0.550333222899092
1924,0.122961179057985,0.655223884016786,0.0927736294411181,0.714927133451948,0.550333222899092
1925,-0.633071911713861,-0.205641590279429,-0.408838221423931,0.700724576520961,0.531211265385901
1926,-0.164700192064961,0.568804956095158,0.0397183045002879,0.588682182954294,0.531211265385901
1927,0.303671527583938,0.834709349700167,0.200899631771944,0.50977908889326,0.531211265385901
1928,-0.267963248365506,0.183243585367896,-0.184548241296419,0.495576531962274,0.531211265385901
1929,0.108209313872193,0.598719200375722,0.0507090056474829,0.478217851268846,0.531211265385901
1930,0.384806786105795,0.661871493856911,0.0827437358568976,0.46401529433786,0.531211265385901
1931,0.0971454149828487,0.282957732969774,-0.136507863147699,0.478217851268846,0.51208930787271
1932,0.126649145354433,0.389319490411777,-0.0804295095331206,0.46401529433786,0.51208930787271
1933,0.425374415366723,1.08731852362492,0.361096717149822,0.446656613644433,0.51208930787271
1934,0.130337111650881,0.462443198653155,-0.0243511559185416,0.446656613644433,0.51208930787271
1935,0.0381379542396802,0.203186414888271,-0.172549863924642,0.446656613644433,0.51208930787271
1936,-0.16838815836141,0.309548172330274,-0.100442428039953,0.446656613644433,0.51208930787271
1937,-0.0208695065034883,0.605366810215847,0.0607154649008991,0.430875994832226,0.51208930787271
1938,0.665092224635845,1.20697550074718,0.429196882466983,0.41667343790124,0.51208930787271
1939,0.174592707208257,0.834709349700167,0.208914172906999,0.430875994832226,0.51208930787271
1940,-0.0725010346537606,0.153329341087332,-0.204584594134056,0.41667343790124,0.51208930787271
1941,0.229912201654977,0.941071107142169,0.2910046337143,0.41667343790124,0.531211265385901
1942,-0.308530877626435,0.542214516734657,0.0276964927977058,0.41667343790124,0.590489333676793
1943,-0.0098056076141441,0.841356959540292,0.212921443474526,0.41667343790124,0.626821052951856
1944,0.547077303149508,1.23688974502774,0.519301884409338,0.430875994832226,0.703308883004621
1945,0.0049462575716479,0.302900562490149,-0.114479592191701,0.430875994832226,0.703308883004621
1946,0.738851550564806,1.15047081710611,0.409160529629346,0.41667343790124,0.722430840517812
1947,0.252039999433666,0.941071107142169,0.268976362758301,0.41667343790124,0.722430840517812
1948,0.0528898194254723,0.734995202098288,0.140837441920642,0.41667343790124,0.741552798031003
1949,0.0602657520183682,0.518947882294219,0.0096754924092347,0.430875994832226,0.741552798031003
1950,0.602396797596228,1.11390896298543,0.345091069210517,0.41667343790124,0.741552798031003
1951,0.370054920920003,0.81476652017979,0.180886713265112,0.385112200276826,0.722430840517812
1952,0.395870684995139,0.947718716982295,0.256977985386523,0.41667343790124,0.626821052951856
1953,0.480693909813443,0.821414130019916,0.194900443086056,0.41667343790124,0.666977163729558
1954,0.0750176172041603,0.934423497302044,0.285005445028411,0.399314757207812,0.686099121242749
1955,0.779419179825734,0.804795105419603,0.16886490156253,0.399314757207812,0.626821052951856
1956,0.255727965730114,0.934423497302044,0.256977985386523,0.385112200276826,0.571367376163602
1957,-0.113068663914689,0.339462416610838,-0.102457780489119,0.385112200276826,0.531211265385901
1958,0.0934574486864004,0.754938031618664,0.166849549113364,0.385112200276826,0.531211265385901
1959,0.119273212761537,0.927775887461919,0.248963444251468,0.367753519583399,0.531211265385901
1960,0.248352033137218,0.728347592258163,0.140837441920642,0.367753519583399,0.531211265385901
1961,0.285231696101698,1.06405188918449,0.361096717149822,0.367753519583399,0.51208930787271
1962,0.0971454149828487,0.834709349700167,0.200899631771944,0.367753519583399,0.51208930787271
1963,0.218848302765634,1.1870326712268,0.427181530017818,0.351972900771192,0.51208930787271
1964,0.023386089053888,0.754938031618664,0.148828548724893,0.351972900771192,0.51208930787271
1965,0.358991022030659,1.06405188918449,0.353082176014768,0.351972900771192,0.494879546110838
1966,0.229912201654977,0.857975984140604,0.212921443474526,0.337770343840206,0.494879546110838
1967,0.185656606097601,1.12720418266568,0.407168611510985,0.337770343840206,0.475757588597647
1968,0.0307620216467839,0.914480667781669,0.24296425556558,0.337770343840206,0.494879546110838
1969,0.325799325362626,1.26348018438824,0.56134307387217,0.320411663146778,0.494879546110838
1970,-0.404418001334083,0.575452565935283,0.0487170875291212,0.337770343840206,0.475757588597647
1971,0.80523494390087,1.23024213518762,0.619436779935914,0.320411663146778,0.475757588597647
1972,0.170904740911809,1.09396613346505,0.383124988105821,0.306209106215792,0.475757588597647
1973,0.204096437579841,0.675166713537161,0.102780088694534,0.337770343840206,0.475757588597647
1974,0.193032538690497,0.884566423501105,0.254962632937358,0.337770343840206,0.475757588597647
1975,0.222536269062082,0.46909080849328,-0.0203438853510141,0.337770343840206,0.435601477819946
1976,0.587644932410436,1.23024213518762,0.569357615007224,0.337770343840206,0.454723435333137
1977,0.340551190548418,1.22027072042743,0.441195259838761,0.306209106215792,0.435601477819946
1978,0.731475617971909,1.07734710886474,0.34108379864299,0.320411663146778,0.435601477819946
1979,0.794171045011526,1.28674681882868,1.13909306552024,0.306209106215792,0.454723435333137
1980,1.14083987687764,1.28674681882868,1.15512214779035,0.288850425522365,0.435601477819946
1981,0.926937831683655,1.23024213518762,0.982903250709888,0.288850425522365,0.435601477819946
1982,0.528637471667268,1.24353735486787,0.61142223880086,0.288850425522365,0.435601477819946
1983,0.893746135015623,1.29339442866881,1.05097998169624,0.288850425522365,0.435601477819946
1984,0.797859011307974,1.25018496470799,1.04697271112872,0.273069806710158,0.435601477819946
1985,0.934313764276551,1.30668964834906,1.28729177352634,0.288850425522365,0.435601477819946
1986,1.14083987687764,1.27345159914843,1.27726187994212,0.288850425522365,0.435601477819946
1987,0.731475617971909,1.25683257454812,0.89680551933506,0.273069806710158,0.435601477819946
1988,0.465942044627652,1.28674681882868,0.796670623808484,0.288850425522365,0.435601477819946
1989,0.930625797980103,1.24353735486787,1.23320533803012,0.273069806710158,0.435601477819946
1990,0.679844089821637,1.23688974502774,0.928840249544475,0.273069806710158,0.416479520306755
1991,0.631900527967812,1.23688974502774,0.766627811717431,0.273069806710158,0.435601477819946
1992,0.845802573161798,1.28009920898856,0.856732813659786,0.288850425522365,0.416479520306755
1993,0.344239156844867,1.25683257454812,0.627427886740165,0.273069806710158,0.435601477819946
1994,0.875306303533382,1.25683257454812,0.962866897872251,0.258867249779172,0.435601477819946
1995,-0.0356213716892805,0.705080957817724,0.126800277768894,0.273069806710158,0.416479520306755
1996,0.421686449070275,1.23024213518762,0.860740084227314,0.288850425522365,0.416479520306755
1997,0.882682236126278,1.28674681882868,1.06900098208472,0.273069806710158,0.416479520306755
1998,0.617148662782021,1.23688974502774,0.519301884409338,0.258867249779172,0.435601477819946
1999,1.18878343873146,1.25018496470799,0.976904062023999,0.258867249779172,0.416479520306755
2000,1.03388885428065,1.25018496470799,1.07502360510141,0.258867249779172,0.416479520306755
2001,1.44325311318638,1.29339442866881,1.62669118656434,0.258867249779172,0.416479520306755
2002,1.03388885428065,1.26348018438824,1.08903733492235,0.258867249779172,0.416479520306755
2003,0.709347820193221,1.22359452534749,0.992909709963304,0.258867249779172,0.416479520306755
2004,1.45062904577927,1.25018496470799,1.70678972925328,0.258867249779172,0.416479520306755
2005,1.07814444983802,1.28674681882868,1.41641493625778,0.258867249779172,0.416479520306755
2006,1.70509872023419,1.28009920898856,1.73481718889517,0.258867249779172,0.416479520306755
2007,1.33999005688583,1.27345159914843,1.44446583023047,0.241508569085744,0.416479520306755
2008,1.05601665205934,1.33660389262962,1.36635920565989,0.258867249779172,0.397357562793564
2009,1.16665564095278,1.20697550074718,0.870769977811534,0.258867249779172,0.416479520306755
2010,0.329487291659074,1.25683257454812,0.880776437064951,0.258867249779172,0.397357562793564
2011,0.886370202422726,1.24353735486787,1.24323523161434,0.258867249779172,0.416479520306755
2012,0.587644932410436,1.25018496470799,1.03898160432447,0.241508569085744,0.397357562793564
2013,0.738851550564806,1.25018496470799,0.992909709963304,0.258867249779172,0.397357562793564
2014,0.864242404644039,1.23688974502774,0.932847520112002,0.258867249779172,0.416479520306755
2015,0.59870883129978,1.28009920898856,1.0589945228313,0.258867249779172,0.397357562793564
2016,0.454878145738307,1.25018496470799,0.888790978200005,0.258867249779172,0.397357562793564
2017,0.716723752786117,1.28674681882868,1.0810227937873,0.258867249779172,0.397357562793564
2018,0.565517134631748,1.25683257454812,0.721563593580852,0.288850425522365,0.397357562793564
2019,0.620836629078469,1.27345159914843,0.61142223880086,0.258867249779172,0.397357562793564
2020,0.381118819809347,1.27345159914843,0.63544242787522,0.258867249779172,0.416479520306755
2021,0.480693909813443,1.26348018438824,0.517286531960173,0.258867249779172,0.380147801031692
2022,0.724099685379013,1.27345159914843,0.685498158473105,0.258867249779172,0.397357562793564
2023,0.602396797596228,1.28009920898856,0.721563593580852,0.273069806710158,0.380147801031692
2024,0.252039999433666,1.25683257454812,0.5212938025277,0.258867249779172,0.397357562793564
2025,0.462254078331204,1.22027072042743,0.539314802916171,0.258867249779172,0.380147801031692
2026,0.100833381279297,1.17706125646661,0.431188800585345,0.258867249779172,0.380147801031692
2027,0.373742887216451,1.29339442866881,0.784648812105902,0.258867249779172,0.380147801031692
2028,0.82367477538311,1.25018496470799,0.681514322236382,0.258867249779172,0.380147801031692
2029,0.838426640568902,1.22359452534749,0.864747354794841,0.258867249779172,0.397357562793564
2030,1.3141742928107,1.32995628278949,1.63069845713187,0.241508569085744,0.380147801031692
2031,1.39530955133255,1.25683257454812,1.6727396465947,0.227306012154758,0.380147801031692
2032,1.20353530391726,1.27345159914843,1.74083981191186,0.227306012154758,0.380147801031692
2033,0.797859011307974,1.22359452534749,1.09102925304071,0.227306012154758,0.380147801031692
2034,1.15559174206343,1.27345159914843,1.31932650373575,0.227306012154758,0.359113647767181
2035,0.33686322425197,1.26348018438824,1.04898806357788,0.227306012154758,0.359113647767181
2036,1.1150241128025,1.25683257454812,1.31531923316823,0.209947331461331,0.380147801031692
2037,0.646652393153605,1.24353735486787,1.05498725226377,0.227306012154758,0.380147801031692
2038,1.44694107948283,1.27345159914843,1.5906491857874,0.209947331461331,0.359113647767181
2039,0.919561899090759,1.27345159914843,1.39438666530178,0.209947331461331,0.380147801031692
2040,1.17771953984212,1.28009920898856,1.70477437680412,0.209947331461331,0.380147801031692
2041,0.926937831683655,1.24353735486787,1.34936931582681,0.194166712649124,0.301747775227608
2042,0.587644932410436,1.26348018438824,1.03295898130777,0.194166712649124,0.284538013465736
2043,0.882682236126278,1.19368028106693,0.856732813659786,0.179964155718138,0.263503860201226
2044,1.16665564095278,1.25018496470799,1.17513506629718,0.194166712649124,0.246294098439354
2045,0.801546977604422,1.25683257454812,1.2672554206887,0.179964155718138,0.246294098439354
2046,0.775731213529286,1.28009920898856,1.31731115128659,0.179964155718138,0.246294098439354
2047,0.919561899090759,1.24353735486787,1.17715041874635,0.179964155718138,0.225259945174844
2048,0.576581033521092,1.22359452534749,0.874777248379062,0.179964155718138,0.225259945174844
2049,1.07445648354158,1.25683257454812,0.864747354794841,0.179964155718138,0.225259945174844
2050,1.09289631502382,1.24353735486787,1.22120696065834,0.179964155718138,0.225259945174844
2051,0.499133741295684,1.28009920898856,0.615429509368387,0.162605475024711,0.225259945174844
2052,0.565517134631748,1.25018496470799,0.888790978200005,0.179964155718138,0.206137987661653
2053,0.384806786105795,1.23024213518762,0.699535322624853,0.179964155718138,0.320869732740799
2054,0.417998482773827,1.26348018438824,0.529308343662755,0.179964155718138,0.416479520306755
2055,-0.0134935739105924,0.721699982418038,0.146836630606531,0.209947331461331,0.435601477819946
2056,0.115585246465089,0.841356959540292,0.234949714430525,0.179964155718138,0.475757588597647
2057,0.399558651291587,1.05075666950424,0.347082987328878,0.179964155718138,0.475757588597647
2058,0.145088976836673,0.914480667781669,0.256977985386523,0.179964155718138,0.475757588597647
2059,-0.0171815402070404,0.71172856765785,0.130807548336422,0.179964155718138,0.494879546110838
2060,0.451190179441859,1.09396613346505,0.337076528075462,0.179964155718138,0.51208930787271
2061,0.207784403876289,1.1338517925058,0.379117717538293,0.179964155718138,0.531211265385901
2062,0.277855763508802,1.17041364662649,0.407168611510985,0.179964155718138,0.435601477819946
2063,0.642964426857157,1.26348018438824,0.878761084615785,0.179964155718138,0.416479520306755
2064,0.381118819809347,1.24353735486787,0.431188800585345,0.179964155718138,0.435601477819946
2065,0.554453235742404,1.24353735486787,0.782656893987541,0.179964155718138,0.416479520306755
2066,0.24466406684077,0.841356959540292,0.198907713653583,0.162605475024711,0.380147801031692
2067,0.24466406684077,0.86462359398073,0.20291498422111,0.148402918093724,0.341903886005309
2068,0.0123221901645439,0.891214033341231,0.232934361981359,0.148402918093724,0.341903886005309
2069,0.347927123141315,1.22027072042743,0.433204153034511,0.148402918093724,0.341903886005309
2070,0.901122067608519,1.15047081710611,0.387132258673348,0.148402918093724,0.341903886005309
2071,-0.0761890009502089,1.07069949902461,0.367119340166515,0.131044237400297,0.320869732740799
2072,0.248352033137218,0.705080957817724,0.110794629829589,0.131044237400297,0.320869732740799
2073,0.395870684995139,0.970985351422734,0.280998174460883,0.131044237400297,0.320869732740799
2074,0.218848302765634,0.914480667781669,0.246948091802303,0.131044237400297,0.320869732740799
2075,0.52494950537082,1.25683257454812,0.737569241520157,0.131044237400297,0.320869732740799
2076,0.288919662398146,0.259691098529335,-0.14449896995195,-0.246112552211445,0.0550745233074434
2077,-0.238459517993922,0.0037581196845148,-0.298696866643939,-0.246112552211445,0.0550745233074434
2078,-0.496617158745284,-0.102603637757489,-0.338746137988408,-0.263471232904872,0.0340403700429334
2079,-0.124132562804033,-0.125870272197927,-0.360774408944407,-0.263471232904872,0.0340403700429334
2080,-0.419169866519875,0.123415096806768,-0.224620946971693,-0.263471232904872,0.0340403700429334
2081,-0.194203922436546,0.0669104131657041,-0.258647595299469,-0.263471232904872,0.0149184125297424
2082,0.0344499879432322,0.525595492134344,0.0136827629767621,-0.263471232904872,0.0340403700429334
2083,0.0344499879432322,0.123415096806768,-0.230620135657582,-0.263471232904872,0.0340403700429334
2084,-0.334346641701571,-0.125870272197927,-0.356767138376879,-0.263471232904872,0.0149184125297424
2085,-0.304842911329987,-0.21893680995968,-0.416852762558986,-0.246112552211445,0.0933184383338258
2086,-0.356474439480259,-0.21893680995968,-0.418844680677347,-0.263471232904872,0.129650157608889
2087,-0.231083585401026,-0.285412908360932,-0.450902845217566,-0.263471232904872,0.188928225899781
2088,-0.0466852705786246,-0.0760131983969878,-0.328739678734992,-0.279251851717079,0.206137987661653
2089,-0.326970709108675,0.053615193485454,-0.258647595299469,-0.279251851717079,0.206137987661653
2090,-0.183140023547202,-0.0195085147559235,-0.300712219093105,-0.246112552211445,0.225259945174844
2091,-0.334346641701571,-0.112575052517676,-0.356767138376879,-0.263471232904872,0.225259945174844
2092,-0.404418001334083,-0.298708128041182,-0.482937575426981,-0.263471232904872,0.225259945174844
2093,-0.618320046528069,-0.38512705596281,-0.510965035068868,-0.279251851717079,0.246294098439354
2094,-0.18682798984365,-0.318650957561558,-0.474923034291926,-0.246112552211445,0.246294098439354
2095,-0.400730035037635,-0.504784033085064,-0.56303611811592,-0.279251851717079,0.246294098439354
2096,-0.618320046528069,-0.607821985607005,-0.613091848713806,-0.279251851717079,0.263503860201226
2097,-0.382290203555395,-0.651031449567819,-0.62110638984886,-0.293454408648065,0.284538013465736
2098,-0.212643753918786,-0.634412424967505,-0.617099119281333,-0.279251851717079,0.263503860201226
2099,-0.142572394286273,-0.39842227564306,-0.520971494322285,-0.279251851717079,0.246294098439354
2100,-0.135196461693377,-0.15578451647849,-0.400823680288876,-0.293454408648065,0.246294098439354
2101,0.0196981227574401,-0.119222662357801,-0.372796220646989,-0.279251851717079,0.150684310873399
2102,-0.102004765025345,-0.205641590279429,-0.410853573873097,-0.279251851717079,0.0933184383338258
2103,-0.197891888732994,-0.298708128041182,-0.474923034291926,-0.263471232904872,0.0722842850693154
2104,-0.397042068741187,-0.242203444400118,-0.444880222200873,-0.279251851717079,0.0550745233074434
2105,-0.153636293175617,-0.328622372321746,-0.490952116562036,-0.279251851717079,0.0340403700429334
2106,-0.474489360966596,-0.607821985607005,-0.613091848713806,-0.279251851717079,0.0149184125297424
2107,-0.563000552081348,-1.16622121217752,-0.785310745794266,-0.293454408648065,0.0149184125297424
2108,-0.824846159129158,-1.15292599249727,-0.815048911584863,-0.293454408648065,-0.0022913492321295
2109,-0.651511743196101,-1.1595736023374,-0.811041641017336,-0.293454408648065,-0.0022913492321295
2110,-0.563000552081348,-1.12301174821671,-0.811041641017336,-0.293454408648065,0.0149184125297424
2111,-0.378602237258947,-1.13630696789696,-0.819056182152391,-0.279251851717079,-0.0022913492321295
2112,-0.352786473183811,-1.16622121217752,-0.769281663524156,-0.293454408648065,-0.0022913492321295
2113,-0.330658675405123,-1.17286882201765,-0.777296204659211,-0.293454408648065,0.0149184125297424
2114,-0.0688130683573127,-1.12301174821671,-0.761290556719906,-0.293454408648065,0.0933184383338258
2115,-0.0577491694679685,-1.14960218757721,-0.765274392956629,-0.310813089341493,0.110528200095698
2116,-0.231083585401026,-1.1595736023374,-0.775304286540849,-0.310813089341493,0.129650157608889
2117,-0.0651251020608647,-1.16622121217752,-0.789318016361793,-0.310813089341493,0.129650157608889
2118,-0.0688130683573127,-1.1595736023374,-0.82505537083828,-0.325015646272479,0.129650157608889
2119,-0.27902714725485,-1.17951643185777,-0.839092534990028,-0.325015646272479,0.129650157608889
2120,-0.393354102444739,-1.17286882201765,-0.887132913138747,-0.325015646272479,0.150684310873399
2121,-0.290091046144195,-1.17286882201765,-0.871127265199442,-0.325015646272479,0.150684310873399
2122,-0.441297664298563,-1.1861640416979,-0.905153913527219,-0.342374326965906,0.129650157608889
2123,-0.644135810603205,-1.13630696789696,-0.885140995020386,-0.342374326965906,0.129650157608889
2124,-0.787966496164678,-1.13630696789696,-0.909161184094746,-0.342374326965906,0.167894072635271
2125,-0.754774799496646,-1.17951643185777,-0.937212078067437,-0.342374326965906,0.188928225899781
2126,-0.208955787622338,-1.15292599249727,-0.869111912750276,-0.358154945778113,0.188928225899781
2127,-0.651511743196101,-1.16622121217752,-0.88312564257122,-0.358154945778113,0.188928225899781
2128,-0.459737495780804,-1.17951643185777,-0.887132913138747,-0.372357502709099,0.150684310873399
2129,-0.301154945033538,-1.17286882201765,-0.87513453576697,-0.372357502709099,0.129650157608889
2130,-0.44867359689146,-1.1861640416979,-0.909161184094746,-0.389716183402526,0.110528200095698
2131,-0.99080464246932,-1.1861640416979,-0.985252456216157,-0.389716183402526,0.129650157608889
2132,-0.481865293559492,-1.17286882201765,-0.925190266364855,-0.403918740333512,0.0550745233074434
2133,-0.463425462077252,-1.17951643185777,-0.937212078067437,-0.403918740333512,0.0149184125297424
2134,-0.695767338753478,-1.13630696789696,-0.987267808665323,-0.403918740333512,-0.0022913492321295
2135,-0.920733282836807,-1.17286882201765,-0.987267808665323,-0.403918740333512,-0.02332550249664
2136,-1.09775566506631,-1.1861640416979,-1.02330980944227,-0.403918740333512,-0.0405352642585119
2137,-0.669951574678341,-1.16622121217752,-1.01128799773968,-0.403918740333512,-0.0405352642585119
2138,-0.905981417651015,-1.13630696789696,-1.01330335018885,-0.403918740333512,-0.0405352642585119
2139,-1.0350602380267,-1.17286882201765,-1.01330335018885,-0.42127742102694,-0.0405352642585119
2140,-0.570376484674245,-1.16622121217752,-1.00728072717216,-0.403918740333512,-0.061569417523022
2141,-0.69207937245703,-1.16622121217752,-1.02930899812815,-0.42127742102694,-0.080691375036213
2142,-0.669951574678341,-1.12965935805683,-1.01330335018885,-0.42127742102694,-0.080691375036213
2143,-0.48555325985594,-1.19945926137815,-1.0213178913239,-0.42127742102694,-0.02332550249664
2144,-0.48555325985594,-1.17951643185777,-0.999289620367905,-0.42127742102694,0.0340403700429334
2145,-0.570376484674245,-1.17286882201765,-0.985252456216157,-0.437058039839147,0.0149184125297424
2146,-0.338034607998019,-1.17951643185777,-1.00929607962132,-0.437058039839147,0.0340403700429334
2147,-0.74739886690375,-1.16622121217752,-1.02330980944227,-0.437058039839147,0.0340403700429334
2148,-0.706831237642822,-1.17951643185777,-1.02731708000979,-0.437058039839147,0.0340403700429334
2149,-0.566688518377797,-1.17286882201765,-1.03533162114485,-0.452838658651353,0.0340403700429334
2150,-0.703143271346373,-1.1861640416979,-1.01128799773968,-0.452838658651353,0.0149184125297424
2151,-0.356474439480259,-1.17286882201765,-0.987267808665323,-0.452838658651353,-0.0022913492321295
2152,-0.588816316156485,-1.16622121217752,-0.991275079232851,-0.467041215582339,0.0149184125297424
2153,-0.706831237642822,-1.13630696789696,-1.00528880905379,-0.482821834394546,-0.0022913492321295
2154,-0.714207170235718,-1.17286882201765,-1.00929607962132,-0.482821834394546,-0.0022913492321295
2155,-0.559312585784901,-1.17951643185777,-1.00728072717216,-0.500180515087974,-0.0022913492321295
2156,-0.703143271346373,-1.16622121217752,-1.01128799773968,-0.500180515087974,-0.0022913492321295
2157,-0.743710900607302,-1.15292599249727,-1.03732353926321,-0.482821834394546,-0.0022913492321295
2158,-1.1125075302521,-1.14960218757721,-1.03533162114485,-0.500180515087974,-0.0022913492321295
2159,-1.1272593954379,-1.17951643185777,-1.04732999851663,-0.482821834394546,-0.0022913492321295
2160,-1.07931583358407,-1.16622121217752,-1.02930899812815,-0.515961133900181,-0.0022913492321295
2161,-0.529808855413316,-1.16622121217752,-1.01731062075638,-0.531741752712387,-0.02332550249664
2162,-0.688391406160582,-1.12301174821671,-0.983260538097796,-0.500180515087974,-0.02332550249664
2163,-0.496617158745284,-1.16622121217752,-0.985252456216157,-0.515961133900181,-0.02332550249664
2164,-0.776902597275334,-1.1595736023374,-1.00728072717216,-0.515961133900181,-0.0022913492321295
2165,-0.393354102444739,-1.17286882201765,-1.00728072717216,-0.500180515087974,-0.02332550249664
2166,-1.26371414840647,-1.19945926137815,-1.11172753956671,-0.500180515087974,-0.061569417523022
2167,-0.979740743579976,-1.16622121217752,-1.07737281060768,-0.500180515087974,-0.080691375036213
2168,-0.651511743196101,-1.15292599249727,-1.04533808039826,-0.500180515087974,-0.0979011367980849
2169,-0.537184788006212,-1.16622121217752,-1.01330335018885,-0.482821834394546,-0.118935290062595
2170,-0.942861080615495,-1.17951643185777,-1.04133080983074,-0.500180515087974,-0.118935290062595
2171,-0.920733282836807,-1.16622121217752,-1.05133726908415,-0.515961133900181,-0.136145051824467
2172,-1.12357142914145,-1.12965935805683,-1.10141643401284,-0.500180515087974,-0.136145051824467
2173,-0.581440383563589,-1.16622121217752,-1.05534453965168,-0.515961133900181,-0.136145051824467
2174,-1.08300379988052,-1.16622121217752,-1.09340189287779,-0.515961133900181,-0.157179205088977
2175,-0.740022934310854,-1.13630696789696,-1.06736635135426,-0.515961133900181,-0.157179205088977
2176,-0.891229552465223,-1.1861640416979,-1.05335262153332,-0.531741752712387,-0.157179205088977
2177,-0.658887675788997,-1.17286882201765,-1.04732999851663,-0.515961133900181,-0.0979011367980849
2178,-0.964988878394184,-1.17286882201765,-1.06335908078673,-0.531741752712387,-0.080691375036213
2179,-0.832222091722055,-1.13630696789696,-1.03533162114485,-0.531741752712387,-0.061569417523022
2180,-0.699455305049925,-1.13630696789696,-1.01731062075638,-0.515961133900181,-0.061569417523022
2181,-0.481865293559492,-1.17951643185777,-1.02532516189143,-0.515961133900181,-0.061569417523022
2182,-0.389666136148291,-1.15292599249727,-1.03933889171237,-0.545944309643373,-0.061569417523022
2183,-0.596192248749381,-1.17286882201765,-0.999289620367905,-0.500180515087974,-0.061569417523022
2184,-0.135196461693377,-1.1861640416979,-0.999289620367905,-0.500180515087974,-0.080691375036213
2185,-0.264275282069058,-1.17286882201765,-0.985252456216157,-0.515961133900181,-0.080691375036213
2186,-0.352786473183811,-1.14960218757721,-0.983260538097796,-0.482821834394546,-0.080691375036213
2187,-0.0725010346537606,-1.16622121217752,-0.987267808665323,-0.467041215582339,-0.0979011367980849
2188,-0.208955787622338,-1.16622121217752,-0.985252456216157,-0.482821834394546,-0.118935290062595
2189,-0.0245574727999363,-1.12965935805683,-0.981268619979434,-0.452838658651353,-0.0979011367980849
2190,0.0676416846112644,-1.17286882201765,-0.977261349411907,-0.452838658651353,-0.0979011367980849
2191,-0.116756630211137,-1.16622121217752,-0.991275079232851,-0.467041215582339,-0.0979011367980849
2192,-0.102004765025345,-1.16622121217752,-1.00929607962132,-0.452838658651353,-0.118935290062595
2193,0.115585246465089,-1.16622121217752,-0.963247619590963,-0.42127742102694,-0.118935290062595
2194,0.28154372980525,-1.17951643185777,-0.963247619590963,-0.42127742102694,-0.118935290062595
2195,-0.194203922436546,-1.19945926137815,-0.999289620367905,-0.389716183402526,-0.0979011367980849
