中型车流量,数据时间,大车流量,平均车速,监测点id,微型车流量,长车流量,车头距,id,车流量,平均占道率,轻型车流量
0,"	2023-06-25 00:00:00",0,"2.2899999999999999E+001",1001,3,0,0,23870,3,1.0000000000000001E-001,0
3,"	2023-06-24 00:00:00",0,"1.7600000000000001E+001",1001,15,0,0,23869,18,1.0000000000000001E-001,0
1,"	2023-06-23 00:00:00",0,"4.3200000000000003E+001",1001,32,0,0,23868,33,1.0000000000000001E-001,0
0,"	2023-06-22 00:00:00",0,"5.7E+001",1001,22,0,0,23867,22,1.0000000000000001E-001,0
0,"	2023-06-21 00:00:00",0,"5.3200000000000003E+001",1001,18,0,0,23866,18,1.0000000000000001E-001,0
1,"	2023-06-20 00:00:00",0,"3.1800000000000001E+001",1001,13,1,0,23865,15,1.0000000000000001E-001,0
0,"	2023-06-19 00:00:00",0,"3.5E+001",1001,8,0,0,23864,8,1.0000000000000001E-001,0
21,"	2023-06-18 00:00:00",0,"4.1799999999999997E+001",1001,248,6,0,23863,275,5.0E-001,0
12,"	2023-06-17 00:00:00",0,"6.1200000000000003E+001",1001,151,9,0,23862,172,8.0000000000000004E-001,0
29,"	2023-06-16 00:00:00",0,"8.0599999999999994E+001",1001,420,14,0,23861,463,"1.0E+000",0
36,"	2023-06-15 00:00:00",0,"4.2799999999999997E+001",1001,335,15,0,23860,386,8.0000000000000004E-001,0
5,"	2023-06-14 00:00:00",0,"3.65E+001",1001,103,2,0,23859,110,2.9999999999999999E-001,0
1,"	2023-06-13 00:00:00",0,"4.0600000000000001E+001",1001,35,0,0,23858,36,2.0000000000000001E-001,0
0,"	2023-06-12 00:00:00",0,"4.1200000000000003E+001",1001,45,0,0,23857,45,2.9999999999999999E-001,0
0,"	2023-06-11 00:00:00",0,"2.7699999999999999E+001",1001,25,0,0,23856,25,2.0000000000000001E-001,0
11,"	2023-06-10 00:00:00",0,"4.5200000000000003E+001",1001,65,1,0,23855,77,2.9999999999999999E-001,0
12,"	2023-06-09 00:00:00",0,"5.6600000000000001E+001",1001,95,0,0,23854,107,4.0000000000000002E-001,0
6,"	2023-06-08 00:00:00",0,"4.9E+001",1001,78,2,0,23853,86,4.0000000000000002E-001,0
6,"	2023-06-07 00:00:00",0,"4.0799999999999997E+001",1001,38,0,0,23852,44,2.0000000000000001E-001,0
13,"	2023-06-06 00:00:00",0,"7.0200000000000003E+001",1001,90,5,0,23851,108,5.0E-001,0
6,"	2023-06-05 00:00:00",0,"8.95E+001",1001,118,1,0,23850,125,5.0E-001,0
16,"	2023-06-04 00:00:00",0,"8.45E+001",1001,207,5,0,23849,228,5.0E-001,0
14,"	2023-06-03 00:00:00",0,"8.2599999999999994E+001",1001,253,7,0,23848,274,8.0000000000000004E-001,0
6,"	2023-06-02 00:00:00",0,"9.0099999999999994E+001",1001,258,1,0,23847,265,5.9999999999999998E-001,0
30,"	2023-06-01 00:00:00",0,"6.2600000000000001E+001",1001,314,9,0,23846,353,6.9999999999999996E-001,0
12,"	2023-05-31 00:00:00",0,"5.7700000000000003E+001",1001,347,7,0,23845,366,5.9999999999999998E-001,0
23,"	2023-05-30 00:00:00",0,"6.9799999999999997E+001",1001,506,7,0,23844,536,6.9999999999999996E-001,0
49,"	2023-05-29 00:00:00",0,"6.6400000000000006E+001",1001,645,8,0,23843,702,"1.0E+000",0
22,"	2023-05-28 00:00:00",0,"7.1599999999999994E+001",1001,471,6,0,23842,499,"1.0E+000",0
21,"	2023-05-27 00:00:00",0,"8.4799999999999997E+001",1001,450,7,0,23841,478,9.0000000000000002E-001,0
28,"	2023-05-26 00:00:00",0,"8.5900000000000006E+001",1001,584,8,0,23840,620,"1.0E+000",0
24,"	2023-05-25 00:00:00",0,"7.0400000000000006E+001",1001,344,6,0,23839,374,5.9999999999999998E-001,0
13,"	2023-05-24 00:00:00",0,"8.3599999999999994E+001",1001,298,4,0,23838,315,8.0000000000000004E-001,0
34,"	2023-05-23 00:00:00",0,"8.9099999999999994E+001",1001,567,7,0,23837,608,9.0000000000000002E-001,0
110,"	2023-05-22 00:00:00",0,"9.0900000000000006E+001",1001,2023,27,0,23836,2160,"1.5E+000",0
69,"	2023-05-21 00:00:00",0,"1.04E+002",1001,929,28,0,23835,1026,8.0000000000000004E-001,0
11,"	2023-05-20 00:00:00",0,"8.9700000000000003E+001",1001,180,4,0,23834,195,5.0E-001,0
15,"	2023-05-19 00:00:00",0,"8.9700000000000003E+001",1001,267,10,0,23833,292,8.0000000000000004E-001,0
20,"	2023-05-18 00:00:00",0,"1.032E+002",1001,433,3,0,23832,456,5.9999999999999998E-001,0
168,"	2023-01-01 00:00:00",0,"7.9200000000000003E+001",1001,1813,76,0,23093,2057,"2.2000000000000002E+000",0
54,"	2023-01-11 00:00:00",0,"7.2599999999999994E+001",1001,405,38,0,23129,497,"2.0E+000",0
200,"	2023-01-19 00:00:00",0,"6.2799999999999997E+001",1001,2424,115,0,23137,2739,"2.1000000000000001E+000",0
49,"	2023-01-31 00:00:00",0,"6.1399999999999999E+001",1001,764,18,0,23150,831,"1.0E+000",0
89,"	2023-01-06 00:00:00",0,"4.5100000000000001E+001",1001,891,45,0,23111,1025,"1.3999999999999999E+000",0
138,"	2023-02-08 00:00:00",0,"9.0599999999999994E+001",1001,1668,55,0,23170,1861,"1.8E+000",0
312,"	2023-01-16 00:00:00",0,"9.0299999999999997E+001",1001,3179,134,0,23134,3625,"2.5E+000",0
0,"	2023-01-28 00:00:00",0,"4.65E+001",1001,1,0,0,23147,1,2.0000000000000001E-001,0
515,"	2023-02-16 00:00:00",0,"8.7900000000000006E+001",1001,4564,356,0,23191,5435,"4.2999999999999998E+000",0
412,"	2023-02-24 00:00:00",0,"7.5299999999999997E+001",1001,4118,272,0,23213,4802,"3.0E+000",0
22,"	2023-02-05 00:00:00",0,"7.6599999999999994E+001",1001,420,3,0,23167,445,"1.1000000000000001E+000",0
195,"	2023-01-03 00:00:00",0,"8.9200000000000003E+001",1001,2430,69,0,23108,2694,"2.1000000000000001E+000",0
351,"	2023-02-13 00:00:00",0,"8.95E+001",1001,3631,196,0,23188,4178,"3.2999999999999998E+000",0
94,"	2023-01-13 00:00:00",0,"7.2700000000000003E+001",1001,969,47,0,23131,1110,"2.0E+000",0
418,"	2023-02-21 00:00:00",0,"8.9E+001",1001,4245,285,0,23210,4948,"3.2000000000000002E+000",0
67,"	2023-01-21 00:00:00",0,"5.55E+001",1001,917,38,0,23139,1022,"1.3999999999999999E+000",0
76,"	2023-02-02 00:00:00",0,"5.9899999999999999E+001",1001,859,28,0,23152,963,8.0000000000000004E-001,0
199,"	2023-01-02 00:00:00",0,"8.4099999999999994E+001",1001,2228,100,0,23107,2527,"2.1000000000000001E+000",0
106,"	2023-01-12 00:00:00",0,"7.45E+001",1001,1186,32,0,23130,1324,"1.7E+000",0
97,"	2023-02-10 00:00:00",0,"7.6700000000000003E+001",1001,1599,60,0,23172,1756,"1.6000000000000001E+000",0
137,"	2023-02-18 00:00:00",0,"8.1599999999999994E+001",1001,1674,85,0,23207,1896,"2.5E+000",0
228,"	2023-01-20 00:00:00",0,"6.9299999999999997E+001",1001,2365,140,0,23138,2733,"3.0E+000",0
80,"	2023-01-05 00:00:00",0,"6.65E+001",1001,1167,37,0,23110,1284,"1.3E+000",0
401,"	2023-01-15 00:00:00",0,"7.8E+001",1001,4406,237,0,23133,5044,"3.0E+000",0
1,"	2023-01-23 00:00:00",0,"9.0E+000",1001,43,1,0,23141,45,2.0000000000000001E-001,0
29,"	2023-02-04 00:00:00",0,"8.0200000000000003E+001",1001,662,14,0,23154,705,"1.3999999999999999E+000",0
338,"	2023-02-12 00:00:00",0,"9.0400000000000006E+001",1001,3149,210,0,23187,3697,"3.0E+000",0
943,"	2023-02-26 00:00:00",0,"8.9599999999999994E+001",1001,7964,729,0,23215,9636,"5.7999999999999998E+000",0
37,"	2023-02-01 00:00:00",0,"5.9E+001",1001,453,16,0,23151,506,9.0000000000000002E-001,0
104,"	2023-01-10 00:00:00",0,"8.1099999999999994E+001",1001,901,34,0,23128,1039,"1.8999999999999999E+000",0
214,"	2023-02-09 00:00:00",0,"8.7900000000000006E+001",1001,2318,123,0,23171,2655,"2.3999999999999999E+000",0
584,"	2023-01-18 00:00:00",0,"8.0E+001",1001,4720,366,0,23136,5670,"3.8999999999999999E+000",0
379,"	2023-02-17 00:00:00",0,"8.8099999999999994E+001",1001,3573,344,0,23192,4296,"4.2000000000000002E+000",0
20,"	2023-01-30 00:00:00",0,"3.8700000000000003E+001",1001,353,4,0,23149,377,5.0E-001,0
882,"	2023-02-25 00:00:00",0,"9.6599999999999994E+001",1001,7077,680,0,23214,8639,"4.7999999999999998E+000",0
107,"	2023-01-04 00:00:00",0,"6.6599999999999994E+001",1001,1386,36,0,23109,1529,"1.6000000000000001E+000",0
44,"	2023-02-07 00:00:00",0,"6.0899999999999999E+001",1001,631,14,0,23169,689,"1.1000000000000001E+000",0
112,"	2023-01-14 00:00:00",0,"4.8700000000000003E+001",1001,1144,51,0,23132,1307,"1.2E+000",0
339,"	2023-02-15 00:00:00",0,"9.2599999999999994E+001",1001,3731,212,0,23190,4282,"2.7999999999999998E+000",0
131,"	2023-01-22 00:00:00",0,"4.6600000000000001E+001",1001,1259,83,0,23140,1473,"1.3999999999999999E+000",0
341,"	2023-02-23 00:00:00",0,"8.4599999999999994E+001",1001,3051,221,0,23212,3613,"3.2000000000000002E+000",0
66,"	2023-02-03 00:00:00",0,"7.7099999999999994E+001",1001,1078,33,0,23153,1177,"1.3E+000",0
208,"	2023-02-11 00:00:00",0,"9.0299999999999997E+001",1001,2768,126,0,23173,3102,"2.7000000000000002E+000",0
232,"	2023-02-19 00:00:00",0,"8.4400000000000006E+001",1001,2461,128,0,23208,2821,"2.6000000000000001E+000",0
328,"	2023-02-27 00:00:00",0,"8.6799999999999997E+001",1001,3477,215,0,23216,4020,"3.1000000000000001E+000",0
49,"	2023-01-09 00:00:00",0,"9.1700000000000003E+001",1001,522,21,0,23127,592,"1.6000000000000001E+000",0
448,"	2023-01-17 00:00:00",0,"8.5799999999999997E+001",1001,4254,246,0,23135,4948,"3.7999999999999998E+000",0
31,"	2023-01-29 00:00:00",0,"6.1399999999999999E+001",1001,390,8,0,23148,429,5.9999999999999998E-001,0
60,"	2023-02-06 00:00:00",0,"7.4700000000000003E+001",1001,1009,18,0,23168,1087,"1.3999999999999999E+000",0
310,"	2023-02-14 00:00:00",0,"1.0040000000000001E+002",1001,3786,188,0,23189,4284,"2.2999999999999998E+000",0
426,"	2023-02-22 00:00:00",0,"8.6599999999999994E+001",1001,4137,326,0,23211,4889,"4.0E+000",0
446,"	2023-02-20 00:00:00",0,"8.8099999999999994E+001",1001,4340,260,0,23209,5046,"3.7999999999999998E+000",0
318,"	2023-02-28 00:00:00",0,"8.1900000000000006E+001",1001,3213,222,0,23217,3753,"4.0E+000",0
64,"	2023-05-17 00:00:00",0,"9.3E+001",1001,966,18,0,23831,1048,"1.1000000000000001E+000",0
74,"	2023-05-16 00:00:00",0,"6.1100000000000001E+001",1001,968,32,0,23830,1074,"1.1000000000000001E+000",0
29,"	2023-05-15 00:00:00",0,"5.9200000000000003E+001",1001,489,10,0,23829,528,9.0000000000000002E-001,0
1,"	2023-05-14 00:00:00",0,"2.3800000000000001E+001",1001,1,0,0,23828,2,2.0000000000000001E-001,0
72,"	2023-05-13 00:00:00",0,"7.7700000000000003E+001",1001,600,29,0,23827,701,"1.8E+000",0
85,"	2023-05-12 00:00:00",0,"7.8900000000000006E+001",1001,556,27,0,23807,668,"1.5E+000",0
44,"	2023-05-11 00:00:00",0,"8.1799999999999997E+001",1001,473,14,0,23789,531,"1.3E+000",0
326,"	2023-05-10 00:00:00",0,"8.8E+001",1001,2574,162,0,23788,3062,"3.2000000000000002E+000",0
66,"	2023-05-09 00:00:00",0,"6.4400000000000006E+001",1001,893,34,0,23787,993,"1.8999999999999999E+000",0
65,"	2023-05-08 00:00:00",0,"7.6200000000000003E+001",1001,788,30,0,23768,883,"1.8999999999999999E+000",0
38,"	2023-05-07 00:00:00",0,"9.3299999999999997E+001",1001,543,16,0,23767,597,"1.5E+000",0
25,"	2023-05-06 00:00:00",0,"1.015E+002",1001,398,13,0,23747,436,6.9999999999999996E-001,0
70,"	2023-05-05 00:00:00",0,"9.9799999999999997E+001",1001,807,28,0,23727,905,"1.3999999999999999E+000",0
52,"	2023-05-04 00:00:00",0,"8.2900000000000006E+001",1001,974,24,0,23708,1050,"1.1000000000000001E+000",0
102,"	2023-05-03 00:00:00",0,"8.2700000000000003E+001",1001,1137,31,0,23707,1270,"1.3999999999999999E+000",0
67,"	2023-05-02 00:00:00",0,"8.8200000000000003E+001",1001,989,23,0,23687,1079,"1.3999999999999999E+000",0
126,"	2023-05-01 00:00:00",0,"8.9900000000000006E+001",1001,1702,53,0,23667,1881,"1.8999999999999999E+000",0
222,"	2023-04-30 00:00:00",0,"8.7200000000000003E+001",1001,2227,85,0,23647,2534,"2.3999999999999999E+000",0
92,"	2023-04-29 00:00:00",0,"8.0299999999999997E+001",1001,969,30,0,23627,1091,"1.6000000000000001E+000",0
123,"	2023-04-28 00:00:00",0,"8.9900000000000006E+001",1001,1546,51,0,23607,1720,"2.1000000000000001E+000",0
85,"	2023-04-27 00:00:00",0,"8.6799999999999997E+001",1001,1113,38,0,23589,1236,"1.8E+000",0
198,"	2023-04-26 00:00:00",0,"8.9200000000000003E+001",1001,2258,96,0,23588,2552,"2.2999999999999998E+000",0
37,"	2023-04-25 00:00:00",0,"8.9400000000000006E+001",1001,670,10,0,23587,717,"1.1000000000000001E+000",0
51,"	2023-04-24 00:00:00",0,"8.1099999999999994E+001",1001,706,15,0,23568,772,"1.1000000000000001E+000",0
125,"	2023-04-23 00:00:00",0,"9.7200000000000003E+001",1001,1400,62,0,23567,1587,"1.5E+000",0
228,"	2023-04-22 00:00:00",0,"9.3099999999999994E+001",1001,2076,110,0,23547,2414,"2.1000000000000001E+000",0
146,"	2023-04-21 00:00:00",0,"8.8200000000000003E+001",1001,1294,88,0,23528,1528,"2.2999999999999998E+000",0
215,"	2023-04-20 00:00:00",0,"7.5E+001",1001,2397,132,0,23527,2744,"2.6000000000000001E+000",0
265,"	2023-04-19 00:00:00",0,"8.5799999999999997E+001",1001,2918,204,0,23507,3387,"2.6000000000000001E+000",0
532,"	2023-04-18 00:00:00",0,"9.4599999999999994E+001",1001,4965,375,0,23487,5872,"4.0E+000",0
643,"	2023-04-17 00:00:00",0,"8.5099999999999994E+001",1001,5984,586,0,23468,7213,"4.7999999999999998E+000",0
767,"	2023-04-16 00:00:00",0,"9.1E+001",1001,6478,728,0,23467,7973,"6.0999999999999996E+000",0
454,"	2023-04-15 00:00:00",0,"8.1700000000000003E+001",1001,3883,346,0,23447,4683,"4.2999999999999998E+000",0
832,"	2023-04-14 00:00:00",0,"8.5299999999999997E+001",1001,6682,662,0,23428,8176,"6.0999999999999996E+000",0
739,"	2023-04-13 00:00:00",0,"8.9599999999999994E+001",1001,5928,640,0,23427,7307,"5.5E+000",0
664,"	2023-04-12 00:00:00",0,"8.25E+001",1001,5344,596,0,23407,6604,"5.0E+000",0
824,"	2023-04-11 00:00:00",0,"8.0E+001",1001,6693,819,0,23387,8336,"6.2999999999999998E+000",0
541,"	2023-04-10 00:00:00",0,"7.8599999999999994E+001",1001,4422,506,0,23368,5469,"7.0E+000",0
352,"	2023-04-09 00:00:00",0,"8.3900000000000006E+001",1001,2981,257,0,23367,3590,"4.4000000000000004E+000",0
659,"	2023-04-08 00:00:00",0,"8.4599999999999994E+001",1001,5220,630,0,23351,6509,"6.7999999999999998E+000",0
1637,"	2023-04-07 00:00:00",0,"8.8900000000000006E+001",1001,9840,2052,0,23350,13529,"9.0E+000",0
1483,"	2023-04-06 00:00:00",0,"7.05E+001",1001,9885,1789,0,23349,13157,"8.4000000000000004E+000",0
1190,"	2023-04-05 00:00:00",0,"8.7099999999999994E+001",1001,8818,1168,0,23348,11176,"8.5999999999999996E+000",0
1270,"	2023-04-04 00:00:00",0,"8.8200000000000003E+001",1001,9972,1441,0,23347,12683,"9.5999999999999996E+000",0
1392,"	2023-04-03 00:00:00",0,"8.8E+001",1001,9782,1191,0,23328,12365,"7.7999999999999998E+000",0
1127,"	2023-04-02 00:00:00",0,"8.3700000000000003E+001",1001,8134,1044,0,23327,10305,"8.3000000000000007E+000",0
459,"	2023-04-01 00:00:00",0,"8.2400000000000006E+001",1001,3634,323,0,23307,4416,"5.7999999999999998E+000",0
372,"	2023-03-31 00:00:00",0,"7.2599999999999994E+001",1001,2798,413,0,23292,3583,"5.7999999999999998E+000",0
241,"	2023-03-30 00:00:00",0,"7.9799999999999997E+001",1001,1853,184,0,23291,2278,"4.7000000000000002E+000",0
562,"	2023-03-29 00:00:00",0,"7.2299999999999997E+001",1001,4112,561,0,23290,5235,"6.2999999999999998E+000",0
541,"	2023-03-28 00:00:00",0,"7.6299999999999997E+001",1001,3865,579,0,23289,4985,"6.9000000000000004E+000",0
197,"	2023-03-27 00:00:00",0,"8.3700000000000003E+001",1001,1863,134,0,23288,2194,"2.8999999999999999E+000",0
33,"	2023-03-26 00:00:00",0,"7.8799999999999997E+001",1001,408,25,0,23287,466,"1.0E+000",0
564,"	2023-03-25 00:00:00",0,"8.8099999999999994E+001",1001,4621,441,0,23273,5626,"4.5E+000",0
987,"	2023-03-24 00:00:00",0,"9.1599999999999994E+001",1001,7431,980,0,23272,9398,"6.2999999999999998E+000",0
1440,"	2023-03-23 00:00:00",0,"9.6799999999999997E+001",1001,11591,1410,0,23271,14441,"7.4000000000000004E+000",0
2051,"	2023-03-22 00:00:00",0,"9.4700000000000003E+001",1001,13885,1972,0,23270,17908,"8.9000000000000004E+000",0
982,"	2023-03-21 00:00:00",0,"9.15E+001",1001,8072,813,0,23269,9867,"6.2999999999999998E+000",0
705,"	2023-03-20 00:00:00",0,"9.2599999999999994E+001",1001,6807,539,0,23268,8051,"5.7999999999999998E+000",0
1274,"	2023-03-19 00:00:00",0,"8.8799999999999997E+001",1001,10233,1089,0,23267,12596,"7.5999999999999996E+000",0
875,"	2023-03-18 00:00:00",0,"8.8599999999999994E+001",1001,7872,707,0,23248,9454,"5.5999999999999996E+000",0
558,"	2023-03-17 00:00:00",0,"9.2599999999999994E+001",1001,5066,466,0,23247,6090,"4.7999999999999998E+000",0
991,"	2023-03-13 00:00:00",0,"8.9599999999999994E+001",1001,7086,662,0,23230,8739,"7.5999999999999996E+000",0
541,"	2023-03-12 00:00:00",0,"9.1200000000000003E+001",1001,4864,475,0,23229,5880,"5.7999999999999998E+000",0
493,"	2023-03-11 00:00:00",0,"9.5400000000000006E+001",1001,4797,490,0,23228,5780,"5.5999999999999996E+000",0
456,"	2023-03-10 00:00:00",0,"9.0299999999999997E+001",1001,4423,397,0,23227,5276,"3.7000000000000002E+000",0
369,"	2023-03-09 00:00:00",0,"6.9700000000000003E+001",1001,3330,212,0,23226,3911,"2.7999999999999998E+000",0
378,"	2023-03-08 00:00:00",0,"8.5299999999999997E+001",1001,3371,280,0,23225,4029,"3.8999999999999999E+000",0
290,"	2023-03-07 00:00:00",0,"7.5299999999999997E+001",1001,2878,256,0,23224,3424,"4.5E+000",0
452,"	2023-03-06 00:00:00",0,"9.0299999999999997E+001",1001,4003,260,0,23223,4715,"3.3999999999999999E+000",0
305,"	2023-03-05 00:00:00",0,"8.5799999999999997E+001",1001,3191,218,0,23222,3714,"3.2000000000000002E+000",0
308,"	2023-03-04 00:00:00",0,"8.35E+001",1001,3083,193,0,23221,3584,"3.5E+000",0
357,"	2023-03-03 00:00:00",0,"8.55E+001",1001,3063,262,0,23220,3682,"4.5E+000",0
357,"	2023-03-02 00:00:00",0,"9.1900000000000006E+001",1001,3499,298,0,23219,4154,"4.7999999999999998E+000",0
312,"	2023-03-01 00:00:00",0,"8.3200000000000003E+001",1001,2662,161,0,23218,3135,"3.0E+000",0
298,"	2022-12-31 00:00:00",0,"8.8599999999999994E+001",1001,3340,120,0,23092,3758,"2.7000000000000002E+000",0
280,"	2022-12-30 00:00:00",0,"9.1799999999999997E+001",1001,2919,115,0,23091,3314,"2.2999999999999998E+000",0
219,"	2022-12-29 00:00:00",0,"8.9299999999999997E+001",1001,2484,85,0,23090,2788,"2.2000000000000002E+000",0
149,"	2022-12-28 00:00:00",0,"5.6E+001",1001,1562,49,0,23089,1760,"1.3E+000",0
114,"	2022-12-27 00:00:00",0,"4.4700000000000003E+001",1001,1324,45,0,23088,1483,"1.2E+000",0
81,"	2022-12-26 00:00:00",0,"3.05E+001",1001,991,27,0,23087,1099,6.9999999999999996E-001,0
122,"	2022-12-25 00:00:00",0,"4.1E+001",1001,1173,69,0,23067,1364,"1.2E+000",0
174,"	2022-12-24 00:00:00",0,"4.8899999999999999E+001",1001,1847,94,0,23057,2115,"1.6000000000000001E+000",0
102,"	2022-12-23 00:00:00",0,"4.3399999999999999E+001",1001,1367,47,0,23056,1516,"1.2E+000",0
132,"	2022-12-22 00:00:00",0,"5.3E+001",1001,976,54,0,23055,1162,"1.1000000000000001E+000",0
165,"	2022-12-21 00:00:00",0,"9.3E+001",1001,2061,111,0,23054,2337,"2.7000000000000002E+000",0
104,"	2022-12-20 00:00:00",0,"6.6400000000000006E+001",1001,997,63,0,23053,1164,"1.5E+000",0
101,"	2022-12-19 00:00:00",0,"5.9299999999999997E+001",1001,1058,37,0,23052,1196,"1.2E+000",0
296,"	2022-12-18 00:00:00",0,"8.5700000000000003E+001",1001,3287,209,0,23051,3792,"2.2000000000000002E+000",0
399,"	2022-12-17 00:00:00",0,"1.0159999999999999E+002",1001,4501,270,0,23050,5170,"2.5E+000",0
378,"	2022-12-15 00:00:00",0,"8.5900000000000006E+001",1001,2875,224,0,23048,3477,"3.7000000000000002E+000",0
567,"	2022-12-16 00:00:00",0,"8.6400000000000006E+001",1001,5130,377,0,23049,6074,"4.5999999999999996E+000",0
720,"	2022-12-14 00:00:00",0,"9.0299999999999997E+001",1001,6869,513,0,23047,8102,"5.0E+000",0
299,"	2022-12-13 00:00:00",0,"9.25E+001",1001,2486,150,0,23036,2935,"2.2999999999999998E+000",0
144,"	2022-12-12 00:00:00",0,"1.0009999999999999E+002",1001,1850,78,0,23035,2072,"1.3999999999999999E+000",0
112,"	2022-12-11 00:00:00",0,"9.8700000000000003E+001",1001,1546,68,0,23034,1726,"1.5E+000",0
71,"	2022-12-10 00:00:00",0,"8.4400000000000006E+001",1001,715,27,0,23033,813,"1.2E+000",0
44,"	2022-12-09 00:00:00",0,"7.7599999999999994E+001",1001,564,22,0,23032,630,"1.0E+000",0
55,"	2022-12-08 00:00:00",0,"7.7099999999999994E+001",1001,607,20,0,23031,682,"1.0E+000",0
93,"	2022-12-07 00:00:00",0,"7.8099999999999994E+001",1001,1200,42,0,23030,1335,"1.6000000000000001E+000",0
134,"	2022-12-06 00:00:00",0,"9.0200000000000003E+001",1001,1358,46,0,23029,1538,"1.5E+000",0
211,"	2022-12-05 00:00:00",0,"9.5099999999999994E+001",1001,2274,99,0,23028,2584,"1.8E+000",0
108,"	2022-12-04 00:00:00",0,"8.4900000000000006E+001",1001,1251,48,0,23027,1407,"1.7E+000",0
77,"	2022-12-03 00:00:00",0,"9.1E+001",1001,818,27,0,23010,922,"1.2E+000",0
112,"	2022-12-02 00:00:00",0,"9.9099999999999994E+001",1001,1268,69,0,23009,1449,"1.3E+000",0
151,"	2022-12-01 00:00:00",0,"1.003E+002",1001,1814,93,0,23008,2058,"1.5E+000",0
126,"	2022-11-30 00:00:00",0,"6.5400000000000006E+001",1001,1317,59,0,23007,1502,"1.2E+000",0
59,"	2022-11-29 00:00:00",0,"5.5600000000000001E+001",1001,792,24,0,22989,875,9.0000000000000002E-001,0
88,"	2022-11-28 00:00:00",0,"6.2799999999999997E+001",1001,1252,48,0,22988,1388,"1.2E+000",0
120,"	2022-11-27 00:00:00",0,"8.2400000000000006E+001",1001,1371,72,0,22987,1563,"2.3999999999999999E+000",0
55,"	2022-11-26 00:00:00",0,"7.7799999999999997E+001",1001,588,29,0,22973,672,"1.3999999999999999E+000",0
45,"	2022-11-25 00:00:00",0,"6.2100000000000001E+001",1001,586,21,0,22972,652,"1.1000000000000001E+000",0
10,"	2022-11-24 00:00:00",0,"7.3099999999999994E+001",1001,205,5,0,22971,220,"1.3999999999999999E+000",0
55,"	2022-11-22 00:00:00",0,"9.1299999999999997E+001",1001,655,13,0,22969,723,"1.2E+000",0
45,"	2022-11-21 00:00:00",0,"6.9599999999999994E+001",1001,619,19,0,22968,683,"1.0E+000",0
52,"	2022-11-19 00:00:00",0,"6.1299999999999997E+001",1001,412,14,0,22953,478,"1.1000000000000001E+000",0
83,"	2022-11-20 00:00:00",0,"6.75E+001",1001,685,30,0,22967,798,"1.1000000000000001E+000",0
59,"	2022-11-23 00:00:00",0,"6.95E+001",1001,631,19,0,22970,709,"1.3E+000",0
51,"	2022-11-18 00:00:00",0,"5.8600000000000001E+001",1001,463,13,0,22952,527,"1.0E+000",0
546,"	2022-06-27 00:00:00",0,"1.0290000000000001E+002",1001,5612,378,0,22184,6536,"3.7999999999999998E+000",0
1236,"	2022-06-16 00:00:00",0,"9.0799999999999997E+001",1001,9452,1494,0,22173,12182,"6.4000000000000004E+000",0
442,"	2022-07-05 00:00:00",0,"1.0559999999999999E+002",1001,4927,460,0,22192,5829,"2.8999999999999999E+000",0
1831,"	2022-05-20 00:00:00",0,"8.4700000000000003E+001",1001,12874,2522,0,22146,17227,"1.25E+001",0
371,"	2022-06-24 00:00:00",0,"1.0459999999999999E+002",1001,4038,204,0,22181,4613,"2.5E+000",0
1519,"	2022-05-28 00:00:00",0,"9.2299999999999997E+001",1001,10842,2110,0,22154,14471,"8.8000000000000007E+000",0
1441,"	2022-05-19 00:00:00",0,"8.4599999999999994E+001",1001,10053,1993,0,22145,13487,"1.0300000000000001E+001",0
1339,"	2022-07-13 00:00:00",0,"8.6799999999999997E+001",1001,8865,1468,0,22200,11672,"8.8000000000000007E+000",0
249,"	2022-07-02 00:00:00",0,"1.0190000000000001E+002",1001,2616,180,0,22189,3045,"2.0E+000",0
722,"	2022-05-27 00:00:00",0,"8.25E+001",1001,5084,821,0,22153,6627,"7.9000000000000004E+000",0
1753,"	2022-06-05 00:00:00",0,"1.03E+002",1001,13187,2351,0,22162,17291,"8.6999999999999993E+000",0
925,"	2022-07-21 00:00:00",0,"9.95E+001",1001,7913,832,0,22208,9670,"6.0E+000",0
415,"	2022-07-10 00:00:00",0,"8.8700000000000003E+001",1001,3767,347,0,22197,4529,"3.7000000000000002E+000",0
1989,"	2022-06-04 00:00:00",0,"1.012E+002",1001,14459,2657,0,22161,19105,"9.6999999999999993E+000",0
1505,"	2022-06-13 00:00:00",0,"1.038E+002",1001,12860,1875,0,22170,16240,"7.4000000000000004E+000",0
47,"	2022-07-29 00:00:00",0,"1.008E+002",1001,562,16,0,22216,625,9.0000000000000002E-001,0
1284,"	2022-06-12 00:00:00",0,"9.4700000000000003E+001",1001,10035,1506,0,22169,12825,"6.9000000000000004E+000",0
1568,"	2022-07-18 00:00:00",0,"1.012E+002",1001,12324,1938,0,22205,15830,"8.4000000000000004E+000",0
1161,"	2022-06-21 00:00:00",0,"1.015E+002",1001,10329,1132,0,22178,12622,"6.2000000000000002E+000",0
190,"	2022-08-06 00:00:00",0,"8.0299999999999997E+001",1001,1678,99,0,22247,1967,"2.7999999999999998E+000",0
248,"	2022-07-26 00:00:00",0,"1.068E+002",1001,2711,149,0,22213,3108,"1.8E+000",0
1589,"	2022-05-17 00:00:00",0,"7.7299999999999997E+001",1001,11380,2528,0,22143,15497,"1.4699999999999999E+001",0
978,"	2022-06-20 00:00:00",0,"1.0490000000000001E+002",1001,9203,1012,0,22177,11193,"5.2000000000000002E+000",0
159,"	2022-10-10 00:00:00",0,"9.7099999999999994E+001",1001,2262,101,0,22688,2522,"1.8E+000",0
1212,"	2022-06-14 00:00:00",0,"9.2900000000000006E+001",1001,8690,1486,0,22171,11388,"6.7999999999999998E+000",0
737,"	2022-07-12 00:00:00",0,"9.1099999999999994E+001",1001,6244,848,0,22199,7829,"6.2000000000000002E+000",0
782,"	2022-09-02 00:00:00",0,"9.1299999999999997E+001",1001,5976,591,0,22289,7349,"6.0999999999999996E+000",0
89,"	2022-08-07 00:00:00",0,"7.1799999999999997E+001",1001,965,47,0,22267,1101,"1.5E+000",0
57,"	2022-10-07 00:00:00",0,"7.75E+001",1001,919,20,0,22672,996,"1.3999999999999999E+000",0
104,"	2022-10-19 00:00:00",0,"7.4599999999999994E+001",1001,1239,44,0,22728,1387,"1.6000000000000001E+000",0
603,"	2022-07-20 00:00:00",0,"9.8799999999999997E+001",1001,6025,610,0,22207,7238,"4.0999999999999996E+000",0
707,"	2022-06-22 00:00:00",0,"1.0059999999999999E+002",1001,7035,573,0,22179,8315,"4.7000000000000002E+000",0
628,"	2022-09-10 00:00:00",0,"9.4599999999999994E+001",1001,5502,421,0,22367,6551,"4.0999999999999996E+000",0
312,"	2022-09-01 00:00:00",0,"7.6900000000000006E+001",1001,2621,166,0,22288,3099,"3.7999999999999998E+000",0
46,"	2022-07-28 00:00:00",0,"1.102E+002",1001,775,26,0,22215,847,5.9999999999999998E-001,0
119,"	2022-06-30 00:00:00",0,"8.6599999999999994E+001",1001,1033,61,0,22187,1213,"2.0E+000",0
442,"	2022-09-09 00:00:00",0,"8.1299999999999997E+001",1001,3912,257,0,22347,4611,"4.0999999999999996E+000",0
110,"	2022-10-27 00:00:00",0,"8.8099999999999994E+001",1001,1576,47,0,22769,1733,"1.6000000000000001E+000",0
702,"	2022-09-18 00:00:00",0,"9.3299999999999997E+001",1001,6421,592,0,22507,7715,"5.5999999999999996E+000",0
75,"	2022-10-15 00:00:00",0,"8.1799999999999997E+001",1001,885,28,0,22710,988,"1.3999999999999999E+000",0
330,"	2022-08-05 00:00:00",0,"8.5700000000000003E+001",1001,2628,237,0,22232,3195,"4.7000000000000002E+000",0
161,"	2022-10-24 00:00:00",0,"7.5099999999999994E+001",1001,1825,75,0,22748,2061,"1.8E+000",0
40,"	2022-09-26 00:00:00",0,"7.9200000000000003E+001",1001,559,13,0,22588,612,"1.3999999999999999E+000",0
240,"	2022-07-08 00:00:00",0,"9.4200000000000003E+001",1001,2510,178,0,22195,2928,"2.5E+000",0
114,"	2022-11-04 00:00:00",0,"8.3200000000000003E+001",1001,1070,62,0,22887,1246,"2.1000000000000001E+000",0
197,"	2022-08-13 00:00:00",0,"7.3E+001",1001,1744,82,0,22273,2023,"2.3999999999999999E+000",0
29,"	2022-10-04 00:00:00",0,"6.5E+001",1001,408,7,0,22669,444,6.9999999999999996E-001,0
1797,"	2022-07-16 00:00:00",0,"1.0259999999999999E+002",1001,13868,2414,0,22203,18079,"8.8000000000000007E+000",0
317,"	2022-11-01 00:00:00",0,"1.027E+002",1001,4051,180,0,22827,4548,"2.2000000000000002E+000",0
788,"	2022-09-17 00:00:00",0,"9.0900000000000006E+001",1001,6456,585,0,22487,7829,"6.7000000000000002E+000",0
836,"	2022-09-07 00:00:00",0,"9.25E+001",1001,6487,577,0,22330,7900,"6.0999999999999996E+000",0
11,"	2022-11-12 00:00:00",0,"6.2299999999999997E+001",1001,155,4,0,22933,170,9.0000000000000002E-001,0
47,"	2022-10-12 00:00:00",0,"6.9200000000000003E+001",1001,717,19,0,22707,783,"1.1000000000000001E+000",0
549,"	2022-07-24 00:00:00",0,"1.022E+002",1001,5777,508,0,22211,6834,"3.5E+000",0
50,"	2022-09-25 00:00:00",0,"6.3600000000000001E+001",1001,744,16,0,22587,810,"1.1000000000000001E+000",0
54,"	2022-11-09 00:00:00",0,"6.5099999999999994E+001",1001,597,14,0,22930,665,"1.3999999999999999E+000",0
14,"	2022-10-03 00:00:00",0,"7.7799999999999997E+001",1001,220,7,0,22668,241,8.0000000000000004E-001,0
14,"	2022-11-17 00:00:00",0,"4.4700000000000003E+001",1001,262,3,0,22951,279,5.9999999999999998E-001,0
1131,"	2022-05-18 00:00:00",0,"8.2099999999999994E+001",1001,7474,1320,0,22144,9925,"1.0199999999999999E+001",0
1094,"	2022-05-26 00:00:00",0,"9.3599999999999994E+001",1001,8083,1167,0,22152,10344,"7.4000000000000004E+000",0
2079,"	2022-06-03 00:00:00",0,"9.9700000000000003E+001",1001,15371,2412,0,22160,19862,"9.4000000000000004E+000",0
1484,"	2022-05-15 00:00:00",0,"7.9099999999999994E+001",1001,9869,2117,0,22141,13470,"1.2800000000000001E+001",0
662,"	2022-06-11 00:00:00",0,"8.6299999999999997E+001",1001,4885,691,0,22168,6238,"6.5E+000",0
1509,"	2022-05-23 00:00:00",0,"9.0E+001",1001,9785,1695,0,22149,12989,"8.5999999999999996E+000",0
890,"	2022-06-19 00:00:00",0,"1.042E+002",1001,8613,881,0,22176,10384,"5.0E+000",0
1517,"	2022-05-31 00:00:00",0,"9.4E+001",1001,11151,1816,0,22157,14484,"9.1999999999999993E+000",0
168,"	2022-06-08 00:00:00",0,"6.7200000000000003E+001",1001,1321,174,0,22165,1663,"2.7999999999999998E+000",0
246,"	2022-06-29 00:00:00",0,"8.6E+001",1001,2588,140,0,22186,2974,"4.0E+000",0
975,"	2022-05-25 00:00:00",0,"8.5599999999999994E+001",1001,6302,1073,0,22151,8350,"8.3000000000000007E+000",0
177,"	2022-08-31 00:00:00",0,"8.55E+001",1001,1561,112,0,22287,1850,"2.8999999999999999E+000",0
469,"	2022-06-28 00:00:00",0,"1.03E+002",1001,5146,344,0,22185,5959,"3.3999999999999999E+000",0
122,"	2022-08-03 00:00:00",0,"8.9200000000000003E+001",1001,898,64,0,22230,1084,"2.1000000000000001E+000",0
284,"	2022-07-07 00:00:00",0,"9.3400000000000006E+001",1001,2837,205,0,22194,3326,"2.7999999999999998E+000",0
2115,"	2022-06-02 00:00:00",0,"9.85E+001",1001,15148,2666,0,22159,19929,"1.04E+001",0
527,"	2022-09-08 00:00:00",0,"8.8099999999999994E+001",1001,4234,366,0,22331,5127,"5.0E+000",0
430,"	2022-08-11 00:00:00",0,"9.0599999999999994E+001",1001,3289,270,0,22271,3989,"4.5E+000",0
338,"	2022-07-06 00:00:00",0,"9.8400000000000006E+001",1001,3689,280,0,22193,4307,"3.0E+000",0
2013,"	2022-07-15 00:00:00",0,"9.7E+001",1001,14086,2427,0,22202,18526,"1.0199999999999999E+001",0
1331,"	2022-06-10 00:00:00",0,"8.8200000000000003E+001",1001,9841,1494,0,22167,12666,"8.9000000000000004E+000",0
419,"	2022-09-16 00:00:00",0,"8.8400000000000006E+001",1001,4540,286,0,22468,5245,"5.7000000000000002E+000",0
285,"	2022-09-05 00:00:00",0,"9.2200000000000003E+001",1001,2275,178,0,22328,2738,"3.2999999999999998E+000",0
1426,"	2022-07-14 00:00:00",0,"9.2200000000000003E+001",1001,10583,1482,0,22201,13491,"9.3000000000000007E+000",0
748,"	2022-07-23 00:00:00",0,"9.9299999999999997E+001",1001,6819,718,0,22210,8285,"4.5999999999999996E+000",0
1337,"	2022-05-21 00:00:00",0,"8.8700000000000003E+001",1001,8772,1649,0,22147,11758,"1.0E+001",0
18,"	2022-09-24 00:00:00",0,"6.9E+001",1001,285,2,0,22570,305,6.9999999999999996E-001,0
955,"	2022-06-18 00:00:00",0,"1.038E+002",1001,9203,988,0,22175,11146,"5.0999999999999996E+000",0
257,"	2022-09-13 00:00:00",0,"8.0400000000000006E+001",1001,2356,155,0,22427,2768,"3.1000000000000001E+000",0
66,"	2022-07-31 00:00:00",0,"7.95E+001",1001,908,52,0,22227,1026,"1.0E+000",0
813,"	2022-07-22 00:00:00",0,"9.55E+001",1001,6197,710,0,22209,7720,"5.4000000000000004E+000",0
2288,"	2022-05-29 00:00:00",0,"9.4099999999999994E+001",1001,15434,3308,0,22155,21030,"1.3300000000000001E+001",0
371,"	2022-06-26 00:00:00",0,"1.0359999999999999E+002",1001,4600,310,0,22183,5281,"3.0E+000",0
14,"	2022-10-02 00:00:00",0,"6.9799999999999997E+001",1001,310,4,0,22667,328,6.9999999999999996E-001,0
40,"	2022-09-21 00:00:00",0,"8.2799999999999997E+001",1001,670,16,0,22567,726,"1.2E+000",0
149,"	2022-08-08 00:00:00",0,"9.2599999999999994E+001",1001,1179,87,0,22268,1415,"2.7999999999999998E+000",0
2408,"	2022-06-06 00:00:00",0,"9.6700000000000003E+001",1001,16064,3042,0,22163,21514,"1.14E+001",0
64,"	2022-07-30 00:00:00",0,"8.0599999999999994E+001",1001,683,32,0,22217,779,"1.3999999999999999E+000",0
537,"	2022-07-04 00:00:00",0,"1.0759999999999999E+002",1001,5166,548,0,22191,6251,"3.1000000000000001E+000",0
44,"	2022-09-29 00:00:00",0,"8.3900000000000006E+001",1001,847,13,0,22607,904,"1.3999999999999999E+000",0
490,"	2022-09-15 00:00:00",0,"9.2799999999999997E+001",1001,4132,382,0,22467,5004,"4.7000000000000002E+000",0
1027,"	2022-01-03 00:00:00",0,"7.8799999999999997E+001",1001,6607,1257,0,21984,8891,"6.7000000000000002E+000",0
125,"	2022-08-01 00:00:00",0,"1.048E+002",1001,1353,85,0,22228,1563,"1.7E+000",0
80,"	2022-10-21 00:00:00",0,"7.9599999999999994E+001",1001,1143,52,0,22730,1275,"2.1000000000000001E+000",0
1344,"	2022-01-08 00:00:00",0,"8.1400000000000006E+001",1001,8157,1745,0,21989,11246,"1.0E+001",0
94,"	2022-10-11 00:00:00",0,"8.3299999999999997E+001",1001,1219,39,0,22689,1352,"1.3E+000",0
942,"	2022-01-15 00:00:00",0,"8.8099999999999994E+001",1001,6358,1208,0,22003,8508,"8.4000000000000004E+000",0
41,"	2022-09-23 00:00:00",0,"7.0E+001",1001,791,13,0,22569,845,"1.1000000000000001E+000",0
889,"	2022-08-09 00:00:00",0,"8.7799999999999997E+001",1001,6657,935,0,22269,8481,"9.5999999999999996E+000",0
120,"	2022-10-20 00:00:00",0,"7.4099999999999994E+001",1001,1630,42,0,22729,1792,"1.3999999999999999E+000",0
120,"	2022-10-29 00:00:00",0,"9.1200000000000003E+001",1001,1517,44,0,22787,1681,"1.8E+000",0
1480,"	2022-01-10 00:00:00",0,"8.2099999999999994E+001",1001,8817,1924,0,22008,12221,"1.36E+001",0
16,"	2022-10-01 00:00:00",0,"5.9299999999999997E+001",1001,336,3,0,22647,355,9.0000000000000002E-001,0
96,"	2022-10-28 00:00:00",0,"7.5799999999999997E+001",1001,1426,51,0,22770,1573,"1.6000000000000001E+000",0
618,"	2022-09-03 00:00:00",0,"9.15E+001",1001,4711,413,0,22307,5742,"5.4000000000000004E+000",0
539,"	2022-01-24 00:00:00",0,"7.7799999999999997E+001",1001,4160,769,0,22016,5468,"9.0E+000",0
1258,"	2022-01-19 00:00:00",0,"8.8599999999999994E+001",1001,8451,1183,0,22011,10892,"8.0E+000",0
69,"	2022-11-06 00:00:00",0,"8.15E+001",1001,851,25,0,22927,945,"1.8E+000",0
207,"	2022-10-09 00:00:00",0,"7.3099999999999994E+001",1001,2214,93,0,22687,2514,"1.8999999999999999E+000",0
152,"	2022-11-05 00:00:00",0,"8.9E+001",1001,2019,70,0,22907,2241,"2.5E+000",0
1672,"	2022-02-02 00:00:00",0,"8.7200000000000003E+001",1001,11919,1915,0,22024,15506,"1.0699999999999999E+001",0
1128,"	2022-01-27 00:00:00",0,"7.6200000000000003E+001",1001,6943,1532,0,22019,9603,"1.25E+001",0
458,"	2022-09-11 00:00:00",0,"9.0900000000000006E+001",1001,4038,293,0,22387,4789,"4.4000000000000004E+000",0
65,"	2022-11-14 00:00:00",0,"7.1700000000000003E+001",1001,769,21,0,22948,855,"1.3999999999999999E+000",0
34,"	2022-11-13 00:00:00",0,"6.5599999999999994E+001",1001,504,11,0,22947,549,"1.2E+000",0
51,"	2022-10-18 00:00:00",0,"8.8599999999999994E+001",1001,569,17,0,22727,637,"1.8999999999999999E+000",0
2109,"	2022-02-05 00:00:00",0,"8.85E+001",1001,13416,2308,0,22027,17833,"1.1E+001",0
1329,"	2022-02-10 00:00:00",0,"8.5E+001",1001,9645,1389,0,22032,12363,"9.0E+000",0
1431,"	2022-01-05 00:00:00",0,"8.6900000000000006E+001",1001,9076,1924,0,21986,12431,"1.0E+001",0
120,"	2022-10-26 00:00:00",0,"8.6200000000000003E+001",1001,1667,40,0,22768,1827,"1.7E+000",0
196,"	2022-09-19 00:00:00",0,"7.6799999999999997E+001",1001,1620,218,0,22527,2034,"2.8999999999999999E+000",0
992,"	2022-01-04 00:00:00",0,"7.9200000000000003E+001",1001,7202,1240,0,21985,9434,"9.0999999999999996E+000",0
246,"	2022-11-03 00:00:00",0,"8.8200000000000003E+001",1001,2312,173,0,22867,2731,"2.8999999999999999E+000",0
31,"	2022-09-27 00:00:00",0,"7.4200000000000003E+001",1001,627,11,0,22589,669,9.0000000000000002E-001,0
1831,"	2022-02-18 00:00:00",0,"8.55E+001",1001,12166,2598,0,22040,16595,"1.3199999999999999E+001",0
1817,"	2022-01-11 00:00:00",0,"9.7E+001",1001,13613,2538,0,22005,17968,"1.0199999999999999E+001",0
1623,"	2022-02-13 00:00:00",0,"8.7099999999999994E+001",1001,11528,1780,0,22035,14931,"1.0300000000000001E+001",0
1612,"	2022-01-18 00:00:00",0,"8.7E+001",1001,11156,1449,0,22004,14217,"9.0999999999999996E+000",0
34,"	2022-11-11 00:00:00",0,"7.7E+001",1001,556,12,0,22932,602,"1.1000000000000001E+000",0
53,"	2022-10-05 00:00:00",0,"7.5400000000000006E+001",1001,896,14,0,22670,963,"1.3E+000",0
1538,"	2022-02-27 00:00:00",0,"8.75E+001",1001,9581,2270,0,22048,13389,"9.6999999999999993E+000",0
871,"	2022-01-02 00:00:00",0,"7.9599999999999994E+001",1001,5441,1040,0,21983,7352,"6.5999999999999996E+000",0
1023,"	2022-01-21 00:00:00",0,"8.3799999999999997E+001",1001,7595,1193,0,22013,9811,"8.3000000000000007E+000",0
3277,"	2022-02-21 00:00:00",0,"7.8E+001",1001,20851,5343,0,22043,29471,"2.1899999999999999E+001",0
785,"	2022-01-20 00:00:00",0,"8.3299999999999997E+001",1001,5681,804,0,22012,7270,"6.2999999999999998E+000",0
69,"	2022-10-13 00:00:00",0,"6.8900000000000006E+001",1001,882,19,0,22708,970,"1.3E+000",0
1596,"	2022-01-29 00:00:00",0,"8.8700000000000003E+001",1001,10140,1548,0,22021,13284,"9.0E+000",0
1056,"	2022-03-07 00:00:00",0,"8.7099999999999994E+001",1001,9076,1372,0,22056,11504,"9.4000000000000004E+000",0
1365,"	2022-03-02 00:00:00",0,"8.45E+001",1001,9102,1524,0,22051,11991,"8.6999999999999993E+000",0
1455,"	2022-01-13 00:00:00",0,"8.6099999999999994E+001",1001,9983,1499,0,22002,12937,"9.6999999999999993E+000",0
1388,"	2022-01-28 00:00:00",0,"8.0799999999999997E+001",1001,8897,1821,0,22020,12106,"1.16E+001",0
1668,"	2022-03-10 00:00:00",0,"8.6299999999999997E+001",1001,11084,2672,0,22059,15424,"1.2800000000000001E+001",0
1372,"	2022-02-06 00:00:00",0,"8.2700000000000003E+001",1001,9066,1553,0,22028,11991,"1.0300000000000001E+001",0
2096,"	2022-03-15 00:00:00",0,"8.0200000000000003E+001",1001,13463,3519,0,22064,19078,"1.51E+001",0
92,"	2022-10-22 00:00:00",0,"7.8900000000000006E+001",1001,1042,33,0,22731,1167,"1.7E+000",0
859,"	2022-01-17 00:00:00",0,"8.4299999999999997E+001",1001,5623,929,0,22010,7411,"8.0E+000",0
1309,"	2022-02-07 00:00:00",0,"8.9099999999999994E+001",1001,8475,1341,0,22029,11125,"8.5E+000",0
958,"	2022-01-26 00:00:00",0,"7.6700000000000003E+001",1001,6222,1034,0,22018,8214,"8.1999999999999993E+000",0
1202,"	2022-03-18 00:00:00",0,"8.2700000000000003E+001",1001,7998,1718,0,22067,10918,"1.15E+001",0
1185,"	2022-02-15 00:00:00",0,"8.2200000000000003E+001",1001,8621,1773,0,22037,11579,"1.1800000000000001E+001",0
191,"	2022-10-30 00:00:00",0,"9.3200000000000003E+001",1001,2602,82,0,22807,2875,"2.2000000000000002E+000",0
2104,"	2022-03-23 00:00:00",0,"8.7599999999999994E+001",1001,14121,3126,0,22072,19351,"1.41E+001",0
1498,"	2022-02-14 00:00:00",0,"9.0700000000000003E+001",1001,10674,1837,0,22036,14009,"1.06E+001",0
1475,"	2022-02-04 00:00:00",0,"9.7799999999999997E+001",1001,12325,1737,0,22026,15537,"8.3000000000000007E+000",0
1814,"	2022-05-16 00:00:00",0,"8.15E+001",1001,10696,2362,0,22142,14872,"1.24E+001",0
58,"	2022-11-07 00:00:00",0,"8.3E+001",1001,679,39,0,22928,776,"1.8E+000",0
1594,"	2022-03-31 00:00:00",0,"8.55E+001",1001,10279,2056,0,22080,13929,"1.15E+001",0
50,"	2022-02-24 00:00:00",0,"7.7099999999999994E+001",1001,294,46,0,22045,390,"3.7999999999999998E+000",0
2511,"	2022-03-26 00:00:00",0,"8.2200000000000003E+001",1001,16549,4856,0,22075,23916,"1.85E+001",0
1213,"	2022-02-22 00:00:00",0,"9.1299999999999997E+001",1001,7925,1522,0,22044,10660,"1.39E+001",0
1295,"	2022-02-12 00:00:00",0,"8.6799999999999997E+001",1001,8623,1368,0,22034,11286,"8.0E+000",0
1381,"	2022-05-24 00:00:00",0,"8.6099999999999994E+001",1001,8637,1778,0,22150,11796,"1.04E+001",0
1281,"	2022-03-04 00:00:00",0,"8.9200000000000003E+001",1001,9094,1714,0,22053,12089,"9.0999999999999996E+000",0
1580,"	2022-04-08 00:00:00",0,"9.0799999999999997E+001",1001,10453,1946,0,22088,13979,"9.8000000000000007E+000",0
2806,"	2022-02-20 00:00:00",0,"8.7099999999999994E+001",1001,17991,4666,0,22042,25463,"1.7399999999999999E+001",0
49,"	2022-11-15 00:00:00",0,"7.3E+001",1001,670,13,0,22949,732,9.0000000000000002E-001,0
1310,"	2022-03-03 00:00:00",0,"9.0799999999999997E+001",1001,9241,1727,0,22052,12278,"9.8000000000000007E+000",0
1505,"	2022-04-03 00:00:00",0,"8.4400000000000006E+001",1001,9875,1976,0,22083,13356,"1.1699999999999999E+001",0
1736,"	2022-04-16 00:00:00",0,"9.6700000000000003E+001",1001,12903,2299,0,22096,16938,"9.5999999999999996E+000",0
1427,"	2022-03-12 00:00:00",0,"8.3400000000000006E+001",1001,9754,2137,0,22061,13318,"1.05E+001",0
1715,"	2022-06-01 00:00:00",0,"9.3E+001",1001,12502,2182,0,22158,16399,"9.8000000000000007E+000",0
1042,"	2022-01-06 00:00:00",0,"8.5599999999999994E+001",1001,6457,1142,0,21987,8641,"7.7999999999999998E+000",0
711,"	2022-03-01 00:00:00",0,"9.0400000000000006E+001",1001,5329,836,0,22050,6876,"5.5999999999999996E+000",0
1496,"	2022-03-11 00:00:00",0,"7.7599999999999994E+001",1001,9836,2184,0,22060,13516,"1.14E+001",0
1630,"	2022-04-11 00:00:00",0,"8.6900000000000006E+001",1001,10965,2082,0,22091,14677,"1.09E+001",0
826,"	2022-05-14 00:00:00",0,"7.55E+001",1001,5506,1386,0,22124,7718,"1.3199999999999999E+001",0
2807,"	2022-04-24 00:00:00",0,"9.0799999999999997E+001",1001,17642,4713,0,22104,25162,"1.7100000000000001E+001",0
1227,"	2022-06-09 00:00:00",0,"7.4200000000000003E+001",1001,8810,1389,0,22166,11426,"6.2999999999999998E+000",0
2059,"	2022-03-20 00:00:00",0,"8.9299999999999997E+001",1001,13896,2618,0,22069,18573,"1.16E+001",0
726,"	2022-05-22 00:00:00",0,"9.6099999999999994E+001",1001,5415,1003,0,22148,7144,"9.9000000000000004E+000",0
1493,"	2022-03-09 00:00:00",0,"8.6400000000000006E+001",1001,10136,1807,0,22058,13436,"1.0800000000000001E+001",0
1194,"	2022-01-12 00:00:00",0,"8.6599999999999994E+001",1001,7656,1364,0,22006,10214,"8.9000000000000004E+000",0
2040,"	2022-03-19 00:00:00",0,"9.0799999999999997E+001",1001,13609,3061,0,22068,18710,"1.2199999999999999E+001",0
1594,"	2022-04-19 00:00:00",0,"7.7400000000000006E+001",1001,9955,2222,0,22099,13771,"1.3E+001",0
2137,"	2022-05-02 00:00:00",0,"8.6E+001",1001,12809,2679,0,22112,17625,"1.2E+001",0
1474,"	2022-06-17 00:00:00",0,"1.048E+002",1001,12026,1756,0,22174,15256,"6.9000000000000004E+000",0
1273,"	2022-03-28 00:00:00",0,"7.35E+001",1001,9022,1813,0,22077,12108,"1.46E+001",0
2626,"	2022-04-27 00:00:00",0,"9.4299999999999997E+001",1001,17230,4563,0,22107,24419,"1.55E+001",0
1816,"	2022-05-30 00:00:00",0,"9.1400000000000006E+001",1001,12642,2178,0,22156,16636,"1.1699999999999999E+001",0
2486,"	2022-03-27 00:00:00",0,"8.6400000000000006E+001",1001,16251,3402,0,22076,22139,"1.54E+001",0
1770,"	2022-03-17 00:00:00",0,"8.5E+001",1001,12242,2961,0,22066,16973,"1.4199999999999999E+001",0
583,"	2022-06-25 00:00:00",0,"1.0359999999999999E+002",1001,5815,409,0,22182,6807,"3.5E+000",0
1776,"	2022-05-10 00:00:00",0,"8.5200000000000003E+001",1001,11226,2614,0,22120,15616,"1.4E+001",0
852,"	2022-01-22 00:00:00",0,"8.3799999999999997E+001",1001,6075,915,0,22014,7842,"7.5999999999999996E+000",0
625,"	2022-06-07 00:00:00",0,"8.75E+001",1001,5194,661,0,22164,6480,"5.0E+000",0
2595,"	2022-03-25 00:00:00",0,"8.6700000000000003E+001",1001,16433,4281,0,22074,23309,"1.6300000000000001E+001",0
1868,"	2022-05-05 00:00:00",0,"8.5599999999999994E+001",1001,11710,2860,0,22115,16438,"1.2300000000000001E+001",0
1585,"	2022-04-04 00:00:00",0,"8.1400000000000006E+001",1001,10113,2279,0,22084,13977,"1.15E+001",0
516,"	2022-07-03 00:00:00",0,"1.045E+002",1001,5558,454,0,22190,6528,"3.0E+000",0
1730,"	2022-04-30 00:00:00",0,"9.0700000000000003E+001",1001,12530,2339,0,22110,16599,"1.1300000000000001E+001",0
93,"	2022-10-23 00:00:00",0,"8.9299999999999997E+001",1001,1159,28,0,22747,1280,"1.8E+000",0
36,"	2022-11-10 00:00:00",0,"6.3799999999999997E+001",1001,632,17,0,22931,685,"1.0E+000",0
252,"	2022-10-31 00:00:00",0,"1.032E+002",1001,3495,140,0,22808,3887,"1.8E+000",0
569,"	2022-01-01 00:00:00",0,"7.9799999999999997E+001",1001,3658,635,0,21982,4862,"7.7000000000000002E+000",0
641,"	2022-05-08 00:00:00",0,"7.85E+001",1001,4354,882,0,22118,5877,"1.0800000000000001E+001",0
72,"	2022-11-08 00:00:00",0,"8.55E+001",1001,754,22,0,22929,848,"1.8E+000",0
5,"	2022-01-09 00:00:00",0,"8.5900000000000006E+001",1001,32,2,0,22001,39,"3.6000000000000001E+000",0
53,"	2022-11-16 00:00:00",0,"7.5700000000000003E+001",1001,945,23,0,22950,1021,"1.5E+000",0
1061,"	2022-01-07 00:00:00",0,"8.25E+001",1001,6374,1267,0,21988,8702,"7.5999999999999996E+000",0
1058,"	2022-01-14 00:00:00",0,"8.4200000000000003E+001",1001,6835,1243,0,22009,9136,"1.0E+001",0
1202,"	2022-01-16 00:00:00",0,"8.1799999999999997E+001",1001,8078,1456,0,22007,10736,"8.4000000000000004E+000",0
1265,"	2022-03-14 00:00:00",0,"8.0200000000000003E+001",1001,8773,1814,0,22063,11852,"1.14E+001",0
1206,"	2022-03-24 00:00:00",0,"8.05E+001",1001,6886,1675,0,22073,9767,"1.1699999999999999E+001",0
2488,"	2022-04-01 00:00:00",0,"8.9900000000000006E+001",1001,16163,3458,0,22081,22109,"1.4E+001",0
2560,"	2022-03-22 00:00:00",0,"8.9200000000000003E+001",1001,16603,4252,0,22071,23415,"1.6399999999999999E+001",0
1628,"	2022-04-09 00:00:00",0,"8.6200000000000003E+001",1001,11334,2433,0,22089,15395,"1.31E+001",0
1256,"	2022-03-30 00:00:00",0,"8.0200000000000003E+001",1001,8523,1733,0,22079,11512,"1.06E+001",0
1345,"	2022-04-17 00:00:00",0,"8.8299999999999997E+001",1001,9082,1429,0,22097,11856,"9.1999999999999993E+000",0
1194,"	2022-04-07 00:00:00",0,"8.7700000000000003E+001",1001,9180,1549,0,22087,11923,"8.6999999999999993E+000",0
1569,"	2022-04-15 00:00:00",0,"9.4099999999999994E+001",1001,11717,2151,0,22095,15437,"9.8000000000000007E+000",0
3099,"	2022-04-25 00:00:00",0,"9.2099999999999994E+001",1001,19329,6152,0,22105,28580,"1.9100000000000001E+001",0
2058,"	2022-04-23 00:00:00",0,"8.9099999999999994E+001",1001,13166,3554,0,22103,18778,"1.55E+001",0
1368,"	2022-05-03 00:00:00",0,"8.5299999999999997E+001",1001,8494,1580,0,22113,11442,"9.4000000000000004E+000",0
2811,"	2022-05-01 00:00:00",0,"8.8700000000000003E+001",1001,17878,3948,0,22111,24637,"1.54E+001",0
550,"	2022-06-15 00:00:00",0,"8.4400000000000006E+001",1001,5110,577,0,22172,6237,"4.5999999999999996E+000",0
2016,"	2022-01-30 00:00:00",0,"9.9099999999999994E+001",1001,14781,2618,0,22022,19415,"1.11E+001",0
1789,"	2022-04-02 00:00:00",0,"9.1900000000000006E+001",1001,13479,2890,0,22082,18158,"1.11E+001",0
1009,"	2022-05-13 00:00:00",0,"6.65E+001",1001,6994,1614,0,22123,9617,"9.1999999999999993E+000",0
723,"	2022-07-11 00:00:00",0,"9.1700000000000003E+001",1001,5809,684,0,22198,7216,"6.9000000000000004E+000",0
1685,"	2022-04-12 00:00:00",0,"8.8099999999999994E+001",1001,11363,2512,0,22092,15560,"1.14E+001",0
489,"	2022-06-23 00:00:00",0,"1.013E+002",1001,5402,386,0,22180,6277,"3.3999999999999999E+000",0
1410,"	2022-04-10 00:00:00",0,"8.1700000000000003E+001",1001,8904,2057,0,22090,12371,"1.1300000000000001E+001",0
1783,"	2022-02-08 00:00:00",0,"8.5599999999999994E+001",1001,12387,1921,0,22030,16091,"1.06E+001",0
1187,"	2022-07-19 00:00:00",0,"9.9400000000000006E+001",1001,9323,1188,0,22206,11698,"6.9000000000000004E+000",0
1491,"	2022-04-18 00:00:00",0,"8.4400000000000006E+001",1001,9720,1688,0,22098,12899,"1.04E+001",0
1524,"	2022-04-05 00:00:00",0,"7.8700000000000003E+001",1001,9370,2402,0,22085,13296,"1.24E+001",0
1047,"	2022-04-20 00:00:00",0,"8.2900000000000006E+001",1001,7415,1597,0,22100,10059,"9.8000000000000007E+000",0
190,"	2022-07-01 00:00:00",0,"1.0240000000000001E+002",1001,2389,146,0,22188,2725,"1.8999999999999999E+000",0
1759,"	2022-02-16 00:00:00",0,"9.2900000000000006E+001",1001,11708,2210,0,22038,15677,"1.0E+001",0
90,"	2022-07-27 00:00:00",0,"1.1109999999999999E+002",1001,1399,48,0,22214,1537,"1.0E+000",0
346,"	2022-07-09 00:00:00",0,"9.1599999999999994E+001",1001,2823,217,0,22196,3386,"3.2999999999999998E+000",0
341,"	2022-08-04 00:00:00",0,"7.9799999999999997E+001",1001,2399,203,0,22231,2943,"3.8999999999999999E+000",0
1819,"	2022-04-13 00:00:00",0,"9.05E+001",1001,12004,2543,0,22093,16366,"1.19E+001",0
2986,"	2022-04-26 00:00:00",0,"9.1E+001",1001,20059,5525,0,22106,28570,"1.8600000000000001E+001",0
2471,"	2022-04-28 00:00:00",0,"9.75E+001",1001,16320,3512,0,22108,22303,"1.2699999999999999E+001",0
1091,"	2022-02-25 00:00:00",0,"8.3299999999999997E+001",1001,7039,1292,0,22046,9422,"7.7000000000000002E+000",0
2367,"	2022-07-17 00:00:00",0,"1.025E+002",1001,17149,3371,0,22204,22887,"1.1E+001",0
231,"	2022-08-12 00:00:00",0,"8.1900000000000006E+001",1001,1655,169,0,22272,2055,"3.3999999999999999E+000",0
1782,"	2022-04-21 00:00:00",0,"8.3200000000000003E+001",1001,11639,2828,0,22101,16249,"1.2300000000000001E+001",0
1712,"	2022-05-04 00:00:00",0,"8.35E+001",1001,11128,2909,0,22114,15749,"1.34E+001",0
2160,"	2022-05-06 00:00:00",0,"8.5900000000000006E+001",1001,13664,3571,0,22116,19395,"1.4300000000000001E+001",0
1305,"	2022-03-05 00:00:00",0,"8.7E+001",1001,9862,1707,0,22054,12874,"8.3000000000000007E+000",0
497,"	2022-07-25 00:00:00",0,"1.053E+002",1001,4764,335,0,22212,5596,"3.0E+000",0
330,"	2022-09-06 00:00:00",0,"9.1E+001",1001,2725,188,0,22329,3243,"3.2000000000000002E+000",0
2213,"	2022-04-29 00:00:00",0,"8.9E+001",1001,14754,3518,0,22109,20485,"1.3699999999999999E+001",0
193,"	2022-08-02 00:00:00",0,"1.007E+002",1001,1745,102,0,22229,2040,"2.1000000000000001E+000",0
500,"	2022-09-14 00:00:00",0,"9.1299999999999997E+001",1001,3930,367,0,22447,4797,"4.2000000000000002E+000",0
1807,"	2022-03-13 00:00:00",0,"8.6200000000000003E+001",1001,12178,2812,0,22062,16797,"1.34E+001",0
1297,"	2022-05-12 00:00:00",0,"7.8799999999999997E+001",1001,8102,2250,0,22122,11649,"1.11E+001",0
1162,"	2022-08-10 00:00:00",0,"9.0299999999999997E+001",1001,7638,1098,0,22270,9898,"8.9000000000000004E+000",0
889,"	2022-09-04 00:00:00",0,"9.25E+001",1001,6617,691,0,22327,8197,"6.2000000000000002E+000",0
924,"	2022-05-07 00:00:00",0,"7.7E+001",1001,6449,1342,0,22117,8715,"1.16E+001",0
2561,"	2022-03-21 00:00:00",0,"8.6099999999999994E+001",1001,17434,3845,0,22070,23840,"1.5699999999999999E+001",0
35,"	2022-09-22 00:00:00",0,"8.5599999999999994E+001",1001,710,17,0,22568,762,"1.3999999999999999E+000",0
267,"	2022-09-12 00:00:00",0,"9.05E+001",1001,2218,125,0,22407,2610,"3.0E+000",0
1087,"	2022-03-29 00:00:00",0,"7.15E+001",1001,7259,1478,0,22078,9824,"1.3E+001",0
26,"	2022-09-30 00:00:00",0,"7.6599999999999994E+001",1001,583,12,0,22627,621,"1.5E+000",0
19,"	2022-09-20 00:00:00",0,"7.9200000000000003E+001",1001,258,6,0,22547,283,5.9999999999999998E-001,0
1593,"	2022-04-06 00:00:00",0,"8.7299999999999997E+001",1001,11026,2247,0,22086,14866,"1.0199999999999999E+001",0
138,"	2022-10-08 00:00:00",0,"8.2599999999999994E+001",1001,1721,74,0,22673,1933,"2.2000000000000002E+000",0
18,"	2022-09-28 00:00:00",0,"9.35E+001",1001,441,6,0,22590,465,9.0000000000000002E-001,0
1134,"	2022-04-14 00:00:00",0,"8.3700000000000003E+001",1001,8472,1403,0,22094,11009,"8.5999999999999996E+000",0
64,"	2022-10-16 00:00:00",0,"9.2299999999999997E+001",1001,881,33,0,22711,978,"1.8E+000",0
65,"	2022-10-06 00:00:00",0,"7.7599999999999994E+001",1001,897,27,0,22671,989,"1.6000000000000001E+000",0
90,"	2022-10-25 00:00:00",0,"8.9700000000000003E+001",1001,1310,40,0,22767,1440,"1.8E+000",0
1599,"	2022-04-22 00:00:00",0,"8.55E+001",1001,10569,2550,0,22102,14718,"1.54E+001",0
51,"	2022-10-14 00:00:00",0,"6.4099999999999994E+001",1001,687,17,0,22709,755,"1.0E+000",0
366,"	2022-11-02 00:00:00",0,"1.0059999999999999E+002",1001,4327,218,0,22847,4911,"2.3999999999999999E+000",0
699,"	2022-01-25 00:00:00",0,"8.0200000000000003E+001",1001,5061,762,0,22017,6522,"6.7999999999999998E+000",0
2278,"	2022-02-03 00:00:00",0,"9.0E+001",1001,14477,2708,0,22025,19463,"1.2E+001",0
528,"	2022-01-23 00:00:00",0,"8.1299999999999997E+001",1001,3869,626,0,22015,5023,"7.5999999999999996E+000",0
1229,"	2022-02-01 00:00:00",0,"8.8400000000000006E+001",1001,8783,1603,0,22023,11615,"1.0199999999999999E+001",0
1280,"	2022-02-11 00:00:00",0,"8.6E+001",1001,9163,1518,0,22033,11961,"9.8000000000000007E+000",0
2383,"	2022-02-19 00:00:00",0,"9.1299999999999997E+001",1001,16164,3489,0,22041,22036,"1.39E+001",0
1591,"	2022-02-09 00:00:00",0,"8.9599999999999994E+001",1001,11678,1407,0,22031,14676,"8.4000000000000004E+000",0
1851,"	2022-02-17 00:00:00",0,"8.4E+001",1001,11817,2539,0,22039,16207,"1.24E+001",0
1352,"	2022-02-28 00:00:00",0,"8.7900000000000006E+001",1001,9361,1772,0,22049,12485,"1.0E+001",0
885,"	2022-02-26 00:00:00",0,"8.4799999999999997E+001",1001,6017,1063,0,22047,7965,"6.2999999999999998E+000",0
2634,"	2022-03-08 00:00:00",0,"8.6400000000000006E+001",1001,16927,4126,0,22057,23687,"1.7E+001",0
2080,"	2022-03-06 00:00:00",0,"9.45E+001",1001,15488,2708,0,22055,20276,"1.15E+001",0
1786,"	2022-03-16 00:00:00",0,"8.4799999999999997E+001",1001,11435,2071,0,22065,15292,"1.14E+001",0
1229,"	2022-05-11 00:00:00",0,"8.3700000000000003E+001",1001,7200,1951,0,22121,10380,"1.2199999999999999E+001",0
1703,"	2022-05-09 00:00:00",0,"8.1900000000000006E+001",1001,10692,2503,0,22119,14898,"1.4E+001",0
1883,2021/12/21,0,"9.2E+001",1001,13610,2108,0,21823,17601,"9.8000000000000007E+000",0
1915,2021/12/18,0,"9.6400000000000006E+001",1001,14786,2321,0,21805,19022,"1.0199999999999999E+001",0
1417,2021/12/13,0,"8.9400000000000006E+001",1001,10473,1667,0,21783,13557,"8.4000000000000004E+000",0
1121,"09-11月-21 12.00.00.000000000 上午",0,"9.8400000000000006E+001",1001,9723,1116,0,21623,11960,"6.7999999999999998E+000",0
919,"17-11月-21 12.00.00.000000000 上午",0,"9.0E+001",1001,6928,920,0,21664,8767,"5.9000000000000004E+000",0
1100,"03-11月-21 12.00.00.000000000 上午",0,"7.9200000000000003E+001",1001,7061,1474,0,21608,9635,"1.09E+001",0
1201,"06-11月-21 12.00.00.000000000 上午",0,"7.8599999999999994E+001",1001,7327,1736,0,21611,10264,"1.19E+001",0
808,"11-11月-21 12.00.00.000000000 上午",0,"8.2400000000000006E+001",1001,5479,875,0,21625,7162,"7.5E+000",0
633,"14-11月-21 12.00.00.000000000 上午",0,"8.6299999999999997E+001",1001,4534,733,0,21661,5900,"5.7999999999999998E+000",0
609,"19-11月-21 12.00.00.000000000 上午",0,"8.2200000000000003E+001",1001,4143,578,0,21682,5330,"5.9000000000000004E+000",0
1270,"22-11月-21 12.00.00.000000000 上午",0,"1.037E+002",1001,12840,1728,0,21702,15838,"7.5E+000",0
1611,"07-11月-21 12.00.00.000000000 上午",0,"8.1400000000000006E+001",1001,9936,2409,0,21621,13956,"1.26E+001",0
1829,"05-11月-21 12.00.00.000000000 上午",0,"8.2799999999999997E+001",1001,11154,2906,0,21610,15889,"1.3199999999999999E+001",0
1137,"13-11月-21 12.00.00.000000000 上午",0,"8.9700000000000003E+001",1001,8006,1177,0,21641,10320,"7.2000000000000002E+000",0
483,"15-11月-21 12.00.00.000000000 上午",0,"8.3299999999999997E+001",1001,3676,436,0,21662,4595,"4.7000000000000002E+000",0
745,"21-11月-21 12.00.00.000000000 上午",0,"8.3200000000000003E+001",1001,5075,735,0,21701,6555,"7.2000000000000002E+000",0
1348,"23-11月-21 12.00.00.000000000 上午",0,"9.8799999999999997E+001",1001,11745,1441,0,21721,14534,"7.2000000000000002E+000",0
1492,"08-11月-21 12.00.00.000000000 上午",0,"1.058E+002",1001,13296,2302,0,21622,17090,"8.4000000000000004E+000",0
752,"16-11月-21 12.00.00.000000000 上午",0,"7.2E+001",1001,5196,730,0,21663,6678,"5.4000000000000004E+000",0
916,"24-11月-21 12.00.00.000000000 上午",0,"8.6700000000000003E+001",1001,7024,844,0,21722,8784,"6.7999999999999998E+000",0
797,"25-11月-21 12.00.00.000000000 上午",0,"8.2799999999999997E+001",1001,5935,874,0,21723,7606,"7.0E+000",0
1386,"04-11月-21 12.00.00.000000000 上午",0,"8.0299999999999997E+001",1001,8496,1913,0,21609,11795,"1.05E+001",0
1458,"02-11月-21 12.00.00.000000000 上午",0,"7.8799999999999997E+001",1001,8888,2145,0,21607,12491,"1.3E+001",0
1075,"10-11月-21 12.00.00.000000000 上午",0,"9.0700000000000003E+001",1001,9051,1103,0,21624,11229,"7.0999999999999996E+000",0
1152,"12-11月-21 12.00.00.000000000 上午",0,"8.2E+001",1001,7682,1275,0,21626,10109,"8.8000000000000007E+000",0
932,"18-11月-21 12.00.00.000000000 上午",0,"8.9200000000000003E+001",1001,6573,863,0,21681,8368,"6.9000000000000004E+000",0
1189,"20-11月-21 12.00.00.000000000 上午",0,"9.15E+001",1001,8141,1194,0,21683,10524,"7.7999999999999998E+000",0
1958,"03-9月 -21 12.00.00.000000000 上午",0,"8.0E+001",1001,13164,3425,0,21531,18547,"1.65E+001",0
873,"21-7月 -21 12.00.00.000000000 上午",0,"8.5400000000000006E+001",1001,6127,772,0,21443,7772,"7.0999999999999996E+000",0
1526,"27-7月 -21 12.00.00.000000000 上午",0,"8.8200000000000003E+001",1001,11375,1984,0,21461,14885,"1.0800000000000001E+001",0
1400,"29-8月 -21 12.00.00.000000000 上午",0,"8.8400000000000006E+001",1001,9571,1899,0,21526,12870,"1.11E+001",0
2475,"14-7月 -21 12.00.00.000000000 上午",0,"8.8599999999999994E+001",1001,16598,3682,0,21425,22755,"1.4800000000000001E+001",0
1195,"29-7月 -21 12.00.00.000000000 上午",0,"9.2900000000000006E+001",1001,9181,1138,0,21463,11514,"7.4000000000000004E+000",0
2882,"11-9月 -21 12.00.00.000000000 上午",0,"8.4200000000000003E+001",1001,18096,4699,0,21539,25677,"1.8899999999999999E+001",0
1130,"06-9月 -21 12.00.00.000000000 上午",0,"7.9200000000000003E+001",1001,7706,1794,0,21534,10630,"1.15E+001",0
1231,"06-8月 -21 12.00.00.000000000 上午",0,"8.7400000000000006E+001",1001,8647,1387,0,21471,11265,"9.5E+000",0
792,"19-9月 -21 12.00.00.000000000 上午",0,"8.0299999999999997E+001",1001,5046,946,0,21547,6784,"8.9000000000000004E+000",0
1514,"04-8月 -21 12.00.00.000000000 上午",0,"8.3099999999999994E+001",1001,11747,2193,0,21469,15454,"1.31E+001",0
1088,"22-7月 -21 12.00.00.000000000 上午",0,"9.0200000000000003E+001",1001,8395,1130,0,21444,10613,"7.5999999999999996E+000",0
1878,"14-8月 -21 12.00.00.000000000 上午",0,"9.4200000000000003E+001",1001,12863,2455,0,21487,17196,"1.11E+001",0
1020,"27-9月 -21 12.00.00.000000000 上午",0,"8.5599999999999994E+001",1001,7524,1087,0,21562,9631,"8.1999999999999993E+000",0
1145,"12-8月 -21 12.00.00.000000000 上午",0,"9.8299999999999997E+001",1001,9668,1137,0,21485,11950,"6.7000000000000002E+000",0
1307,"14-9月 -21 12.00.00.000000000 上午",0,"8.3900000000000006E+001",1001,8029,1606,0,21542,10942,"1.1800000000000001E+001",0
2914,"22-8月 -21 12.00.00.000000000 上午",0,"9.6299999999999997E+001",1001,19397,4122,0,21507,26433,"1.4199999999999999E+001",0
1120,"05-10月-21 12.00.00.000000000 上午",0,"8.6799999999999997E+001",1001,7928,1430,0,21570,10478,"8.5999999999999996E+000",0
1241,"30-7月 -21 12.00.00.000000000 上午",0,"9.4200000000000003E+001",1001,10109,1289,0,21464,12639,"7.7000000000000002E+000",0
1031,"22-9月 -21 12.00.00.000000000 上午",0,"8.6799999999999997E+001",1001,7056,1289,0,21550,9376,"1.0E+001",0
1825,"20-8月 -21 12.00.00.000000000 上午",0,"9.1799999999999997E+001",1001,13326,2518,0,21505,17669,"1.06E+001",0
2061,"13-10月-21 12.00.00.000000000 上午",0,"9.1900000000000006E+001",1001,14200,3215,0,21587,19476,"1.31E+001",0
1508,"30-8月 -21 12.00.00.000000000 上午",0,"8.6E+001",1001,10409,2061,0,21527,13978,"1.1800000000000001E+001",0
9,"07-8月 -21 12.00.00.000000000 上午",0,"8.7E+001",1001,95,20,0,21472,124,"4.5999999999999996E+000",0
2408,"30-9月 -21 12.00.00.000000000 上午",0,"8.7299999999999997E+001",1001,14799,3517,0,21565,20724,"1.4699999999999999E+001",0
1337,"21-10月-21 12.00.00.000000000 上午",0,"9.3700000000000003E+001",1001,10827,1819,0,21595,13983,"8.8000000000000007E+000",0
1764,"07-9月 -21 12.00.00.000000000 上午",0,"8.15E+001",1001,11438,2764,0,21535,15966,"1.55E+001",0
2492,"25-10月-21 12.00.00.000000000 上午",0,"7.9900000000000006E+001",1001,16642,3381,0,21599,22515,"1.6399999999999999E+001",0
1704,"16-8月 -21 12.00.00.000000000 上午",0,"9.1400000000000006E+001",1001,11878,2048,0,21501,15630,"9.5999999999999996E+000",0
716,"16-9月 -21 12.00.00.000000000 上午",0,"8.3599999999999994E+001",1001,5399,1015,0,21544,7130,"8.1999999999999993E+000",0
1176,"15-10月-21 12.00.00.000000000 上午",0,"8.3700000000000003E+001",1001,7492,1256,0,21589,9924,"1.01E+001",0
2579,"24-8月 -21 12.00.00.000000000 上午",0,"9.2700000000000003E+001",1001,18073,3777,0,21521,24429,"1.5E+001",0
1584,"24-9月 -21 12.00.00.000000000 上午",0,"8.7E+001",1001,10318,2093,0,21552,13995,"1.1199999999999999E+001",0
2484,"23-10月-21 12.00.00.000000000 上午",0,"9.15E+001",1001,16176,2901,0,21597,21561,"1.3300000000000001E+001",0
1584,"02-10月-21 12.00.00.000000000 上午",0,"8.2900000000000006E+001",1001,10216,2199,0,21567,13999,"1.35E+001",0
1511,"01-9月 -21 12.00.00.000000000 上午",0,"8.2299999999999997E+001",1001,10177,2343,0,21529,14031,"1.3800000000000001E+001",0
804,"10-10月-21 12.00.00.000000000 上午",0,"7.7E+001",1001,5213,1416,0,21584,7433,"1.3199999999999999E+001",0
1769,"09-9月 -21 12.00.00.000000000 上午",0,"7.9700000000000003E+001",1001,11233,2657,0,21537,15659,"1.4300000000000001E+001",0
1827,"31-10月-21 12.00.00.000000000 上午",0,"7.9200000000000003E+001",1001,11428,2820,0,21605,16075,"1.6100000000000001E+001",0
1905,"18-10月-21 12.00.00.000000000 上午",0,"8.9200000000000003E+001",1001,12540,2086,0,21592,16531,"1.1199999999999999E+001",0
825,"17-9月 -21 12.00.00.000000000 上午",0,"8.1400000000000006E+001",1001,5906,1091,0,21545,7822,"1.0300000000000001E+001",0
1701,"09-7月 -21 12.00.00.000000000 上午",0,"9.4700000000000003E+001",1001,13605,2007,0,21408,17313,"9.1999999999999993E+000",0
1444,"17-7月 -21 12.00.00.000000000 上午",0,"9.25E+001",1001,10651,1458,0,21428,13553,"9.0999999999999996E+000",0
1640,"12-7月 -21 12.00.00.000000000 上午",0,"9.4200000000000003E+001",1001,12752,2182,0,21423,16574,"9.5999999999999996E+000",0
1206,"25-7月 -21 12.00.00.000000000 上午",0,"9.3900000000000006E+001",1001,9948,1519,0,21447,12673,"8.9000000000000004E+000",0
1110,"20-7月 -21 12.00.00.000000000 上午",0,"8.5099999999999994E+001",1001,6863,1223,0,21442,9196,"9.1999999999999993E+000",0
1338,"02-8月 -21 12.00.00.000000000 上午",0,"8.1E+001",1001,9959,2012,0,21467,13309,"1.1699999999999999E+001",0
1844,"28-7月 -21 12.00.00.000000000 上午",0,"8.9299999999999997E+001",1001,12566,2341,0,21462,16751,"1.15E+001",0
937,"10-8月 -21 12.00.00.000000000 上午",0,"8.9299999999999997E+001",1001,7702,1132,0,21483,9771,"8.4000000000000004E+000",0
810,"05-8月 -21 12.00.00.000000000 上午",0,"7.6799999999999997E+001",1001,6681,1155,0,21470,8646,"9.9000000000000004E+000",0
1069,"11-7月 -21 12.00.00.000000000 上午",0,"8.6099999999999994E+001",1001,7879,1165,0,21422,10113,"8.0999999999999996E+000",0
2064,"18-8月 -21 12.00.00.000000000 上午",0,"8.9599999999999994E+001",1001,13889,2826,0,21503,18779,"1.3199999999999999E+001",0
1678,"13-7月 -21 12.00.00.000000000 上午",0,"9.2599999999999994E+001",1001,12950,2023,0,21424,16651,"1.06E+001",0
1230,"13-8月 -21 12.00.00.000000000 上午",0,"9.7599999999999994E+001",1001,10226,1227,0,21486,12683,"6.9000000000000004E+000",0
1011,"19-7月 -21 12.00.00.000000000 上午",0,"9.1799999999999997E+001",1001,7152,1009,0,21441,9172,"7.5999999999999996E+000",0
1362,"26-8月 -21 12.00.00.000000000 上午",0,"8.3599999999999994E+001",1001,9076,1839,0,21523,12277,"1.16E+001",0
2285,"21-8月 -21 12.00.00.000000000 上午",0,"9.6200000000000003E+001",1001,15580,3073,0,21506,20938,"1.2E+001",0
1608,"28-8月 -21 12.00.00.000000000 上午",0,"8.2E+001",1001,10555,2433,0,21525,14596,"1.3E+001",0
1970,"29-10月-21 12.00.00.000000000 上午",0,"7.8E+001",1001,14006,3442,0,21603,19418,"1.8E+001",0
2961,"08-10月-21 12.00.00.000000000 上午",0,"8.1799999999999997E+001",1001,16844,5042,0,21582,24847,"1.9600000000000001E+001",0
1321,"15-8月 -21 12.00.00.000000000 上午",0,"9.6099999999999994E+001",1001,9880,1609,0,21488,12810,"7.7000000000000002E+000",0
1372,"15-9月 -21 12.00.00.000000000 上午",0,"8.5900000000000006E+001",1001,8832,1867,0,21543,12071,"1.0199999999999999E+001",0
2056,"15-7月 -21 12.00.00.000000000 上午",0,"9.3099999999999994E+001",1001,16036,2610,0,21426,20702,"1.1800000000000001E+001",0
905,"05-9月 -21 12.00.00.000000000 上午",0,"7.8900000000000006E+001",1001,6501,1451,0,21533,8857,"1.31E+001",0
2831,"23-8月 -21 12.00.00.000000000 上午",0,"9.6299999999999997E+001",1001,19369,4354,0,21508,26554,"1.4199999999999999E+001",0
2052,"16-10月-21 12.00.00.000000000 上午",0,"9.8099999999999994E+001",1001,16100,2918,0,21590,21070,"1.06E+001",0
1168,"23-9月 -21 12.00.00.000000000 上午",0,"8.65E+001",1001,8104,1470,0,21551,10742,"1.0800000000000001E+001",0
1742,"23-7月 -21 12.00.00.000000000 上午",0,"9.1400000000000006E+001",1001,12855,1942,0,21445,16539,"1.0E+001",0
3321,"13-9月 -21 12.00.00.000000000 上午",0,"8.4099999999999994E+001",1001,19223,5028,0,21541,27572,"1.9699999999999999E+001",0
3798,"24-10月-21 12.00.00.000000000 上午",0,"8.4299999999999997E+001",1001,23932,5964,0,21598,33694,"2.1199999999999999E+001",0
968,"31-8月 -21 12.00.00.000000000 上午",0,"8.0799999999999997E+001",1001,6807,1319,0,21528,9094,"1.1300000000000001E+001",0
1376,"31-7月 -21 12.00.00.000000000 上午",0,"9.5299999999999997E+001",1001,10344,1599,0,21465,13319,"8.3000000000000007E+000",0
1444,"01-10月-21 12.00.00.000000000 上午",0,"8.2799999999999997E+001",1001,8910,1868,0,21566,12222,"1.2E+001",0
946,"21-9月 -21 12.00.00.000000000 上午",0,"8.3299999999999997E+001",1001,7052,1210,0,21549,9208,"8.8000000000000007E+000",0
3076,"09-10月-21 12.00.00.000000000 上午",0,"8.3400000000000006E+001",1001,19019,5471,0,21583,27566,"2.0199999999999999E+001",0
2717,"29-9月 -21 12.00.00.000000000 上午",0,"8.95E+001",1001,17449,3984,0,21564,24150,"1.54E+001",0
2479,"17-10月-21 12.00.00.000000000 上午",0,"1.01E+002",1001,19500,3488,0,21591,25467,"1.2E+001",0
993,"08-8月 -21 12.00.00.000000000 上午",0,"8.8299999999999997E+001",1001,7533,1074,0,21481,9600,"8.4000000000000004E+000",0
1164,"01-11月-21 12.00.00.000000000 上午",0,"7.8E+001",1001,7355,1447,0,21606,9966,"9.8000000000000007E+000",0
1360,"08-9月 -21 12.00.00.000000000 上午",0,"7.7799999999999997E+001",1001,9101,2460,0,21536,12921,"1.6100000000000001E+001",0
1836,"07-10月-21 12.00.00.000000000 上午",0,"8.7700000000000003E+001",1001,12082,2331,0,21581,16249,"1.15E+001",0
1590,"26-10月-21 12.00.00.000000000 上午",0,"8.1599999999999994E+001",1001,10407,2312,0,21600,14309,"1.34E+001",0
1594,"25-9月 -21 12.00.00.000000000 上午",0,"8.6200000000000003E+001",1001,10029,2004,0,21553,13627,"1.14E+001",0
1341,"03-10月-21 12.00.00.000000000 上午",0,"8.8299999999999997E+001",1001,9495,1780,0,21568,12616,"9.8000000000000007E+000",0
2520,"11-10月-21 12.00.00.000000000 上午",0,"9.3E+001",1001,17413,4341,0,21585,24274,"1.54E+001",0
1376,"19-10月-21 12.00.00.000000000 上午",0,"8.0799999999999997E+001",1001,8659,2050,0,21593,12085,"1.21E+001",0
2403,"08-7月 -21 12.00.00.000000000 上午",0,"9.5E+001",1001,17569,3480,0,21407,23452,"1.36E+001",0
1572,"10-7月 -21 12.00.00.000000000 上午",0,"9.7200000000000003E+001",1001,12311,1870,0,21421,15753,"8.1999999999999993E+000",0
1218,"27-10月-21 12.00.00.000000000 上午",0,"6.8799999999999997E+001",1001,10149,2347,0,21601,13714,"2.0E+001",0
1550,"16-7月 -21 12.00.00.000000000 上午",0,"8.6E+001",1001,10540,1677,0,21427,13767,"1.1300000000000001E+001",0
1275,"18-7月 -21 12.00.00.000000000 上午",0,"8.9E+001",1001,9397,1444,0,21429,12116,"9.1999999999999993E+000",0
2244,"26-7月 -21 12.00.00.000000000 上午",0,"9.35E+001",1001,14106,3263,0,21448,19613,"1.25E+001",0
1411,"24-7月 -21 12.00.00.000000000 上午",0,"9.1900000000000006E+001",1001,10832,1526,0,21446,13769,"9.0E+000",0
1102,"03-8月 -21 12.00.00.000000000 上午",0,"8.1700000000000003E+001",1001,7484,1255,0,21468,9841,"8.4000000000000004E+000",0
1650,"01-8月 -21 12.00.00.000000000 上午",0,"8.5400000000000006E+001",1001,12559,2394,0,21466,16603,"1.41E+001",0
1271,"09-8月 -21 12.00.00.000000000 上午",0,"9.3299999999999997E+001",1001,9329,1424,0,21482,12024,"8.1999999999999993E+000",0
1093,"11-8月 -21 12.00.00.000000000 上午",0,"9.2099999999999994E+001",1001,8509,1204,0,21484,10806,"7.4000000000000004E+000",0
1116,"19-8月 -21 12.00.00.000000000 上午",0,"8.1700000000000003E+001",1001,8095,1509,0,21504,10720,"1.05E+001",0
2701,"17-8月 -21 12.00.00.000000000 上午",0,"9.1200000000000003E+001",1001,17470,3387,0,21502,23558,"1.44E+001",0
1289,"27-8月 -21 12.00.00.000000000 上午",0,"8.1900000000000006E+001",1001,8567,1714,0,21524,11570,"1.1199999999999999E+001",0
1993,"25-8月 -21 12.00.00.000000000 上午",0,"9.1700000000000003E+001",1001,14411,2458,0,21522,18862,"1.1800000000000001E+001",0
1512,"02-9月 -21 12.00.00.000000000 上午",0,"7.8900000000000006E+001",1001,9701,2213,0,21530,13426,"1.55E+001",0
2856,"04-9月 -21 12.00.00.000000000 上午",0,"7.8400000000000006E+001",1001,18566,5113,0,21532,26535,"2.2699999999999999E+001",0
2251,"10-9月 -21 12.00.00.000000000 上午",0,"8.25E+001",1001,14106,3676,0,21538,20033,"1.7100000000000001E+001",0
2978,"12-9月 -21 12.00.00.000000000 上午",0,"8.5799999999999997E+001",1001,18537,4948,0,21540,26463,"1.8899999999999999E+001",0
972,"18-9月 -21 12.00.00.000000000 上午",0,"8.85E+001",1001,6857,1171,0,21546,9000,"9.0E+000",0
1028,"20-9月 -21 12.00.00.000000000 上午",0,"8.3400000000000006E+001",1001,6872,1280,0,21548,9180,"8.6999999999999993E+000",0
1115,"26-9月 -21 12.00.00.000000000 上午",0,"8.5099999999999994E+001",1001,8144,1453,0,21561,10712,"9.5999999999999996E+000",0
2157,"28-9月 -21 12.00.00.000000000 上午",0,"8.75E+001",1001,14246,3018,0,21563,19421,"1.3199999999999999E+001",0
893,"04-10月-21 12.00.00.000000000 上午",0,"8.9400000000000006E+001",1001,6807,1078,0,21569,8778,"6.7999999999999998E+000",0
1019,"06-10月-21 12.00.00.000000000 上午",0,"8.5700000000000003E+001",1001,7798,1152,0,21571,9969,"8.3000000000000007E+000",0
2881,"12-10月-21 12.00.00.000000000 上午",0,"9.6E+001",1001,19862,5027,0,21586,27770,"1.6E+001",0
1539,"14-10月-21 12.00.00.000000000 上午",0,"8.6E+001",1001,9956,1875,0,21588,13370,"1.0800000000000001E+001",0
1642,"20-10月-21 12.00.00.000000000 上午",0,"8.6E+001",1001,10889,2232,0,21594,14763,"1.14E+001",0
2563,"22-10月-21 12.00.00.000000000 上午",0,"9.7099999999999994E+001",1001,17999,3294,0,21596,23856,"1.26E+001",0
2454,"30-10月-21 12.00.00.000000000 上午",0,"7.7099999999999994E+001",1001,14836,4038,0,21604,21328,"1.9699999999999999E+001",0
1524,"28-10月-21 12.00.00.000000000 上午",0,"7.3200000000000003E+001",1001,9890,2327,0,21602,13741,"1.5699999999999999E+001",0
720,"28-6月 -21 12.00.00.000000000 上午",0,"9.4799999999999997E+001",1001,5345,858,0,21395,6923,"8.5999999999999996E+000",0
2064,"21-6月 -21 12.00.00.000000000 上午",0,"9.6599999999999994E+001",1001,14185,2676,0,21388,18925,"1.09E+001",0
2174,"02-7月 -21 12.00.00.000000000 上午",0,"1.003E+002",1001,15908,3411,0,21401,21493,"1.2800000000000001E+001",0
1422,"27-6月 -21 12.00.00.000000000 上午",0,"1.005E+002",1001,11629,1846,0,21394,14897,"8.0E+000",0
953,"25-6月 -21 12.00.00.000000000 上午",0,"8.2700000000000003E+001",1001,6958,1095,0,21392,9006,"7.2999999999999998E+000",0
1656,"06-7月 -21 12.00.00.000000000 上午",0,"8.4799999999999997E+001",1001,10917,2077,0,21405,14650,"1.25E+001",0
1325,"22-6月 -21 12.00.00.000000000 上午",0,"8.9700000000000003E+001",1001,9906,1642,0,21389,12873,"9.6999999999999993E+000",0
2932,"03-7月 -21 12.00.00.000000000 上午",0,"9.4900000000000006E+001",1001,19686,4913,0,21402,27531,"1.6300000000000001E+001",0
1103,"23-6月 -21 12.00.00.000000000 上午",0,"8.8200000000000003E+001",1001,8345,1288,0,21390,10736,"8.4000000000000004E+000",0
2334,"04-7月 -21 12.00.00.000000000 上午",0,"8.8400000000000006E+001",1001,16497,3366,0,21403,22197,"1.59E+001",0
1507,"26-6月 -21 12.00.00.000000000 上午",0,"9.35E+001",1001,11034,2060,0,21393,14601,"1.0E+001",0
708,"24-6月 -21 12.00.00.000000000 上午",0,"8.3700000000000003E+001",1001,4522,719,0,21391,5949,"6.4000000000000004E+000",0
1271,"05-7月 -21 12.00.00.000000000 上午",0,"9.1400000000000006E+001",1001,9517,1249,0,21404,12037,"8.0999999999999996E+000",0
2228,"07-7月 -21 12.00.00.000000000 上午",0,"9.2599999999999994E+001",1001,15064,3215,0,21406,20507,"1.4E+001",0
1022,"09-6月 -21 12.00.00.000000000 上午",0,"8.5200000000000003E+001",1001,6626,1081,0,21374,8729,"8.0E+000",0
1285,"10-6月 -21 12.00.00.000000000 上午",0,"8.7700000000000003E+001",1001,9249,1412,0,21375,11946,"7.9000000000000004E+000",0
2829,"18-6月 -21 12.00.00.000000000 上午",0,"9.9400000000000006E+001",1001,20006,5613,0,21385,28448,"1.55E+001",0
3348,"19-6月 -21 12.00.00.000000000 上午",0,"9.5799999999999997E+001",1001,21444,5923,0,21386,30715,"1.7600000000000001E+001",0
1515,"15-6月 -21 12.00.00.000000000 上午",0,"9.9799999999999997E+001",1001,12377,2189,0,21382,16081,"9.1999999999999993E+000",0
1011,"08-6月 -21 12.00.00.000000000 上午",0,"9.0099999999999994E+001",1001,7768,1130,0,21373,9909,"7.4000000000000004E+000",0
2595,"17-6月 -21 12.00.00.000000000 上午",0,"1.005E+002",1001,17784,4304,0,21384,24683,"1.3E+001",0
1468,"12-6月 -21 12.00.00.000000000 上午",0,"8.6900000000000006E+001",1001,9776,1925,0,21377,13169,"1.1300000000000001E+001",0
3138,"20-6月 -21 12.00.00.000000000 上午",0,"9.7799999999999997E+001",1001,21013,5051,0,21387,29202,"1.54E+001",0
1359,"13-6月 -21 12.00.00.000000000 上午",0,"8.6299999999999997E+001",1001,10549,2136,0,21378,14044,"1.3300000000000001E+001",0
1670,"14-6月 -21 12.00.00.000000000 上午",0,"9.5400000000000006E+001",1001,12652,2372,0,21381,16694,"1.14E+001",0
2116,"16-6月 -21 12.00.00.000000000 上午",0,"1.037E+002",1001,16644,3689,0,21383,22449,"1.1199999999999999E+001",0
1482,"11-6月 -21 12.00.00.000000000 上午",0,"9.3099999999999994E+001",1001,11664,1514,0,21376,14660,"8.1999999999999993E+000",0
1484,"06-6月 -21 12.00.00.000000000 上午",0,"8.9599999999999994E+001",1001,10424,1832,0,21371,13740,"1.0199999999999999E+001",0
2108,"03-6月 -21 12.00.00.000000000 上午",0,"9.4E+001",1001,13984,3214,0,21368,19306,"1.1800000000000001E+001",0
1461,"07-6月 -21 12.00.00.000000000 上午",0,"8.8799999999999997E+001",1001,10416,1479,0,21372,13356,"8.4000000000000004E+000",0
1643,"05-6月 -21 12.00.00.000000000 上午",0,"8.4799999999999997E+001",1001,11260,2022,0,21370,14925,"1.11E+001",0
1500,"02-6月 -21 12.00.00.000000000 上午",0,"8.85E+001",1001,9504,1899,0,21367,12903,"9.5999999999999996E+000",0
2569,"04-6月 -21 12.00.00.000000000 上午",0,"8.6099999999999994E+001",1001,15998,3616,0,21369,22183,"1.55E+001",0
2734,"27-5月 -21 12.00.00.000000000 上午",0,"9.4400000000000006E+001",1001,18170,4830,0,21361,25734,"1.54E+001",0
2313,"30-5月 -21 12.00.00.000000000 上午",0,"1.0059999999999999E+002",1001,16573,3865,0,21364,22751,"1.24E+001",0
2154,"31-5月 -21 12.00.00.000000000 上午",0,"9.7599999999999994E+001",1001,15424,3160,0,21365,20738,"1.1E+001",0
2131,"29-5月 -21 12.00.00.000000000 上午",0,"9.9099999999999994E+001",1001,16763,3562,0,21363,22456,"1.2199999999999999E+001",0
1910,"24-5月 -21 12.00.00.000000000 上午",0,"9.5400000000000006E+001",1001,13909,2317,0,21358,18136,"1.0300000000000001E+001",0
1474,"01-6月 -21 12.00.00.000000000 上午",0,"8.7700000000000003E+001",1001,9926,1819,0,21366,13219,"1.0699999999999999E+001",0
1870,"25-5月 -21 12.00.00.000000000 上午",0,"8.7700000000000003E+001",1001,12686,2271,0,21359,16827,"1.21E+001",0
1835,"26-5月 -21 12.00.00.000000000 上午",0,"9.4400000000000006E+001",1001,13063,3144,0,21360,18042,"1.09E+001",0
2747,"28-5月 -21 12.00.00.000000000 上午",0,"9.5299999999999997E+001",1001,18614,4885,0,21362,26246,"1.5699999999999999E+001",0
1220,"24-3月 -21 12.00.00.000000000 上午",0,"9.0E+001",1001,8765,1171,0,21185,11156,"6.7999999999999998E+000",0
1496,"01-4月 -21 12.00.00.000000000 上午",0,"9.3599999999999994E+001",1001,10321,2097,0,21193,13914,"9.0999999999999996E+000",0
1184,"09-4月 -21 12.00.00.000000000 上午",0,"8.3E+001",1001,7447,1351,0,21206,9982,"9.1999999999999993E+000",0
271,"17-4月 -21 12.00.00.000000000 上午",0,"8.7200000000000003E+001",1001,1933,299,0,21321,2503,"5.2000000000000002E+000",0
1412,"27-3月 -21 12.00.00.000000000 上午",0,"8.7200000000000003E+001",1001,10201,1687,0,21188,13300,"8.5E+000",0
480,"25-4月 -21 12.00.00.000000000 上午",0,"9.9400000000000006E+001",1001,4851,354,0,21329,5685,"3.3999999999999999E+000",0
449,"04-4月 -21 12.00.00.000000000 上午",0,"8.5400000000000006E+001",1001,2838,572,0,21201,3859,"4.7999999999999998E+000",0
487,"03-5月 -21 12.00.00.000000000 上午",0,"9.6900000000000006E+001",1001,4705,521,0,21337,5713,"5.0E+000",0
612,"12-4月 -21 12.00.00.000000000 上午",0,"9.6E+001",1001,5287,672,0,21261,6571,"5.2000000000000002E+000",0
2157,"28-3月 -21 12.00.00.000000000 上午",0,"9.1200000000000003E+001",1001,13403,2797,0,21189,18357,"1.14E+001",0
697,"11-5月 -21 12.00.00.000000000 上午",0,"1.0459999999999999E+002",1001,7108,726,0,21345,8531,"4.2000000000000002E+000",0
388,"20-4月 -21 12.00.00.000000000 上午",0,"1.0190000000000001E+002",1001,4126,384,0,21324,4898,"3.2999999999999998E+000",0
470,"05-4月 -21 12.00.00.000000000 上午",0,"8.4799999999999997E+001",1001,3418,421,0,21202,4309,"4.4000000000000004E+000",0
1663,"19-5月 -21 12.00.00.000000000 上午",0,"1.022E+002",1001,13140,2226,0,21353,17029,"8.5999999999999996E+000",0
757,"28-4月 -21 12.00.00.000000000 上午",0,"9.0099999999999994E+001",1001,5372,603,0,21332,6732,"5.5999999999999996E+000",0
1263,"13-4月 -21 12.00.00.000000000 上午",0,"9.35E+001",1001,9484,1331,0,21281,12078,"7.2999999999999998E+000",0
2109,"26-3月 -21 12.00.00.000000000 上午",0,"8.9299999999999997E+001",1001,13591,2837,0,21187,18537,"1.26E+001",0
1041,"06-5月 -21 12.00.00.000000000 上午",0,"9.7900000000000006E+001",1001,9494,862,0,21340,11397,"5.7999999999999998E+000",0
762,"03-4月 -21 12.00.00.000000000 上午",0,"9.1E+001",1001,6715,799,0,21195,8276,"5.2000000000000002E+000",0
345,"21-4月 -21 12.00.00.000000000 上午",0,"1.02E+002",1001,3849,305,0,21325,4499,"3.2000000000000002E+000",0
1384,"14-5月 -21 12.00.00.000000000 上午",0,"9.6700000000000003E+001",1001,11516,1386,0,21348,14286,"7.5999999999999996E+000",0
1007,"11-4月 -21 12.00.00.000000000 上午",0,"9.5099999999999994E+001",1001,7266,928,0,21241,9201,"5.7000000000000002E+000",0
794,"29-4月 -21 12.00.00.000000000 上午",0,"9.5799999999999997E+001",1001,6322,643,0,21333,7759,"5.2000000000000002E+000",0
1720,"22-5月 -21 12.00.00.000000000 上午",0,"1.0190000000000001E+002",1001,14149,2347,0,21356,18216,"8.9000000000000004E+000",0
1015,"19-4月 -21 12.00.00.000000000 上午",0,"1.022E+002",1001,8415,1106,0,21323,10536,"5.9000000000000004E+000",0
3313,"29-3月 -21 12.00.00.000000000 上午",0,"9.1400000000000006E+001",1001,20277,5431,0,21190,29021,"1.75E+001",0
1117,"07-5月 -21 12.00.00.000000000 上午",0,"9.5700000000000003E+001",1001,9589,1041,0,21341,11747,"6.2999999999999998E+000",0
635,"27-4月 -21 12.00.00.000000000 上午",0,"8.5900000000000006E+001",1001,4542,553,0,21331,5730,"5.9000000000000004E+000",0
1046,"06-4月 -21 12.00.00.000000000 上午",0,"9.1599999999999994E+001",1001,7976,1108,0,21203,10130,"6.2999999999999998E+000",0
467,"05-5月 -21 12.00.00.000000000 上午",0,"9.1700000000000003E+001",1001,4138,412,0,21339,5017,"4.0E+000",0
1113,"15-5月 -21 12.00.00.000000000 上午",0,"9.8799999999999997E+001",1001,9916,1283,0,21349,12312,"6.7999999999999998E+000",0
1762,"22-3月 -21 12.00.00.000000000 上午",0,"9.85E+001",1001,13261,2005,0,21183,17028,"8.6999999999999993E+000",0
916,"14-4月 -21 12.00.00.000000000 上午",0,"9.6299999999999997E+001",1001,7798,858,0,21282,9572,"5.5E+000",0
1084,"13-5月 -21 12.00.00.000000000 上午",0,"1.0159999999999999E+002",1001,8682,853,0,21347,10619,"5.9000000000000004E+000",0
1815,"23-5月 -21 12.00.00.000000000 上午",0,"9.6700000000000003E+001",1001,13393,2380,0,21357,17588,"9.4000000000000004E+000",0
2392,"30-3月 -21 12.00.00.000000000 上午",0,"9.6799999999999997E+001",1001,15551,3469,0,21191,21412,"1.2199999999999999E+001",0
496,"22-4月 -21 12.00.00.000000000 上午",0,"1.0E+002",1001,5308,439,0,21326,6243,"3.7000000000000002E+000",0
1748,"21-5月 -21 12.00.00.000000000 上午",0,"1.03E+002",1001,14262,2433,0,21355,18443,"8.5999999999999996E+000",0
1154,"07-4月 -21 12.00.00.000000000 上午",0,"9.3700000000000003E+001",1001,8964,1112,0,21204,11230,"6.7999999999999998E+000",0
380,"30-4月 -21 12.00.00.000000000 上午",0,"9.6200000000000003E+001",1001,4331,263,0,21334,4974,"3.0E+000",0
807,"08-5月 -21 12.00.00.000000000 上午",0,"1.02E+002",1001,7707,741,0,21342,9255,"5.0E+000",0
2016,"15-4月 -21 12.00.00.000000000 上午",0,"9.8099999999999994E+001",1001,14008,2194,0,21283,18218,"9.4000000000000004E+000",0
471,"23-4月 -21 12.00.00.000000000 上午",0,"9.7E+001",1001,5064,393,0,21327,5928,"3.7000000000000002E+000",0
1139,"16-5月 -21 12.00.00.000000000 上午",0,"1.05E+002",1001,10315,1400,0,21350,12854,"6.0E+000",0
506,"01-5月 -21 12.00.00.000000000 上午",0,"9.6099999999999994E+001",1001,4952,496,0,21335,5954,"4.4000000000000004E+000",0
1214,"16-4月 -21 12.00.00.000000000 上午",0,"8.9900000000000006E+001",1001,8475,1199,0,21301,10888,"8.0E+000",0
785,"10-4月 -21 12.00.00.000000000 上午",0,"9.1599999999999994E+001",1001,5828,896,0,21221,7509,"7.0999999999999996E+000",0
483,"24-4月 -21 12.00.00.000000000 上午",0,"1.0740000000000001E+002",1001,5695,437,0,21328,6615,"3.2000000000000002E+000",0
582,"18-4月 -21 12.00.00.000000000 上午",0,"9.8700000000000003E+001",1001,4281,611,0,21322,5474,"7.9000000000000004E+000",0
579,"26-4月 -21 12.00.00.000000000 上午",0,"1.008E+002",1001,5939,490,0,21330,7008,"3.7000000000000002E+000",0
594,"02-5月 -21 12.00.00.000000000 上午",0,"8.9200000000000003E+001",1001,5156,498,0,21336,6248,"5.2000000000000002E+000",0
613,"04-5月 -21 12.00.00.000000000 上午",0,"9.5700000000000003E+001",1001,5610,667,0,21338,6890,"5.0E+000",0
934,"10-5月 -21 12.00.00.000000000 上午",0,"1.0190000000000001E+002",1001,7736,887,0,21344,9557,"5.5999999999999996E+000",0
852,"12-5月 -21 12.00.00.000000000 上午",0,"1.04E+002",1001,8264,800,0,21346,9916,"4.7999999999999998E+000",0
831,"09-5月 -21 12.00.00.000000000 上午",0,"1.0259999999999999E+002",1001,7667,863,0,21343,9361,"4.7999999999999998E+000",0
1711,"17-5月 -21 12.00.00.000000000 上午",0,"1.012E+002",1001,13091,2067,0,21351,16869,"8.1999999999999993E+000",0
840,"23-3月 -21 12.00.00.000000000 上午",0,"8.6099999999999994E+001",1001,5706,703,0,21184,7249,"5.7999999999999998E+000",0
1836,"25-3月 -21 12.00.00.000000000 上午",0,"8.6900000000000006E+001",1001,11139,2433,0,21186,15408,"1.0300000000000001E+001",0
1737,"31-3月 -21 12.00.00.000000000 上午",0,"9.6700000000000003E+001",1001,12116,2715,0,21192,16568,"1.1E+001",0
1130,"02-4月 -21 12.00.00.000000000 上午",0,"9.4299999999999997E+001",1001,8516,1314,0,21194,10960,"7.5999999999999996E+000",0
1117,"08-4月 -21 12.00.00.000000000 上午",0,"8.95E+001",1001,7278,949,0,21205,9344,"6.7999999999999998E+000",0
1672,"20-5月 -21 12.00.00.000000000 上午",0,"1.0390000000000001E+002",1001,13819,2141,0,21354,17632,"7.7000000000000002E+000",0
2018,"18-5月 -21 12.00.00.000000000 上午",0,"1.0059999999999999E+002",1001,14570,2763,0,21352,19351,"9.9000000000000004E+000",0
809,"19-3月 -21 12.00.00.000000000 上午",0,"9.1400000000000006E+001",1001,6648,912,0,21164,8369,"6.2999999999999998E+000",0
789,"20-3月 -21 12.00.00.000000000 上午",0,"9.1799999999999997E+001",1001,6870,773,0,21181,8432,"6.5999999999999996E+000",0
1953,"21-3月 -21 12.00.00.000000000 上午",0,"9.7599999999999994E+001",1001,14864,2661,0,21182,19478,"1.11E+001",0
1664,"02-3月 -21 12.00.00.000000000 上午",0,"9.6099999999999994E+001",1001,12090,2298,0,21088,16052,"1.01E+001",0
654,"10-3月 -21 12.00.00.000000000 上午",0,"9.4700000000000003E+001",1001,5184,859,0,21096,6697,"5.2000000000000002E+000",0
1201,"18-3月 -21 12.00.00.000000000 上午",0,"8.95E+001",1001,9373,1419,0,21163,11993,"7.5E+000",0
1057,"05-3月 -21 12.00.00.000000000 上午",0,"8.1599999999999994E+001",1001,6232,1169,0,21091,8458,"8.8000000000000007E+000",0
690,"13-3月 -21 12.00.00.000000000 上午",0,"9.2700000000000003E+001",1001,5756,668,0,21101,7114,"5.7000000000000002E+000",0
697,"06-3月 -21 12.00.00.000000000 上午",0,"8.25E+001",1001,4550,849,0,21092,6096,"7.5999999999999996E+000",0
1322,"04-3月 -21 12.00.00.000000000 上午",0,"7.9200000000000003E+001",1001,7913,1642,0,21090,10877,"1.24E+001",0
611,"14-3月 -21 12.00.00.000000000 上午",0,"9.3599999999999994E+001",1001,4987,649,0,21121,6247,"5.0E+000",0
546,"12-3月 -21 12.00.00.000000000 上午",0,"8.5400000000000006E+001",1001,4812,595,0,21098,5953,"4.5999999999999996E+000",0
627,"07-3月 -21 12.00.00.000000000 上午",0,"8.0200000000000003E+001",1001,4200,678,0,21093,5505,"6.5E+000",0
670,"15-3月 -21 12.00.00.000000000 上午",0,"9.2799999999999997E+001",1001,5511,804,0,21141,6985,"5.5999999999999996E+000",0
799,"08-3月 -21 12.00.00.000000000 上午",0,"8.7299999999999997E+001",1001,5470,862,0,21094,7131,"6.5E+000",0
914,"16-3月 -21 12.00.00.000000000 上午",0,"8.8299999999999997E+001",1001,6875,1091,0,21161,8880,"5.7999999999999998E+000",0
1121,"03-3月 -21 12.00.00.000000000 上午",0,"9.4700000000000003E+001",1001,8213,1309,0,21089,10643,"7.7999999999999998E+000",0
1134,"09-3月 -21 12.00.00.000000000 上午",0,"8.5799999999999997E+001",1001,7787,1342,0,21095,10263,"8.3000000000000007E+000",0
595,"17-3月 -21 12.00.00.000000000 上午",0,"9.0700000000000003E+001",1001,5732,695,0,21162,7022,"4.5999999999999996E+000",0
400,"11-3月 -21 12.00.00.000000000 上午",0,"9.9200000000000003E+001",1001,3835,315,0,21097,4550,"3.1000000000000001E+000",0
3769,"30-11月-20 12.00.00.000000000 上午",0,"8.2599999999999994E+001",1001,24509,6485,0,20181,34763,"2.5199999999999999E+001",0
1345,"25-11月-20 12.00.00.000000000 上午",0,"8.2E+001",1001,8706,2168,0,20151,12219,"1.26E+001",0
1191,"26-11月-20 12.00.00.000000000 上午",0,"7.6700000000000003E+001",1001,8209,2055,0,20152,11455,"1.3E+001",0
2837,"01-12月-20 12.00.00.000000000 上午",0,"8.2200000000000003E+001",1001,18342,4544,0,20182,25723,"1.8800000000000001E+001",0
1842,"24-11月-20 12.00.00.000000000 上午",0,"7.5599999999999994E+001",1001,12668,3344,0,20150,17854,"1.85E+001",0
3178,"02-12月-20 12.00.00.000000000 上午",0,"7.9299999999999997E+001",1001,21305,5522,0,20183,30005,"2.2800000000000001E+001",0
3899,"27-11月-20 12.00.00.000000000 上午",0,"7.8599999999999994E+001",1001,25153,6676,0,20153,35728,"2.4600000000000001E+001",0
3833,"28-11月-20 12.00.00.000000000 上午",0,"8.1299999999999997E+001",1001,24964,6353,0,20154,35150,"2.3300000000000001E+001",0
4365,"29-11月-20 12.00.00.000000000 上午",0,"8.1799999999999997E+001",1001,27294,7113,0,20161,38772,"2.4600000000000001E+001",0
1096,"23-11月-20 12.00.00.000000000 上午",0,"8.2799999999999997E+001",1001,6606,1840,0,20149,9542,"1.3300000000000001E+001",0
879,"22-11月-20 12.00.00.000000000 上午",0,"7.8700000000000003E+001",1001,7586,1655,0,20148,10120,"1.3E+001",0
1532,"16-11月-20 12.00.00.000000000 上午",0,"8.0900000000000006E+001",1001,11205,2739,0,20142,15476,"1.65E+001",0
1343,"18-11月-20 12.00.00.000000000 上午",0,"7.8700000000000003E+001",1001,9183,2370,0,20144,12896,"1.5699999999999999E+001",0
1429,"19-11月-20 12.00.00.000000000 上午",0,"8.0299999999999997E+001",1001,9555,2600,0,20145,13584,"1.4199999999999999E+001",0
1274,"20-11月-20 12.00.00.000000000 上午",0,"8.1E+001",1001,8120,1887,0,20146,11281,"1.1E+001",0
1992,"21-11月-20 12.00.00.000000000 上午",0,"8.6799999999999997E+001",1001,12553,2935,0,20147,17480,"1.4800000000000001E+001",0
1265,"17-11月-20 12.00.00.000000000 上午",0,"7.8400000000000006E+001",1001,8732,2176,0,20143,12173,"1.39E+001",0
1455,"13-11月-20 12.00.00.000000000 上午",0,"8.2900000000000006E+001",1001,11080,2596,0,20126,15131,"1.54E+001",0
1499,"14-11月-20 12.00.00.000000000 上午",0,"7.8E+001",1001,11037,2702,0,20127,15238,"1.7100000000000001E+001",0
1320,"12-11月-20 12.00.00.000000000 上午",0,"8.3599999999999994E+001",1001,9496,2074,0,20125,12890,"1.4699999999999999E+001",0
782,"15-11月-20 12.00.00.000000000 上午",0,"8.2200000000000003E+001",1001,6381,1415,0,20141,8578,"1.09E+001",0
1363,"05-11月-20 12.00.00.000000000 上午",0,"7.95E+001",1001,8569,1933,0,20082,11865,"9.3000000000000007E+000",0
3243,"08-11月-20 12.00.00.000000000 上午",0,"8.4900000000000006E+001",1001,20125,5134,0,20121,28502,"1.95E+001",0
2312,"03-11月-20 12.00.00.000000000 上午",0,"8.6900000000000006E+001",1001,14885,2995,0,20061,20192,"1.4E+001",0
1107,"06-11月-20 12.00.00.000000000 上午",0,"8.9E+001",1001,7865,1675,0,20083,10647,"1.0300000000000001E+001",0
2660,"09-11月-20 12.00.00.000000000 上午",0,"8.3400000000000006E+001",1001,17467,4351,0,20122,24478,"1.8E+001",0
1767,"07-11月-20 12.00.00.000000000 上午",0,"8.9099999999999994E+001",1001,11495,2657,0,20101,15919,"1.24E+001",0
1207,"10-11月-20 12.00.00.000000000 上午",0,"8.3599999999999994E+001",1001,8781,1943,0,20123,11931,"1.29E+001",0
2334,"02-11月-20 12.00.00.000000000 上午",0,"8.5099999999999994E+001",1001,13497,2953,0,20041,18784,"1.2E+001",0
1136,"11-11月-20 12.00.00.000000000 上午",0,"8.4599999999999994E+001",1001,8103,1817,0,20124,11056,"1.29E+001",0
979,"04-11月-20 12.00.00.000000000 上午",0,"8.4099999999999994E+001",1001,6056,1316,0,20081,8351,"9.5E+000",0
964,"26-10月-20 12.00.00.000000000 上午",0,"8.4599999999999994E+001",1001,6329,1223,0,19921,8516,"1.2300000000000001E+001",0
1206,"29-10月-20 12.00.00.000000000 上午",0,"8.4799999999999997E+001",1001,7984,1669,0,19981,10859,"1.0800000000000001E+001",0
1206,"27-10月-20 12.00.00.000000000 上午",0,"8.5200000000000003E+001",1001,7374,1346,0,19941,9926,"8.9000000000000004E+000",0
1457,"30-10月-20 12.00.00.000000000 上午",0,"8.1799999999999997E+001",1001,9407,1956,0,19982,12820,"1.31E+001",0
919,"28-10月-20 12.00.00.000000000 上午",0,"8.3299999999999997E+001",1001,6469,1123,0,19961,8511,"1.0E+001",0
1022,"31-10月-20 12.00.00.000000000 上午",0,"8.6799999999999997E+001",1001,6786,1273,0,20001,9081,"9.9000000000000004E+000",0
935,"01-11月-20 12.00.00.000000000 上午",0,"8.2799999999999997E+001",1001,6411,1506,0,20021,8852,"9.5999999999999996E+000",0
449,"09-10月-20 12.00.00.000000000 上午",0,"2.0199999999999999E+001",1001,9910,1270,0,19904,11629,"5.8E+001",0
915,"27-9月 -20 12.00.00.000000000 上午",0,"2.4399999999999999E+001",1001,15798,2616,0,19845,19329,"4.7200000000000003E+001",0
359,"05-10月-20 12.00.00.000000000 上午",0,"1.4E+001",1001,5679,1077,0,19881,7115,"3.85E+001",0
649,"30-9月 -20 12.00.00.000000000 上午",0,"2.1399999999999999E+001",1001,10607,1807,0,19848,13063,"4.0299999999999997E+001",0
554,"03-10月-20 12.00.00.000000000 上午",0,"1.9600000000000001E+001",1001,10004,1546,0,19851,12104,"4.1E+001",0
544,"04-10月-20 12.00.00.000000000 上午",0,"1.9699999999999999E+001",1001,9621,1530,0,19861,11695,"4.1700000000000003E+001",0
469,"28-9月 -20 12.00.00.000000000 上午",0,"1.49E+001",1001,7397,1319,0,19846,9185,"4.1399999999999999E+001",0
1194,"08-10月-20 12.00.00.000000000 上午",0,"2.7199999999999999E+001",1001,22284,3149,0,19903,26627,"5.3200000000000003E+001",0
725,"01-10月-20 12.00.00.000000000 上午",0,"2.0399999999999999E+001",1001,11893,1934,0,19849,14552,"4.4799999999999997E+001",0
471,"29-9月 -20 12.00.00.000000000 上午",0,"1.59E+001",1001,7135,1358,0,19847,8964,"4.4899999999999999E+001",0
1058,"07-10月-20 12.00.00.000000000 上午",0,"2.0300000000000001E+001",1001,20686,2754,0,19902,24498,"5.9200000000000003E+001",0
578,"02-10月-20 12.00.00.000000000 上午",0,"1.7600000000000001E+001",1001,10340,1666,0,19850,12584,"4.4200000000000003E+001",0
619,"06-10月-20 12.00.00.000000000 上午",0,"1.4699999999999999E+001",1001,13237,1811,0,19901,15667,"5.2700000000000003E+001",0
878,"25-9月 -20 12.00.00.000000000 上午",0,"2.5600000000000001E+001",1001,14172,2407,0,19843,17457,"4.4799999999999997E+001",0
887,"26-9月 -20 12.00.00.000000000 上午",0,"2.5600000000000001E+001",1001,15567,2427,0,19844,18881,"4.45E+001",0
693,"24-9月 -20 12.00.00.000000000 上午",0,"2.2199999999999999E+001",1001,11897,2045,0,19842,14635,"4.4100000000000001E+001",0
1034,"23-9月 -20 12.00.00.000000000 上午",0,"3.2E+001",1001,13103,2708,0,19841,16845,"3.6899999999999999E+001",0
830,"22-9月 -20 12.00.00.000000000 上午",0,"2.4699999999999999E+001",1001,13021,2202,0,19821,16053,"4.3E+001",0
904,"21-9月 -20 12.00.00.000000000 上午",0,"2.5800000000000001E+001",1001,13568,2215,0,19801,16687,"4.4E+001",0
384,"20-9月 -20 12.00.00.000000000 上午",0,"1.6600000000000001E+001",1001,5960,1101,0,19781,7445,"3.7200000000000003E+001",0
616,"18-9月 -20 12.00.00.000000000 上午",0,"2.0300000000000001E+001",1001,10070,1709,0,19744,12395,"4.4299999999999997E+001",0
781,"19-9月 -20 12.00.00.000000000 上午",0,"2.5699999999999999E+001",1001,11471,2011,0,19761,14263,"3.8E+001",0
681,"13-9月 -20 12.00.00.000000000 上午",0,"2.6199999999999999E+001",1001,9703,1974,0,19701,12358,"3.8200000000000003E+001",0
885,"10-9月 -20 12.00.00.000000000 上午",0,"2.8100000000000001E+001",1001,12952,2209,0,19683,16046,"3.7200000000000003E+001",0
1116,"11-9月 -20 12.00.00.000000000 上午",0,"3.6200000000000003E+001",1001,16134,2876,0,19684,20126,"3.7799999999999997E+001",0
945,"12-9月 -20 12.00.00.000000000 上午",0,"3.2299999999999997E+001",1001,13414,2724,0,19685,17083,"4.0200000000000003E+001",0
1031,"16-9月 -20 12.00.00.000000000 上午",0,"2.7199999999999999E+001",1001,14321,2669,0,19742,18021,"3.8299999999999997E+001",0
750,"17-9月 -20 12.00.00.000000000 上午",0,"2.5199999999999999E+001",1001,12522,2103,0,19743,15375,"4.1799999999999997E+001",0
405,"15-9月 -20 12.00.00.000000000 上午",0,"1.7300000000000001E+001",1001,6246,1250,0,19741,7901,"3.9799999999999997E+001",0
861,"14-9月 -20 12.00.00.000000000 上午",0,"2.7800000000000001E+001",1001,11537,2218,0,19721,14616,"3.65E+001",0
1083,"02-9月 -20 12.00.00.000000000 上午",0,"3.7600000000000001E+001",1001,14105,2710,0,19581,17898,"3.7399999999999999E+001",0
1039,"03-9月 -20 12.00.00.000000000 上午",0,"3.3299999999999997E+001",1001,13167,2637,0,19582,16843,"3.6E+001",0
621,"05-9月 -20 12.00.00.000000000 上午",0,"2.9E+001",1001,7481,1768,0,19621,9870,"3.1100000000000001E+001",0
767,"08-9月 -20 12.00.00.000000000 上午",0,"2.8199999999999999E+001",1001,9707,2052,0,19681,12526,"3.7899999999999999E+001",0
635,"09-9月 -20 12.00.00.000000000 上午",0,"2.05E+001",1001,8088,1695,0,19682,10418,"3.7700000000000003E+001",0
1094,"07-9月 -20 12.00.00.000000000 上午",0,"3.35E+001",1001,14360,2956,0,19661,18410,"3.9E+001",0
1052,"04-9月 -20 12.00.00.000000000 上午",0,"3.4899999999999999E+001",1001,13937,2918,0,19601,17907,"3.4899999999999999E+001",0
1072,"06-9月 -20 12.00.00.000000000 上午",0,"3.3E+001",1001,15404,2821,0,19641,19297,"3.6E+001",0
1441,"27-8月 -20 12.00.00.000000000 上午",0,"3.8399999999999999E+001",1001,19432,3666,0,19502,24539,"3.9E+001",0
1188,"28-8月 -20 12.00.00.000000000 上午",0,"3.9799999999999997E+001",1001,16171,3327,0,19503,20686,"3.7700000000000003E+001",0
1340,"31-8月 -20 12.00.00.000000000 上午",0,"3.9600000000000001E+001",1001,15899,3481,0,19541,20720,"3.6799999999999997E+001",0
1130,"29-8月 -20 12.00.00.000000000 上午",0,"3.4600000000000001E+001",1001,16727,3068,0,19504,20925,"4.1799999999999997E+001",0
952,"01-9月 -20 12.00.00.000000000 上午",0,"4.1899999999999999E+001",1001,11094,2676,0,19561,14722,"3.0800000000000001E+001",0
680,"30-8月 -20 12.00.00.000000000 上午",0,"2.45E+001",1001,9413,2049,0,19521,12142,"4.2399999999999999E+001",0
2429,"26-8月 -20 12.00.00.000000000 上午",0,"5.4600000000000001E+001",1001,30553,6194,0,19501,39176,"3.6700000000000003E+001",0
1011,"21-8月 -20 12.00.00.000000000 上午",0,"3.1800000000000001E+001",1001,14117,2735,0,19425,17863,"3.3E+001",0
764,"22-8月 -20 12.00.00.000000000 上午",0,"2.8600000000000001E+001",1001,10306,2111,0,19441,13181,"3.4600000000000001E+001",0
2324,"24-8月 -20 12.00.00.000000000 上午",0,"4.8600000000000001E+001",1001,32294,5656,0,19462,40274,"4.1E+001",0
1624,"19-8月 -20 12.00.00.000000000 上午",0,"4.3100000000000001E+001",1001,22041,3897,0,19423,27562,"3.9700000000000003E+001",0
835,"20-8月 -20 12.00.00.000000000 上午",0,"3.3899999999999999E+001",1001,11539,2306,0,19424,14680,"3.1600000000000001E+001",0
1625,"23-8月 -20 12.00.00.000000000 上午",0,"4.7299999999999997E+001",1001,20784,4093,0,19461,26502,"3.35E+001",0
2438,"25-8月 -20 12.00.00.000000000 上午",0,"4.9799999999999997E+001",1001,31521,5812,0,19481,39771,"4.0899999999999999E+001",0
906,"16-8月 -20 12.00.00.000000000 上午",0,"2.9600000000000001E+001",1001,12721,2370,0,19406,15997,"3.8299999999999997E+001",0
815,"17-8月 -20 12.00.00.000000000 上午",0,"3.4299999999999997E+001",1001,9748,2378,0,19421,12941,"3.3299999999999997E+001",0
1658,"15-8月 -20 12.00.00.000000000 上午",0,"4.0E+001",1001,21559,4311,0,19405,27528,"3.7399999999999999E+001",0
758,"18-8月 -20 12.00.00.000000000 上午",0,"2.9600000000000001E+001",1001,11017,2175,0,19422,13950,"3.5299999999999997E+001",0
1356,"14-8月 -20 12.00.00.000000000 上午",0,"3.5899999999999999E+001",1001,18552,3806,0,19404,23714,"3.55E+001",0
899,"13-8月 -20 12.00.00.000000000 上午",0,"3.3700000000000003E+001",1001,11886,2429,0,19403,15214,"3.2899999999999999E+001",0
1894,"11-8月 -20 12.00.00.000000000 上午",0,"4.2100000000000001E+001",1001,27024,4774,0,19401,33692,"4.6899999999999999E+001",0
1151,"12-8月 -20 12.00.00.000000000 上午",0,"3.3399999999999999E+001",1001,14591,2967,0,19402,18709,"3.9899999999999999E+001",0
1115,"07-8月 -20 12.00.00.000000000 上午",0,"3.2799999999999997E+001",1001,13697,2878,0,19322,17690,"3.2799999999999997E+001",0
1563,"08-8月 -20 12.00.00.000000000 上午",0,"4.1899999999999999E+001",1001,17985,3632,0,19341,23180,"3.3700000000000003E+001",0
752,"06-8月 -20 12.00.00.000000000 上午",0,"2.55E+001",1001,10706,2174,0,19321,13632,"3.8399999999999999E+001",0
1889,"09-8月 -20 12.00.00.000000000 上午",0,"4.3100000000000001E+001",1001,23665,4681,0,19361,30235,"3.6600000000000001E+001",0
2012,"10-8月 -20 12.00.00.000000000 上午",0,"5.2799999999999997E+001",1001,24759,4951,0,19381,31722,"3.7299999999999997E+001",0
691,"05-8月 -20 12.00.00.000000000 上午",0,"2.85E+001",1001,9732,1956,0,19301,12379,"3.8799999999999997E+001",0
804,"03-8月 -20 12.00.00.000000000 上午",0,"2.6699999999999999E+001",1001,10100,2228,0,19261,13132,"3.8100000000000001E+001",0
519,"04-8月 -20 12.00.00.000000000 上午",0,"1.85E+001",1001,7733,1420,0,19281,9672,"4.25E+001",0
989,"30-7月 -20 12.00.00.000000000 上午",0,"2.35E+001",1001,15386,2507,0,19203,18882,"4.3399999999999999E+001",0
894,"29-7月 -20 12.00.00.000000000 上午",0,"2.5300000000000001E+001",1001,14551,2418,0,19202,17863,"4.8200000000000003E+001",0
1322,"31-7月 -20 12.00.00.000000000 上午",0,"3.8200000000000003E+001",1001,18420,3605,0,19204,23347,"3.9200000000000003E+001",0
1073,"01-8月 -20 12.00.00.000000000 上午",0,"2.95E+001",1001,15810,2855,0,19221,19738,"4.65E+001",0
1075,"02-8月 -20 12.00.00.000000000 上午",0,"2.9399999999999999E+001",1001,15133,2902,0,19241,19110,"4.1100000000000001E+001",0
2925,"27-7月 -20 12.00.00.000000000 上午",0,"4.5399999999999999E+001",1001,35892,7032,0,19181,45849,"4.5399999999999999E+001",0
2457,"28-7月 -20 12.00.00.000000000 上午",0,"3.8799999999999997E+001",1001,32083,6034,0,19201,40574,"4.8600000000000001E+001",0
2687,"25-7月 -20 12.00.00.000000000 上午",0,"5.15E+001",1001,33783,6585,0,19145,43055,"4.0799999999999997E+001",0
2241,"23-7月 -20 12.00.00.000000000 上午",0,"3.5600000000000001E+001",1001,29208,5417,0,19143,36866,"4.6200000000000003E+001",0
2300,"24-7月 -20 12.00.00.000000000 上午",0,"3.6899999999999999E+001",1001,30880,5564,0,19144,38744,"4.9299999999999997E+001",0
2988,"26-7月 -20 12.00.00.000000000 上午",0,"4.7899999999999999E+001",1001,37192,6998,0,19161,47178,"4.3799999999999997E+001",0
2844,"10-7月 -20 12.00.00.000000000 上午",0,"4.3E+001",1001,34927,7738,0,19044,45509,"4.3899999999999999E+001",0
2803,"18-7月 -20 12.00.00.000000000 上午",0,"4.55E+001",1001,35857,7195,0,19083,45855,"4.3E+001",0
2769,"11-7月 -20 12.00.00.000000000 上午",0,"4.1100000000000001E+001",1001,34429,7265,0,19045,44463,"4.55E+001",0
3103,"09-7月 -20 12.00.00.000000000 上午",0,"4.5700000000000003E+001",1001,37785,8059,0,19043,48947,"4.2200000000000003E+001",0
1755,"21-7月 -20 12.00.00.000000000 上午",0,"3.0E+001",1001,23678,4279,0,19141,29712,"5.0E+001",0
2731,"07-7月 -20 12.00.00.000000000 上午",0,"4.7600000000000001E+001",1001,33415,7063,0,19041,43209,"4.1299999999999997E+001",0
2603,"15-7月 -20 12.00.00.000000000 上午",0,"4.0299999999999997E+001",1001,33523,6518,0,19062,42644,"4.5700000000000003E+001",0
2784,"19-7月 -20 12.00.00.000000000 上午",0,"4.4700000000000003E+001",1001,36758,7140,0,19101,46682,"4.4200000000000003E+001",0
2633,"17-7月 -20 12.00.00.000000000 上午",0,"3.8700000000000003E+001",1001,32789,6251,0,19082,41673,"4.75E+001",0
2994,"12-7月 -20 12.00.00.000000000 上午",0,"4.6299999999999997E+001",1001,36288,7122,0,19046,46404,"4.2899999999999999E+001",0
2391,"20-7月 -20 12.00.00.000000000 上午",0,"3.9899999999999999E+001",1001,30929,5901,0,19121,39221,"4.6700000000000003E+001",0
3035,"05-7月 -20 12.00.00.000000000 上午",0,"5.4799999999999997E+001",1001,34178,7890,0,19001,45103,"3.7200000000000003E+001",0
2294,"13-7月 -20 12.00.00.000000000 上午",0,"4.15E+001",1001,29592,5568,0,19047,37454,"4.3299999999999997E+001",0
3202,"06-7月 -20 12.00.00.000000000 上午",0,"5.3299999999999997E+001",1001,36988,8246,0,19021,48436,"3.9799999999999997E+001",0
2428,"14-7月 -20 12.00.00.000000000 上午",0,"4.4899999999999999E+001",1001,32531,5977,0,19061,40936,"4.3200000000000003E+001",0
1432,"22-7月 -20 12.00.00.000000000 上午",0,"2.8699999999999999E+001",1001,19880,3520,0,19142,24832,"4.7200000000000003E+001",0
3030,"08-7月 -20 12.00.00.000000000 上午",0,"4.8700000000000003E+001",1001,37206,7698,0,19042,47934,"4.0899999999999999E+001",0
3470,"16-7月 -20 12.00.00.000000000 上午",0,"5.3600000000000001E+001",1001,38788,8663,0,19081,50921,"4.0E+001",0
1587,"02-7月 -20 12.00.00.000000000 上午",0,"3.0800000000000001E+001",1001,18395,3932,0,18983,23914,"4.2700000000000003E+001",0
2913,"29-6月 -20 12.00.00.000000000 上午",0,"6.1100000000000001E+001",1001,31840,7225,0,18962,41978,"3.7799999999999997E+001",0
2184,"03-7月 -20 12.00.00.000000000 上午",0,"5.05E+001",1001,24342,5433,0,18984,31959,"3.8100000000000001E+001",0
1070,"01-7月 -20 12.00.00.000000000 上午",0,"4.2700000000000003E+001",1001,12627,3116,0,18982,16813,"3.2600000000000001E+001",0
2390,"04-7月 -20 12.00.00.000000000 上午",0,"4.7700000000000003E+001",1001,28074,6162,0,18985,36626,"3.7600000000000001E+001",0
2503,"30-6月 -20 12.00.00.000000000 上午",0,"5.25E+001",1001,27880,6503,0,18981,36886,"3.5200000000000003E+001",0
4168,"25-6月 -20 12.00.00.000000000 上午",0,"6.6599999999999994E+001",1001,41981,10711,0,18942,56860,"3.5399999999999999E+001",0
4183,"27-6月 -20 12.00.00.000000000 上午",0,"6.8599999999999994E+001",1001,42742,10133,0,18944,57058,"3.3700000000000003E+001",0
4003,"26-6月 -20 12.00.00.000000000 上午",0,"6.4E+001",1001,41847,10304,0,18943,56154,"3.6200000000000003E+001",0
3617,"28-6月 -20 12.00.00.000000000 上午",0,"6.55E+001",1001,37656,9225,0,18961,50498,"3.6E+001",0
2267,"24-6月 -20 12.00.00.000000000 上午",0,"6.2700000000000003E+001",1001,22740,5725,0,18941,30732,"3.6299999999999997E+001",0
184,"26-8月 -19 12.00.00.000000000 上午",85,"5.2E+001",1001,707,71,0,18461,1201,5.0E-001,154
258,"23-8月 -19 12.00.00.000000000 上午",162,"9.4200000000000003E+001",1001,762,139,0,18401,1522,"1.1000000000000001E+000",201
88,"19-8月 -19 12.00.00.000000000 上午",35,"5.8399999999999999E+001",1001,312,23,0,18321,533,4.0000000000000002E-001,75
161,"02-2月 -19 12.00.00.000000000 上午",143,"5.1100000000000001E+001",1001,1650,161,0,14361,2262,"1.0E+000",147
240,"15-8月 -19 12.00.00.000000000 上午",106,"9.6400000000000006E+001",1001,812,96,0,18241,1402,9.0000000000000002E-001,148
135,"31-1月 -19 12.00.00.000000000 上午",88,"8.0200000000000003E+001",1001,1108,179,0,14321,1628,"2.8999999999999999E+000",118
163,"02-4月 -18 12.00.00.000000000 上午",95,"1.6699999999999999E+001",1001,812,305,0,8501,1488,"4.7999999999999998E+000",113
289,"19-1月 -19 12.00.00.000000000 上午",389,"5.8100000000000001E+001",1001,4206,1310,0,14081,6425,"8.4000000000000004E+000",231
1189,"03-4月 -17 12.00.00.000000000 上午",773,"3.6299999999999997E+001",1001,6744,1863,0,1781,11564,"1.0300000000000001E+001",995
345,"29-1月 -19 12.00.00.000000000 上午",201,"8.5200000000000003E+001",1001,3546,318,0,14281,4720,"3.0E+000",310
350,"06-4月 -17 12.00.00.000000000 上午",238,"1.75E+001",1001,1931,742,0,1841,3579,"7.2000000000000002E+000",318
956,"05-4月 -17 12.00.00.000000000 上午",562,"3.25E+001",1001,5303,1507,0,1821,9127,"9.4000000000000004E+000",799
88,"17-1月 -19 12.00.00.000000000 上午",66,"8.3299999999999997E+001",1001,4158,161,0,14041,4533,"1.6000000000000001E+000",60
254,"21-7月 -19 12.00.00.000000000 上午",120,"6.2100000000000001E+001",1001,572,74,0,17741,1189,6.9999999999999996E-001,169
68,"18-8月 -19 12.00.00.000000000 上午",38,"6.4400000000000006E+001",1001,242,31,0,18301,424,4.0000000000000002E-001,45
96,"19-11月-18 12.00.00.000000000 上午",68,"8.1900000000000006E+001",1001,1076,105,0,12861,1415,"1.2E+000",70
230,"10-8月 -19 12.00.00.000000000 上午",112,"9.95E+001",1001,640,103,0,18141,1216,9.0000000000000002E-001,131
23,"15-1月 -19 12.00.00.000000000 上午",15,"8.6900000000000006E+001",1001,7785,12,0,14001,7836,8.0000000000000004E-001,1
285,"27-8月 -19 12.00.00.000000000 上午",144,"9.6200000000000003E+001",1001,893,122,0,18481,1673,"1.2E+000",229
726,"21-7月 -18 12.00.00.000000000 上午",421,"1.022E+002",1001,6588,621,0,10521,8971,"1.6000000000000001E+000",615
431,"17-7月 -19 12.00.00.000000000 上午",206,"9.4E+001",1001,1287,222,0,17661,2421,"1.6000000000000001E+000",275
181,"14-8月 -19 12.00.00.000000000 上午",82,"9.5900000000000006E+001",1001,670,87,0,18221,1180,"1.2E+000",160
287,"06-8月 -19 12.00.00.000000000 上午",104,"9.5599999999999994E+001",1001,802,158,0,18061,1533,"1.3999999999999999E+000",182
1197,"22-4月 -17 12.00.00.000000000 上午",757,"2.6399999999999999E+001",1001,10224,1995,0,2161,15291,"2.2800000000000001E+001",1118
363,"21-11月-18 12.00.00.000000000 上午",199,"8.5299999999999997E+001",1001,2281,272,0,12901,3428,"2.6000000000000001E+000",313
5,"13-1月 -19 12.00.00.000000000 上午",0,"7.9700000000000003E+001",1001,1467,0,0,13961,1473,2.9999999999999999E-001,1
178,"11-8月 -19 12.00.00.000000000 上午",76,"1.01E+002",1001,531,69,0,18161,983,8.0000000000000004E-001,129
406,"14-7月 -19 12.00.00.000000000 上午",231,"9.4799999999999997E+001",1001,1084,195,0,17601,2200,"1.2E+000",284
257,"03-8月 -19 12.00.00.000000000 上午",129,"9.6E+001",1001,683,116,0,18001,1359,"1.0E+000",174
253,"20-8月 -19 12.00.00.000000000 上午",103,"9.0E+001",1001,733,79,0,18341,1341,"4.4000000000000004E+000",173
787,"16-8月 -18 12.00.00.000000000 上午",512,"1.04E+002",1001,5440,672,0,11041,8047,"1.8E+000",636
254,"11-1月 -19 12.00.00.000000000 上午",135,"8.2900000000000006E+001",1001,2274,220,0,13921,3061,"1.2E+000",178
300,"07-8月 -19 12.00.00.000000000 上午",161,"9.8400000000000006E+001",1001,783,167,0,18081,1580,"1.2E+000",169
238,"12-8月 -19 12.00.00.000000000 上午",123,"9.6900000000000006E+001",1001,890,181,0,18181,1606,"1.3E+000",174
711,"12-10月-18 12.00.00.000000000 上午",909,"4.65E+001",1001,5469,1726,0,12101,9504,"8.6999999999999993E+000",689
267,"08-8月 -19 12.00.00.000000000 上午",125,"9.7799999999999997E+001",1001,824,130,0,18101,1501,"1.2E+000",155
267,"27-1月 -19 12.00.00.000000000 上午",153,"8.8200000000000003E+001",1001,3744,414,0,14241,4840,"2.6000000000000001E+000",262
318,"28-8月 -19 12.00.00.000000000 上午",134,"9.4900000000000006E+001",1001,755,131,0,18501,1529,"1.2E+000",191
199,"04-8月 -19 12.00.00.000000000 上午",88,"9.65E+001",1001,529,88,0,18021,1026,"1.0E+000",122
170,"25-1月 -19 12.00.00.000000000 上午",144,"6.2200000000000003E+001",1001,1975,612,0,14201,3017,"5.2999999999999998E+000",116
260,"24-8月 -19 12.00.00.000000000 上午",106,"9.4099999999999994E+001",1001,710,63,0,18421,1330,9.0000000000000002E-001,191
0,"01-8月 -19 12.00.00.000000000 上午",0,"9.6999999999999993E+000",1001,4,0,0,17961,4,0,0
521,"23-1月 -19 12.00.00.000000000 上午",450,"6.4299999999999997E+001",1001,4335,1973,0,14161,7732,"1.4E+001",453
233,"21-8月 -19 12.00.00.000000000 上午",97,"9.3200000000000003E+001",1001,708,104,0,18361,1327,"1.0E+000",185
246,"21-1月 -19 12.00.00.000000000 上午",240,"7.4099999999999994E+001",1001,4617,695,0,14121,6009,"3.6000000000000001E+000",211
230,"28-7月 -19 12.00.00.000000000 上午",95,"9.6799999999999997E+001",1001,583,86,0,17881,1154,9.0000000000000002E-001,160
113,"25-8月 -19 12.00.00.000000000 上午",45,"5.8799999999999997E+001",1001,296,29,0,18441,565,4.0000000000000002E-001,82
220,"17-8月 -19 12.00.00.000000000 上午",109,"9.2099999999999994E+001",1001,702,68,0,18281,1272,9.0000000000000002E-001,173
213,"16-8月 -19 12.00.00.000000000 上午",88,"9.3900000000000006E+001",1001,728,105,0,18261,1280,9.0000000000000002E-001,146
629,"10-7月 -19 12.00.00.000000000 上午",270,"9.0900000000000006E+001",1001,1670,340,0,17521,3390,"1.6000000000000001E+000",481
178,"28-11月-17 12.00.00.000000000 上午",96,"1.6800000000000001E+001",1001,395,309,0,6001,1096,"1.3E+000",118
158,"30-7月 -19 12.00.00.000000000 上午",86,"9.3400000000000006E+001",1001,549,74,0,17921,967,"1.0E+000",100
776,"09-1月 -19 12.00.00.000000000 上午",438,"9.2200000000000003E+001",1001,5115,778,0,13881,7786,"4.2999999999999998E+000",679
1106,"04-4月 -17 12.00.00.000000000 上午",583,"3.0100000000000001E+001",1001,7097,1650,0,1801,11394,"1.36E+001",958
207,"13-8月 -19 12.00.00.000000000 上午",88,"9.6299999999999997E+001",1001,826,91,0,18201,1362,"1.1000000000000001E+000",150
752,"15-8月 -18 12.00.00.000000000 上午",414,"1.04E+002",1001,5138,537,0,11021,7463,"1.3E+000",622
474,"06-7月 -19 12.00.00.000000000 上午",261,"9.6099999999999994E+001",1001,1064,228,0,17441,2321,"1.2E+000",294
288,"26-7月 -19 12.00.00.000000000 上午",161,"9.6200000000000003E+001",1001,800,141,0,17841,1588,"1.5E+000",198
1129,"07-1月 -19 12.00.00.000000000 上午",658,"1.0009999999999999E+002",1001,6456,1179,0,13841,10319,"3.2000000000000002E+000",897
147,"31-7月 -19 12.00.00.000000000 上午",74,"6.6900000000000006E+001",1001,516,99,0,17941,952,9.0000000000000002E-001,116
563,"03-7月 -19 12.00.00.000000000 上午",285,"8.9099999999999994E+001",1001,1682,277,0,17381,3199,"2.7000000000000002E+000",392
4,"07-12月-17 12.00.00.000000000 上午",5,"3.3999999999999999E+000",1001,5,11,0,6181,26,2.0000000000000001E-001,1
331,"23-7月 -19 12.00.00.000000000 上午",165,"9.1700000000000003E+001",1001,1021,187,0,17781,1958,"1.5E+000",254
253,"27-7月 -19 12.00.00.000000000 上午",111,"9.8099999999999994E+001",1001,657,98,0,17861,1273,9.0000000000000002E-001,154
349,"05-1月 -19 12.00.00.000000000 上午",262,"8.7299999999999997E+001",1001,2035,401,0,13801,3316,"1.8E+000",269
189,"09-8月 -19 12.00.00.000000000 上午",105,"9.7900000000000006E+001",1001,613,74,0,18121,1125,8.0000000000000004E-001,144
1005,"14-8月 -18 12.00.00.000000000 上午",585,"1.05E+002",1001,6871,862,0,11001,10145,"1.8999999999999999E+000",822
551,"31-12月-18 12.00.00.000000000 上午",303,"5.4E+001",1001,4777,365,0,13701,6495,9.0000000000000002E-001,499
435,"19-7月 -19 12.00.00.000000000 上午",211,"9.2200000000000003E+001",1001,1177,214,0,17701,2375,"1.5E+000",338
392,"24-7月 -19 12.00.00.000000000 上午",202,"9.2799999999999997E+001",1001,1071,263,0,17801,2217,"1.7E+000",289
1224,"03-1月 -19 12.00.00.000000000 上午",661,"1.02E+002",1001,6879,894,0,13761,10668,"2.1000000000000001E+000",1010
3,"25-6月 -19 12.00.00.000000000 上午",0,"1.6199999999999999E+001",1001,32,8,0,17221,44,"1.0E+000",1
124,"22-12月-17 12.00.00.000000000 上午",97,"1.8600000000000001E+001",1001,412,219,0,6481,956,8.0000000000000004E-001,104
236,"05-8月 -19 12.00.00.000000000 上午",115,"9.5E+001",1001,800,170,0,18041,1487,"1.2E+000",166
488,"15-7月 -19 12.00.00.000000000 上午",244,"9.4599999999999994E+001",1001,1214,276,0,17621,2573,"1.5E+000",351
298,"20-7月 -19 12.00.00.000000000 上午",148,"6.2899999999999999E+001",1001,591,122,0,17721,1354,8.0000000000000004E-001,195
1050,"13-8月 -18 12.00.00.000000000 上午",620,"1.06E+002",1001,7581,903,0,10981,10980,"1.8999999999999999E+000",826
484,"01-1月 -19 12.00.00.000000000 上午",337,"1.108E+002",1001,4985,375,0,13721,6573,"1.3E+000",392
166,"02-8月 -19 12.00.00.000000000 上午",83,"7.0599999999999994E+001",1001,569,70,0,17981,1028,8.0000000000000004E-001,140
407,"22-6月 -19 12.00.00.000000000 上午",239,"9.7E+001",1001,995,221,0,17161,2139,"1.2E+000",277
554,"18-6月 -19 12.00.00.000000000 上午",328,"9.5900000000000006E+001",1001,1530,450,0,17081,3239,"1.8E+000",377
43,"29-12月-18 12.00.00.000000000 上午",38,"4.05E+001",1001,252,26,0,13661,405,"1.7E+000",46
498,"16-7月 -19 12.00.00.000000000 上午",225,"9.3700000000000003E+001",1001,1244,262,0,17641,2593,"1.3999999999999999E+000",364
465,"12-7月 -19 12.00.00.000000000 上午",213,"9.2E+001",1001,1130,246,0,17561,2344,"1.3E+000",290
699,"28-6月 -18 12.00.00.000000000 上午",565,"5.9E+001",1001,4941,2026,0,10061,8759,"7.5999999999999996E+000",528
296,"29-7月 -19 12.00.00.000000000 上午",112,"9.7299999999999997E+001",1001,774,143,0,17901,1494,"1.1000000000000001E+000",169
547,"08-7月 -19 12.00.00.000000000 上午",279,"9.5799999999999997E+001",1001,1256,302,0,17481,2740,"1.3999999999999999E+000",356
485,"13-7月 -19 12.00.00.000000000 上午",194,"9.4900000000000006E+001",1001,1155,202,0,17581,2359,"1.2E+000",323
11,"27-12月-18 12.00.00.000000000 上午",39,"8.1200000000000003E+001",1001,1745,6,0,13621,1806,5.0E-001,5
1391,"30-3月 -17 12.00.00.000000000 上午",788,"3.1100000000000001E+001",1001,9188,1981,0,1701,14483,"1.7300000000000001E+001",1135
528,"12-8月 -18 12.00.00.000000000 上午",314,"1.068E+002",1001,4246,330,0,10961,5872,"1.1000000000000001E+000",454
1812,"01-4月 -17 12.00.00.000000000 上午",980,"5.0899999999999999E+001",1001,10251,2645,0,1741,17306,"1.44E+001",1618
462,"09-7月 -19 12.00.00.000000000 上午",204,"9.1900000000000006E+001",1001,1186,181,0,17501,2337,"1.3E+000",304
576,"25-12月-18 12.00.00.000000000 上午",1751,"3.8E+001",1001,5323,1702,0,13581,9755,"2.1E+001",403
261,"25-7月 -19 12.00.00.000000000 上午",148,"9.4900000000000006E+001",1001,874,165,0,17821,1711,"1.2E+000",263
1099,"29-6月 -18 12.00.00.000000000 上午",811,"3.8200000000000003E+001",1001,6351,3613,0,10081,12818,"1.1800000000000001E+001",944
425,"24-6月 -18 12.00.00.000000000 上午",330,"3.2200000000000003E+001",1001,3496,1275,0,9981,5949,"6.2999999999999998E+000",423
531,"05-7月 -19 12.00.00.000000000 上午",297,"9.2799999999999997E+001",1001,1260,356,0,17421,2771,"2.2000000000000002E+000",327
428,"01-7月 -19 12.00.00.000000000 上午",249,"9.0400000000000006E+001",1001,1283,255,0,17341,2549,"1.5E+000",334
492,"01-12月-18 12.00.00.000000000 上午",280,"8.9799999999999997E+001",1001,3314,412,0,13101,4845,"1.6000000000000001E+000",347
461,"22-7月 -19 12.00.00.000000000 上午",229,"9.3099999999999994E+001",1001,1154,264,0,17761,2384,"1.8E+000",276
98,"01-2月 -19 12.00.00.000000000 上午",43,"3.4600000000000001E+001",1001,287,75,0,14341,549,"1.3E+000",46
2107,"11-6月 -18 12.00.00.000000000 上午",1456,"5.1299999999999997E+001",1001,16519,5878,0,9721,27924,"2.45E+001",1964
490,"02-7月 -19 12.00.00.000000000 上午",229,"9.2700000000000003E+001",1001,1169,236,0,17361,2442,"1.3999999999999999E+000",318
327,"18-7月 -19 12.00.00.000000000 上午",167,"7.9E+001",1001,894,179,0,17681,1770,"1.2E+000",203
556,"27-6月 -19 12.00.00.000000000 上午",307,"9.4900000000000006E+001",1001,1338,328,0,17261,2921,"1.6000000000000001E+000",392
918,"21-12月-18 12.00.00.000000000 上午",469,"8.45E+001",1001,5840,1142,0,13501,9125,"5.0E+000",756
695,"11-8月 -18 12.00.00.000000000 上午",453,"1.0559999999999999E+002",1001,5308,519,0,10941,7594,"1.3999999999999999E+000",619
228,"30-1月 -19 12.00.00.000000000 上午",169,"7.2400000000000006E+001",1001,2245,495,0,14301,3356,"3.0E+000",219
1198,"02-4月 -17 12.00.00.000000000 上午",660,"3.0699999999999999E+001",1001,7553,1885,0,1761,12321,"1.2699999999999999E+001",1025
346,"28-1月 -19 12.00.00.000000000 上午",249,"9.0E+001",1001,3307,545,0,14261,4744,"3.1000000000000001E+000",297
1395,"21-4月 -17 12.00.00.000000000 上午",776,"3.1E+001",1001,10213,2013,0,2141,15631,"1.9399999999999999E+001",1234
2791,"31-5月 -18 12.00.00.000000000 上午",2439,"4.4299999999999997E+001",1001,23615,7282,0,9681,38753,"2.2600000000000001E+001",2626
1022,"17-5月 -18 12.00.00.000000000 上午",1039,"4.1E+001",1001,8889,3663,0,9401,15611,"1.6E+001",998
562,"28-6月 -19 12.00.00.000000000 上午",341,"9.4299999999999997E+001",1001,1477,388,0,17281,3123,"2.1000000000000001E+000",355
297,"24-6月 -19 12.00.00.000000000 上午",171,"7.3299999999999997E+001",1001,1174,256,0,17201,2155,"1.3999999999999999E+000",257
400,"11-7月 -19 12.00.00.000000000 上午",194,"9.1099999999999994E+001",1001,843,162,0,17541,1851,"1.3E+000",252
234,"26-1月 -19 12.00.00.000000000 上午",159,"7.1599999999999994E+001",1001,2898,286,0,14221,3749,"2.2999999999999998E+000",172
428,"02-12月-18 12.00.00.000000000 上午",256,"8.5700000000000003E+001",1001,2742,419,0,13121,4171,"3.0E+000",326
998,"24-5月 -18 12.00.00.000000000 上午",569,"7.35E+001",1001,7967,2385,0,9541,12803,"8.4000000000000004E+000",884
937,"31-3月 -17 12.00.00.000000000 上午",581,"3.0600000000000001E+001",1001,6840,1587,0,1721,10814,"1.5800000000000001E+001",869
537,"20-6月 -19 12.00.00.000000000 上午",298,"9.45E+001",1001,1407,335,0,17121,2925,"1.6000000000000001E+000",348
337,"24-1月 -19 12.00.00.000000000 上午",224,"8.25E+001",1001,2792,519,0,14181,4190,"3.1000000000000001E+000",318
77,"30-3月 -18 12.00.00.000000000 上午",64,"2.8899999999999999E+001",1001,416,160,0,8441,790,"4.0E+000",73
403,"07-7月 -19 12.00.00.000000000 上午",236,"9.6700000000000003E+001",1001,785,163,0,17461,1824,"1.1000000000000001E+000",237
34,"10-3月 -18 12.00.00.000000000 上午",35,"1.8899999999999999E+001",1001,87,94,0,8041,275,"1.2E+000",25
248,"23-6月 -19 12.00.00.000000000 上午",149,"9.6400000000000006E+001",1001,652,175,0,17181,1383,"1.1000000000000001E+000",159
834,"22-1月 -19 12.00.00.000000000 上午",459,"8.7900000000000006E+001",1001,6328,865,0,14141,9165,"4.0E+000",679
974,"17-3月 -18 12.00.00.000000000 上午",547,"5.7799999999999997E+001",1001,3707,1588,0,8181,7653,"1.01E+001",837
544,"21-6月 -19 12.00.00.000000000 上午",333,"9.5799999999999997E+001",1001,1529,416,0,17141,3231,"1.8999999999999999E+000",409
308,"16-6月 -19 12.00.00.000000000 上午",186,"9.9900000000000006E+001",1001,933,202,0,17041,1858,"1.2E+000",229
277,"22-8月 -19 12.00.00.000000000 上午",137,"9.3400000000000006E+001",1001,880,156,0,18381,1637,"1.6000000000000001E+000",187
355,"23-2月 -18 12.00.00.000000000 上午",233,"3.7899999999999999E+001",1001,1070,670,0,7741,2631,"2.6000000000000001E+000",303
617,"04-7月 -19 12.00.00.000000000 上午",293,"9.1799999999999997E+001",1001,1475,317,0,17401,3092,"1.6000000000000001E+000",390
485,"17-6月 -19 12.00.00.000000000 上午",266,"9.9599999999999994E+001",1001,1522,332,0,17061,2979,"1.3999999999999999E+000",374
296,"13-6月 -19 12.00.00.000000000 上午",135,"8.8900000000000006E+001",1001,956,133,0,16981,1782,"1.3E+000",262
802,"25-9月 -18 12.00.00.000000000 上午",513,"1.053E+002",1001,4225,789,0,11761,6949,"1.8999999999999999E+000",620
221,"02-3月 -18 12.00.00.000000000 上午",137,"1.6899999999999999E+001",1001,641,476,0,7881,1633,"2.2000000000000002E+000",158
0,"20-1月 -19 12.00.00.000000000 上午",0,"6.9299999999999997E+001",1001,1096,0,0,14101,1096,2.9999999999999999E-001,0
234,"04-7月 -17 12.00.00.000000000 上午",149,"1.51E+001",1001,1228,469,0,3361,2250,"4.0999999999999996E+000",170
353,"30-6月 -19 12.00.00.000000000 上午",200,"9.5200000000000003E+001",1001,889,127,0,17321,1792,"1.0E+000",223
156,"15-2月 -18 12.00.00.000000000 上午",68,"1.6699999999999999E+001",1001,525,204,0,7581,1096,9.0000000000000002E-001,143
287,"08-2月 -18 12.00.00.000000000 上午",209,"2.7199999999999999E+001",1001,967,508,0,7441,2217,"2.1000000000000001E+000",246
341,"14-6月 -19 12.00.00.000000000 上午",168,"9.5700000000000003E+001",1001,1027,278,0,17001,2054,"1.6000000000000001E+000",240
846,"09-4月 -19 12.00.00.000000000 上午",450,"9.4799999999999997E+001",1001,2247,542,0,15681,4625,"1.8E+000",540
500,"02-9月 -18 12.00.00.000000000 上午",285,"1.05E+002",1001,3181,381,0,11341,4756,"1.1000000000000001E+000",409
189,"25-4月 -18 12.00.00.000000000 上午",131,"6.3799999999999997E+001",1001,361,456,0,8961,1306,"6.2000000000000002E+000",169
117,"06-7月 -17 12.00.00.000000000 上午",83,"1.05E+001",1001,501,299,0,3401,1109,"2.1000000000000001E+000",109
757,"28-1月 -18 12.00.00.000000000 上午",394,"6.0E+001",1001,3057,949,0,7221,5835,"3.5E+000",678
400,"03-8月 -17 12.00.00.000000000 上午",264,"1.6699999999999999E+001",1001,2487,801,0,3801,4322,"9.0999999999999996E+000",370
10,"13-4月 -18 12.00.00.000000000 上午",4,"2.7E+001",1001,85,5,0,8721,109,2.9999999999999999E-001,5
2586,"22-6月 -18 12.00.00.000000000 上午",1963,"5.2899999999999999E+001",1001,15498,7876,0,9941,30117,"2.0600000000000001E+001",2194
266,"01-1月 -18 12.00.00.000000000 上午",161,"2.0899999999999999E+001",1001,626,497,0,6681,1750,"2.1000000000000001E+000",200
1225,"04-7月 -18 12.00.00.000000000 上午",897,"2.4899999999999999E+001",1001,9069,3144,0,10181,15383,"8.3000000000000007E+000",1048
482,"11-1月 -18 12.00.00.000000000 上午",242,"5.0700000000000003E+001",1001,2389,572,0,6881,4134,"2.2999999999999998E+000",449
742,"18-8月 -17 12.00.00.000000000 上午",444,"3.2399999999999999E+001",1001,3444,1260,0,4101,6518,"8.0E+000",628
1842,"29-4月 -18 12.00.00.000000000 上午",1721,"4.8E+001",1001,18868,5402,0,9041,29586,"2.0800000000000001E+001",1753
313,"25-12月-17 12.00.00.000000000 上午",206,"3.5399999999999999E+001",1001,682,495,0,6541,1952,"1.8E+000",256
0,"17-11月-18 12.00.00.000000000 上午",0,"7.9099999999999994E+001",1001,1083,0,0,12821,1083,2.9999999999999999E-001,0
453,"29-7月 -17 12.00.00.000000000 上午",254,"2.15E+001",1001,1881,841,0,3742,3790,"5.7000000000000002E+000",361
791,"24-12月-18 12.00.00.000000000 上午",534,"9.2400000000000006E+001",1001,5162,959,0,13561,8066,"4.0999999999999996E+000",620
913,"01-4月 -18 12.00.00.000000000 上午",531,"3.3799999999999997E+001",1001,4742,1391,0,8481,8365,"7.9000000000000004E+000",788
417,"07-9月 -17 12.00.00.000000000 上午",253,"2.3899999999999999E+001",1001,1581,735,0,4421,3289,"3.7000000000000002E+000",303
975,"08-5月 -18 12.00.00.000000000 上午",1455,"3.8200000000000003E+001",1001,10154,2991,0,9221,16407,"1.7199999999999999E+001",832
861,"04-11月-18 12.00.00.000000000 上午",680,"7.3700000000000003E+001",1001,5714,2359,0,12561,10255,"7.9000000000000004E+000",641
526,"01-8月 -18 12.00.00.000000000 上午",306,"8.9900000000000006E+001",1001,4144,424,0,10741,5823,"1.5E+000",423
685,"23-6月 -18 12.00.00.000000000 上午",821,"3.75E+001",1001,5493,2977,0,9961,10502,"1.24E+001",526
132,"17-4月 -18 12.00.00.000000000 上午",80,"6.7400000000000006E+001",1001,200,257,0,8801,755,"3.8999999999999999E+000",86
1525,"12-7月 -18 12.00.00.000000000 上午",1268,"5.4600000000000001E+001",1001,11291,5184,0,10341,20544,"1.8100000000000001E+001",1276
543,"20-12月-17 12.00.00.000000000 上午",261,"6.8099999999999994E+001",1001,2595,452,0,6441,4346,"1.8999999999999999E+000",495
1715,"08-8月 -17 12.00.00.000000000 上午",958,"4.8700000000000003E+001",1001,10508,2662,0,3901,17345,"1.8300000000000001E+001",1502
410,"19-5月 -17 12.00.00.000000000 上午",242,"1.6E+001",1001,3264,877,0,2701,5140,"1.0800000000000001E+001",347
451,"22-12月-18 12.00.00.000000000 上午",280,"8.8900000000000006E+001",1001,3984,424,0,13521,5494,"2.0E+000",355
530,"01-11月-18 12.00.00.000000000 上午",408,"7.6900000000000006E+001",1001,5140,1575,0,12501,8176,"5.2000000000000002E+000",523
1067,"06-8月 -17 12.00.00.000000000 上午",632,"3.5799999999999997E+001",1001,6094,1722,0,3861,10416,"1.54E+001",901
2199,"03-5月 -18 12.00.00.000000000 上午",1788,"5.1899999999999999E+001",1001,17040,5581,0,9121,28741,"2.15E+001",2133
310,"25-9月 -17 12.00.00.000000000 上午",198,"1.6100000000000001E+001",1001,1696,639,0,4984,3119,"5.4000000000000004E+000",276
846,"23-12月-18 12.00.00.000000000 上午",459,"1.027E+002",1001,6317,741,0,13541,9084,"2.2000000000000002E+000",721
290,"05-12月-17 12.00.00.000000000 上午",242,"3.7399999999999999E+001",1001,1139,734,0,6141,2648,"3.1000000000000001E+000",243
999,"16-6月 -17 12.00.00.000000000 上午",585,"4.3200000000000003E+001",1001,5012,1869,0,3001,9315,"1.1E+001",850
484,"19-5月 -19 12.00.00.000000000 上午",261,"1.012E+002",1001,1608,272,0,16481,2922,"1.2E+000",297
759,"26-6月 -18 12.00.00.000000000 上午",919,"5.3299999999999997E+001",1001,6241,2383,0,10021,10972,"1.26E+001",670
685,"26-8月 -17 12.00.00.000000000 上午",409,"2.1699999999999999E+001",1001,4502,1222,0,4261,7374,"1.2199999999999999E+001",556
125,"03-4月 -18 12.00.00.000000000 上午",77,"1.9E+001",1001,375,225,0,8521,904,"3.2000000000000002E+000",102
2377,"15-10月-17 12.00.00.000000000 上午",1305,"7.9299999999999997E+001",1001,12653,2887,0,5121,21263,"1.3E+001",2041
226,"28-8月 -17 12.00.00.000000000 上午",176,"1.09E+001",1001,1857,534,0,4301,3006,"1.06E+001",213
538,"08-11月-17 12.00.00.000000000 上午",372,"4.8E+001",1001,1348,963,0,5601,3666,"3.7000000000000002E+000",445
89,"22-1月 -18 12.00.00.000000000 上午",69,"9.6999999999999993E+000",1001,223,147,0,7101,607,5.0E-001,79
2890,"11-12月-18 12.00.00.000000000 上午",2678,"5.2E+001",1001,21567,8367,0,13301,38286,"2.1399999999999999E+001",2784
736,"01-9月 -18 12.00.00.000000000 上午",417,"1.023E+002",1001,5525,463,0,11323,7835,"1.5E+000",694
646,"08-10月-17 12.00.00.000000000 上午",348,"2.7699999999999999E+001",1001,2951,1095,0,4941,5562,"6.0999999999999996E+000",522
290,"16-7月 -17 12.00.00.000000000 上午",169,"1.2699999999999999E+001",1001,1705,575,0,3752,2970,"7.2999999999999998E+000",231
474,"16-9月 -17 12.00.00.000000000 上午",329,"3.2899999999999999E+001",1001,1700,846,0,4601,3773,"3.2000000000000002E+000",424
1141,"10-7月 -18 12.00.00.000000000 上午",1079,"2.7399999999999999E+001",1001,9087,3836,0,10301,16096,"1.6600000000000001E+001",953
202,"07-1月 -18 12.00.00.000000000 上午",153,"2.7300000000000001E+001",1001,447,367,0,6801,1349,"1.3E+000",180
1599,"14-8月 -17 12.00.00.000000000 上午",893,"5.25E+001",1001,8066,2418,0,4021,14275,"1.4300000000000001E+001",1299
1289,"03-9月 -17 12.00.00.000000000 上午",693,"3.3399999999999999E+001",1001,10088,2108,0,4763,15243,"2.1399999999999999E+001",1065
365,"08-9月 -17 12.00.00.000000000 上午",218,"1.4199999999999999E+001",1001,2148,555,0,4441,3593,"4.0E+000",307
997,"06-12月-18 12.00.00.000000000 上午",600,"9.8299999999999997E+001",1001,4932,1025,0,13201,8354,"3.6000000000000001E+000",800
827,"28-9月 -17 12.00.00.000000000 上午",496,"2.9199999999999999E+001",1001,5442,1574,0,4987,9158,"1.3199999999999999E+001",819
387,"15-9月 -17 12.00.00.000000000 上午",227,"3.1E+001",1001,1172,648,0,4581,2724,"2.2999999999999998E+000",290
349,"02-6月 -19 12.00.00.000000000 上午",198,"9.6400000000000006E+001",1001,783,193,0,16761,1746,"1.2E+000",223
61,"31-3月 -18 12.00.00.000000000 上午",47,"2.8E+001",1001,231,146,0,8461,550,"3.7999999999999998E+000",65
844,"22-10月-17 12.00.00.000000000 上午",463,"5.05E+001",1001,2967,994,0,5261,5932,"3.8999999999999999E+000",664
626,"02-2月 -18 12.00.00.000000000 上午",356,"6.7799999999999997E+001",1001,3419,793,0,7321,5797,"3.0E+000",603
460,"30-8月 -17 12.00.00.000000000 上午",294,"2.0E+001",1001,2891,963,0,4341,5035,"9.5999999999999996E+000",427
125,"09-4月 -18 12.00.00.000000000 上午",66,"4.0600000000000001E+001",1001,814,164,0,8641,1302,"3.3999999999999999E+000",133
370,"24-10月-17 12.00.00.000000000 上午",246,"2.7899999999999999E+001",1001,1196,580,0,5301,2709,"3.1000000000000001E+000",317
364,"04-10月-17 12.00.00.000000000 上午",219,"2.8399999999999999E+001",1001,1747,751,0,4861,3415,"3.3999999999999999E+000",334
2462,"17-12月-18 12.00.00.000000000 上午",2559,"4.9399999999999999E+001",1001,20388,6745,0,13421,34299,"2.0399999999999999E+001",2145
272,"16-4月 -18 12.00.00.000000000 上午",169,"7.8200000000000003E+001",1001,749,409,0,8781,1819,"4.2000000000000002E+000",220
314,"17-11月-17 12.00.00.000000000 上午",189,"2.6399999999999999E+001",1001,1656,508,0,5781,2982,"2.3999999999999999E+000",315
505,"19-9月 -17 12.00.00.000000000 上午",281,"2.4800000000000001E+001",1001,2662,661,0,4661,4565,"3.3999999999999999E+000",456
1229,"27-9月 -17 12.00.00.000000000 上午",727,"3.6100000000000001E+001",1001,7587,1951,0,4986,12552,"1.5800000000000001E+001",1058
387,"24-9月 -17 12.00.00.000000000 上午",258,"2.0600000000000001E+001",1001,1907,743,0,4983,3589,"7.2999999999999998E+000",294
307,"12-11月-17 12.00.00.000000000 上午",204,"2.7600000000000001E+001",1001,755,580,0,5681,2053,"2.6000000000000001E+000",207
1137,"11-4月 -17 12.00.00.000000000 上午",736,"3.2100000000000001E+001",1001,8564,1861,0,1941,13286,"1.6E+001",988
174,"18-1月 -18 12.00.00.000000000 上午",88,"1.6899999999999999E+001",1001,410,244,0,7021,1064,"1.0E+000",148
676,"24-5月 -19 12.00.00.000000000 上午",341,"9.6599999999999994E+001",1001,1813,408,0,16581,3631,"2.0E+000",393
965,"02-5月 -18 12.00.00.000000000 上午",803,"6.0799999999999997E+001",1001,6272,2254,0,9101,11216,"1.1199999999999999E+001",922
418,"10-1月 -18 12.00.00.000000000 上午",203,"5.6899999999999999E+001",1001,1664,478,0,6861,3126,"1.7E+000",363
406,"19-10月-18 12.00.00.000000000 上午",260,"7.4799999999999997E+001",1001,2504,268,0,12241,3779,"1.0E+000",341
554,"04-11月-17 12.00.00.000000000 上午",305,"5.0899999999999999E+001",1001,2261,770,0,5521,4352,"2.7999999999999998E+000",462
706,"16-10月-17 12.00.00.000000000 上午",475,"4.3299999999999997E+001",1001,2844,1423,0,5141,6058,"7.7999999999999998E+000",610
381,"28-10月-17 12.00.00.000000000 上午",190,"3.1100000000000001E+001",1001,1290,513,0,5381,2669,"2.0E+000",295
179,"22-5月 -19 12.00.00.000000000 上午",82,"7.25E+001",1001,542,138,0,16541,1059,"2.2000000000000002E+000",118
553,"27-5月 -19 12.00.00.000000000 上午",294,"9.4700000000000003E+001",1001,1532,342,0,16641,3098,"1.7E+000",377
2613,"19-6月 -18 12.00.00.000000000 上午",2138,"5.4399999999999999E+001",1001,18374,8128,0,9881,33493,"2.3300000000000001E+001",2240
1597,"26-6月 -17 12.00.00.000000000 上午",903,"5.8200000000000003E+001",1001,8884,2671,0,3201,15453,"1.39E+001",1398
784,"18-1月 -19 12.00.00.000000000 上午",406,"9.3599999999999994E+001",1001,5912,642,0,14061,8352,"2.2999999999999998E+000",608
351,"26-6月 -19 12.00.00.000000000 上午",170,"5.6299999999999997E+001",1001,777,144,0,17241,1719,9.0000000000000002E-001,277
802,"30-1月 -18 12.00.00.000000000 上午",433,"5.8700000000000003E+001",1001,2417,1054,0,7261,5294,"4.2000000000000002E+000",588
264,"23-1月 -18 12.00.00.000000000 上午",136,"2.4E+001",1001,610,301,0,7121,1508,"1.2E+000",197
924,"18-6月 -18 12.00.00.000000000 上午",660,"5.0899999999999999E+001",1001,5589,2342,0,9861,10246,"7.4000000000000004E+000",731
526,"14-11月-18 12.00.00.000000000 上午",348,"8.4200000000000003E+001",1001,3824,534,0,12761,5574,"2.3999999999999999E+000",342
19,"16-1月 -19 12.00.00.000000000 上午",14,"8.5E+001",1001,5339,11,0,14021,5385,6.9999999999999996E-001,2
918,"25-5月 -18 12.00.00.000000000 上午",716,"4.9399999999999999E+001",1001,7761,2221,0,9561,12404,"1.09E+001",788
1910,"29-5月 -18 12.00.00.000000000 上午",1550,"5.0899999999999999E+001",1001,14913,4104,0,9641,24159,"1.49E+001",1682
827,"28-4月 -17 12.00.00.000000000 上午",496,"2.9199999999999999E+001",1001,5442,1574,0,2281,9158,"1.3199999999999999E+001",819
598,"08-1月 -18 12.00.00.000000000 上午",246,"5.9100000000000001E+001",1001,3439,515,0,6821,5365,"2.2000000000000002E+000",567
210,"14-1月 -18 12.00.00.000000000 上午",135,"1.7399999999999999E+001",1001,543,385,0,6941,1415,"1.3999999999999999E+000",142
326,"26-10月-17 12.00.00.000000000 上午",225,"3.35E+001",1001,1067,470,0,5341,2360,"3.1000000000000001E+000",272
217,"14-1月 -19 12.00.00.000000000 上午",114,"8.3400000000000006E+001",1001,3798,169,0,13981,4461,"1.3999999999999999E+000",163
395,"26-12月-18 12.00.00.000000000 上午",376,"5.7E+001",1001,4037,1615,0,13601,6746,"1.56E+001",323
1188,"11-6月 -17 12.00.00.000000000 上午",696,"4.1E+001",1001,6203,1843,0,2901,10906,"1.21E+001",976
861,"15-7月 -18 12.00.00.000000000 上午",433,"1.05E+002",1001,7037,550,0,10401,9589,"1.3999999999999999E+000",708
146,"24-3月 -18 12.00.00.000000000 上午",80,"2.5899999999999999E+001",1001,596,169,0,8321,1108,"2.3999999999999999E+000",117
173,"19-2月 -18 12.00.00.000000000 上午",86,"1.9E+001",1001,488,252,0,7661,1138,"1.0E+000",139
492,"12-1月 -19 12.00.00.000000000 上午",259,"8.8299999999999997E+001",1001,2557,320,0,13941,3976,"2.2000000000000002E+000",348
565,"19-6月 -19 12.00.00.000000000 上午",307,"9.6099999999999994E+001",1001,1373,324,0,17101,2966,"1.5E+000",397
779,"18-3月 -18 12.00.00.000000000 上午",459,"5.7799999999999997E+001",1001,4369,1314,0,8201,7544,"1.3800000000000001E+001",623
1170,"13-5月 -18 12.00.00.000000000 上午",1548,"2.8699999999999999E+001",1001,14351,4215,0,9321,22326,"1.8800000000000001E+001",1042
1056,"22-5月 -17 12.00.00.000000000 上午",647,"3.8399999999999999E+001",1001,6470,2055,0,2761,11194,"1.46E+001",966
48,"21-4月 -18 12.00.00.000000000 上午",31,"3.4E+001",1001,148,120,0,8881,379,"2.0E+000",32
539,"07-4月 -18 12.00.00.000000000 上午",304,"5.9E+001",1001,2532,891,0,8601,4715,"6.0E+000",449
849,"10-10月-17 12.00.00.000000000 上午",521,"3.0199999999999999E+001",1001,4763,1432,0,5021,8238,"1.1E+001",673
173,"10-1月 -19 12.00.00.000000000 上午",131,"7.8400000000000006E+001",1001,942,117,0,13901,1497,"2.1000000000000001E+000",134
386,"15-6月 -19 12.00.00.000000000 上午",235,"8.4200000000000003E+001",1001,1181,221,0,17021,2285,"4.5E+000",262
267,"03-12月-17 12.00.00.000000000 上午",144,"3.0899999999999999E+001",1001,985,523,0,6101,2159,"4.0E+000",240
316,"03-3月 -18 12.00.00.000000000 上午",170,"2.6100000000000001E+001",1001,1173,615,0,7901,2526,"3.0E+000",252
3300,"07-5月 -18 12.00.00.000000000 上午",2518,"5.2799999999999997E+001",1001,24706,7799,0,9201,41473,"1.9600000000000001E+001",3150
625,"06-3月 -18 12.00.00.000000000 上午",300,"4.2700000000000003E+001",1001,3077,808,0,7961,5386,"3.2000000000000002E+000",576
1285,"08-1月 -19 12.00.00.000000000 上午",765,"1.0440000000000001E+002",1001,8023,1173,0,13861,12312,"2.6000000000000001E+000",1066
160,"24-4月 -18 12.00.00.000000000 上午",90,"5.1799999999999997E+001",1001,418,276,0,8941,1069,"4.5E+000",125
508,"23-9月 -18 12.00.00.000000000 上午",365,"1.115E+002",1001,4044,520,0,11721,5845,"1.2E+000",408
125,"20-2月 -18 12.00.00.000000000 上午",93,"1.24E+001",1001,265,234,0,7681,812,"1.3E+000",95
738,"08-9月 -18 12.00.00.000000000 上午",437,"1.0109999999999999E+002",1001,5238,586,0,11461,7620,"1.8999999999999999E+000",621
709,"06-1月 -19 12.00.00.000000000 上午",451,"9.5900000000000006E+001",1001,5968,559,0,13821,8252,"1.6000000000000001E+000",565
248,"29-12月-17 12.00.00.000000000 上午",154,"3.4399999999999999E+001",1001,785,333,0,6621,1724,"1.3E+000",204
334,"02-10月-17 12.00.00.000000000 上午",189,"3.1300000000000001E+001",1001,1392,713,0,4821,2891,"2.8999999999999999E+000",263
1610,"20-3月 -18 12.00.00.000000000 上午",894,"7.4400000000000006E+001",1001,7680,2209,0,8241,13697,"1.3199999999999999E+001",1304
512,"05-4月 -18 12.00.00.000000000 上午",280,"7.1900000000000006E+001",1001,3384,537,0,8561,5217,"5.2000000000000002E+000",504
2606,"15-6月 -18 12.00.00.000000000 上午",2381,"4.0200000000000003E+001",1001,22170,7471,0,9801,36822,"2.4E+001",2194
4,"16-2月 -18 12.00.00.000000000 上午",2,"1.0E+000",1001,11,19,0,7601,36,4.0000000000000002E-001,0
1107,"04-1月 -19 12.00.00.000000000 上午",698,"9.55E+001",1001,5904,1186,0,13781,9795,"3.3999999999999999E+000",900
506,"18-12月-17 12.00.00.000000000 上午",247,"6.5599999999999994E+001",1001,2292,483,0,6401,4033,"2.0E+000",505
154,"12-12月-17 12.00.00.000000000 上午",89,"3.0399999999999999E+001",1001,337,252,0,6281,947,"1.3999999999999999E+000",115
315,"27-1月 -18 12.00.00.000000000 上午",173,"3.6200000000000003E+001",1001,782,720,0,7201,2231,"2.7999999999999998E+000",241
384,"03-2月 -18 12.00.00.000000000 上午",190,"4.55E+001",1001,2045,312,0,7341,3272,"1.5E+000",341
1290,"21-5月 -18 12.00.00.000000000 上午",1225,"3.9E+001",1001,10945,4667,0,9481,19344,"1.7800000000000001E+001",1217
512,"19-12月-17 12.00.00.000000000 上午",256,"8.1299999999999997E+001",1001,3076,506,0,6421,4892,"2.1000000000000001E+000",542
407,"31-1月 -18 12.00.00.000000000 上午",223,"4.5799999999999997E+001",1001,2459,414,0,7281,3900,"2.0E+000",397
1323,"02-1月 -19 12.00.00.000000000 上午",780,"1.032E+002",1001,7365,1063,0,13741,11516,"2.3999999999999999E+000",985
600,"09-9月 -18 12.00.00.000000000 上午",339,"1.057E+002",1001,3919,448,0,11481,5755,"1.3E+000",449
567,"25-11月-17 12.00.00.000000000 上午",343,"5.2700000000000003E+001",1001,1738,788,0,5941,3873,"2.7999999999999998E+000",437
497,"04-12月-17 12.00.00.000000000 上午",308,"4.9899999999999999E+001",1001,1919,832,0,6121,3974,"3.3999999999999999E+000",418
120,"19-1月 -18 12.00.00.000000000 上午",78,"1.2800000000000001E+001",1001,370,286,0,7041,947,"2.2000000000000002E+000",93
494,"12-9月 -17 12.00.00.000000000 上午",328,"3.1E+001",1001,1780,807,0,4521,3841,"3.5E+000",432
411,"29-6月 -19 12.00.00.000000000 上午",218,"9.5299999999999997E+001",1001,952,176,0,17301,2037,"1.2E+000",280
173,"04-4月 -18 12.00.00.000000000 上午",90,"4.35E+001",1001,826,220,0,8541,1472,"2.7000000000000002E+000",163
262,"14-3月 -18 12.00.00.000000000 上午",167,"5.4100000000000001E+001",1001,709,505,0,8121,1889,"6.4000000000000004E+000",246
246,"15-1月 -18 12.00.00.000000000 上午",142,"1.9600000000000001E+001",1001,575,410,0,6961,1571,"1.6000000000000001E+000",198
1132,"08-6月 -17 12.00.00.000000000 上午",658,"3.1399999999999999E+001",1001,6913,1859,0,2841,11527,"1.3800000000000001E+001",965
191,"25-3月 -18 12.00.00.000000000 上午",90,"2.1E+001",1001,586,265,0,8341,1289,"3.3999999999999999E+000",157
895,"23-5月 -17 12.00.00.000000000 上午",536,"3.5299999999999997E+001",1001,4927,1574,0,2781,8713,"1.15E+001",781
296,"05-1月 -18 12.00.00.000000000 上午",183,"2.9899999999999999E+001",1001,617,521,0,6761,1858,"1.8E+000",241
36,"22-4月 -18 12.00.00.000000000 上午",16,"1.75E+001",1001,41,45,0,8901,162,6.9999999999999996E-001,24
213,"27-2月 -18 12.00.00.000000000 上午",147,"1.7899999999999999E+001",1001,641,482,0,7821,1670,"2.2000000000000002E+000",187
1367,"27-6月 -17 12.00.00.000000000 上午",859,"5.0799999999999997E+001",1001,7039,2430,0,3221,12932,"1.44E+001",1237
608,"08-4月 -18 12.00.00.000000000 上午",301,"5.4399999999999999E+001",1001,3131,770,0,8621,5292,"7.7999999999999998E+000",482
64,"29-3月 -18 12.00.00.000000000 上午",50,"2.1E+001",1001,381,150,0,8421,720,"3.3999999999999999E+000",75
113,"03-11月-18 12.00.00.000000000 上午",92,"8.3099999999999994E+001",1001,1569,64,0,12541,1928,6.9999999999999996E-001,90
1247,"15-6月 -17 12.00.00.000000000 上午",709,"4.2299999999999997E+001",1001,7291,2082,0,2981,12392,"1.36E+001",1063
2714,"06-5月 -18 12.00.00.000000000 上午",2288,"5.3E+001",1001,20397,6408,0,9181,34260,"1.9199999999999999E+001",2453
148,"28-12月-18 12.00.00.000000000 上午",381,"7.7400000000000006E+001",1001,2949,520,0,13641,4134,"5.0E+000",136
972,"11-2月 -18 12.00.00.000000000 上午",593,"6.4299999999999997E+001",1001,3666,1364,0,7501,7475,"5.2999999999999998E+000",880
1127,"21-11月-17 12.00.00.000000000 上午",735,"5.6899999999999999E+001",1001,3761,2089,0,5861,8582,"9.4000000000000004E+000",870
737,"26-9月 -18 12.00.00.000000000 上午",518,"1.0409999999999999E+002",1001,4536,771,0,11781,7184,"1.8E+000",622
1735,"28-4月 -18 12.00.00.000000000 上午",2401,"3.0399999999999999E+001",1001,19882,5621,0,9021,31203,"2.7199999999999999E+001",1564
346,"20-5月 -17 12.00.00.000000000 上午",239,"1.85E+001",1001,1987,769,0,2721,3612,"8.0E+000",271
347,"14-6月 -17 12.00.00.000000000 上午",234,"2.0199999999999999E+001",1001,2052,791,0,2961,3729,"7.2000000000000002E+000",305
691,"30-6月 -17 12.00.00.000000000 上午",431,"3.1E+001",1001,5084,1466,0,3281,8358,"1.2E+001",686
1237,"01-6月 -18 12.00.00.000000000 上午",876,"4.3100000000000001E+001",1001,11420,3594,0,9701,18271,"2.1600000000000001E+001",1144
351,"04-3月 -19 12.00.00.000000000 上午",220,"8.2200000000000003E+001",1001,1191,218,0,14961,2276,"1.5E+000",296
427,"31-10月-17 12.00.00.000000000 上午",224,"3.3600000000000001E+001",1001,1583,500,0,5441,3079,"1.8999999999999999E+000",345
844,"16-12月-17 12.00.00.000000000 上午",392,"8.7799999999999997E+001",1001,4810,760,0,6361,7644,"3.3999999999999999E+000",838
266,"10-9月 -17 12.00.00.000000000 上午",124,"1.26E+001",1001,1274,415,0,4481,2290,"1.8999999999999999E+000",211
442,"19-6月 -17 12.00.00.000000000 上午",294,"2.0100000000000001E+001",1001,1860,752,0,3061,3737,"4.7000000000000002E+000",389
841,"16-7月 -18 12.00.00.000000000 上午",566,"1.0259999999999999E+002",1001,5766,660,0,10421,8574,"1.8999999999999999E+000",741
283,"27-7月 -17 12.00.00.000000000 上午",212,"1.49E+001",1001,1512,625,0,3744,2893,"5.4000000000000004E+000",261
1876,"16-5月 -18 12.00.00.000000000 上午",1507,"4.3399999999999999E+001",1001,16552,7308,0,9381,28947,"2.5E+001",1704
1210,"01-12月-17 12.00.00.000000000 上午",608,"8.0E+001",1001,4576,1491,0,6061,8923,"5.5E+000",1038
689,"05-8月 -18 12.00.00.000000000 上午",366,"1.002E+002",1001,5688,512,0,10821,7898,"1.8E+000",643
703,"30-8月 -18 12.00.00.000000000 上午",372,"8.9799999999999997E+001",1001,5849,421,0,11321,8056,"3.7999999999999998E+000",711
478,"05-7月 -17 12.00.00.000000000 上午",289,"2.0600000000000001E+001",1001,2649,960,0,3381,4766,"6.7000000000000002E+000",390
933,"11-7月 -18 12.00.00.000000000 上午",1253,"4.5799999999999997E+001",1001,6462,3587,0,10321,12983,"1.8E+001",748
1041,"01-9月 -17 12.00.00.000000000 上午",632,"3.2100000000000001E+001",1001,5631,1626,0,4765,9806,"1.11E+001",876
1314,"07-8月 -17 12.00.00.000000000 上午",789,"3.9600000000000001E+001",1001,8555,2264,0,3881,14114,"1.85E+001",1192
910,"30-7月 -17 12.00.00.000000000 上午",481,"3.45E+001",1001,4303,1445,0,3748,7901,"1.0199999999999999E+001",762
2429,"14-10月-17 12.00.00.000000000 上午",1374,"7.3799999999999997E+001",1001,12981,3035,0,5101,21872,"1.59E+001",2053
1000,"09-3月 -18 12.00.00.000000000 上午",560,"8.3299999999999997E+001",1001,4379,1254,0,8021,8065,"6.4000000000000004E+000",872
810,"12-10月-17 12.00.00.000000000 上午",503,"2.05E+001",1001,5885,1385,0,5061,9293,"1.14E+001",710
831,"21-8月 -17 12.00.00.000000000 上午",467,"3.3600000000000001E+001",1001,4409,1486,0,4161,7898,"9.9000000000000004E+000",705
1537,"13-8月 -17 12.00.00.000000000 上午",1001,"4.8100000000000001E+001",1001,8851,2539,0,4001,15295,"1.6399999999999999E+001",1367
1119,"07-6月 -17 12.00.00.000000000 上午",643,"4.6299999999999997E+001",1001,6484,1643,0,2842,10901,"1.8100000000000001E+001",1012
601,"07-12月-18 12.00.00.000000000 上午",612,"7.0900000000000006E+001",1001,5536,1979,0,13221,9321,"1.05E+001",593
859,"31-8月 -18 12.00.00.000000000 上午",498,"9.8099999999999994E+001",1001,5983,691,0,11322,8873,"3.2000000000000002E+000",842
1387,"11-8月 -17 12.00.00.000000000 上午",823,"3.9E+001",1001,8814,2163,0,3961,14370,"1.8199999999999999E+001",1183
546,"22-2月 -18 12.00.00.000000000 上午",325,"4.4299999999999997E+001",1001,2059,844,0,7721,4303,"4.2000000000000002E+000",529
414,"23-10月-17 12.00.00.000000000 上午",235,"3.1899999999999999E+001",1001,1279,591,0,5281,2861,"2.3999999999999999E+000",342
756,"11-9月 -17 12.00.00.000000000 上午",390,"3.9600000000000001E+001",1001,3703,995,0,4501,6470,"4.7999999999999998E+000",626
394,"26-2月 -19 12.00.00.000000000 上午",233,"8.6799999999999997E+001",1001,1960,275,0,14841,3156,"1.3999999999999999E+000",294
1033,"23-6月 -17 12.00.00.000000000 上午",605,"3.4299999999999997E+001",1001,7059,1698,0,3141,11269,"1.4699999999999999E+001",874
2316,"09-12月-18 12.00.00.000000000 上午",2590,"5.5600000000000001E+001",1001,15667,5873,0,13261,28320,"1.8100000000000001E+001",1874
300,"07-2月 -18 12.00.00.000000000 上午",161,"2.7800000000000001E+001",1001,704,474,0,7421,1894,"2.1000000000000001E+000",255
542,"06-10月-17 12.00.00.000000000 上午",319,"3.2E+001",1001,1940,874,0,4901,4113,"4.0E+000",438
1590,"26-10月-18 12.00.00.000000000 上午",1398,"6.5200000000000003E+001",1001,10703,4049,0,12381,19149,"1.2699999999999999E+001",1409
311,"13-11月-18 12.00.00.000000000 上午",166,"8.5599999999999994E+001",1001,1892,265,0,12741,2848,"1.7E+000",214
451,"30-9月 -17 12.00.00.000000000 上午",294,"2.5300000000000001E+001",1001,2010,793,0,4781,3961,"5.2999999999999998E+000",413
1056,"09-7月 -17 12.00.00.000000000 上午",655,"3.45E+001",1001,6619,1816,0,3461,11092,"1.15E+001",946
549,"31-12月-17 12.00.00.000000000 上午",267,"6.0399999999999999E+001",1001,2309,577,0,6661,4169,"2.2000000000000002E+000",467
431,"26-1月 -18 12.00.00.000000000 上午",218,"3.5E+001",1001,909,595,0,7181,2464,"2.1000000000000001E+000",311
1031,"27-11月-18 12.00.00.000000000 上午",565,"9.9099999999999994E+001",1001,5287,996,0,13021,8691,"3.1000000000000001E+000",812
751,"17-10月-18 12.00.00.000000000 上午",480,"1.013E+002",1001,4076,728,0,12201,6704,"1.8999999999999999E+000",669
349,"01-11月-17 12.00.00.000000000 上午",176,"3.15E+001",1001,1285,480,0,5461,2606,"1.8E+000",316
245,"11-12月-17 12.00.00.000000000 上午",141,"2.5699999999999999E+001",1001,517,397,0,6261,1489,"1.3999999999999999E+000",189
160,"13-11月-17 12.00.00.000000000 上午",141,"1.26E+001",1001,863,359,0,5701,1647,"4.5999999999999996E+000",124
149,"06-9月 -19 12.00.00.000000000 上午",61,"7.5599999999999994E+001",1001,426,51,0,18681,823,"1.0E+000",136
684,"31-5月 -19 12.00.00.000000000 上午",311,"9.5700000000000003E+001",1001,1580,409,0,16721,3413,"1.7E+000",429
505,"18-5月 -17 12.00.00.000000000 上午",334,"2.5699999999999999E+001",1001,2994,1104,0,2681,5392,"9.4000000000000004E+000",455
594,"12-2月 -18 12.00.00.000000000 上午",313,"4.8700000000000003E+001",1001,2169,862,0,7521,4422,"3.0E+000",484
249,"16-11月-17 12.00.00.000000000 上午",142,"1.6600000000000001E+001",1001,726,429,0,5761,1727,"1.8999999999999999E+000",181
962,"24-11月-17 12.00.00.000000000 上午",515,"7.4799999999999997E+001",1001,3886,1132,0,5921,7353,"4.2999999999999998E+000",858
514,"04-6月 -19 12.00.00.000000000 上午",258,"9.2799999999999997E+001",1001,1353,287,0,16801,2776,"1.6000000000000001E+000",364
386,"15-10月-18 12.00.00.000000000 上午",232,"8.1E+001",1001,2214,339,0,12161,3502,"1.8E+000",331
473,"14-9月 -18 12.00.00.000000000 上午",322,"1.0640000000000001E+002",1001,3332,503,0,11581,5036,"1.8E+000",406
962,"08-4月 -17 12.00.00.000000000 上午",471,"3.05E+001",1001,5020,1393,0,1881,8610,"8.0E+000",764
780,"21-5月 -17 12.00.00.000000000 上午",479,"3.2100000000000001E+001",1001,5243,1611,0,2741,8769,"1.39E+001",656
545,"26-2月 -18 12.00.00.000000000 上午",284,"4.4700000000000003E+001",1001,1727,897,0,7801,3910,"3.8999999999999999E+000",457
561,"18-5月 -19 12.00.00.000000000 上午",314,"1.018E+002",1001,1778,372,0,16461,3425,"1.3999999999999999E+000",400
1422,"12-6月 -17 12.00.00.000000000 上午",785,"5.15E+001",1001,6863,1645,0,2921,11842,"7.5999999999999996E+000",1127
584,"13-10月-18 12.00.00.000000000 上午",444,"6.6799999999999997E+001",1001,3545,1596,0,12121,6622,"8.3000000000000007E+000",453
2381,"12-5月 -18 12.00.00.000000000 上午",2398,"4.4200000000000003E+001",1001,22823,6978,0,9301,36779,"2.3100000000000001E+001",2199
2368,"21-6月 -18 12.00.00.000000000 上午",1947,"5.1799999999999997E+001",1001,17517,7037,0,9921,31025,"2.1300000000000001E+001",2156
2658,"08-12月-18 12.00.00.000000000 上午",2446,"6.4200000000000003E+001",1001,17621,6590,0,13241,31508,"1.59E+001",2193
629,"01-2月 -18 12.00.00.000000000 上午",319,"5.7700000000000003E+001",1001,2385,734,0,7301,4556,"3.0E+000",489
131,"13-3月 -18 12.00.00.000000000 上午",53,"3.0899999999999999E+001",1001,469,195,0,8101,964,"3.2000000000000002E+000",116
1230,"22-6月 -17 12.00.00.000000000 上午",726,"4.5399999999999999E+001",1001,7292,2197,0,3121,12551,"1.4800000000000001E+001",1106
300,"04-2月 -18 12.00.00.000000000 上午",168,"2.7300000000000001E+001",1001,1351,309,0,7361,2402,"1.3E+000",274
1994,"28-5月 -18 12.00.00.000000000 上午",1472,"4.9200000000000003E+001",1001,15769,5109,0,9621,26168,"1.46E+001",1824
2331,"10-12月-18 12.00.00.000000000 上午",2370,"5.1E+001",1001,18297,6223,0,13281,31263,"2.0600000000000001E+001",2042
1303,"01-7月 -17 12.00.00.000000000 上午",747,"4.5200000000000003E+001",1001,6464,1986,0,3301,11599,"1.09E+001",1099
426,"08-7月 -17 12.00.00.000000000 上午",248,"2.3899999999999999E+001",1001,1836,812,0,3441,3648,"5.5999999999999996E+000",326
625,"05-5月 -17 12.00.00.000000000 上午",343,"2.1600000000000001E+001",1001,2546,1022,0,2421,5037,"7.4000000000000004E+000",501
1008,"11-10月-18 12.00.00.000000000 上午",1046,"7.1799999999999997E+001",1001,6195,1632,0,12081,10790,"6.7999999999999998E+000",909
1116,"20-5月 -18 12.00.00.000000000 上午",1062,"4.0399999999999999E+001",1001,9794,5052,0,9461,18056,"1.9699999999999999E+001",1032
170,"18-2月 -18 12.00.00.000000000 上午",110,"2.2899999999999999E+001",1001,298,264,0,7641,957,9.0000000000000002E-001,115
2814,"12-12月-18 12.00.00.000000000 上午",2555,"4.9100000000000001E+001",1001,22363,7726,0,13321,37777,"2.2E+001",2319
687,"22-9月 -18 12.00.00.000000000 上午",472,"1.098E+002",1001,4546,686,0,11701,6929,"1.5E+000",538
3,"17-7月 -17 12.00.00.000000000 上午",3,"4.4000000000000004E+000",1001,10,9,0,3751,26,"2.0E+000",1
65,"05-2月 -19 12.00.00.000000000 上午",36,"6.5400000000000006E+001",1001,750,103,0,14421,999,"1.5E+000",45
412,"28-7月 -17 12.00.00.000000000 上午",293,"1.45E+001",1001,2953,836,0,3745,4873,"8.9000000000000004E+000",379
311,"12-7月 -17 12.00.00.000000000 上午",200,"1.6199999999999999E+001",1001,1870,660,0,3521,3307,"6.7999999999999998E+000",266
1041,"01-5月 -17 12.00.00.000000000 上午",632,"3.2100000000000001E+001",1001,5631,1626,0,2341,9806,"1.11E+001",876
576,"14-5月 -19 12.00.00.000000000 上午",336,"9.8599999999999994E+001",1001,1882,393,0,16381,3599,"1.6000000000000001E+000",412
690,"29-5月 -19 12.00.00.000000000 上午",355,"9.5700000000000003E+001",1001,1711,459,0,16681,3661,"1.7E+000",446
479,"09-5月 -17 12.00.00.000000000 上午",303,"2.2300000000000001E+001",1001,2247,922,0,2501,4331,"6.5999999999999996E+000",380
2248,"14-12月-18 12.00.00.000000000 上午",2174,"4.4799999999999997E+001",1001,15809,6733,0,13361,28665,"2.2800000000000001E+001",1701
627,"29-8月 -17 12.00.00.000000000 上午",353,"2.0800000000000001E+001",1001,2962,977,0,4321,5378,"7.4000000000000004E+000",459
320,"07-6月 -19 12.00.00.000000000 上午",200,"9.8700000000000003E+001",1001,855,217,0,16861,1803,"1.1000000000000001E+000",211
988,"11-7月 -17 12.00.00.000000000 上午",601,"3.8700000000000003E+001",1001,5047,1708,0,3501,9181,"1.0199999999999999E+001",837
1152,"09-10月-18 12.00.00.000000000 上午",1513,"2.5300000000000001E+001",1001,9022,3342,0,12041,16077,"1.4199999999999999E+001",1048
318,"11-5月 -19 12.00.00.000000000 上午",207,"1.0259999999999999E+002",1001,1144,202,0,16321,2082,9.0000000000000002E-001,211
737,"22-8月 -17 12.00.00.000000000 上午",413,"2.9199999999999999E+001",1001,3165,1156,0,4181,6152,"6.5E+000",681
2224,"16-12月-18 12.00.00.000000000 上午",2530,"4.45E+001",1001,15846,6049,0,13401,28369,"2.15E+001",1720
319,"03-6月 -19 12.00.00.000000000 上午",199,"9.4299999999999997E+001",1001,944,295,0,16781,1983,"1.7E+000",226
31,"18-9月 -17 12.00.00.000000000 上午",26,"3.8999999999999999E+000",1001,69,69,0,4641,221,2.0000000000000001E-001,26
260,"10-2月 -19 12.00.00.000000000 上午",338,"6.0899999999999999E+001",1001,3732,1091,0,14521,5631,"9.4000000000000004E+000",210
1468,"25-6月 -17 12.00.00.000000000 上午",834,"5.8799999999999997E+001",1001,7314,2332,0,3181,13240,"1.09E+001",1292
782,"15-5月 -19 12.00.00.000000000 上午",465,"9.7400000000000006E+001",1001,2518,566,0,16401,4919,"1.8999999999999999E+000",588
1386,"07-10月-18 12.00.00.000000000 上午",1184,"4.7100000000000001E+001",1001,8647,4924,0,12001,17415,"2.1E+001",1274
550,"30-5月 -19 12.00.00.000000000 上午",294,"9.2799999999999997E+001",1001,1453,403,0,16701,3122,"1.7E+000",422
693,"16-10月-18 12.00.00.000000000 上午",456,"7.4700000000000003E+001",1001,3838,762,0,12181,6311,"2.3999999999999999E+000",562
599,"07-10月-17 12.00.00.000000000 上午",362,"3.25E+001",1001,2115,978,0,4921,4511,"4.5999999999999996E+000",457
37,"20-10月-18 12.00.00.000000000 上午",19,"4.6299999999999997E+001",1001,149,20,0,12261,244,5.0E-001,19
1085,"10-6月 -17 12.00.00.000000000 上午",645,"3.4799999999999997E+001",1001,6430,1881,0,2881,10918,"1.3699999999999999E+001",877
710,"07-7月 -17 12.00.00.000000000 上午",440,"2.5800000000000001E+001",1001,4839,1315,0,3421,7889,"1.15E+001",585
455,"05-6月 -19 12.00.00.000000000 上午",232,"7.9E+001",1001,1313,353,0,16821,2674,"1.6000000000000001E+000",321
468,"01-6月 -19 12.00.00.000000000 上午",226,"9.6400000000000006E+001",1001,1288,239,0,16741,2568,"1.2E+000",347
767,"05-10月-18 12.00.00.000000000 上午",1341,"5.3399999999999999E+001",1001,5378,2349,0,11961,10520,"1.1300000000000001E+001",685
744,"13-9月 -18 12.00.00.000000000 上午",447,"1.0359999999999999E+002",1001,4799,748,0,11561,7377,"2.6000000000000001E+000",639
1598,"20-10月-17 12.00.00.000000000 上午",823,"7.7799999999999997E+001",1001,6317,2048,0,5221,12041,"8.8000000000000007E+000",1255
402,"18-10月-18 12.00.00.000000000 上午",329,"8.75E+001",1001,2437,446,0,12221,4025,"3.2999999999999998E+000",411
576,"05-11月-17 12.00.00.000000000 上午",360,"4.8600000000000001E+001",1001,2245,1066,0,5541,4747,"6.0E+000",500
314,"03-10月-18 12.00.00.000000000 上午",226,"9.9E+001",1001,2838,286,0,11921,3866,"2.1000000000000001E+000",202
655,"21-6月 -17 12.00.00.000000000 上午",387,"2.7100000000000001E+001",1001,3813,1180,0,3101,6621,"8.4000000000000004E+000",586
959,"29-9月 -17 12.00.00.000000000 上午",567,"3.3899999999999999E+001",1001,4646,1509,0,4988,8536,"1.0699999999999999E+001",855
548,"10-6月 -19 12.00.00.000000000 上午",280,"9.1200000000000003E+001",1001,1467,374,0,16921,3053,"1.6000000000000001E+000",384
351,"14-4月 -19 12.00.00.000000000 上午",203,"8.8799999999999997E+001",1001,1091,215,0,15781,2138,"1.6000000000000001E+000",278
216,"27-6月 -18 12.00.00.000000000 上午",224,"5.65E+001",1001,1493,889,0,10041,3014,"6.0E+000",192
467,"24-11月-18 12.00.00.000000000 上午",266,"8.4200000000000003E+001",1001,3416,515,0,12961,5010,"3.6000000000000001E+000",346
401,"22-10月-18 12.00.00.000000000 上午",236,"8.2E+001",1001,2586,309,0,12301,3819,"2.2000000000000002E+000",287
307,"01-10月-18 12.00.00.000000000 上午",234,"1.043E+002",1001,3524,358,0,11881,4668,"1.2E+000",245
926,"25-5月 -17 12.00.00.000000000 上午",534,"3.7E+001",1001,4219,1610,0,2821,8031,"1.1800000000000001E+001",742
1365,"22-5月 -18 12.00.00.000000000 上午",1370,"5.05E+001",1001,12907,3948,0,9501,20786,"1.54E+001",1196
1100,"01-7月 -18 12.00.00.000000000 上午",796,"3.6200000000000003E+001",1001,5968,2438,0,10121,11236,"8.5999999999999996E+000",934
587,"17-4月 -19 12.00.00.000000000 上午",312,"5.6200000000000003E+001",1001,1601,334,0,15841,3221,"1.0E+000",387
884,"26-11月-18 12.00.00.000000000 上午",509,"9.5200000000000003E+001",1001,4447,963,0,13001,7543,"3.2999999999999998E+000",740
840,"16-5月 -19 12.00.00.000000000 上午",471,"9.7400000000000006E+001",1001,2624,580,0,16421,5090,"2.1000000000000001E+000",575
1520,"14-10月-18 12.00.00.000000000 上午",1514,"6.0899999999999999E+001",1001,8814,3345,0,12141,16475,"1.2199999999999999E+001",1282
584,"29-9月 -18 12.00.00.000000000 上午",409,"9.7700000000000003E+001",1001,3021,531,0,11841,4995,"1.8E+000",450
325,"09-11月-17 12.00.00.000000000 上午",216,"2.9100000000000001E+001",1001,764,634,0,5621,2236,"2.6000000000000001E+000",297
208,"15-4月 -18 12.00.00.000000000 上午",144,"6.2600000000000001E+001",1001,735,352,0,8761,1611,"2.7000000000000002E+000",172
1557,"13-7月 -18 12.00.00.000000000 上午",876,"8.5200000000000003E+001",1001,10021,1449,0,10361,15227,"3.8999999999999999E+000",1324
787,"21-4月 -19 12.00.00.000000000 上午",426,"9.1200000000000003E+001",1001,2719,614,0,15921,5154,"2.7999999999999998E+000",608
751,"13-2月 -19 12.00.00.000000000 上午",708,"6.1899999999999999E+001",1001,5660,2389,0,14581,10094,"1.1699999999999999E+001",586
881,"28-11月-18 12.00.00.000000000 上午",549,"9.95E+001",1001,4602,751,0,13041,7535,"2.2000000000000002E+000",752
858,"17-8月 -18 12.00.00.000000000 上午",534,"1.065E+002",1001,6610,657,0,11061,9391,"1.6000000000000001E+000",732
839,"27-9月 -18 12.00.00.000000000 上午",552,"1.017E+002",1001,4952,776,0,11801,7817,"2.1000000000000001E+000",698
334,"27-3月 -18 12.00.00.000000000 上午",200,"3.0100000000000001E+001",1001,1464,554,0,8381,2809,"5.0999999999999996E+000",257
1039,"05-12月-18 12.00.00.000000000 上午",562,"9.9700000000000003E+001",1001,4478,796,0,13181,7640,"2.2000000000000002E+000",765
742,"02-12月-17 12.00.00.000000000 上午",423,"4.9899999999999999E+001",1001,2770,1209,0,6081,5781,"4.5E+000",637
269,"29-4月 -19 12.00.00.000000000 上午",146,"4.2799999999999997E+001",1001,790,146,0,16081,1507,6.9999999999999996E-001,156
1284,"28-3月 -17 12.00.00.000000000 上午",729,"3.7700000000000003E+001",1001,7029,1931,0,1661,12123,"1.09E+001",1150
2006,"05-5月 -18 12.00.00.000000000 上午",1778,"6.1399999999999999E+001",1001,14349,6046,0,9161,26012,"1.8199999999999999E+001",1833
1024,"10-10月-18 12.00.00.000000000 上午",843,"4.75E+001",1001,6966,2839,0,12061,12500,"1.36E+001",828
441,"16-11月-18 12.00.00.000000000 上午",257,"8.3099999999999994E+001",1001,2670,370,0,12801,4091,"1.2E+000",353
201,"17-9月 -19 12.00.00.000000000 上午",94,"5.8700000000000003E+001",1001,747,118,0,18901,1314,"1.3E+000",154
970,"02-5月 -17 12.00.00.000000000 上午",566,"2.7399999999999999E+001",1001,5957,1505,0,2361,9870,"1.3E+001",872
1612,"24-3月 -17 12.00.00.000000000 上午",932,"3.4100000000000001E+001",1001,12220,2401,0,1581,18504,"2.4199999999999999E+001",1339
657,"29-11月-18 12.00.00.000000000 上午",389,"9.3900000000000006E+001",1001,3291,684,0,13061,5489,"2.0E+000",468
645,"17-12月-17 12.00.00.000000000 上午",277,"8.9E+001",1001,3776,514,0,6381,5808,"2.2999999999999998E+000",596
33,"08-10月-18 12.00.00.000000000 上午",14,"3.2799999999999997E+001",1001,94,86,0,12021,244,"2.5E+000",17
1329,"25-6月 -18 12.00.00.000000000 上午",1096,"4.1399999999999999E+001",1001,9785,3774,0,10001,17161,"1.1699999999999999E+001",1177
807,"28-9月 -18 12.00.00.000000000 上午",556,"1.017E+002",1001,4854,867,0,11821,7699,"2.0E+000",615
431,"10-2月 -18 12.00.00.000000000 上午",242,"4.0E+001",1001,1261,630,0,7481,2895,"2.2999999999999998E+000",331
1296,"01-5月 -18 12.00.00.000000000 上午",1599,"4.7299999999999997E+001",1001,12177,4007,0,9081,20282,"1.8399999999999999E+001",1203
1879,"15-12月-18 12.00.00.000000000 上午",2457,"3.95E+001",1001,13030,5620,0,13381,24422,"2.25E+001",1436
1481,"19-4月 -17 12.00.00.000000000 上午",895,"3.4899999999999999E+001",1001,12491,2397,0,2101,18609,"2.3800000000000001E+001",1345
668,"19-4月 -19 12.00.00.000000000 上午",420,"8.9E+001",1001,2072,629,0,15881,4256,"2.7999999999999998E+000",467
1700,"15-5月 -18 12.00.00.000000000 上午",1764,"4.85E+001",1001,16773,5537,0,9361,27371,"2.0899999999999999E+001",1597
700,"29-1月 -18 12.00.00.000000000 上午",367,"6.0200000000000003E+001",1001,3423,744,0,7241,5896,"3.0E+000",662
1071,"06-8月 -18 12.00.00.000000000 上午",646,"1.043E+002",1001,8324,928,0,10841,11896,"2.2000000000000002E+000",927
896,"14-7月 -18 12.00.00.000000000 上午",520,"1.0390000000000001E+002",1001,6524,569,0,10381,9326,"1.7E+000",817
155,"06-1月 -18 12.00.00.000000000 上午",93,"2.1199999999999999E+001",1001,274,315,0,6781,949,"1.2E+000",112
1572,"12-4月 -17 12.00.00.000000000 上午",948,"4.7100000000000001E+001",1001,8617,2556,0,1961,15019,"1.5300000000000001E+001",1326
496,"17-2月 -18 12.00.00.000000000 上午",294,"4.5200000000000003E+001",1001,1860,682,0,7621,3755,"4.2000000000000002E+000",423
75,"06-4月 -18 12.00.00.000000000 上午",61,"5.4299999999999997E+001",1001,319,123,0,8581,638,"2.3999999999999999E+000",60
825,"19-7月 -18 12.00.00.000000000 上午",437,"9.8900000000000006E+001",1001,5852,613,0,10481,8405,"1.7E+000",678
909,"18-9月 -18 12.00.00.000000000 上午",521,"1.0059999999999999E+002",1001,5126,995,0,11621,8277,"2.8999999999999999E+000",726
313,"24-9月 -18 12.00.00.000000000 上午",214,"1.113E+002",1001,2453,321,0,11741,3545,9.0000000000000002E-001,244
795,"21-9月 -18 12.00.00.000000000 上午",548,"1.0140000000000001E+002",1001,4936,1014,0,11681,8013,"2.8999999999999999E+000",720
835,"27-4月 -18 12.00.00.000000000 上午",789,"3.4799999999999997E+001",1001,9033,2981,0,9001,14372,"1.7199999999999999E+001",734
732,"24-8月 -18 12.00.00.000000000 上午",469,"1.045E+002",1001,5179,604,0,11201,7567,"1.3999999999999999E+000",583
216,"15-5月 -17 12.00.00.000000000 上午",154,"1.1E+001",1001,1507,476,0,2621,2527,"7.2000000000000002E+000",174
589,"30-10月-17 12.00.00.000000000 上午",303,"4.8200000000000003E+001",1001,2659,747,0,5421,4804,"2.8999999999999999E+000",506
123,"21-9月 -17 12.00.00.000000000 上午",69,"1.0800000000000001E+001",1001,450,251,0,4701,997,"1.7E+000",104
545,"28-5月 -19 12.00.00.000000000 上午",269,"9.1599999999999994E+001",1001,1428,317,0,16661,2910,"1.6000000000000001E+000",351
360,"09-12月-17 12.00.00.000000000 上午",220,"3.4899999999999999E+001",1001,928,623,0,6221,2425,"2.2999999999999998E+000",294
1028,"12-2月 -19 12.00.00.000000000 上午",908,"5.4399999999999999E+001",1001,7694,4743,0,14561,15198,"1.8699999999999999E+001",825
629,"02-8月 -18 12.00.00.000000000 上午",350,"1.0090000000000001E+002",1001,5394,594,0,10761,7530,"2.7000000000000002E+000",563
2077,"13-10月-17 12.00.00.000000000 上午",1207,"6.0399999999999999E+001",1001,12197,2875,0,5081,20076,"1.9E+001",1720
855,"20-9月 -18 12.00.00.000000000 上午",571,"1.0390000000000001E+002",1001,5021,986,0,11661,8159,"2.3999999999999999E+000",726
352,"04-9月 -17 12.00.00.000000000 上午",244,"1.5699999999999999E+001",1001,2716,694,0,4762,4291,"1.0300000000000001E+001",285
1272,"23-11月-17 12.00.00.000000000 上午",636,"8.1799999999999997E+001",1001,5840,1377,0,5901,10278,"5.2999999999999998E+000",1153
120,"28-12月-17 12.00.00.000000000 上午",71,"1.6300000000000001E+001",1001,162,206,0,6601,639,6.9999999999999996E-001,80
311,"24-2月 -18 12.00.00.000000000 上午",170,"2.6600000000000001E+001",1001,1074,499,0,7761,2305,"2.5E+000",251
1164,"27-4月 -17 12.00.00.000000000 上午",692,"3.5299999999999997E+001",1001,7098,1828,0,2261,11786,"1.54E+001",1004
362,"06-9月 -17 12.00.00.000000000 上午",242,"1.6100000000000001E+001",1001,2147,700,0,4401,3765,"6.7999999999999998E+000",314
534,"05-10月-17 12.00.00.000000000 上午",294,"3.6E+001",1001,1977,931,0,4881,4203,"5.4000000000000004E+000",467
962,"24-8月 -17 12.00.00.000000000 上午",542,"2.8600000000000001E+001",1001,5959,1514,0,4221,9776,"1.2199999999999999E+001",799
15,"14-3月 -19 12.00.00.000000000 上午",27,"6.7400000000000006E+001",1001,297,17,0,15161,372,"1.0E+000",16
240,"31-3月 -19 12.00.00.000000000 上午",144,"6.4299999999999997E+001",1001,879,215,0,15501,1661,"2.6000000000000001E+000",183
1772,"30-6月 -18 12.00.00.000000000 上午",1485,"3.1E+001",1001,13092,5112,0,10101,22908,"1.6199999999999999E+001",1447
74,"11-3月 -19 12.00.00.000000000 上午",43,"4.0399999999999999E+001",1001,337,135,0,15101,628,"3.8999999999999999E+000",39
2423,"26-5月 -18 12.00.00.000000000 上午",1987,"5.1100000000000001E+001",1001,23180,6658,0,9581,36586,"1.9399999999999999E+001",2338
567,"21-5月 -19 12.00.00.000000000 上午",308,"9.1400000000000006E+001",1001,1754,435,0,16521,3480,"1.8999999999999999E+000",416
1719,"21-10月-17 12.00.00.000000000 上午",932,"7.4299999999999997E+001",1001,8064,2185,0,5241,14426,"1.06E+001",1526
884,"17-10月-17 12.00.00.000000000 上午",495,"5.1799999999999997E+001",1001,3198,1502,0,5161,6764,"7.2999999999999998E+000",685
3,"10-3月 -19 12.00.00.000000000 上午",0,"1.45E+001",1001,6,1,0,15081,12,1.0000000000000001E-001,2
652,"08-12月-17 12.00.00.000000000 上午",330,"7.2400000000000006E+001",1001,3494,640,0,6201,5716,"2.7999999999999998E+000",600
1611,"09-7月 -18 12.00.00.000000000 上午",1450,"3.8899999999999999E+001",1001,12858,4945,0,10281,22303,"1.7399999999999999E+001",1439
666,"23-5月 -19 12.00.00.000000000 上午",368,"9.6299999999999997E+001",1001,2069,474,0,16561,4122,"1.8E+000",545
720,"03-12月-18 12.00.00.000000000 上午",411,"9.0900000000000006E+001",1001,3498,725,0,13141,5898,"3.1000000000000001E+000",544
747,"09-1月 -18 12.00.00.000000000 上午",338,"7.6400000000000006E+001",1001,3349,719,0,6841,5781,"2.8999999999999999E+000",628
861,"23-5月 -18 12.00.00.000000000 上午",1016,"2.7300000000000001E+001",1001,8747,3366,0,9521,14730,"1.41E+001",740
705,"20-5月 -19 12.00.00.000000000 上午",380,"9.7400000000000006E+001",1001,2308,524,0,16501,4420,"1.7E+000",503
1958,"23-8月 -17 12.00.00.000000000 上午",1100,"4.2600000000000001E+001",1001,13451,2942,0,4201,21123,"2.1100000000000001E+001",1672
739,"05-8月 -17 12.00.00.000000000 上午",447,"2.55E+001",1001,4006,1257,0,3841,7060,"1.01E+001",611
796,"04-12月-18 12.00.00.000000000 上午",466,"8.5799999999999997E+001",1001,3518,756,0,13161,6085,"3.3999999999999999E+000",549
1385,"20-12月-18 12.00.00.000000000 上午",1165,"6.2700000000000003E+001",1001,8864,3470,0,13481,15982,"1.34E+001",1098
175,"09-2月 -18 12.00.00.000000000 上午",116,"2.3899999999999999E+001",1001,481,279,0,7461,1190,"1.0E+000",139
300,"14-4月 -17 12.00.00.000000000 上午",200,"1.8399999999999999E+001",1001,1521,731,0,2001,3033,"5.7000000000000002E+000",281
423,"24-3月 -19 12.00.00.000000000 上午",270,"7.85E+001",1001,1906,333,0,15361,3284,"1.3E+000",352
502,"08-2月 -19 12.00.00.000000000 上午",586,"6.7299999999999997E+001",1001,4183,1591,0,14481,7287,"8.3000000000000007E+000",425
533,"07-3月 -18 12.00.00.000000000 上午",282,"3.7899999999999999E+001",1001,2447,655,0,7981,4420,"2.8999999999999999E+000",503
2576,"13-12月-18 12.00.00.000000000 上午",2417,"4.8399999999999999E+001",1001,19998,8038,0,13341,35212,"2.2399999999999999E+001",2183
38,"26-3月 -18 12.00.00.000000000 上午",25,"1.4199999999999999E+001",1001,146,109,0,8361,358,"8.6999999999999993E+000",40
596,"24-10月-18 12.00.00.000000000 上午",479,"7.3799999999999997E+001",1001,3617,1204,0,12341,6440,"4.5E+000",544
348,"05-4月 -19 12.00.00.000000000 上午",189,"9.3E+001",1001,1176,218,0,15601,2175,"1.2E+000",244
206,"10-9月 -19 12.00.00.000000000 上午",97,"9.7400000000000006E+001",1001,693,146,0,18761,1266,"1.3E+000",124
1315,"28-6月 -17 12.00.00.000000000 上午",756,"5.2100000000000001E+001",1001,6594,2198,0,3241,11966,"1.3800000000000001E+001",1103
470,"24-5月 -17 12.00.00.000000000 上午",252,"2.35E+001",1001,1595,768,0,2801,3463,"4.5E+000",378
484,"12-3月 -18 12.00.00.000000000 上午",256,"5.7799999999999997E+001",1001,2084,633,0,8081,3845,"6.2000000000000002E+000",388
145,"16-2月 -19 12.00.00.000000000 上午",86,"6.7700000000000003E+001",1001,1069,101,0,14641,1490,5.9999999999999998E-001,89
2011,"18-12月-18 12.00.00.000000000 上午",2227,"4.6200000000000003E+001",1001,11372,7332,0,13441,24514,"2.5399999999999999E+001",1572
64,"23-12月-17 12.00.00.000000000 上午",41,"8.9000000000000004E+000",1001,167,93,0,6501,449,4.0000000000000002E-001,84
265,"13-1月 -18 12.00.00.000000000 上午",159,"2.7800000000000001E+001",1001,1075,414,0,6921,2168,"2.2000000000000002E+000",255
332,"04-5月 -17 12.00.00.000000000 上午",237,"1.5800000000000001E+001",1001,2632,690,0,2401,4158,"1.0E+001",267
684,"26-11月-17 12.00.00.000000000 上午",440,"5.9E+001",1001,2056,926,0,5961,4644,"3.1000000000000001E+000",538
572,"24-1月 -18 12.00.00.000000000 上午",290,"5.5399999999999999E+001",1001,2257,751,0,7141,4394,"2.7999999999999998E+000",524
1206,"11-2月 -19 12.00.00.000000000 上午",1363,"5.0200000000000003E+001",1001,10712,5509,0,14541,19919,"1.9699999999999999E+001",1129
151,"13-5月 -17 12.00.00.000000000 上午",101,"1.34E+001",1001,574,362,0,2581,1303,"4.4000000000000004E+000",115
1660,"30-4月 -18 12.00.00.000000000 上午",1621,"5.1E+001",1001,16472,4444,0,9061,25858,"1.8399999999999999E+001",1661
2785,"11-5月 -18 12.00.00.000000000 上午",2453,"4.9799999999999997E+001",1001,22814,6402,0,9281,37031,"2.0800000000000001E+001",2577
498,"26-8月 -18 12.00.00.000000000 上午",314,"1.072E+002",1001,4259,382,0,11241,5852,"1.2E+000",399
387,"24-4月 -17 12.00.00.000000000 上午",258,"2.0600000000000001E+001",1001,1907,743,0,2201,3589,"7.2999999999999998E+000",294
449,"01-5月 -19 12.00.00.000000000 上午",249,"1.042E+002",1001,1825,339,0,16121,3180,"1.2E+000",318
1762,"19-12月-18 12.00.00.000000000 上午",1626,"4.7100000000000001E+001",1001,11878,6015,0,13461,22708,"2.2600000000000001E+001",1427
1207,"10-7月 -17 12.00.00.000000000 上午",692,"4.1200000000000003E+001",1001,6361,2058,0,3481,11282,"1.41E+001",964
1269,"10-8月 -17 12.00.00.000000000 上午",787,"4.4299999999999997E+001",1001,6974,2214,0,3941,12367,"1.5300000000000001E+001",1123
681,"06-5月 -17 12.00.00.000000000 上午",429,"2.8E+001",1001,3437,1205,0,2441,6349,"8.8000000000000007E+000",597
128,"02-9月 -19 12.00.00.000000000 上午",59,"5.6399999999999999E+001",1001,580,118,0,18601,977,"1.3E+000",92
1522,"06-10月-18 12.00.00.000000000 上午",1542,"5.1E+001",1001,10489,5876,0,11981,20851,"2.1199999999999999E+001",1422
190,"08-9月 -19 12.00.00.000000000 上午",90,"9.3799999999999997E+001",1001,627,74,0,18721,1143,9.0000000000000002E-001,162
1245,"01-8月 -17 12.00.00.000000000 上午",755,"4.4E+001",1001,7622,2222,0,3761,12998,"1.6300000000000001E+001",1154
720,"18-5月 -18 12.00.00.000000000 上午",514,"5.85E+001",1001,5772,2282,0,9421,9921,"9.0E+000",633
185,"21-2月 -18 12.00.00.000000000 上午",121,"1.9300000000000001E+001",1001,474,396,0,7701,1299,"2.2000000000000002E+000",123
252,"12-9月 -19 12.00.00.000000000 上午",121,"8.7E+001",1001,926,199,0,18801,1691,"2.2000000000000002E+000",193
388,"26-4月 -17 12.00.00.000000000 上午",264,"1.7100000000000001E+001",1001,1854,705,0,2241,3515,"5.5999999999999996E+000",304
872,"07-9月 -18 12.00.00.000000000 上午",538,"1.018E+002",1001,4545,789,0,11441,7378,"1.8999999999999999E+000",634
84,"06-5月 -19 12.00.00.000000000 上午",47,"6.3E+001",1001,183,75,0,16221,445,"1.0E+000",56
1174,"04-10月-18 12.00.00.000000000 上午",1157,"5.6100000000000001E+001",1001,8696,2960,0,11941,15099,"1.01E+001",1112
288,"17-7月 -18 12.00.00.000000000 上午",167,"6.8299999999999997E+001",1001,2451,385,0,10441,3511,"1.8999999999999999E+000",220
789,"08-4月 -19 12.00.00.000000000 上午",517,"9.6200000000000003E+001",1001,2338,646,0,15661,4835,"2.0E+000",545
321,"21-1月 -18 12.00.00.000000000 上午",161,"2.9899999999999999E+001",1001,1048,448,0,7081,2247,"1.7E+000",269
440,"06-4月 -19 12.00.00.000000000 上午",257,"7.5400000000000006E+001",1001,1295,372,0,15621,2668,"5.7999999999999998E+000",304
342,"10-5月 -17 12.00.00.000000000 上午",205,"1.35E+001",1001,1985,653,0,2521,3464,"6.4000000000000004E+000",279
1021,"18-7月 -18 12.00.00.000000000 上午",566,"1.0190000000000001E+002",1001,6663,834,0,10461,10082,"2.1000000000000001E+000",998
943,"29-4月 -17 12.00.00.000000000 上午",563,"3.1800000000000001E+001",1001,4557,1492,0,2301,8408,"1.04E+001",853
2118,"23-7月 -18 12.00.00.000000000 上午",1717,"4.7100000000000001E+001",1001,13854,7714,0,10561,27262,"2.5100000000000001E+001",1859
262,"02-10月-18 12.00.00.000000000 上午",226,"9.65E+001",1001,2604,284,0,11901,3566,"1.0E+000",190
3273,"14-6月 -18 12.00.00.000000000 上午",2793,"4.9100000000000001E+001",1001,22856,7825,0,9781,39527,"2.0800000000000001E+001",2780
1116,"27-8月 -17 12.00.00.000000000 上午",676,"3.0199999999999999E+001",1001,10312,2001,0,4281,15132,"2.1800000000000001E+001",1027
114,"23-3月 -18 12.00.00.000000000 上午",57,"2.15E+001",1001,490,223,0,8301,970,"2.7000000000000002E+000",86
417,"25-10月-17 12.00.00.000000000 上午",277,"2.9399999999999999E+001",1001,1500,778,0,5321,3308,"4.7000000000000002E+000",336
1002,"09-8月 -18 12.00.00.000000000 上午",625,"1.078E+002",1001,8114,845,0,10901,11492,"1.8E+000",906
147,"12-5月 -19 12.00.00.000000000 上午",86,"6.7299999999999997E+001",1001,610,144,0,16341,1106,"1.7E+000",119
343,"12-6月 -19 12.00.00.000000000 上午",174,"9.5E+001",1001,1024,231,0,16961,2021,"1.3999999999999999E+000",249
1005,"15-4月 -17 12.00.00.000000000 上午",587,"3.9200000000000003E+001",1001,4645,1681,0,2021,8773,"1.0E+001",855
333,"22-7月 -18 12.00.00.000000000 上午",210,"8.0599999999999994E+001",1001,3471,216,0,10541,4507,"1.0E+000",277
706,"28-7月 -18 12.00.00.000000000 上午",457,"1.0290000000000001E+002",1001,6607,695,0,10661,9133,"2.2000000000000002E+000",668
1040,"09-10月-17 12.00.00.000000000 上午",608,"4.5600000000000001E+001",1001,4487,1790,0,5001,8764,"8.5999999999999996E+000",839
631,"30-9月 -18 12.00.00.000000000 上午",465,"1.012E+002",1001,4484,594,0,11861,6684,"1.8E+000",510
167,"23-4月 -18 12.00.00.000000000 上午",88,"4.2E+001",1001,1039,202,0,8921,1697,"2.0E+000",201
496,"13-5月 -19 12.00.00.000000000 上午",268,"7.2599999999999994E+001",1001,1603,450,0,16361,3173,"1.3999999999999999E+000",356
778,"12-9月 -18 12.00.00.000000000 上午",526,"1.06E+002",1001,5283,880,0,11541,8112,"1.8E+000",645
388,"26-9月 -17 12.00.00.000000000 上午",264,"1.7100000000000001E+001",1001,1854,705,0,4985,3515,"5.5999999999999996E+000",304
402,"01-10月-17 12.00.00.000000000 上午",224,"3.7200000000000003E+001",1001,1848,776,0,4801,3605,"5.2999999999999998E+000",355
885,"10-8月 -18 12.00.00.000000000 上午",556,"1.033E+002",1001,6049,669,0,10921,8913,"1.8999999999999999E+000",754
1434,"20-11月-17 12.00.00.000000000 上午",814,"7.5E+001",1001,5283,2126,0,5841,10798,"8.0999999999999996E+000",1141
207,"10-12月-17 12.00.00.000000000 上午",130,"2.4E+001",1001,417,407,0,6241,1318,"1.3999999999999999E+000",157
953,"10-9月 -18 12.00.00.000000000 上午",630,"1.02E+002",1001,5387,1095,0,11501,8827,"2.7999999999999998E+000",762
4,"08-5月 -19 12.00.00.000000000 上午",2,"1.95E+001",1001,8,2,0,16261,19,2.0000000000000001E-001,3
420,"29-7月 -18 12.00.00.000000000 上午",249,"9.5299999999999997E+001",1001,5066,359,0,10681,6506,"1.8E+000",412
673,"01-4月 -19 12.00.00.000000000 上午",398,"8.7599999999999994E+001",1001,2085,555,0,15521,4227,"3.2999999999999998E+000",516
872,"06-9月 -18 12.00.00.000000000 上午",554,"1.0340000000000001E+002",1001,5401,833,0,11421,8411,"2.0E+000",751
327,"25-1月 -18 12.00.00.000000000 上午",179,"3.3200000000000003E+001",1001,831,524,0,7161,2115,"1.8E+000",254
747,"18-8月 -18 12.00.00.000000000 上午",449,"1.0740000000000001E+002",1001,6005,542,0,11081,8378,"1.5E+000",635
810,"14-7月 -17 12.00.00.000000000 上午",459,"3.0800000000000001E+001",1001,4665,1482,0,3750,8075,"1.0300000000000001E+001",659
810,"03-9月 -18 12.00.00.000000000 上午",514,"1.012E+002",1001,4535,811,0,11361,7362,"2.8999999999999999E+000",692
319,"27-11月-17 12.00.00.000000000 上午",223,"3.25E+001",1001,829,496,0,5981,2163,"1.8E+000",296
638,"02-4月 -19 12.00.00.000000000 上午",337,"8.3900000000000006E+001",1001,1952,462,0,15541,3847,"3.2999999999999998E+000",458
821,"11-4月 -19 12.00.00.000000000 上午",420,"9.1799999999999997E+001",1001,2437,583,0,15721,4798,"3.0E+000",537
815,"19-11月-17 12.00.00.000000000 上午",484,"5.6600000000000001E+001",1001,2197,1258,0,5821,5453,"5.0E+000",699
867,"13-6月 -17 12.00.00.000000000 上午",539,"3.2700000000000003E+001",1001,4582,1384,0,2941,8133,"1.0199999999999999E+001",761
289,"03-7月 -17 12.00.00.000000000 上午",166,"1.6300000000000001E+001",1001,1240,543,0,3341,2469,"3.8999999999999999E+000",231
1711,"14-5月 -18 12.00.00.000000000 上午",1731,"3.9700000000000003E+001",1001,16494,4686,0,9341,26300,"1.7600000000000001E+001",1678
249,"27-10月-17 12.00.00.000000000 上午",144,"2.6699999999999999E+001",1001,819,450,0,5361,1855,"2.7000000000000002E+000",193
131,"29-11月-17 12.00.00.000000000 上午",83,"1.26E+001",1001,303,222,0,6021,853,8.0000000000000004E-001,114
302,"15-11月-17 12.00.00.000000000 上午",145,"2.3100000000000001E+001",1001,875,481,0,5741,2008,"2.2999999999999998E+000",205
1333,"09-8月 -17 12.00.00.000000000 上午",772,"4.3200000000000003E+001",1001,8089,2270,0,3921,13600,"1.7300000000000001E+001",1136
271,"28-3月 -18 12.00.00.000000000 上午",185,"2.9899999999999999E+001",1001,1340,524,0,8401,2611,"7.4000000000000004E+000",291
1634,"08-3月 -18 12.00.00.000000000 上午",871,"8.4599999999999994E+001",1001,8446,1914,0,8001,14435,"8.0E+000",1570
252,"15-12月-17 12.00.00.000000000 上午",165,"3.0399999999999999E+001",1001,529,421,0,6341,1578,"1.8E+000",211
185,"27-12月-17 12.00.00.000000000 上午",120,"2.2199999999999999E+001",1001,500,340,0,6581,1315,"1.3E+000",170
767,"11-10月-17 12.00.00.000000000 上午",392,"2.8E+001",1001,3056,1357,0,5041,6108,"7.5999999999999996E+000",536
264,"24-12月-17 12.00.00.000000000 上午",166,"3.9700000000000003E+001",1001,1602,298,0,6521,2596,"1.2E+000",266
209,"28-10月-18 12.00.00.000000000 上午",156,"6.0100000000000001E+001",1001,1369,687,0,12421,2569,"8.0E+000",148
483,"23-4月 -19 12.00.00.000000000 上午",276,"7.9900000000000006E+001",1001,1495,392,0,15961,2986,"1.3999999999999999E+000",340
277,"25-8月 -17 12.00.00.000000000 上午",174,"1.5800000000000001E+001",1001,1512,599,0,4241,2806,"4.5999999999999996E+000",244
1006,"18-4月 -17 12.00.00.000000000 上午",641,"2.9199999999999999E+001",1001,6836,1748,0,2081,11135,"1.46E+001",904
305,"03-10月-17 12.00.00.000000000 上午",173,"2.9199999999999999E+001",1001,1316,667,0,4841,2682,"3.3999999999999999E+000",221
36,"02-11月-18 12.00.00.000000000 上午",24,"7.9900000000000006E+001",1001,1063,27,0,12521,1167,8.0000000000000004E-001,17
855,"11-9月 -18 12.00.00.000000000 上午",543,"1.042E+002",1001,5100,865,0,11521,8066,"2.0E+000",703
366,"06-2月 -18 12.00.00.000000000 上午",245,"2.9199999999999999E+001",1001,1197,551,0,7401,2714,"1.8999999999999999E+000",355
697,"21-3月 -18 12.00.00.000000000 上午",386,"5.0399999999999999E+001",1001,3624,907,0,8261,6211,"8.6999999999999993E+000",597
679,"20-7月 -18 12.00.00.000000000 上午",391,"8.2400000000000006E+001",1001,4650,627,0,10501,6954,"2.2999999999999998E+000",607
931,"09-9月 -17 12.00.00.000000000 上午",467,"5.0399999999999999E+001",1001,4866,1072,0,4461,8163,"4.7999999999999998E+000",827
1401,"19-10月-17 12.00.00.000000000 上午",841,"7.55E+001",1001,5959,1957,0,5201,11369,"8.5999999999999996E+000",1211
200,"02-1月 -18 12.00.00.000000000 上午",141,"2.1E+001",1001,402,334,0,6701,1224,"1.3E+000",147
294,"17-9月 -17 12.00.00.000000000 上午",159,"1.8800000000000001E+001",1001,874,472,0,4621,2048,"3.2999999999999998E+000",249
1144,"03-3月 -19 12.00.00.000000000 上午",1143,"5.8100000000000001E+001",1001,5361,3763,0,14941,12265,"1.4699999999999999E+001",854
892,"16-4月 -17 12.00.00.000000000 上午",541,"3.8E+001",1001,4137,1547,0,2041,7887,"8.0E+000",770
542,"06-3月 -19 12.00.00.000000000 上午",512,"6.3899999999999999E+001",1001,3118,1572,0,15001,6230,"8.5999999999999996E+000",486
972,"07-8月 -18 12.00.00.000000000 上午",546,"1.048E+002",1001,6808,770,0,10861,9871,"1.8E+000",775
970,"29-8月 -18 12.00.00.000000000 上午",551,"9.6E+001",1001,7719,866,0,11301,11051,"3.3999999999999999E+000",945
196,"03-1月 -18 12.00.00.000000000 上午",131,"2.2E+001",1001,678,296,0,6721,1469,"1.2E+000",168
277,"08-6月 -19 12.00.00.000000000 上午",171,"9.7299999999999997E+001",1001,794,191,0,16881,1636,"1.0E+000",203
326,"26-5月 -19 12.00.00.000000000 上午",189,"9.75E+001",1001,879,191,0,16621,1791,"1.1000000000000001E+000",206
397,"12-1月 -18 12.00.00.000000000 上午",171,"4.0299999999999997E+001",1001,1811,447,0,6901,3165,"1.8E+000",339
973,"27-3月 -17 12.00.00.000000000 上午",559,"3.2600000000000001E+001",1001,4690,1490,0,1641,8533,"8.0999999999999996E+000",821
433,"17-5月 -17 12.00.00.000000000 上午",297,"1.9100000000000001E+001",1001,2525,793,0,2661,4436,"7.5999999999999996E+000",388
280,"20-1月 -18 12.00.00.000000000 上午",157,"2.6E+001",1001,672,444,0,7061,1771,"2.2000000000000002E+000",218
549,"25-7月 -17 12.00.00.000000000 上午",331,"1.8399999999999999E+001",1001,3039,972,0,3741,5309,"9.5999999999999996E+000",418
852,"20-8月 -18 12.00.00.000000000 上午",516,"1.0540000000000001E+002",1001,5882,693,0,11121,8635,"1.8E+000",692
549,"19-8月 -18 12.00.00.000000000 上午",351,"1.055E+002",1001,4768,375,0,11101,6484,"1.6000000000000001E+000",441
1060,"29-6月 -17 12.00.00.000000000 上午",643,"4.4100000000000001E+001",1001,5382,1846,0,3261,9860,"1.0699999999999999E+001",929
85,"20-4月 -18 12.00.00.000000000 上午",53,"2.45E+001",1001,272,134,0,8861,623,"1.6000000000000001E+000",79
743,"19-8月 -17 12.00.00.000000000 上午",441,"3.2E+001",1001,3517,1322,0,4121,6710,"8.8000000000000007E+000",687
178,"04-1月 -18 12.00.00.000000000 上午",94,"2.3800000000000001E+001",1001,504,266,0,6741,1168,9.0000000000000002E-001,126
2428,"10-4月 -17 12.00.00.000000000 上午",1425,"5.5100000000000001E+001",1001,15361,3510,0,1921,24908,"2.0899999999999999E+001",2184
440,"04-3月 -18 12.00.00.000000000 上午",232,"3.3399999999999999E+001",1001,1044,907,0,7921,2953,"3.2000000000000002E+000",330
789,"26-4月 -19 12.00.00.000000000 上午",433,"9.4200000000000003E+001",1001,2216,552,0,16021,4549,"2.0E+000",559
623,"26-7月 -18 12.00.00.000000000 上午",341,"8.8400000000000006E+001",1001,3535,425,0,10621,5398,"2.1000000000000001E+000",474
233,"24-7月 -17 12.00.00.000000000 上午",149,"1.51E+001",1001,1304,503,0,3743,2390,"9.4000000000000004E+000",201
303,"11-11月-17 12.00.00.000000000 上午",190,"2.6199999999999999E+001",1001,682,649,0,5661,2053,"2.6000000000000001E+000",229
151,"23-4月 -17 12.00.00.000000000 上午",95,"9.3000000000000007E+000",1001,1085,398,0,2181,1839,"7.9000000000000004E+000",110
970,"02-9月 -17 12.00.00.000000000 上午",566,"2.7399999999999999E+001",1001,5957,1505,0,4764,9870,"1.3E+001",872
199,"11-3月 -18 12.00.00.000000000 上午",110,"3.5E+001",1001,1065,223,0,8061,1777,"2.0E+000",180
179,"22-2月 -19 12.00.00.000000000 上午",84,"8.15E+001",1001,1055,122,0,14761,1585,"1.2E+000",145
467,"24-2月 -19 12.00.00.000000000 上午",272,"9.1599999999999994E+001",1001,2545,387,0,14801,4054,"1.8999999999999999E+000",383
689,"28-8月 -18 12.00.00.000000000 上午",336,"1.015E+002",1001,4752,450,0,11281,6915,"1.3999999999999999E+000",688
350,"19-2月 -19 12.00.00.000000000 上午",214,"8.7900000000000006E+001",1001,1385,319,0,14701,2535,"1.8999999999999999E+000",267
55,"20-2月 -19 12.00.00.000000000 上午",32,"4.15E+001",1001,347,128,0,14721,594,"2.2000000000000002E+000",32
2167,"07-7月 -18 12.00.00.000000000 上午",2379,"4.3700000000000003E+001",1001,15824,6914,0,10241,28943,"2.3E+001",1659
863,"20-8月 -17 12.00.00.000000000 上午",500,"3.7600000000000001E+001",1001,3319,1467,0,4141,6883,"7.5999999999999996E+000",734
762,"27-8月 -18 12.00.00.000000000 上午",422,"1.047E+002",1001,4226,643,0,11261,6660,"1.5E+000",607
922,"23-10月-18 12.00.00.000000000 上午",556,"9.6E+001",1001,5196,943,0,12321,8310,"2.3999999999999999E+000",693
787,"05-7月 -18 12.00.00.000000000 上午",1015,"3.4600000000000001E+001",1001,8020,2709,0,10201,13247,"1.39E+001",716
909,"08-8月 -18 12.00.00.000000000 上午",570,"1.038E+002",1001,7362,735,0,10881,10335,"2.1000000000000001E+000",759
168,"14-2月 -19 12.00.00.000000000 上午",121,"6.5400000000000006E+001",1001,1141,177,0,14601,1728,"2.7000000000000002E+000",121
342,"13-7月 -17 12.00.00.000000000 上午",207,"1.7300000000000001E+001",1001,1943,741,0,3749,3499,"7.9000000000000004E+000",266
561,"07-11月-17 12.00.00.000000000 上午",380,"4.9E+001",1001,1740,1045,0,5581,4185,"4.0E+000",459
1289,"03-5月 -17 12.00.00.000000000 上午",693,"3.3399999999999999E+001",1001,10088,2108,0,2381,15243,"2.1399999999999999E+001",1065
1140,"24-6月 -17 12.00.00.000000000 上午",636,"4.4600000000000001E+001",1001,5721,1924,0,3161,10381,"1.14E+001",960
840,"19-9月 -18 12.00.00.000000000 上午",592,"1.0090000000000001E+002",1001,4883,947,0,11641,7959,"2.2000000000000002E+000",697
55,"12-4月 -18 12.00.00.000000000 上午",13,"5.4399999999999999E+001",1001,852,17,0,8701,1025,6.9999999999999996E-001,88
577,"14-5月 -17 12.00.00.000000000 上午",342,"1.8800000000000001E+001",1001,4104,1063,0,2601,6556,"1.4800000000000001E+001",470
1637,"08-5月 -17 12.00.00.000000000 上午",945,"5.5600000000000001E+001",1001,7276,2463,0,2481,13623,"1.1800000000000001E+001",1302
477,"25-4月 -19 12.00.00.000000000 上午",296,"7.7400000000000006E+001",1001,1526,470,0,16001,3104,"1.6000000000000001E+000",335
1962,"12-6月 -18 12.00.00.000000000 上午",1946,"4.4200000000000003E+001",1001,16346,6688,0,9741,28540,"2.3899999999999999E+001",1598
204,"19-3月 -19 12.00.00.000000000 上午",137,"6.6299999999999997E+001",1001,637,138,0,15261,1277,"1.1000000000000001E+000",161
953,"09-6月 -17 12.00.00.000000000 上午",560,"3.1399999999999999E+001",1001,5463,1658,0,2861,9399,"1.1800000000000001E+001",765
431,"06-6月 -19 12.00.00.000000000 上午",240,"9.2299999999999997E+001",1001,1046,229,0,16841,2237,"1.3999999999999999E+000",291
527,"02-7月 -17 12.00.00.000000000 上午",284,"2.5600000000000001E+001",1001,2567,1060,0,3321,4856,"6.4000000000000004E+000",418
1168,"30-4月 -17 12.00.00.000000000 上午",603,"3.0E+001",1001,6545,1547,0,2321,10845,"1.0199999999999999E+001",982
897,"30-7月 -18 12.00.00.000000000 上午",1118,"4.6399999999999999E+001",1001,8572,4025,0,10701,15428,"1.8699999999999999E+001",816
26,"02-5月 -19 12.00.00.000000000 上午",26,"6.1299999999999997E+001",1001,122,24,0,16141,222,5.0E-001,24
1608,"08-7月 -18 12.00.00.000000000 上午",1506,"5.2100000000000001E+001",1001,9422,4854,0,10261,18865,"1.7199999999999999E+001",1475
487,"27-3月 -19 12.00.00.000000000 上午",290,"8.8799999999999997E+001",1001,1232,335,0,15421,2688,"1.8E+000",344
265,"09-9月 -19 12.00.00.000000000 上午",121,"9.6900000000000006E+001",1001,896,184,0,18741,1633,"1.1000000000000001E+000",167
103,"28-4月 -19 12.00.00.000000000 上午",48,"3.6100000000000001E+001",1001,385,105,0,16061,709,"2.2999999999999998E+000",68
325,"09-5月 -19 12.00.00.000000000 上午",177,"6.3100000000000001E+001",1001,834,175,0,16281,1706,9.0000000000000002E-001,195
328,"20-6月 -17 12.00.00.000000000 上午",214,"2.2300000000000001E+001",1001,1380,699,0,3081,2899,"4.0999999999999996E+000",278
101,"23-11月-18 12.00.00.000000000 上午",19,"7.8200000000000003E+001",1001,939,55,0,12941,1204,"1.6000000000000001E+000",90
783,"05-9月 -18 12.00.00.000000000 上午",478,"1.057E+002",1001,4725,757,0,11401,7378,"1.6000000000000001E+000",635
1304,"07-5月 -17 12.00.00.000000000 上午",760,"4.8399999999999999E+001",1001,6693,2066,0,2461,11924,"1.09E+001",1101
759,"21-3月 -19 12.00.00.000000000 上午",373,"9.0799999999999997E+001",1001,1876,516,0,15301,4013,"1.8999999999999999E+000",489
1980,"04-5月 -18 12.00.00.000000000 上午",1664,"3.5100000000000001E+001",1001,17253,7036,0,9141,29658,"2.1E+001",1725
262,"14-11月-17 12.00.00.000000000 上午",148,"2.1600000000000001E+001",1001,749,476,0,5721,1810,"2.5E+000",175
1892,"22-11月-17 12.00.00.000000000 上午",1068,"7.9400000000000006E+001",1001,8000,2638,0,5881,15166,"9.8000000000000007E+000",1568
1808,"25-3月 -17 12.00.00.000000000 上午",1047,"5.0600000000000001E+001",1001,9654,2528,0,1601,16541,"1.4199999999999999E+001",1504
703,"30-4月 -19 12.00.00.000000000 上午",370,"9.6E+001",1001,2286,505,0,16101,4326,"1.8999999999999999E+000",462
881,"17-8月 -17 12.00.00.000000000 上午",497,"3.3E+001",1001,4446,1475,0,4081,8009,"1.24E+001",710
841,"18-4月 -19 12.00.00.000000000 上午",449,"9.4700000000000003E+001",1001,2296,648,0,15861,4775,"2.0E+000",541
408,"11-11月-18 12.00.00.000000000 上午",283,"7.2799999999999997E+001",1001,3266,922,0,12701,5176,"4.7000000000000002E+000",297
28,"07-3月 -19 12.00.00.000000000 上午",17,"6.8E+001",1001,176,26,0,15021,272,"1.5E+000",25
356,"27-4月 -19 12.00.00.000000000 上午",183,"8.5599999999999994E+001",1001,1066,258,0,16041,2100,"4.7999999999999998E+000",237
52,"26-4月 -18 12.00.00.000000000 上午",23,"4.8299999999999997E+001",1001,204,164,0,8981,493,"7.4000000000000004E+000",50
780,"22-3月 -19 12.00.00.000000000 上午",416,"9.3799999999999997E+001",1001,1789,474,0,15321,3932,"2.1000000000000001E+000",473
539,"07-4月 -19 12.00.00.000000000 上午",295,"9.65E+001",1001,1598,314,0,15641,3123,"1.3E+000",377
733,"03-8月 -18 12.00.00.000000000 上午",431,"1.0009999999999999E+002",1001,6515,506,0,10781,8807,"1.7E+000",622
158,"01-3月 -19 12.00.00.000000000 上午",76,"4.3600000000000001E+001",1001,448,108,0,14901,868,"1.7E+000",78
2492,"09-5月 -18 12.00.00.000000000 上午",1886,"4.7299999999999997E+001",1001,19034,7084,0,9241,32723,"2.8100000000000001E+001",2227
19,"03-5月 -19 12.00.00.000000000 上午",12,"3.0300000000000001E+001",1001,38,11,0,16161,89,2.0000000000000001E-001,9
463,"06-11月-17 12.00.00.000000000 上午",302,"3.1300000000000001E+001",1001,1583,800,0,5561,3506,"5.4000000000000004E+000",358
1318,"12-8月 -17 12.00.00.000000000 上午",774,"4.0799999999999997E+001",1001,8167,2127,0,3981,13465,"1.6899999999999999E+001",1079
518,"18-3月 -19 12.00.00.000000000 上午",220,"8.35E+001",1001,1519,406,0,15241,3051,"2.8999999999999999E+000",388
7,"05-5月 -19 12.00.00.000000000 上午",7,"3.0399999999999999E+001",1001,69,6,0,16201,99,4.0000000000000002E-001,10
1744,"09-4月 -17 12.00.00.000000000 上午",996,"4.0399999999999999E+001",1001,11515,2537,0,1901,18424,"1.51E+001",1632
500,"14-9月 -17 12.00.00.000000000 上午",260,"3.3200000000000003E+001",1001,1825,807,0,4561,3802,"3.2999999999999998E+000",410
1353,"31-7月 -17 12.00.00.000000000 上午",772,"5.4200000000000003E+001",1001,6043,2235,0,3753,11522,"1.19E+001",1119
780,"13-4月 -17 12.00.00.000000000 上午",490,"3.5700000000000003E+001",1001,3535,1413,0,1981,6848,"8.8000000000000007E+000",630
526,"26-3月 -19 12.00.00.000000000 上午",270,"8.4799999999999997E+001",1001,1382,443,0,15401,2990,"2.7000000000000002E+000",369
1322,"05-3月 -19 12.00.00.000000000 上午",1758,"4.9299999999999997E+001",1001,7433,3115,0,14981,14713,"1.46E+001",1085
748,"20-3月 -19 12.00.00.000000000 上午",511,"9.4E+001",1001,1806,626,0,15281,4160,"2.2999999999999998E+000",469
723,"29-10月-17 12.00.00.000000000 上午",381,"5.9E+001",1001,3160,935,0,5401,5840,"3.6000000000000001E+000",641
163,"26-12月-17 12.00.00.000000000 上午",104,"2.0E+001",1001,404,282,0,6561,1081,"1.1000000000000001E+000",128
211,"16-9月 -19 12.00.00.000000000 上午",131,"7.1900000000000006E+001",1001,873,200,0,18881,1597,"2.1000000000000001E+000",182
176,"28-3月 -19 12.00.00.000000000 上午",80,"3.9E+001",1001,472,142,0,15441,987,5.9999999999999998E-001,117
657,"18-11月-17 12.00.00.000000000 上午",333,"4.2200000000000003E+001",1001,2105,1009,0,5801,4558,"3.7999999999999998E+000",454
71,"01-3月 -18 12.00.00.000000000 上午",42,"7.0E+000",1001,123,153,0,7861,453,5.9999999999999998E-001,64
812,"25-3月 -19 12.00.00.000000000 上午",450,"9.2299999999999997E+001",1001,2119,650,0,15381,4591,"2.2000000000000002E+000",560
577,"30-10月-18 12.00.00.000000000 上午",328,"8.5900000000000006E+001",1001,2875,673,0,12461,4865,"3.0E+000",412
548,"04-4月 -19 12.00.00.000000000 上午",288,"7.1799999999999997E+001",1001,1364,362,0,15581,2904,"2.0E+000",342
466,"13-9月 -17 12.00.00.000000000 上午",292,"2.8300000000000001E+001",1001,1678,727,0,4541,3511,"3.5E+000",348
643,"07-4月 -17 12.00.00.000000000 上午",393,"2.3600000000000001E+001",1001,3724,1085,0,1861,6462,"7.0E+000",617
333,"10-11月-17 12.00.00.000000000 上午",178,"3.0399999999999999E+001",1001,818,562,0,5641,2149,"2.0E+000",258
1215,"16-5月 -17 12.00.00.000000000 上午",678,"3.25E+001",1001,7437,1846,0,2641,12269,"1.34E+001",1093
212,"22-3月 -18 12.00.00.000000000 上午",122,"2.6899999999999999E+001",1001,822,382,0,8281,1693,"3.7000000000000002E+000",155
68,"23-3月 -19 12.00.00.000000000 上午",30,"5.8600000000000001E+001",1001,229,48,0,15341,437,8.0000000000000004E-001,62
258,"05-3月 -18 12.00.00.000000000 上午",150,"1.7E+001",1001,931,428,0,7941,1999,"1.8E+000",232
214,"18-2月 -19 12.00.00.000000000 上午",112,"8.5599999999999994E+001",1001,1680,118,0,14681,2251,"1.1000000000000001E+000",127
104,"13-2月 -18 12.00.00.000000000 上午",69,"1.09E+001",1001,253,140,0,7541,626,5.0E-001,60
429,"12-11月-18 12.00.00.000000000 上午",271,"8.5900000000000006E+001",1001,2163,365,0,12721,3534,"2.1000000000000001E+000",306
899,"27-7月 -18 12.00.00.000000000 上午",523,"1.025E+002",1001,6692,784,0,10641,9600,"2.0E+000",702
159,"11-4月 -18 12.00.00.000000000 上午",89,"5.2E+001",1001,858,222,0,8681,1497,"3.8999999999999999E+000",169
462,"28-2月 -19 12.00.00.000000000 上午",173,"7.8299999999999997E+001",1001,1511,254,0,14881,2723,"2.2999999999999998E+000",323
792,"22-8月 -18 12.00.00.000000000 上午",450,"1.0240000000000001E+002",1001,5275,586,0,11161,7744,"1.6000000000000001E+000",641
224,"31-10月-18 12.00.00.000000000 上午",195,"8.2E+001",1001,2399,320,0,12481,3323,"3.1000000000000001E+000",185
413,"17-5月 -19 12.00.00.000000000 上午",190,"7.9400000000000006E+001",1001,1429,277,0,16441,2606,"1.2E+000",297
115,"13-9月 -19 12.00.00.000000000 上午",52,"9.7400000000000006E+001",1001,417,49,0,18821,714,9.0000000000000002E-001,81
1300,"29-3月 -17 12.00.00.000000000 上午",756,"3.5E+001",1001,8070,1970,0,1681,13217,"1.2699999999999999E+001",1121
582,"25-8月 -18 12.00.00.000000000 上午",410,"1.103E+002",1001,4483,441,0,11221,6366,"1.1000000000000001E+000",450
766,"24-4月 -19 12.00.00.000000000 上午",356,"9.65E+001",1001,1926,493,0,15981,4014,"1.6000000000000001E+000",473
198,"16-3月 -18 12.00.00.000000000 上午",106,"4.4600000000000001E+001",1001,814,417,0,8161,1676,"6.0E+000",141
525,"27-2月 -19 12.00.00.000000000 上午",294,"8.5400000000000006E+001",1001,1431,389,0,14861,2998,"2.7999999999999998E+000",359
1581,"06-7月 -18 12.00.00.000000000 上午",2052,"4.8899999999999999E+001",1001,12186,4981,0,10221,22086,"1.9600000000000001E+001",1286
180,"29-10月-18 12.00.00.000000000 上午",216,"5.5399999999999999E+001",1001,2491,713,0,12441,3777,"9.4000000000000004E+000",177
181,"05-9月 -19 12.00.00.000000000 上午",89,"8.5299999999999997E+001",1001,420,60,0,18661,873,"1.0E+000",123
1981,"13-6月 -18 12.00.00.000000000 上午",2018,"4.1E+001",1001,18300,8021,0,9761,32085,"2.6E+001",1765
466,"19-3月 -18 12.00.00.000000000 上午",250,"5.9899999999999999E+001",1001,1821,801,0,8221,3735,"8.8000000000000007E+000",397
2802,"20-6月 -18 12.00.00.000000000 上午",2259,"5.3200000000000003E+001",1001,18685,8246,0,9901,34407,"2.2399999999999999E+001",2415
758,"23-8月 -18 12.00.00.000000000 上午",456,"1.0159999999999999E+002",1001,4837,554,0,11181,7186,"1.6000000000000001E+000",581
634,"02-8月 -17 12.00.00.000000000 上午",388,"2.6600000000000001E+001",1001,3684,1302,0,3781,6567,"1.21E+001",559
276,"25-7月 -18 12.00.00.000000000 上午",190,"3.0399999999999999E+001",1001,2420,967,0,10601,4099,"5.0999999999999996E+000",246
348,"09-6月 -19 12.00.00.000000000 上午",212,"9.6900000000000006E+001",1001,1000,183,0,16901,2012,"1.0E+000",269
527,"31-7月 -18 12.00.00.000000000 上午",432,"7.8900000000000006E+001",1001,4418,1564,0,10721,7385,"9.0999999999999996E+000",444
497,"30-12月-17 12.00.00.000000000 上午",274,"4.6E+001",1001,1354,689,0,6641,3204,"2.3999999999999999E+000",390
528,"12-4月 -19 12.00.00.000000000 上午",328,"8.7400000000000006E+001",1001,1780,471,0,15741,3492,"2.2999999999999998E+000",385
124,"09-2月 -19 12.00.00.000000000 上午",142,"7.4299999999999997E+001",1001,1573,474,0,14501,2413,"5.0999999999999996E+000",100
99,"15-9月 -19 12.00.00.000000000 上午",46,"5.5600000000000001E+001",1001,375,32,0,18861,623,5.9999999999999998E-001,71
138,"17-2月 -19 12.00.00.000000000 上午",74,"8.4400000000000006E+001",1001,1634,112,0,14661,2054,8.0000000000000004E-001,96
474,"07-11月-18 12.00.00.000000000 上午",306,"8.7099999999999994E+001",1001,2908,334,0,12621,4405,"1.5E+000",383
176,"13-12月-17 12.00.00.000000000 上午",114,"2.4199999999999999E+001",1001,296,321,0,6301,1025,"1.1000000000000001E+000",118
310,"25-4月 -17 12.00.00.000000000 上午",198,"1.6100000000000001E+001",1001,1696,639,0,2221,3119,"5.4000000000000004E+000",276
281,"11-9月 -19 12.00.00.000000000 上午",150,"9.7400000000000006E+001",1001,948,175,0,18781,1737,"1.2E+000",183
27,"19-4月 -18 12.00.00.000000000 上午",15,"3.4299999999999997E+001",1001,143,55,0,8841,269,"1.0E+000",29
184,"01-9月 -19 12.00.00.000000000 上午",85,"9.5299999999999997E+001",1001,430,50,0,18581,859,8.0000000000000004E-001,110
181,"07-9月 -19 12.00.00.000000000 上午",89,"8.8599999999999994E+001",1001,673,85,0,18701,1198,"1.6000000000000001E+000",170
688,"15-4月 -19 12.00.00.000000000 上午",365,"9.3099999999999994E+001",1001,1812,441,0,15801,3758,"1.8999999999999999E+000",452
210,"15-11月-18 12.00.00.000000000 上午",131,"8.0200000000000003E+001",1001,1147,221,0,12781,1864,"1.0E+000",155
1706,"24-7月 -18 12.00.00.000000000 上午",1349,"6.0600000000000001E+001",1001,11193,6485,0,10581,22216,"2.0800000000000001E+001",1483
690,"15-3月 -19 12.00.00.000000000 上午",425,"8.9200000000000003E+001",1001,1918,515,0,15181,3987,"2.2999999999999998E+000",439
676,"12-5月 -17 12.00.00.000000000 上午",450,"2.35E+001",1001,5188,1204,0,2561,8187,"1.2199999999999999E+001",669
809,"22-4月 -19 12.00.00.000000000 上午",435,"9.3599999999999994E+001",1001,2572,632,0,15941,5025,"2.3999999999999999E+000",577
3356,"10-5月 -18 12.00.00.000000000 上午",2700,"5.3700000000000003E+001",1001,23492,8259,0,9261,40875,"2.1E+001",3068
343,"11-6月 -19 12.00.00.000000000 上午",222,"9.4E+001",1001,1411,333,0,16941,2571,"1.7E+000",262
312,"21-12月-17 12.00.00.000000000 上午",172,"3.0600000000000001E+001",1001,607,525,0,6461,1831,"1.8E+000",215
2,"25-2月 -19 12.00.00.000000000 上午",13,"8.1E+001",1001,1956,3,0,14821,1981,4.0000000000000002E-001,7
314,"20-4月 -19 12.00.00.000000000 上午",180,"8.5700000000000003E+001",1001,844,177,0,15901,1716,"1.0E+000",201
0,"07-5月 -19 12.00.00.000000000 上午",1,"2.6800000000000001E+001",1001,11,1,0,16241,16,1.0000000000000001E-001,3
173,"25-11月-18 12.00.00.000000000 上午",106,"8.6299999999999997E+001",1001,2103,91,0,12981,2589,6.9999999999999996E-001,116
219,"09-11月-18 12.00.00.000000000 上午",145,"8.2E+001",1001,1744,203,0,12661,2525,"1.1000000000000001E+000",214
0,"06-12月-17 12.00.00.000000000 上午",0,"3.3999999999999999E+000",1001,13,2,0,6161,16,0,1
411,"16-4月 -19 12.00.00.000000000 上午",207,"6.3200000000000003E+001",1001,1259,353,0,15821,2546,"1.3E+000",316
919,"16-8月 -17 12.00.00.000000000 上午",564,"3.4899999999999999E+001",1001,5268,1719,0,4061,9271,"1.21E+001",801
295,"15-2月 -19 12.00.00.000000000 上午",140,"8.3799999999999997E+001",1001,1319,172,0,14621,2140,"1.3999999999999999E+000",214
29,"08-3月 -19 12.00.00.000000000 上午",10,"6.5200000000000003E+001",1001,106,12,0,15041,176,4.0000000000000002E-001,19
460,"06-11月-18 12.00.00.000000000 上午",343,"8.6700000000000003E+001",1001,3056,557,0,12601,4779,"2.6000000000000001E+000",363
840,"10-4月 -19 12.00.00.000000000 上午",500,"8.9799999999999997E+001",1001,2515,652,0,15701,5123,"2.7000000000000002E+000",616
14,"21-2月 -19 12.00.00.000000000 上午",8,"3.65E+001",1001,315,6,0,14741,361,5.0E-001,18
392,"10-11月-18 12.00.00.000000000 上午",207,"8.7200000000000003E+001",1001,2241,251,0,12681,3359,"1.1000000000000001E+000",268
1440,"17-4月 -17 12.00.00.000000000 上午",785,"3.9299999999999997E+001",1001,8659,2246,0,2061,14423,"1.6800000000000001E+001",1293
16,"21-10月-18 12.00.00.000000000 上午",9,"5.1299999999999997E+001",1001,112,23,0,12281,175,2.9999999999999999E-001,15
1410,"26-3月 -17 12.00.00.000000000 上午",876,"4.2799999999999997E+001",1001,7429,2194,0,1621,13164,"1.34E+001",1255
285,"08-11月-18 12.00.00.000000000 上午",139,"8.2200000000000003E+001",1001,1411,159,0,12641,2209,8.0000000000000004E-001,215
516,"13-3月 -19 12.00.00.000000000 上午",316,"8.3599999999999994E+001",1001,1408,369,0,15141,2972,"2.2000000000000002E+000",363
75,"06-2月 -19 12.00.00.000000000 上午",75,"6.75E+001",1001,822,189,0,14441,1217,"3.6000000000000001E+000",56
347,"23-3月 -17 12.00.00.000000000 上午",218,"1.8800000000000001E+001",1001,4690,601,0,1561,6245,"2.7699999999999999E+001",389
990,"20-4月 -17 12.00.00.000000000 上午",618,"2.3E+001",1001,9802,1779,0,2121,14138,"2.4E+001",949
29,"14-4月 -18 12.00.00.000000000 上午",16,"4.0600000000000001E+001",1001,378,28,0,8741,483,8.0000000000000004E-001,32
481,"17-3月 -19 12.00.00.000000000 上午",237,"7.95E+001",1001,1561,313,0,15221,2909,"1.8999999999999999E+000",317
1221,"27-10月-18 12.00.00.000000000 上午",1188,"6.0600000000000001E+001",1001,10234,3614,0,12401,17386,"1.3199999999999999E+001",1129
185,"16-1月 -18 12.00.00.000000000 上午",125,"1.9800000000000001E+001",1001,487,286,0,6981,1233,"1.1000000000000001E+000",150
164,"20-9月 -17 12.00.00.000000000 上午",105,"1.1199999999999999E+001",1001,507,284,0,4681,1189,"1.3E+000",129
630,"13-4月 -19 12.00.00.000000000 上午",319,"8.9099999999999994E+001",1001,1953,356,0,15761,3742,"2.0E+000",484
782,"21-8月 -18 12.00.00.000000000 上午",455,"1.022E+002",1001,4839,638,0,11141,7327,"1.8E+000",613
145,"12-3月 -19 12.00.00.000000000 上午",86,"5.6100000000000001E+001",1001,442,224,0,15121,991,"6.0999999999999996E+000",94
52,"22-11月-18 12.00.00.000000000 上午",37,"7.6900000000000006E+001",1001,2596,116,0,12921,2848,"2.5E+000",47
949,"19-5月 -18 12.00.00.000000000 上午",1044,"2.7899999999999999E+001",1001,11847,5000,0,9441,19742,"1.9199999999999999E+001",902
362,"05-2月 -18 12.00.00.000000000 上午",166,"4.0100000000000001E+001",1001,2086,303,0,7381,3254,"1.3999999999999999E+000",337
214,"23-2月 -19 12.00.00.000000000 上午",110,"7.7599999999999994E+001",1001,916,124,0,14781,1514,"1.1000000000000001E+000",150
697,"25-2月 -18 12.00.00.000000000 上午",426,"4.4E+001",1001,2456,1052,0,7781,5220,"4.2999999999999998E+000",589
1914,"05-11月-18 12.00.00.000000000 上午",2048,"5.0299999999999997E+001",1001,11532,5044,0,12581,22114,"1.8300000000000001E+001",1576
763,"11-5月 -17 12.00.00.000000000 上午",422,"2.3899999999999999E+001",1001,5232,1335,0,2541,8361,"1.2199999999999999E+001",609
1331,"15-8月 -17 12.00.00.000000000 上午",747,"4.2600000000000001E+001",1001,8332,2210,0,4041,13756,"1.8E+001",1136
3138,"30-5月 -18 12.00.00.000000000 上午",2232,"5.15E+001",1001,25085,7282,0,9661,40698,"1.9800000000000001E+001",2961
87,"07-2月 -19 12.00.00.000000000 上午",78,"5.1600000000000001E+001",1001,706,223,0,14461,1155,"3.1000000000000001E+000",61
17,"10-4月 -18 12.00.00.000000000 上午",9,"1.7699999999999999E+001",1001,54,47,0,8661,132,"2.0E+000",5
120,"18-9月 -19 12.00.00.000000000 上午",52,"8.9E+001",1001,400,97,0,18921,754,"2.2000000000000002E+000",85
291,"30-11月-17 12.00.00.000000000 上午",173,"2.4100000000000001E+001",1001,763,490,0,6041,1932,"2.1000000000000001E+000",215
346,"20-11月-18 12.00.00.000000000 上午",334,"6.95E+001",1001,3529,875,0,12881,5404,"5.7999999999999998E+000",320
397,"17-9月 -18 12.00.00.000000000 上午",251,"1.068E+002",1001,2814,319,0,11601,4120,"1.8999999999999999E+000",339
89,"28-2月 -18 12.00.00.000000000 上午",61,"1.09E+001",1001,191,217,0,7841,621,8.0000000000000004E-001,63
93,"04-2月 -19 12.00.00.000000000 上午",59,"8.6400000000000006E+001",1001,1523,175,0,14401,1911,"3.1000000000000001E+000",61
145,"18-4月 -18 12.00.00.000000000 上午",97,"6.7900000000000006E+001",1001,456,268,0,8821,1102,"3.8999999999999999E+000",136
367,"05-9月 -17 12.00.00.000000000 上午",249,"1.6300000000000001E+001",1001,2129,684,0,4382,3737,"6.0999999999999996E+000",308
769,"04-9月 -18 12.00.00.000000000 上午",484,"1.0059999999999999E+002",1001,4292,732,0,11381,6879,"1.8999999999999999E+000",602
752,"18-10月-17 12.00.00.000000000 上午",424,"5.2700000000000003E+001",1001,2701,1068,0,5181,5575,"5.0E+000",630
239,"14-12月-17 12.00.00.000000000 上午",172,"2.75E+001",1001,562,438,0,6321,1591,"1.7E+000",180
342,"30-11月-18 12.00.00.000000000 上午",264,"7.1599999999999994E+001",1001,2955,1100,0,13081,4969,"6.0999999999999996E+000",308
109,"17-1月 -18 12.00.00.000000000 上午",64,"1.04E+001",1001,297,141,0,7001,704,5.9999999999999998E-001,93
144,"14-2月 -18 12.00.00.000000000 上午",73,"1.35E+001",1001,520,258,0,7561,1113,"1.2E+000",118
898,"25-10月-18 12.00.00.000000000 上午",638,"6.0299999999999997E+001",1001,6434,2869,0,12361,11627,"1.04E+001",788
151,"23-9月 -17 12.00.00.000000000 上午",95,"9.3000000000000007E+000",1001,1085,398,0,4982,1839,"7.9000000000000004E+000",110
652,"10-5月 -19 12.00.00.000000000 上午",353,"9.9799999999999997E+001",1001,1834,395,0,16301,3610,"1.5E+000",376
1120,"02-7月 -18 12.00.00.000000000 上午",974,"3.1399999999999999E+001",1001,7280,3059,0,10141,13422,"1.1199999999999999E+001",989
135,"31-8月 -19 12.00.00.000000000 上午",65,"8.3799999999999997E+001",1001,381,54,0,18561,726,"1.5E+000",91
141,"04-9月 -19 12.00.00.000000000 上午",112,"7.9099999999999994E+001",1001,576,115,0,18641,1059,"1.3E+000",115
188,"03-2月 -19 12.00.00.000000000 上午",110,"8.8900000000000006E+001",1001,2173,365,0,14381,3038,"3.3999999999999999E+000",202
2607,"27-5月 -18 12.00.00.000000000 上午",2248,"5.3399999999999999E+001",1001,21863,6819,0,9601,35950,"1.9300000000000001E+001",2413
220,"18-11月-18 12.00.00.000000000 上午",174,"8.7099999999999994E+001",1001,2279,257,0,12841,3103,"1.7E+000",173
115,"14-9月 -19 12.00.00.000000000 上午",69,"8.5099999999999994E+001",1001,430,57,0,18841,776,9.0000000000000002E-001,105
6,"09-3月 -19 12.00.00.000000000 上午",1,"3.1300000000000001E+001",1001,13,0,0,15061,22,2.0000000000000001E-001,2
62,"31-8月 -17 12.00.00.000000000 上午",36,"1.0E+001",1001,251,148,0,4361,536,"6.5E+000",39
318,"03-11月-17 12.00.00.000000000 上午",168,"3.4200000000000003E+001",1001,1671,319,0,5501,2764,"1.3E+000",288
284,"18-6月 -17 12.00.00.000000000 上午",184,"1.6399999999999999E+001",1001,1224,553,0,3041,2488,"4.2000000000000002E+000",243
355,"22-9月 -17 12.00.00.000000000 上午",214,"2.4E+001",1001,1181,607,0,4981,2616,"3.8999999999999999E+000",259
348,"02-3月 -19 12.00.00.000000000 上午",158,"8.1200000000000003E+001",1001,1040,180,0,14921,1961,"1.3E+000",235
444,"04-8月 -17 12.00.00.000000000 上午",298,"1.7600000000000001E+001",1001,2386,849,0,3821,4364,"7.7999999999999998E+000",387
132,"15-3月 -18 12.00.00.000000000 上午",85,"5.9700000000000003E+001",1001,374,276,0,8141,988,"4.7000000000000002E+000",121
320,"30-8月 -19 12.00.00.000000000 上午",119,"9.2700000000000003E+001",1001,885,113,0,18541,1649,"1.2E+000",212
98,"17-6月 -17 12.00.00.000000000 上午",70,"9.6999999999999993E+000",1001,386,248,0,3021,882,"2.3999999999999999E+000",80
562,"03-4月 -19 12.00.00.000000000 上午",278,"8.55E+001",1001,1402,377,0,15561,3036,"1.8E+000",417
292,"26-7月 -17 12.00.00.000000000 上午",193,"1.2199999999999999E+001",1001,2113,568,0,3747,3409,"8.6999999999999993E+000",243
169,"03-9月 -19 12.00.00.000000000 上午",91,"7.55E+001",1001,570,103,0,18621,1071,"2.5E+000",138
387,"02-11月-17 12.00.00.000000000 上午",214,"2.5600000000000001E+001",1001,1213,616,0,5481,2742,"2.3999999999999999E+000",312
376,"16-3月 -19 12.00.00.000000000 上午",209,"8.6299999999999997E+001",1001,1045,294,0,15201,2153,"1.6000000000000001E+000",229
204,"04-8月 -18 12.00.00.000000000 上午",133,"1.075E+002",1001,1535,173,0,10801,2206,"1.1000000000000001E+000",161
887,"15-7月 -17 12.00.00.000000000 上午",519,"3.4700000000000003E+001",1001,4010,1670,0,3746,7842,"1.0199999999999999E+001",756
1697,"16-6月 -18 12.00.00.000000000 上午",1625,"4.1799999999999997E+001",1001,11698,4703,0,9821,21109,"1.44E+001",1386
302,"29-8月 -19 12.00.00.000000000 上午",113,"9.5099999999999994E+001",1001,814,135,0,18521,1554,"1.2E+000",190
595,"25-5月 -19 12.00.00.000000000 上午",334,"9.9200000000000003E+001",1001,1721,412,0,16601,3483,"1.7E+000",421
1229,"17-6月 -18 12.00.00.000000000 上午",1083,"4.3100000000000001E+001",1001,8282,4265,0,9841,15890,"1.2199999999999999E+001",1031
