dBLUE,dDVI,dEVI,dGREEN,dLSWI,dNBR,dNBR2,dNBR_,dNDRE1,dNDSI,dNDVI,dNDWI,dNIR,dPEP,dRDFI,dRED,dRED1,dRED2,dRED3,dRED4,dRVI,dSAVI,dSWIR1,dSWIR2,Landcover
-218.5,2936,1.608599201,-73.5,0.085023262,1.290671472,0.832316234,-1.017407298,0.553261226,0.570070113,0.7396106,-0.5520166,2670.5,-7.216076696,3.213651044,-265.5,154,1880,2469,2722,-6.427302087,1.109341374,-413,-1605.5,1
-181.5,2361.5,1.52822974,-47,0.034443227,1.193887752,0.780777698,-0.957223959,0.518086056,0.50509214,0.6925936,-0.471534979,2076.5,-5.98859714,-3.092320848,-285,106.5,1584.5,2063,2255.5,6.184641695,1.038784262,-542.5,-1519.5,1
-233,1824.5,1.466951482,-134.5,0.055142257,1.197282346,0.780789379,-0.941410325,0.561165445,0.552640944,0.72632545,-0.523725277,1514,-6.53054815,-3.088946992,-310.5,-64.5,1107.5,1437,1654,6.177893984,1.089309456,-624,-1390,1
-203.5,3230.5,1.328700992,108,0.04266756,1.192933513,0.831871571,-0.929731822,0.47557432,0.464814784,0.6719305,-0.444425831,3066.5,-5.999791272,1.221243516,-164,446.5,2379.5,3001.5,3083,-2.442487032,1.00787028,-153.5,-1092.5,1
-174,2408,1.389418528,22.5,0.052638333,1.220667328,0.801272578,-0.947815252,0.44969472,0.486956522,0.67638534,-0.466240974,2231.5,-6.592226107,0.318863494,-176.5,302,1687,2183,2191.5,-0.637726989,1.014542187,-246,-1063.5,1
-253,2621.5,1.559990704,-131,0.094324928,1.156603763,0.759986232,-0.893554629,0.523692842,0.505628443,0.7094939,-0.507886632,2250,-6.031851496,-5.681428227,-371.5,-14.5,1544,2015.5,2312.5,11.36285645,1.064130609,-580.5,-1685.5,1
-310.5,2490,1.708710734,-212.5,0.075531513,1.218184614,0.841414549,-0.944964447,0.55321631,0.572048673,0.767029,-0.554738513,2011,-7.301553211,6.723744779,-479,-108.5,1401.5,1901,2197.5,-13.44748956,1.15038651,-807.5,-1868,1
-406.5,1831,1.485138505,-318.5,0.065890756,1.103182968,0.745491161,-0.803949302,0.495939725,0.562900138,0.72495717,-0.558056656,1287.5,-7.260489787,0.072971044,-543.5,-243,900.5,1263.5,1401,-0.145942088,1.087225742,-967,-2022,1
-210,2366,1.668721769,-92.5,0.040559048,1.219092659,0.810766406,-0.958855822,0.550333948,0.5648155,0.74311894,-0.530869904,2054.5,-6.385521083,-0.004625081,-311.5,72,1569.5,1964,2220.5,0.009250161,1.114545621,-463.5,-1426.5,1
-185.5,1919,1.545308973,-14.5,0.014659843,1.265250971,0.834843763,-0.982974342,0.507157573,0.562261078,0.73311836,-0.521152849,1706,-6.614129801,0.156439578,-213,173.5,1368.5,1614,1746.5,-0.312879156,1.099510511,-484,-1336,1
-185,1945.5,1.556675354,-37,0.033587839,1.204225361,0.807279007,-0.95843103,0.499871347,0.471035472,0.6994683,-0.450687018,1661.5,-5.295755212,0.948396815,-284,61,1312.5,1535,1740,-1.896793631,1.049051932,-644,-1472.5,1
-290,2042.5,1.485379264,-205.5,0.084281821,1.124748644,0.737331404,-0.85844828,0.502671172,0.521621458,0.7073239,-0.51912315,1615.5,-6.567932554,-3.345489113,-427,-134.5,1090.5,1488.5,1715.5,6.690978226,1.060819374,-792,-1759,1
-251,2213,1.265080887,-128.5,-0.020831961,0.884194207,0.570440752,-0.70266267,0.450183233,0.444400839,0.56622815,-0.375434423,1801,-4.953151279,0.027288239,-412,-25.5,1472,1879.5,2176.5,-0.054576479,0.849252086,-622.5,-1547.5,1
-164,2945.5,1.528366331,25,-0.019255604,1.191592032,0.783674884,-0.964480434,0.475203321,0.53361586,0.6866384,-0.457171897,2724.5,-4.951809754,1.672393177,-221,426,2223,2589.5,2909.5,-3.344786355,1.029909478,-300,-1198.5,1
-320.5,2902,1.779638113,-222.5,0.076361311,1.2453123,0.848445625,-0.957612739,0.604735596,0.59969775,0.78478944,-0.581141439,2410,-7.662255286,0.036892214,-492,-126,1709.5,2334.5,2602,-0.073784429,1.17704636,-798.5,-1976,1
-115.5,1839.5,1.46424268,12,0.026763482,1.135869974,0.745170833,-0.89916741,0.472032663,0.479701881,0.6878997,-0.44843349,1683.5,-5.393079503,-5.00550573,-156,207.5,1343.5,1627.5,1789.5,10.01101146,1.031744256,-162,-762,1
-112.5,1421.5,1.462259351,-13,0.040874523,1.261093098,0.795383701,-1.013847179,0.520302622,0.512133876,0.7158016,-0.487443115,1291.5,-5.869516302,-0.388111111,-130,128.5,1020,1248,1365,0.776222222,1.073549763,-280.5,-827,1
-119,2722,1.497652359,124,0.076229208,1.358190664,0.873763108,-1.09469262,0.521979924,0.548689048,0.7489811,-0.534745745,2675.5,-7.553901246,0.613442665,-46.5,426,1934,2429.5,2658,-1.226885329,1.123444916,103,-838.5,1
-155,1361,1.490736864,-96,0.039984317,1.240399278,0.804247,-0.990237791,0.494691883,0.551204554,0.7205019,-0.528226803,1147,-6.075047542,0.004229353,-214,51.5,918.5,1172.5,1289.5,-0.008458707,1.080530968,-539.5,-1123.5,1
-196.5,4042.5,1.580717097,88.5,0.055940533,1.271415916,0.864237987,-0.993301609,0.553003315,0.551021741,0.745998,-0.524606938,3873,-7.453845604,14.71589254,-169.5,491,2947,3808.5,3985,-29.43178509,1.118988683,127.5,-972.5,1
-128,2159.5,1.340811881,77.5,0.002927133,1.176508564,0.761745528,-0.93796133,0.467021455,0.435241871,0.64148635,-0.389896249,2025.5,-5.2116877,-0.10999596,-134,278.5,1647,1959.5,2046.5,0.219991919,0.962189834,-332.5,-932.5,1
-159,3632,1.644816286,125,0.071498338,1.284202973,0.866110179,-1.005500491,0.516651797,0.522401479,0.75137264,-0.507548165,3476,-6.074106783,-3.457541052,-156,488.5,2549.5,3100,3467,6.915082104,1.127035422,41.5,-959.5,1
-149,2235.5,1.330617446,103.5,0.043024497,1.188762454,0.798709066,-0.928593313,0.443914404,0.478332422,0.69781876,-0.467895294,2132.5,-5.981765429,34.60634265,-103,403.5,1687.5,2030.5,2187,-69.21268529,1.046627772,-10.5,-900.5,1
-126,2013,1.382029813,92,0.032181346,1.283369118,0.852054505,-1.012274953,0.502590265,0.521360229,0.7154291,-0.501113867,1937.5,-6.483782166,0.412410284,-75.5,334.5,1572,1859,1991,-0.824820569,1.073055862,-77,-855.5,1
-121.5,1808.5,1.372797035,80.5,0.027547664,1.244929508,0.810351401,-0.998060653,0.45487718,0.476409283,0.69972944,-0.464989239,1713,-6.10100683,-0.004926272,-95.5,321.5,1450,1719.5,1859.5,0.009852543,1.049473459,-140.5,-928.5,1
-126,1237,1.348373036,-18.5,0.02947153,1.263957999,0.831042945,-1.011427291,0.504103762,0.494896713,0.6986779,-0.464919213,1094,-6.202313009,0.104977202,-143,84,867,1089.5,1111.5,-0.209954405,1.047810379,-390.5,-908,1
-161.5,1887,1.35037064,1,0.053721078,1.292089897,0.840141574,-1.023929253,0.476399823,0.531159797,0.71200794,-0.522801025,1751,-6.475753381,0.104425366,-136,240,1392.5,1681.5,1742,-0.208850731,1.067911835,-338,-1046.5,1
-114.5,2769,1.422703857,131,0.05266743,1.295010046,0.840461496,-1.047838275,0.528277767,0.504245493,0.69916385,-0.481153099,2720.5,-7.246914702,0.011938358,-48.5,419,2063.5,2577,2765.5,-0.023876717,1.048781652,158,-740.5,1
-132.5,2573,1.519266043,109.5,0.046223111,1.195823181,0.823924949,-0.919262445,0.491046658,0.486559869,0.71379703,-0.470531741,2444,-6.181525851,5.935154255,-129,364,1893,2292,2366.5,-11.87030851,1.070626257,-44,-832,1
-128.5,2225.5,1.386817038,96.5,0.005679959,1.258080781,0.83810815,-0.974707794,0.503139603,0.559244177,0.7103033,-0.523424368,2155.5,-6.666083231,-0.037914284,-70,406.5,1842.5,2133.5,2210.5,0.075828567,1.065381798,-19,-827,1
-103,2163.5,1.493632786,99.5,0.024609846,1.138845913,0.737155469,-0.897317066,0.434278993,0.420437624,0.66255146,-0.40438419,2009,-4.375238869,3.761587377,-154.5,327,1660,1910,2039,-7.523174753,0.993742142,-233.5,-997,1
-80.5,2351.5,1.677747748,89,0.038599522,1.178489277,0.806226824,-0.916062886,0.482058326,0.438032479,0.68802184,-0.419815443,2172.5,-4.141691231,0.256406052,-179,242.5,1684.5,1947,2136,-0.512812104,1.031948076,-286.5,-999.5,1
-109.5,1937.5,1.503173005,58,0.040364954,1.149918936,0.76503384,-0.888057131,0.458118234,0.434568803,0.6686628,-0.426939276,1784.5,-5.181680702,-0.106250911,-153,220.5,1434,1691.5,1787,0.212501821,1.002890194,-266.5,-929,1
-137.5,1769.5,1.35607739,63.5,6.16E-04,1.128121797,0.743488508,-0.870274748,0.423598855,0.480984998,0.6661443,-0.451937633,1637,-5.593256096,0.005586826,-132.5,312,1430.5,1623,1734.5,-0.011173651,0.999077267,-164.5,-959.5,1
-124,1836.5,1.445557814,59,0.011934763,1.118155676,0.740533185,-0.854517291,0.459450208,0.492074136,0.6797136,-0.469713735,1707.5,-5.701469684,0.04604018,-129,285,1469,1700,1855.5,-0.092080359,1.019442861,-66,-825.5,1
-121,1818.5,1.471466835,56,-0.002322586,1.196608321,0.795389504,-0.938639497,0.461598923,0.489122706,0.67865866,-0.445841381,1672,-5.167388614,0.413303079,-146.5,260.5,1403.5,1609,1699,-0.826606158,1.017866851,-285,-1002,1
-115,1706.5,1.412887898,51,0.049454191,1.235204927,0.815161523,-0.955698247,0.466900375,0.476522567,0.68107927,-0.472512271,1594.5,-5.989347591,-0.006135398,-112,210,1254.5,1495.5,1549,0.012270795,1.02149439,-284,-969,1
-139,1173,1.316299456,-26,0.00762906,1.130269201,0.71845844,-0.901476852,0.438425918,0.453008102,0.650252,-0.428272175,994,-5.416305321,0.315591605,-179,78.5,856.5,1012,1052.5,-0.631183209,0.975148943,-405.5,-1087.5,1
-142.5,1589,1.322636726,33.5,0.00346325,1.12929977,0.730019922,-0.875706338,0.429128387,0.472153997,0.66041195,-0.440387038,1438,-5.268358991,0.119768574,-151,231.5,1225,1379,1497,-0.239537148,0.990464257,-244,-990,1
-117.5,1582,1.303580186,60,0.013208656,1.161926894,0.749424877,-0.895054803,0.424386179,0.479047475,0.65719444,-0.459069834,1479.5,-5.144767569,-0.039796925,-102.5,280.5,1268.5,1444,1519,0.07959385,0.985654625,-190,-900,1
-131,1499.5,1.301177338,34.5,0.030470329,1.150962857,0.731092995,-0.889973443,0.428175618,0.453523685,0.65710175,-0.441495335,1373,-5.409151101,0.253888618,-126.5,194.5,1121.5,1286,1354,-0.507777236,0.985496233,-284,-990,1
-162.5,1346,1.37566612,-7,0.02771418,1.193152805,0.778348164,-0.909106736,0.458673305,0.518333634,0.7083331,-0.498056882,1186,-6.535927496,0.119476823,-160,140.5,955,1132,1167.5,-0.238953646,1.062265972,-290.5,-1016,1
-103.5,1563.5,1.480149581,54.5,0.034187572,1.189819092,0.766124452,-0.930915173,0.449924924,0.474183449,0.67300963,-0.459144537,1444,-5.799755489,0.086911063,-119.5,209,1138.5,1356,1434.5,-0.173822126,1.009364122,-215,-1006.5,1
-102.5,1774.5,1.425535918,68,0.011661076,1.174193714,0.7880663,-0.926736727,0.476188861,0.445052916,0.64524424,-0.416308953,1653.5,-5.684560533,0.244843903,-121,200,1377.5,1644.5,1739.5,-0.489687806,0.967776535,-258.5,-905.5,1
-188,1164.5,1.23287731,-78,0.008312038,1.202423774,0.727734742,-0.964546481,0.484504844,0.552622128,0.6886396,-0.505665331,967.5,-7.896035349,0.257753015,-197,32.5,786,1060,1070.5,-0.51550603,1.032706126,-568,-1275,1
-276,2289,1.378730473,-96,0.066277247,1.153489105,0.770127917,-0.84653524,0.489277003,0.504053241,0.6797385,-0.500825564,1974.5,-6.792040505,1.726828838,-314.5,42,1446,1881,1897.5,-3.453657675,1.019489981,-622,-1534,1
-283,3193.5,1.682533277,-91.5,0.049385011,1.210004332,0.818872295,-0.938057758,0.500701221,0.524535104,0.7251087,-0.50544749,2776,-6.669313459,2.361607794,-417.5,160,2119.5,2710,2853.5,-4.723215588,1.087571206,-709.5,-1964,1
-163.5,2272.5,1.492818578,6,0.046468235,1.153681717,0.766305529,-0.881890897,0.463770142,0.467817291,0.66622674,-0.454284264,2054.5,-5.721130716,0.014006751,-218,195,1587,1944.5,2056.5,-0.028013502,0.999253094,-373,-1228,1
-171.5,1197.5,1.393470401,-74,0.054068265,1.236355945,0.828525269,-0.971294453,0.487929146,0.514635202,0.71391326,-0.494703341,987.5,-7.398533258,-0.03205671,-210,7.5,730,974,1025.5,0.06411342,1.070606901,-526.5,-1078.5,1
-117,1997.5,1.441828478,68.5,0.040818297,1.244021853,0.829424956,-0.978186246,0.490069542,0.472126269,0.68028134,-0.465661743,1886,-5.915657728,0.578155161,-111.5,270,1551,1851,1966.5,-1.156310323,1.020354814,-196.5,-926,1
-155,1400,1.306628899,-6,0.009962432,1.203410321,0.792414407,-0.938074363,0.485192341,0.483598104,0.68744475,-0.446523502,1231,-4.691479438,0.411491336,-169,105,1014.5,1098.5,1244,-0.822982673,1.030986881,-405.5,-925,1
-150.5,1871,1.236664464,33,0.04838296,1.229306391,0.819318968,-0.937054541,0.451910092,0.525407437,0.6657622,-0.509421225,1771,-6.771639258,0.139189237,-100,242.5,1348.5,1641,1705,-0.278378473,0.998548681,-192,-1016.5,1
-144,2091.5,1.670634261,8,0.055915142,1.296311992,0.820957298,-1.028586511,0.558883071,0.562697704,0.7632943,-0.538480385,1919,-7.163941059,0.794728668,-172.5,160.5,1426,1768,1979.5,-1.589457336,1.144801422,-325,-1092,1
-178,1791.5,1.429554393,-36,0.030651778,1.242184903,0.796263204,-0.98426713,0.508662058,0.541754571,0.72056717,-0.508306731,1586.5,-5.977967795,5.002190294,-205,129.5,1236.5,1498,1686,-10.00438059,1.080680223,-472.5,-1294,1
-204,1553,1.325476162,-71,0.033781252,1.105419933,0.667855083,-0.826501318,0.484906801,0.518607541,0.6749392,-0.494952821,1326.5,-5.947312734,0.049064354,-226.5,50,1030,1238.5,1352,-0.098128708,1.012222341,-499.5,-1228.5,1
-263.5,2108.5,1.316898988,-124,0.075850308,1.215756202,0.775513927,-0.944661409,0.525722623,0.579466986,0.70648175,-0.555075463,1846,-8.017424295,0.335393246,-262.5,42.5,1276,1736,2007.5,-0.670786493,1.059596847,-493,-1514,1
-269.5,2087,1.500239165,-162.5,0.079564504,1.179860538,0.802544905,-0.908453229,0.539454517,0.537482848,0.7364454,-0.52041965,1698,-6.21521216,0.425790272,-389,-92.5,1149.5,1464,1717,-0.851580544,1.104498898,-731,-1605.5,1
-234.5,1998,1.552275766,-145.5,0.066378555,1.20888549,0.782009234,-0.95786875,0.523318202,0.555501281,0.73188233,-0.529955843,1668.5,-7.166446741,0.124602275,-329.5,-17,1189,1590.5,1745.5,-0.249204551,1.097659298,-693.5,-1604,1
-169,1761,1.475276771,-40,-0.048854765,1.141529935,0.72408088,-0.906604254,0.528917066,0.577889772,0.69353366,-0.469077624,1533,-6.50701907,-0.011850408,-228,132.5,1256,1537,1612,0.023700815,1.040143971,-436.5,-1122.5,1
-206.5,1895,1.524318731,-108.5,0.090344361,1.198821477,0.766969928,-0.922921709,0.540651436,0.529834965,0.7093053,-0.511577634,1611.5,-7.493096409,0.304205587,-283.5,-43.5,1035.5,1444,1519,-0.608411174,1.063800164,-652.5,-1407.5,1
-254.5,2103,1.339814447,-114,0.040199563,1.214353267,0.782703602,-0.953951102,0.530432857,0.578127482,0.69486827,-0.527547938,1829.5,-7.207713426,0.328809338,-273.5,46.5,1321.5,1699,1941,-0.657618676,1.042183164,-575.5,-1517.5,1
-228,1893,1.341932083,-68,0.067439385,1.184899881,0.773125023,-0.90246625,0.462488076,0.51291055,0.69522727,-0.514256,1653.5,-7.139301276,0.22979634,-239.5,99.5,1237.5,1596.5,1686,-0.459592679,1.042688612,-492.5,-1354,1
-186.5,1766.5,1.422939729,-16.5,0.030377096,1.195231295,0.757087528,-0.924575209,0.504308228,0.550714915,0.72939193,-0.526430965,1574.5,-7.419528757,-0.134380567,-192,156,1253.5,1540.5,1651,0.268761134,1.093899072,-388.5,-1088.5,1
-245,1736.5,1.264671974,-102.5,0.019683175,1.021575134,0.606390823,-0.788027834,0.41695483,0.441586871,0.6051585,-0.40869854,1398,-4.852810304,-0.019058417,-338.5,15.5,1070.5,1305,1468.5,0.038116833,0.907598087,-856,-1765,1
-256.5,1509.5,1.163517411,-126,0.031130658,1.042747927,0.603682797,-0.793967829,0.39713435,0.493549607,0.61504894,-0.470472298,1229.5,-5.899758555,0.031014425,-280,49.5,932,1149.5,1315.5,-0.06202885,0.922402613,-752,-1685,1
-128,2099.5,1.605978716,69,0.043669846,1.317293782,0.851955536,-1.041842734,0.538047076,0.567119749,0.77391,-0.546916936,1991.5,-7.645737885,-0.093206082,-108,284,1559.5,1871,2035.5,0.186412163,1.160713139,-159,-959.5,1
-138.5,1777,1.399395883,51.5,0.043230874,1.200318068,0.793001108,-0.903588912,0.49585838,0.480728446,0.6933309,-0.480164081,1651.5,-6.292470442,0.112320277,-125.5,210,1362,1608.5,1707.5,-0.224640553,1.039872137,-223,-849.5,1
-122,2023.5,1.574384177,30,-0.004539167,1.265666404,0.843295008,-0.989531581,0.540874055,0.584139929,0.7112507,-0.518776204,1887.5,-6.395148466,0.010208829,-136,219,1513.5,1800,1951,-0.020417658,1.066776114,-230.5,-999.5,1
-115,1695.5,1.495681279,19,0.011942867,1.281206987,0.8329531,-1.010353896,0.504728896,0.553032782,0.70574635,-0.509742982,1578,-6.105620676,0.118836611,-117.5,207,1286,1514,1628.5,-0.237673222,1.058501478,-274,-954.5,1
-118,2019.5,1.609412506,38,0.007104193,1.272124191,0.841181575,-1.008833308,0.498091249,0.546221967,0.71342665,-0.496929948,1873.5,-5.930051723,-0.175669987,-146,254,1516.5,1767,1919,0.351339974,1.070046188,-248,-1021,1
-184.5,2255,1.444508724,47,0.010557374,1.202923957,0.824971816,-0.956192684,0.465822114,0.445680606,0.6846496,-0.410138092,2022,-4.791083165,0.590650847,-233,240,1657.5,1899.5,2011,-1.181301694,1.026880483,-459.5,-1248,1
-220,2070.5,1.305454575,3,0.019178368,1.117638499,0.791823745,-0.857599331,0.421992306,0.447933298,0.6757146,-0.426941689,1808.5,-5.4965177,0.53635563,-262,228,1506,1784.5,1845.5,-1.072711261,1.013442952,-357.5,-1196,1
-158,1467.5,1.323455949,-16,-0.004771753,1.244542153,0.813674446,-0.998570354,0.496642295,0.495846914,0.67668366,-0.440986474,1294,-5.578290464,0.034926239,-173.5,109,1070.5,1244,1324,-0.069852477,1.014886123,-541.5,-1035,1
-134.5,2230.5,1.404427714,97,0.001209776,1.211931444,0.80874053,-0.983653077,0.439515434,0.44675353,0.66052943,-0.412849763,2090,-5.459391634,0.728633751,-140.5,377,1796,2106.5,2360,-1.457267503,0.990738182,-279.5,-1084,1
-169,2538.5,1.410410746,109.5,0.022829946,1.205833263,0.819281729,-0.943033809,0.447480899,0.451620147,0.68931,-0.426325568,2366,-5.364669208,0.736605439,-172.5,385,1910,2218,2314,-1.473210879,1.033880719,-326.5,-1197,1
-198,1506,1.303898087,-39,0.04754469,1.223142576,0.80149902,-0.96209962,0.477859068,0.471814565,0.6951298,-0.465883017,1288.5,-6.074432666,0.173103445,-217.5,61.5,1015,1237,1360,-0.34620689,1.042502951,-580.5,-1255.5,1
-199,1345,1.445741374,-74,0.027689994,1.166625606,0.788343787,-0.880285649,0.497348818,0.502423129,0.73453194,-0.481318681,1086,-5.607635486,0.130394211,-259,9.5,887.5,1037.5,1097.5,-0.260788421,1.101533928,-460.5,-1047,1
-200,1584,1.319434889,-41.5,0.014791487,1.10005804,0.773425248,-0.850626882,0.441768003,0.447334988,0.6756156,-0.419774632,1317.5,-5.003476233,0.150729172,-266.5,78,1089,1264.5,1382.5,-0.301458343,1.013240341,-432.5,-1093,1
-195.5,1637.5,1.278535462,-7,0.013629108,1.159389584,0.7612599,-0.91489746,0.42477931,0.468175449,0.6767974,-0.448419398,1434,-5.666914966,0.885994925,-203.5,195,1237.5,1448,1582.5,-1.77198985,1.015032319,-406,-1212.5,1
-151.5,1935.5,1.466020707,45,0.045785847,1.21726695,0.7840823,-0.970382973,0.469655251,0.44604252,0.7040706,-0.44714023,1759,-5.623292659,-0.068275545,-176.5,230.5,1449,1752,1837,0.136551089,1.055987739,-289,-1114.5,1
-158,1620,1.283866228,30,0.015393867,1.241384114,0.78336963,-0.994047268,0.47788905,0.462959489,0.6833296,-0.446092399,1474.5,-6.306010865,1.12762378,-145.5,190.5,1288,1548.5,1599.5,-2.25524756,1.024865039,-392.5,-1073,1
-124,2611,1.49526491,122.5,0.006359893,1.161097743,0.791178947,-0.920008573,0.425219671,0.443328145,0.66799575,-0.406651686,2444,-5.270767632,0.47637637,-167,443.5,2016,2383.5,2486.5,-0.95275274,1.001927619,-228.5,-1107,1
-130,2176.5,1.492354087,65.5,0.073138535,1.16784548,0.76820001,-0.92242839,0.43630702,0.38986357,0.6733637,-0.397078669,1999,-5.554684841,0.103966236,-177.5,256.5,1495.5,1881,1965,-0.207932472,1.009978928,-246.5,-971,1
-132,1112,1.402052261,-72,-0.078822716,1.188223204,0.724935804,-1.007729402,0.478334512,0.530360949,0.67604727,-0.460545478,923,-3.529501415,0.701815,-189,100.5,981,991,1234,-1.40363,1.013834586,-491,-1140.5,1
-129.5,2169,1.533736313,69,0.039441031,1.233451163,0.808754742,-0.980720754,0.460416307,0.43502713,0.6864662,-0.408796402,1983,-4.717658049,0.788211624,-186,267.5,1484,1755.5,1861.5,-1.576423249,1.02961842,-402,-1176.5,1
-151.5,1615.5,1.396184693,15.5,0.026602666,1.151294965,0.760751543,-0.897728491,0.43622449,0.444001785,0.68648046,-0.432088762,1425,-5.177295918,1.174453702,-190.5,171.5,1193.5,1364,1491,-2.348907405,1.029553171,-353,-1035,1
-141,2283,1.344543753,103,-0.02385689,1.217619762,0.80850924,-0.979022199,0.473314208,0.490745621,0.6596423,-0.429631065,2163.5,-5.580662475,1.506913129,-119.5,386.5,1860,2171.5,2315.5,-3.013826257,0.989428454,-178,-987.5,1
-148,1509.5,1.420774068,-4.5,0.108939353,1.349161175,0.869080898,-1.067520559,0.503086021,0.522224526,0.7424581,-0.545196318,1373.5,-8.213112355,0.252489093,-136,105,967.5,1269,1350.5,-0.504978186,1.11351645,-373.5,-1034,1
-171.5,1638.5,1.340279283,13.5,0.050971321,1.2608764,0.843953141,-0.941602161,0.529449696,0.580747689,0.7491179,-0.57690013,1517.5,-7.130687864,0.337628464,-121,184,1214,1412,1538,-0.675256927,1.123485162,-141.5,-883.5,1
-122,1886,1.463906493,42.5,0.04555904,1.278475163,0.832067853,-0.998313533,0.53156562,0.5456296,0.72017384,-0.52290408,1787,-7.685549438,-0.058053647,-99,221,1379.5,1642.5,1756,0.116107293,1.080161698,-171.5,-845.5,1
-75,2072.5,1.531784948,92,6.01E-04,1.241116904,0.817262449,-1.014538711,0.509905254,0.461728413,0.65882874,-0.411464047,1981,-5.394056848,-42.90905852,-91.5,258,1612.5,1936,2118,85.81811704,0.988251635,-90,-797.5,1
-110,1967,1.543704376,33,0.049573318,1.274329165,0.859840574,-1.02657937,0.511123179,0.47303088,0.6801213,-0.447301364,1826.5,-6.196352611,2.920443033,-140.5,170.5,1369.5,1718.5,1863.5,-5.840886065,1.02015338,-253,-897,1
-171.5,2279.5,1.557735088,15.5,0.022916969,1.16576386,0.783499838,-0.892373029,0.480603817,0.511869129,0.70519626,-0.47751317,2060,-5.730055718,0.193181243,-219.5,237.5,1635,1907,2083,-0.386362486,1.057687654,-188,-1121,1
-132.5,3343,1.660495864,133,0.02892423,1.200661295,0.839869781,-0.908410642,0.503305259,0.515303696,0.7101279,-0.48497784,3176.5,-5.872156179,0.27004593,-166.5,466.5,2516,2954.5,3178,-0.540091859,1.065152947,-65,-989.5,1
-182.5,1677,1.337336536,-9.5,0.052446923,1.216141541,0.85187078,-0.891052563,0.469313544,0.581159195,0.7375667,-0.58074612,1539,-7.976836735,0.158026823,-138,231,1237.5,1501,1627.5,-0.316053647,1.106161198,-80.5,-860,1
-101.5,1461.5,1.332955685,34.5,-9.78E-04,1.168013888,0.729526514,-0.942144713,0.463608217,0.443303221,0.6228622,-0.404080209,1344.5,-5.337701098,0.124574629,-117,166.5,1135,1338,1463.5,-0.249149258,0.934185571,-301.5,-980.5,1
-140.5,1625,1.371091954,42,0.028184739,1.17567831,0.773541188,-0.894464227,0.442149057,0.523713226,0.6986582,-0.515889265,1514.5,-7.082156161,-0.282981761,-110.5,265,1288,1531.5,1640,0.565963522,1.047818379,-91.5,-869.5,1
-138.5,1665.5,1.437523707,23.5,0.037892704,1.150918133,0.756631185,-0.888740831,0.440101496,0.505177719,0.6906171,-0.49716981,1524,-6.410429153,-0.13570912,-141.5,232,1233,1474,1593,0.27141824,1.035759494,-111.5,-993,1
-146,1553.5,1.310467533,15,0.020522261,1.220189377,0.808534569,-0.936655576,0.494058385,0.546085664,0.68978673,-0.515998527,1434.5,-5.84484054,0.149413897,-119,181,1160.5,1290,1426,-0.298827793,1.034516645,-226,-962,1
-129.5,1872,1.398805696,4,-5.62E-04,1.147388964,0.746938549,-0.923003926,0.483328366,0.472713043,0.6518238,-0.440614974,1702.5,-5.573718708,0.486073613,-169.5,196.5,1503,1835,1898.5,-0.972147226,0.977637504,-332,-1044,1
-131.5,1526,1.301904552,21,-0.015242227,1.217366769,0.769350497,-0.989285804,0.475130557,0.44693488,0.62565106,-0.389500184,1374.5,-6.118291117,0.483885904,-151.5,140,1148.5,1451,1397.5,-0.967771809,0.938380967,-566.5,-1126.5,1
-145.5,2396.5,1.388716825,88,0.031718798,1.215465327,0.813883145,-0.941931605,0.44328379,0.515645129,0.6846975,-0.492677402,2288,-6.379366217,-0.180498865,-108.5,420,1819,2162.5,2358.5,0.360997729,1.026967936,-133.5,-1070.5,1
-91.5,3083,1.63310679,155,0.039382504,1.183851684,0.801539749,-0.9181278,0.473427033,0.464651657,0.6897787,-0.452528013,2947,-5.522943082,0.020614873,-136,487,2366,2839.5,3046,-0.041229745,1.034620145,-71,-1033.5,1
-152.5,2185.5,1.376623392,50.5,0.054565232,1.181061383,0.774625517,-0.896933896,0.445574849,0.481784964,0.6713741,-0.483438812,2048.5,-5.611430262,-0.001759657,-137,296,1608.5,1873,2025.5,0.003519315,1.006957104,-279,-1167.5,1
-292.5,2622,1.569266546,-174,0.081267349,1.194799099,0.819103961,-0.916016645,0.565696616,0.5498824,0.744399,-0.535737159,2200.5,-7.164976318,-19.76414519,-421.5,-82,1535,2084,2246.5,39.52829039,1.116469499,-670.5,-1693.5,1
-330.5,2630,1.614686176,-258,0.083521913,1.155729003,0.79984642,-0.86888078,0.570041493,0.575763902,0.7446932,-0.563252231,2131,-6.967084311,10.79191683,-499,-183.5,1460.5,2003,2278.5,-21.58383366,1.116898697,-717.5,-1903,1
-154,2385,1.517851918,57,0.025360076,1.259373388,0.793401001,-1.007062448,0.510334182,0.48667844,0.6959498,-0.450603045,2202.5,-5.834135837,10.06304444,-182.5,243,1716.5,2066.5,2179.5,-20.12608888,1.043848336,-486,-1307.5,1
-312,2765.5,1.684931723,-212,0.065569167,1.205639735,0.825892948,-0.919099864,0.582376643,0.607068809,0.76347953,-0.575069476,2317.5,-7.802569079,0.210008679,-448,-81,1638.5,2241,2510.5,-0.420017357,1.145085403,-617.5,-1781,1
-143,2451.5,1.510435755,89.5,0.042535165,1.189020513,0.796446244,-0.937665266,0.441872206,0.442779302,0.6933289,-0.433753907,2271.5,-5.768390192,6.930467538,-180,350,1812,2163.5,2319,-13.86093508,1.039912676,-247.5,-1082.5,1
-187.5,3313,1.618835506,21.5,0.084787637,1.253933194,0.842637872,-0.978775633,0.514540392,0.531561065,0.7421672,-0.525933504,3102,-7.399723996,9.69707029,-211,347.5,2284,3014,3114.5,-19.39414058,1.113222304,-44.5,-1025,1
-131.5,1447.5,1.346341516,-14.5,0.019653323,1.235374692,0.81601745,-0.990806542,0.468960295,0.521714121,0.70589423,-0.489553687,1312.5,-6.142197588,0.487334023,-135,190,1085.5,1344,1432,-0.974668045,1.058672239,-287,-838,1
-235.5,2040,1.403333885,-101.5,0.041375774,1.124247223,0.718348714,-0.889508147,0.443977697,0.45442089,0.66078407,-0.42790601,1670.5,-5.309255319,-3.372969986,-369.5,22.5,1222.5,1550.5,1745.5,6.745939971,0.991039321,-836.5,-1839,1
-239.5,2307,1.216239763,-32.5,0.007812546,0.997851862,0.651930569,-0.765703994,0.409138284,0.422550267,0.5816903,-0.377954476,1992,-4.696519773,-3.0199897,-315,143.5,1541,1861,2043.5,6.039979401,0.872454839,-556.5,-1581.5,1
-140,2046.5,1.652272076,12,-0.004268574,1.267089386,0.79410457,-1.020306441,0.567586965,0.58198071,0.7431186,-0.527140379,1872.5,-6.577182745,-0.095393842,-174,204.5,1563.5,1884,2100,0.190787684,1.11453718,-321.5,-1207.5,1
-210.5,2167.5,1.548356337,-50,0.034639369,1.199100054,0.787948002,-0.924621319,0.502405335,0.542741057,0.7161481,-0.506574692,1901,-6.637243491,-0.010908343,-266.5,136,1431.5,1784.5,1951,0.021816686,1.074083581,-456.5,-1452,1
-224,1775,1.357777923,-73.5,0.027358167,1.109162951,0.697944753,-0.869651487,0.457049111,0.482829551,0.648736,-0.455180837,1492.5,-5.89023952,0.040838849,-282.5,54,1149.5,1419,1637.5,-0.081677697,0.972952151,-633.5,-1617,1
-213.5,1680.5,1.460684593,-73.5,-0.002021744,1.193667763,0.750411935,-0.909922928,0.502385651,0.625792306,0.7355446,-0.569537326,1463.5,-7.462514404,0.453382512,-217,148,1203.5,1451.5,1576,-0.906765023,1.10310469,-401.5,-1243,1
-124.5,2049,1.631990681,52.5,0.002307179,1.315743194,0.846805722,-1.019903236,0.554598057,0.643178615,0.78478706,-0.586549723,1948.5,-7.504533623,0.136556671,-100.5,299.5,1591.5,1901.5,2034,-0.273113341,1.177027314,-75,-806.5,1
-116,1881.5,1.470727674,62.5,0.033650156,1.27711786,0.810666797,-1.025059158,0.511373595,0.511364052,0.70460415,-0.472789576,1774,-7.537101187,-0.364323951,-107.5,238.5,1328,1647,1764,0.728647902,1.056820325,-244,-910,1
-112.5,2088.5,1.638746908,63,0.041579622,1.318268285,0.846186218,-1.033785179,0.530207103,0.574161364,0.77370894,-0.560552063,1989,-7.626550378,-0.171070359,-99.5,299.5,1623.5,1977.5,2104.5,0.342140718,1.160424869,-110.5,-875.5,1
-231,1929,1.477019743,-114.5,0.031928594,1.215771324,0.790665416,-0.957459131,0.52800611,0.547366379,0.72160256,-0.509293572,1621.5,-6.638043834,0.609960454,-307.5,15.5,1252,1594.5,1720,-1.219920907,1.082235759,-705.5,-1551.5,1
-269.5,1947.5,1.158697832,-49.5,0.051238028,1.063864548,0.684746437,-0.76744736,0.395416866,0.485901222,0.6424983,-0.49485268,1714.5,-6.252037415,-0.075550022,-233,212.5,1363.5,1658,1777.5,0.151100044,0.963614298,-385,-1288.5,1
-330,1485.5,1.254178859,-152,0.042457253,1.1276624,0.756910662,-0.815048742,0.447093689,0.506374107,0.7026274,-0.515834841,1135.5,-6.013326438,-0.173542,-350,-41,942.5,1087.5,1238,0.347084001,1.053706797,-717,-1407,1
-349,1852,1.370210555,-157.5,0.060438439,1.157784871,0.810616859,-0.831862695,0.46618107,0.519629094,0.7190302,-0.524263654,1459.5,-6.567486211,0.086333382,-392.5,-36.5,1097.5,1340,1468.5,-0.172666764,1.07835354,-751.5,-1547,1
-286,2092,1.346499147,-21.5,0.056791957,1.192850713,0.792088395,-0.859248096,0.440468138,0.508171539,0.7167966,-0.51678633,1822,-5.963829716,-0.072788973,-270,216,1429,1642,1755,0.145577947,1.075040037,-603,-1385,1
-249,2257.5,1.337307896,48,0.043572741,1.193707085,0.798179225,-0.87537178,0.416943194,0.518235946,0.71122813,-0.524904801,2054,-6.696772166,-0.219619173,-203.5,380.5,1706.5,1972,2142,0.439238345,1.066708041,-343.5,-1279,1
-248,2030.5,1.276193261,-3.5,0.058508901,1.179039393,0.768781784,-0.864140301,0.404364104,0.492301499,0.68617547,-0.511316193,1812.5,-6.61044811,-0.018576085,-218,264.5,1474.5,1768,1854.5,0.03715217,1.029124266,-494.5,-1351,1
-262,1884.5,1.363088036,-64,0.074588857,1.100392601,0.720142926,-0.786799801,0.381712973,0.440915387,0.6699513,-0.463516723,1577,-5.518149011,0.217039093,-307.5,117,1185,1396,1517,-0.434078185,1.004780688,-687,-1266,1
-250.5,2487.5,1.306631051,40.5,0.02135778,1.130413606,0.742709717,-0.851260318,0.413366785,0.480171904,0.6628009,-0.475373441,2261.5,-6.095137093,-0.106645453,-226,368.5,1991.5,2311.5,2444,0.213290905,0.994099469,-330.5,-1494.5,1
-311,2009.5,1.294985673,-59,0.093438909,1.172376237,0.790767734,-0.81398459,0.414258721,0.498779556,0.72084147,-0.552519214,1734.5,-6.587477843,0.291610369,-275,173,1369.5,1606.5,1754.5,-0.583220738,1.081091316,-444.5,-1356.5,1
-251.5,1964,1.264228822,-6.5,0.019650944,1.139689566,0.757020219,-0.84673832,0.423186257,0.485115244,0.6625963,-0.46351954,1716.5,-6.178704429,0.151998051,-247.5,218,1406.5,1646,1761,-0.303996103,0.993763995,-537,-1348,1
-270.5,1714,1.46693982,-106.5,0.019506503,0.975607491,0.589705722,-0.730240128,0.375569532,0.422136527,0.6072857,-0.403062707,1325,-5.511934471,0.101568177,-389,18,1051,1285,1359,-0.203136353,0.910779663,-825,-1730.5,1
-241.5,1727,1.435997469,-128.5,0.036428611,0.875241948,0.52072725,-0.635744936,0.355194382,0.372862952,0.5696046,-0.367139424,1299,-3.960156264,-0.009333405,-428,-50.5,972,1160,1220,0.01866681,0.854275672,-756,-1680.5,1
-312,1358.5,1.233876644,-214.5,0.026679044,0.779460093,0.392267267,-0.557353527,0.311357677,0.345522983,0.5182716,-0.34299306,866.5,-3.48111589,-0.015185765,-492,-169.5,669.5,772.5,774,0.03037153,0.777261087,-1104,-1962,1
-243.5,1528.5,1.367809704,-146,0.010595637,0.864584809,0.511935439,-0.622644597,0.373214957,0.38955757,0.5576125,-0.365311682,1114.5,-3.651698771,-0.106179817,-414,-85,903,1033,1022.5,0.212359634,0.836274129,-792,-1623.5,1
-240.5,1163.5,1.115904741,-151.5,0.009520572,0.655556647,0.292658316,-0.489282471,0.276591695,0.278804714,0.4464765,-0.268295647,727,-2.661000245,0.212397605,-436.5,-152,600.5,675.5,726,-0.424795209,0.669587632,-950,-1650,1
-171.5,1056.5,0.972769539,-109,-0.009227976,0.639116164,0.269942408,-0.485465565,0.256909791,0.289955517,0.40857288,-0.262254959,730,-2.608789376,0.059886555,-326.5,-31.5,640.5,722,702.5,-0.119773109,0.61274378,-682,-1540.5,1
-225.5,1775,1.391263013,-102,0.026693146,0.930207292,0.544344454,-0.692820022,0.394554622,0.439463404,0.5905507,-0.42226721,1452.5,-5.190718881,0.107166273,-322.5,38.5,1142.5,1399,1490.5,-0.214332546,0.885700416,-530,-1455,1
-209.5,1636,1.298784948,-68.5,0.02121244,0.766856581,0.416877162,-0.574242203,0.319371899,0.309778738,0.49615207,-0.307184791,1259,-3.401176115,0.035582463,-377,-14,1031.5,1215,1301,-0.071164926,0.744124625,-753.5,-1571.5,1
-190,1820.5,1.350060147,-29.5,0.003230901,0.89700116,0.487985739,-0.678411115,0.361390981,0.380475316,0.54516816,-0.356632262,1508.5,-3.688161483,0.098791902,-312,114,1280,1428,1460,-0.197583803,0.817648361,-689,-1728.5,1
-222,1014,0.966059654,-185.5,-0.01149277,0.570343357,0.23455425,-0.418800652,0.249620499,0.276646345,0.38897792,-0.248778781,580,-2.283398257,0.021024687,-434,-158,525,582.5,561.5,-0.042049375,0.583355282,-856,-1595.5,1
-219.5,1286,1.109113762,-118.5,-0.015791652,0.715284689,0.369131677,-0.524250981,0.281596889,0.334094905,0.4638387,-0.297046816,911,-2.975538618,0.025426405,-375,9,805,872.5,882.5,-0.050852811,0.695636833,-667.5,-1566,1
-256,1378,1.256607546,-145,0.005119813,0.700590307,0.3476011,-0.501521076,0.298208328,0.328208899,0.5010692,-0.310460129,929.5,-2.899944805,-0.025676292,-448.5,-69,780.5,841.5,877.5,0.051352583,0.751470036,-620,-1615,1
-252,1324.5,1.167189293,-196.5,0.016596415,0.635879065,0.268782726,-0.45367993,0.298305656,0.338071677,0.48758027,-0.328315208,867,-3.416839228,-0.036044252,-457.5,-131.5,694.5,850.5,842.5,0.072088505,0.731237793,-603,-1614.5,1
-165.5,1375,1.2866669,-70.5,0.008037965,0.684178499,0.281898971,-0.504895531,0.315329835,0.330632721,0.5056947,-0.315934724,1046,-3.191177849,-0.038009505,-329,22,886,1016.5,1031.5,0.07601901,0.758411556,-349.5,-1290.5,1
-199.5,1292,1.184057101,-161.5,0.006564422,0.520873663,0.177077537,-0.393271016,0.285372481,0.279890159,0.45340818,-0.26692466,794,-2.777188138,-0.100764676,-498,-180,662.5,836,882.5,0.201529352,0.679993809,-408.5,-1443,1
-271,1200.5,1.455690115,-247.5,0.008545578,0.741352101,0.398400684,-0.549421853,0.348311931,0.358645574,0.56278676,-0.340471012,627,-3.325816746,-0.031754813,-573.5,-283.5,519,635.5,642,0.063509627,0.843982345,-974,-1772.5,1
-335,2118.5,1.553563964,-221.5,0.038625017,1.056882316,0.683035911,-0.799863661,0.44832316,0.484857249,0.6612467,-0.47290569,1610,-5.432506046,0.047857081,-508.5,-113,1239,1547.5,1633,-0.095714161,0.991725249,-947.5,-2322,1
-259,2153,1.326829753,-40.5,-0.019366153,0.968699715,0.647696012,-0.724955125,0.404583386,0.472864939,0.6166009,-0.43295391,1838,-5.001415635,0.080516484,-315,238.5,1688.5,1909.5,2099.5,-0.161032968,0.924790983,-245.5,-1418.5,1
-309,2779,1.464251535,-24,0.033649618,1.094167043,0.759051564,-0.802478982,0.42973383,0.46506921,0.67057496,-0.461772847,2388.5,-5.801710084,-0.141137016,-390.5,217,1970.5,2390,2408.5,0.282274033,1.005763126,-526,-1772,1
-272,2412.5,1.576602508,-23,0.004173427,1.120883225,0.776960358,-0.821648,0.461048286,0.517236357,0.705066,-0.494279673,2077.5,-6.358280968,-0.043802435,-335,211,1844,2145.5,2182,0.08760487,1.057472323,-326,-1452,1
-289.5,2199,1.662072329,-97.5,0.038847175,1.126065152,0.787768861,-0.809391261,0.480510724,0.528334063,0.73179686,-0.529599103,1831,-6.344694944,0.126672449,-368,77,1531,1808,1922.5,-0.253344898,1.097534513,-390,-1436.5,1
-280,1863,1.285265104,-126,0.01505986,1.001765827,0.627692769,-0.748712403,0.398812027,0.45146737,0.60129565,-0.426168184,1489,-4.77656784,0.217072782,-374,31.5,1203,1397,1475,-0.434145564,0.901813465,-754,-1877.5,1
-240.5,2198.5,1.311906389,-70,0.076132976,0.987518833,0.596394464,-0.714700219,0.373146209,0.431385479,0.605857,-0.454821599,1909,-5.274409562,-0.11944128,-289.5,151.5,1389,1705.5,1850.5,0.238882559,0.908682617,-366,-1620.5,1
-255,2410,1.570590436,-42,0.021621841,1.050516146,0.728136006,-0.777740856,0.45689641,0.443330295,0.6647257,-0.429811544,2013,-4.836109985,-0.028554703,-397,76,1683,1944.5,2111,0.057109405,0.996970857,-492.5,-1568.5,1
-247,2077,1.356358865,-66.5,-0.013604225,1.011463706,0.629630155,-0.754196103,0.441741483,0.48535639,0.6227355,-0.449674297,1769.5,-5.192700128,-0.148216031,-307.5,142.5,1616.5,1862,1871.5,0.296432062,0.933986508,-467.5,-1633,1
-307.5,2297,1.440445367,-119.5,0.058499577,0.990407083,0.686143524,-0.727421493,0.395896424,0.416122781,0.63233465,-0.424411969,1842.5,-5.403298397,-0.066029729,-454.5,9.5,1359.5,1705.5,1833.5,0.132059458,0.948385234,-614,-1752.5,1
-256,1803.5,1.349898873,-44,0.032319241,0.974905896,0.69251215,-0.646089205,0.436508197,0.483226829,0.6771241,-0.491072076,1531,-5.458142381,0.056016262,-272.5,120,1339.5,1488.5,1619,-0.112032524,1.015526851,-58,-853.5,1
-195,1163,0.528465792,-88,0.011522546,0.509219363,0.217712515,-0.377122182,0.186612875,0.241449498,0.29978803,-0.236180262,954,-2.482143587,0.087856581,-209,91,771,900,1018,-0.175713162,0.449626955,-183.5,-1375.5,1
-295.5,1413.5,1.398445252,-127,0.021174989,1.05733281,0.706846114,-0.745085213,0.46823943,0.550800519,0.7244361,-0.540684198,1099.5,-6.857046684,-0.211515502,-314,-3,937.5,1091,1205,0.423031004,1.086389529,-390.5,-1180,1
-291.5,1477,1.483036539,-147,0.021236875,1.08888238,0.71903701,-0.803612656,0.414344105,0.503653865,0.69009906,-0.492796689,1111,-6.066609161,-0.114645462,-366,0.5,936.5,1097.5,1165,0.229290924,1.034918578,-689.5,-1588,1
-290,2256,1.569954915,-119.5,0.058569276,1.143451996,0.77475158,-0.867239191,0.460512149,0.482025702,0.6857021,-0.488739492,1854.5,-6.126686118,-0.037917252,-401.5,-2,1414.5,1765.5,1894,0.075834503,1.02841629,-724.5,-1943.5,1
-248.5,2373,1.793652166,-64,0.038068087,1.180499878,0.78931479,-0.895456452,0.486803344,0.507484547,0.726113,-0.500662041,2002,-5.831887664,0.048817307,-371,94,1626.5,1918,2061,-0.097634614,1.089027564,-593,-1766.5,1
-275,2460.5,1.679235829,-94.5,0.01990419,1.089888614,0.739921997,-0.827507702,0.4667759,0.483610099,0.67340887,-0.454255571,2034.5,-6.083077317,-0.04860345,-426,43,1620,2012,2138,0.0972069,1.009996096,-629.5,-1847.5,1
-258,2839,1.735549968,-59,0.060569789,1.184071216,0.822478488,-0.875509325,0.514226321,0.537661042,0.7278618,-0.540131273,2491.5,-6.980781692,0.111940684,-347.5,113,1926,2412,2594,-0.223881369,1.09168302,-301,-1629.5,1
-293,2309.5,1.625129487,-133.5,0.035965563,1.146924201,0.76702817,-0.858960882,0.497743566,0.513396205,0.69807196,-0.498920451,1895.5,-5.997421796,0.032606911,-414,-18,1502.5,1824.5,1877.5,-0.065213821,1.046969315,-759,-1946,1
-237.5,2155,1.536168793,-49.5,0.032791375,1.0952567,0.702068413,-0.819267885,0.472821192,0.495378508,0.6831838,-0.488288847,1848,-5.900759757,-0.043421203,-307,98.5,1516,1811.5,1874,0.086842406,1.024635435,-420,-1650,1
-237,2204,1.637516202,-71,0.060098377,1.18263516,0.795649094,-0.861839401,0.49679326,0.535744138,0.72114855,-0.536051669,1910.5,-6.61327339,-0.142848606,-293.5,88.5,1463.5,1781.5,1832.5,0.285697212,1.081579014,-415,-1455.5,1
-192,2104.5,1.379622205,-19.5,0.006339598,1.063794061,0.680953471,-0.82234075,0.433385353,0.459988668,0.6107534,-0.431667301,1852.5,-5.295682865,-0.009152741,-252,153.5,1569.5,1845,1881.5,0.018305482,0.916026524,-446.5,-1684.5,1
-176.5,1731,1.338137908,-66,-0.006270063,0.932786047,0.622716014,-0.713125349,0.413164247,0.414905918,0.5483512,-0.373876179,1445.5,-4.757113907,0.128706229,-285.5,37,1222.5,1519.5,1585.5,-0.257412458,0.822427492,-420.5,-1314.5,1
-181.5,2521,1.418832631,-12,0.032210035,0.913945893,0.633809697,-0.679213437,0.420468964,0.391144708,0.5609046,-0.37677377,2221,-4.877500255,-0.081208868,-300,115,1743,2182,2373.5,0.162417735,0.841304202,-208,-1155.5,1
-238.5,2413.5,1.754819276,-53,0.060693257,1.190922403,0.83460946,-0.862749786,0.526285025,0.565991389,0.7600047,-0.574905329,2115.5,-6.817871009,-0.140120889,-298,126,1681.5,2055,2190,0.280241778,1.13985694,-200.5,-1323.5,1
-153,2363,1.744826669,22.5,0.020770193,1.183924627,0.803674332,-0.930518653,0.480626781,0.556590392,0.7298756,-0.528799469,2149,-6.619227994,-0.207793395,-214,292.5,1767.5,2143,2520.5,0.415586789,1.094694808,-58.5,-1113,1
-294,1981,1.647660849,-168,0.042765424,1.172157709,0.790977794,-0.875107884,0.503745521,0.519431558,0.7144335,-0.520595231,1570.5,-5.763943034,0.146257744,-410.5,-81,1287.5,1537,1650.5,-0.292515487,1.07147524,-787,-1856,1
-224.5,2159.5,1.800991085,-97.5,0.062502849,1.231126579,0.83338219,-0.926813176,0.532439839,0.580785213,0.7615654,-0.585371157,1859.5,-7.271561728,-0.123558782,-300,52.5,1459,1821.5,2031.5,0.247117564,1.142178578,-387.5,-1434,1
-181,2423,1.750246015,-2,0.060900759,1.194139184,0.852855085,-0.861107416,0.523730082,0.590125145,0.7610489,-0.598754215,2217,-6.926501863,-0.082741883,-206,235,1780.5,2098,2305,0.165483765,1.141433963,102,-1011.5,1
-380,2419,1.736382339,-234.5,0.060085129,1.193645753,0.818525604,-0.903440219,0.501597088,0.526881505,0.72732824,-0.520449827,1864.5,-6.669470466,0.197393441,-554.5,-146,1351,1756.5,1894,-0.394786883,1.090840102,-1114,-2470,1
-305.5,2332,1.593161058,-159.5,0.067955933,1.166048584,0.765495149,-0.895283698,0.47947233,0.498041035,0.6891316,-0.502540962,1909.5,-6.351763162,-0.224779193,-422.5,-49.5,1401,1787.5,1911,0.449558387,1.033565008,-885,-2222,1
-329,2216.5,1.583856442,-175.5,0.028163554,1.173988732,0.773847778,-0.908477676,0.504145526,0.513084189,0.69331217,-0.491340398,1748,-5.652472891,0.172920854,-468.5,-98,1386,1678,1821,-0.345841709,1.039819838,-1047,-2432,1
-242.5,2245,1.73334821,-85.5,0.045034981,1.174856287,0.775005443,-0.888338966,0.51873049,0.528398436,0.7286131,-0.528702059,1905,-6.165807599,0.177254061,-340,39,1555,1871.5,2007,-0.354508123,1.092768076,-459.5,-1651,1
-209.5,2531,1.807835466,-44.5,0.057255952,1.224827957,0.850967261,-0.915868798,0.537171277,0.592036221,0.76597744,-0.596166867,2266.5,-7.381380675,-0.125670517,-264.5,163,1815.5,2250,2444.5,0.251341033,1.148820758,-97.5,-1381,1
-234,2336,1.803425463,-61,0.083666108,1.210491912,0.850178251,-0.863016644,0.557597729,0.598142225,0.79308075,-0.617375083,2063.5,-7.821278317,-0.276910186,-272.5,99,1564.5,1958,2117,0.553820373,1.189444263,-69,-1167,1
-296,2294.5,1.681042562,-123.5,0.063712363,1.192859058,0.82784601,-0.870060086,0.525239131,0.587022,0.7734976,-0.595943814,1948.5,-7.374820336,-0.0758707,-346,60.5,1534,1886,2041.5,0.151741399,1.160070336,-244.5,-1520.5,1
-287.5,2626.5,1.838344364,-108.5,0.093884961,1.231732858,0.869038099,-0.880820279,0.581073893,0.615154517,0.81991017,-0.642742746,2286.5,-8.242974434,-0.091707422,-340,46.5,1736,2215,2374,0.183414845,1.229692114,-172.5,-1330.5,1
-313.5,1956,1.366026508,-186,0.041849694,0.979024294,0.589265272,-0.7352656,0.390300587,0.43613158,0.61138016,-0.430300294,1488.5,-4.930225627,0.127022311,-467.5,-61,1114,1378,1420,-0.254044621,0.916935228,-936.5,-2328.5,1
-172,2258.5,1.376635576,-24.5,0.044472103,0.977253703,0.59698226,-0.737215549,0.423178124,0.442593687,0.60675925,-0.441615358,2015.5,-4.829757865,-0.257005395,-243,165.5,1585,1911.5,2078,0.51401079,0.910043469,-84,-1471,1
-249,1687,1.69761599,-128.5,0.031065101,1.117565849,0.722758361,-0.846719504,0.499400942,0.49156437,0.7021278,-0.478547204,1317,-5.609854129,-0.109067051,-370,-80,1071.5,1298.5,1453,0.218134102,1.052995234,-757,-1563,1
-176,1835,1.577300523,-39.5,0.013062927,1.113914572,0.717994556,-0.836934964,0.457883484,0.51343669,0.67934704,-0.488128776,1592,-5.577202623,-0.052338239,-243,155,1353,1583.5,1725,0.104676478,1.018879785,-331,-1180,1
-251.5,2995,1.57509675,34,0.019880468,1.145793037,0.765219759,-0.868134484,0.460663773,0.491715975,0.6897099,-0.477244772,2676,-5.724369871,-0.083829805,-319,314.5,2286.5,2666,2834,0.16765961,1.034475133,-349,-1770,1
-255.5,2203.5,1.466057321,-43.5,0.00702593,1.115727075,0.715804724,-0.866519481,0.423930113,0.48750768,0.67162824,-0.464733888,1873,-5.56646876,-0.062962396,-330.5,207,1632.5,1924.5,2107.5,0.125924793,1.007313776,-578.5,-1782,1
-239.5,1859,1.33854607,-69,-0.003135836,1.001217727,0.638587074,-0.746925755,0.414484258,0.472275977,0.62042165,-0.437716209,1561,-5.001311942,0.061188363,-298,131,1353.5,1554,1683,-0.122376726,0.93050096,-434.5,-1448,1
-185.5,2187.5,1.266832964,34,0.004317019,0.967855272,0.611456915,-0.721982281,0.400118543,0.417554389,0.57695323,-0.392331875,1955.5,-4.540544901,0.035978429,-232,244,1667,1938.5,1989.5,-0.071956857,0.86534131,-371,-1439,1
-228.5,2269,1.405938195,-40.5,0.069268906,1.127186297,0.776222283,-0.78854763,0.501920057,0.563960439,0.71743965,-0.572577331,2069.5,-7.417793791,-0.211240737,-199.5,168,1597.5,1966.5,2057,0.422481474,1.076026653,20,-990.5,1
-268.5,2161.5,1.4762937,-86,0.062400997,1.05364555,0.704971172,-0.738539555,0.482918445,0.54084274,0.7064351,-0.547958248,1876.5,-6.855487159,-0.047577453,-285,87.5,1439,1765.5,1936.5,0.095154906,1.059502879,-20,-1190,1
-238.5,2180.5,1.796155516,-89.5,0.070868219,1.093963437,0.760228204,-0.747903531,0.493487049,0.542319488,0.7429635,-0.559222308,1866,-7.267602203,-0.217350962,-314.5,80,1452,1852,1951,0.434701925,1.114282662,-162,-1059.5,1
-233.5,2961,1.82606649,-51.5,0.045506329,1.176196186,0.816794388,-0.875059549,0.503163427,0.54585565,0.73304737,-0.527677712,2605.5,-6.799503086,-0.118233214,-355.5,168.5,2004,2481,2640,0.236466428,1.099466336,-321,-1558.5,1
-209,3063.5,1.869763441,-13.5,0.060831408,1.234835045,0.853025089,-0.902694407,0.553891574,0.566864083,0.76219743,-0.57249759,2774,-6.60038686,0.098931605,-289.5,198,2225,2671,2785,-0.197863211,1.143192676,-97,-1421.5,1
-227,1744,1.467475119,-55,0.028053538,1.065370022,0.712121973,-0.776297136,0.426467584,0.514481237,0.6901796,-0.505112654,1477.5,-6.115367601,-0.020721397,-266.5,140,1228,1447,1589,0.041442793,1.035094269,-276.5,-1138.5,1
-311,1535.5,1.258621449,-131.5,0.01557456,0.970134753,0.593500925,-0.683206319,0.408804474,0.505042523,0.65590155,-0.487196765,1206.5,-6.161128024,-0.057310039,-329,50,1014,1176,1261,0.114620078,0.983654855,-449,-1364,1
-308,1527,1.078028241,-128,0.015695037,0.932365859,0.541089537,-0.67161474,0.367672105,0.462375116,0.5904344,-0.440689362,1208.5,-5.30128298,0.110155699,-318.5,60,975,1123.5,1225,-0.220311397,0.885490682,-556,-1578,1
-307,1570.5,1.122000959,-120,0.018871677,0.903885606,0.550259235,-0.637039487,0.364512073,0.467577746,0.60746396,-0.449815728,1252,-5.563132687,0.039099587,-318.5,87,1017,1169.5,1309,-0.078199174,0.911032458,-355,-1315,1
-242,2932,1.702676152,-17.5,0.04026196,1.221881328,0.833043209,-0.925310672,0.530242476,0.536107789,0.71933156,-0.527197216,2612.5,-6.176174197,0.13905093,-319.5,164.5,2122,2506,2668.5,-0.278101861,1.078905153,-474,-1705.5,1
-278,1139,0.858282318,-203,0.033733172,0.662459201,0.332415368,-0.483359101,0.221585881,0.318937851,0.43102366,-0.323399264,759,-3.27822119,-0.035052331,-380,-44.5,550.5,639,794,0.070104662,0.646415042,-539,-1703.5,1
-393,2269.5,1.684629511,-269,0.040872985,1.211333914,0.82376484,-0.916269386,0.513438823,0.540786249,0.7214292,-0.529683863,1712,-6.514644028,-0.045835997,-557.5,-187,1346.5,1725.5,1701,0.091671994,1.081983152,-1284.5,-2611,1
-368,2266,1.749710353,-227,0.047900097,1.195290751,0.804668016,-0.916217136,0.513628833,0.514754278,0.7244759,-0.507372983,1715.5,-6.117997357,-0.326514845,-550.5,-182,1309,1637,1736,0.653029689,1.086550882,-1195.5,-2583,1
-391,2390,1.671182818,-264,0.070397632,1.178314322,0.801305578,-0.87874682,0.492501801,0.528244399,0.7153917,-0.533413708,1841,-6.888823892,0.241572027,-549,-167.5,1325,1771,1866,-0.483144055,1.072938017,-1094.5,-2528.5,1
-354,2298,1.570740231,-207.5,0.026520807,1.085145743,0.703786804,-0.82314935,0.451903066,0.488955091,0.6773044,-0.471546507,1759.5,-5.353855163,-0.194441181,-538.5,-73.5,1416,1725.5,1797.5,0.388882362,1.015816874,-1078,-2448.5,1
-350.5,2366,1.777685924,-247.5,0.048702769,1.210907488,0.825697242,-0.926873679,0.532684442,0.547023355,0.7241664,-0.534727714,1831.5,-6.280562392,-0.147936452,-534.5,-183,1384.5,1748,1917.5,0.295872905,1.086096241,-1127,-2549,1
-276,2491.5,1.739241705,-97,0.066438584,1.218447747,0.813168173,-0.918184422,0.50469641,0.54466869,0.7432141,-0.554428079,2130.5,-6.867160675,-0.18606919,-361,79.5,1641.5,2035.5,2166.5,0.37213838,1.114678492,-555,-1918.5,1
-345,2197.5,1.651496425,-198.5,0.052478584,1.155420176,0.766365167,-0.878850447,0.498245808,0.514511106,0.71652675,-0.513720445,1712,-6.051828811,-0.059172472,-485.5,-118.5,1316.5,1620.5,1766.5,0.118344944,1.074628091,-923.5,-2263.5,1
-316.5,2507,1.657349727,-168,0.050371604,1.118209426,0.752984513,-0.831940804,0.472957903,0.507719677,0.69294447,-0.510184579,2050,-5.835530359,-0.098203881,-457,-10,1611,1964.5,2063,0.196407762,1.03928625,-716,-2188,1
-142.5,2769,0.850732562,238.5,0.062803742,0.905359453,0.517063396,-0.662286163,0.252249243,0.329654374,0.49596405,-0.358415511,2834.5,-4.756215099,0.149096481,65.5,822.5,2268.5,2675.5,2856,-0.298192961,0.743913843,244.5,-1095.5,1
-231.5,2765.5,1.072312071,126,0.066004076,0.95361001,0.540290073,-0.705892821,0.28290576,0.349652032,0.5658742,-0.380464077,2597,-4.413584218,0.343345215,-168.5,602.5,2099,2391.5,2648,-0.686690429,0.848759343,-198.5,-1372,1
-307.5,1890,1.361533455,-75.5,0.057254106,1.157745271,0.789168931,-0.82456881,0.4291649,0.51286402,0.71693254,-0.524791949,1581.5,-6.2413333,-0.159883371,-308.5,124.5,1242,1419.5,1557.5,0.319766742,1.075216464,-543,-1358.5,1
-282,1620,1.374606354,-127.5,0.11863255,1.106641875,0.705026048,-0.768019955,0.410789858,0.447933701,0.70121753,-0.507776984,1288,-6.331352327,-0.035917438,-332,-30,890.5,1164.5,1201.5,0.071834875,1.051619553,-752,-1333.5,1
-275,2110,1.303964108,-24,0.031839193,1.130401876,0.703456994,-0.807016463,0.41661804,0.508202357,0.679049,-0.496925586,1846,-5.287547416,-0.044983882,-264,246,1488.5,1672,1756.5,0.089967764,1.018436087,-612.5,-1495.5,1
-255.5,2538,1.241977885,35,0.040341422,1.139402066,0.747255213,-0.835075752,0.407811252,0.503258241,0.6613546,-0.502187841,2336.5,-6.761133962,0.187204333,-201.5,375.5,1906.5,2239,2355.5,-0.374408666,0.99193773,-368,-1458,1
-244.5,2107.5,1.199295504,26.5,0.042157571,1.070942816,0.697502281,-0.777608921,0.34499327,0.455743467,0.6371901,-0.457736912,1894.5,-5.983824818,0.412904576,-213,369.5,1518,1790.5,1935,-0.825809152,0.955672937,-293,-1268.5,1
-229,1972.5,1.218676931,15.5,0.016561617,1.061480764,0.681207191,-0.786737475,0.372981614,0.438580646,0.61815333,-0.419984894,1738,-5.089693753,0.173617564,-234.5,285.5,1445,1663,1789,-0.347235128,0.927118014,-431,-1313.5,1
-263.5,2124.5,1.207219086,10.5,0.033117326,1.10032531,0.713119435,-0.801293828,0.408195661,0.478671011,0.65041643,-0.476558852,1899,-5.615489401,0.072386967,-225.5,285.5,1574.5,1788.5,1987,-0.144773934,0.975504313,-380.5,-1367.5,1
-273,1983.5,1.141393238,-11.5,0.035987462,1.060878664,0.686491125,-0.767803804,0.353613769,0.464934276,0.63455886,-0.46772273,1750,-6.149582697,0.205695367,-233.5,301,1453.5,1717.5,1865,-0.411390734,0.951713231,-367,-1336,1
-322,2238,1.433788285,-88,0.065954268,1.116073567,0.747818595,-0.795481126,0.425889729,0.500766268,0.70842636,-0.518387839,1887.5,-6.175066113,0.126947115,-350.5,152,1459.5,1767.5,1952,-0.25389423,1.062489374,-552,-1505,1
-238.5,2015.5,1.306825726,10,0.029290313,1.138148574,0.755642149,-0.826345007,0.444526045,0.500597577,0.6818091,-0.49211362,1793.5,-5.709748082,0.24219139,-222,243.5,1491,1709,1854.5,-0.484382779,1.022578093,-367,-1194,1
-284.5,2109.5,1.221254042,-31,0.043092571,1.067029336,0.683289943,-0.787460364,0.383848305,0.450033833,0.6404259,-0.446447746,1821.5,-5.352590325,0.020221172,-288,210,1415,1631.5,1851,-0.040442344,0.960517242,-560.5,-1536.5,1
-291,2146.5,1.181196456,-23,0.044728808,1.122762936,0.740382337,-0.820504755,0.36652491,0.479293612,0.6576689,-0.479258896,1886.5,-6.339292124,-0.003568227,-260,300,1499,1785,1893,0.007136453,0.986384302,-542,-1423.5,1
-307.5,1875,1.20920266,-74,0.039432333,1.095141598,0.731357891,-0.796527682,0.377779883,0.46325102,0.65725505,-0.459496732,1555.5,-5.88041598,0.325959543,-319.5,157,1233,1479.5,1548.5,-0.651919087,0.985730799,-652.5,-1501,1
-306.5,2159.5,1.14243056,-24,0.068350492,1.075472412,0.692763546,-0.769682704,0.333863235,0.435466128,0.6371251,-0.46442836,1892,-5.964146514,0.097287623,-267.5,308.5,1491,1764.5,1903,-0.194575245,0.955571206,-491.5,-1520.5,1
-279.5,2422,1.130992496,0,0.019885434,1.055179926,0.689171755,-0.766544189,0.364350069,0.477804853,0.60914934,-0.462297737,2188.5,-5.992927732,0.270639719,-233.5,401,1822.5,2138.5,2258,-0.541279438,0.913635687,-391.5,-1561,1
-298.5,1853.5,1.371433215,-106.5,0.040883176,1.114806266,0.712993992,-0.821520671,0.409138412,0.507438757,0.7010329,-0.509789572,1523,-6.649486562,0.155027671,-330.5,136,1258,1562.5,1692.5,-0.310055341,1.051372736,-625,-1481.5,1
-269,1961.5,1.286751008,-31.5,0.032113288,1.107452479,0.705630895,-0.789384444,0.372147764,0.488501722,0.66866827,-0.484655266,1692.5,-5.597328629,-0.009734051,-269,258,1403.5,1602.5,1712.5,0.019468103,1.002860582,-570.5,-1351.5,1
-290.5,2205.5,1.1712263,-35.5,0.049621315,1.111060429,0.729839028,-0.810605302,0.37799454,0.484584566,0.6472577,-0.487783162,1952.5,-5.934576188,0.078603564,-253,295,1534,1812.5,2019,-0.157207128,0.970772844,-497,-1464,1
-293.5,1872,1.184217869,-90.5,0.055708238,1.072771804,0.701231829,-0.785610819,0.356768777,0.469643265,0.63968456,-0.478699414,1576,-6.061132422,0.396758228,-296,180.5,1209.5,1488,1648,-0.793516456,0.959384477,-609.5,-1485.5,1
-182,1623.5,1.488225394,-85.5,0.004397221,0.93162055,0.538068676,-0.685971824,0.424773951,0.450074539,0.5913212,-0.41687756,1329.5,-4.154406921,0.017187358,-294,25,1104.5,1278.5,1342.5,-0.034374716,0.886845343,-463,-1332.5,1
-179.5,1638,1.157926583,-29.5,-0.014019517,0.795822741,0.437534905,-0.601645236,0.330280757,0.344840461,0.47350562,-0.3101678,1356.5,-3.34296036,0.067040214,-281.5,97.5,1199.5,1323,1365,-0.134080428,0.710170445,-593,-1541.5,1
-231,1806.5,1.415288772,-56.5,-0.002943124,0.891607546,0.50574964,-0.67002442,0.3636995,0.36945478,0.55435663,-0.338889947,1419.5,-4.066685401,-0.040177669,-387,42.5,1204.5,1381.5,1368,0.080355338,0.83142103,-816.5,-1789,1
-183,1767.5,1.508833762,-12.5,-0.012244231,0.952208051,0.6185846,-0.682359289,0.398146105,0.446861401,0.62039405,-0.399753516,1482.5,-4.611421168,0.213784998,-285,155.5,1247.5,1403,1458.5,-0.427569996,0.930451413,-315,-1099.5,1
-180.5,1741.5,1.61880334,-15,-0.005160004,0.958518007,0.601518219,-0.706289731,0.421762336,0.415287814,0.6274977,-0.378736686,1418.5,-4.362716888,0.043474418,-323,79,1201.5,1361.5,1385.5,-0.086948836,0.941096877,-451.5,-1254,1
-179,1323.5,1.379807435,-73,0.0276707,0.792722357,0.431594124,-0.555706543,0.323886078,0.348543788,0.53887534,-0.346502417,1017.5,-4.026214718,0.12441698,-306,16.5,812.5,964.5,953,-0.24883396,0.808159794,-418.5,-1163,1
-182.5,1574.5,1.440027856,-42,0.018982067,0.888043446,0.545140803,-0.658328427,0.380691537,0.364900568,0.5756408,-0.353092318,1252,-4.246224706,0.068785334,-322.5,17.5,1023.5,1208,1244,-0.137570668,0.863318399,-482,-1287.5,1
-194,1690.5,1.485307803,-61.5,0.020285234,0.913475689,0.560158445,-0.664150453,0.381449028,0.397958003,0.5933356,-0.384723013,1349.5,-4.241826773,-0.006035233,-341,41,1094,1268,1308.5,0.012070467,0.889862501,-519,-1354.5,1
-182,1341,1.23364624,-55,-0.005608515,0.791359858,0.450978727,-0.570346302,0.324599921,0.35601495,0.51963544,-0.321895248,1038.5,-3.277478502,-0.082420429,-302.5,58,868.5,950.5,950.5,0.164840858,0.779314075,-420,-1222.5,1
-220,1674.5,1.442653556,-62.5,0.033953223,0.903094634,0.550705846,-0.655409069,0.376916436,0.35163445,0.5892253,-0.352995673,1296,-3.760072363,3.46E-04,-378.5,-22,1033,1173,1219,-6.93E-04,0.883695906,-654.5,-1407,1
-285.5,1011.5,1.111128282,-220,-0.002982709,0.67906674,0.340268442,-0.5060877,0.281935344,0.308102108,0.463566,-0.287860516,513,-3.442364989,0.108713274,-498.5,-220,454.5,575.5,542,-0.217426547,0.695189727,-960,-1776,1
-235,1400,1.482778283,-124.5,0.014546475,0.910672012,0.551341428,-0.652627553,0.378237637,0.427732453,0.61754775,-0.410958298,1039.5,-5.026048637,-0.002780022,-360.5,-17.5,870.5,1052.5,1048,0.005560045,0.926129323,-603.5,-1267.5,1
-204.5,1964.5,1.487339742,-42,0.043731236,0.990169498,0.579725441,-0.73566918,0.388996756,0.442086935,0.636429,-0.449964217,1682,-4.743928172,0.306692058,-282.5,179,1373,1559,1666.5,-0.613384115,0.954512636,-342,-1465,1
-243.5,1161.5,1.300973562,-139.5,0.024499097,0.96450958,0.564143036,-0.740211536,0.379484973,0.431543925,0.60797757,-0.41583482,823,-5.466871146,0.148657548,-338.5,-70,638,816,916,-0.297315097,0.911736139,-762,-1554,1
-200.5,1207,0.917182839,-90,0.056140545,0.755911813,0.379990679,-0.548574531,0.283950016,0.319467231,0.46787423,-0.340742948,958.5,-3.760612492,0.319341337,-248.5,-2,682,813,867.5,-0.638682674,0.701683784,-522.5,-1420.5,1
-303,1226,1.576549755,-199.5,0.067696223,1.020351329,0.691635694,-0.717031199,0.404080903,0.47705559,0.69224626,-0.487519139,817,-7.20451305,0.079744811,-409,-134,542,785.5,785,-0.159489623,1.03808121,-690.5,-1409.5,1
-358.5,1097.5,1.345909582,-245,0.03063253,0.928595958,0.606411448,-0.639020155,0.441676637,0.508690627,0.6940194,-0.508541784,666,-6.710375529,0.134392898,-431.5,-199,542.5,708,782,-0.268785795,1.040701534,-605,-1309,1
-245.5,1445.5,1.408771114,-108,0.035503819,1.018471024,0.659326721,-0.716035323,0.438576973,0.487560555,0.66319424,-0.491963004,1153,-5.530800824,-0.016042664,-292.5,-2,961,1107.5,1125,0.032085329,0.994580305,-375,-1241,1
-274.5,1011.5,1.487860884,-209.5,0.030935699,1.006230098,0.663142635,-0.705714167,0.510618188,0.554868671,0.7097155,-0.537909649,658.5,-6.103123693,-0.006961601,-353,-190.5,514,625,714,0.013923203,1.064204617,-567.5,-1169,1
-244.5,1352,1.356311869,-124,0.035820298,0.966011519,0.611533682,-0.667004979,0.458223162,0.512757309,0.6749046,-0.50090114,1059,-5.223294817,-0.008604424,-293,-34.5,826,920,995.5,0.017208849,1.012122306,-345,-1068.5,1
-215.5,1227.5,1.044833695,-47,0.057399569,1.028355893,0.670976216,-0.763311807,0.38986,0.393960985,0.5887009,-0.405962293,1010,-6.455466598,0.193304628,-217.5,5.5,741.5,973,1007.5,-0.386609257,0.882863998,-455,-1164,1
-217.5,1663.5,1.211247975,-43,0.041659475,0.91629985,0.623639425,-0.652202565,0.366753927,0.412601956,0.584378,-0.411905636,1406.5,-5.191073506,-0.083354558,-257,105.5,1077.5,1302,1384.5,0.166709116,0.876437008,-266.5,-1069,1
-261.5,1424,1.192442981,-125,0.015581815,0.960035996,0.616905919,-0.701691598,0.393682549,0.459057536,0.6022125,-0.442968446,1115.5,-5.535681763,0.064661035,-308.5,5.5,937.5,1131,1226.5,-0.12932207,0.903144072,-550.5,-1328,1
-171,1722.5,1.154697139,18,0.033161221,0.919699284,0.542214292,-0.67323953,0.363792083,0.445635261,0.5825089,-0.43793109,1580,-5.907188858,-0.071557662,-142.5,252,1245.5,1492,1621.5,0.143115324,0.873644156,98,-1039.5,1
-150,1733,1.106755584,-0.5,0.03743846,0.90909804,0.534434744,-0.653934082,0.335188332,0.4679276,0.564713,-0.462390611,1627,-5.631097595,0.012471446,-106,313.5,1279.5,1533,1682,-0.024942893,0.846963373,164.5,-947,1
-308,1383.5,1.416186324,-198,0.020239055,1.012991006,0.640159069,-0.714341143,0.426897181,0.520919196,0.6751679,-0.49839506,993.5,-5.292882238,-0.097299609,-390,-72,803,909,937.5,0.194599217,1.012514192,-722.5,-1542.5,1
-233,1355,1.465052402,-89.5,0.025370695,1.115537312,0.6822899,-0.832086831,0.442164722,0.466658173,0.6715114,-0.448871238,1047,-4.723545465,0.053468478,-308,-25,829,872,883,-0.106936956,1.007036536,-871,-1626,1
-313,1428.5,1.41976583,-179.5,0.029841048,1.046316364,0.665830909,-0.763658122,0.411544859,0.459751339,0.6479027,-0.440452981,1002,-5.042726487,-0.095758244,-426.5,-111,748.5,862.5,897,0.191516487,0.971641171,-1018,-1870,1
-226,1635,1.28891612,-51,0.012398674,0.970685129,0.592358741,-0.725086285,0.408359081,0.428763872,0.59808433,-0.40412198,1351.5,-4.582679681,0.010893908,-283.5,61.5,1103,1234.5,1348,-0.021787816,0.896984866,-465.5,-1436,1
-215.5,954.5,1.374552752,-155.5,0.043257707,1.00335292,0.584067985,-0.753189704,0.434180881,0.44304997,0.6176282,-0.426552195,639.5,-4.916890064,0.09823915,-315,-160,444,545.5,579.5,-0.1964783,0.926151552,-894,-1457,1
-329.5,1215.5,1.422306397,-257.5,0.062931302,1.064404918,0.663863043,-0.789126736,0.484726944,0.470101929,0.66862357,-0.475725742,749,-4.791845651,0.143061857,-466.5,-318,495.5,583,715.5,-0.286123713,1.002662241,-1208.5,-1996.5,1
-248.5,1279,1.307694598,-178.5,0.051689067,0.959556504,0.599219092,-0.729948789,0.363278804,0.409125098,0.55919296,-0.409658528,915,-5.324702094,5.56E-04,-364,-123.5,621.5,861,944,-0.001112759,0.838612573,-807.5,-1808,1
-237.5,1207.5,1.038165009,-130,0.02774679,0.86777771,0.507393538,-0.646749517,0.347078587,0.3845609,0.51087964,-0.373874352,907.5,-4.366846396,0.052760562,-300,-66.5,679,806,912.5,-0.105521123,0.766164878,-658.5,-1582,1
-273,1205,1.203871623,-184.5,0.06205068,0.924776356,0.539605285,-0.685525931,0.363941394,0.391501239,0.56786484,-0.411486802,830.5,-5.099791414,0.05823541,-374.5,-161,573.5,770,832.5,-0.11647082,0.851601115,-825,-1771,1
-214,1897,1.520892177,-47.5,0.037512152,1.081360943,0.679103571,-0.80413568,0.420401387,0.490007897,0.6616899,-0.480599647,1622.5,-5.767298971,0.089059829,-274.5,133.5,1268.5,1494.5,1596.5,-0.178119658,0.99238896,-420,-1494.5,1
-218.5,2936,1.608599201,-73.5,0.085023262,1.290671472,0.832316234,-1.017407298,0.553261226,0.570070113,0.7396106,-0.5520166,2670.5,-7.216076696,3.213651044,-265.5,154,1880,2469,2722,-6.427302087,1.109341374,-413,-1605.5,1
-181.5,2361.5,1.52822974,-47,0.034443227,1.193887752,0.780777698,-0.957223959,0.518086056,0.50509214,0.6925936,-0.471534979,2076.5,-5.98859714,-3.092320848,-285,106.5,1584.5,2063,2255.5,6.184641695,1.038784262,-542.5,-1519.5,1
-233,1824.5,1.466951482,-134.5,0.055142257,1.197282346,0.780789379,-0.941410325,0.561165445,0.552640944,0.72632545,-0.523725277,1514,-6.53054815,-3.088946992,-310.5,-64.5,1107.5,1437,1654,6.177893984,1.089309456,-624,-1390,1
-203.5,3230.5,1.328700992,108,0.04266756,1.192933513,0.831871571,-0.929731822,0.47557432,0.464814784,0.6719305,-0.444425831,3066.5,-5.999791272,1.221243516,-164,446.5,2379.5,3001.5,3083,-2.442487032,1.00787028,-153.5,-1092.5,1
-174,2408,1.389418528,22.5,0.052638333,1.220667328,0.801272578,-0.947815252,0.44969472,0.486956522,0.67638534,-0.466240974,2231.5,-6.592226107,0.318863494,-176.5,302,1687,2183,2191.5,-0.637726989,1.014542187,-246,-1063.5,1
-253,2621.5,1.559990704,-131,0.094324928,1.156603763,0.759986232,-0.893554629,0.523692842,0.505628443,0.7094939,-0.507886632,2250,-6.031851496,-5.681428227,-371.5,-14.5,1544,2015.5,2312.5,11.36285645,1.064130609,-580.5,-1685.5,1
-310.5,2490,1.708710734,-212.5,0.075531513,1.218184614,0.841414549,-0.944964447,0.55321631,0.572048673,0.767029,-0.554738513,2011,-7.301553211,6.723744779,-479,-108.5,1401.5,1901,2197.5,-13.44748956,1.15038651,-807.5,-1868,1
-406.5,1831,1.485138505,-318.5,0.065890756,1.103182968,0.745491161,-0.803949302,0.495939725,0.562900138,0.72495717,-0.558056656,1287.5,-7.260489787,0.072971044,-543.5,-243,900.5,1263.5,1401,-0.145942088,1.087225742,-967,-2022,1
-210,2366,1.668721769,-92.5,0.040559048,1.219092659,0.810766406,-0.958855822,0.550333948,0.5648155,0.74311894,-0.530869904,2054.5,-6.385521083,-0.004625081,-311.5,72,1569.5,1964,2220.5,0.009250161,1.114545621,-463.5,-1426.5,1
-185.5,1919,1.545308973,-14.5,0.014659843,1.265250971,0.834843763,-0.982974342,0.507157573,0.562261078,0.73311836,-0.521152849,1706,-6.614129801,0.156439578,-213,173.5,1368.5,1614,1746.5,-0.312879156,1.099510511,-484,-1336,1
-185,1945.5,1.556675354,-37,0.033587839,1.204225361,0.807279007,-0.95843103,0.499871347,0.471035472,0.6994683,-0.450687018,1661.5,-5.295755212,0.948396815,-284,61,1312.5,1535,1740,-1.896793631,1.049051932,-644,-1472.5,1
-290,2042.5,1.485379264,-205.5,0.084281821,1.124748644,0.737331404,-0.85844828,0.502671172,0.521621458,0.7073239,-0.51912315,1615.5,-6.567932554,-3.345489113,-427,-134.5,1090.5,1488.5,1715.5,6.690978226,1.060819374,-792,-1759,1
-251,2213,1.265080887,-128.5,-0.020831961,0.884194207,0.570440752,-0.70266267,0.450183233,0.444400839,0.56622815,-0.375434423,1801,-4.953151279,0.027288239,-412,-25.5,1472,1879.5,2176.5,-0.054576479,0.849252086,-622.5,-1547.5,1
-164,2945.5,1.528366331,25,-0.019255604,1.191592032,0.783674884,-0.964480434,0.475203321,0.53361586,0.6866384,-0.457171897,2724.5,-4.951809754,1.672393177,-221,426,2223,2589.5,2909.5,-3.344786355,1.029909478,-300,-1198.5,1
-320.5,2902,1.779638113,-222.5,0.076361311,1.2453123,0.848445625,-0.957612739,0.604735596,0.59969775,0.78478944,-0.581141439,2410,-7.662255286,0.036892214,-492,-126,1709.5,2334.5,2602,-0.073784429,1.17704636,-798.5,-1976,1
-115.5,1839.5,1.46424268,12,0.026763482,1.135869974,0.745170833,-0.89916741,0.472032663,0.479701881,0.6878997,-0.44843349,1683.5,-5.393079503,-5.00550573,-156,207.5,1343.5,1627.5,1789.5,10.01101146,1.031744256,-162,-762,1
-112.5,1421.5,1.462259351,-13,0.040874523,1.261093098,0.795383701,-1.013847179,0.520302622,0.512133876,0.7158016,-0.487443115,1291.5,-5.869516302,-0.388111111,-130,128.5,1020,1248,1365,0.776222222,1.073549763,-280.5,-827,1
-119,2722,1.497652359,124,0.076229208,1.358190664,0.873763108,-1.09469262,0.521979924,0.548689048,0.7489811,-0.534745745,2675.5,-7.553901246,0.613442665,-46.5,426,1934,2429.5,2658,-1.226885329,1.123444916,103,-838.5,1
-155,1361,1.490736864,-96,0.039984317,1.240399278,0.804247,-0.990237791,0.494691883,0.551204554,0.7205019,-0.528226803,1147,-6.075047542,0.004229353,-214,51.5,918.5,1172.5,1289.5,-0.008458707,1.080530968,-539.5,-1123.5,1
-196.5,4042.5,1.580717097,88.5,0.055940533,1.271415916,0.864237987,-0.993301609,0.553003315,0.551021741,0.745998,-0.524606938,3873,-7.453845604,14.71589254,-169.5,491,2947,3808.5,3985,-29.43178509,1.118988683,127.5,-972.5,1
-128,2159.5,1.340811881,77.5,0.002927133,1.176508564,0.761745528,-0.93796133,0.467021455,0.435241871,0.64148635,-0.389896249,2025.5,-5.2116877,-0.10999596,-134,278.5,1647,1959.5,2046.5,0.219991919,0.962189834,-332.5,-932.5,1
-159,3632,1.644816286,125,0.071498338,1.284202973,0.866110179,-1.005500491,0.516651797,0.522401479,0.75137264,-0.507548165,3476,-6.074106783,-3.457541052,-156,488.5,2549.5,3100,3467,6.915082104,1.127035422,41.5,-959.5,1
-149,2235.5,1.330617446,103.5,0.043024497,1.188762454,0.798709066,-0.928593313,0.443914404,0.478332422,0.69781876,-0.467895294,2132.5,-5.981765429,34.60634265,-103,403.5,1687.5,2030.5,2187,-69.21268529,1.046627772,-10.5,-900.5,1
-126,2013,1.382029813,92,0.032181346,1.283369118,0.852054505,-1.012274953,0.502590265,0.521360229,0.7154291,-0.501113867,1937.5,-6.483782166,0.412410284,-75.5,334.5,1572,1859,1991,-0.824820569,1.073055862,-77,-855.5,1
-121.5,1808.5,1.372797035,80.5,0.027547664,1.244929508,0.810351401,-0.998060653,0.45487718,0.476409283,0.69972944,-0.464989239,1713,-6.10100683,-0.004926272,-95.5,321.5,1450,1719.5,1859.5,0.009852543,1.049473459,-140.5,-928.5,1
-126,1237,1.348373036,-18.5,0.02947153,1.263957999,0.831042945,-1.011427291,0.504103762,0.494896713,0.6986779,-0.464919213,1094,-6.202313009,0.104977202,-143,84,867,1089.5,1111.5,-0.209954405,1.047810379,-390.5,-908,1
-161.5,1887,1.35037064,1,0.053721078,1.292089897,0.840141574,-1.023929253,0.476399823,0.531159797,0.71200794,-0.522801025,1751,-6.475753381,0.104425366,-136,240,1392.5,1681.5,1742,-0.208850731,1.067911835,-338,-1046.5,1
-114.5,2769,1.422703857,131,0.05266743,1.295010046,0.840461496,-1.047838275,0.528277767,0.504245493,0.69916385,-0.481153099,2720.5,-7.246914702,0.011938358,-48.5,419,2063.5,2577,2765.5,-0.023876717,1.048781652,158,-740.5,1
-132.5,2573,1.519266043,109.5,0.046223111,1.195823181,0.823924949,-0.919262445,0.491046658,0.486559869,0.71379703,-0.470531741,2444,-6.181525851,5.935154255,-129,364,1893,2292,2366.5,-11.87030851,1.070626257,-44,-832,1
-128.5,2225.5,1.386817038,96.5,0.005679959,1.258080781,0.83810815,-0.974707794,0.503139603,0.559244177,0.7103033,-0.523424368,2155.5,-6.666083231,-0.037914284,-70,406.5,1842.5,2133.5,2210.5,0.075828567,1.065381798,-19,-827,1
-103,2163.5,1.493632786,99.5,0.024609846,1.138845913,0.737155469,-0.897317066,0.434278993,0.420437624,0.66255146,-0.40438419,2009,-4.375238869,3.761587377,-154.5,327,1660,1910,2039,-7.523174753,0.993742142,-233.5,-997,1
-80.5,2351.5,1.677747748,89,0.038599522,1.178489277,0.806226824,-0.916062886,0.482058326,0.438032479,0.68802184,-0.419815443,2172.5,-4.141691231,0.256406052,-179,242.5,1684.5,1947,2136,-0.512812104,1.031948076,-286.5,-999.5,1
-109.5,1937.5,1.503173005,58,0.040364954,1.149918936,0.76503384,-0.888057131,0.458118234,0.434568803,0.6686628,-0.426939276,1784.5,-5.181680702,-0.106250911,-153,220.5,1434,1691.5,1787,0.212501821,1.002890194,-266.5,-929,1
-137.5,1769.5,1.35607739,63.5,6.16E-04,1.128121797,0.743488508,-0.870274748,0.423598855,0.480984998,0.6661443,-0.451937633,1637,-5.593256096,0.005586826,-132.5,312,1430.5,1623,1734.5,-0.011173651,0.999077267,-164.5,-959.5,1
-124,1836.5,1.445557814,59,0.011934763,1.118155676,0.740533185,-0.854517291,0.459450208,0.492074136,0.6797136,-0.469713735,1707.5,-5.701469684,0.04604018,-129,285,1469,1700,1855.5,-0.092080359,1.019442861,-66,-825.5,1
-121,1818.5,1.471466835,56,-0.002322586,1.196608321,0.795389504,-0.938639497,0.461598923,0.489122706,0.67865866,-0.445841381,1672,-5.167388614,0.413303079,-146.5,260.5,1403.5,1609,1699,-0.826606158,1.017866851,-285,-1002,1
-115,1706.5,1.412887898,51,0.049454191,1.235204927,0.815161523,-0.955698247,0.466900375,0.476522567,0.68107927,-0.472512271,1594.5,-5.989347591,-0.006135398,-112,210,1254.5,1495.5,1549,0.012270795,1.02149439,-284,-969,1
-139,1173,1.316299456,-26,0.00762906,1.130269201,0.71845844,-0.901476852,0.438425918,0.453008102,0.650252,-0.428272175,994,-5.416305321,0.315591605,-179,78.5,856.5,1012,1052.5,-0.631183209,0.975148943,-405.5,-1087.5,1
-142.5,1589,1.322636726,33.5,0.00346325,1.12929977,0.730019922,-0.875706338,0.429128387,0.472153997,0.66041195,-0.440387038,1438,-5.268358991,0.119768574,-151,231.5,1225,1379,1497,-0.239537148,0.990464257,-244,-990,1
-117.5,1582,1.303580186,60,0.013208656,1.161926894,0.749424877,-0.895054803,0.424386179,0.479047475,0.65719444,-0.459069834,1479.5,-5.144767569,-0.039796925,-102.5,280.5,1268.5,1444,1519,0.07959385,0.985654625,-190,-900,1
-131,1499.5,1.301177338,34.5,0.030470329,1.150962857,0.731092995,-0.889973443,0.428175618,0.453523685,0.65710175,-0.441495335,1373,-5.409151101,0.253888618,-126.5,194.5,1121.5,1286,1354,-0.507777236,0.985496233,-284,-990,1
-162.5,1346,1.37566612,-7,0.02771418,1.193152805,0.778348164,-0.909106736,0.458673305,0.518333634,0.7083331,-0.498056882,1186,-6.535927496,0.119476823,-160,140.5,955,1132,1167.5,-0.238953646,1.062265972,-290.5,-1016,1
-103.5,1563.5,1.480149581,54.5,0.034187572,1.189819092,0.766124452,-0.930915173,0.449924924,0.474183449,0.67300963,-0.459144537,1444,-5.799755489,0.086911063,-119.5,209,1138.5,1356,1434.5,-0.173822126,1.009364122,-215,-1006.5,1
-102.5,1774.5,1.425535918,68,0.011661076,1.174193714,0.7880663,-0.926736727,0.476188861,0.445052916,0.64524424,-0.416308953,1653.5,-5.684560533,0.244843903,-121,200,1377.5,1644.5,1739.5,-0.489687806,0.967776535,-258.5,-905.5,1
-188,1164.5,1.23287731,-78,0.008312038,1.202423774,0.727734742,-0.964546481,0.484504844,0.552622128,0.6886396,-0.505665331,967.5,-7.896035349,0.257753015,-197,32.5,786,1060,1070.5,-0.51550603,1.032706126,-568,-1275,1
-276,2289,1.378730473,-96,0.066277247,1.153489105,0.770127917,-0.84653524,0.489277003,0.504053241,0.6797385,-0.500825564,1974.5,-6.792040505,1.726828838,-314.5,42,1446,1881,1897.5,-3.453657675,1.019489981,-622,-1534,1
-283,3193.5,1.682533277,-91.5,0.049385011,1.210004332,0.818872295,-0.938057758,0.500701221,0.524535104,0.7251087,-0.50544749,2776,-6.669313459,2.361607794,-417.5,160,2119.5,2710,2853.5,-4.723215588,1.087571206,-709.5,-1964,1
-163.5,2272.5,1.492818578,6,0.046468235,1.153681717,0.766305529,-0.881890897,0.463770142,0.467817291,0.66622674,-0.454284264,2054.5,-5.721130716,0.014006751,-218,195,1587,1944.5,2056.5,-0.028013502,0.999253094,-373,-1228,1
-171.5,1197.5,1.393470401,-74,0.054068265,1.236355945,0.828525269,-0.971294453,0.487929146,0.514635202,0.71391326,-0.494703341,987.5,-7.398533258,-0.03205671,-210,7.5,730,974,1025.5,0.06411342,1.070606901,-526.5,-1078.5,1
-117,1997.5,1.441828478,68.5,0.040818297,1.244021853,0.829424956,-0.978186246,0.490069542,0.472126269,0.68028134,-0.465661743,1886,-5.915657728,0.578155161,-111.5,270,1551,1851,1966.5,-1.156310323,1.020354814,-196.5,-926,1
-155,1400,1.306628899,-6,0.009962432,1.203410321,0.792414407,-0.938074363,0.485192341,0.483598104,0.68744475,-0.446523502,1231,-4.691479438,0.411491336,-169,105,1014.5,1098.5,1244,-0.822982673,1.030986881,-405.5,-925,1
-150.5,1871,1.236664464,33,0.04838296,1.229306391,0.819318968,-0.937054541,0.451910092,0.525407437,0.6657622,-0.509421225,1771,-6.771639258,0.139189237,-100,242.5,1348.5,1641,1705,-0.278378473,0.998548681,-192,-1016.5,1
-144,2091.5,1.670634261,8,0.055915142,1.296311992,0.820957298,-1.028586511,0.558883071,0.562697704,0.7632943,-0.538480385,1919,-7.163941059,0.794728668,-172.5,160.5,1426,1768,1979.5,-1.589457336,1.144801422,-325,-1092,1
-178,1791.5,1.429554393,-36,0.030651778,1.242184903,0.796263204,-0.98426713,0.508662058,0.541754571,0.72056717,-0.508306731,1586.5,-5.977967795,5.002190294,-205,129.5,1236.5,1498,1686,-10.00438059,1.080680223,-472.5,-1294,1
-204,1553,1.325476162,-71,0.033781252,1.105419933,0.667855083,-0.826501318,0.484906801,0.518607541,0.6749392,-0.494952821,1326.5,-5.947312734,0.049064354,-226.5,50,1030,1238.5,1352,-0.098128708,1.012222341,-499.5,-1228.5,1
-263.5,2108.5,1.316898988,-124,0.075850308,1.215756202,0.775513927,-0.944661409,0.525722623,0.579466986,0.70648175,-0.555075463,1846,-8.017424295,0.335393246,-262.5,42.5,1276,1736,2007.5,-0.670786493,1.059596847,-493,-1514,1
-269.5,2087,1.500239165,-162.5,0.079564504,1.179860538,0.802544905,-0.908453229,0.539454517,0.537482848,0.7364454,-0.52041965,1698,-6.21521216,0.425790272,-389,-92.5,1149.5,1464,1717,-0.851580544,1.104498898,-731,-1605.5,1
-234.5,1998,1.552275766,-145.5,0.066378555,1.20888549,0.782009234,-0.95786875,0.523318202,0.555501281,0.73188233,-0.529955843,1668.5,-7.166446741,0.124602275,-329.5,-17,1189,1590.5,1745.5,-0.249204551,1.097659298,-693.5,-1604,1
-169,1761,1.475276771,-40,-0.048854765,1.141529935,0.72408088,-0.906604254,0.528917066,0.577889772,0.69353366,-0.469077624,1533,-6.50701907,-0.011850408,-228,132.5,1256,1537,1612,0.023700815,1.040143971,-436.5,-1122.5,1
-206.5,1895,1.524318731,-108.5,0.090344361,1.198821477,0.766969928,-0.922921709,0.540651436,0.529834965,0.7093053,-0.511577634,1611.5,-7.493096409,0.304205587,-283.5,-43.5,1035.5,1444,1519,-0.608411174,1.063800164,-652.5,-1407.5,1
-254.5,2103,1.339814447,-114,0.040199563,1.214353267,0.782703602,-0.953951102,0.530432857,0.578127482,0.69486827,-0.527547938,1829.5,-7.207713426,0.328809338,-273.5,46.5,1321.5,1699,1941,-0.657618676,1.042183164,-575.5,-1517.5,1
-228,1893,1.341932083,-68,0.067439385,1.184899881,0.773125023,-0.90246625,0.462488076,0.51291055,0.69522727,-0.514256,1653.5,-7.139301276,0.22979634,-239.5,99.5,1237.5,1596.5,1686,-0.459592679,1.042688612,-492.5,-1354,1
-186.5,1766.5,1.422939729,-16.5,0.030377096,1.195231295,0.757087528,-0.924575209,0.504308228,0.550714915,0.72939193,-0.526430965,1574.5,-7.419528757,-0.134380567,-192,156,1253.5,1540.5,1651,0.268761134,1.093899072,-388.5,-1088.5,1
-245,1736.5,1.264671974,-102.5,0.019683175,1.021575134,0.606390823,-0.788027834,0.41695483,0.441586871,0.6051585,-0.40869854,1398,-4.852810304,-0.019058417,-338.5,15.5,1070.5,1305,1468.5,0.038116833,0.907598087,-856,-1765,1
-256.5,1509.5,1.163517411,-126,0.031130658,1.042747927,0.603682797,-0.793967829,0.39713435,0.493549607,0.61504894,-0.470472298,1229.5,-5.899758555,0.031014425,-280,49.5,932,1149.5,1315.5,-0.06202885,0.922402613,-752,-1685,1
-128,2099.5,1.605978716,69,0.043669846,1.317293782,0.851955536,-1.041842734,0.538047076,0.567119749,0.77391,-0.546916936,1991.5,-7.645737885,-0.093206082,-108,284,1559.5,1871,2035.5,0.186412163,1.160713139,-159,-959.5,1
-138.5,1777,1.399395883,51.5,0.043230874,1.200318068,0.793001108,-0.903588912,0.49585838,0.480728446,0.6933309,-0.480164081,1651.5,-6.292470442,0.112320277,-125.5,210,1362,1608.5,1707.5,-0.224640553,1.039872137,-223,-849.5,1
-122,2023.5,1.574384177,30,-0.004539167,1.265666404,0.843295008,-0.989531581,0.540874055,0.584139929,0.7112507,-0.518776204,1887.5,-6.395148466,0.010208829,-136,219,1513.5,1800,1951,-0.020417658,1.066776114,-230.5,-999.5,1
-115,1695.5,1.495681279,19,0.011942867,1.281206987,0.8329531,-1.010353896,0.504728896,0.553032782,0.70574635,-0.509742982,1578,-6.105620676,0.118836611,-117.5,207,1286,1514,1628.5,-0.237673222,1.058501478,-274,-954.5,1
-118,2019.5,1.609412506,38,0.007104193,1.272124191,0.841181575,-1.008833308,0.498091249,0.546221967,0.71342665,-0.496929948,1873.5,-5.930051723,-0.175669987,-146,254,1516.5,1767,1919,0.351339974,1.070046188,-248,-1021,1
-184.5,2255,1.444508724,47,0.010557374,1.202923957,0.824971816,-0.956192684,0.465822114,0.445680606,0.6846496,-0.410138092,2022,-4.791083165,0.590650847,-233,240,1657.5,1899.5,2011,-1.181301694,1.026880483,-459.5,-1248,1
-220,2070.5,1.305454575,3,0.019178368,1.117638499,0.791823745,-0.857599331,0.421992306,0.447933298,0.6757146,-0.426941689,1808.5,-5.4965177,0.53635563,-262,228,1506,1784.5,1845.5,-1.072711261,1.013442952,-357.5,-1196,1
-158,1467.5,1.323455949,-16,-0.004771753,1.244542153,0.813674446,-0.998570354,0.496642295,0.495846914,0.67668366,-0.440986474,1294,-5.578290464,0.034926239,-173.5,109,1070.5,1244,1324,-0.069852477,1.014886123,-541.5,-1035,1
-134.5,2230.5,1.404427714,97,0.001209776,1.211931444,0.80874053,-0.983653077,0.439515434,0.44675353,0.66052943,-0.412849763,2090,-5.459391634,0.728633751,-140.5,377,1796,2106.5,2360,-1.457267503,0.990738182,-279.5,-1084,1
-169,2538.5,1.410410746,109.5,0.022829946,1.205833263,0.819281729,-0.943033809,0.447480899,0.451620147,0.68931,-0.426325568,2366,-5.364669208,0.736605439,-172.5,385,1910,2218,2314,-1.473210879,1.033880719,-326.5,-1197,1
-198,1506,1.303898087,-39,0.04754469,1.223142576,0.80149902,-0.96209962,0.477859068,0.471814565,0.6951298,-0.465883017,1288.5,-6.074432666,0.173103445,-217.5,61.5,1015,1237,1360,-0.34620689,1.042502951,-580.5,-1255.5,1
-199,1345,1.445741374,-74,0.027689994,1.166625606,0.788343787,-0.880285649,0.497348818,0.502423129,0.73453194,-0.481318681,1086,-5.607635486,0.130394211,-259,9.5,887.5,1037.5,1097.5,-0.260788421,1.101533928,-460.5,-1047,1
-200,1584,1.319434889,-41.5,0.014791487,1.10005804,0.773425248,-0.850626882,0.441768003,0.447334988,0.6756156,-0.419774632,1317.5,-5.003476233,0.150729172,-266.5,78,1089,1264.5,1382.5,-0.301458343,1.013240341,-432.5,-1093,1
-195.5,1637.5,1.278535462,-7,0.013629108,1.159389584,0.7612599,-0.91489746,0.42477931,0.468175449,0.6767974,-0.448419398,1434,-5.666914966,0.885994925,-203.5,195,1237.5,1448,1582.5,-1.77198985,1.015032319,-406,-1212.5,1
-151.5,1935.5,1.466020707,45,0.045785847,1.21726695,0.7840823,-0.970382973,0.469655251,0.44604252,0.7040706,-0.44714023,1759,-5.623292659,-0.068275545,-176.5,230.5,1449,1752,1837,0.136551089,1.055987739,-289,-1114.5,1
-158,1620,1.283866228,30,0.015393867,1.241384114,0.78336963,-0.994047268,0.47788905,0.462959489,0.6833296,-0.446092399,1474.5,-6.306010865,1.12762378,-145.5,190.5,1288,1548.5,1599.5,-2.25524756,1.024865039,-392.5,-1073,1
-124,2611,1.49526491,122.5,0.006359893,1.161097743,0.791178947,-0.920008573,0.425219671,0.443328145,0.66799575,-0.406651686,2444,-5.270767632,0.47637637,-167,443.5,2016,2383.5,2486.5,-0.95275274,1.001927619,-228.5,-1107,1
-130,2176.5,1.492354087,65.5,0.073138535,1.16784548,0.76820001,-0.92242839,0.43630702,0.38986357,0.6733637,-0.397078669,1999,-5.554684841,0.103966236,-177.5,256.5,1495.5,1881,1965,-0.207932472,1.009978928,-246.5,-971,1
-132,1112,1.402052261,-72,-0.078822716,1.188223204,0.724935804,-1.007729402,0.478334512,0.530360949,0.67604727,-0.460545478,923,-3.529501415,0.701815,-189,100.5,981,991,1234,-1.40363,1.013834586,-491,-1140.5,1
-129.5,2169,1.533736313,69,0.039441031,1.233451163,0.808754742,-0.980720754,0.460416307,0.43502713,0.6864662,-0.408796402,1983,-4.717658049,0.788211624,-186,267.5,1484,1755.5,1861.5,-1.576423249,1.02961842,-402,-1176.5,1
-151.5,1615.5,1.396184693,15.5,0.026602666,1.151294965,0.760751543,-0.897728491,0.43622449,0.444001785,0.68648046,-0.432088762,1425,-5.177295918,1.174453702,-190.5,171.5,1193.5,1364,1491,-2.348907405,1.029553171,-353,-1035,1
-141,2283,1.344543753,103,-0.02385689,1.217619762,0.80850924,-0.979022199,0.473314208,0.490745621,0.6596423,-0.429631065,2163.5,-5.580662475,1.506913129,-119.5,386.5,1860,2171.5,2315.5,-3.013826257,0.989428454,-178,-987.5,1
-148,1509.5,1.420774068,-4.5,0.108939353,1.349161175,0.869080898,-1.067520559,0.503086021,0.522224526,0.7424581,-0.545196318,1373.5,-8.213112355,0.252489093,-136,105,967.5,1269,1350.5,-0.504978186,1.11351645,-373.5,-1034,1
-171.5,1638.5,1.340279283,13.5,0.050971321,1.2608764,0.843953141,-0.941602161,0.529449696,0.580747689,0.7491179,-0.57690013,1517.5,-7.130687864,0.337628464,-121,184,1214,1412,1538,-0.675256927,1.123485162,-141.5,-883.5,1
-122,1886,1.463906493,42.5,0.04555904,1.278475163,0.832067853,-0.998313533,0.53156562,0.5456296,0.72017384,-0.52290408,1787,-7.685549438,-0.058053647,-99,221,1379.5,1642.5,1756,0.116107293,1.080161698,-171.5,-845.5,1
-75,2072.5,1.531784948,92,6.01E-04,1.241116904,0.817262449,-1.014538711,0.509905254,0.461728413,0.65882874,-0.411464047,1981,-5.394056848,-42.90905852,-91.5,258,1612.5,1936,2118,85.81811704,0.988251635,-90,-797.5,1
-110,1967,1.543704376,33,0.049573318,1.274329165,0.859840574,-1.02657937,0.511123179,0.47303088,0.6801213,-0.447301364,1826.5,-6.196352611,2.920443033,-140.5,170.5,1369.5,1718.5,1863.5,-5.840886065,1.02015338,-253,-897,1
-171.5,2279.5,1.557735088,15.5,0.022916969,1.16576386,0.783499838,-0.892373029,0.480603817,0.511869129,0.70519626,-0.47751317,2060,-5.730055718,0.193181243,-219.5,237.5,1635,1907,2083,-0.386362486,1.057687654,-188,-1121,1
-132.5,3343,1.660495864,133,0.02892423,1.200661295,0.839869781,-0.908410642,0.503305259,0.515303696,0.7101279,-0.48497784,3176.5,-5.872156179,0.27004593,-166.5,466.5,2516,2954.5,3178,-0.540091859,1.065152947,-65,-989.5,1
-182.5,1677,1.337336536,-9.5,0.052446923,1.216141541,0.85187078,-0.891052563,0.469313544,0.581159195,0.7375667,-0.58074612,1539,-7.976836735,0.158026823,-138,231,1237.5,1501,1627.5,-0.316053647,1.106161198,-80.5,-860,1
-101.5,1461.5,1.332955685,34.5,-9.78E-04,1.168013888,0.729526514,-0.942144713,0.463608217,0.443303221,0.6228622,-0.404080209,1344.5,-5.337701098,0.124574629,-117,166.5,1135,1338,1463.5,-0.249149258,0.934185571,-301.5,-980.5,1
-140.5,1625,1.371091954,42,0.028184739,1.17567831,0.773541188,-0.894464227,0.442149057,0.523713226,0.6986582,-0.515889265,1514.5,-7.082156161,-0.282981761,-110.5,265,1288,1531.5,1640,0.565963522,1.047818379,-91.5,-869.5,1
-138.5,1665.5,1.437523707,23.5,0.037892704,1.150918133,0.756631185,-0.888740831,0.440101496,0.505177719,0.6906171,-0.49716981,1524,-6.410429153,-0.13570912,-141.5,232,1233,1474,1593,0.27141824,1.035759494,-111.5,-993,1
-146,1553.5,1.310467533,15,0.020522261,1.220189377,0.808534569,-0.936655576,0.494058385,0.546085664,0.68978673,-0.515998527,1434.5,-5.84484054,0.149413897,-119,181,1160.5,1290,1426,-0.298827793,1.034516645,-226,-962,1
-129.5,1872,1.398805696,4,-5.62E-04,1.147388964,0.746938549,-0.923003926,0.483328366,0.472713043,0.6518238,-0.440614974,1702.5,-5.573718708,0.486073613,-169.5,196.5,1503,1835,1898.5,-0.972147226,0.977637504,-332,-1044,1
-131.5,1526,1.301904552,21,-0.015242227,1.217366769,0.769350497,-0.989285804,0.475130557,0.44693488,0.62565106,-0.389500184,1374.5,-6.118291117,0.483885904,-151.5,140,1148.5,1451,1397.5,-0.967771809,0.938380967,-566.5,-1126.5,1
-145.5,2396.5,1.388716825,88,0.031718798,1.215465327,0.813883145,-0.941931605,0.44328379,0.515645129,0.6846975,-0.492677402,2288,-6.379366217,-0.180498865,-108.5,420,1819,2162.5,2358.5,0.360997729,1.026967936,-133.5,-1070.5,1
-91.5,3083,1.63310679,155,0.039382504,1.183851684,0.801539749,-0.9181278,0.473427033,0.464651657,0.6897787,-0.452528013,2947,-5.522943082,0.020614873,-136,487,2366,2839.5,3046,-0.041229745,1.034620145,-71,-1033.5,1
-152.5,2185.5,1.376623392,50.5,0.054565232,1.181061383,0.774625517,-0.896933896,0.445574849,0.481784964,0.6713741,-0.483438812,2048.5,-5.611430262,-0.001759657,-137,296,1608.5,1873,2025.5,0.003519315,1.006957104,-279,-1167.5,1
-292.5,2622,1.569266546,-174,0.081267349,1.194799099,0.819103961,-0.916016645,0.565696616,0.5498824,0.744399,-0.535737159,2200.5,-7.164976318,-19.76414519,-421.5,-82,1535,2084,2246.5,39.52829039,1.116469499,-670.5,-1693.5,1
-330.5,2630,1.614686176,-258,0.083521913,1.155729003,0.79984642,-0.86888078,0.570041493,0.575763902,0.7446932,-0.563252231,2131,-6.967084311,10.79191683,-499,-183.5,1460.5,2003,2278.5,-21.58383366,1.116898697,-717.5,-1903,1
-154,2385,1.517851918,57,0.025360076,1.259373388,0.793401001,-1.007062448,0.510334182,0.48667844,0.6959498,-0.450603045,2202.5,-5.834135837,10.06304444,-182.5,243,1716.5,2066.5,2179.5,-20.12608888,1.043848336,-486,-1307.5,1
-312,2765.5,1.684931723,-212,0.065569167,1.205639735,0.825892948,-0.919099864,0.582376643,0.607068809,0.76347953,-0.575069476,2317.5,-7.802569079,0.210008679,-448,-81,1638.5,2241,2510.5,-0.420017357,1.145085403,-617.5,-1781,1
-143,2451.5,1.510435755,89.5,0.042535165,1.189020513,0.796446244,-0.937665266,0.441872206,0.442779302,0.6933289,-0.433753907,2271.5,-5.768390192,6.930467538,-180,350,1812,2163.5,2319,-13.86093508,1.039912676,-247.5,-1082.5,1
-187.5,3313,1.618835506,21.5,0.084787637,1.253933194,0.842637872,-0.978775633,0.514540392,0.531561065,0.7421672,-0.525933504,3102,-7.399723996,9.69707029,-211,347.5,2284,3014,3114.5,-19.39414058,1.113222304,-44.5,-1025,1
-131.5,1447.5,1.346341516,-14.5,0.019653323,1.235374692,0.81601745,-0.990806542,0.468960295,0.521714121,0.70589423,-0.489553687,1312.5,-6.142197588,0.487334023,-135,190,1085.5,1344,1432,-0.974668045,1.058672239,-287,-838,1
-235.5,2040,1.403333885,-101.5,0.041375774,1.124247223,0.718348714,-0.889508147,0.443977697,0.45442089,0.66078407,-0.42790601,1670.5,-5.309255319,-3.372969986,-369.5,22.5,1222.5,1550.5,1745.5,6.745939971,0.991039321,-836.5,-1839,1
-239.5,2307,1.216239763,-32.5,0.007812546,0.997851862,0.651930569,-0.765703994,0.409138284,0.422550267,0.5816903,-0.377954476,1992,-4.696519773,-3.0199897,-315,143.5,1541,1861,2043.5,6.039979401,0.872454839,-556.5,-1581.5,1
-140,2046.5,1.652272076,12,-0.004268574,1.267089386,0.79410457,-1.020306441,0.567586965,0.58198071,0.7431186,-0.527140379,1872.5,-6.577182745,-0.095393842,-174,204.5,1563.5,1884,2100,0.190787684,1.11453718,-321.5,-1207.5,1
-210.5,2167.5,1.548356337,-50,0.034639369,1.199100054,0.787948002,-0.924621319,0.502405335,0.542741057,0.7161481,-0.506574692,1901,-6.637243491,-0.010908343,-266.5,136,1431.5,1784.5,1951,0.021816686,1.074083581,-456.5,-1452,1
-224,1775,1.357777923,-73.5,0.027358167,1.109162951,0.697944753,-0.869651487,0.457049111,0.482829551,0.648736,-0.455180837,1492.5,-5.89023952,0.040838849,-282.5,54,1149.5,1419,1637.5,-0.081677697,0.972952151,-633.5,-1617,1
-213.5,1680.5,1.460684593,-73.5,-0.002021744,1.193667763,0.750411935,-0.909922928,0.502385651,0.625792306,0.7355446,-0.569537326,1463.5,-7.462514404,0.453382512,-217,148,1203.5,1451.5,1576,-0.906765023,1.10310469,-401.5,-1243,1
-124.5,2049,1.631990681,52.5,0.002307179,1.315743194,0.846805722,-1.019903236,0.554598057,0.643178615,0.78478706,-0.586549723,1948.5,-7.504533623,0.136556671,-100.5,299.5,1591.5,1901.5,2034,-0.273113341,1.177027314,-75,-806.5,1
-116,1881.5,1.470727674,62.5,0.033650156,1.27711786,0.810666797,-1.025059158,0.511373595,0.511364052,0.70460415,-0.472789576,1774,-7.537101187,-0.364323951,-107.5,238.5,1328,1647,1764,0.728647902,1.056820325,-244,-910,1
-112.5,2088.5,1.638746908,63,0.041579622,1.318268285,0.846186218,-1.033785179,0.530207103,0.574161364,0.77370894,-0.560552063,1989,-7.626550378,-0.171070359,-99.5,299.5,1623.5,1977.5,2104.5,0.342140718,1.160424869,-110.5,-875.5,1
-231,1929,1.477019743,-114.5,0.031928594,1.215771324,0.790665416,-0.957459131,0.52800611,0.547366379,0.72160256,-0.509293572,1621.5,-6.638043834,0.609960454,-307.5,15.5,1252,1594.5,1720,-1.219920907,1.082235759,-705.5,-1551.5,1
-250,196,0.264841125,-238,0.033869176,0.209135903,0.204463246,-0.104085983,0.122655616,0.153350283,0.20858435,-0.154981152,-108,-2.863096545,11.71485653,-304,-292.5,-196,-70.5,-189.5,-23.42971305,0.312766656,-617.5,-637,1
-292,131,0.215435203,-288.5,0.014817445,0.151314274,0.107025385,-0.048249832,0.125295742,0.183766028,0.20930424,-0.173728372,-238,-2.217039295,4.618841903,-369,-339,-238.5,-229.5,-253,-9.237683807,0.313832683,-613.5,-621.5,1
-324,-306.5,-0.212940091,-332,0.018681346,0.128731987,0.210100421,-0.02099647,0.143926364,0.205543971,0.196336,-0.190679567,-643,-2.096797951,-4.208033849,-336.5,-426,-573.5,-666.5,-670,8.416067697,0.294255412,-718,-621.5,1
-412.5,59,-0.064506473,-358,-0.032761894,0.036058872,-0.102966647,0.12713732,0.135268248,0.288070959,0.25219738,-0.24761315,-345,-3.373076939,-0.525638066,-404,-335,-235,-271,-364,1.051276132,0.378073481,-504,-511,1
-269.5,-213,-0.002191252,-268.5,-0.045421658,0.051594221,0.02334234,0.021065479,0.143933954,0.215578644,0.22320962,-0.167036435,-522.5,-1.098762389,0.171113068,-309.5,-325.5,-339,-492,-451,-0.342226137,0.33451474,-654.5,-533.5,1
-309.5,373,0.37794403,-327.5,0.033109431,0.16059847,0.06085461,-0.038462949,0.110798615,0.177679746,0.22801986,-0.187294332,-76.5,-1.849844788,-0.030294311,-449.5,-364.5,-176,-148,-180,0.060588622,0.341940261,-554.5,-663,1
-267,640,0.790755589,-271.5,0.026375998,0.275632015,0.26753347,-0.158131089,0.174548309,0.187155857,0.306431,-0.179602792,142.5,-2.421623385,5.465890537,-497.5,-356.5,16.5,134,49,-10.93178107,0.459543514,-725.5,-707,1
-293.5,564.5,0.711274417,-308,0.036849804,0.263615998,0.180376872,-0.141781408,0.196011335,0.174678786,0.29486212,-0.183068512,20.5,-2.236666844,0.211626972,-544,-491.5,-113,-18,-65.5,-0.423253945,0.442188626,-842,-835.5,1
-229,697,0.937249429,-223.5,0.017455222,0.313873831,0.279633017,-0.197250702,0.230270378,0.208298571,0.33306313,-0.183689209,244.5,-2.97802871,-0.052686661,-452.5,-339,129,291,186.5,0.105373322,0.499478375,-666.5,-662,1
-183,384.5,0.653097624,-182.5,-0.008588119,0.263418959,0.046531033,-0.165891945,0.194548502,0.220309069,0.29249364,-0.198798099,84.5,-1.496485136,-0.068010627,-300,-212.5,92.5,65.5,132.5,0.136021255,0.438581055,-508.5,-613.5,1
-221.5,100,0.212950441,-212,0.023304883,0.103929078,-0.075486093,0.008196846,0.091805342,0.128282171,0.17048974,-0.132833571,-204.5,-2.270812016,-0.046636378,-304.5,-298.5,-221,-170.5,-358.5,0.093272756,0.255618254,-567.5,-547.5,1
-257,171,0.227880302,-267,0.033762133,0.088321852,-0.005747505,1.15E-04,0.083154637,0.115816838,0.16356277,-0.133968605,-206.5,-1.451900987,1.099618868,-377.5,-370,-277,-266.5,-272,-2.199237736,0.245262968,-411,-485.5,1
-283,410.5,0.410714928,-255,0.043744713,0.139291668,-0.07751781,-0.022189792,0.107323822,0.130969836,0.21439496,-0.158844485,20,-2.130115745,0.387301308,-390.5,-315,-117,-36,-144.5,-0.774602616,0.321513306,-485,-562,1
-382.5,-206.5,0.430104415,-417.5,-0.053072932,0.079505233,-0.001767786,0.006822109,0.154693841,0.237475521,0.2881925,-0.183499319,-768,-3.501499017,0.02314122,-561.5,-544,-536.5,-524.5,-744.5,-0.04628244,0.431962956,-1043.5,-859,1
-238.5,702,0.710386376,-223.5,0.017597474,0.280530576,0.19854726,-0.163841275,0.201747816,0.189680881,0.2977113,-0.179461298,267.5,-2.024269486,-0.038284387,-434.5,-324,158.5,230.5,207.5,0.076568774,0.446473543,-606.5,-706,1
-247.5,35,0.167593254,-222.5,-0.015238417,0.115062676,-0.046380755,-0.019925435,0.117242896,0.208778975,0.23479831,-0.185182514,-259.5,-1.595354571,0.213999797,-294.5,-251,-204,-278.5,-228.5,-0.427999593,0.35192946,-550.5,-529.5,1
-244,-91,0.076586694,-234.5,0.052004689,0.117433767,-0.093715725,0.090861817,0.129683867,0.233360369,0.30886444,-0.242186299,-379,-3.944925182,-0.088655057,-288,-325,-377,-388.5,-523,0.177310113,0.462653384,-731,-662.5,1
-255,-251.5,-0.263277535,-249,0.037641457,0.100033728,0.102591325,0.011619615,0.049612403,0.165776674,0.18354617,-0.164706531,-506.5,-2.093453919,0.081653009,-255,-284,-490,-558,-577.5,-0.163306019,0.275043187,-662.5,-537.5,1
-333.5,-439,-0.460445142,-354,-0.063162725,-0.067355322,-0.176880369,0.212841182,0.086743039,0.281523461,0.22702923,-0.229241006,-795.5,-1.790110065,-0.142143279,-356.5,-444.5,-631.5,-763,-854.5,0.284286558,0.339800525,-917,-789.5,1
-439.5,149.5,0.073443114,-398,-0.024036185,0.130310454,0.105286147,0.002566464,0.180962349,0.298358375,0.3285785,-0.264901758,-319.5,-2.746604921,0.403576692,-469,-388.5,-220,-300,-233.5,-0.807153383,0.4926337,-660,-567,1
-285,45.5,0.167992323,-284,-0.003709986,0.08770021,-0.121794364,0.073954827,0.161637418,0.262698617,0.258709,-0.23765143,-291.5,-3.823457559,-0.033507218,-337,-333,-239.5,-197.5,-393.5,0.067014437,0.387784801,-681.5,-538,1
-302.5,308,0.135853726,-300,0.051039142,0.207691203,0.210287023,-0.041132634,0.134305513,0.263130603,0.28625193,-0.260710735,-13.5,-3.493007664,-0.033739593,-321.5,-248.5,-138,-72,-132.5,0.067479186,0.429211841,-501.5,-442.5,1
-284.5,237,0.176823816,-253,0.021631996,0.172809881,0.079668339,0.003789458,0.113611254,0.241755284,0.25926554,-0.231456964,-71.5,-3.141515984,-0.613704054,-308.5,-222.5,-106.5,-64.5,-214.5,1.227408108,0.388728895,-467.5,-461,1
-233.5,105,0.237648139,-228,0.0286905,0.133380058,-0.088407441,0.029058563,0.132617131,0.255668074,0.28196916,-0.251132929,-174.5,-3.88867802,0.005219955,-279.5,-244.5,-186,-125,-240,-0.01043991,0.422636871,-494.5,-534.5,1
-204.5,64,0.107897796,-209.5,0.023815306,0.09452822,-0.115299502,0.020896038,0.102504778,0.213930198,0.20177372,-0.212127285,-165.5,-2.760246797,-0.013776819,-229.5,-226,-173.5,-150.5,-177.5,0.027553638,0.302438651,-425.5,-446.5,1
-276.5,-191,-0.174292556,-285.5,-0.006749652,-0.043602317,-0.251240927,0.241989121,0.090528164,0.311864062,0.25481132,-0.282784484,-506.5,-3.350473993,-0.157035642,-315.5,-339.5,-428.5,-480,-566.5,0.314071283,0.381392864,-742,-663,1
-336.5,-383,-0.410669383,-344.5,-0.017920431,-0.05150479,-0.156282742,0.15632493,0.068895819,0.238907005,0.19052137,-0.206382135,-725,-4.338906214,-0.031775017,-342,-403,-585,-574,-719.5,0.063550033,0.285356363,-888.5,-674.5,1
-270.5,-99,-0.047666288,-268.5,0.00952812,0.162973787,0.185877164,-0.040658091,0.140592783,0.207363933,0.21914715,-0.186508782,-389,-2.801718814,-0.202787065,-290,-328,-338.5,-342,-440,0.40557413,0.328494344,-690,-570.5,1
-281.5,268,0.218585802,-251.5,0.043901868,0.156527691,0.023902263,-0.002905612,0.131767398,0.215848355,0.25049797,-0.226471376,-36.5,-2.611247403,-1.50092864,-304.5,-258.5,-120,-115,-113.5,3.00185728,0.375594282,-423.5,-429,1
-235,124,0.058939356,-193.5,0.036670716,0.064192162,-0.159855886,0.049794368,0.063542321,0.169037219,0.18842931,-0.181758592,-108.5,-3.464921315,-0.190270377,-232.5,-181.5,-151,-79,-122,0.380540754,0.282487968,-330,-331.5,1
-198.5,181,0.183315276,-175.5,0.024534518,0.078232675,-0.156477945,0.020598722,0.093359666,0.155616523,0.17692687,-0.167303904,-41,-1.834645251,0.296306294,-222,-189.5,-81.5,-76,-52.5,-0.592612587,0.265274012,-217.5,-294.5,1
-316.5,-25,0.299178159,-370,-0.02366477,0.002843552,-0.201511835,0.085777398,0.144447555,0.194319065,0.21037778,-0.164393963,-558.5,-1.249649119,0.03205585,-533.5,-536,-441.5,-515,-560,-0.0641117,0.315344469,-818.5,-804,1
-247.5,175,0.332615718,-236.5,0.039677564,0.082132291,-0.139048227,0.047231901,0.091370091,0.157209141,0.23054321,-0.179998517,-167,-2.237596424,0.001710337,-342,-289.5,-213,-194,-251.5,-0.003420675,0.345637284,-397.5,-458,1
-196,151.5,0.217043746,-175.5,0.035338124,0.06934396,-0.162311362,0.022919244,0.070686701,0.115090521,0.16732462,-0.13797399,-94.5,-2.277872765,0.101784197,-246,-209,-144.5,-86.5,-132,-0.203568395,0.250870497,-296.5,-355.5,1
-189.5,160,0.191902372,-165,0.020912633,0.08477945,-0.150578375,0.021406398,0.086319678,0.145737367,0.1723808,-0.154207585,-59.5,-1.521684774,-0.127882117,-219.5,-177.5,-86,-111,-107.5,0.255764235,0.258448678,-292.5,-332.5,1
-193.5,157,0.287740043,-191.5,0.042170785,0.107649097,-0.14897462,0.014256768,0.094284626,0.148347976,0.20385703,-0.172166823,-111,-2.098823013,-0.057194288,-268,-238,-161.5,-140,-193,0.114388575,0.305623463,-434.5,-465.5,1
-228,69.5,0.274407872,-242,0.013383434,0.095377994,-0.142518016,0.024082966,0.127042281,0.169076984,0.20143177,-0.168070538,-268,-1.936134167,0.03193893,-337.5,-335.5,-249,-255.5,-348.5,-0.063877861,0.301946612,-602,-642.5,1
-211.5,106,0.432516397,-233.5,0.017482257,0.126473377,-0.064764539,-0.010115728,0.130271392,0.201620091,0.25389314,-0.199617905,-223,-2.259049625,-0.054911335,-329,-299,-218.5,-203,-260,0.10982267,0.380586539,-525.5,-551,1
-179.5,60,0.145681944,-159,0.015079284,0.067087721,-0.140099388,0.009028173,0.061302397,0.11400818,0.14775476,-0.117441334,-167.5,-1.419314875,-0.169291903,-227.5,-199.5,-167,-186,-174.5,0.338583807,0.221493627,-368,-406,1
-182,45.5,0.204055645,-166,-0.002230829,0.059900177,-0.173988356,0.009937539,0.10186743,0.144546439,0.1778063,-0.130836916,-195.5,-2.163126016,-0.073241975,-241,-216,-159.5,-145.5,-172.5,0.146483949,0.266515447,-438,-440,1
-161,78.5,0.167746559,-160.5,0.046122476,0.127063747,-0.206284496,-0.00681321,0.081643362,0.132683266,0.1588276,-0.159834513,-123.5,-2.056683016,0.009360621,-202,-218.5,-173,-139.5,-227,-0.018721242,0.238081377,-585.5,-564.5,1
-175.5,51,0.1506638,-180,0.030199396,0.098268024,-0.096542467,0.018210955,0.102880265,0.160042921,0.17033848,-0.168537031,-163.5,-1.838310364,0.249060681,-214.5,-231.5,-186,-185,-240.5,-0.498121362,0.255327489,-418,-434.5,1
-239.5,64.5,0.33496018,-252,0.032082657,0.083655931,-0.062748169,0.030212035,0.138553259,0.153839544,0.22007217,-0.160422527,-302,-2.313919487,-0.034846147,-366.5,-398.5,-313.5,-281.5,-402.5,0.069692295,0.329926732,-636,-557.5,1
-237.5,246.5,0.403204647,-232,0.014320892,0.183902517,0.030860774,-0.046094653,0.155293287,0.227827482,0.2717873,-0.215196842,-74.5,-2.762157729,-0.077503473,-321,-255,-88,-49,-125.5,0.155006946,0.407495047,-427,-519.5,1
-230,-31.5,0.157077215,-231,0.017183442,0.244954149,0.178815385,-0.130631997,0.186313873,0.204715954,0.23784015,-0.189132551,-302,-2.82954201,0.013535948,-270.5,-336.5,-286.5,-278.5,-346.5,-0.027071896,0.356512981,-763.5,-645,1
-319,285,0.552976343,-320,0.010535302,0.204637845,0.093303871,-0.094456489,0.174819306,0.198044175,0.26935834,-0.186539452,-170.5,-2.656963525,0.308161775,-455.5,-425,-172.5,-99,-183,-0.61632355,0.403900531,-746,-752.5,1
-317,724.5,0.977588285,-309,0.010155738,0.259352442,0.128578801,-0.148756145,0.207057198,0.205710637,0.3607997,-0.193167963,92.5,-2.913902525,0.931047699,-632,-451.5,40.5,215,115,-1.862095398,0.541074944,-884.5,-865,1
-232.5,411.5,0.342932665,-187.5,0.005380679,0.187915433,0.094344566,-0.089002014,0.129309967,0.171738195,0.2246068,-0.157854751,112.5,-2.324772722,-0.134736865,-299,-183.5,77,147.5,112.5,0.26947373,0.33682144,-398.5,-456.5,1
-273.5,-155.5,-0.08484813,-271.5,0.001656482,0.099282081,-0.053955831,0.072224186,0.103723713,0.264008645,0.2518274,-0.246901291,-465.5,-3.108228609,-0.139522936,-310,-341,-413,-442.5,-528.5,0.279045873,0.377174875,-696.5,-695,1
-180.5,68,0.092796052,-188,-0.018421446,0.086963082,-0.134464185,0.006916467,0.133331628,0.207665027,0.16155738,-0.180826011,-131,-1.432063483,0.161684883,-199,-203.5,-83.5,-119,-140.5,-0.323369767,0.24218077,-376,-413.5,1
-265.5,-41.5,-0.00421062,-244,0.020720822,0.078389677,-0.125922691,0.087581323,0.11164934,0.202697459,0.21192248,-0.201449218,-338,-2.673270895,-0.006882113,-296.5,-306,-313.5,-349,-408.5,0.013764225,0.317546617,-636,-580.5,1
-193,135,0.235353344,-195.5,0.06127733,0.136699058,-0.053984836,-0.01351674,0.097436948,0.160411514,0.20777759,-0.189554063,-103.5,-2.520635399,-0.036690915,-238.5,-233,-192,-148.5,-172,0.073381829,0.311493816,-410,-474.5,1
-189.5,311,0.424158639,-183,0.023243506,0.256681588,0.037336907,-0.106068468,0.192289617,0.246309853,0.27517262,-0.23576265,74.5,-2.678194208,-0.130171823,-236.5,-195.5,20,49,0,0.260343646,0.412583584,-490.5,-525.5,1
-238.5,75,0.434298175,-247.5,0.002458278,0.1112087,-0.077458224,-0.011953954,0.139337531,0.186459314,0.25102842,-0.173105864,-290,-1.479869571,0.259945191,-365,-327.5,-251,-302,-309.5,-0.519890382,0.376310382,-654,-618.5,1
-229.5,175.5,0.366780531,-233.5,0.026969385,0.185287804,-0.013124844,-0.067721193,0.151257107,0.197389723,0.24296513,-0.193158503,-139,-2.248648845,-0.202775964,-314.5,-292.5,-166.5,-164,-183.5,0.405551929,0.364274129,-679.5,-621.5,1
-311,339.5,0.340951016,-295,-0.004224043,0.20203191,0.106140674,-0.078583406,0.169442967,0.218906098,0.24059276,-0.198984398,-36,-2.514483526,0.036776072,-375.5,-309.5,-18.5,21,-79.5,-0.073552144,0.360778606,-618.5,-610,1
-243.5,346.5,0.33151343,-218,0.080341968,0.213421425,0.131670233,-0.103577094,0.113400774,0.120960178,0.21609063,-0.160103672,19,-3.141011628,-0.14226333,-327.5,-320.5,-211,-25.5,-44,0.28452666,0.324044224,-566,-606.5,1
-265.5,381.5,0.548022901,-262,0.042548134,0.247758907,0.139699045,-0.097629932,0.168873261,0.191915722,0.27415445,-0.197881456,-2.5,-1.868329625,-0.074864455,-384,-346.5,-118.5,-130.5,-180.5,0.149728909,0.411101975,-696.5,-718.5,1
-195,174.5,0.337275604,-189.5,0.057658956,0.230369408,0.016380367,-0.106339012,0.134631363,0.167432262,0.23319973,-0.18412861,-86.5,-2.211918872,0.173112227,-261,-265,-177.5,-155,-157.5,-0.346224454,0.349625087,-642.5,-629.5,1
-262,237,0.294844982,-270.5,0.039830077,0.255957568,0.145066383,-0.11030781,0.165238405,0.210635104,0.23699792,-0.211333227,-86.5,-1.951987871,-0.163007654,-323.5,-330,-166,-189,-204,0.326015307,0.355359705,-695,-715,1
-306.5,230.5,0.160907786,-262,0.041359815,0.235053379,0.134706192,-0.103068284,0.122883163,0.173895051,0.2263739,-0.183612137,-106,-2.724066237,0.542043872,-336.5,-302.5,-196,-162,-195,-1.084087745,0.339435818,-640.5,-688,1
-275,333.5,0.33417317,-260.5,0.014444139,0.221433434,0.058009398,-0.087376196,0.184444444,0.223256588,0.2501706,-0.212992966,-7.5,-2.625347222,0.07666639,-341,-318,-42,1.5,-67.5,-0.153332779,0.37512983,-577.5,-636,1
-232.5,78.5,0.258287288,-229.5,0.020417167,0.117982647,-0.142589263,-0.005721464,0.124617727,0.159119191,0.19943726,-0.162764797,-237.5,-1.190935401,0.068989503,-316,-317,-232.5,-280,-301,-0.137979006,0.298969001,-688.5,-655.5,1
-298,481.5,0.630053226,-286,0.020973966,0.205026261,-0.079561093,-0.071034675,0.175447523,0.212280402,0.3017145,-0.213810042,20,-2.189001946,0.336860445,-461.5,-358,-37,-10.5,-84.5,-0.67372089,0.452438635,-742.5,-805,1
-285.5,516.5,0.773947883,-254,0.022656691,0.235520176,-0.045083271,-0.080314138,0.199253398,0.222636387,0.34616962,-0.217110318,54.5,-2.43658315,0.073740054,-462,-327.5,-8.5,12.5,-95,-0.147480108,0.519090127,-774,-803.5,1
-160.5,200.5,0.217120394,-137,0.04263054,0.164021233,-0.124551036,-0.033406814,0.121249253,0.186930566,0.22478297,-0.201581766,30.5,-2.633796355,0.113750859,-170,-138,-35.5,-1.5,-29,-0.227501717,0.33699574,-341,-376,1
-150.5,-56,-0.057598784,-136,-0.051732183,-0.017769421,-0.258552282,0.081725747,0.094090483,0.126710793,0.08862009,-0.082268667,-221,0.064562107,-0.030775612,-165,-179.5,-133.5,-234,-263.5,0.061551225,0.132765328,-318,-304.5,1
-180.5,237,0.487695905,-160,0.032152561,0.168946842,0.01655531,-0.058956461,0.136555389,0.171593108,0.2604668,-0.174560971,-12,-2.46624415,-0.176987692,-249,-191.5,-68.5,-30,-38.5,0.353975384,0.390514191,-359.5,-411.5,1
-151.5,91,0.193109771,-151.5,0.038487589,0.113834139,-0.110569852,-0.002217292,0.102552147,0.158368309,0.18556635,-0.16948042,-90.5,-2.381840491,-0.171915801,-181.5,-176,-128,-99.5,-149,0.343831603,0.278161103,-366,-389.5,1
-150,136.5,0.195859594,-129.5,0.020920544,0.125462808,-0.10124272,-0.01408131,0.109881356,0.160467696,0.19450957,-0.160589749,-34,-1.92541858,0.051820382,-170.5,-139,-59,-57,-86.5,-0.103640764,0.291591252,-295.5,-354,1
-263,34,-0.016892818,-211.5,-0.001745439,0.015818136,-0.195565954,0.091346766,0.058292002,0.155817031,0.11688646,-0.148295394,-216.5,-2.002992701,-0.007731753,-250.5,-228,-195,-225.5,-244,0.015463506,0.175221738,-338.5,-369,1
-255,82,0.040233889,-202.5,-0.002334843,0.023792614,-0.11934868,0.05274391,0.071585337,0.120528143,0.09436797,-0.114946408,-169,-1.172966661,-0.009037854,-251,-250.5,-151.5,-212,-154.5,0.018075708,0.141493623,-244,-290.5,1
-287,-94.5,-0.291568339,-235.5,0.019164671,0.060592398,-0.193940424,0.150621039,0.103335592,0.212148547,0.19658293,-0.211074512,-370.5,-3.159676517,-0.165800321,-276,-311.5,-344,-395,-482,0.331600642,0.294433793,-713,-670.5,1
-221,104.5,-0.031232888,-151.5,0.029581116,0.070673273,-0.15206132,0.066830397,0.055502194,0.13120044,0.12908758,-0.147435056,-65.5,-2.53340558,-0.004954472,-170,-150.5,-109,-87,-172,0.009908943,0.193533418,-284.5,-299.5,1
-198.5,159,0.042148017,-154,0.025167838,0.085208782,-0.129972234,0.041840051,0.054053839,0.138529366,0.11626807,-0.150174796,8,-0.637916352,0.068160392,-151,-115,-43,-155.5,-102.5,-0.136320783,0.174341142,-303,-260.5,1
-286,-80,-0.047369524,-252.5,-0.018388609,-0.001958206,-0.259881708,0.14136907,0.045478036,0.197846381,0.15429527,-0.177140825,-405,-3.087559985,-0.068858958,-325,-318.5,-349,-339,-470.5,0.137717916,0.231175716,-703.5,-610.5,1
-249,-33.5,0.135859891,-264,0.005811808,0.020203691,-0.145644856,0.099485092,0.111381304,0.216645462,0.19892822,-0.208637065,-356.5,-2.374719279,-0.239383227,-323,-348,-326,-335,-376,0.478766454,0.298103168,-543.5,-496,1
-231,-3,0.015935181,-209,0.009249424,0.011845559,-0.197745465,0.085415481,0.047909525,0.110543055,0.07876709,-0.113083013,-271,-1.06256992,0.061429878,-268,-275.5,-256.5,-321,-316.5,-0.122859756,0.118067014,-480.5,-423,1
-206.5,38.5,0.073375789,-190.5,-0.006322037,0.029449401,-0.223079238,0.059547382,0.043718987,0.131609335,0.11042758,-0.122036088,-210.5,-1.20512818,0.010094638,-249,-212.5,-183,-220.5,-260.5,-0.020189276,0.165541715,-405.5,-431,1
-255,35,0.137251219,-238.5,0.002579558,0.011696157,-0.242608453,0.097690279,0.069711327,0.178509883,0.18010451,-0.171855343,-289,-2.151077028,0.150483198,-324,-290,-265,-276.5,-320,-0.300966396,0.269964947,-458,-495.5,1
-233.5,-47.5,-0.156074272,-211,-0.015320212,-0.040210895,-0.315051531,0.176276835,0.050784736,0.214636697,0.13090326,-0.190620298,-269,-1.165170737,-0.031862206,-221.5,-205.5,-217,-320,-307.5,0.063724412,0.196133789,-430,-346,1
-196,217.5,0.03418129,-112.5,-0.002540445,0.061036976,-0.142584978,0.040321471,0.057243022,0.147156447,0.121880524,-0.136407991,103,-0.925861291,-0.011658687,-114.5,-19.5,95,-16,80,0.023317373,0.182769591,-26,-63,1
-286.5,-123,0.033665862,-283.5,-0.061787695,-0.06425082,-0.267954997,0.146668729,0.105030404,0.224797697,0.1740784,-0.169133843,-482,-1.497899392,0.12633909,-359,-346,-336.5,-422,-450,-0.25267818,0.260828824,-627.5,-521,1
-255,-185.5,-0.109775185,-238,-0.018718847,0.079906395,-0.13547384,0.004272953,0.098994534,0.205458023,0.22372645,-0.181393684,-471,-3.140506557,-0.161217572,-285.5,-324.5,-396.5,-401,-455,0.322435144,0.335093727,-819,-757.5,1
-230.5,123.5,0.312502837,-204,0.001087312,0.116498417,-0.096438428,-0.008988103,0.086002733,0.165726372,0.22880697,-0.154214987,-202.5,-2.369351158,-0.236764326,-326,-235.5,-176,-153.5,-235.5,0.473528653,0.34302046,-583,-582.5,1
-208.5,100,0.138919835,-197,0.008937043,0.056039964,-0.124079983,0.042388158,0.083101071,0.163487852,0.1565702,-0.159806454,-152,-1.897406986,0.521573374,-252,-220.5,-147.5,-150.5,-167.5,-1.043146748,0.234730533,-352,-335,1
-241,77.5,-0.060867781,-191,-0.010127754,0.001435753,-0.241859563,0.12960247,0.03858223,0.201252757,0.1405366,-0.182756576,-121.5,-2.667109954,0.155163331,-199,-116,-91.5,-93,-158.5,-0.310326663,0.210679536,-176.5,-195.5,1
-244,-158.5,-0.436803014,-232,0.029624629,0.051460711,-0.12480324,0.117053279,0.11041043,0.236929401,0.2096364,-0.234711655,-392,-2.114832199,-0.236340947,-233.5,-289.5,-378,-434,-460.5,0.472681894,0.313968047,-634,-583,1
-165.5,69.5,0.131734684,-159.5,0.061576341,0.098586434,-0.179547154,0.046140797,0.101838652,0.153720603,0.19469376,-0.186521543,-113.5,-2.07972134,0.261469873,-183,-199.5,-175,-162,-220.5,-0.522939746,0.291804742,-389,-437,1
-156,72,0.018802685,-132.5,0.035640199,0.105973131,-0.164389561,0.024333124,0.093339971,0.155064076,0.18128145,-0.164949037,-84.5,-1.994969418,0.056035298,-156.5,-147,-112,-127.5,-160.5,-0.112070597,0.271706341,-356,-379,1
-228,142.5,-0.218322487,-188,0.009080164,0.158016563,-0.02565399,0.015851516,0.156600004,0.2655367,0.24146205,-0.246236894,-52,-2.204044514,0.031326519,-194.5,-170,-57.5,-122.5,-126,-0.062653038,0.361957908,-373,-388.5,1
-232,-68.5,-0.317489296,-210.5,0.003501584,0.075080045,-0.104735964,0.086185229,0.11036016,0.250994749,0.19848189,-0.226385426,-285,-3.032140658,-0.718170784,-216.5,-220.5,-237,-266.5,-339,1.436341569,0.297350512,-498.5,-473,1
-187.5,229,0.243257863,-165.5,0.047187069,0.124662316,-0.061562689,0.003458677,0.093697052,0.147312286,0.19853221,-0.163291404,6,-2.408850678,1.74E-04,-223,-182.5,-89,-29.5,-105,-3.48E-04,0.297681421,-336,-353,1
-201,436.5,0.248224593,-143,0.006292764,0.166691523,0.050554831,-0.063708667,0.095645777,0.181584663,0.21481998,-0.17138781,231,-1.851615033,0.081951241,-205.5,-44,180,174.5,248.5,-0.163902483,0.32215077,-169,-251.5,1
-163,29,0.076637681,-151,-0.006895114,0.022956914,-0.243899185,0.051843529,0.07246449,0.129444826,0.11879964,-0.117693974,-156,-1.25764173,0.092188445,-185,-168,-129,-152.5,-169,-0.184376891,0.178056259,-297.5,-342.5,1
-170.5,101.5,0.194054923,-141,-0.006457509,0.151248212,-0.031693313,-0.062950419,0.156930021,0.175660123,0.22103986,-0.154589661,-98,-2.198991014,0.055130496,-199.5,-188.5,-71.5,-66,-87,-0.110260992,0.331343037,-459,-425,1
-156.5,187,0.289917006,-143.5,0.030981461,0.117745757,-0.064451224,-1.51E-04,0.101088192,0.155181907,0.20397824,-0.163259072,-12.5,-1.707822256,-0.129489075,-199.5,-156.5,-63.5,-61,-92.5,0.258978151,0.305819485,-260.5,-312.5,1
-182,157,0.261538683,-169,0.010749598,0.090420336,-0.077335953,-0.002792448,0.115891726,0.15053876,0.18745741,-0.145911989,-83,-2.026986828,0.01970171,-240,-216,-91.5,-53,-96,-0.03940342,0.281055832,-349,-356.5,1
-176,59.5,0.201107458,-176.5,0.010358174,0.077676693,-0.140089645,0.012990635,0.100866106,0.164782019,0.17951414,-0.159560928,-170,-2.055727951,0.09777773,-229.5,-213.5,-158.5,-150.5,-181.5,-0.19555546,0.269077454,-399,-424.5,1
-275,281,0.394666064,-271.5,0.044052604,0.130354094,0.009801281,0.016278195,0.161668417,0.207556732,0.2743038,-0.218284069,-83.5,-3.398105658,-0.124749641,-364.5,-346,-174.5,-53,-185,0.249499282,0.411293336,-509,-439,1
-350,-61,0.574302575,-368.5,0.00263282,0.146792703,-0.049147663,-0.001522586,0.170077329,0.233252719,0.354646,-0.216026505,-598,-3.010541006,-0.057397794,-537,-540.5,-511,-540,-686,0.114795588,0.531502844,-1168,-1019.5,1
-189,229,0.082862949,-146.5,0.005151393,0.071200936,-0.157637329,0.046396671,0.067538799,0.173699171,0.15875225,-0.166919417,72,-2.068254615,-0.024683701,-157,-60,52.5,63.5,5.5,0.049367402,0.238047065,-123,-135,1
-185.5,350.5,0.272181973,-136,0.020288769,0.097332062,-0.11979543,0.006151691,0.09718819,0.156508059,0.20297912,-0.16201494,144.5,-1.604068575,-0.007107048,-206,-98.5,80.5,69,118,0.014214096,0.304380869,-164.5,-150,1
-255.5,303.5,0.353872059,-224.5,0.030411892,0.139633085,-0.114821806,-0.015221282,0.138313967,0.182868169,0.24507841,-0.197239555,-22.5,-1.822137514,-0.171284881,-326,-281,-85,-99.5,-84,0.342569761,0.367480813,-439.5,-499.5,1
-328,308.5,0.356570258,-329,0.036212064,0.209262582,0.225151159,-0.084618047,0.128361758,0.200803873,0.2532617,-0.195282507,-128.5,-2.455059452,-22.74857118,-437,-367,-229,-189,-230,45.49714236,0.37978024,-694,-676.5,1
-347.5,825,0.781508938,-343.5,0.034277443,0.290209733,0.192087222,-0.130085885,0.205352504,0.218152204,0.35103032,-0.223418923,198.5,-1.715028762,-0.867473859,-626.5,-459.5,41,12,-6.5,1.734947718,0.526437556,-783,-878,1
-288,151,0.207443387,-270,0.044732899,0.175947006,0.073594941,-0.046885036,0.148366086,0.183753419,0.23947705,-0.193083739,-183,-3.197438302,7.220868337,-334,-344,-257.5,-192,-268,-14.44173667,0.359052721,-644.5,-592.5,1
-243,744,0.825172061,-218,0.027482047,0.273039335,0.173874425,-0.158068116,0.177308474,0.179356861,0.32669553,-0.17902835,253,-1.987338147,0.128607534,-491,-291.5,116,171.5,227,-0.257215068,0.489937553,-531.5,-681,1
-184,265,0.178419833,-151.5,0.0542095,0.106741991,-0.053684555,0.008755638,0.077805807,0.130353909,0.16890039,-0.161802232,78,-2.025389756,-0.065801655,-187,-148.5,-47,-5.5,9.5,0.13160331,0.253271131,-212.5,-217,1
-446,-89,-0.171360921,-441,-0.008310175,0.05638759,0.044333754,0.098590985,0.16816168,0.315225677,0.28394353,-0.279251176,-539.5,-3.298262982,0.033459884,-450.5,-457.5,-432,-517,-542.5,-0.066919768,0.425635048,-773.5,-566.5,1
-273,-160.5,-0.065832921,-295.5,-0.036736319,0.016408778,-0.171652858,0.139749817,0.171702541,0.353567098,0.25468904,-0.310198907,-482.5,-2.98633756,-0.239217015,-322,-357.5,-391.5,-437,-478.5,0.47843403,0.381346701,-736,-679.5,1
-338.5,247.5,0.372747407,-359.5,0.02499698,0.161992629,0.028949479,-0.03165406,0.106167899,0.214499769,0.24610955,-0.211507257,-220,-2.207578638,1.568226805,-467.5,-355,-249.5,-264,-302.5,-3.13645361,0.369035641,-704.5,-754.5,1
-259.5,262,0.149734792,-203.5,0.002257705,0.081549361,-0.059988525,0.001422822,0.100348171,0.130028671,0.15141654,-0.123440627,-15,-1.267277955,2.466780547,-277,-218,-19.5,-66.5,-51,-4.933561093,0.227064919,-267,-330,1
-182,312.5,0.53411443,-175,0.009739955,0.21867827,-0.01330478,-0.075626511,0.180089615,0.215619048,0.28505296,-0.200908555,31,-2.640700064,-0.128640625,-281.5,-212,7.5,64.5,-81,0.25728125,0.427398239,-485.5,-538,1
-220,440,0.641815784,-178.5,-0.017413112,0.263935231,0.06111145,-0.146237468,0.176776908,0.214549029,0.308,-0.179336094,87.5,-1.985478205,0.09418268,-352.5,-190,109,99,58.5,-0.18836536,0.461846041,-568.5,-665.5,1
-221,556,0.69274549,-213.5,0.014909773,0.303625146,0.055459614,-0.170726822,0.208585715,0.229881832,0.32010257,-0.220856022,187.5,-2.162810976,-0.2089182,-368.5,-268.5,121,162.5,141.5,0.417836401,0.480017705,-675,-758.5,1
-203,224.5,0.339815968,-186,0.049568884,0.194084858,-0.005532536,-0.055890381,0.113732213,0.165243137,0.23286423,-0.178302525,-37.5,-2.487734874,-0.061446396,-262,-209,-119.5,-90.5,-151,0.122892792,0.3491424,-499.5,-555.5,1
-179,127,0.084671803,-153.5,0.031188124,0.146372708,-0.112169444,-0.011738836,0.133798828,0.202342463,0.21908274,-0.204820193,-53,-2.734707071,0.01476378,-180,-165,-84.5,-76,-96.5,-0.02952756,0.328399769,-376,-393.5,1
-178,102,0.148741687,-146,-8.63E-04,0.14474869,-0.128959236,-0.012463817,0.138577156,0.204239639,0.22778416,-0.181369741,-95,-2.86779136,-0.177814203,-197,-168,-75,-71.5,-157,0.355628407,0.341420399,-433.5,-433,1
-163.5,135.5,0.262927519,-148.5,0.024085032,0.122713417,-0.153514173,-0.025338691,0.127774059,0.182938288,0.22675198,-0.186073014,-63.5,-2.756594381,0.055235188,-199,-171,-87,-50.5,-57.5,-0.110470377,0.339901834,-351,-388,1
-255.5,283,0.368271483,-251.5,0.038079008,0.227458946,0.057894804,-0.108404602,0.135368087,0.186813953,0.24704477,-0.196312697,-69.5,-2.642306726,-0.098468953,-352.5,-304.5,-150,-83,-106.5,0.196937905,0.370431481,-608.5,-724,1
-185,1098,-0.363344884,-157,0.070499769,0.115832359,0.326236413,-0.047165,0.136397356,0.108152472,0.08905695,-0.116413416,977,-2.796031438,-0.012594349,-121,-231.5,326,743,551.5,0.025188698,0.133601941,-1.5,-110.5,2
-142.5,748.5,-0.037670974,-176,0.029582399,0.077717848,0.293076635,-0.033843807,0.124157309,0.120136994,0.09452121,-0.120742529,615,-1.624969539,-0.368091394,-133.5,-201.5,343.5,564,540.5,0.736182788,0.1417842,0.5,-64.5,2
-238,-38,-0.381808336,-290.5,0.040520809,0.097809754,0.327575851,-0.043641365,0.136100846,0.13795062,0.10493339,-0.137969233,-231.5,-1.856629524,0.061064516,-193.5,-405,-371,-333.5,-367,-0.122129031,0.157344331,-457,-236.5,2
-735.5,706,-1.821147933,-660.5,0.02952217,0.110451641,0.365246561,-0.036459702,0.210490491,0.26474224,0.24893828,-0.25001489,113,-3.976880413,0.440804639,-593,-641.5,-95.5,125,277.5,-0.881609278,0.373349248,-305.5,-279.5,2
-491.5,-603.5,-0.733748365,-504,-0.005441788,0.011493835,0.297065573,0.02961633,0.12928776,0.189784433,0.14058907,-0.151157829,-1007.5,-0.544216941,-0.047963957,-404,-514.5,-721,-1227,-1101.5,0.095927915,0.210802098,-310,-233.5,2
-408.5,-1073.5,-0.950404763,-491,-0.04144978,-0.014720641,0.23441838,0.031374037,0.143019651,0.196861319,0.12849209,-0.160367064,-1405.5,-1.030616179,-1.64888677,-332,-608.5,-1064,-1389,-1417,3.29777354,0.192530919,-596,-311.5,2
-388.5,554.5,-0.715098001,-339.5,0.031092533,0.107041423,0.359563634,-0.042984337,0.147509599,0.156994221,0.16136032,-0.150712656,217.5,-3.020579435,0.284017864,-337,-385,-12.5,251.5,58.5,-0.568035728,0.242006085,-299,-243.5,2
-309.5,-205.5,0.735567527,-413.5,0.018428685,0.062725542,0.32112994,-0.009383673,0.162622885,0.125357969,0.19685277,-0.117354097,-742.5,-0.947646131,-0.103847387,-537,-680,-696.5,-845,-1008,0.207694774,0.295192066,-628.5,-316.5,2
-148.5,1381.5,-0.32102481,-61.5,0.063489233,0.079202311,0.318874451,-0.029039059,0.09770645,0.087353146,0.09018954,-0.097734759,1291.5,-1.528821956,0.631190187,-90,-39.5,629.5,855,1058,-1.262380374,0.135317124,269.5,46.5,2
-300.5,146,-0.494021245,-276.5,0.010520934,0.105217797,0.311270744,-0.068220973,0.15035045,0.145541617,0.12027482,-0.129404778,-86.5,-2.614356561,0.128427574,-232.5,-377.5,-123.5,18.5,147,-0.256855149,0.180368661,-329.5,-268.5,2
-297.5,512,-0.689594371,-174,-0.005662941,-0.027342731,0.24425404,0.045301142,0.047694838,0.09079177,0.061161052,-0.074500233,375.5,-1.136010121,0.095167476,-136.5,-46.5,342.5,386.5,419,-0.190334952,0.091738377,285,174.5,2
-133,718.5,-0.263201702,-128,0.057162554,0.07166961,0.306610376,-0.033545943,0.086626577,0.087542393,0.062288176,-0.093588023,641,-2.639994401,-0.228898665,-77.5,-141,183,579.5,578,0.45779733,0.093445884,64,-40,2
-396.5,1244,-0.333057652,-345,0.034277228,0.114328298,0.323554566,-0.044480991,0.161034179,0.187329358,0.1776505,-0.17606413,891.5,-3.503645705,-7.972214252,-352.5,-309.5,480.5,969.5,875.5,15.9444285,0.266462029,-1.5,-142.5,2
-370.5,-418,-0.585837322,-367,0.022612266,0.035349933,0.284647344,-1.88E-04,0.138727216,0.121362395,0.11574336,-0.114758116,-721,-2.254852328,-0.339223048,-303,-569.5,-697.5,-667,-716.5,0.678446095,0.173541176,-427,-234.5,2
-322.5,53.5,-0.404213484,-380,0.026717731,0.064802819,0.335362394,-0.019680687,0.17695398,0.177113249,0.14061037,-0.165848313,-227.5,-2.390927409,0.400675813,-281,-506.5,-324.5,-223,-200.5,-0.801351626,0.210856802,-261.5,-188.5,2
-440.5,453,-0.27863767,-448,0.09493133,0.172532758,0.374574983,-0.077753601,0.161772306,0.161044658,0.18989089,-0.184625524,37,-3.179876024,24.14142212,-416,-595.5,-503.5,-295.5,-282,-48.28284424,0.284785985,-639,-457,2
-417.5,-1394,-0.751666599,-493,-0.015012906,-0.055212648,0.203422347,0.04942476,0.064892576,0.108545812,0.07557714,-0.088364707,-1735,-0.788888522,-0.209527084,-341,-593,-1379,-1664,-1698,0.419054169,0.113203307,-651,-292.5,2
-150,664,-0.063526197,-82.5,0.00409669,0.056757111,0.270735519,-0.020772889,0.046018148,0.071096074,0.09007887,-0.063199697,505.5,-0.541206662,-0.026831256,-158.5,-5,383,381,387,0.053662513,0.135114321,-101.5,-45.5,2
791.5,535,3.289811393,530.5,0.023941038,-0.098054645,0.073752144,0.053916493,-0.05408753,-0.136734946,-0.11491672,0.105753568,1038,3.135046715,-0.054995856,503,460,695,668,627,0.109991712,-0.172312931,427,716.5,2
-187,847,0.190933267,-223.5,0.06713715,0.129650781,0.355866055,-0.071020134,0.149894042,0.112383695,0.12447434,-0.119484754,607.5,-2.348939603,-0.03819389,-239.5,-361,49,355.5,343,0.07638778,0.186702555,-356.5,-249,2
-162,1171,0.397296244,-190,0.056585162,0.21857862,0.340925142,-0.126132642,0.201239192,0.156908339,0.17224264,-0.157334656,936.5,-2.709943351,-0.046288772,-234.5,-292,446,802.5,702.5,0.092577544,0.258361317,-367,-306.5,2
-246,-265.5,1.911666059,-407,0.001705834,0.089121592,0.319597022,-0.049623568,0.064243051,0.158823444,0.17876996,-0.138482302,-672,-1.956268227,0.141860284,-406.5,-311.5,-550.5,-485,-675,-0.283720569,0.268053706,-675,-326.5,2
-210,1449,0.136141709,-235.5,0.008416748,0.118783143,0.299087869,-0.058820097,0.173154616,0.156612159,0.1446897,-0.144516082,1184.5,-1.352101554,-0.192572082,-264.5,-268.5,938.5,1146,1180,0.385144165,0.217034573,-146.5,-115.5,2
-258.5,-704.5,0.026971883,-354.5,0.019959328,0.022323406,0.255652165,-0.014334181,0.108884561,0.100806338,0.09736777,-0.095942348,-979.5,-1.543447046,0.027885047,-275,-544,-902.5,-989.5,-768,-0.055770094,0.145966525,-540,-292,2
-231.5,472,-0.083555606,-272.5,0.041679629,0.049282514,0.276835462,-0.039157217,0.105295135,0.125301526,0.10780082,-0.119003992,239.5,-5.045149957,-0.006816575,-232.5,-291.5,-81,798.5,726.5,0.013633149,0.161682766,-273.5,-96,2
-268,-1500.5,0.18258316,-472.5,0.035206995,-0.009556978,0.256546461,0.005811732,0.112519911,0.09105961,0.06009938,-0.09742715,-1772.5,-3.236459639,-0.232244364,-272,-744.5,-1635,-1549,-1681,0.464488728,0.089967666,-715,-332,2
-47.5,2238,0.092465394,-44.5,0.062001263,0.050009501,0.305056494,-0.01663258,0.092068859,0.099147839,0.08824881,-0.110253063,2161,-2.610215776,-0.137842394,-77,58,1213,1958.5,2121,0.275684789,0.132409637,877,289.5,2
-221,-52.5,-0.095874969,-293,0.060921583,0.051266759,0.299586489,-0.014679599,0.1158272,0.101742782,0.09505438,-0.109968649,-271.5,-2.768841368,0.102229172,-219,-431,-567.5,-310,-387,-0.204458344,0.142542481,-447,-188.5,2
-131,817.5,-0.024922874,-110.5,0.050778788,0.071654843,0.292958219,-0.017504397,0.112672888,0.076491414,0.0880214,-0.089512457,690.5,-1.956258871,0.026913688,-127,-215,248,563.5,314,-0.053827375,0.132037068,-115,-45,2
-250.5,-910,-0.133458863,-400.5,0.093164349,0.007388026,0.230880033,0.03013056,0.028431604,0.065362279,0.06854355,-0.102594233,-1157,-3.694054126,0.206636496,-247,-580.5,-1405,-1100,-1490,-0.413272991,0.102716187,-652.5,-312,2
-182,147,-0.208212021,-271,0.044401931,0.00561954,0.277560794,0.016211034,0.093840178,0.105194291,0.07124588,-0.110236905,-8.5,-2.377840494,0.084561282,-155.5,-353,-276.5,34.5,18,-0.169122564,0.106849038,45,-17,2
-198.5,-658,0.016341551,-260,0.026309558,0.058232235,0.305169672,-0.032961249,0.036822354,0.080903328,0.085174225,-0.07841588,-871,-1.426006588,-0.332698405,-213,-300.5,-799,-862.5,-901,0.665396809,0.127665482,-633,-280.5,2
665.5,935,4.79534474,465.5,0.042051291,0.026486261,0.170870705,-0.031585252,0.049940818,-0.08400189,-0.00607381,0.045585827,1216,1.737648381,0.208259121,281,167.5,704,870.5,912,-0.416518242,-0.00907518,256.5,328,2
3924.5,-1540.5,-4.124364086,3640.5,-0.061890078,-0.308045365,-0.040461683,0.063131015,-0.393628747,-0.574207827,-0.68820703,0.585499322,2167,8.675583635,-0.008061444,3707.5,3336.5,2293,1925.5,1533.5,0.016122889,-1.032141509,1899.5,1815.5,2
-343.5,-285,0.037913943,-408.5,-0.011181469,0.103635357,0.309089915,-0.058494263,0.213886303,0.171419067,0.16203986,-0.143533537,-659,-1.822322827,-0.658488805,-374,-649.5,-481.5,-484,-564,1.31697761,0.242967568,-657,-414.5,2
-199,226.5,0.394528291,-335,0.078175132,0.156077554,0.325093403,-0.097526784,0.131937662,0.117131013,0.13650832,-0.136421377,-71,-2.623561305,0.04753616,-297.5,-513,-513.5,-217,-161,-0.095072321,0.204721075,-846,-452,2
-172.5,839,0.03313718,-208.5,0.083698313,0.130731668,0.351359452,-0.070335821,0.137938433,0.099248862,0.10371334,-0.114618606,648.5,-3.606074523,0.015565719,-190.5,-343,-26,539,329.5,-0.031131438,0.155567768,-373.5,-246.5,2
-315,-333,0.959210723,-496.5,0.066872389,0.29950929,0.318788033,-0.169668943,0.2731294,0.217416134,0.28202343,-0.221409812,-872,-3.118225932,0.163989119,-539,-812.5,-916,-897,-1097,-0.327978237,0.422805392,-1432,-989,2
-229.5,-323,0.205805422,-362,0.014275512,0.065130009,0.220015978,-0.008270184,0.164076274,0.17556288,0.1476202,-0.162016911,-605.5,-1.265729821,0.129763446,-282.5,-513.5,-569.5,-671.5,-764.5,-0.259526891,0.221313053,-576.5,-336,2
-217,186,0.293018512,-340,0.068241543,0.161861502,0.317154137,-0.075773643,0.144060262,0.139278869,0.1534781,-0.159895555,-104,-1.656618562,-0.131195759,-290,-512,-411.5,-333,-353.5,0.262391518,0.230158558,-630.5,-421,2
-146,329,0.187927193,-183,0.029342948,0.138457534,0.312814541,-0.09795771,0.169087264,0.103866516,0.10611461,-0.097657278,139,-2.714154868,0.006231362,-190,-374.5,-42,268,190,-0.012462725,0.159146599,-524.5,-314.5,2
-362.5,-1482.5,0.200534536,-565,0.056510155,0.072215561,0.316247014,-0.012926514,0.157376963,0.124277186,0.14283122,-0.133483982,-1885,-1.336941651,-0.126891885,-402.5,-928.5,-1736,-1987,-2173,0.25378377,0.214018531,-1069.5,-492,2
-234.5,268,0.248084431,-318.5,0.001293528,0.155308827,0.37538363,-0.099898345,0.096476731,0.146432177,0.13592567,-0.129355961,-31,-0.835590474,-0.441174458,-299,-272,-34,-100,-9,0.882348917,0.203850103,-526,-438.5,2
-158,262.5,-0.098843927,-229,0.042997059,0.052612395,0.304522674,-0.013964154,0.099524758,0.094076282,0.072238974,-0.09913226,113,-1.894402292,0.024555868,-149.5,-327,-172.5,62.5,-110,-0.049111736,0.108343722,-211,-119.5,2
-87.5,-379,-0.206380847,-148,0.047391863,-0.073837121,0.164591048,0.087907639,0.017918362,0.027187316,0.016072415,-0.044148936,-439.5,-1.579473897,0.111206724,-60.5,-222,-608.5,-466.5,-634,-0.222413448,0.024074402,-183,63,2
-158,-970.5,-0.124596952,-296.5,0.040863236,-0.045181734,0.178095352,0.044161957,0.07591273,0.080184268,0.041056983,-0.086494457,-1130,-0.862289582,-0.086286611,-159.5,-471,-1090,-1293,-1227,0.172573222,0.061457224,-434,-216.5,2
-99,206.5,0.201253469,-169.5,0.044717841,0.112164925,0.352952843,-0.053844869,0.097303371,0.069182681,0.0715996,-0.075388982,58,-0.171081392,-0.006821288,-148.5,-286,-208.5,-308,-379,0.013642575,0.107382154,-406.5,-304.5,2
-185.5,142,0.051497323,-291,0.055569908,0.074381955,0.320595338,-0.035325066,0.090748262,0.108392081,0.09305736,-0.115548983,-67,-1.383657822,-0.238918724,-209,-339,-394,-327,-184,0.477837447,0.139558125,-462.5,-213,2
-156,-713,0.005954597,-312.5,0.012116978,-0.002274243,0.238323921,0.021722403,0.085460656,0.104371464,0.062171787,-0.097036832,-889.5,-1.042645658,-0.43695834,-176.5,-449.5,-804,-921,-1025.5,0.87391668,0.093171046,-444.5,-193.5,2
-195,-1669.5,-0.006009877,-372,0.028367248,0.0197993,0.277187749,-0.01496303,0.103241357,0.081183186,0.046054795,-0.079001755,-1880,-2.9983682,-0.043245263,-210.5,-658.5,-1629.5,-1576.5,-1821,0.086490525,0.068918726,-855,-481,2
-41,1176.5,0.216782636,-48.5,0.002476451,0.032626689,0.271971625,-0.00837692,0.124199651,0.095172208,0.07463823,-0.079591034,1100.5,-0.882801516,-0.079853965,-76,-40,843,1067,1049,0.15970793,0.111988428,358.5,142.5,2
-117.5,-264,0.053634303,-229,0.046427661,0.059539045,0.242941309,-0.013362917,0.064234899,0.08165975,0.06274967,-0.092939255,-413.5,-0.992784956,-0.007504175,-149.5,-348.5,-548,-516,-616,0.01500835,0.094069586,-408,-253.5,2
-196,444,-0.051231188,-271.5,0.047641975,0.082125718,0.334053192,-0.033529807,0.180607637,0.144138826,0.107719555,-0.13434953,241,-2.381577638,0.036102535,-203,-427,-80,123,45,-0.072205069,0.161559866,-248.5,-161.5,2
-191,1246.5,0.33543447,-253,0.066874709,0.170613056,0.344969061,-0.111142925,0.167907503,0.166340095,0.16484115,-0.165358079,980.5,-4.635828817,-0.42208375,-266,-277,396,1175,1177,0.8441675,0.247260482,-201.5,-231.5,2
-162.5,1002,-0.006735108,-160,0.043899194,0.116791308,0.335083082,-0.05716822,0.12466212,0.11253164,0.112531,-0.112352343,824,-1.357938031,-0.13489618,-178,-193,372,521,552,0.26979236,0.168799582,-184,-149,2
-296,-780,1.789701767,-505,-0.065017706,0.164148473,0.300253176,-0.111673328,0.179412166,0.162189592,0.17918319,-0.114698831,-1289.5,0.04063524,-0.06036208,-509.5,-740.5,-790.5,-1056,-1317.5,0.120724161,0.268641654,-1589.5,-847,2
-28.5,1356.5,0.147277292,-35,0.047208678,0.050568791,0.284812141,-0.02591194,0.04052089,0.065509463,0.073003106,-0.076964955,1286,-1.68520895,-0.037598204,-70.5,90.5,660.5,1145.5,1350,0.075196409,0.109523576,330,110.5,2
-181.5,753.5,-0.11625928,-197,0.040972486,0.079219483,0.334888021,-0.046858449,0.140346715,0.109025054,0.09564739,-0.108872929,581.5,-1.458580889,-0.176798726,-172,-306.5,197.5,340.5,686,0.353597451,0.143468407,-75,-108,2
-846,-127,0.130355874,-811,-0.102081651,0.174516062,0.166555327,-0.099730378,0.196134641,0.227760629,0.20121013,-0.142613415,-1079,-1.926579003,-0.172840786,-952,-918,-512,-694,-823,0.345681573,0.301723893,-1438,-1151,2
643,-222.5,-0.919207999,628,-0.011576733,-0.244446075,-0.057856819,0.149748643,-0.168608431,-0.169999488,-0.27377987,0.166119101,646.5,1.875552455,-0.175376576,869,830.5,639,718,478,0.350753151,-0.410579329,679.5,1078.5,2
-141.5,15.5,0.344135101,-241,0.025500997,0.143704041,0.341564494,-0.097252021,0.136560491,0.106261207,0.102013096,-0.102692915,-196,-1.921852614,-0.201441133,-211.5,-384.5,-293,-133,-241,0.402882267,0.152976404,-581,-399,2
-178,291.5,-0.012519368,-201.5,0.00712942,0.163138528,0.301452584,-0.099840513,0.122092911,0.144383525,0.13201232,-0.137022248,113,-1.701728864,0.258521826,-178.5,-221,71,176.5,134.5,-0.517043652,0.197974619,-387,-272.5,2
-292.5,-436.5,-0.668144968,-330,0.002642937,0.043711465,0.192413627,-0.027020814,0.09194967,0.191178206,0.13470387,-0.177051094,-671,-3.054017777,0.110022528,-234.5,-401.5,-602,-549.5,-403.5,-0.220045057,0.201858592,-506,-296.5,2
-148,-640,-0.131216891,-222,0.013134423,0.098921706,0.277696024,-0.048187554,0.149640239,0.130393795,0.09545493,-0.111642983,-807,-1.413646311,-0.604587912,-167,-377,-645.5,-754,-914.5,1.209175824,0.142935863,-643,-347,2
-109.5,713.5,0.798922709,-120.5,0.043232789,0.288425366,0.305228779,-0.180474748,0.243728657,0.151764132,0.23228586,-0.1438642,476,-1.927409581,-0.077013806,-237.5,-277.5,224,347.5,290,0.154027612,0.348378595,-371.5,-379,2
-107.5,290.5,-0.098365108,-123,0.034435272,0.076660417,0.187661746,-0.019250257,0.075985523,0.117092704,0.094031245,-0.121923706,204.5,-1.295210223,-0.413036769,-86,-95.5,61.5,119,148.5,0.826073539,0.14102862,9.5,-59.5,2
2390.5,428,0.302659031,2473.5,0.020182045,-0.218601962,-0.119335914,0.051091072,-0.269732703,-0.416692264,-0.43012923,0.378071135,2950,5.348637507,0.044526759,2522,2580,2453.5,2414.5,2546.5,-0.089053518,-0.645021721,2941,2390.5,2
-140.5,799.5,0.432262319,-166.5,0.038628314,0.168766083,0.290179494,-0.09228865,0.178830545,0.142705889,0.1679351,-0.14592245,588,-1.507218163,0.181512994,-211.5,-268.5,309.5,440,463.5,-0.363025987,0.251884202,-260.5,-207.5,2
-13.5,5.5,-0.011779336,-15.5,0.05121449,-0.01167204,0.136776455,0.022126599,0.031883049,-0.020782641,0.008669169,-0.010042667,-7,-0.896761681,-0.400166282,-12.5,-131,-177,-71,-97,0.800332565,0.012998801,16.5,18,2
-196,-567,0.066462714,-240,0.049340167,0.162986208,0.334107448,-0.10093425,0.104839063,0.050903378,0.094736494,-0.06752828,-807.5,-2.212671596,0.180581696,-240.5,-511,-865.5,-811.5,-1066.5,-0.361163392,0.1419956,-874,-578,2
-211,60.5,-0.11845885,-238.5,0.026973339,0.066825503,0.199698139,-0.020616124,0.065823871,0.111203569,0.10766227,-0.115811146,-138.5,-2.505480319,0.149312649,-199,-247.5,-271,-6,-192,-0.298625297,0.16144689,-201,-217,2
-171.5,-151.5,-0.099195203,-268,0.041429604,0.076641481,0.275008867,-0.022455803,0.105290324,0.117061883,0.085491344,-0.124030057,-323.5,-0.819114483,-0.598452725,-172,-329,-418,-497.5,-487,1.196905449,0.128171998,-404.5,-220,2
1380.5,-608.5,-1.094521026,1476,-0.015122102,-0.354724582,-0.134482688,0.170005121,-0.257116142,-0.350469792,-0.46580356,0.340202348,1140,3.434979428,0.113223161,1748.5,1565,1101.5,1242,1011,-0.226446321,-0.698567742,1836.5,1781,2
-258.5,-611.5,-0.234151574,-340.5,0.075889967,-0.072297443,-0.062746864,0.083211677,-0.013983372,0.049807386,0.03886867,-0.088034487,-880,-1.028285364,-0.189279781,-268.5,-472.5,-1015.5,-1058.5,-791.5,0.378559563,0.058225528,-611.5,-281,2
-226,-1289,-0.039129274,-366.5,0.051822742,0.131618795,0.238068255,-0.108328978,0.088179364,0.091542212,0.09415254,-0.103838358,-1567.5,-1.765515091,-0.104241414,-278.5,-632.5,-1507.5,-1661,-1541,0.208482828,0.140929368,-1465.5,-716,2
-134,-659,-0.379526559,-280,0.119787253,-0.034984551,0.155043578,0.047307331,-0.044271758,0.012953107,-0.009090357,-0.07083152,-726.5,-0.721607198,-0.068444143,-67.5,-392,-1208.5,-1279,-785.5,0.136888286,-0.013669666,-194.5,-129.5,2
-168.5,-1730.5,-0.666422405,-391.5,-0.026153005,-0.421277927,-0.075360609,0.312662883,-0.054080237,-0.056054136,-0.15718085,0.071426801,-1855.5,1.169241043,0.054409539,-125,-658.5,-1511,-1774,-1962.5,-0.108819078,-0.235810885,266,414,2
-162.5,-3.5,0.020254999,-262,0.034678519,0.065048259,0.297554838,-0.023877194,0.114247966,0.108263687,0.0866773,-0.112006363,-181.5,-1.04134534,-0.353124697,-178,-386.5,-335,-329,-290.5,0.706249395,0.129977371,-294.5,-197.5,2
-246,176,0.268939877,-227,0.021883655,0.11559409,0.272310375,-0.057220612,0.167674586,0.106083057,0.16012147,-0.107115983,-132,-1.592050169,-0.307337142,-308,-471,-216.5,-162.5,-183.5,0.614674285,0.240118731,-289.5,-327,2
-194,-91,0.148483946,-282.5,0.06020246,0.060957943,0.311571079,-0.019474292,0.114380885,0.1046064,0.11300931,-0.115703939,-328,-2.195959453,-0.258741609,-237,-445,-540,-402,-448.5,0.517483218,0.169455889,-325,-200.5,2
-236,173,-0.056894639,-382.5,0.048371299,0.070794993,0.280926678,-0.027171764,0.113801783,0.129221924,0.092357494,-0.133789898,-64.5,-2.699592746,-19.83715734,-237.5,-474.5,-395.5,17,-150.5,39.67431468,0.1385123,-435,-242,2
-121,-763.5,-0.373931187,-175,0.034680871,0.084557603,0.32051202,-0.056398371,0.011308117,0.04608392,0.022013012,-0.052466469,-860.5,-1.205953436,-0.025645292,-97,-270,-787.5,-874,-931.5,0.051290584,0.032873596,-602.5,-306,2
3505,-748.5,-4.210561582,3344,-0.0740414,-0.269397442,-0.079118753,-0.015727133,-0.309029366,-0.541571004,-0.6028591,0.568059892,2517.5,7.514863879,0.22897483,3266,3065.5,2657.5,2596,2513,-0.45794966,-0.904092113,2094,2196,2
-108,254.5,0.263891055,-92,0.00254557,0.219327191,0.378472381,-0.146071476,0.123545466,0.077744078,0.117586,-0.070547314,98.5,-0.634575886,0.054230627,-156,-199.5,73,62,-88.5,-0.108461254,0.176339127,-559,-373.5,2
-366,368,0.167325098,-327.5,0.025338195,0.086190923,0.031408427,-0.014759976,0.065298643,0.098273069,0.12613958,-0.113305857,-56.5,-1.605366107,-0.001338587,-424.5,-340,-156,-91,-56.5,0.002677174,0.189179305,-278.5,-395,2
-248,-595.5,-0.467655608,-281,-0.005711226,0.029434417,0.25317306,-0.006071112,0.070357558,0.137064476,0.08685854,-0.115185798,-793,-2.273133777,-0.176589657,-197.5,-317.5,-623,-639.5,-719.5,0.353179315,0.130170988,-513.5,-232,2
-213,-612.5,-0.133717869,-287,0.121106183,0.136105382,0.3304041,-0.074571347,0.102856252,0.10459793,0.11646433,-0.131792853,-842,-4.351391794,-0.099171096,-229.5,-455.5,-967.5,-883,-953,0.198342193,0.174522594,-756.5,-414.5,2
-302.5,-1351.5,-0.315023551,-379,-0.060329044,0.119285974,0.327107552,-0.075974488,0.070042514,0.108422481,0.099535964,-0.070926303,-1678,-0.892856219,0.257937891,-326.5,-592.5,-1227,-1500,-1802,-0.515875781,0.149078771,-1181,-629,2
-256,-193.5,0.481787397,-384,0.010764285,0.142586058,0.256780865,-0.075926761,0.174807609,0.158840676,0.1899164,-0.14720215,-614.5,-1.948698767,-0.358818573,-421,-623.5,-557,-487,-657,0.717637145,0.284755316,-844.5,-550,2
-213,-536.5,0.064328884,-314.5,0.002235572,0.107381103,0.280463319,-0.064538487,0.117694206,0.101263562,0.09791393,-0.091134989,-814.5,-1.078453318,-9.59E-04,-278,-528.5,-693.5,-754.5,-876.5,0.001918456,0.146775461,-804,-479,2
-280,61.5,-0.565578341,-163,-0.042531353,0.048913942,0.28801383,-0.013557458,0.015852982,0.102609258,0.074156985,-0.074883433,-81,-0.5971468,-0.061459418,-142.5,18.5,157.5,13.5,-63,0.122918837,0.111206056,-303.5,-134.5,2
-212,353,-0.600686993,-128,-0.030595621,0.077126961,0.347350911,-0.03601953,0.081260963,0.100165405,0.053732045,-0.077491352,272,-0.390007142,-0.855705637,-81,-70,416.5,302.5,168.5,1.711411274,0.080596195,-150.5,-129,2
-211.5,-154.5,0.089368266,-228.5,-0.067290825,0.160854433,0.335747916,-0.120905918,0.193961267,0.135668871,0.12857175,-0.090784881,-411,-0.106702653,-0.052161319,-256.5,-426,-58.5,-254.5,-275.5,0.104322639,0.192775376,-678.5,-449.5,2
-315,-319.5,0.158096047,-371,-0.024192175,0.144035826,0.11134706,-0.084387776,0.116949904,0.141272298,0.14058742,-0.111577464,-770.5,-1.3067036,-1.461316221,-451,-556.5,-551,-632.5,-751,2.922632442,0.210769292,-1199.5,-862.5,2
-285.5,-681,-0.126643605,-355,0.005851704,0.174249262,0.301674173,-0.129314131,0.134719364,0.172202532,0.16271849,-0.160754731,-991,-1.786633704,-0.402541173,-310,-502,-904.5,-1053.5,-895,0.805082347,0.243849373,-1008,-604,2
20,-2065,-0.82367489,-46,-0.028606438,-0.415473805,-0.199216327,0.294791332,-0.231743457,-0.199480373,-0.2724551,0.195388013,-1944,2.58109945,-0.134465804,121,-123,-1439,-1925,-1945,0.268931608,-0.408688783,-34,353,2
126,-2464,-0.581701531,84,-0.036447163,-0.307485542,0.015144631,0.233538192,-0.195324239,-0.163858749,-0.18775876,0.15308863,-2225,2.936014731,0.036700018,239,43,-1508,-2204,-2186,-0.073400037,-0.28167164,79,354,2
16,-2893,-0.892671029,-191,-0.044563313,-0.383390181,-0.158808235,0.26967541,-0.251063521,-0.157459153,-0.2726541,0.159863654,-2796,2.689885277,-0.091066114,97,-283,-1997,-2568,-2679,0.182132229,-0.409047817,-525,-104,2
-141,-1077,0.110931688,-350,0.032814637,-0.012022837,0.263943189,0.026286459,0.075940853,0.049490354,0.040450845,-0.058661287,-1283,-1.162295681,-0.077079452,-206,-639,-1258,-1208,-1424,0.154158905,0.060610835,-522,-257,2
-175,-528,0.579613581,-412,-0.020442873,0.104791246,0.245008581,-0.084847901,0.120227461,0.118196129,0.14147687,-0.096549443,-979,-0.458350206,-0.082534111,-451,-635,-733,-849,-790,0.165068223,0.212127875,-918,-688,2
-119,-179,0.445520279,-268,0.021978265,0.154477669,0.323027398,-0.116730548,0.121825078,0.096377256,0.107679546,-0.094006059,-428,-1.569672964,-0.168122404,-249,-466,-450,-337,-376,0.336244807,0.161458574,-758,-512,2
-182,90,0.427986854,-329,0.009555227,0.145818815,0.279240404,-0.099163497,0.155805392,0.139339572,0.14601272,-0.133848113,-233,-1.708262739,-0.009403029,-323,-521,-258,-91,-115,0.018806058,0.218960908,-589,-470,2
-217,-1108,-0.132684831,-284,-0.085461515,0.071732014,0.315466101,-0.037609455,0.086015494,0.087269225,0.06172136,-0.036642789,-1347,-1.016506127,-0.176059211,-239,-425,-660,-745,-1476,0.352118422,0.092483394,-851,-523,2
-146,192,0.378204165,-248,0.012115206,0.1092445,0.316457128,-0.072000633,0.10273786,0.106106625,0.11201688,-0.099689501,-56,-0.913150156,0.129258817,-248,-327,-118,-65,-12,-0.258517634,0.167991578,-602,-319,2
-273.5,-1113,0.210649223,-468,0.009257449,0.095560229,0.288874463,-0.041316893,0.16798734,0.241897573,0.17843983,-0.203046016,-1507,-0.193027382,-0.308588983,-394,-686.5,-1214,-1590,-1544,0.617177967,0.267403327,-1133,-597.5,2
-167.5,-485,-0.109342872,-185,0.007071845,0.077239243,0.316508554,-0.050461236,0.125089999,0.046024064,0.059285507,-0.042631781,-654,-1.216435183,0.077858207,-169,-442.5,-556.5,-600.5,-724.5,-0.155716414,0.088864962,-546,-308,2
-259.5,-550.5,0.188826045,-336.5,0.003587048,0.043024685,0.167103444,-0.007373031,0.050575138,0.078387441,0.11558608,-0.070853457,-954,-1.340185419,-0.118290318,-403.5,-502.5,-794.5,-824,-1001,0.236580637,0.173287411,-750.5,-503.5,2
-67,-474.5,-0.019309017,-161,-0.010743746,-0.010062346,0.253160436,0.012819568,0.052418399,0.053340212,0.017352607,-0.040872346,-550,-0.535316506,-0.044611477,-75.5,-235,-382,-411,-526,0.089222954,0.025995371,-165,-92.5,2
-227,-70.5,0.313165233,-360.5,0.036642466,0.081395091,0.262908667,-0.011340702,0.10865016,0.129720701,0.13205718,-0.124150059,-420.5,-2.166899254,0.026598343,-350,-472,-534,-363.5,-754,-0.053196685,0.198033664,-660,-389,2
-31,-695,0.241277205,-170,0.058045693,0.051128672,0.281592877,-0.041230207,0.107810827,0.014383642,0.020906651,-0.035835253,-798,-0.31313408,-0.057861812,-103,-468,-900,-898,-815,0.115723623,0.031297275,-495,-312,2
-316,-1843,0.266470661,-649,0.057159692,0.010610992,0.220759101,0.053822643,0.023071266,0.292118649,0.17897946,-0.250803964,-2253,-2.550456501,-0.178697573,-410,-737,-1988,-2135,-2265,0.357395147,0.268193111,-1318,-678,2
-158,217,0.054153548,-147.5,0.017062076,0.139248815,0.349479998,-0.094657572,0.095895247,0.084507615,0.101538025,-0.081992373,44.5,-1.515268,-0.108947307,-172.5,-222.5,-44,56.5,30,0.217894614,0.152275059,-447.5,-293.5,2
-232,-621.5,-0.251899516,-287,0.050839684,0.173207214,0.378415455,-0.106091736,0.075766383,0.089400663,0.10545117,-0.102279862,-850.5,-1.641240376,-0.141920394,-229,-454.5,-886.5,-953,-1005,0.283840788,0.158024496,-894,-488,2
-139.5,-291.5,0.279092765,-243.5,0.00403947,0.105874161,0.253412798,-0.063411893,0.145343183,0.114576171,0.114269696,-0.103507853,-529.5,-0.948907281,-0.163685377,-238,-439.5,-455,-492,-548.5,0.327370755,0.171289957,-593.5,-370.5,2
-126.5,-438.5,0.03481062,-221,0.04103066,0.045522362,0.249355625,-0.014288569,0.094158685,0.074045289,0.06435516,-0.083224616,-600.5,-1.360634763,-0.135005745,-162,-401,-656,-641.5,-679.5,0.270011489,0.09644675,-450.5,-261.5,2
-132,326.5,-0.298300409,-120,0.004384735,0.088596628,0.328642226,-0.062978834,0.089205528,0.07810813,0.03679797,-0.06830001,272.5,-0.271067778,-0.041321792,-54,-159,193.5,122,347,0.082643584,0.055199051,-263.5,-175,2
-197.5,-1783,-0.186363998,-309,0.001857304,0.012829989,0.25213071,0.013321135,0.021481461,0.056703,0.066782415,-0.048022462,-2010.5,-2.10043481,-0.074904043,-227.5,-506.5,-1587.5,-1824.5,-2178.5,0.149808085,0.099741751,-1067,-449,2
-157.5,-887,-0.299611755,-239.5,-0.027871676,0.019266113,0.208150477,0.002012565,0.053217725,0.104105271,0.04479994,-0.077644577,-1045.5,0.318898762,-0.188762527,-158.5,-338,-770,-1011,-1071.5,0.377525054,0.066984586,-647,-359,2
-141.5,-78.5,0.071914285,-207,0.011287099,0.154199491,0.369445817,-0.090479624,0.156450657,0.123807322,0.10473938,-0.1145415,-247.5,0.052969158,-0.009149873,-169,-364.5,-252.5,-447.5,-415,0.018299745,0.157036251,-510,-331.5,2
-129.5,-71,0.290869651,-228,-2.14E-04,0.108560297,0.2498147,-0.062918669,0.108300353,0.115535725,0.11624245,-0.103203279,-306.5,-0.9760629,0.097700463,-235.5,-341.5,-258,-237,-339,-0.195400927,0.174292094,-501,-338.5,2
-228,-483,0.129107902,-308,0.003821593,0.221037625,0.30525119,-0.146122475,0.164269593,0.172681239,0.17733596,-0.15539626,-799.5,-3.095955275,-0.051030324,-316.5,-503.5,-692,-648.5,-864.5,0.102060649,0.265776518,-1073.5,-643.5,2
-118.5,-102.5,0.231536689,-199,0.023648466,0.134507235,0.267927115,-0.084677201,0.087977995,0.091539701,0.10690491,-0.093527076,-304.5,-0.787899743,0.088803238,-202,-312,-338.5,-354,-352.5,-0.177606475,0.160280212,-582.5,-372.5,2
-300,-197,-0.376313023,-277,-0.020017562,0.149028997,0.309996534,-0.091692291,0.099172109,0.134669026,0.12352179,-0.11406051,-453.5,-1.521715801,-0.332058068,-256.5,-336.5,-321,-360.5,-392.5,0.664116137,0.185191667,-667,-441.5,2
-198.5,172,0.109941952,-216.5,0.027136412,0.184541171,0.387936824,-0.116175761,0.108570981,0.097537966,0.12020962,-0.100801014,-64.5,-1.073879024,-0.183202969,-236.5,-338.5,-186,-186,-227,0.366405938,0.180271648,-689.5,-441.5,2
-101,-378,-0.101747941,-126,0.012022093,0.027131564,0.294552162,-0.005365942,0.021128822,0.039750743,0.037324686,-0.038012044,-475,-0.798887461,-0.024318773,-97,-170,-432,-472,-620,0.048637546,0.055938536,-389,-144,2
-39,-679,0.133437961,-184,0.054527569,0.058188249,0.271834059,-0.030373752,0.076401504,0.035621789,0.01941527,-0.049641399,-774,-1.161118516,-0.035006128,-95,-403,-843,-819,-973,0.070012255,0.029064793,-637,-325,2
-215,-475,0.273540038,-372,0.011852837,0.126465391,0.26612255,-0.085595891,0.148236767,0.139348217,0.12501013,-0.126184793,-803,-1.765723097,-0.248230528,-328,-595,-732,-667,-748,0.496461055,0.187434046,-921,-615,2
-109,-1106,0.132487545,-353,0.030893075,-0.005466223,0.209120166,-0.019023484,0.017785628,0.091296586,0.041389566,-0.091038194,-1307,-2.039597596,-0.003439847,-201,-446,-1236,-996,-786,0.006879694,0.061995146,-685,-341,2
-201,216,-0.28291109,-194,0.04885768,0.041901865,0.296116622,0.007628949,0.076512307,0.079950647,0.05336232,-0.081356444,98,-1.697532275,-0.060740919,-118,-272,-228,-119,-256,0.121481839,0.080033649,-73,-107,2
-195,-420.5,-0.064264084,-217,0.006658693,0.133053764,0.311504677,-0.085056058,0.047379124,0.073692823,0.0818094,-0.06680784,-634,-0.771594084,0.227255035,-213.5,-301,-546,-649.5,-744.5,-0.45451007,0.122637415,-804.5,-465,2
-173.5,-152,0.049866364,-193,0.051693555,0.178471848,0.365365865,-0.129628857,0.072886479,0.04922724,0.08992578,-0.066931174,-357,-1.564926625,0.130261097,-205,-365.5,-545.5,-476.5,-423,-0.260522194,0.134838217,-805.5,-525,2
-258.5,-1088.5,-0.39635013,-355.5,0.0618424,0.082482535,0.223743239,-0.0339438,0.057458147,0.04713487,0.03715264,-0.070457812,-1321.5,-1.042951509,0.06828975,-233,-647,-1297.5,-1504.5,-1429.5,-0.1365795,0.055621399,-1180,-652,2
-138,-519.5,-0.277228745,-142.5,0.047901215,0.051042104,0.352677337,-0.038040256,0.005327187,0.024143945,0.029463133,-0.0370261,-614,-3.790555387,-0.016675352,-94.5,-225.5,-686.5,-298,-558.5,0.033350704,0.044147466,-460,-215.5,2
-123,-429,-0.008517948,-189,-0.008935267,0.056948178,0.243475631,-0.048149642,0.053451397,0.094502077,0.07097803,-0.078707383,-579,-2.243547039,-0.130349542,-150,-253,-448,-312,-440,0.260699085,0.106370323,-476,-272,2
-187,-1596,-0.07108939,-373,-0.041713553,-0.143482725,-0.014913718,0.141950754,0.041299388,0.131400604,0.06283342,-0.101067301,-1882,0.384887814,-0.147493416,-286,-589,-1443,-1786,-1895,0.294986831,0.094007131,-864,-504,2
-208.5,-2376,-0.176287854,-495.5,0.037050437,-0.206059142,-0.07019453,0.199703016,-0.031458389,0.081736922,0.008805011,-0.083620662,-2704.5,-2.166157015,-0.0182763,-328.5,-830.5,-2292.5,-2499.5,-2829,0.0365526,0.012935884,-1516.5,-737,2
-209,489,-0.089345667,-195,0.034143249,0.127070356,0.329919549,-0.057650471,0.116317366,0.138397592,0.14312729,-0.139136781,295,-1.671663635,-0.181215405,-194,-197,97,164,140,0.362430811,0.214660683,-294,-177,2
-245,-554,-0.607510817,-225,0.096404335,0.06461278,0.317404405,-0.016908598,0.075449149,0.052157799,0.09419188,-0.083774904,-739,-1.748495094,-0.082741898,-185,-366,-850,-974,-869,0.165483796,0.141152469,-538,-234,2
-192,-1723,-0.941517549,-251,0.030398474,-0.235000595,0.063447642,0.211629479,-0.069742334,0.0087834,-0.048663914,-0.019475051,-1807,-0.707285799,0.126771804,-84,-401,-1615,-1885,-1805,-0.253543608,-0.073171552,-256,-12,2
-168,252,-0.798232374,-66,0.087477121,-0.062109872,0.22530955,0.080400429,0.004775889,0.009759196,-0.00848667,-0.04424189,295,-1.907235349,0.186563915,43,-104,-276,-82,98,-0.37312783,-0.012715019,409,223,2
-89,1134,-0.065944698,-82,0.037695202,0.040394714,0.308099466,-0.009894679,0.087984062,0.090519267,0.06484535,-0.087608886,1070,-1.375008299,-0.397861624,-64,-44,591,858,938,0.795723249,0.097295971,262,80,2
-209,64,-0.631132754,-178,0.042212089,0.001406536,0.288010536,0.027870246,0.089700625,0.090340476,0.06846278,-0.090055226,-58,-1.534845285,-0.046699186,-122,-235,-239,-240,-211,0.093398371,0.102666843,-97,-12,2
-399,882,0.252041882,-355,0.048795421,0.184538187,0.335475701,-0.104374835,0.201381049,0.197140079,0.23803303,-0.185202999,421,-2.291055912,-0.177509325,-461,-452,63,96,483,0.35501865,0.357001413,-597,-394,2
-146,265,-0.145561399,-158,0.025577999,0.052182181,0.331734531,-0.032113995,0.073346122,0.089875047,0.07027721,-0.085249664,143,-1.838558423,0.038220714,-122,-166,-21,171,231,-0.076441428,0.105401904,-205,-92,2
-310,-1458,0.037055242,-437,0.045378829,0.170816825,0.313018774,-0.094147782,0.042762586,0.012229606,0.095162004,-0.036156692,-1880,-3.354910616,0.155660669,-422,-804,-1827,-1681,-2363,-0.311321339,0.142541776,-1784,-925,2
-246,338,-0.110577105,-254,-0.005242816,0.066422585,0.292787718,-0.04080084,0.101711227,0.127542028,0.104196206,-0.107046365,111,-0.649314714,0.031687131,-227,-247,123,28,343,-0.063374262,0.156271445,-299,-172,2
-170.5,-1006.5,0.00959664,-284,0.024825871,0.012742845,0.236881725,-0.002687566,0.02853203,0.020024667,0.044596292,-0.030894587,-1221,-1.984089094,-0.067582137,-214.5,-466,-1098.5,-1061,-1273.5,0.135164274,0.066764622,-746,-310.5,2
-105,-504,-0.160487706,-181.5,-0.056253276,-0.065495971,0.174448032,0.037832211,-0.025337091,0.064159431,0.011654367,-0.029391208,-587,-0.038252835,-0.377084241,-83,19.5,-150.5,-253.5,-187.5,0.754168482,0.01745388,-83,38.5,2
-63,1104.5,-0.208420047,93.5,-0.008793537,0.055925771,0.273731444,-0.019599577,0.021765598,0.048326599,0.03043369,-0.039740405,1146.5,-0.014694223,-0.032221714,42,348.5,1074,1069,871,0.064443429,0.045680345,228.5,88.5,2
-189.5,-588.5,0.157204423,-264,-0.040268909,0.123034163,0.308441341,-0.084311879,0.096643848,0.076587487,0.09029025,-0.049079527,-856,0.403781972,-0.089218883,-267.5,-453.5,-570,-837,-933,0.178437765,0.135342154,-814,-482.5,2
32.5,2809.5,0.720946052,138.5,0.013041536,0.244657669,0.320451295,-0.164570323,0.181863605,0.12978075,0.17593008,-0.121333138,2710,-1.228189494,0.139081887,-99.5,250.5,2143,2619.5,2733.5,-0.278163774,0.263930766,448.5,-26,2
-4.5,1237.5,0.416133206,11,-0.003053001,0.171571271,0.294147963,-0.129345928,0.102026396,0.099213114,0.10817275,-0.087597019,1161.5,-1.618828809,0.268087023,-76,126.5,1004,1456.5,1426.5,-0.536174047,0.162275451,-40,-161.5,2
-150,1515,-0.270065076,-72,0.021421955,0.055665137,0.267824849,-0.020635581,0.082962536,0.114162891,0.086022876,-0.104806529,1438,-1.320890947,-0.004732005,-77,89,991,1232,1495,0.009464011,0.129065525,357,154,2
-192,958,-0.26068815,-156,0.026087913,0.044502855,0.319096585,-0.005898592,0.08888029,0.117475045,0.09115329,-0.10786411,819,-2.54597602,-0.175827145,-139,-80,478,888,610,0.35165429,0.136739391,0,17,2
120,-1376,-0.708173926,229,-0.037372313,-0.283048592,-0.01712352,0.215525771,-0.177319671,-0.156586163,-0.18456271,0.160366522,-1067,1.755620339,-0.177876884,309,304,-645,-992,-1242,0.355753768,-0.27683406,491,633,2
65,-982,-0.190809264,44.5,0.042047805,-0.190856304,0.013513158,0.138580903,-0.167897089,-0.134617132,-0.097551465,0.095886841,-927.5,1.047158308,0.211303831,54.5,72.5,-1055.5,-1224,-1088.5,-0.422607662,-0.146330759,116.5,316.5,2
74.5,474,0.109438392,194.5,0.030421402,-0.015373308,0.126892818,0.033006211,-0.038325113,-0.057166768,0.006270334,0.034861767,545,0.452262378,0.285152657,71,238.5,277.5,253.5,191,-0.570305313,0.009423974,91.5,267,2
-121,91,-0.006054603,-216,0.045253725,0.046931536,0.311655083,-0.010908869,0.107682605,0.098431008,0.06463589,-0.101192198,-36,-1.595813065,0.658903078,-127,-321,-276,-130,-237,-1.317806157,0.096932058,-161,-117,2
-176,1141,-0.292933866,-156,0.025422235,0.05420221,0.31837721,-0.002701669,0.103247937,0.121069391,0.08476895,-0.113104258,1026,-0.566944819,-4.30E-04,-115,-84,650,638,612,8.60E-04,0.127168894,196,33,2
-125,151,-0.093767204,-238,0.023681015,-0.004890392,0.266752774,0.025753491,0.090659422,0.101186571,0.049704645,-0.096707904,43,-0.931243018,0.153458123,-108,-285,-114,-51,-6,-0.306916247,0.074545588,212,23,2
-198,808,-0.550167261,-109,0.024126625,-0.052179205,0.219994454,0.023777131,0.022716332,0.080653845,0.038166214,-0.081981907,779,-1.52602718,-0.040141381,-29,99,503,752,1793,0.080282762,0.057268464,633,321,2
-166,1669,-0.359976201,38,0.068296785,0.018004584,0.264890608,0.021466463,0.023749016,0.04153489,0.049682885,-0.063834058,1670,-2.834246964,0.174391439,1,190,835,1544,1313,-0.348782878,0.074562745,548,275,2
-157,-1655,-0.984217287,-130,0.031008828,-0.299509396,-0.059743701,0.25206688,-0.218995418,-0.114924727,-0.13019325,0.086472129,-1648,1.557525342,0.601046838,7,-83,-1569,-2058,-1903,-1.202093676,-0.195333882,-8,236,2
-120,527,-0.222051232,-76,0.048549684,0.076110882,0.330187893,-0.033465608,0.057623085,0.061104375,0.06848932,-0.076189916,453,-0.695472244,0.186419214,-74,-75,137,146,299,-0.372838427,0.102740497,-95,-67,2
-119,-439,-0.190902978,-202,0.058872958,0.060261483,0.286406701,-0.020759388,0.096315807,0.084349405,0.050451867,-0.093686432,-546,-0.881690985,-0.141252722,-107,-339,-639,-729,-679,0.282505445,0.075588505,-435,-215,2
-291,-940,-0.981747558,-297,-0.002488225,0.048863547,0.319415371,-0.010636393,0.048948835,0.127869948,0.0688896,-0.107017678,-1124,-1.935040195,-4.87E-04,-184,-355,-889,-1051,-1145,9.75E-04,0.103164441,-614,-294,2
-141,659,0.126170841,-137,0.024291394,0.098321275,0.337909493,-0.048874076,0.117516831,0.117983226,0.12348476,-0.11608444,502,-1.488905003,0.023832275,-157,-144,306,440,411,-0.047664551,0.185218842,-92,-96,2
-306,-459,-0.247364927,-455,0.092852486,0.048427541,0.301940317,0.011316222,0.145805986,0.161652989,0.14277823,-0.189004768,-756,-2.824035265,-0.550720164,-297,-665,-1024,-950,-1030,1.101440329,0.214039457,-495,-228,2
-176,-269,-0.139879987,-238,0.057109635,0.055570664,0.319634703,-0.014211109,0.100614343,0.099090254,0.083470665,-0.103988927,-437,-1.880438457,0.091728162,-168,-374,-576,-564,-575,-0.183456324,0.125140205,-301,-210,2
-266,634,-0.492556096,-245,0.023469196,0.030822671,0.272096909,0.012131944,0.11045221,0.133150702,0.10092376,-0.125309417,448,-1.573611166,3.051394328,-186,-224,220,317,319,-6.102788657,0.151376892,29,8,2
-176,1099,-0.286729319,-155,0.073592786,0.072313023,0.294951409,-0.005111979,0.106126054,0.098371353,0.087575115,-0.110956405,975,-0.471951874,-0.085781575,-124,-184,276,211,383,0.171563151,0.131375873,102,-8,2
-308,-497,-0.558045615,-385,0.053681488,-0.023285716,0.183465405,0.059803883,-0.015427497,0.103890209,0.068071775,-0.123035394,-723,-2.04510134,-0.276969827,-226,-323,-886,-815,-870,0.553939654,0.102038337,-367,-141,2
-87,2209,-0.305463281,-48,0.033011421,0.072926244,0.352718069,-0.024926413,0.019312505,0.138766512,0.04886624,-0.127978327,2278,-1.790595128,0.180676439,69,451,1542,2120,1886,-0.361352877,0.073367077,486,173,2
-116,1369,-0.949277914,125,-0.028025593,2.78E-04,0.262832865,0.008908642,-0.013569852,0.055181889,0.018955324,-0.03676481,1462,-1.916242117,-0.049467998,93,527,1463,2052,1742,0.098935996,0.028480205,661,307,2
-577,-1214,-0.751374523,-686,0.022195125,0.130012837,0.355897937,-0.055830247,0.052108782,0.220151512,0.17226757,-0.206780008,-1692,-1.081927832,-0.124419998,-478,-644,-1620,-2071,-1910,0.248839995,0.258266003,-1332,-695,2
-508,8,-0.893832003,-507,0.064487179,0.175058257,0.409744816,-0.038848572,0.15221698,0.233946096,0.23350741,-0.232215458,-420,1.288338204,0.022899318,-428,-530,-662,-1351,-977,-0.045798635,0.350148252,-962,-463,2
-402,-1082,-0.125861793,-549,0.01430952,0.154275969,0.404416695,-0.055865725,0.201121473,0.318394988,0.22711787,-0.264353439,-1497,-2.951996909,-0.193270351,-415,-687,-1214,-1417,-1767,0.386540703,0.340392084,-908,-557,2
-344,1333,-0.183288403,-301,0.161867233,0.177409718,0.34496266,-0.060305793,0.083919199,0.13828259,0.1829463,-0.204083786,1064,-3.3314723,0.018423674,-269,-239,-48,344,418,-0.036847348,0.274415699,-357,-223,2
-171,-239,-0.046116496,-293,0.046808723,0.035360197,0.230678199,0.008137482,0.064080506,0.101154646,0.0786594,-0.112410579,-419,-1.146252286,-0.127434473,-180,-355,-572,-584,-589,0.254868946,0.117933285,-366,-192,2
29,-1561,-0.835410083,-43,0.020529206,-0.232856913,-0.027525612,0.17687535,-0.181834239,-0.12833523,-0.2107351,0.102284321,-1343,0.847097775,-0.040957395,218,-53,-1223,-1404,-1466,0.081914791,-0.316100753,-94,180,2
-272,12,-1.0082581,-271,0.050714679,0.043640346,0.311222563,-2.98E-04,0.093461822,0.142838611,0.09508547,-0.140011031,-150,-2.332595117,-0.113100868,-162,-271,-337,-309,-290,0.226201737,0.14258099,-176,-106,2
-133,471,-0.327204231,-129,0.053594585,0.026361712,0.296556609,0.003974672,0.04238142,0.071757133,0.04655283,-0.080081122,407,-1.695398888,-0.071850347,-64,-91,13,205,202,0.143700694,0.069834984,3,3,2
-232,1619,-1.005679265,-7,0.016057751,-0.038838938,0.248712507,0.067721949,0.010980099,0.081623833,0.043398418,-0.073717596,1630,-0.335438468,-0.031930193,11,302,1144,1117,1387,0.063860386,0.065135973,842,416,2
-84,320,0.022360499,-140,0.052276091,0.043640432,0.302549717,-0.019645115,0.065249396,0.069968394,0.054663304,-0.078466839,230,-1.363903253,-8.83E-04,-90,-181,-101,58,163,0.001765403,0.081990479,-115,-62,2
-127,439,-0.209291152,-116,0.051703234,0.017835559,0.300121122,0.015823381,0.076564751,0.071176578,0.057650205,-0.076952663,356,-1.647362066,0.10336219,-83,-152,6,154,61,-0.20672438,0.086477197,19,16,2
-431,196,-0.952152834,-336,0.02183331,0.119120146,0.33560108,-0.061095224,0.127709569,0.170956403,0.17307974,-0.157172966,-131,-2.935698893,-0.038451122,-327,-325,-210,-145,2,0.076902244,0.259553774,-487,-296,2
-371,262,-0.641625565,-329,0.08114601,0.15688004,0.347558629,-0.071631562,0.104555708,0.12663005,0.14364104,-0.152057661,-15,-2.846946417,0.32873288,-277,-409,-415,-233,-256,-0.65746576,0.215415308,-514,-369,2
-83.5,717.5,0.118781384,-92,0.043048185,0.07171521,0.298244126,-0.02844073,0.082015457,0.088246495,0.08627195,-0.0913549,621,-1.527971385,-0.159287036,-96.5,-76,274,479.5,447,0.318574072,0.129418288,1,-25.5,2
-71.5,177,0.136425918,-96,0.038544607,0.098813276,0.363608014,-0.063165181,0.053430469,0.072867475,0.07966035,-0.077555292,84,-1.607291544,0.040348501,-93,-97,-66.5,50,27,-0.080697002,0.119463689,-166,-135,2
-113.5,493.5,-0.140874898,-134.5,0.032649979,0.052014159,0.299666096,-0.01307589,0.092146788,0.104516761,0.068549395,-0.09976405,410,-1.153122887,-0.226289747,-83.5,-129.5,163.5,250.5,267,0.452579495,0.102827855,-57,-29,2
-80,544,-0.078354157,-62,0.067266648,0.007874835,0.287451469,0.022578014,0.037125292,0.028388585,0.04653388,-0.051879262,482.5,-1.177763128,0.198102515,-61.5,-104,-31.5,132,148,-0.396205029,0.069807561,28.5,70.5,2
-313.5,-731.5,0.089550005,-426.5,-0.01145646,0.058194362,0.305641998,-0.02733894,0.211296444,0.185448714,0.1609762,-0.155577527,-1084.5,-1.052961139,-0.130323809,-353,-661.5,-836.5,-1110,-1005,0.260647619,0.241332174,-867.5,-355.5,2
-170.5,138.5,-0.544454349,-177,0.044987104,0.04672781,0.303914044,-0.012527999,0.043409591,0.086775551,0.056006115,-0.090395395,39,-1.549211285,-0.018785726,-99.5,-148.5,-186.5,-104.5,-79,0.037571451,0.083993414,-232,-94.5,2
-127,-123.5,-0.289952026,-123,0.089557554,0.004607213,0.287080791,0.024418041,0.015122265,0.009286519,0.033938494,-0.047113249,-203.5,-2.531370656,0.116544023,-80,-213,-557,-329,-461.5,-0.233088046,0.050884239,-83,-47,2
-240,-757.5,-0.269049839,-273.5,0.037795463,0.073475843,0.332936864,-0.03751049,0.142673739,0.110178384,0.13690661,-0.106114213,-986,-2.380941998,0.060090939,-228.5,-464.5,-895,-1015,-1068.5,-0.120181877,0.205155947,-526,-253,2
-103.5,207.5,0.118614803,-162,0.058716393,0.095746391,0.325617187,-0.048748606,0.117591592,0.08620453,0.08636339,-0.099886434,79.5,-1.390125424,0.041326414,-128,-289,-188,-102.5,-116.5,-0.082652828,0.129518853,-273.5,-163,2
-134.5,812,-0.126512882,-102.5,0.048176977,0.095617855,0.354185661,-0.048905583,0.090177079,0.086803878,0.08423251,-0.090205779,702,-2.083759823,-0.033101613,-110,-107.5,286.5,563.5,417,0.066203226,0.126361037,-173,-102.5,2
-108,380.5,-0.022654465,-157,-0.010585414,0.039338458,0.317855842,-0.030801227,0.092462395,0.0981698,0.05380465,-0.075375118,274.5,-0.556528709,-0.076885996,-106,-153,275,307,510.5,0.153771991,0.080703693,-142,-63.5,2
-88,2117,-0.033009186,15.5,0.055666225,0.072439438,0.340523183,-0.028054365,0.062310781,0.073625477,0.080590084,-0.080149186,2057,-1.315856049,-0.478285451,-60,165,1177,1562.5,1686.5,0.956570901,0.120932839,537,142.5,2
-22.5,1567,-0.100426682,16.5,0.031104725,0.046050159,0.325265871,-0.016032496,0.056004573,0.061702662,0.04246499,-0.063031466,1580,-0.702492562,0.005407644,13,117.5,949.5,1212,1240.5,-0.010815288,0.063728825,274,107,2
-126.5,514.5,0.334455128,-163,0.02955225,0.065591671,0.329523699,-0.036337135,0.151478234,0.087866207,0.1126472,-0.089036433,299.5,-0.95060726,-0.505576695,-215,-358.5,70.5,136,331,1.011153391,0.168952678,-135,-106,2
-158,-581.5,-0.119285086,-217.5,0.022428281,0.010153684,0.277467428,0.005555718,0.090605569,0.068950977,0.06838091,-0.067899157,-739.5,-1.767327352,0.147053275,-158,-372.5,-671,-674.5,-778,-0.29410655,0.102471379,-395.5,-143.5,2
-54,1796,0.054705078,-15.5,0.032489103,0.052383335,0.324526689,-0.024199609,0.105742286,0.088805389,0.07181949,-0.087163387,1740,-0.924203073,0.028815766,-56,37.5,1134,1420,1612.5,-0.057631533,0.107769731,302.5,105,2
-46.5,464.5,-0.076384695,-57.5,0.068900505,0.023620133,0.297973725,-3.60E-04,0.037849818,0.029815091,0.031140452,-0.052336996,435,-1.114243469,-0.028669166,-29.5,-89.5,-30.5,123.5,241,0.057338332,0.046724289,-18.5,18,2
-90,1085.5,-0.055355519,-77.5,0.055294877,0.067999706,0.346220508,-0.036113277,0.082616433,0.074420492,0.060821716,-0.079312591,1014.5,-1.576147256,0.392007489,-71,-76.5,432.5,721.5,798,-0.784014978,0.091259154,11,-23.5,2
-99.5,1250,0.533707259,-57.5,0.0178326,0.146694869,0.324937236,-0.078518759,0.137410992,0.110660915,0.16236643,-0.101387534,1056.5,-0.61451618,0.128431032,-193.5,-51,751.5,809,821.5,-0.256862063,0.24355791,-46,-89.5,2
-85,-103,-0.019214952,-173,0.038132871,0.060671314,0.298012847,-0.030516238,0.10262682,0.09613428,0.05059695,-0.091789055,-192,-1.251324417,0.072133064,-89,-255.5,-307,-278,-307,-0.144266127,0.075859342,-319,-145,2
-227.5,-122,0.779070948,-278.5,0.069802588,0.159226496,0.393302794,-0.088428568,0.118896982,0.099754943,0.19891785,-0.119331362,-492.5,-1.473463262,-0.05972892,-370.5,-470,-704,-777.5,-751.5,0.119457841,0.298258062,-668.5,-420,2
-60.5,209.5,0.089534343,-111,0.064243115,0.057809907,0.327306546,-0.027324133,0.071244314,0.050892021,0.047635905,-0.061519209,128.5,-2.672802687,0.020659417,-81,-193.5,-224.5,105,-163,-0.041318834,0.071446263,-242.5,-107,2
-33.5,490.5,0.099682785,-84,0.040140707,0.055887547,0.335759187,-0.035175809,0.065005227,0.057138315,0.03935799,-0.05915517,436.5,-1.188535712,0.094506598,-54,-110,105,298.5,317.5,-0.189013197,0.059046971,-118.5,-69,2
-68,547.5,0.15591319,-71,0.040276497,0.07333704,0.303351985,-0.034850638,0.087716827,0.060558287,0.074300826,-0.067568908,452.5,-1.759775961,-0.032422075,-95,-129.5,164,415.5,247,0.064844151,0.111455936,-101.5,-69.5,2
34.5,2538.5,0.185831232,100.5,0.069063448,0.071283222,0.335743651,-0.037735076,0.039649316,0.049491917,0.059859738,-0.064905034,2548,-1.883366418,-0.055927191,9.5,292.5,1379.5,2109,2177,0.111854382,0.089850562,454.5,197,2
-101.5,455,-0.039242408,-98,0.019139808,0.041397234,0.332827554,-0.013658233,0.045854651,0.074828875,0.062323682,-0.067645098,361,-0.708005316,-0.164619267,-94,-45.5,176,220,142,0.329238533,0.093486502,51.5,-39.5,2
-6.5,1027,0.209059579,-41.5,0.062907061,0.065158946,0.298197797,-0.038079283,0.072840305,0.054044153,0.05312096,-0.067452141,984.5,-0.772345281,-0.160419115,-42.5,-55.5,383,573.5,910,0.32083823,0.079710285,95.5,26.5,2
-48.5,201.5,0.290835206,-141.5,-4.43E-04,0.045053544,0.307274766,-0.03986856,0.086635568,0.083351919,0.05948372,-0.071527259,93.5,-1.325053413,-0.179766156,-108,-172,79,287,356,0.359532312,0.089212463,-141.5,-89.5,2
-57,-126.5,0.128933198,-101,0.024578094,0.02775906,0.252225148,-0.022494647,0.071929174,0.031042631,0.03893256,-0.037014264,-215.5,-0.482428475,-0.047154107,-89,-241.5,-284.5,-295,-133.5,0.094308215,0.058371181,-148,-116.5,2
-15,1006,0.245509586,-76,0.069780349,0.089544414,0.333360854,-0.047709981,0.093861916,0.069754466,0.0629828,-0.086268286,947,-1.265976389,0.111833129,-59,-119.5,337,601.5,674.5,-0.223666258,0.094500074,36.5,-42.5,2
-47,359,-0.203048235,-77,0.051175575,0.064113582,0.309158772,-0.042888318,0.07346077,0.046499153,0.016643202,-0.057327526,352,-1.282412968,-0.085195034,-7,-150,5.5,177,325,0.170390068,0.024979282,-120,-83,2
-302,-71,-0.22372207,-387.5,0.047408504,0.087905902,0.300365551,-0.04023793,0.102850439,0.140524721,0.118295945,-0.142144861,-352.5,-2.640320811,-0.018064165,-281.5,-454.5,-538,-338.5,-306.5,0.036128331,0.177392845,-476.5,-336.5,2
-320,975,-0.547100733,-273,0.045216432,0.087581469,0.356658917,-0.033708803,0.160607836,0.18020975,0.15610142,-0.168487782,723.5,-2.90139818,-0.166892569,-251.5,-263.5,310.5,561,682.5,0.333785139,0.234141645,13.5,-81,2
-500.5,95,-0.361533173,-483,0.05395991,0.118859549,0.249928707,-0.04914836,0.143299326,0.181926229,0.20017813,-0.187823037,-365,-3.410255524,0.025592372,-460,-589.5,-596,-403,-235.5,-0.051184743,0.30018926,-528.5,-475.5,2
-268.5,713.5,-0.246371057,-296,0.002425041,0.061858373,0.330377634,-0.035930994,0.128282206,0.15405069,0.10896252,-0.133609774,485,-2.927651805,-0.508589048,-228.5,-263,380,883.5,824.5,1.017178097,0.163433791,132.5,-87.5,2
-273,1540.5,-0.24341592,-171,0.044109452,0.075264647,0.314970839,-0.016114364,0.113133035,0.121396801,0.118249536,-0.120210197,1336.5,-0.924274958,0.072824912,-204,-121.5,701,709.5,1060.5,-0.145649823,0.177384106,369.5,60.5,2
-403.5,2756,-0.292398074,-296.5,0.051772505,0.148731263,0.401916089,-0.068533964,0.203332682,0.215455938,0.19814253,-0.202929724,2410,-3.483737327,0.090121165,-346,-194.5,1437.5,2161,2299,-0.180242329,0.297228154,528.5,-19.5,2
-441.5,-62,-0.302753594,-508.5,0.021672868,0.166631475,0.385475029,-0.079199191,0.228146101,0.250115111,0.20665725,-0.223855375,-483,-2.96685465,-0.289077082,-421,-669.5,-488,-455.5,-542,0.578154164,0.309882764,-661,-489,2
-556,185.5,-0.699218439,-639,0.101189394,0.115926997,0.359518455,-0.011668005,0.212758584,0.248900186,0.22948037,-0.265440701,-311,-4.33308297,-0.027785072,-496.5,-760,-744,-487.5,-518,0.055570144,0.344132437,-374,-359,2
-700,691.5,-1.70158412,-549.5,0.059951629,0.114803266,0.363859227,0.008342448,0.175442722,0.229596941,0.23087186,-0.231373326,187,-3.592633574,8.929637818,-504.5,-536,-185,-97,-268.5,-17.85927564,0.346253585,-229.5,-268,2
-186,-568.5,-0.538038616,-207.5,0.08411918,0.036890417,0.290012379,-5.89E-04,0.12293615,0.063628919,0.05588931,-0.08238918,-696,-2.500457937,0.103339604,-127.5,-461,-854.5,-852,-861.5,-0.206679207,0.083741613,-395,-202.5,2
-497,1073,0.160520032,-495.5,0.009533627,0.102237453,0.375652773,-0.021737609,0.22060962,0.275654496,0.2626922,-0.236672646,531,-2.903364646,-0.278593918,-542,-443,358,487.5,508,0.557187836,0.3939901,101.5,-157.5,2
-312,-1007,-0.677758948,-343,0.025209067,0.0436586,0.28140448,-0.025444476,0.096492872,0.108687368,0.080787465,-0.102879866,-1256,-2.690870924,-0.280994581,-249,-518,-1096,-1150,-1100,0.561989162,0.121021652,-704,-339,2
-493.5,-66,-1.513739084,-498.5,0.105826802,0.04998705,0.336248419,0.018146038,0.087931918,0.160569403,0.12895626,-0.185784252,-378.5,-3.000945416,0.089614869,-312.5,-539,-838.5,-770.5,-490.5,-0.179229738,0.193379061,-120,-215.5,2
-330,-1096.5,-0.173964371,-503.5,0.021513028,0.074416111,0.361730576,-0.040316993,0.154476253,0.13360515,0.10046635,-0.124245765,-1430,-1.538342214,-0.209777717,-333.5,-793.5,-1258.5,-1438.5,-1418.5,0.419555433,0.150590599,-728,-475,2
-512,-292,-0.51858669,-525,0.060625853,0.188997599,0.378408286,-0.084783279,0.218736129,0.201513777,0.21651158,-0.203291278,-773,-2.499976865,0.798434197,-481,-763,-895,-976,-1040,-1.596868393,0.324637733,-961,-592,2
-374,-226,-0.333970427,-403,0.062223941,0.061087432,0.29658417,0.007983174,0.115511797,0.143184993,0.14641565,-0.150681022,-567,-3.5950729,-0.010228554,-341,-531.5,-768.5,-608.5,-892.5,0.020457107,0.219545002,-431,-293.5,2
-198.5,-381,-0.318557242,-278,0.037264409,0.055003068,0.315882614,-0.027374458,0.092696219,0.105377262,0.06782819,-0.102976045,-541,-1.338460234,-0.059592367,-160,-380,-606.5,-636.5,-504.5,0.119184733,0.101686019,-395,-238,2
-294,131,-0.387729129,-262,0.008219519,0.043031634,0.29526037,-0.003786024,0.156759631,0.133735517,0.1250981,-0.116728141,-121,-2.791625056,0.129530239,-252,-368,-134,24,-136,-0.259060478,0.18760045,-51,-125,2
-289,291,-2.576212187,-155,0.039132064,0.032897686,0.296951325,0.002387281,0.085103822,0.088614943,0.05852567,-0.089842151,199,-2.318193751,-0.021987123,-92,-187,-41,75,98.5,0.043974245,0.087781653,-13,-38,2
-412,-209,-1.167678461,-402,0.069018271,0.097729157,0.377743807,-0.028883604,0.149304193,0.176847925,0.15849563,-0.175924241,-523,-3.434161144,-0.015608094,-314,-491,-674,-637,-625,0.031216188,0.237644879,-422,-300,2
-415,-793,-0.972529167,-479,0.071357648,0.083928004,0.322900164,-0.024716471,0.179430054,0.17322193,0.12909459,-0.169703501,-1116,-3.704155008,-0.015007172,-323,-658,-1090,-1087,-1132,0.030014344,0.193505586,-669,-418,2
-417,-347,-0.9412709,-501,0.052245272,0.039351628,0.302311957,0.007793925,0.157823319,0.180758149,0.12081857,-0.175673252,-658,-3.232902216,-0.126576944,-311,-630,-780,-645,-590,0.253153888,0.181158008,-303,-252,2
-505,-1588,-2.562430856,-475,0.022188646,-0.125504445,0.123887619,0.133052183,0.023772446,0.103363932,0.04200893,-0.095783091,-1854,-0.956978385,-0.009975991,-266,-520,-1507,-1904.5,-1774,0.019951982,0.062860381,-573,-209,2
-413,-276,-0.289337739,-509,0.066795039,8.91E-04,0.264959011,0.049930177,0.077063172,0.212433813,0.18081802,-0.206676405,-677,-2.800550022,-0.01919427,-401,-361,-788,-832,-722,0.038388541,0.271116439,-266,-146,2
-402,-72,-0.780017531,-390,0.035502668,0.091693768,0.334397584,-0.030493497,0.168042844,0.19418529,0.17008235,-0.175710795,-404,-3.322572747,0.189086878,-332,-458,-453,-398,-372,-0.378173757,0.255033361,-379,-289,2
-169,659,0.023263206,-215,0.044817079,0.074445629,0.305783105,-0.021367773,0.159720508,0.136035306,0.11702275,-0.134138775,478,-2.575703444,0.047343997,-181,-314,138,447,340,-0.094687995,0.17552396,26,-70,2
-280,-441,-0.481037456,-457,0.048992262,0.004473669,0.312789022,0.036467146,0.153352883,0.155675009,0.08023151,-0.152340348,-659,-2.14466607,0.04076097,-218,-643,-763,-700,-919,-0.08152194,0.120290112,-197,-125,2
-420,-239,-1.200050395,-416,0.026919549,0.073687163,0.325231605,-0.011577031,0.140415214,0.17063761,0.14017661,-0.159418852,-551,-1.852891605,0.166541363,-312,-502,-563,-674,-616,-0.333082725,0.210181461,-367,-304,2
-287,95,-5.079116293,-225,-0.00303596,0.024331207,0.260752086,0.015415406,0.172261815,0.205007251,0.114000104,-0.167848616,-41,-3.014644216,0.022351741,-136,-228,-22,12,84,-0.044703482,0.170935457,2,-45,2
-172,0,-0.578348817,-173,0.024110436,0.025920291,0.24970458,0.013406944,0.133452513,0.114762764,0.08758188,-0.112978636,-120,-3.474727211,0.459738568,-120,-270,-182,64,-172,-0.919477135,0.131313442,-40,-72,2
-352,-230,-0.412888919,-391,0.07797277,0.119490457,0.37062977,-0.045363169,0.173480972,0.15258372,0.14760807,-0.155164908,-548,-3.810499266,0.044326102,-318,-591,-786,-584,-876,-0.088652204,0.221332006,-710,-384,2
-334,1718,0.110137483,-293,0.038370171,0.236879795,0.391308645,-0.135520888,0.243071909,0.214741449,0.22461149,-0.199305917,1342,-2.059833214,0.063717579,-376,-368,815,959,1189,-0.127435159,0.336909433,-317,-363,2
-120.5,203.5,0.010188717,-159,0.037680368,0.085215801,0.346603844,-0.049273386,0.129787236,0.081631474,0.072432905,-0.08296714,75,-1.333718303,-0.155941348,-128.5,-328,-133.5,-45,-51.5,0.311882696,0.108630678,-279.5,-178,2
-237,-98,-0.421978155,-278,0.028549831,0.081613414,0.335852767,-0.04414794,0.118144543,0.129356464,0.09762722,-0.120861717,-289.5,-1.878652318,0.129695633,-191.5,-352.5,-361.5,-327.5,-297.5,-0.259391266,0.146387979,-436.5,-215.5,2
-246,37.5,-0.306037437,-307,0.040347723,0.094468418,0.337662751,-0.052676815,0.13831362,0.135894391,0.10468331,-0.132821087,-175,-2.122679943,0.027973752,-212.5,-421,-348.5,-234,-178,-0.055947505,0.156982258,-437.5,-244,2
-210.5,288.5,-0.398300535,-212,0.040268524,0.055527172,0.296455505,-0.018147284,0.062531764,0.097357227,0.08075265,-0.100035271,132,-2.294643451,-0.514561074,-156.5,-193,-125,129,30.5,1.029122148,0.121112094,-101,-115,2
-313.5,-628.5,-0.413496185,-387.5,0.049707482,0.109110545,0.364254826,-0.065243334,0.112664642,0.11565234,0.099378265,-0.119000694,-896.5,-2.29014435,0.189496602,-268,-546,-952,-949.5,-935,-0.378993204,0.1489852,-689.5,-417.5,2
-174.5,446.5,-0.107760813,-207.5,0.029145078,0.109634968,0.339011479,-0.062518961,0.148576859,0.122303694,0.09743471,-0.115587337,282.5,-1.685992337,0.097574024,-164,-317,69.5,208.5,171,-0.195148048,0.146137483,-294.5,-200.5,2
-742.5,-953.5,-1.013722893,-881,-0.0013534,0.114365733,0.35282972,-0.041420816,0.192300051,0.26893181,0.21874483,-0.24090393,-1626.5,-3.357217595,-0.044476612,-673,-1046.5,-1360,-1424.5,-1510,0.088953223,0.327934198,-1016,-673.5,2
-466.5,-796.5,-0.533826627,-609,0.038378631,0.118872998,0.33869211,-0.054517399,0.147135113,0.183544071,0.14155707,-0.178428469,-1217,-2.462210482,0.32624748,-420.5,-803.5,-1152.5,-1181.5,-1230.5,-0.65249496,0.212213156,-921,-570.5,2
-147,144.5,0.251479191,-221.5,0.030061918,0.150755157,0.362286956,-0.10110648,0.130952954,0.094870801,0.0997339,-0.095442638,-60,-1.554033167,-0.037944493,-204.5,-384.5,-210,-74,-180.5,0.075888986,0.149567873,-637,-376,2
-147.5,22,-0.103461194,-248.5,0.047775259,0.055159883,0.284220611,-0.024389444,0.058576166,0.089975702,0.062608406,-0.099484596,-117,-1.665495622,0.013750009,-139,-272,-353,-201.5,-163,-0.027500019,0.093888623,-282.5,-160.5,2
-154,-329.5,-0.212766843,-202.5,0.059722956,0.077398891,0.296772191,-0.043407464,0.066683502,0.050814035,0.051615052,-0.069573376,-461.5,-1.315562516,-0.067009656,-132,-340,-632.5,-622,-575.5,0.134019312,0.077373539,-511,-259.5,2
-63.5,431.5,0.116535213,-110,0.032996164,0.06913819,0.278762397,-0.044966443,0.079584555,0.065154632,0.05905318,-0.072152057,344,-1.123709196,0.038669779,-87.5,-167,94,265,388.5,-0.077339559,0.088579241,-186.5,-100,2
-261.5,-387,-0.408419993,-310.5,0.024606375,0.087536756,0.31292089,-0.04590573,0.13098336,0.122802258,0.105154835,-0.118812343,-615,-3.0200795,-0.136452985,-228,-448.5,-617.5,-454.5,-654,0.272905971,0.157643285,-563.5,-295.5,2
-244.5,-505,-0.307096506,-321,0.018866049,0.024946769,0.281343065,-0.017887137,0.128478658,0.11236549,0.08095118,-0.103024854,-718,-1.981375448,0.029502598,-213,-491.5,-658,-623.5,-425.5,-0.059005197,0.121357998,-360,-202.5,2
-153.5,-344.5,-0.13698567,-210.5,-0.003008764,0.008630752,0.2496773,0.003222835,0.045994891,0.07953479,0.05444763,-0.067342148,-488.5,-1.2094083,-0.159092517,-144,-239,-382.5,-339,-415,0.318185034,0.081621207,-244,-138,2
-141.5,419.5,-0.160557736,-127,0.021176775,0.023872542,0.258225734,-0.001455312,0.066642072,0.079992488,0.07326131,-0.078802245,303,-1.129692539,0.021066278,-116.5,-116,130,221,349.5,-0.042132556,0.109885565,93.5,10,2
-219.5,2167.5,0.42600095,-210,0.033977076,0.133111893,0.32959109,-0.053315806,0.145338479,0.187261832,0.19650626,-0.17701005,1847,-2.898829962,-7.185358489,-320.5,-22,1181,1784.5,1506.5,14.37071698,0.294763952,90.5,-14,2
-258.5,545,0.336068742,-318.5,0.056948132,0.117992249,0.309762465,-0.055594169,0.091895127,0.124545899,0.15814625,-0.14089877,209.5,-2.030077506,0.969813128,-335.5,-306.5,-156.5,44,108.5,-1.939626256,0.23718568,-468.5,-272,2
-194.5,-1062.5,-0.135118146,-295.5,-0.025619332,-0.030665638,0.216065094,0.019477163,0.009746566,0.042069585,0.016928736,-0.024505107,-1248.5,-0.213103011,0.15714321,-186,-371.5,-951,-1128.5,-1185,-0.31428642,0.025316883,-426.5,-256.5,2
-193.5,-283,-0.304026851,-216.5,0.018471936,0.006310252,0.250277742,-4.16E-04,0.028916671,0.049647835,0.042051412,-0.052841821,-429.5,-1.134280937,0.262797299,-146.5,-257.5,-466,-419.5,-259,-0.525594599,0.063050308,-115,-123.5,2
-216,940,-0.249287884,-203,0.056780152,0.097699853,0.3359605,-0.047859688,0.108975927,0.112762652,0.10583925,-0.121659838,761,-2.185882818,-0.217404432,-179,-219.5,235.5,533,643,0.434808864,0.158759651,-12.5,-127.5,2
-219,-1025,0.126800802,-335,0.014123627,0.040671473,0.284759152,-0.018444256,0.086274513,0.055702678,0.058612287,-0.055612439,-1264.5,-0.73341731,0.066257734,-239.5,-563,-1089.5,-1187,-1355,-0.132515467,0.087809353,-788.5,-357,2
-233.5,-1092.5,-0.068906559,-379.5,0.055261017,0.027071954,0.265853377,0.006928575,0.02122054,0.037342938,0.046507336,-0.061965451,-1323.5,-1.316864944,-0.125385973,-231,-530.5,-1331.5,-1406.5,-1653,0.250771945,0.069661309,-815.5,-351.5,2
-147,1377,-0.44767666,-72.5,0.034058348,0.115854598,0.356785293,-0.05291507,0.094376114,0.125573991,0.09414562,-0.123632202,1312.5,-1.5020671,-0.143998355,-64.5,63.5,830,1030,1087,0.28799671,0.141250102,171.5,-10,2
-242,396,0.263600431,-238,0.026625598,0.158850151,0.346780329,-0.091057306,0.09961317,0.119770614,0.1556484,-0.115156992,88,-1.34336444,0.252334343,-308,-262.5,-67,-59,-62.5,-0.504668687,0.233430784,-530.5,-383,2
-215,-474,-0.296251788,-247.5,0.077236417,0.075142845,0.331132811,-0.020299891,0.047988511,0.039250323,0.07031535,-0.071348347,-661.5,-0.085161266,0.102693947,-187.5,-400,-841.5,-1069.5,-976,-0.205387894,0.105400033,-614,-301,2
-251,-391,-0.148588404,-362,0.036060017,0.044384209,0.31444003,-0.012193055,0.127879391,0.127513464,0.10265715,-0.127188593,-636.5,-2.348987758,0.247490994,-245.5,-499.5,-695,-593,-621.5,-0.494981988,0.153911509,-379,-230.5,2
-383,60,0.177514252,-410,0.042779701,0.229384636,0.302521073,-0.132247448,0.184658375,0.192832427,0.21795624,-0.188381969,-381,-2.583297585,0.018866494,-441,-581,-491,-470,-417,-0.037732989,0.326830021,-949,-698,2
-375,563,0.185367728,-389,0.028984908,0.23634981,0.315540685,-0.1309754,0.219167826,0.246609671,0.25458023,-0.225929374,142,-2.960825268,0.068916019,-421,-445,-10,103,204,-0.137832038,0.381790102,-482,-542,2
-321,499,-0.381095394,-256,0.029262143,0.201692833,0.325880865,-0.107763141,0.182550637,0.18662389,0.19902538,-0.175540808,216,-2.859352649,-0.016372171,-283,-318,58,179,214,0.032744342,0.298479052,-296,-369,2
-1359,235.5,-25.50368826,-1153,0.087085719,0.248685754,0.406945098,-0.040335529,0.305187994,0.391337816,0.44601482,-0.393724997,-945,-7.224818259,0.065043276,-1180.5,-1287,-1107,-950.5,-1050,-0.130086551,0.668830084,-1131,-972.5,2
-2204.5,1707.5,4.45373844,-1901.5,0.058524253,0.340077363,0.404223541,-0.063852898,0.381719418,0.569513344,0.57225835,-0.550868768,-66.5,-8.557792477,-0.065901874,-1774,-1440,-411,-128,-176,0.131803748,0.858261101,-1529,-1252.5,2
-5942.5,3395.5,2.490625644,-5366.5,0.152617187,0.481209124,0.530776271,-0.051500982,0.594334938,0.750073774,0.8788384,-0.821412528,-1827.5,-11.35487847,-0.096882455,-5223,-4987,-2862.5,-2190,-1884,0.193764911,1.318087196,-3142.5,-3243.5,2
-5538.5,1971.5,2.62385181,-4405,0.109242936,0.458966445,0.494781026,-0.063428771,0.558187394,0.720084048,0.77758527,-0.752812588,-2070.5,-11.58769647,-0.16574748,-4042,-4081,-2581,-2374.5,-2278.5,0.33149496,1.166187822,-3279.5,-2886,2
-307,297,-0.202889534,-375,0.033993141,0.11406537,0.329308742,-0.05148682,0.14924086,0.167339007,0.13495441,-0.158253757,10,-1.918450077,-2.23064257,-287,-452,-184.5,-117.5,-74,4.461285141,0.202394222,-458.5,-310.5,2
-274.5,-1134.5,-0.348415769,-382.5,0.109910984,0.121258396,0.387270548,-0.05495374,0.175453746,0.107578996,0.097997315,-0.125297445,-1383.5,-2.576138752,-0.096856688,-249,-712.5,-1409,-1576,-1663.5,0.193713376,0.146832992,-919.5,-484,2
-464,-848.5,-1.140106712,-596.5,0.035794221,0.0205393,0.2423646,0.034692706,0.176191374,0.211879253,0.114832975,-0.199196338,-1186,-3.3951636,-0.073629941,-337.5,-835.5,-1126.5,-1128.5,-1249,0.147259882,0.172132091,-572,-395.5,2
-527,115,-1.16204778,-524,0.036959519,0.095147858,0.315591001,-0.016425603,0.174449843,0.203948522,0.16939327,-0.196063247,-283,-2.823176721,-0.021415418,-398,-627.5,-451,-373.5,-458,0.042830836,0.254030516,-483.5,-329.5,2
-231,-505,-0.069719267,-346,0.039459962,0.037893662,0.297581154,-0.007437389,0.094594789,0.113401467,0.09091468,-0.110708765,-744,-1.409544013,-0.232823266,-239,-489.5,-797,-842,-745,0.465646532,0.136307418,-413.5,-271.5,2
-319,-66.5,-0.601334508,-355.5,0.033056645,0.066572685,0.306217253,-0.015127824,0.18438445,0.173858794,0.12761681,-0.157336308,-320,-2.756532516,-0.111813432,-253.5,-511.5,-390,-292,-349,0.223626864,0.191360372,-341.5,-211,2
-308,-672,-0.100619701,-475,0.087085649,0.05452286,0.292875954,0.002872009,0.114423197,0.136461195,0.112705074,-0.15026946,-982,-2.351581052,-0.148694874,-310,-668,-1237,-1214,-1286,0.297389748,0.168974466,-602,-369,2
-277,28,-0.124148629,-327,0.013485523,0.094964527,0.323274159,-0.037764704,0.144683741,0.136186852,0.1214115,-0.126393032,-246,-1.283408374,0.049207257,-274,-468,-279,-288,-398,-0.098414515,0.182069042,-304,-308,2
-326,-403,-0.125032144,-475,0.061497149,0.058129591,0.332641176,0.014349648,0.097535378,0.14219013,0.12101965,-0.150847917,-730,-1.743293388,-0.124980885,-327,-559,-942,-949,-1225,0.249961769,0.181461528,-468,-319,2
-466,-149,-0.136648237,-495,0.041760722,0.1246447,0.312756893,-0.053005458,0.203694571,0.209295418,0.21714474,-0.197887588,-628,-2.361897321,-0.048781654,-479,-680,-682,-744,-546,0.097563309,0.325602803,-733,-480,2
-306,143,-0.159994885,-357,-0.021589366,0.050037201,0.313539724,-0.009885022,0.186119247,0.190758016,0.14393659,-0.154181379,-157,-1.553201282,-0.353301943,-300,-438,-13,-14,-49,0.706603887,0.215852628,-54,-157,2
-401,89,-0.232226808,-419,0.03905181,0.061729279,0.332269199,-0.014399783,0.131543548,0.146375183,0.14457887,-0.138700136,-295,-2.697653638,-0.219969353,-384,-522,-471,-315,-313,0.439938706,0.216822899,-242,-256,2
-390,-164,-0.560854316,-445,0.066717267,0.091538941,0.35603948,-0.036662284,0.149450375,0.17442085,0.15568446,-0.176178147,-503,-3.07387485,0.405380572,-339,-543,-687,-596,-445,-0.810761145,0.233444217,-419,-310,2
-423,-398,-0.447785738,-492,0.024969603,0.071039469,0.36908483,-0.024735414,0.148618348,0.16020548,0.1336532,-0.147299984,-771,-1.753734672,-0.317057491,-373,-645,-756,-840,-738,0.634114983,0.200411885,-451,-356,2
-522,-1585,-1.180281375,-593,0.020951339,0.022544283,0.260498643,0.034425523,0.118310688,0.150065817,0.108330384,-0.137602333,-1980,-2.107254024,-0.196319155,-395,-795,-1677,-1902,-2280,0.39263831,0.162319994,-1066,-504,2
-641,320,-0.796503785,-667,0.054105505,0.135916916,0.338947861,-0.039730937,0.163595459,0.260763363,0.2409833,-0.252437692,-252,-4.035531472,-0.109283909,-572,-606,-499,-277,-251,0.218567818,0.361397704,-538,-443,2
-351,-427,-0.424457459,-399,0.042878762,0.066622785,0.337139898,-0.017524824,0.177287589,0.158853226,0.1413847,-0.152429227,-743,-2.482261483,0.020514867,-316,-615,-782,-790,-810,-0.041029734,0.211976129,-490,-289,2
-411,-650,-0.202950428,-491,0.056753488,0.120581163,0.39479826,-0.059055872,0.174446268,0.154725735,0.16040097,-0.155008759,-1058,-2.847323484,0.016698422,-408,-730,-1086,-1125,-1170,-0.033396845,0.240485253,-691,-514,2
-563,480,1.097271681,-761,0.045443655,0.14348839,0.389547463,-0.050090893,0.300924509,0.268993432,0.3455744,-0.25656517,-448,-3.787839197,-0.380058807,-928,-1091,-607,-388,-561,0.760117614,0.518255908,-529,-496,2
-493,-904,-0.008686488,-577,0.076882721,0.192611343,0.439419305,-0.101714034,0.203191084,0.171057404,0.20648721,-0.176574852,-1437,-4.048233184,0.084498567,-533,-847,-1365,-1384,-1606,-0.168997134,0.309542062,-1018,-763,2
-394,-1560,-0.582243059,-513,0.015167902,-0.081154021,0.225548321,0.09556772,0.032878124,0.133832258,0.09602971,-0.11840576,-1900,-2.559610182,-0.310930964,-340,-571,-1522,-1668,-1786,0.621861927,0.143835789,-549,-335,2
-356,571,-0.079989387,-411,0.08695377,0.119778085,0.353806859,-0.043738284,0.148761581,0.166376196,0.17211491,-0.183621196,215,-2.012863461,-0.017946886,-356,-514,-341,-284,-1,0.035893773,0.258134545,-263,-278,2
-380,-43,-0.421841591,-424,0.061739037,0.086964727,0.350363352,-0.029501287,0.117960977,0.155065131,0.14147672,-0.15910636,-374,-2.805108119,-0.049408633,-331,-519,-617,-473,-405,0.098817267,0.212155531,-258,-310,2
-233,106,0.079362915,-328,0.042578717,0.06465177,0.337250462,-0.029536666,0.134505189,0.139664654,0.11986288,-0.133167719,-160,-3.069081682,-0.002117137,-266,-442,-355,-49,-89,0.004234274,0.179752838,-137,-204,2
-471,-614,-0.130256491,-607,0.036929919,0.102253305,0.282100762,-0.043803211,0.134646465,0.239404946,0.20314102,-0.223035086,-1100,-2.821489899,-0.161828066,-486,-658,-1052,-1088,-943,0.323656131,0.30455952,-858,-576,2
-270,-13,-0.489434658,-310,0.027556262,0.025046221,0.301331147,0.015794685,0.091622376,0.136562423,0.0953606,-0.127979006,-223,-1.87700439,0.136534573,-210,-313,-318,-255,-266,-0.273069146,0.142999931,-5,-115,2
-677,-1438,-1.696004956,-747,0.071250633,0.035430218,0.267110202,0.037941548,0.146705879,0.192700308,0.18811257,-0.201885399,-1994,-3.332555185,-0.095345529,-556,-969,-1886,-2088,-2151,0.190691058,0.281912533,-1137,-578,2
-626,-230,-0.68238948,-686,0.043939658,0.140625306,0.39247617,-0.042568402,0.208602465,0.258889256,0.2456628,-0.248000594,-817,-3.281554004,-0.035632006,-587,-776,-870,-891,-904,0.071264013,0.368365895,-613,-534,2
-361,-285,0.016737228,-461,0.052046075,0.044096389,0.292959256,-0.004519842,0.088681974,0.148237382,0.15375237,-0.154982309,-678,-3.549197836,-0.105895697,-393,-537,-846,-520,-569,0.211791395,0.230548664,-354,-299,2
-255,474,-0.208427543,-273,0.038928221,0.093609081,0.320431741,-0.042297007,0.116552978,0.126830438,0.10812329,-0.124984297,254.5,-1.868775288,0.085800208,-219.5,-327.5,-34,113.5,140,-0.171600417,0.16216652,-263.5,-207,2
-226,-367.5,-0.07205536,-255,0.026061235,0.075136531,0.296503196,-0.03383635,0.108258651,0.081729368,0.09611223,-0.082171091,-603.5,-1.657615144,0.21464098,-236,-467,-621.5,-603.5,-730,-0.42928196,0.144100081,-601,-313,2
-109,601,-0.124455216,-122,0.044564023,0.045226897,0.312132814,-0.009646633,0.09163294,0.072675571,0.05763813,-0.080235464,515,-0.729557972,0.090909489,-86,-187,142.5,190,318,-0.181818979,0.086463976,57,-15,2
-273.5,52,-0.434703198,-306.5,0.070127682,0.047072724,0.296301172,0.006060537,0.116880646,0.117309298,0.10362811,-0.134175265,-156,-2.720833443,-0.159485545,-208,-435,-474,-306.5,-331,0.31897109,0.155399589,-101,-145,2
-169.5,-1373.5,-0.244773681,-276.5,-0.025723665,-0.03253195,0.25445202,0.027915085,0.128155718,0.066750054,0.05273444,-0.048270524,-1539,2.191233852,-0.092528263,-165.5,-534,-1221.5,-1679,-1551,0.185056525,0.078806801,-624.5,-278.5,2
-212.5,349,-0.080582355,-241,0.063157009,0.143771854,0.294269545,-0.057803166,0.133187361,0.125819016,0.135345,-0.147006434,144,-1.182578949,-0.054476574,-205,-334.5,-161.5,-171,-94.5,0.108953148,0.202978698,-359.5,-274,2
-108,437,0.12913336,-166.5,0.047663098,0.089344094,0.343447252,-0.054546967,0.133080088,0.08962642,0.08275183,-0.095814854,299.5,-1.549324095,-0.104334822,-137.5,-316,-19,161.5,260,0.208669644,0.124118482,-145,-155.5,2
-174.5,-1220.5,-0.12943989,-315.5,5.81E-05,0.018028698,0.29952916,0.002710362,0.162788057,0.082792208,0.055032972,-0.071704618,-1412,-0.548279903,-0.072751104,-191.5,-643.5,-1154.5,-1311.5,-1479,0.145502208,0.082326541,-532.5,-300.5,2
-238,5,0.058943883,-262,0.030348073,0.156444663,0.331418909,-0.096212068,0.177104075,0.132732087,0.14547077,-0.127043102,-260.5,-1.701864671,0.089960415,-265.5,-461,-324,-322.5,-251,-0.179920829,0.218129151,-479.5,-411,2
-92,-93,-0.104303189,-198,0.069249027,-0.012107445,0.289642417,0.033531811,0.110881177,0.058970312,0.03187036,-0.077521516,-170.5,-2.287797034,-0.146097255,-77.5,-427.5,-514,-245,-357.5,0.29219451,0.047788047,117,-0.5,2
-153.5,-336,-0.066094201,-247.5,0.058785712,0.055507007,0.31394719,-0.020222344,0.123163559,0.083940451,0.06800832,-0.097365191,-493.5,-1.852600544,0.051147902,-157.5,-476,-658,-575.5,-649,-0.102295804,0.101950384,-337.5,-205.5,2
-292.5,173,-0.498809998,-331,0.074021622,0.056567322,0.344489956,-0.007771185,0.142080928,0.119769555,0.10429357,-0.133806279,-57,-2.392640231,-0.15812343,-230,-510.5,-454,-289.5,-299,0.31624686,0.156408924,-204.5,-149,2
-210,187.5,0.374479875,-316.5,0.067098551,0.074253793,0.305185694,-0.027764389,0.153812403,0.119974382,0.14075793,-0.130650696,-121.5,-2.141701645,0.120956827,-309,-535.5,-471,-304.5,-268,-0.241913654,0.21109133,-327.5,-213.5,2
-324.5,-1030.5,-0.540637757,-410.5,0.028510695,0.021071284,0.278094803,-0.008117903,0.094408064,0.097993248,0.080853775,-0.099314586,-1297.5,-2.261513228,0.70183189,-267,-601,-1207,-1220.5,-1155.5,-1.403663779,0.121162851,-690,-325,2
-165,-491.5,0.024097373,-253.5,0.045388939,0.06522974,0.310102151,-0.03730025,0.094154211,0.073864632,0.07447731,-0.083665237,-677.5,-1.336953903,0.362428061,-186,-440.5,-765,-769,-702,-0.724856123,0.111640368,-490.5,-289.5,2
-320.5,178.5,-0.333120712,-287.5,0.017590982,0.107874502,0.308049501,-0.053382697,0.135195816,0.123829915,0.13926665,-0.120673789,-103.5,-1.752570041,0.268419803,-282,-430,-179.5,-130,-94,-0.536839606,0.208850618,-381.5,-286.5,2
-154.5,187.5,-0.188825035,-209.5,0.045273413,0.020222362,0.277505393,7.95E-04,0.097309989,0.077798547,0.05316648,-0.087284061,72,-1.567003046,-0.050197037,-115.5,-358.5,-228,-35,109.5,0.100394073,0.079738704,6.5,-42,2
-191.5,-5,-0.052242859,-233.5,0.041316631,0.065375883,0.28322824,-0.0309342,0.113019011,0.080065887,0.08969904,-0.090628866,-199,-1.382638984,0.203206968,-194,-440.5,-390.5,-323,-227,-0.406413937,0.134510405,-275.5,-208,2
-205,368,-0.105001785,-222.5,0.040471411,0.085702225,0.315251044,-0.044555826,0.101349121,0.11415822,0.11086218,-0.118187998,175,-1.890528376,-0.339838869,-193,-268.5,-67,92.5,214.5,0.679677738,0.166268267,-224.5,-164,2
-131.5,177.5,-0.089954314,-189,0.036186607,0.062084536,0.299209911,-0.028503329,0.097865183,0.077758495,0.06027627,-0.086016001,60,-1.06626308,0.04588171,-117.5,-323,-161.5,-68,-33,-0.091763421,0.090399756,-129,-145,2
-104,942.5,-0.060441528,-91,0.058727985,0.055862069,0.317274979,-0.026065883,0.104631897,0.067623083,0.06543186,-0.08076086,857.5,-1.907625772,-0.111901671,-85,-184,294,641,782.5,0.223803342,0.098163475,144,12.5,2
-155,1117.5,-0.106437704,-110,0.050191636,0.119923011,0.303168557,-0.060577769,0.12732451,0.112522562,0.113736816,-0.114469958,979,-2.469383405,0.022106229,-138.5,-122,495,853.5,814,-0.044212457,0.170623279,61.5,-70.5,2
-233.5,-174,-0.279386066,-284.5,0.069683119,0.060030277,0.325606689,-0.024774014,0.084808477,0.11170926,0.09945007,-0.122057136,-377,-2.120073433,-0.347132766,-203,-384.5,-623.5,-574,-373,0.694265532,0.149115702,-393,-207,2
-217,-720,-0.15234264,-274,0.015928967,0.02388324,0.24591891,-0.002769487,0.131697403,0.089116663,0.09828558,-0.084549749,-945.5,-2.499813567,-0.17589581,-225.5,-532.5,-840,-797.5,-919.5,0.351791621,0.147286712,-529.5,-288.5,2
-191.5,624.5,-0.105985772,-249,0.048663584,0.064485286,0.309267393,-0.025547317,0.138735605,0.122488275,0.09492794,-0.126277851,450,-1.610829876,0.102547719,-174.5,-356.5,62,225,439,-0.205095438,0.142384968,-25,-84.5,2
-285,-364,-0.076706447,-371.5,0.043039561,0.097294349,0.320400656,-0.043625248,0.143195962,0.122551007,0.12287287,-0.126599971,-660,-2.040023738,-0.105410105,-296,-617.5,-753.5,-695,-773,0.210820211,0.184230056,-635.5,-382.5,2
-326.5,439.5,-0.091766996,-375,0.035676023,0.183898111,0.371538606,-0.099647526,0.172166118,0.184379173,0.17159656,-0.179266217,113.5,-1.832470497,0.050316853,-326,-471.5,-95.5,-45.5,-32,-0.100633706,0.257348449,-545.5,-425,2
-110,530,-0.12524861,-138,0.037707445,0.07213976,0.341891759,-0.040686323,0.100229092,0.072650231,0.049956758,-0.076552849,445,-1.462987024,-0.061241849,-85,-237.5,109.5,333.5,284,0.122483698,0.074939432,-159,-122.5,2
-258.5,865,-0.221327484,-239,0.024617984,0.17552126,0.353866032,-0.10233198,0.16296272,0.166244598,0.1482397,-0.156232912,638.5,-2.147142231,-0.094862992,-226.5,-262.5,386.5,578,594,0.189725985,0.222347708,-310.5,-285.5,2
-199,1278.5,-0.128507415,-132,0.02317899,0.1411938,0.346928123,-0.07565126,0.100331477,0.121274336,0.11749552,-0.117937578,1106.5,-1.567581769,-0.137312406,-172,-29.5,755.5,983.5,855.5,0.274624811,0.176252771,-28,-176,2
-108.5,983,-0.150184141,-44,0.011367867,0.086859938,0.3063786,-0.054230092,0.060068583,0.070745943,0.062380597,-0.066249852,904.5,-1.13866269,0.100754002,-78.5,40.5,662.5,894.5,874,-0.201508003,0.093588354,-98,-78.5,2
-159,-186,-0.110717076,-221.5,0.019923122,0.047330664,0.284874556,-0.026639857,0.094776807,0.076459515,0.063491575,-0.076706586,-337,-1.139423221,-0.351171566,-151,-364,-393,-355,-306,0.702343131,0.095199654,-369.5,-174.5,2
-150,494.5,-0.293239003,-120.5,0.043051597,0.116221675,0.336888696,-0.078073183,0.067693233,0.068806852,0.06297754,-0.075603237,394.5,-1.793539525,0.108559455,-100,-143.5,62.5,278.5,359.5,-0.217118911,0.094466738,-224.5,-221,2
-164,1648,-0.223485033,-82.5,0.020974779,0.094003049,0.331611074,-0.052818758,0.081792377,0.111269484,0.09379286,-0.105059656,1529,-1.920947458,0.78644256,-119,88.5,1074,1528.5,1568.5,-1.572885121,0.140712025,217,-2,2
-136.5,128.5,-0.0546955,-184.5,0.018948387,0.090392848,0.281670784,-0.055081539,0.063272845,0.085266786,0.070078105,-0.083603656,-9,-0.993498347,-0.031425086,-137.5,-190.5,-111,-56,-43,0.062850172,0.105095276,-417.5,-222,2
-342,-501,-0.341813641,-412,0.021656914,0.079811025,0.292533356,-0.028415976,0.113824977,0.120927497,0.11432012,-0.121160017,-814.5,-1.428372087,0.573436413,-313.5,-585,-809,-906.5,-930.5,-1.146872827,0.171391611,-602,-387.5,2
-293.5,94.5,0.277956664,-356.5,-0.005273423,0.128831858,0.287818292,-0.07713116,0.166918377,0.147507226,0.15380159,-0.126499013,-319,-1.347276398,-0.08786035,-413.5,-544,-232,-266.5,-220.5,0.1757207,0.230646385,-582.5,-479,2
-282.5,-778,-0.476116492,-241.5,-0.033088853,0.074831293,0.303094251,-0.047798287,0.090739405,0.035392657,0.05868307,-0.01370429,-1005,0.045196137,-0.00264773,-227,-476.5,-702.5,-983.5,-1080.5,0.00529546,0.087950211,-810.5,-407,2
-190.5,17.5,-0.298336648,-238.5,0.057685952,0.027707825,0.264442963,0.006382756,0.06273186,0.08956835,0.07447945,-0.103568915,-135,-1.60000979,-0.013280826,-152.5,-290.5,-415,-328,-215,0.026561653,0.111688063,-63.5,-100.5,2
-259,49.5,-0.399068282,-278.5,0.065153766,0.116444454,0.351380383,-0.061682055,0.101789192,0.098164146,0.09802253,-0.115859726,-156,-1.565880436,-0.114212153,-205.5,-402.5,-470.5,-452.5,-293.5,0.228424305,0.1469952,-395.5,-309,2
-329,-594.5,-0.513582585,-436,0.089157239,0.041147239,0.279523256,0.020252135,0.132627988,0.130007867,0.11456101,-0.153194566,-871.5,-1.940629053,0.037873608,-277,-660.5,-1126.5,-1150.5,-1076.5,-0.075747216,0.171739818,-513,-295.5,2
-290,679,-0.219825413,-260.5,0.008042826,0.122184476,0.337020039,-0.060335483,0.126145039,0.136580103,0.1283493,-0.126704367,424.5,-1.13540369,-0.879926761,-254.5,-264.5,307,301,311.5,1.759853522,0.19250686,-304.5,-256,2
-382,204,-0.302457722,-388,0.028408751,0.141754791,0.290743999,-0.074939464,0.192977379,0.17772075,0.17705522,-0.170121951,-157,-1.771508163,-0.265486335,-361,-532,-267,-324,-32.5,0.530972669,0.265517466,-560,-422.5,2
-327,1282,0.17437227,-276.5,0.016642105,0.16149354,0.322363496,-0.069257311,0.146024372,0.178986459,0.20536254,-0.173301156,917.5,-1.978034047,7.106171971,-364.5,-183,690,885,752,-14.21234394,0.308024431,-113.5,-230.5,2
-177.5,720.5,-0.005946897,-157.5,0.022875352,0.07169677,0.278902053,-0.04484679,0.108596989,0.114045253,0.117813505,-0.105563893,530.5,-3.665911935,-0.145587204,-190,-156.5,285,852,797,0.291174409,0.176711632,-41,-63,2
-251.5,-977.5,-0.207977836,-315.5,0.046524742,0.061026249,0.295757233,-0.032222482,0.046141789,0.024146812,0.06233331,-0.045842613,-1217.5,-2.327079417,0.094240119,-240,-524.5,-1172,-1160.5,-1353,-0.188480238,0.093380519,-659,-362,2
-102,212,-0.172258838,-108.5,0.024464609,-0.001705998,0.237654327,0.016131884,0.030668532,0.041922699,0.035656445,-0.049506843,142.5,-1.343121029,0.04125627,-69.5,-106,-39.5,181,81,-0.08251254,0.053480783,86.5,36,2
-288,-1781,0.109132788,-508,0.046007606,0.066343308,0.310077261,-0.04522175,0.059607793,0.0274631,0.04864274,-0.048368885,-2096,-1.952896784,-0.163169831,-315,-872.5,-1909,-1918.5,-2121,0.326339661,0.072833623,-1225,-612,2
-180.5,685,0.094929782,-212,0.021769231,0.109483476,0.329250736,-0.060029076,0.138590974,0.128985136,0.11919105,-0.122148629,480,-1.601555784,0.172911385,-205,-275,261,438,433.5,-0.345822771,0.178774518,-196.5,-180.5,2
-325,-162.5,-0.6554557,-302.5,0.016583588,0.056964812,0.289578453,-0.016713811,0.087956739,0.127230847,0.1210451,-0.116679508,-423,-2.198071802,-0.04689417,-260.5,-333,-405.5,-397,-404,0.093788339,0.181496604,-368.5,-215,2
-344.5,1146.5,-0.194843789,-353,0.055567727,0.166311535,0.360188617,-0.082000118,0.172369579,0.178862502,0.17324325,-0.181746604,815,-3.25195964,0.095870236,-331.5,-401.5,295,747,596,-0.191740473,0.259850078,-430,-309.5,2
0,2923.5,0.412018204,208,0.041931546,0.169011058,0.32203848,-0.106629862,0.113676098,0.081939046,0.1368184,-0.093060867,2859.5,-1.750197542,-0.09067088,-64,380.5,1983.5,2597,2713.5,0.181341759,0.205268743,496,106,2
-238,-106,0.14255656,-307.5,0.037250628,0.120366064,0.337009862,-0.075111028,0.130835291,0.105812497,0.11632574,-0.107995768,-384.5,-2.067624261,-0.062579509,-278.5,-463.5,-489.5,-401.5,-393,0.125159018,0.174434013,-621.5,-379.5,2
-151.5,534.5,0.323740134,-151.5,0.016933932,0.083991695,0.284995452,-0.042221116,0.094588807,0.098502398,0.13091844,-0.097192843,318.5,-1.617629199,-0.624857863,-216,-170.5,177.5,363.5,329,1.249715726,0.196354325,-89.5,-122,2
-199.5,-687,0.018969115,-265.5,-0.032119292,0.036556022,0.233356746,-0.03193451,0.105599506,0.08393491,0.078342766,-0.059366743,-912.5,-1.665494468,-0.09415005,-225.5,-459.5,-651.5,-620.5,-771,0.188300101,0.117398288,-511,-322.5,2
-123.5,-73,-0.191080052,-177.5,0.023659009,-0.024148305,0.217827469,0.039597716,0.048806802,0.075815825,0.049978986,-0.075655292,-175.5,-1.260425794,-0.151113123,-102.5,-195,-251,-172,-217,0.302226246,0.074939752,-37.5,14.5,2
-142.5,-187,0.123068278,-208,0.015509181,0.064619973,0.272496107,-0.037239801,0.106700727,0.083523963,0.08419007,-0.08071263,-361,-1.036339686,-0.061295984,-174,-352,-360.5,-354,-354.5,0.122591968,0.126223771,-379,-210,2
-98,-110.5,0.065377666,-136,0.050200741,0.003691948,0.236463371,0.018710599,0.016112894,0.027667188,0.053053204,-0.049294259,-226.5,-1.178946037,-0.047209656,-116,-186.5,-413.5,-336.5,-422.5,0.094419312,0.079546155,-141,-58,2
-115,799.5,-0.166444614,-95,0.037906854,-0.00358823,0.243343808,0.032502325,0.062408469,0.070293851,0.067420974,-0.077430528,704.5,-1.083368086,-0.1647742,-95,-69.5,308,469.5,500,0.3295484,0.101139695,322,162.5,2
-115.5,-461.5,-0.309179648,-116.5,-0.004724354,-0.053787398,0.212844524,0.047232633,-0.007433873,0.019285587,0.009846665,-0.014356684,-532.5,0.087756716,0.085539133,-71,-121.5,-406.5,-558.5,-495.5,-0.171078266,0.01473653,-30.5,13.5,2
-83,3614,0.252836641,105.5,0.070460521,0.169459809,0.343529623,-0.096755514,0.15002914,0.105594421,0.15115477,-0.117895022,3478,-2.822051607,-0.034664464,-136,174.5,2035.5,2997.5,3111,0.069328927,0.226778064,279,115,2
-115.5,395,-0.143031388,-94.5,0.015720462,0.044655321,0.288041954,-0.014289228,0.080492236,0.056583425,0.054249194,-0.057320507,303,-0.969526971,0.073648058,-92,-175,151.5,267.5,145.5,-0.147296117,0.081371598,-42,-57.5,2
-144,330,-0.111543171,-188.5,0.048257161,0.044596432,0.298125245,-0.016136512,0.102078443,0.092352976,0.07806164,-0.100677443,196.5,-1.715913893,-0.057108434,-133.5,-270,-96.5,72.5,194.5,0.114216868,0.117079106,-80,-65.5,2
-173,229,0.023835245,-258.5,0.062434319,0.080502422,0.282984042,-0.029469962,0.126110936,0.119256989,0.10884083,-0.134138376,42,-1.660656883,-0.053405589,-187,-365.5,-256,-172.5,-84.5,0.106811177,0.16322686,-285,-164,2
-40.5,-283,0.358008198,-216,0.028029607,-0.022384757,0.265008136,0.023292383,0.06648559,0.069049561,0.027974572,-0.07011983,-369.5,-1.201840758,-0.0283394,-86.5,-295,-444,-303.5,-300,0.0566788,0.041936212,16.5,-12,2
-60.5,132.5,-0.104205288,-56.5,0.031268678,-0.069713234,0.173037876,0.081483103,-0.020897732,0.020484349,0.026218379,-0.032210514,89.5,-0.342790543,-0.115279164,-43,16.5,-94,-89.5,-124,0.230558328,0.039324304,281,199,2
-201.5,-573,-0.170551357,-310.5,0.037933014,-0.015986915,0.221629564,0.03654733,0.051456341,0.06829786,0.052856423,-0.077656948,-760,-0.880427111,-0.108848709,-187,-440.5,-820.5,-884,-881,0.217697417,0.079232658,-255.5,-137,2
-168.5,-168.5,-0.085588591,-252,0.029140936,-0.005321521,0.217738127,0.024051027,0.057896235,0.084411362,0.066157304,-0.089178712,-335.5,-0.93047557,-0.424760382,-167,-302,-426,-426,-349,0.849520764,0.099196457,-188,-70.5,2
-147.5,-80,0.00535349,-208,0.042840392,0.013465282,0.231902451,0.00806202,0.105377211,0.079986817,0.07717236,-0.088469025,-240,-1.957636779,0.319588249,-160,-356.5,-380.5,-244,-239,-0.639176497,0.115715254,-158,-88,2
-177.5,-391.5,-0.128875046,-320,0.057299112,0.031012334,0.266662008,-8.88E-04,0.085830983,0.095352371,0.064349085,-0.111314587,-563,-1.948788124,-0.058757894,-171.5,-464,-730,-609.5,-662,0.117515787,0.096464476,-326.5,-186,2
-129.5,299,0.198172465,-163.5,0.027908798,0.10031499,0.301511113,-0.063020614,0.142199767,0.096897745,0.105706386,-0.095973513,130,-1.684072619,0.026084914,-169,-310.5,-23.5,114.5,174.5,-0.052169828,0.158531814,-165.5,-187.5,2
-96.5,385.5,0.466922398,-153.5,0.05322402,0.069701702,0.220544296,-0.017771889,0.068677323,0.067550943,0.11552192,-0.086807985,181,-0.546285922,-0.177642385,-204.5,-215,-117,-116,-50,0.355284769,0.173256968,-138,-128,2
485.5,-281,2.285927104,271,0.01587755,-0.282087094,-0.045129961,0.179208315,-0.118150216,-0.13236132,-0.16236784,0.107248273,78.5,1.282746138,-0.025689208,359.5,297,-19.5,193,120.5,0.051378416,-0.243501161,578,833.5,2
296.5,-465.5,0.030712573,166.5,0.037319976,-0.189586775,0.063237135,0.12895689,-0.097113456,-0.130973005,-0.16805746,0.091906638,-156,1.289250242,0.060023222,309.5,104,-302,-253.5,-286.5,-0.120046445,-0.252042407,200,424,2
-211.5,-2916,0.596271068,-408,-0.030027014,0.044333789,0.301397252,-0.068872278,0.028227395,-0.055760156,-0.03709929,0.065734763,-3156,-0.242184245,0.179166305,-240,-830,-2515.5,-2802,-3025,-0.358332611,-0.05581197,-1698.5,-798,2
-132,-303,0.136813662,-226,-0.015603192,0.032717005,0.241179765,-0.021148548,0.085751367,0.09020397,0.0612362,-0.071096642,-471,-1.318524903,-0.190537559,-168,-288,-308.5,-235.5,-372,0.381075118,0.091806861,-583.5,-190.5,2
187,-143,0.228657338,42.5,0.032397332,-0.07618626,0.182245062,0.060381154,-0.001766099,-0.038091913,-0.06332332,0.014938898,12.5,0.326406967,0.001931027,155.5,-63,-186,-84,-182,-0.003862053,-0.094968606,212,227.5,2
-92,-230,0.13013912,-152.5,0.014403309,0.035047153,0.23356293,-0.021710912,0.032536698,0.04579896,0.048606157,-0.047346512,-352.5,-0.862654753,-0.052728172,-122.5,-204.5,-354,-319.5,-336,0.105456345,0.072867173,-300.5,-166.5,2
-74.5,331.5,0.180623564,-66,-0.001191288,0.020785744,0.101568852,0.00525519,0.017337832,0.054337878,0.070660815,-0.047771482,210.5,-0.530549616,-0.075080164,-121,41.5,179.5,221,168,0.150160328,0.105980396,147,31.5,2
-6,-1240.5,-0.417416688,-11,0.037262287,-0.128377925,0.122461765,0.112468431,-0.082971421,-0.122027053,-0.09263264,0.085663405,-1176,-0.157426568,0.008372216,64.5,-219,-1159,-1190.5,-1439,-0.016744432,-0.13897445,-250.5,16,2
-95,-1173,0.206069423,-280,0.011658778,-0.009127822,0.248561853,0.005717863,0.044640442,0.007405954,-0.009819022,-0.012899969,-1302.5,-0.079081375,-1.202962608,-129.5,-502,-1109,-1222,-1323,2.405925215,-0.01481619,-641,-257,2
-152,-1212,-0.272992053,-245,-0.008556111,0.073673111,0.303542233,-0.074958847,0.006003112,0.020588614,-0.006579313,-0.013844845,-1350.5,-1.260651286,-0.023939358,-138.5,-365,-1080,-1200,-1276.5,0.047878716,-0.009995253,-865,-462.5,2
-114.5,-25,0.210246779,-167.5,0.041645902,0.033760154,0.239087227,-0.00549887,0.048724154,0.055230368,0.07927796,-0.0693479,-182.5,-0.980344225,-0.340756026,-157.5,-234.5,-342.5,-299,-285.5,0.681512051,0.118877026,-230.5,-118,2
1335.5,198,-26.72821092,1034.5,0.057936408,-0.158229258,0.108060888,0.067263467,-0.130443407,-0.323773081,-0.27576628,0.24678436,1145,5.00654061,0.27171036,947,653.5,557.5,550.5,528,-0.543420719,-0.413544735,982.5,783.5,2
640.5,-219.5,-0.784023818,661.5,-0.085369876,-0.54170704,-0.284311142,0.323467673,-0.144098142,-0.140625379,-0.2819375,0.180722174,667,1.166845985,0.146935394,886.5,1003.5,1195,1565,1901,-0.293870788,-0.422819691,2076.5,2600,2
-120,-530,-0.055342235,-235.5,0.043838223,0.00768911,0.283072848,0.014378944,0.065325353,0.054412523,0.033762015,-0.066606261,-650.5,-1.651708578,-0.080527731,-120.5,-394,-737.5,-663.5,-832,0.161055463,0.050592213,-346,-150,2
1326,80,0.880626955,1341.5,-0.008015855,-0.228926316,0.023845049,0.105867214,-0.191367023,-0.303381732,-0.32040238,0.277088716,1390.5,4.43718981,0.010283441,1310.5,1239.5,1182.5,1051,1053.5,-0.020566881,-0.480500763,1412,1317.5,2
-188.5,-1281,0.282430022,-338,0.040530304,0.078479675,0.325323323,-0.046869787,0.089593436,0.092360342,0.08238924,-0.093186229,-1508.5,-0.935417439,-0.187430903,-227.5,-587.5,-1322,-1535.5,-1640,0.374861806,0.123362023,-988,-446.5,2
-72.5,-110,0.03724941,-164,0.038818461,0.031982736,0.291136107,-0.013750522,0.074593827,0.050512481,0.034633674,-0.060668328,-194.5,-1.217753292,-0.064504882,-84.5,-294.5,-371,-240,-272,0.129009763,0.051930204,-239,-110.5,2
-144,140.5,0.051314235,-192,0.008115658,0.064901058,0.301597169,-0.031806473,0.114329575,0.103031087,0.08760075,-0.092205964,-22,-0.637012752,0.048698697,-162.5,-264,-58.5,-106,-85.5,-0.097397395,0.131371333,-298,-146.5,2
-106.5,254.5,0.290325756,-175.5,0.083720223,0.1510741,0.362910114,-0.077969364,0.11018288,0.069304363,0.09129997,-0.091688537,91.5,-1.122855793,0.192217764,-163,-313.5,-327,-296.5,-443,-0.384435528,0.13692629,-563,-332,2
-146.5,-395.5,1.157611731,-253.5,-0.007642858,0.186074532,0.369866561,-0.140620234,0.131556465,0.061569015,0.12473772,-0.051328395,-726,-1.465694916,-0.217123488,-330.5,-512,-582,-504,-759,0.434246975,0.187019573,-884.5,-625.5,2
-106.5,810,-0.069989184,-63.5,-0.025216295,0.037640208,0.30108009,-0.035832569,0.122435207,0.088903088,0.06898769,-0.063665901,707.5,-1.243928071,-0.05215982,-102.5,-107,719.5,958,1131.5,0.104319641,0.103490173,244,34,2
-6,498,0.508315509,-4.5,-0.005142914,0.142871407,0.289897805,-0.106108508,0.107192011,0.06710577,0.09580727,-0.057790975,421,-0.144718615,-0.107458482,-77,-46.5,379,387,488,0.214916963,0.143710053,-220.5,-146.5,2
-116,-201.5,0.011585047,-146.5,0.032072703,0.065763875,0.291825379,-0.036179624,0.096668398,0.039861672,0.05658,-0.050081684,-326.5,-1.443515827,-0.038472114,-125,-326.5,-410.5,-340.5,-455,0.076944228,0.084825155,-439,-201.5,2
-77,1397.5,0.374846869,-51.5,0.0068181,0.125901457,0.26151295,-0.073330577,0.151390182,0.11158677,0.11896226,-0.099190899,1251,-1.258201396,-0.107552415,-146.5,-66.5,965,1270,1209,0.215104829,0.178461619,140,-23,2
-100,996.5,0.227245406,-141.5,0.037833157,0.114485112,0.314584434,-0.053354855,0.163333626,0.129586949,0.110811785,-0.124956958,859.5,-1.437286487,0.113377946,-137,-204,484.5,679.5,623,-0.226755891,0.166231916,14.5,-76,2
-39.5,301.5,-0.202441804,-43,0.050768709,0.0295288,0.259146131,1.91E-04,0.018669626,0.020626316,0.008571258,-0.040272007,310.5,-0.068585879,-0.142749123,9,-53.5,-26.5,-60,51,0.285498246,0.012870607,-6.5,-5,2
-170,-259.5,0.012078661,-240.5,0.034637788,0.034950383,0.262264817,-0.008590465,0.083950387,0.083460543,0.07902593,-0.086006401,-448.5,-1.830467323,-0.085653685,-189,-337.5,-540.5,-453,-497.5,0.171307371,0.118488335,-414.5,-177,2
-98,704.5,0.322558106,-16.5,0.045741087,0.090459453,0.171066511,-0.044425901,0.043677807,0.025238407,0.114749305,-0.057465587,506.5,-1.134667522,-0.31321077,-198,-76.5,150.5,347,440,0.626421541,0.172110935,141.5,-111.5,2
-89.5,114,0.007784787,-132.5,0.082301959,0.052032244,0.314003616,-0.014005068,0.089345804,0.045963172,0.054920115,-0.069925494,19,-2.203332123,-0.204247326,-95,-299,-367,-152.5,-236.5,0.408494652,0.082362978,-128,-109.5,2
-191.5,-1516,-0.027068716,-346.5,-0.051365514,0.010921732,0.242523627,-0.023139045,0.196352721,0.195938043,0.12568413,-0.153734402,-1756,-1.745966595,-0.130110694,-240,-624.5,-1318,-1528.5,-1610,0.260221388,0.188010719,-808,-415,2
-253.5,-1478.5,-0.496147792,-381,-0.045638897,-0.035917413,0.189222643,-0.016460351,0.046958997,0.112578015,0.060196847,-0.081906484,-1717,-3.760136047,-0.023366468,-238.5,-534.5,-1358.5,-1341.5,-1428,0.046732936,0.089973044,-775.5,-411,2
-216,-813.5,0.226237198,-399.5,0.012927985,0.052792876,0.195887439,-0.055130394,0.041764888,0.137465826,0.12343967,-0.131741067,-1116.5,-1.982564069,-0.05453343,-303,-438.5,-1027.5,-976,-853,0.10906686,0.18497894,-713.5,-480.5,2
-204.5,-899.5,-0.290239041,-301.5,0.040599661,0.018208427,0.265184351,0.001564926,0.098261386,0.091878824,0.072842486,-0.098032423,-1097.5,-1.826891633,0.067384838,-198,-526.5,-1033,-1096.5,-1104.5,-0.134769676,0.109069746,-542.5,-262.5,2
-6.5,53,0.136064269,-120,0.05275045,0.001028358,0.295131669,0.016836438,0.105712559,0.044430995,0.01928995,-0.056612621,16.5,-0.468466991,0.069818656,-36.5,-318.5,-265,-242.5,-169.5,-0.139637312,0.028929984,45.5,0.5,2
-33,911,0.090082035,-49,0.050254948,0.056978582,0.287355709,-0.02094193,0.074840568,0.061372019,0.053775206,-0.073792626,870,-1.073481594,0.217932754,-41,-52.5,411.5,641,656,-0.435865508,0.080688942,174,30,2
-94,27.5,0.096332327,-162.5,0.051650893,0.064085615,0.255785485,-0.032499425,0.095142047,0.059013854,0.06267222,-0.075247326,-92.5,-1.469468215,-0.221512175,-120,-346.5,-329,-180.5,-159.5,0.44302435,0.093981261,-228,-176,2
-100,72,-0.069403794,-160.5,0.037094513,0.009950969,0.288949388,0.011605346,0.124159673,0.084628779,0.053881496,-0.084268302,-20.5,-1.907504475,-0.276470166,-92.5,-306.5,-187,-17,-74.5,0.552940332,0.080802083,74.5,-25,2
-135,62.5,0.188608994,-199.5,0.055085906,0.124534599,0.262910607,-0.051829583,0.116939281,0.110735449,0.122312024,-0.124392907,-116.5,-0.947958024,-0.077993161,-179,-323.5,-301,-333.5,-316,0.155986321,0.183399922,-335.5,-274.5,2
-104.5,1509,0.150232773,-60.5,0.039540114,0.121979676,0.28292846,-0.06114413,0.128152616,0.097632855,0.10123251,-0.102507787,1401.5,-0.837550343,-0.146274851,-107.5,-70,877.5,1043.5,1190.5,0.292549701,0.151872655,196,-1.5,2
-135.5,21.5,-0.048530876,-202,0.031708831,0.038067819,0.292775306,-0.00205561,0.126366284,0.10579235,0.07353513,-0.100559069,-113.5,-1.502885033,0.108008508,-135,-328,-248.5,-182.5,-291.5,-0.216017016,0.110270275,-185.5,-105.5,2
-154,-904,0.109158583,-280.5,1.40E-04,0.005368718,0.227978525,-0.008390085,0.071461148,0.107265244,0.08993831,-0.094372129,-1116,-1.66926721,-0.383120272,-212,-469,-940.5,-929.5,-996,0.766240545,0.13471993,-525.5,-316.5,2
255,387,-0.02082224,227,0.019741024,-0.006345254,0.197910065,-0.006391345,-0.014377556,-0.059729623,-0.08967803,0.040745244,672,1.171707995,-0.126485722,285,210,430.5,446,581.5,0.252971445,-0.134460037,333.5,206.5,2
-84.5,513,0.295778363,-145,0.040026319,0.116559612,0.269316691,-0.068473697,0.120879517,0.093743974,0.096642405,-0.096228971,366,-1.1315581,0.034268738,-147,-250.5,85,206,252.5,-0.068537477,0.144953827,-184.5,-200.5,2
-193,-1053,-0.227510076,-367,-0.038428127,0.027337133,0.27000388,0.010231061,0.143601994,0.167399101,0.07327848,-0.13773287,-1237.5,0.003528582,-0.067364869,-184.5,-541,-916.5,-1158,-1423,0.134729738,0.109764901,-602.5,-326.5,2
-107,-227,0.149849993,-221.5,0.062552644,0.028306059,0.308322679,-3.08E-04,0.073969526,0.06569669,0.064457394,-0.078580397,-383,-1.71057724,-0.208200237,-156,-384.5,-658,-531.5,-551,0.416400474,0.096648812,-259,-151.5,2
-122.5,76.5,0.016152402,-179.5,0.061487706,0.082112697,0.299653691,-0.033685009,0.114455716,0.088524299,0.08243467,-0.0998837,-56.5,-1.264867059,-0.038440814,-133,-303.5,-318.5,-282.5,-245.5,0.076881628,0.123616306,-270,-182,2
309.5,290.5,1.834417478,179,0.021267466,0.069070101,0.215484712,-0.06439215,0.006340489,-0.066502648,-0.043363817,0.046393443,431,1.841957419,0.123079736,140.5,113.5,278.5,293,237.5,-0.246159472,-0.064988109,54,13,2
-120.5,-478.5,-0.098291468,-220.5,0.054274886,-0.023882652,0.223977596,0.039664244,0.070737499,0.057375467,0.04518611,-0.075665867,-603,-2.036016877,-0.066801265,-124.5,-383,-715.5,-600.5,-674,0.133602529,0.067703161,-175.5,-95,2
-131.5,-827.5,0.174441598,-245.5,0.072666673,0.023653653,0.226537126,0.032969482,0.144543607,0.068860342,0.072546095,-0.085949295,-995,-0.665757926,0.032736687,-167.5,-460.5,-949,-1139.5,-1287,-0.065473375,0.108622673,-664.5,-258,2
-45,-303,-0.124584465,-134,0.044530081,-0.052402824,0.174232407,0.064297714,0.048101101,0.02774782,-1.87E-04,-0.043985431,-333,-1.119783988,-0.035585954,-30,-258,-472,-351,-460.5,0.071171909,-3.03E-04,-1,31,2
-53,395.5,0.055120132,-87.5,0.005568911,0.033772835,0.18565308,0.006026172,0.092245112,0.090535297,0.057090763,-0.079892126,340.5,0.75363286,-0.011363029,-55,-90.5,247,80.5,173.5,0.022726058,0.085641321,-73,22.5,2
-59,1207.5,0.078286082,-38,0.054317001,0.130689917,0.346799696,-0.0724733,0.112564385,0.077874209,0.077581376,-0.090616174,1143,-1.259811524,0.039818326,-64.5,-70.5,601,834,853,-0.079636652,0.116405533,2,-81.5,2
-82,186.5,0.014493018,-144.5,0.051079847,-0.005411345,0.26813042,0.045728272,0.053185674,0.056040571,0.04734801,-0.069423579,97.5,0.085745356,0.097240854,-89,-205,-212,-336.5,-441,-0.194481708,0.071013016,65,29.5,2
1674.5,-974,-1.050109097,1724.5,-0.075456631,-0.475855907,-0.239901285,0.233731296,-0.261217873,-0.37448872,-0.53721017,0.412355296,1061,5.694671461,0.181040124,2035,1892,1519,1154.5,1195,-0.362080249,-0.805671584,1883,2371.5,2
-75,-2.5,-0.011131636,-187.5,0.047061326,0.01002717,0.281608773,0.010403181,0.093020469,0.070649326,0.03609251,-0.079716172,-80.5,-1.783962965,0.035383971,-78,-329.5,-330,-110.5,-201,-0.070767942,0.054124046,-25.5,-40.5,2
-142,-532.5,-0.128439227,-243,0.040888399,0.029715115,0.283962673,-0.011923153,0.093146831,0.074680295,0.048185956,-0.079702048,-666,-2.012842365,-0.125308927,-133.5,-394,-746,-629.5,-638.5,0.250617853,0.072221562,-491,-200.5,2
-24,-167,0.138682827,-135.5,0.055305372,0.031443786,0.268008927,-0.016673872,0.054809038,0.034252112,0.019445231,-0.052137814,-219.5,-0.861769435,-0.338399524,-52.5,-238,-452.5,-391,-274,0.676799047,0.029148398,-221,-123.5,2
2704.5,-1030,-4.974477542,2391.5,-0.025217283,-0.329080208,-0.092983361,0.083544346,-0.295158216,-0.486268803,-0.5569722,0.483440773,1371,7.200037622,-0.071327888,2401,2105,1398.5,1201,1228,0.142655776,-0.835309301,1460,1706,2
-33,1147,0.061449646,-84,0.06133075,0.060285543,0.317848468,-0.018595763,0.106802708,0.074343533,0.05358466,-0.087634987,1102.5,-1.630675627,-0.199822329,-44.5,-149,466.5,849,815.5,0.399644658,0.08040357,298.5,54,2
18.5,209,0.250871791,-63.5,0.04891981,0.032636644,0.239425816,-0.021944801,0.065091991,0.026919447,0.022012096,-0.043834756,184,-0.984646274,-0.122605905,-25,-168,-102.5,73,198.5,0.24521181,0.033022037,-51,-33,2
9,-455,0.056663702,-89,0.05661831,-0.029504267,0.250745682,0.023678812,-0.002378838,-0.023929134,-0.021934278,-0.006410679,-457,-0.815045562,0.295139172,-2,-234.5,-698,-559,-514,-0.590278343,-0.032918679,-19,-27.5,2
-119.5,652,0.092708356,-148.5,0.044760335,0.141017703,0.325068095,-0.087990371,0.14327965,0.103990828,0.10071032,-0.110607298,515,-2.632728416,0.003064539,-137,-259.5,195.5,582,489.5,-0.006129078,0.151063616,-263.5,-211,2
1889.5,219,-4.577346559,1317.5,0.118924244,-0.080544263,0.214298072,0.012109156,-0.213607983,-0.456107498,-0.2660754,0.312336914,1152.5,7.945895568,-0.036364248,933.5,703.5,115,-90.5,-194,0.072728496,-0.399019623,998.5,491,2
-1.5,-256,0.025252532,-110.5,0.030184843,-0.066956116,0.220832099,0.059195049,0.016018732,0.023010793,-0.00810815,-0.033046195,-263,-0.32706547,-0.102594011,-7,-158.5,-373,-366.5,-308,0.205188022,-0.012173416,203.5,108.5,2
-76.5,-1095,-0.184424896,-196.5,0.072236973,-0.064344152,0.201849246,0.072523404,6.17E-04,-0.014007279,-0.019615946,-0.019300613,-1152,-0.438020829,-0.11101591,-57,-386.5,-1272.5,-1454,-1488,0.222031821,-0.029495273,-396.5,-134,2
-155.5,938,0.034566766,-234.5,0.06471671,0.044401976,0.268252802,0.008128583,0.131139071,0.13670103,0.114396796,-0.148561806,767,-2.017597902,-0.068063544,-171,-253.5,245,531,563.5,0.136127088,0.171597207,118,56.5,2
-174,-889,-0.158720919,-249.5,0.051081801,-0.052567674,0.226774576,0.069431121,0.046416222,0.026815338,0.03436315,-0.045422725,-1051.5,-1.579829662,-0.021924064,-162.5,-473,-1077.5,-1087,-1323,0.043848129,0.051473898,-289.5,-98,2
-151.5,-481.5,-0.03719983,-253.5,0.062941526,0.031613242,0.286933599,7.05E-04,0.077607362,0.068529236,0.062882595,-0.083882592,-638.5,-1.04598893,-0.223353911,-157,-411,-843.5,-906,-844,0.446707822,0.094264441,-412,-200.5,2
-151.5,-436.5,-0.065089693,-294,0.04393056,0.032106444,0.28380424,-0.003829724,0.10810412,0.098793196,0.06296464,-0.106296138,-591,-1.157764871,-0.212788902,-154.5,-466.5,-686.5,-710,-674,0.425577804,0.094380064,-327.5,-189.5,2
-148,-326.5,-0.017318935,-339,0.05938316,-0.017970581,0.271889574,0.038863091,0.141567823,0.113587635,0.06538084,-0.127936858,-484.5,-1.182419812,-0.097527181,-158,-552.5,-691.5,-692,-569.5,0.195054362,0.098017114,-75,-52,2
-209,-610.5,-0.120794047,-324,0.027879386,0.031920372,0.292982125,-0.004580544,0.116869532,0.097682882,0.07330344,-0.096406575,-816,-1.677979638,0.080634928,-205.5,-518.5,-801,-816.5,-911,-0.161269856,0.1098826,-448,-239.5,2
-114,-280.5,-0.127265822,-117,0.015067366,-0.032747965,0.226081925,0.048141187,-0.018429752,0.031617586,0.036126666,-0.032420338,-381.5,-0.379188651,0.136179952,-101,-75.5,-367,-460,-557.5,-0.272359903,0.054156234,-147,-6,2
-148.5,991.5,0.411431975,-197,0.057567719,0.186596915,0.420533657,-0.133800987,0.183916672,0.114344706,0.13132305,-0.116683244,748.5,-4.033184159,-0.10362737,-243,-396,207,921.5,748.5,0.20725474,0.196978766,-613.5,-387,2
-214.5,-112.5,0.002852131,-296.5,-0.016658251,0.028891348,0.235181456,-0.03092174,0.139937184,0.152400966,0.11264168,-0.127954816,-343,-2.898338349,-0.240933345,-230.5,-358,-210,57,150,0.481866689,0.168899962,-211.5,-150.5,2
-112.5,2508.5,0.143747027,-67.5,-0.012860686,0.118446465,0.371547379,-0.07528958,0.153025215,0.145305568,0.116614446,-0.115956772,2359.5,-1.404779812,0.28034447,-149,68.5,1953,2517.5,2614.5,-0.56068894,0.17495756,492,65,2
-393.5,253,1.015372396,-641.5,0.067788711,0.212312078,0.375374455,-0.084173509,0.156592183,0.272115516,0.30987492,-0.292009372,-342,-2.668102976,0.234594531,-595,-547,-559.5,-521,-502,-0.469189061,0.464667844,-522.5,-559,2
-150.5,-547,0.333117176,-270.5,0.007942718,0.075074203,0.336557731,-0.058743121,0.096629929,0.07451063,0.06474563,-0.065138699,-758.5,-2.07846678,-0.17179785,-211.5,-419,-609.5,-448,-635,0.3435957,0.097060795,-549,-318,2
-155,-231.5,0.218275957,-261.5,0.048052681,0.082930342,0.301568054,-0.042587989,0.100410532,0.102569473,0.09688154,-0.105567903,-440,-1.826335119,0.073028473,-208.5,-386.5,-568.5,-475.5,-529,-0.146056946,0.145260105,-441.5,-301,2
-244,108,0.555961206,-338.5,0.062952252,0.168498548,0.312331142,-0.09365005,0.168842267,0.135922156,0.18854673,-0.145018656,-276.5,-2.899895257,-0.094922826,-384.5,-566.5,-507.5,-300,-428,0.189845652,0.282741629,-735,-503,2
-262,-1202,0.478845955,-444.5,-0.05719312,0.045132688,0.280063627,-0.047465939,0.158617386,0.14819037,0.109811515,-0.108414573,-1547,-2.044095909,-0.019759343,-345,-662,-1021,-1066.5,-1199.5,0.039518685,0.164587735,-1049,-468.5,2
