date,time,A,B,C,D,E
2024/1/1,0:00-0:59,1155,542,211,296,320
2024/1/1,1:00-1:59,1486,559,230,397,435
2024/1/1,2:00-2:59,572,299,120,197,198
2024/1/1,3:00-3:59,322,199,75,139,88
2024/1/1,4:00-4:59,327,171,79,163,104
2024/1/1,5:00-5:59,611,305,162,301,352
2024/1/1,6:00-6:59,1786,845,479,675,614
2024/1/1,7:00-7:59,2829,1353,804,732,854
2024/1/1,8:00-8:59,3802,1820,1133,1053,1393
2024/1/1,9:00-9:59,4571,2409,1358,1176,1525
2024/1/1,10:00-10:59,5536,2811,1610,1348,1717
2024/1/1,11:00-11:59,4843,2599,1382,1234,1610
2024/1/1,12:00-12:59,3901,1968,1083,1045,1199
2024/1/1,13:00-13:59,4308,2234,1189,1140,1339
2024/1/1,14:00-14:59,5819,3080,1577,1477,1770
2024/1/1,15:00-15:59,6273,3119,1862,1386,1825
2024/1/1,16:00-16:59,6332,3375,2076,1485,2020
2024/1/1,17:00-17:59,5937,3316,2021,1400,2024
2024/1/1,18:00-18:59,4404,2841,1405,950,1381
2024/1/1,19:00-19:59,2909,1857,881,764,1058
2024/1/1,20:00-20:59,2579,1536,658,613,763
2024/1/1,21:00-21:59,1786,1154,498,441,591
2024/1/1,22:00-22:59,942,605,249,306,333
2024/1/1,23:00-23:59,489,347,133,155,161
2024/1/2,0:00-0:59,303,190,69,92,117
2024/1/2,1:00-1:59,164,119,52,60,58
2024/1/2,2:00-2:59,141,101,35,67,46
2024/1/2,3:00-3:59,120,78,20,61,38
2024/1/2,4:00-4:59,215,148,38,113,81
2024/1/2,5:00-5:59,682,400,227,263,356
2024/1/2,6:00-6:59,3530,2188,1351,1073,1493
2024/1/2,7:00-7:59,7389,4429,2540,2308,3124
2024/1/2,8:00-8:59,7590,4333,2384,2207,2446
2024/1/2,9:00-9:59,5698,2920,1585,1292,1852
2024/1/2,10:00-10:59,4247,2188,1274,1152,1416
2024/1/2,11:00-11:59,3532,1978,1100,899,1263
2024/1/2,12:00-12:59,3338,1706,1040,878,1231
2024/1/2,13:00-13:59,3703,2019,1167,962,1232
2024/1/2,14:00-14:59,3864,2118,1219,989,1353
2024/1/2,15:00-15:59,4195,2298,1351,1132,1413
2024/1/2,16:00-16:59,5047,2935,1700,1454,1835
2024/1/2,17:00-17:59,6463,4066,2280,2018,2563
2024/1/2,18:00-18:59,5004,3324,1776,1613,1910
2024/1/2,19:00-19:59,2614,1769,879,829,1074
2024/1/2,20:00-20:59,1698,1228,566,508,671
2024/1/2,21:00-21:59,1294,913,369,384,494
2024/1/2,22:00-22:59,815,545,225,240,312
2024/1/2,23:00-23:59,459,311,146,144,198
2024/1/3,0:00-0:59,307,213,84,97,136
2024/1/3,1:00-1:59,169,115,38,57,71
2024/1/3,2:00-2:59,145,90,32,75,47
2024/1/3,3:00-3:59,105,82,28,79,39
2024/1/3,4:00-4:59,182,137,43,82,66
2024/1/3,5:00-5:59,496,330,142,228,324
2024/1/3,6:00-6:59,2613,1735,1050,881,1023
2024/1/3,7:00-7:59,6193,3928,2408,1955,2653
2024/1/3,8:00-8:59,6744,4105,2113,1936,2350
2024/1/3,9:00-9:59,5682,2957,1511,1436,1766
2024/1/3,10:00-10:59,4178,2196,1246,1116,1401
2024/1/3,11:00-11:59,3667,1985,1096,996,1234
2024/1/3,12:00-12:59,3367,1832,1024,846,1162
2024/1/3,13:00-13:59,3872,2097,1248,1026,1335
2024/1/3,14:00-14:59,3856,2111,1350,1067,1371
2024/1/3,15:00-15:59,4248,2339,1321,1183,1416
2024/1/3,16:00-16:59,4980,2910,1737,1362,1787
2024/1/3,17:00-17:59,6758,4116,2267,2033,2585
2024/1/3,18:00-18:59,5038,3479,1847,1563,1916
2024/1/3,19:00-19:59,2799,1918,1044,924,1143
2024/1/3,20:00-20:59,1848,1325,634,550,763
2024/1/3,21:00-21:59,1547,1157,470,453,600
2024/1/3,22:00-22:59,949,663,293,275,362
2024/1/3,23:00-23:59,494,371,159,176,213
2024/1/4,0:00-0:59,323,214,83,113,124
2024/1/4,1:00-1:59,181,125,67,87,84
2024/1/4,2:00-2:59,107,88,36,75,50
2024/1/4,3:00-3:59,120,86,38,69,38
2024/1/4,4:00-4:59,181,122,34,112,61
2024/1/4,5:00-5:59,508,307,194,212,294
2024/1/4,6:00-6:59,2687,1772,1105,903,1046
2024/1/4,7:00-7:59,7355,4683,3014,2155,2888
2024/1/4,8:00-8:59,6943,4065,2709,1884,2395
2024/1/4,9:00-9:59,5442,2921,1922,1385,1731
2024/1/4,10:00-10:59,4020,2281,1481,1212,1360
2024/1/4,11:00-11:59,3599,1856,1337,965,1168
2024/1/4,12:00-12:59,3359,1735,1176,944,1067
2024/1/4,13:00-13:59,3829,2092,1348,1071,1247
2024/1/4,14:00-14:59,4014,2091,1559,1057,1298
2024/1/4,15:00-15:59,4170,2305,1604,1231,1388
2024/1/4,16:00-16:59,5067,2931,2003,1411,1736
2024/1/4,17:00-17:59,6570,4125,2584,1785,2385
2024/1/4,18:00-18:59,4519,3068,1841,1612,1857
2024/1/4,19:00-19:59,2678,1862,1019,857,1012
2024/1/4,20:00-20:59,1909,1316,650,552,695
2024/1/4,21:00-21:59,1521,1081,471,460,485
2024/1/4,22:00-22:59,893,583,274,254,343
2024/1/4,23:00-23:59,523,361,155,180,176
2024/1/5,0:00-0:59,307,236,83,109,130
2024/1/5,1:00-1:59,189,122,60,86,69
2024/1/5,2:00-2:59,162,102,42,74,61
2024/1/5,3:00-3:59,129,81,33,82,38
2024/1/5,4:00-4:59,183,132,47,115,79
2024/1/5,5:00-5:59,488,370,191,257,279
2024/1/5,6:00-6:59,2712,1723,1157,915,987
2024/1/5,7:00-7:59,7330,4517,2944,2200,2921
2024/1/5,8:00-8:59,6972,4107,2835,2005,2544
2024/1/5,9:00-9:59,5392,2863,1926,1434,1726
2024/1/5,10:00-10:59,4270,2208,1517,1160,1429
2024/1/5,11:00-11:59,3743,1926,1308,1033,1239
2024/1/5,12:00-12:59,3503,1893,1202,955,1184
2024/1/5,13:00-13:59,4075,2082,1402,1104,1298
2024/1/5,14:00-14:59,4157,2259,1541,1179,1356
2024/1/5,15:00-15:59,4865,2595,1807,1320,1535
2024/1/5,16:00-16:59,5821,3349,2213,1583,2013
2024/1/5,17:00-17:59,7021,4098,2823,1979,2680
2024/1/5,18:00-18:59,5261,3321,2130,1541,2041
2024/1/5,19:00-19:59,3625,2238,1261,1087,1166
2024/1/5,20:00-20:59,2226,1513,750,656,791
2024/1/5,21:00-21:59,1934,1279,573,512,600
2024/1/5,22:00-22:59,1217,771,365,341,431
2024/1/5,23:00-23:59,679,485,206,228,222
2024/1/6,0:00-0:59,427,288,136,135,179
2024/1/6,1:00-1:59,243,152,83,100,89
2024/1/6,2:00-2:59,165,101,39,72,61
2024/1/6,3:00-3:59,146,88,37,80,43
2024/1/6,4:00-4:59,218,168,60,139,85
2024/1/6,5:00-5:59,471,320,175,221,270
2024/1/6,6:00-6:59,1627,1037,717,584,614
2024/1/6,7:00-7:59,3629,2378,1676,1158,1489
2024/1/6,8:00-8:59,4773,2945,1984,1354,2206
2024/1/6,9:00-9:59,5332,2981,2098,1469,1941
2024/1/6,10:00-10:59,4943,2794,1923,1334,1595
2024/1/6,11:00-11:59,4433,2396,1584,1112,1447
2024/1/6,12:00-12:59,3839,2174,1381,1017,1385
2024/1/6,13:00-13:59,3999,2346,1436,1140,1416
2024/1/6,14:00-14:59,4443,2468,1615,1098,1444
2024/1/6,15:00-15:59,4661,2710,1691,1231,1464
2024/1/6,16:00-16:59,5076,3044,1997,1356,1818
2024/1/6,17:00-17:59,5681,3671,2489,1568,2241
2024/1/6,18:00-18:59,3708,2464,1569,1090,1471
2024/1/6,19:00-19:59,2157,1480,788,709,783
2024/1/6,20:00-20:59,1841,1237,629,527,638
2024/1/6,21:00-21:59,1737,1097,546,482,529
2024/1/6,22:00-22:59,1112,724,367,334,381
2024/1/6,23:00-23:59,616,447,187,201,252
2024/1/7,0:00-0:59,334,236,104,136,114
2024/1/7,1:00-1:59,217,142,61,71,76
2024/1/7,2:00-2:59,162,109,45,80,66
2024/1/7,3:00-3:59,154,90,56,78,44
2024/1/7,4:00-4:59,171,144,53,99,74
2024/1/7,5:00-5:59,449,324,179,218,275
2024/1/7,6:00-6:59,1457,805,635,436,551
2024/1/7,7:00-7:59,3024,1673,1139,817,1098
2024/1/7,8:00-8:59,4097,2401,1558,1048,1500
2024/1/7,9:00-9:59,4738,2514,1671,1193,1578
2024/1/7,10:00-10:59,4804,2583,1749,1225,1455
2024/1/7,11:00-11:59,4050,2266,1475,1056,1375
2024/1/7,12:00-12:59,3566,2055,1238,906,1247
2024/1/7,13:00-13:59,4042,2242,1318,1076,1230
2024/1/7,14:00-14:59,4772,2491,1632,1190,1455
2024/1/7,15:00-15:59,4884,2544,1927,1249,1621
2024/1/7,16:00-16:59,5071,2802,1912,1291,1648
2024/1/7,17:00-17:59,5217,3075,2185,1279,1912
2024/1/7,18:00-18:59,3112,2060,1279,868,1206
2024/1/7,19:00-19:59,2230,1418,806,590,792
2024/1/7,20:00-20:59,1912,1208,667,516,664
2024/1/7,21:00-21:59,1498,950,493,419,492
2024/1/7,22:00-22:59,826,583,272,279,314
2024/1/7,23:00-23:59,421,286,161,131,151
2024/1/8,0:00-0:59,300,205,85,107,100
2024/1/8,1:00-1:59,150,134,47,53,65
2024/1/8,2:00-2:59,140,98,25,65,46
2024/1/8,3:00-3:59,144,75,39,69,40
2024/1/8,4:00-4:59,160,149,42,103,79
2024/1/8,5:00-5:59,527,394,195,246,342
2024/1/8,6:00-6:59,3222,2115,1353,1078,1307
2024/1/8,7:00-7:59,7931,4813,3456,2249,3134
2024/1/8,8:00-8:59,7285,4366,2795,1939,2685
2024/1/8,9:00-9:59,5547,2938,1910,1447,1741
2024/1/8,10:00-10:59,4128,2295,1543,1128,1382
2024/1/8,11:00-11:59,3601,1945,1362,972,1209
2024/1/8,12:00-12:59,3453,1866,1287,959,1196
2024/1/8,13:00-13:59,3969,2209,1469,1110,1244
2024/1/8,14:00-14:59,4002,2203,1518,1067,1356
2024/1/8,15:00-15:59,4258,2365,1611,1234,1367
2024/1/8,16:00-16:59,4961,2954,2021,1453,1796
2024/1/8,17:00-17:59,6440,4148,2689,2034,2493
2024/1/8,18:00-18:59,4728,3411,1845,1572,1811
2024/1/8,19:00-19:59,2731,1913,1058,872,1009
2024/1/8,20:00-20:59,1894,1276,659,536,674
2024/1/8,21:00-21:59,1455,972,436,428,523
2024/1/8,22:00-22:59,935,571,285,292,304
2024/1/8,23:00-23:59,493,302,135,157,186
2024/1/9,0:00-0:59,299,196,85,101,107
2024/1/9,1:00-1:59,186,138,51,65,82
2024/1/9,2:00-2:59,125,87,42,60,50
2024/1/9,3:00-3:59,129,83,43,53,36
2024/1/9,4:00-4:59,166,132,49,96,68
2024/1/9,5:00-5:59,517,326,187,238,294
2024/1/9,6:00-6:59,2603,1816,1152,908,991
2024/1/9,7:00-7:59,7312,4549,3044,2132,2900
2024/1/9,8:00-8:59,7199,4236,2988,2034,2579
2024/1/9,9:00-9:59,5506,2924,2121,1419,1958
2024/1/9,10:00-10:59,4264,2170,1529,1174,1413
2024/1/9,11:00-11:59,3618,1951,1345,1011,1182
2024/1/9,12:00-12:59,3433,1862,1253,905,1197
2024/1/9,13:00-13:59,3762,2113,1436,1070,1297
2024/1/9,14:00-14:59,3980,2199,1493,1099,1265
2024/1/9,15:00-15:59,4312,2463,1581,1219,1304
2024/1/9,16:00-16:59,4841,2844,2011,1379,1720
2024/1/9,17:00-17:59,6250,4094,2643,1849,2459
2024/1/9,18:00-18:59,4600,3210,1892,1487,1818
2024/1/9,19:00-19:59,2553,1850,1043,822,983
2024/1/9,20:00-20:59,1820,1307,660,526,701
2024/1/9,21:00-21:59,1463,967,485,435,495
2024/1/9,22:00-22:59,896,566,281,268,295
2024/1/9,23:00-23:59,508,343,162,143,189
2024/1/10,0:00-0:59,314,200,78,104,108
2024/1/10,1:00-1:59,177,128,64,71,72
2024/1/10,2:00-2:59,136,91,36,58,53
2024/1/10,3:00-3:59,139,62,38,58,49
2024/1/10,4:00-4:59,204,142,80,109,71
2024/1/10,5:00-5:59,490,347,190,251,304
2024/1/10,6:00-6:59,2609,1771,1170,888,966
2024/1/10,7:00-7:59,7090,4483,2993,2067,2882
2024/1/10,8:00-8:59,7027,4189,2841,2077,2562
2024/1/10,9:00-9:59,5506,2862,1910,1387,1738
2024/1/10,10:00-10:59,4205,2307,1544,1169,1379
2024/1/10,11:00-11:59,3600,1964,1335,1034,1177
2024/1/10,12:00-12:59,3418,1853,1214,916,1111
2024/1/10,13:00-13:59,3861,2037,1393,1110,1261
2024/1/10,14:00-14:59,3884,2023,1517,1027,1272
2024/1/10,15:00-15:59,4270,2291,1548,1170,1377
2024/1/10,16:00-16:59,5037,2913,2083,1480,1781
2024/1/10,17:00-17:59,6522,4008,2749,1910,2604
2024/1/10,18:00-18:59,4858,3468,2072,1531,1933
2024/1/10,19:00-19:59,2661,1797,1021,820,988
2024/1/10,20:00-20:59,1959,1345,716,555,705
2024/1/10,21:00-21:59,1513,1026,532,422,527
2024/1/10,22:00-22:59,1026,633,318,304,318
2024/1/10,23:00-23:59,523,369,175,161,199
2024/1/11,0:00-0:59,322,228,101,127,125
2024/1/11,1:00-1:59,176,126,55,75,71
2024/1/11,2:00-2:59,162,96,34,74,55
2024/1/11,3:00-3:59,129,83,48,77,37
2024/1/11,4:00-4:59,230,145,71,116,77
2024/1/11,5:00-5:59,525,338,201,242,312
2024/1/11,6:00-6:59,2683,1778,1233,894,999
2024/1/11,7:00-7:59,7179,4557,3162,2150,2773
2024/1/11,8:00-8:59,7073,4208,2856,2042,2615
2024/1/11,9:00-9:59,5426,2903,1815,1440,1691
2024/1/11,10:00-10:59,4085,2264,1553,1145,1340
2024/1/11,11:00-11:59,3558,1942,1316,973,1117
2024/1/11,12:00-12:59,3327,1778,1240,906,1099
2024/1/11,13:00-13:59,3897,2058,1363,1098,1211
2024/1/11,14:00-14:59,4110,2173,1556,1079,1245
2024/1/11,15:00-15:59,4311,2276,1601,1265,1321
2024/1/11,16:00-16:59,4896,2986,2041,1462,1742
2024/1/11,17:00-17:59,6494,4166,2864,2082,2606
2024/1/11,18:00-18:59,4879,3370,1923,1543,1808
2024/1/11,19:00-19:59,2723,1931,1007,823,1023
2024/1/11,20:00-20:59,1841,1353,684,581,668
2024/1/11,21:00-21:59,1521,1046,509,447,549
2024/1/11,22:00-22:59,976,587,299,310,335
2024/1/11,23:00-23:59,538,319,156,170,205
2024/1/12,0:00-0:59,362,244,96,139,128
2024/1/12,1:00-1:59,181,112,60,64,74
2024/1/12,2:00-2:59,154,100,38,64,58
2024/1/12,3:00-3:59,144,92,32,79,50
2024/1/12,4:00-4:59,192,154,71,110,92
2024/1/12,5:00-5:59,541,354,220,228,327
2024/1/12,6:00-6:59,2495,1734,1196,863,952
2024/1/12,7:00-7:59,7042,4412,3165,2113,2797
2024/1/12,8:00-8:59,7359,4393,3007,2022,2739
2024/1/12,9:00-9:59,5417,2940,1979,1421,1737
2024/1/12,10:00-10:59,4356,2304,1599,1258,1441
2024/1/12,11:00-11:59,3766,1963,1395,1014,1258
2024/1/12,12:00-12:59,3570,1916,1263,980,1235
2024/1/12,13:00-13:59,4215,2177,1518,1144,1341
2024/1/12,14:00-14:59,4477,2263,1591,1243,1375
2024/1/12,15:00-15:59,4816,2684,1898,1355,1628
2024/1/12,16:00-16:59,6047,3360,2416,1555,1922
2024/1/12,17:00-17:59,7097,4389,3192,2046,2809
2024/1/12,18:00-18:59,5925,3690,2356,1757,2131
2024/1/12,19:00-19:59,3398,2284,1324,975,1211
2024/1/12,20:00-20:59,2320,1558,848,696,766
2024/1/12,21:00-21:59,1894,1198,670,535,677
2024/1/12,22:00-22:59,1340,938,488,425,629
2024/1/12,23:00-23:59,599,428,232,269,213
2024/1/13,0:00-0:59,346,252,132,257,92
2024/1/13,1:00-1:59,215,151,82,192,54
2024/1/13,2:00-2:59,190,93,41,122,24
2024/1/13,3:00-3:59,116,97,34,93,18
2024/1/13,4:00-4:59,204,131,60,152,12
2024/1/13,5:00-5:59,360,257,188,343,36
2024/1/13,6:00-6:59,892,740,397,510,167
2024/1/13,7:00-7:59,1644,1366,496,1189,73
2024/1/13,8:00-8:59,714,519,328,689,15
2024/1/13,9:00-9:59,179,61,147,3,51
2024/1/13,10:00-10:59,421,348,917,10,184
2024/1/13,11:00-11:59,3214,2145,2065,903,1442
2024/1/13,12:00-12:59,3739,2141,1304,957,1362
2024/1/13,13:00-13:59,4007,2409,1597,1108,1349
2024/1/13,14:00-14:59,4410,2483,1721,1188,1402
2024/1/13,15:00-15:59,4569,2658,1856,1106,1530
2024/1/13,16:00-16:59,4876,3074,2218,1260,1845
2024/1/13,17:00-17:59,5400,3627,2549,1455,2217
2024/1/13,18:00-18:59,3473,2387,1636,965,1496
2024/1/13,19:00-19:59,2239,1523,865,666,835
2024/1/13,20:00-20:59,1807,1240,719,522,755
2024/1/13,21:00-21:59,1598,1102,527,479,660
2024/1/13,22:00-22:59,1090,741,350,288,498
2024/1/13,23:00-23:59,616,411,223,186,316
2024/1/14,0:00-0:59,395,245,110,126,195
2024/1/14,1:00-1:59,226,166,75,91,136
2024/1/14,2:00-2:59,170,116,57,81,79
2024/1/14,3:00-3:59,132,81,31,70,66
2024/1/14,4:00-4:59,152,119,41,113,80
2024/1/14,5:00-5:59,390,295,181,210,299
2024/1/14,6:00-6:59,1189,798,570,451,602
2024/1/14,7:00-7:59,2465,1554,1037,829,1108
2024/1/14,8:00-8:59,3747,2271,1544,1043,1513
2024/1/14,9:00-9:59,4343,2500,1797,1205,1530
2024/1/14,10:00-10:59,4543,2548,1812,1209,1516
2024/1/14,11:00-11:59,3875,2215,1388,999,1286
2024/1/14,12:00-12:59,3478,1957,1350,908,1177
2024/1/14,13:00-13:59,3837,2183,1533,1035,1193
2024/1/14,14:00-14:59,4331,2550,1673,983,1441
2024/1/14,15:00-15:59,4780,2792,1910,1083,1508
2024/1/14,16:00-16:59,4916,2859,2207,1157,1714
2024/1/14,17:00-17:59,4990,3373,2381,1276,2015
2024/1/14,18:00-18:59,3354,2159,1512,848,1297
2024/1/14,19:00-19:59,2283,1627,920,616,857
2024/1/14,20:00-20:59,1938,1260,700,497,683
2024/1/14,21:00-21:59,1512,1029,474,431,500
2024/1/14,22:00-22:59,867,595,340,256,301
2024/1/14,23:00-23:59,465,341,155,151,173
2024/1/15,0:00-0:59,305,213,96,88,136
2024/1/15,1:00-1:59,192,114,59,69,72
2024/1/15,2:00-2:59,148,91,34,72,49
2024/1/15,3:00-3:59,134,70,55,63,44
2024/1/15,4:00-4:59,201,146,59,124,75
2024/1/15,5:00-5:59,624,400,217,276,315
2024/1/15,6:00-6:59,3257,2127,1490,1064,1165
2024/1/15,7:00-7:59,7647,4726,3468,2190,2886
2024/1/15,8:00-8:59,7510,4483,3308,2171,2842
2024/1/15,9:00-9:59,5485,2897,2078,1490,1738
2024/1/15,10:00-10:59,4267,2291,1593,1106,1395
2024/1/15,11:00-11:59,3532,1855,1326,972,1196
2024/1/15,12:00-12:59,3282,1698,1226,954,1100
2024/1/15,13:00-13:59,4016,2093,1665,1167,1337
2024/1/15,14:00-14:59,4297,2235,1759,1209,1395
2024/1/15,15:00-15:59,4224,2279,1698,1225,1389
2024/1/15,16:00-16:59,4782,2849,2048,1402,1627
2024/1/15,17:00-17:59,6092,4108,2547,1935,2496
2024/1/15,18:00-18:59,4990,3426,2208,1557,1965
2024/1/15,19:00-19:59,2633,1838,1120,901,988
2024/1/15,20:00-20:59,1885,1285,705,536,665
2024/1/15,21:00-21:59,1412,981,481,420,503
2024/1/15,22:00-22:59,886,597,297,266,269
2024/1/15,23:00-23:59,486,360,150,178,208
2024/1/16,0:00-0:59,305,217,107,120,119
2024/1/16,1:00-1:59,184,126,66,66,83
2024/1/16,2:00-2:59,130,101,41,76,49
2024/1/16,3:00-3:59,134,87,60,60,53
2024/1/16,4:00-4:59,208,161,75,129,94
2024/1/16,5:00-5:59,499,379,213,243,315
2024/1/16,6:00-6:59,2496,1771,1217,831,978
2024/1/16,7:00-7:59,6968,4364,3277,2118,2803
2024/1/16,8:00-8:59,7403,4492,3081,2094,2609
2024/1/16,9:00-9:59,5602,2950,2173,1584,1746
2024/1/16,10:00-10:59,4426,2327,1747,1248,1376
2024/1/16,11:00-11:59,3831,2023,1421,1121,1211
2024/1/16,12:00-12:59,3363,1818,1210,989,1137
2024/1/16,13:00-13:59,4090,2153,1524,1162,1303
2024/1/16,14:00-14:59,4250,2261,1609,1179,1248
2024/1/16,15:00-15:59,4276,2366,1688,1217,1344
2024/1/16,16:00-16:59,4989,2954,2031,1366,1759
2024/1/16,17:00-17:59,6426,3968,2741,1904,2545
2024/1/16,18:00-18:59,4908,3518,2014,1589,1890
2024/1/16,19:00-19:59,2684,1812,1093,790,968
2024/1/16,20:00-20:59,1840,1280,741,530,631
2024/1/16,21:00-21:59,1468,1009,562,455,500
2024/1/16,22:00-22:59,868,627,322,264,316
2024/1/16,23:00-23:59,532,322,161,150,201
2024/1/17,0:00-0:59,304,223,85,92,129
2024/1/17,1:00-1:59,206,143,53,77,81
2024/1/17,2:00-2:59,144,105,45,71,50
2024/1/17,3:00-3:59,148,93,42,66,41
2024/1/17,4:00-4:59,182,118,70,98,63
2024/1/17,5:00-5:59,417,280,186,180,171
2024/1/17,6:00-6:59,2409,1582,1006,795,846
2024/1/17,7:00-7:59,6372,4238,3177,1972,2743
2024/1/17,8:00-8:59,7004,4305,3018,1943,2606
2024/1/17,9:00-9:59,5371,2816,2048,1359,1616
2024/1/17,10:00-10:59,4131,2081,1625,1154,1207
2024/1/17,11:00-11:59,3573,1916,1324,978,1097
2024/1/17,12:00-12:59,3336,1701,1261,862,1056
2024/1/17,13:00-13:59,3871,1987,1463,1087,1173
2024/1/17,14:00-14:59,4024,2054,1481,1081,1191
2024/1/17,15:00-15:59,4015,2238,1568,1140,1305
2024/1/17,16:00-16:59,4711,2779,1864,1359,1577
2024/1/17,17:00-17:59,6114,3974,2634,1872,2330
2024/1/17,18:00-18:59,4676,3272,1919,1477,1732
2024/1/17,19:00-19:59,2542,1733,951,763,900
2024/1/17,20:00-20:59,1816,1276,615,534,629
2024/1/17,21:00-21:59,1505,1019,470,448,487
2024/1/17,22:00-22:59,933,635,325,266,343
2024/1/17,23:00-23:59,503,356,159,146,198
2024/1/18,0:00-0:59,295,193,78,106,118
2024/1/18,1:00-1:59,207,118,56,74,71
2024/1/18,2:00-2:59,143,91,39,64,59
2024/1/18,3:00-3:59,130,84,38,83,44
2024/1/18,4:00-4:59,249,157,61,126,74
2024/1/18,5:00-5:59,558,379,194,227,299
2024/1/18,6:00-6:59,2460,1688,1098,774,906
2024/1/18,7:00-7:59,6464,4199,3066,1981,2712
2024/1/18,8:00-8:59,6983,4296,3080,1874,2442
2024/1/18,9:00-9:59,5736,3005,2079,1403,1661
2024/1/18,10:00-10:59,4385,2280,1578,1159,1354
2024/1/18,11:00-11:59,3756,1893,1356,973,1161
2024/1/18,12:00-12:59,3455,1819,1213,951,1042
2024/1/18,13:00-13:59,4122,2093,1481,1177,1301
2024/1/18,14:00-14:59,4191,2256,1541,1126,1233
2024/1/18,15:00-15:59,4295,2459,1734,1153,1384
2024/1/18,16:00-16:59,4725,2829,2089,1347,1579
2024/1/18,17:00-17:59,6404,4168,2887,1941,2519
2024/1/18,18:00-18:59,4857,3395,2086,1547,1831
2024/1/18,19:00-19:59,2747,1848,1045,812,997
2024/1/18,20:00-20:59,1892,1324,654,555,670
2024/1/18,21:00-21:59,1608,1097,553,458,554
2024/1/18,22:00-22:59,1008,689,335,288,327
2024/1/18,23:00-23:59,547,375,178,185,199
2024/1/19,0:00-0:59,332,255,90,124,150
2024/1/19,1:00-1:59,219,129,56,91,68
2024/1/19,2:00-2:59,156,102,47,85,47
2024/1/19,3:00-3:59,133,82,48,73,45
2024/1/19,4:00-4:59,223,166,71,148,86
2024/1/19,5:00-5:59,549,404,203,248,324
2024/1/19,6:00-6:59,2456,1715,1174,837,903
2024/1/19,7:00-7:59,6035,4072,3195,2018,2838
2024/1/19,8:00-8:59,6967,4498,3093,1716,2313
2024/1/19,9:00-9:59,5519,2976,2227,1452,1696
2024/1/19,10:00-10:59,4547,2483,1775,1240,1383
2024/1/19,11:00-11:59,4172,2143,1561,1075,1306
2024/1/19,12:00-12:59,3916,2056,1462,986,1304
2024/1/19,13:00-13:59,4448,2339,1644,1198,1380
2024/1/19,14:00-14:59,4609,2445,1770,1203,1347
2024/1/19,15:00-15:59,4675,2619,1785,1306,1534
2024/1/19,16:00-16:59,6037,3376,2519,1570,2012
2024/1/19,17:00-17:59,6890,4247,3098,1928,2622
2024/1/19,18:00-18:59,5807,3869,2415,1767,2010
2024/1/19,19:00-19:59,3213,2045,1354,952,1113
2024/1/19,20:00-20:59,2267,1448,769,625,716
2024/1/19,21:00-21:59,1954,1280,723,518,626
2024/1/19,22:00-22:59,1490,933,435,386,442
2024/1/19,23:00-23:59,745,515,250,233,261
2024/1/20,0:00-0:59,402,311,125,139,165
2024/1/20,1:00-1:59,263,165,83,105,80
2024/1/20,2:00-2:59,190,90,42,105,56
2024/1/20,3:00-3:59,186,84,42,89,43
2024/1/20,4:00-4:59,220,111,78,160,80
2024/1/20,5:00-5:59,360,244,193,237,181
2024/1/20,6:00-6:59,1125,766,482,469,424
2024/1/20,7:00-7:59,2949,1845,1191,1007,1259
2024/1/20,8:00-8:59,4412,2630,1552,1447,2013
2024/1/20,9:00-9:59,5054,2753,1685,1569,2216
2024/1/20,10:00-10:59,4894,2741,1849,1324,1813
2024/1/20,11:00-11:59,4142,2450,1555,1143,1605
2024/1/20,12:00-12:59,3687,2116,1427,1005,1524
2024/1/20,13:00-13:59,3857,2182,1570,1116,1536
2024/1/20,14:00-14:59,4187,2493,1849,1141,1711
2024/1/20,15:00-15:59,4341,2596,1710,1213,1810
2024/1/20,16:00-16:59,4685,2901,1953,1307,1701
2024/1/20,17:00-17:59,4864,3338,2409,1335,1885
2024/1/20,18:00-18:59,3262,2221,1505,993,1288
2024/1/20,19:00-19:59,1946,1381,832,589,721
2024/1/20,20:00-20:59,1734,1185,615,478,580
2024/1/20,21:00-21:59,1471,1026,530,437,544
2024/1/20,22:00-22:59,1048,704,367,304,368
2024/1/20,23:00-23:59,538,371,169,200,206
2024/1/21,0:00-0:59,355,255,99,125,140
2024/1/21,1:00-1:59,208,151,74,90,89
2024/1/21,2:00-2:59,153,106,53,67,88
2024/1/21,3:00-3:59,141,112,41,79,64
2024/1/21,4:00-4:59,182,176,56,118,77
2024/1/21,5:00-5:59,421,326,192,187,304
2024/1/21,6:00-6:59,1242,797,570,418,483
2024/1/21,7:00-7:59,2647,1588,1274,771,967
2024/1/21,8:00-8:59,3830,2345,1674,1009,1398
2024/1/21,9:00-9:59,4582,2700,1945,1204,1479
2024/1/21,10:00-10:59,4875,2749,1981,1246,1538
2024/1/21,11:00-11:59,4191,2451,1683,1100,1357
2024/1/21,12:00-12:59,3583,2019,1330,935,1137
2024/1/21,13:00-13:59,4042,2275,1630,1113,1281
2024/1/21,14:00-14:59,5026,2692,1956,1320,1470
2024/1/21,15:00-15:59,4942,2773,2049,1280,1487
2024/1/21,16:00-16:59,5132,3006,2173,1318,1548
2024/1/21,17:00-17:59,4833,3270,2316,1373,1781
2024/1/21,18:00-18:59,3172,2223,1569,805,1273
2024/1/21,19:00-19:59,2327,1594,896,624,828
2024/1/21,20:00-20:59,1874,1251,706,479,656
2024/1/21,21:00-21:59,1511,1052,599,400,517
2024/1/21,22:00-22:59,808,669,277,256,306
2024/1/21,23:00-23:59,513,336,162,149,186
2024/1/22,0:00-0:59,327,240,94,114,118
2024/1/22,1:00-1:59,195,135,52,72,75
2024/1/22,2:00-2:59,122,82,35,47,42
2024/1/22,3:00-3:59,106,75,37,73,35
2024/1/22,4:00-4:59,162,162,69,103,81
2024/1/22,5:00-5:59,492,339,186,214,296
2024/1/22,6:00-6:59,2429,1851,1031,817,945
2024/1/22,7:00-7:59,2302,1457,1232,723,1047
2024/1/22,8:00-8:59,391,263,153,1,188
2024/1/22,9:00-9:59,217,140,457,611,79
2024/1/22,10:00-10:59,2074,976,1688,751,995
2024/1/22,11:00-11:59,2830,1537,1343,798,1355
2024/1/22,12:00-12:59,2868,1536,1096,886,1063
2024/1/22,13:00-13:59,3344,1734,1259,819,1155
2024/1/22,14:00-14:59,2894,1516,1119,783,1090
2024/1/22,15:00-15:59,3080,1741,1320,840,1253
2024/1/22,16:00-16:59,3113,1675,1338,761,1310
2024/1/22,17:00-17:59,3342,1965,1461,776,1353
2024/1/22,18:00-18:59,2648,1764,1261,594,1094
2024/1/22,19:00-19:59,1740,1147,731,303,640
2024/1/22,20:00-20:59,946,569,379,214,427
2024/1/22,21:00-21:59,742,440,235,170,262
2024/1/22,22:00-22:59,497,306,155,117,177
2024/1/22,23:00-23:59,295,167,101,10587,112
2024/1/23,0:00-0:59,194,111,61,80,53
2024/1/23,1:00-1:59,120,67,38,57,52
2024/1/23,2:00-2:59,91,49,27,48,43
2024/1/23,3:00-3:59,96,70,25,48,31
2024/1/23,4:00-4:59,106,72,48,68,53
2024/1/23,5:00-5:59,250,178,146,161,238
2024/1/23,6:00-6:59,1338,925,573,457,677
2024/1/23,7:00-7:59,4070,2469,1601,1168,1887
2024/1/23,8:00-8:59,4614,2704,1970,1257,1746
2024/1/23,9:00-9:59,4347,2318,1720,1100,1568
2024/1/23,10:00-10:59,3771,2015,1351,989,1282
2024/1/23,11:00-11:59,3094,1665,1209,847,1020
2024/1/23,12:00-12:59,3137,1645,1116,843,1000
2024/1/23,13:00-13:59,3584,1976,1350,938,1158
2024/1/23,14:00-14:59,3676,2064,1502,993,1268
2024/1/23,15:00-15:59,3766,2092,1483,1010,1205
2024/1/23,16:00-16:59,4064,2545,1850,1072,1421
2024/1/23,17:00-17:59,5611,3813,2677,1651,2279
2024/1/23,18:00-18:59,4557,3172,1986,1323,1841
2024/1/23,19:00-19:59,2452,1692,969,742,957
2024/1/23,20:00-20:59,1755,1171,640,556,639
2024/1/23,21:00-21:59,1427,949,463,425,440
2024/1/23,22:00-22:59,919,653,312,263,306
2024/1/23,23:00-23:59,517,347,187,167,168
2024/1/24,0:00-0:59,327,207,87,111,111
2024/1/24,1:00-1:59,192,157,43,79,71
2024/1/24,2:00-2:59,142,102,35,75,55
2024/1/24,3:00-3:59,121,70,46,60,49
2024/1/24,4:00-4:59,183,132,70,106,92
2024/1/24,5:00-5:59,491,389,169,220,325
2024/1/24,6:00-6:59,2125,1467,943,678,833
2024/1/24,7:00-7:59,6340,4036,3019,1908,2677
2024/1/24,8:00-8:59,7042,4166,2885,1911,2567
2024/1/24,9:00-9:59,5917,3207,2416,1556,1832
2024/1/24,10:00-10:59,4711,2431,1871,1231,1481
2024/1/24,11:00-11:59,4090,2096,1637,1097,1304
2024/1/24,12:00-12:59,3870,2045,1462,1007,1179
2024/1/24,13:00-13:59,4298,2355,1614,1195,1280
2024/1/24,14:00-14:59,4462,2348,1737,1203,1430
2024/1/24,15:00-15:59,4551,2524,1806,1248,1414
2024/1/24,16:00-16:59,5194,2985,2155,1390,1785
2024/1/24,17:00-17:59,6476,4100,2746,1722,2451
2024/1/24,18:00-18:59,5169,3616,2362,1596,1977
2024/1/24,19:00-19:59,2210,1876,1238,863,1042
2024/1/24,20:00-20:59,1950,1523,889,576,739
2024/1/24,21:00-21:59,1651,1114,541,475,561
2024/1/24,22:00-22:59,1120,720,357,310,332
2024/1/24,23:00-23:59,522,379,185,184,200
2024/1/25,0:00-0:59,315,201,104,124,126
2024/1/25,1:00-1:59,206,149,53,74,78
2024/1/25,2:00-2:59,165,101,40,94,56
2024/1/25,3:00-3:59,134,76,36,76,34
2024/1/25,4:00-4:59,214,157,83,125,103
2024/1/25,5:00-5:59,475,386,199,242,315
2024/1/25,6:00-6:59,2285,1491,965,725,810
2024/1/25,7:00-7:59,6562,4166,3216,1961,2739
2024/1/25,8:00-8:59,7055,4328,3244,1888,2603
2024/1/25,9:00-9:59,6203,3270,2398,1561,1743
2024/1/25,10:00-10:59,4588,2519,1835,1253,1449
2024/1/25,11:00-11:59,4024,2164,1551,1123,1326
2024/1/25,12:00-12:59,3851,2074,1475,1025,1217
2024/1/25,13:00-13:59,4221,2196,1567,1192,1259
2024/1/25,14:00-14:59,4465,2436,1703,1216,1348
2024/1/25,15:00-15:59,4304,2333,1783,1255,1408
2024/1/25,16:00-16:59,5282,3139,2184,1375,1669
2024/1/25,17:00-17:59,6398,4142,3007,1815,2472
2024/1/25,18:00-18:59,5440,3602,2253,1732,2055
2024/1/25,19:00-19:59,3257,2104,1311,961,1118
2024/1/25,20:00-20:59,2170,1471,796,654,785
2024/1/25,21:00-21:59,1693,1136,623,514,567
2024/1/25,22:00-22:59,1202,786,375,421,368
2024/1/25,23:00-23:59,606,450,180,216,245
2024/1/26,0:00-0:59,403,285,98,132,151
2024/1/26,1:00-1:59,276,171,58,93,116
2024/1/26,2:00-2:59,177,124,44,100,59
2024/1/26,3:00-3:59,135,86,51,73,59
2024/1/26,4:00-4:59,202,157,70,129,91
2024/1/26,5:00-5:59,465,382,224,243,301
2024/1/26,6:00-6:59,2293,1558,1019,708,847
2024/1/26,7:00-7:59,6685,4255,3173,2022,2835
2024/1/26,8:00-8:59,7210,4503,3326,2009,2678
2024/1/26,9:00-9:59,6275,3360,2378,1576,1946
2024/1/26,10:00-10:59,5141,2715,2008,1297,1589
2024/1/26,11:00-11:59,4438,2420,1625,1165,1430
2024/1/26,12:00-12:59,4182,2253,1483,1103,1332
2024/1/26,13:00-13:59,4639,2505,1856,1246,1460
2024/1/26,14:00-14:59,5025,2612,2030,1294,1614
2024/1/26,15:00-15:59,5232,2938,2010,1418,1556
2024/1/26,16:00-16:59,5994,3465,2302,1530,1975
2024/1/26,17:00-17:59,7158,4306,3207,1910,2664
2024/1/26,18:00-18:59,6246,3716,2457,1824,2156
2024/1/26,19:00-19:59,3681,2512,1422,1074,1263
2024/1/26,20:00-20:59,2442,1671,874,676,900
2024/1/26,21:00-21:59,2285,1517,713,641,692
2024/1/26,22:00-22:59,1480,1067,475,400,463
2024/1/26,23:00-23:59,732,564,258,243,235
2024/1/27,0:00-0:59,513,328,133,167,155
2024/1/27,1:00-1:59,280,171,81,110,91
2024/1/27,2:00-2:59,194,125,51,76,59
2024/1/27,3:00-3:59,164,106,45,95,60
2024/1/27,4:00-4:59,232,187,79,133,94
2024/1/27,5:00-5:59,513,372,214,240,317
2024/1/27,6:00-6:59,1491,1004,646,519,600
2024/1/27,7:00-7:59,3723,2420,1866,1150,1587
2024/1/27,8:00-8:59,5587,3395,2460,1461,2051
2024/1/27,9:00-9:59,6335,3477,2543,1725,2004
2024/1/27,10:00-10:59,6129,3327,2472,1560,1838
2024/1/27,11:00-11:59,5238,3017,2049,1445,1598
2024/1/27,12:00-12:59,4527,2542,1743,1178,1428
2024/1/27,13:00-13:59,4751,2635,1857,1287,1463
2024/1/27,14:00-14:59,5298,2917,2057,1444,1654
2024/1/27,15:00-15:59,5616,3135,2303,1385,1753
2024/1/27,16:00-16:59,5914,3550,2516,1514,1887
2024/1/27,17:00-17:59,6028,3712,2820,1538,2277
2024/1/27,18:00-18:59,4251,2888,1991,1226,1595
2024/1/27,19:00-19:59,2619,1815,1141,791,965
2024/1/27,20:00-20:59,2188,1463,838,604,738
2024/1/27,21:00-21:59,2014,1310,679,575,603
2024/1/27,22:00-22:59,1380,926,467,437,451
2024/1/27,23:00-23:59,682,488,218,246,226
2024/1/28,0:00-0:59,427,293,130,139,153
2024/1/28,1:00-1:59,275,172,81,105,93
2024/1/28,2:00-2:59,185,124,67,81,67
2024/1/28,3:00-3:59,181,103,63,97,66
2024/1/28,4:00-4:59,230,191,77,137,101
2024/1/28,5:00-5:59,488,386,214,241,311
2024/1/28,6:00-6:59,1421,863,657,466,557
2024/1/28,7:00-7:59,3138,1890,1545,877,1130
2024/1/28,8:00-8:59,4690,2685,2144,1221,1691
2024/1/28,9:00-9:59,5664,3101,2442,1380,1787
2024/1/28,10:00-10:59,5825,3267,2393,1430,1801
2024/1/28,11:00-11:59,4893,2944,2026,1232,1533
2024/1/28,12:00-12:59,4001,2283,1630,1055,1288
2024/1/28,13:00-13:59,4550,2564,1900,1232,1362
2024/1/28,14:00-14:59,5350,3024,2196,1365,1564
2024/1/28,15:00-15:59,5754,3227,2480,1493,1700
2024/1/28,16:00-16:59,6009,3631,2651,1485,1865
2024/1/28,17:00-17:59,5677,3682,2769,1427,1962
2024/1/28,18:00-18:59,4027,2628,1827,1114,1392
2024/1/28,19:00-19:59,2787,1840,1212,806,940
2024/1/28,20:00-20:59,2264,1536,868,581,748
2024/1/28,21:00-21:59,1873,1226,667,510,569
2024/1/28,22:00-22:59,1091,733,360,307,349
2024/1/28,23:00-23:59,593,392,220,182,213
2024/1/29,0:00-0:59,351,213,109,105,135
2024/1/29,1:00-1:59,218,153,65,80,72
2024/1/29,2:00-2:59,143,95,48,70,59
2024/1/29,3:00-3:59,153,101,48,95,37
2024/1/29,4:00-4:59,224,177,77,142,106
2024/1/29,5:00-5:59,598,455,241,269,344
2024/1/29,6:00-6:59,2845,1736,1205,886,1036
2024/1/29,7:00-7:59,7182,4375,3484,2134,2916
2024/1/29,8:00-8:59,7417,4566,3375,2061,2601
2024/1/29,9:00-9:59,6204,3354,2605,1612,1838
2024/1/29,10:00-10:59,5159,2600,2042,1372,1494
2024/1/29,11:00-11:59,4310,2338,1741,1142,1394
2024/1/29,12:00-12:59,3902,2099,1521,1036,1241
2024/1/29,13:00-13:59,4373,2423,1810,1237,1373
2024/1/29,14:00-14:59,4621,2454,1911,1252,1375
2024/1/29,15:00-15:59,4842,2646,2024,1378,1528
2024/1/29,16:00-16:59,5433,3038,2312,1523,1818
2024/1/29,17:00-17:59,6528,4097,3046,1851,2529
2024/1/29,18:00-18:59,5597,3674,2454,1658,2023
2024/1/29,19:00-19:59,3291,2178,1389,1015,1126
2024/1/29,20:00-20:59,2179,1553,869,621,770
2024/1/29,21:00-21:59,1907,1211,629,548,612
2024/1/29,22:00-22:59,1272,790,408,371,416
2024/1/29,23:00-23:59,630,352,232,227,215
2024/1/30,0:00-0:59,362,233,101,131,140
2024/1/30,1:00-1:59,227,125,72,81,97
2024/1/30,2:00-2:59,160,104,56,59,61
2024/1/30,3:00-3:59,155,96,52,89,75
2024/1/30,4:00-4:59,243,144,82,150,102
2024/1/30,5:00-5:59,539,362,237,245,329
2024/1/30,6:00-6:59,2327,1332,1056,735,844
2024/1/30,7:00-7:59,6535,4115,3157,1931,2587
2024/1/30,8:00-8:59,7389,4404,3372,2101,2402
2024/1/30,9:00-9:59,6304,3358,2516,1573,1930
2024/1/30,10:00-10:59,5124,2629,2076,1335,1557
2024/1/30,11:00-11:59,4366,2388,1751,1235,1336
2024/1/30,12:00-12:59,3987,2127,1603,1114,1247
2024/1/30,13:00-13:59,4547,2323,1776,1228,1423
2024/1/30,14:00-14:59,4808,2612,2004,1276,1435
2024/1/30,15:00-15:59,4894,2740,2069,1314,1577
2024/1/30,16:00-16:59,5449,3065,2441,1296,1840
2024/1/30,17:00-17:59,6115,4031,3173,1612,2593
2024/1/30,18:00-18:59,5405,3590,2326,1567,1869
2024/1/30,19:00-19:59,3071,2258,1278,878,1186
2024/1/30,20:00-20:59,2230,1519,840,645,767
2024/1/30,21:00-21:59,1888,1243,669,535,607
2024/1/30,22:00-22:59,1114,789,418,322,390
2024/1/30,23:00-23:59,564,448,232,191,203
2024/1/31,0:00-0:59,371,262,91,143,136
2024/1/31,1:00-1:59,223,129,58,81,78
2024/1/31,2:00-2:59,150,110,42,91,58
2024/1/31,3:00-3:59,166,94,56,100,46
2024/1/31,4:00-4:59,213,157,69,118,90
2024/1/31,5:00-5:59,527,397,235,266,284
2024/1/31,6:00-6:59,2093,1322,924,679,822
2024/1/31,7:00-7:59,6127,3893,3133,1854,2539
2024/1/31,8:00-8:59,7187,4495,3371,1907,2579
2024/1/31,9:00-9:59,5954,3296,2606,1552,1784
2024/1/31,10:00-10:59,5233,2855,2169,1344,1582
2024/1/31,11:00-11:59,4594,2460,1818,1210,1390
2024/1/31,12:00-12:59,4177,2311,1745,1064,1316
2024/1/31,13:00-13:59,4597,2512,1859,1261,1364
2024/1/31,14:00-14:59,5000,2518,1971,1299,1491
2024/1/31,15:00-15:59,5001,2763,2012,1342,1558
2024/1/31,16:00-16:59,5451,3108,2563,1477,1833
2024/1/31,17:00-17:59,6187,4101,3200,1643,2597
2024/1/31,18:00-18:59,5534,3968,2900,1561,2321
2024/1/31,19:00-19:59,3217,2321,1461,948,1298
2024/1/31,20:00-20:59,2273,1567,941,574,735
2024/1/31,21:00-21:59,1793,1172,644,508,605
2024/1/31,22:00-22:59,1132,740,402,339,412
2024/1/31,23:00-23:59,604,463,210,194,233
2024/2/1,0:00-0:59,348,254,110,127,120
2024/2/1,1:00-1:59,234,137,63,91,87
2024/2/1,2:00-2:59,176,116,57,67,78
2024/2/1,3:00-3:59,161,74,47,87,39
2024/2/1,4:00-4:59,206,148,65,120,83
2024/2/1,5:00-5:59,433,332,179,235,234
2024/2/1,6:00-6:59,1929,1175,807,623,736
2024/2/1,7:00-7:59,5926,3838,2955,1820,2558
2024/2/1,8:00-8:59,6890,4299,3087,1943,2363
2024/2/1,9:00-9:59,5725,3092,2343,1463,1785
2024/2/1,10:00-10:59,4958,2725,1989,1333,1544
2024/2/1,11:00-11:59,4324,2375,1744,1166,1339
2024/2/1,12:00-12:59,4056,2177,1527,1090,1325
2024/2/1,13:00-13:59,4479,2442,1776,1202,1402
2024/2/1,14:00-14:59,4764,2593,1820,1294,1525
2024/2/1,15:00-15:59,4907,2766,2002,1287,1446
2024/2/1,16:00-16:59,5367,3141,2411,1424,1838
2024/2/1,17:00-17:59,6479,4134,3071,1817,2483
2024/2/1,18:00-18:59,5197,3643,2442,1580,2045
2024/2/1,19:00-19:59,3064,2129,1357,923,1124
2024/2/1,20:00-20:59,2191,1561,866,646,753
2024/2/1,21:00-21:59,1971,1274,672,550,621
2024/2/1,22:00-22:59,1213,809,448,388,437
2024/2/1,23:00-23:59,651,449,235,231,232
2024/2/2,0:00-0:59,344,289,105,140,148
2024/2/2,1:00-1:59,229,163,76,85,105
2024/2/2,2:00-2:59,157,98,48,77,59
2024/2/2,3:00-3:59,164,89,58,101,67
2024/2/2,4:00-4:59,179,140,68,140,83
2024/2/2,5:00-5:59,431,307,168,214,233
2024/2/2,6:00-6:59,1844,1064,743,622,669
2024/2/2,7:00-7:59,5896,3776,2857,1850,2557
2024/2/2,8:00-8:59,6649,4321,3049,1896,2330
2024/2/2,9:00-9:59,5778,3187,2481,1554,1795
2024/2/2,10:00-10:59,5218,2801,2193,1407,1671
2024/2/2,11:00-11:59,4732,2601,1807,1213,1538
2024/2/2,12:00-12:59,4186,2380,1587,1159,1282
2024/2/2,13:00-13:59,4583,2485,1720,1220,1391
2024/2/2,14:00-14:59,5029,2836,2056,1318,1535
2024/2/2,15:00-15:59,5565,3277,2188,1578,1721
2024/2/2,16:00-16:59,6715,3872,2744,1880,2187
2024/2/2,17:00-17:59,6987,4524,3136,1942,2450
2024/2/2,18:00-18:59,5248,3436,2108,1582,1843
2024/2/2,19:00-19:59,2697,1832,1121,815,937
2024/2/2,20:00-20:59,2002,1429,760,564,644
2024/2/2,21:00-21:59,1685,1150,598,485,585
2024/2/2,22:00-22:59,977,690,338,272,349
2024/2/2,23:00-23:59,543,364,183,171,186
2024/2/3,0:00-0:59,308,232,89,101,121
2024/2/3,1:00-1:59,226,139,70,80,69
2024/2/3,2:00-2:59,149,108,47,62,65
2024/2/3,3:00-3:59,159,98,51,100,59
2024/2/3,4:00-4:59,199,166,78,132,104
2024/2/3,5:00-5:59,450,318,211,229,189
2024/2/3,6:00-6:59,1462,936,630,483,576
2024/2/3,7:00-7:59,3760,2318,1918,1046,1542
2024/2/3,8:00-8:59,5291,3110,2534,1413,1934
2024/2/3,9:00-9:59,6362,3425,2820,1650,1931
2024/2/3,10:00-10:59,6279,3474,2660,1622,1903
2024/2/3,11:00-11:59,5573,3214,2364,1480,1673
2024/2/3,12:00-12:59,4916,2751,1990,1275,1647
2024/2/3,13:00-13:59,4925,2766,2010,1347,1562
2024/2/3,14:00-14:59,5542,3002,2270,1512,1628
2024/2/3,15:00-15:59,5697,3203,2443,1488,1750
2024/2/3,16:00-16:59,5862,3431,2580,1510,1787
2024/2/3,17:00-17:59,5690,3659,2725,1460,1925
2024/2/3,18:00-18:59,3995,2696,1808,1128,1370
2024/2/3,19:00-19:59,2843,1843,1153,774,886
2024/2/3,20:00-20:59,2356,1513,889,598,754
2024/2/3,21:00-21:59,2012,1253,691,536,617
2024/2/3,22:00-22:59,1251,879,431,334,420
2024/2/3,23:00-23:59,621,460,253,221,201
2024/2/4,0:00-0:59,379,250,125,123,124
2024/2/4,1:00-1:59,195,166,70,83,75
2024/2/4,2:00-2:59,171,111,56,87,57
2024/2/4,3:00-3:59,147,68,51,98,63
2024/2/4,4:00-4:59,205,145,70,126,73
2024/2/4,5:00-5:59,447,318,190,220,169
2024/2/4,6:00-6:59,1580,944,663,535,613
2024/2/4,7:00-7:59,5443,3455,2443,1532,2158
2024/2/4,8:00-8:59,6313,4019,2659,1787,2209
2024/2/4,9:00-9:59,5379,2940,2198,1423,1624
2024/2/4,10:00-10:59,4939,2672,1970,1309,1536
2024/2/4,11:00-11:59,4251,2363,1720,1158,1336
2024/2/4,12:00-12:59,3963,2233,1462,1050,1217
2024/2/4,13:00-13:59,4321,2423,1723,1188,1356
2024/2/4,14:00-14:59,4602,2547,1814,1232,1369
2024/2/4,15:00-15:59,4685,2641,1887,1273,1411
2024/2/4,16:00-16:59,4886,2870,2039,1345,1572
2024/2/4,17:00-17:59,5825,3958,2493,1637,2017
2024/2/4,18:00-18:59,4592,3190,1931,1332,1577
2024/2/4,19:00-19:59,1973,1368,788,650,877
2024/2/4,20:00-20:59,181,85,58,5,72
2024/2/4,21:00-21:59,52,12,23,3,22
2024/2/4,22:00-22:59,59,20,30,2,28
2024/2/4,23:00-23:59,55,34,21,0,23
2024/2/5,0:00-0:59,17,20,12,0,16
2024/2/5,1:00-1:59,12,7,7,1,7
2024/2/5,2:00-2:59,3,6,6,1,18
2024/2/5,3:00-3:59,9,4,3,1,10
2024/2/5,4:00-4:59,1,2,5,3,6
2024/2/5,5:00-5:59,3,8,10,5,13
2024/2/5,6:00-6:59,18,12,7,29,7
2024/2/5,7:00-7:59,7,9,5,315,15
2024/2/5,8:00-8:59,48,22,12,597,44
2024/2/5,9:00-9:59,143,105,85,636,94
2024/2/5,10:00-10:59,1087,699,342,845,511
2024/2/5,11:00-11:59,2064,1222,744,873,884
2024/2/5,12:00-12:59,2361,1336,883,946,920
2024/2/5,13:00-13:59,2762,1575,1123,986,930
2024/2/5,14:00-14:59,3220,1747,1277,1087,972
2024/2/5,15:00-15:59,3274,1898,1253,957,999
2024/2/5,16:00-16:59,3453,2119,1384,582,1164
2024/2/5,17:00-17:59,3987,2867,1693,361,1402
2024/2/5,18:00-18:59,3187,2220,1235,316,1118
2024/2/5,19:00-19:59,1948,1312,694,227,629
2024/2/5,20:00-20:59,1357,954,533,158,487
2024/2/5,21:00-21:59,1269,902,409,8926,389
2024/2/5,22:00-22:59,819,564,243,425,271
2024/2/5,23:00-23:59,494,338,140,,166
2024/2/6,0:00-0:59,275,205,76,87,103
2024/2/6,1:00-1:59,187,131,46,73,87
2024/2/6,2:00-2:59,126,81,34,53,43
2024/2/6,3:00-3:59,137,88,37,95,46
2024/2/6,4:00-4:59,173,181,69,102,79
2024/2/6,5:00-5:59,360,274,145,188,143
2024/2/6,6:00-6:59,1431,825,516,482,484
2024/2/6,7:00-7:59,4685,2862,1940,1385,1837
2024/2/6,8:00-8:59,5812,3600,2282,1637,1881
2024/2/6,9:00-9:59,5388,2900,2256,1403,1685
2024/2/6,10:00-10:59,5504,2891,2278,1433,1735
2024/2/6,11:00-11:59,4964,2622,1855,1295,1527
2024/2/6,12:00-12:59,4445,2348,1710,1227,1281
2024/2/6,13:00-13:59,4722,2457,1782,1306,1353
2024/2/6,14:00-14:59,5088,2647,1956,1400,1486
2024/2/6,15:00-15:59,5334,2866,2167,1436,1468
2024/2/6,16:00-16:59,5473,3189,2116,1413,1598
2024/2/6,17:00-17:59,5450,3741,2586,1601,1945
2024/2/6,18:00-18:59,4956,3052,1910,1296,1445
2024/2/6,19:00-19:59,2852,1939,1058,800,865
2024/2/6,20:00-20:59,2087,1343,761,521,584
2024/2/6,21:00-21:59,1739,1118,550,477,515
2024/2/6,22:00-22:59,1158,725,377,296,377
2024/2/6,23:00-23:59,603,374,182,181,200
2024/2/7,0:00-0:59,338,234,117,123,108
2024/2/7,1:00-1:59,214,142,55,96,64
2024/2/7,2:00-2:59,155,89,46,79,37
2024/2/7,3:00-3:59,146,103,52,99,53
2024/2/7,4:00-4:59,202,148,81,126,72
2024/2/7,5:00-5:59,464,264,191,200,163
2024/2/7,6:00-6:59,1595,807,559,500,473
2024/2/7,7:00-7:59,4617,2567,1710,1261,1640
2024/2/7,8:00-8:59,5641,3309,2256,1478,1684
2024/2/7,9:00-9:59,5996,3084,2289,1502,1678
2024/2/7,10:00-10:59,5948,3183,2459,1616,1661
2024/2/7,11:00-11:59,5072,2778,2217,1337,1452
2024/2/7,12:00-12:59,4467,2294,1770,1202,1262
2024/2/7,13:00-13:59,4730,2411,1886,1306,1250
2024/2/7,14:00-14:59,5316,2711,2188,1383,1419
2024/2/7,15:00-15:59,5515,2868,2255,1473,1482
2024/2/7,16:00-16:59,5491,2962,2353,1445,1549
2024/2/7,17:00-17:59,5642,3445,2425,1378,1714
2024/2/7,18:00-18:59,4312,2533,1680,1099,1239
2024/2/7,19:00-19:59,2651,1670,1034,695,792
2024/2/7,20:00-20:59,1962,1213,690,504,545
2024/2/7,21:00-21:59,1617,886,546,435,430
2024/2/7,22:00-22:59,1015,635,366,215,322
2024/2/7,23:00-23:59,529,341,207,141,168
2024/2/8,0:00-0:59,333,188,102,98,142
2024/2/8,1:00-1:59,238,122,60,75,77
2024/2/8,2:00-2:59,139,82,44,59,59
2024/2/8,3:00-3:59,156,74,38,56,42
2024/2/8,4:00-4:59,219,139,76,108,75
2024/2/8,5:00-5:59,422,289,166,203,125
2024/2/8,6:00-6:59,1251,638,472,330,387
2024/2/8,7:00-7:59,3670,1924,1357,935,1126
2024/2/8,8:00-8:59,4682,2756,1987,1244,1370
2024/2/8,9:00-9:59,5429,2973,2425,1421,1301
2024/2/8,10:00-10:59,5240,2791,1979,1538,1513
2024/2/8,11:00-11:59,4531,2513,1977,1229,1279
2024/2/8,12:00-12:59,4004,2084,1641,999,1086
2024/2/8,13:00-13:59,4243,2242,1731,1062,1083
2024/2/8,14:00-14:59,4699,2487,1912,1189,1221
2024/2/8,15:00-15:59,4838,2494,1900,1174,1248
2024/2/8,16:00-16:59,4550,2414,1788,1076,1200
2024/2/8,17:00-17:59,4414,2464,1840,1050,1216
2024/2/8,18:00-18:59,3220,1895,1260,762,865
2024/2/8,19:00-19:59,1925,1105,793,441,573
2024/2/8,20:00-20:59,1581,821,557,343,445
2024/2/8,21:00-21:59,1214,688,479,285,327
2024/2/8,22:00-22:59,783,396,250,166,240
2024/2/8,23:00-23:59,433,247,137,93,123
2024/2/9,0:00-0:59,411,219,156,92,126
2024/2/9,1:00-1:59,256,133,90,74,62
2024/2/9,2:00-2:59,160,82,50,43,43
2024/2/9,3:00-3:59,146,94,43,54,36
2024/2/9,4:00-4:59,222,130,85,74,46
2024/2/9,5:00-5:59,607,291,286,156,131
2024/2/9,6:00-6:59,1481,630,745,269,257
2024/2/9,7:00-7:59,3456,1522,1505,618,643
2024/2/9,8:00-8:59,5135,2497,2093,992,972
2024/2/9,9:00-9:59,5712,2937,2518,1210,1202
2024/2/9,10:00-10:59,5644,2770,2406,1253,1289
2024/2/9,11:00-11:59,4621,2305,1892,991,1019
2024/2/9,12:00-12:59,3643,1651,1551,747,726
2024/2/9,13:00-13:59,3547,1691,1414,738,759
2024/2/9,14:00-14:59,3704,1799,1541,785,807
2024/2/9,15:00-15:59,3530,1778,1482,736,765
2024/2/9,16:00-16:59,3102,1617,1305,713,693
2024/2/9,17:00-17:59,2345,1259,876,523,523
2024/2/9,18:00-18:59,1315,667,488,270,336
2024/2/9,19:00-19:59,1113,556,318,237,273
2024/2/9,20:00-20:59,1121,592,332,250,275
2024/2/9,21:00-21:59,1188,636,314,260,235
2024/2/9,22:00-22:59,1057,563,290,260,211
2024/2/9,23:00-23:59,912,527,304,199,203
2024/2/10,0:00-0:59,800,441,266,157,178
2024/2/10,1:00-1:59,479,200,149,89,83
2024/2/10,2:00-2:59,154,85,53,34,40
2024/2/10,3:00-3:59,138,60,40,34,24
2024/2/10,4:00-4:59,217,105,52,33,50
2024/2/10,5:00-5:59,323,135,93,47,57
2024/2/10,6:00-6:59,727,300,223,156,182
2024/2/10,7:00-7:59,1642,727,619,356,481
2024/2/10,8:00-8:59,2489,1238,1000,607,665
2024/2/10,9:00-9:59,4088,1755,1648,861,915
2024/2/10,10:00-10:59,5287,2270,1899,1094,1116
2024/2/10,11:00-11:59,5027,2003,1722,1051,942
2024/2/10,12:00-12:59,3938,1405,1282,820,756
2024/2/10,13:00-13:59,4067,1491,1394,826,709
2024/2/10,14:00-14:59,4442,1630,1452,782,841
2024/2/10,15:00-15:59,4593,1697,1489,946,639
2024/2/10,16:00-16:59,4762,1854,1612,900,799
2024/2/10,17:00-17:59,3896,1619,1272,834,776
2024/2/10,18:00-18:59,2454,1098,877,526,579
2024/2/10,19:00-19:59,1991,983,691,396,424
2024/2/10,20:00-20:59,1803,839,572,372,419
2024/2/10,21:00-21:59,1472,812,503,288,369
2024/2/10,22:00-22:59,873,491,289,178,178
2024/2/10,23:00-23:59,464,287,144,113,123
2024/2/11,0:00-0:59,299,165,97,59,78
2024/2/11,1:00-1:59,168,85,56,35,45
2024/2/11,2:00-2:59,123,67,46,28,37
2024/2/11,3:00-3:59,118,74,31,36,34
2024/2/11,4:00-4:59,180,96,57,56,72
2024/2/11,5:00-5:59,333,169,109,46,169
2024/2/11,6:00-6:59,685,288,265,148,352
2024/2/11,7:00-7:59,1657,802,378,452,1470
2024/2/11,8:00-8:59,3018,1524,871,770,2083
2024/2/11,9:00-9:59,5303,2524,1733,1553,2147
2024/2/11,10:00-10:59,6842,2731,2506,1688,1517
2024/2/11,11:00-11:59,5467,2030,1846,1082,1084
2024/2/11,12:00-12:59,3763,1254,1226,740,666
2024/2/11,13:00-13:59,3906,1332,1216,708,721
2024/2/11,14:00-14:59,4726,1749,1586,1000,856
2024/2/11,15:00-15:59,5112,2036,1935,1001,960
2024/2/11,16:00-16:59,5244,2017,1887,1146,981
2024/2/11,17:00-17:59,4427,1783,1549,963,869
2024/2/11,18:00-18:59,3127,1355,1163,688,696
2024/2/11,19:00-19:59,2641,1272,1035,551,575
2024/2/11,20:00-20:59,2247,1179,762,459,506
2024/2/11,21:00-21:59,1732,843,593,351,394
2024/2/11,22:00-22:59,919,502,320,194,228
2024/2/11,23:00-23:59,541,302,172,103,116
2024/2/12,0:00-0:59,323,165,92,70,92
2024/2/12,1:00-1:59,250,139,66,49,62
2024/2/12,2:00-2:59,142,69,45,43,28
2024/2/12,3:00-3:59,133,73,62,37,35
2024/2/12,4:00-4:59,206,144,87,65,66
2024/2/12,5:00-5:59,378,210,179,100,195
2024/2/12,6:00-6:59,912,474,431,181,412
2024/2/12,7:00-7:59,2491,1140,1154,525,1089
2024/2/12,8:00-8:59,4799,2300,2259,1029,1569
2024/2/12,9:00-9:59,6978,3557,2733,1946,1540
2024/2/12,10:00-10:59,6492,3177,3032,2197,1472
2024/2/12,11:00-11:59,5539,2130,2048,1205,1010
2024/2/12,12:00-12:59,4062,1328,1237,810,638
2024/2/12,13:00-13:59,4120,1424,1341,853,738
2024/2/12,14:00-14:59,5276,1877,1769,1107,892
2024/2/12,15:00-15:59,6168,2329,2060,1283,1137
2024/2/12,16:00-16:59,6298,2535,2401,1357,1199
2024/2/12,17:00-17:59,5747,2356,2154,1192,1060
2024/2/12,18:00-18:59,3795,1608,1375,834,786
2024/2/12,19:00-19:59,2970,1365,1059,639,667
2024/2/12,20:00-20:59,2523,1285,901,572,555
2024/2/12,21:00-21:59,2101,1057,709,430,495
2024/2/12,22:00-22:59,1206,640,427,252,296
2024/2/12,23:00-23:59,621,345,223,159,165
2024/2/13,0:00-0:59,393,210,99,87,79
2024/2/13,1:00-1:59,234,122,64,54,69
2024/2/13,2:00-2:59,168,97,59,66,35
2024/2/13,3:00-3:59,145,83,52,55,43
2024/2/13,4:00-4:59,230,132,68,53,56
2024/2/13,5:00-5:59,427,196,160,95,107
2024/2/13,6:00-6:59,1057,433,389,265,239
2024/2/13,7:00-7:59,2428,983,911,518,504
2024/2/13,8:00-8:59,4808,1917,1887,972,893
2024/2/13,9:00-9:59,7341,2832,2746,1563,1314
2024/2/13,10:00-10:59,7417,2871,2567,1797,1450
2024/2/13,11:00-11:59,5999,2388,2212,1181,1051
2024/2/13,12:00-12:59,4995,1430,1534,1052,836
2024/2/13,13:00-13:59,5148,1879,1640,1079,900
2024/2/13,14:00-14:59,6274,2207,2073,1393,1141
2024/2/13,15:00-15:59,7095,2666,2456,1650,1251
2024/2/13,16:00-16:59,7102,2911,2667,1755,1304
2024/2/13,17:00-17:59,6634,2857,2358,1647,1249
2024/2/13,18:00-18:59,4474,1991,1585,1000,832
2024/2/13,19:00-19:59,3186,1401,1122,742,652
2024/2/13,20:00-20:59,2644,1298,929,606,557
2024/2/13,21:00-21:59,2297,1226,788,546,579
2024/2/13,22:00-22:59,1490,804,480,358,336
2024/2/13,23:00-23:59,790,440,248,200,202
2024/2/14,0:00-0:59,469,272,135,128,123
2024/2/14,1:00-1:59,323,187,94,86,74
2024/2/14,2:00-2:59,202,107,77,61,56
2024/2/14,3:00-3:59,176,78,45,64,43
2024/2/14,4:00-4:59,204,105,73,66,45
2024/2/14,5:00-5:59,422,211,154,119,113
2024/2/14,6:00-6:59,1087,442,360,249,230
2024/2/14,7:00-7:59,2631,1015,985,543,539
2024/2/14,8:00-8:59,4874,1831,1682,1008,905
2024/2/14,9:00-9:59,7281,2849,2788,1591,1382
2024/2/14,10:00-10:59,7429,3008,2645,1873,1671
2024/2/14,11:00-11:59,5958,2355,2219,1550,1244
2024/2/14,12:00-12:59,5252,1899,1955,1034,941
2024/2/14,13:00-13:59,5457,2030,1832,1194,1028
2024/2/14,14:00-14:59,6121,2533,2338,1569,1249
2024/2/14,15:00-15:59,6482,2896,2764,1759,1401
2024/2/14,16:00-16:59,6962,3078,2684,2000,1409
2024/2/14,17:00-17:59,6200,3101,2611,1775,1513
2024/2/14,18:00-18:59,4022,2003,1582,1165,993
2024/2/14,19:00-19:59,3097,1604,1254,872,802
2024/2/14,20:00-20:59,2370,1466,990,712,704
2024/2/14,21:00-21:59,1967,1281,839,589,633
2024/2/14,22:00-22:59,1281,883,520,419,347
2024/2/14,23:00-23:59,886,473,306,229,209
2024/2/15,0:00-0:59,500,275,188,112,138
2024/2/15,1:00-1:59,314,162,107,74,97
2024/2/15,2:00-2:59,219,109,55,72,59
2024/2/15,3:00-3:59,147,77,54,48,50
2024/2/15,4:00-4:59,166,142,75,82,66
2024/2/15,5:00-5:59,303,179,156,95,114
2024/2/15,6:00-6:59,1038,451,394,248,252
2024/2/15,7:00-7:59,2826,1254,1112,502,694
2024/2/15,8:00-8:59,4506,1941,1660,852,999
2024/2/15,9:00-9:59,6428,2780,2507,1421,1274
2024/2/15,10:00-10:59,7097,3085,2865,1639,1551
2024/2/15,11:00-11:59,6490,2729,2281,1525,1323
2024/2/15,12:00-12:59,5733,2099,1816,1272,1060
2024/2/15,13:00-13:59,5701,2149,1973,1310,1123
2024/2/15,14:00-14:59,6608,2648,2475,1534,1313
2024/2/15,15:00-15:59,7030,3064,2850,1723,1378
2024/2/15,16:00-16:59,7003,3082,2833,1688,1480
2024/2/15,17:00-17:59,6413,3058,2528,1632,1425
2024/2/15,18:00-18:59,4119,2205,1759,1153,1174
2024/2/15,19:00-19:59,3307,1810,1192,932,915
2024/2/15,20:00-20:59,2897,1542,980,753,768
2024/2/15,21:00-21:59,2480,1394,884,657,704
2024/2/15,22:00-22:59,1685,934,582,441,447
2024/2/15,23:00-23:59,897,566,378,256,282
2024/2/16,0:00-0:59,553,339,227,158,151
2024/2/16,1:00-1:59,329,196,159,98,97
2024/2/16,2:00-2:59,246,134,93,79,75
2024/2/16,3:00-3:59,183,92,72,62,48
2024/2/16,4:00-4:59,240,124,88,80,56
2024/2/16,5:00-5:59,488,212,201,153,131
2024/2/16,6:00-6:59,1466,594,526,337,332
2024/2/16,7:00-7:59,3735,1580,1349,795,900
2024/2/16,8:00-8:59,4987,2216,1884,1098,1151
2024/2/16,9:00-9:59,6579,2768,2611,1354,1478
2024/2/16,10:00-10:59,7597,3293,2961,1654,1754
2024/2/16,11:00-11:59,6745,2856,2573,1482,1381
2024/2/16,12:00-12:59,5683,2288,1993,1354,1113
2024/2/16,13:00-13:59,5880,2450,2082,1387,1229
2024/2/16,14:00-14:59,6850,2902,2662,1566,1436
2024/2/16,15:00-15:59,7615,3040,2631,1922,1375
2024/2/16,16:00-16:59,6743,2998,2808,1909,1595
2024/2/16,17:00-17:59,6788,3390,2896,1595,1511
2024/2/16,18:00-18:59,4554,2501,1944,1235,1283
2024/2/16,19:00-19:59,3309,1883,1269,950,939
2024/2/16,20:00-20:59,2901,1653,1219,778,825
2024/2/16,21:00-21:59,2689,1554,952,668,766
2024/2/16,22:00-22:59,1781,1079,665,408,514
2024/2/16,23:00-23:59,979,626,428,272,285
2024/2/17,0:00-0:59,578,378,243,161,154
2024/2/17,1:00-1:59,365,229,142,105,123
2024/2/17,2:00-2:59,260,169,107,72,95
2024/2/17,3:00-3:59,203,114,80,71,69
2024/2/17,4:00-4:59,258,149,111,99,81
2024/2/17,5:00-5:59,450,236,247,140,147
2024/2/17,6:00-6:59,1494,704,630,382,407
2024/2/17,7:00-7:59,3759,1955,1844,935,1252
2024/2/17,8:00-8:59,5185,2542,2414,1218,1543
2024/2/17,9:00-9:59,6427,2961,2800,1405,1698
2024/2/17,10:00-10:59,6848,3215,2918,1553,1718
2024/2/17,11:00-11:59,6277,3009,2551,1410,1474
2024/2/17,12:00-12:59,5252,2434,2045,1344,1189
2024/2/17,13:00-13:59,5824,2621,2261,1374,1390
2024/2/17,14:00-14:59,6668,3159,2807,1658,1506
2024/2/17,15:00-15:59,7201,3420,3010,1683,1617
2024/2/17,16:00-16:59,7256,3522,2947,1727,1786
2024/2/17,17:00-17:59,6563,3632,2952,1658,1842
2024/2/17,18:00-18:59,4683,2635,2062,1248,1328
2024/2/17,19:00-19:59,3420,2049,1363,957,959
2024/2/17,20:00-20:59,3029,1857,1147,794,804
2024/2/17,21:00-21:59,2625,1661,990,645,722
2024/2/17,22:00-22:59,1576,1002,596,395,427
2024/2/17,23:00-23:59,921,559,341,252,266
2024/2/18,0:00-0:59,321,212,94,102,140
2024/2/18,1:00-1:59,192,127,63,58,56
2024/2/18,2:00-2:59,153,96,36,58,56
2024/2/18,3:00-3:59,118,54,41,60,49
2024/2/18,4:00-4:59,176,116,54,88,58
2024/2/18,5:00-5:59,379,227,177,162,141
2024/2/18,6:00-6:59,1956,1102,833,538,666
2024/2/18,7:00-7:59,6002,3662,2839,1775,2403
2024/2/18,8:00-8:59,5677,3547,2433,1586,1867
2024/2/18,9:00-9:59,4350,2143,1785,1104,1247
2024/2/18,10:00-10:59,3843,1827,1628,940,1067
2024/2/18,11:00-11:59,3351,1668,1310,863,980
2024/2/18,12:00-12:59,2989,1411,1191,715,866
2024/2/18,13:00-13:59,3363,1695,1272,894,1000
2024/2/18,14:00-14:59,3476,1774,1560,861,1143
2024/2/18,15:00-15:59,3717,1898,1570,912,1147
2024/2/18,16:00-16:59,4126,2361,1903,1158,1451
2024/2/18,17:00-17:59,5325,3728,2471,1551,1928
2024/2/18,18:00-18:59,4171,2958,1879,1241,1541
2024/2/18,19:00-19:59,2117,1480,886,623,837
2024/2/18,20:00-20:59,1573,1048,619,480,522
2024/2/18,21:00-21:59,1392,924,503,366,452
2024/2/18,22:00-22:59,811,566,338,226,290
2024/2/18,23:00-23:59,468,383,203,143,187
2024/2/19,0:00-0:59,269,206,84,78,121
2024/2/19,1:00-1:59,189,126,68,56,78
2024/2/19,2:00-2:59,167,87,42,48,48
2024/2/19,3:00-3:59,153,76,32,70,45
2024/2/19,4:00-4:59,173,111,56,76,60
2024/2/19,5:00-5:59,410,224,162,165,173
2024/2/19,6:00-6:59,1843,1026,754,559,657
2024/2/19,7:00-7:59,5821,3776,2922,1752,2525
2024/2/19,8:00-8:59,6844,4120,2856,1794,2245
2024/2/19,9:00-9:59,4670,2422,1962,1214,1506
2024/2/19,10:00-10:59,3958,1909,1613,1011,1206
2024/2/19,11:00-11:59,3362,1612,1287,812,1073
2024/2/19,12:00-12:59,3224,1553,1241,796,944
2024/2/19,13:00-13:59,3413,1698,1316,896,996
2024/2/19,14:00-14:59,3550,1687,1559,860,1118
2024/2/19,15:00-15:59,3999,1931,1536,1062,1205
2024/2/19,16:00-16:59,4233,2370,1876,1214,1539
2024/2/19,17:00-17:59,5582,3676,2705,1693,2165
2024/2/19,18:00-18:59,4251,3259,1988,1319,1763
2024/2/19,19:00-19:59,2108,1545,819,649,732
2024/2/19,20:00-20:59,1539,916,510,403,321
2024/2/19,21:00-21:59,1160,591,388,436,263
2024/2/19,22:00-22:59,737,361,165,281,202
2024/2/19,23:00-23:59,358,205,87,123,151
2024/2/20,0:00-0:59,183,109,68,87,101
2024/2/20,1:00-1:59,34,14,13,4,13
2024/2/20,2:00-2:59,13,6,13,0,4
2024/2/20,3:00-3:59,11,2,15,0,7
2024/2/20,4:00-4:59,13,4,7,2,10
2024/2/20,5:00-5:59,9,3,6,0,7
2024/2/20,6:00-6:59,45,11,16,1,19
2024/2/20,7:00-7:59,127,8,26,55,23
2024/2/20,8:00-8:59,203,21,32,321,34
2024/2/20,9:00-9:59,223,47,54,476,55
2024/2/20,10:00-10:59,233,62,60,637,76
2024/2/20,11:00-11:59,313,73,78,729,98
2024/2/20,12:00-12:59,407,173,139,897,166
2024/2/20,13:00-13:59,1355,696,390,681,431
2024/2/20,14:00-14:59,2123,956,599,329,658
2024/2/20,15:00-15:59,2210,1071,574,189,723
2024/2/20,16:00-16:59,2520,1383,758,168,889
2024/2/20,17:00-17:59,3103,2052,1100,87,1170
2024/2/20,18:00-18:59,2396,1735,928,38,1011
2024/2/20,19:00-19:59,1222,819,451,4701,473
2024/2/20,20:00-20:59,769,503,276,247,256
2024/2/20,21:00-21:59,657,368,217,,197
2024/2/20,22:00-22:59,363,252,134,,155
2024/2/20,23:00-23:59,217,110,79,,86
2024/2/21,0:00-0:59,153,90,43,59,66
2024/2/21,1:00-1:59,95,57,27,68,26
2024/2/21,2:00-2:59,62,41,23,51,19
2024/2/21,3:00-3:59,70,38,19,34,27
2024/2/21,4:00-4:59,65,52,27,41,24
2024/2/21,5:00-5:59,96,66,43,63,52
2024/2/21,6:00-6:59,418,305,194,185,233
2024/2/21,7:00-7:59,1699,1280,987,537,862
2024/2/21,8:00-8:59,2146,1546,916,628,809
2024/2/21,9:00-9:59,1579,892,550,492,540
2024/2/21,10:00-10:59,1287,682,481,412,449
2024/2/21,11:00-11:59,1050,571,349,309,455
2024/2/21,12:00-12:59,1126,601,404,316,401
2024/2/21,13:00-13:59,1297,685,446,378,402
2024/2/21,14:00-14:59,1287,712,470,324,493
2024/2/21,15:00-15:59,1436,810,545,410,689
2024/2/21,16:00-16:59,1486,1041,665,476,765
2024/2/21,17:00-17:59,2073,1544,913,566,1008
2024/2/21,18:00-18:59,1616,1155,744,506,733
2024/2/21,19:00-19:59,707,538,330,233,358
2024/2/21,20:00-20:59,389,287,174,117,171
2024/2/21,21:00-21:59,341,219,129,94,177
2024/2/21,22:00-22:59,197,159,69,59,108
2024/2/21,23:00-23:59,180,106,65,42,89
2024/2/22,0:00-0:59,96,69,50,40,57
2024/2/22,1:00-1:59,98,73,33,26,66
2024/2/22,2:00-2:59,59,64,20,34,44
2024/2/22,3:00-3:59,74,61,19,16,41
2024/2/22,4:00-4:59,75,57,37,25,61
2024/2/22,5:00-5:59,108,92,54,70,75
2024/2/22,6:00-6:59,471,394,223,198,290
2024/2/22,7:00-7:59,1838,1458,1075,516,1058
2024/2/22,8:00-8:59,2408,1695,1069,680,987
2024/2/22,9:00-9:59,1837,1136,804,522,829
2024/2/22,10:00-10:59,1485,817,560,418,660
2024/2/22,11:00-11:59,1323,851,488,370,578
2024/2/22,12:00-12:59,1428,842,559,417,527
2024/2/22,13:00-13:59,1841,1025,683,494,678
2024/2/22,14:00-14:59,2015,1116,771,524,707
2024/2/22,15:00-15:59,2141,1172,842,613,725
2024/2/22,16:00-16:59,2438,1555,1024,661,914
2024/2/22,17:00-17:59,3354,2546,1590,1008,1360
2024/2/22,18:00-18:59,2553,1955,1143,756,1120
2024/2/22,19:00-19:59,1346,942,558,395,554
2024/2/22,20:00-20:59,968,677,339,272,346
2024/2/22,21:00-21:59,903,588,298,247,302
2024/2/22,22:00-22:59,595,441,192,160,206
2024/2/22,23:00-23:59,384,261,105,107,157
2024/2/23,0:00-0:59,257,164,63,68,94
2024/2/23,1:00-1:59,193,122,48,54,75
2024/2/23,2:00-2:59,109,74,30,46,52
2024/2/23,3:00-3:59,96,53,34,57,36
2024/2/23,4:00-4:59,106,115,40,87,47
2024/2/23,5:00-5:59,268,178,100,130,111
2024/2/23,6:00-6:59,1248,917,539,444,536
2024/2/23,7:00-7:59,4689,3273,2243,1504,2163
2024/2/23,8:00-8:59,5926,3661,2679,1535,2157
2024/2/23,9:00-9:59,4633,2318,1756,1208,1462
2024/2/23,10:00-10:59,3877,1907,1595,952,1301
2024/2/23,11:00-11:59,3435,1709,1293,827,1091
2024/2/23,12:00-12:59,3270,1603,1114,822,1011
2024/2/23,13:00-13:59,3774,1847,1359,933,1120
2024/2/23,14:00-14:59,3767,1910,1490,910,1169
2024/2/23,15:00-15:59,3975,2023,1621,984,1355
2024/2/23,16:00-16:59,4761,2765,1975,1249,1692
2024/2/23,17:00-17:59,6231,4118,2904,1686,2306
2024/2/23,18:00-18:59,5199,3518,2368,1472,1994
2024/2/23,19:00-19:59,2631,1900,1169,810,1003
2024/2/23,20:00-20:59,1720,1154,718,483,612
2024/2/23,21:00-21:59,1498,1016,571,405,454
2024/2/23,22:00-22:59,1044,707,383,267,370
2024/2/23,23:00-23:59,606,462,193,190,252
2024/2/24,0:00-0:59,397,250,115,103,156
2024/2/24,1:00-1:59,223,160,81,84,100
2024/2/24,2:00-2:59,157,96,47,73,68
2024/2/24,3:00-3:59,107,80,28,64,40
2024/2/24,4:00-4:59,163,128,54,107,47
2024/2/24,5:00-5:59,265,166,109,149,134
2024/2/24,6:00-6:59,900,601,400,327,349
2024/2/24,7:00-7:59,2354,1449,1225,673,1025
2024/2/24,8:00-8:59,3661,2052,1740,871,1375
2024/2/24,9:00-9:59,4618,2590,2094,1105,1450
2024/2/24,10:00-10:59,4791,2719,2190,1132,1478
2024/2/24,11:00-11:59,4200,2427,1759,1037,1414
2024/2/24,12:00-12:59,3627,2083,1532,925,1275
2024/2/24,13:00-13:59,3648,2121,1630,1006,1164
2024/2/24,14:00-14:59,3882,2172,1693,962,1206
2024/2/24,15:00-15:59,3722,2137,1666,902,1224
2024/2/24,16:00-16:59,3345,2164,1662,892,1235
2024/2/24,17:00-17:59,2779,1988,1503,740,1113
2024/2/24,18:00-18:59,1810,1308,968,447,793
2024/2/24,19:00-19:59,1619,1097,821,433,622
2024/2/24,20:00-20:59,1633,1030,728,365,492
2024/2/24,21:00-21:59,1273,880,494,308,388
2024/2/24,22:00-22:59,729,481,286,194,302
2024/2/24,23:00-23:59,382,275,135,96,186
2024/2/25,0:00-0:59,208,180,77,82,119
2024/2/25,1:00-1:59,135,107,49,42,78
2024/2/25,2:00-2:59,104,80,27,43,37
2024/2/25,3:00-3:59,83,73,36,60,48
2024/2/25,4:00-4:59,146,105,50,74,86
2024/2/25,5:00-5:59,317,225,147,128,173
2024/2/25,6:00-6:59,1164,797,600,328,615
2024/2/25,7:00-7:59,3072,1918,1658,784,1411
2024/2/25,8:00-8:59,4162,2421,2185,1040,1947
2024/2/25,9:00-9:59,4641,2784,2423,1098,1860
2024/2/25,10:00-10:59,4989,2906,2283,1227,1667
2024/2/25,11:00-11:59,4531,2773,1874,1130,1474
2024/2/25,12:00-12:59,3752,2205,1649,966,1212
2024/2/25,13:00-13:59,4559,2790,2000,1189,1471
2024/2/25,14:00-14:59,5169,3235,2270,1307,1804
2024/2/25,15:00-15:59,5188,3208,2624,1374,1810
2024/2/25,16:00-16:59,4921,3235,2358,1296,1737
2024/2/25,17:00-17:59,4936,3285,2528,1249,1820
2024/2/25,18:00-18:59,3292,2399,1651,891,1295
2024/2/25,19:00-19:59,2271,1664,1042,682,855
2024/2/25,20:00-20:59,1938,1478,832,564,721
2024/2/25,21:00-21:59,1508,1141,653,413,564
2024/2/25,22:00-22:59,963,686,344,249,348
2024/2/25,23:00-23:59,513,420,187,147,173
2024/2/26,0:00-0:59,288,214,115,103,128
2024/2/26,1:00-1:59,186,135,75,55,79
2024/2/26,2:00-2:59,104,110,41,54,63
2024/2/26,3:00-3:59,107,72,31,75,46
2024/2/26,4:00-4:59,194,164,83,79,80
2024/2/26,5:00-5:59,480,312,186,215,206
2024/2/26,6:00-6:59,2933,2016,1414,841,1096
2024/2/26,7:00-7:59,7056,4461,3782,2035,2978
2024/2/26,8:00-8:59,7124,4454,3439,1977,2513
2024/2/26,9:00-9:59,5257,2719,2346,1313,1558
2024/2/26,10:00-10:59,4009,2122,1769,1077,1318
2024/2/26,11:00-11:59,3447,1861,1494,916,1148
2024/2/26,12:00-12:59,3140,1749,1343,872,1053
2024/2/26,13:00-13:59,3566,1952,1557,941,1169
2024/2/26,14:00-14:59,3681,1963,1682,968,1214
2024/2/26,15:00-15:59,3900,2242,1720,1115,1382
2024/2/26,16:00-16:59,4469,2692,2184,1317,1659
2024/2/26,17:00-17:59,5951,4069,2991,1760,2381
2024/2/26,18:00-18:59,4555,3432,2239,1409,1854
2024/2/26,19:00-19:59,2458,1843,1127,809,996
2024/2/26,20:00-20:59,1682,1232,690,515,652
2024/2/26,21:00-21:59,1319,939,579,371,527
2024/2/26,22:00-22:59,898,632,357,255,296
2024/2/26,23:00-23:59,476,372,164,178,180
2024/2/27,0:00-0:59,291,205,92,87,116
2024/2/27,1:00-1:59,174,116,62,64,85
2024/2/27,2:00-2:59,119,101,49,67,47
2024/2/27,3:00-3:59,110,69,41,68,41
2024/2/27,4:00-4:59,161,125,52,87,61
2024/2/27,5:00-5:59,394,271,173,173,205
2024/2/27,6:00-6:59,2374,1698,1125,759,905
2024/2/27,7:00-7:59,6806,4538,3488,1972,2844
2024/2/27,8:00-8:59,6976,4365,3512,1969,2732
2024/2/27,9:00-9:59,5478,2824,2584,1345,1896
2024/2/27,10:00-10:59,4153,2154,1909,1122,1491
2024/2/27,11:00-11:59,3530,1863,1458,977,1145
2024/2/27,12:00-12:59,3233,1713,1398,859,1045
2024/2/27,13:00-13:59,3765,2004,1605,1031,1228
2024/2/27,14:00-14:59,3818,2027,1729,998,1269
2024/2/27,15:00-15:59,4186,2304,1843,1143,1387
2024/2/27,16:00-16:59,4755,2689,2033,1308,1614
2024/2/27,17:00-17:59,6428,4261,3047,1889,2425
2024/2/27,18:00-18:59,4962,3490,2333,1584,1981
2024/2/27,19:00-19:59,2648,1865,1147,851,1034
2024/2/27,20:00-20:59,1684,1299,726,521,644
2024/2/27,21:00-21:59,1538,1075,575,460,539
2024/2/27,22:00-22:59,930,689,361,275,373
2024/2/27,23:00-23:59,479,357,188,147,189
2024/2/28,0:00-0:59,301,217,108,93,133
2024/2/28,1:00-1:59,177,169,56,62,74
2024/2/28,2:00-2:59,109,94,57,61,52
2024/2/28,3:00-3:59,110,78,35,60,39
2024/2/28,4:00-4:59,162,121,52,81,71
2024/2/28,5:00-5:59,415,287,183,188,218
2024/2/28,6:00-6:59,2492,1726,1191,765,981
2024/2/28,7:00-7:59,6776,4511,3600,1975,2943
2024/2/28,8:00-8:59,7205,4388,3468,1979,2738
2024/2/28,9:00-9:59,5289,2721,2225,1349,1698
2024/2/28,10:00-10:59,4098,2162,1719,1081,1364
2024/2/28,11:00-11:59,3533,1883,1446,974,1230
2024/2/28,12:00-12:59,3304,1722,1336,881,1045
2024/2/28,13:00-13:59,3729,1982,1515,1016,1191
2024/2/28,14:00-14:59,3807,2037,1660,1017,1235
2024/2/28,15:00-15:59,3984,2328,1767,1081,1334
2024/2/28,16:00-16:59,4773,2726,2145,1389,1634
2024/2/28,17:00-17:59,6222,4157,3111,1821,2458
2024/2/28,18:00-18:59,4597,3453,2205,1460,1853
2024/2/28,19:00-19:59,2428,1785,1110,779,964
2024/2/28,20:00-20:59,1785,1328,767,489,661
2024/2/28,21:00-21:59,1367,977,522,411,506
2024/2/28,22:00-22:59,935,651,351,256,297
2024/2/28,23:00-23:59,477,337,185,173,208
2024/2/29,0:00-0:59,334,237,88,107,126
2024/2/29,1:00-1:59,167,116,57,64,83
2024/2/29,2:00-2:59,121,93,49,58,46
2024/2/29,3:00-3:59,105,77,54,50,34
2024/2/29,4:00-4:59,154,103,56,107,76
2024/2/29,5:00-5:59,405,296,210,203,201
2024/2/29,6:00-6:59,2409,1728,1222,750,870
2024/2/29,7:00-7:59,6654,4425,3498,1971,2746
2024/2/29,8:00-8:59,6902,4407,3272,1954,2508
2024/2/29,9:00-9:59,4972,2662,2001,1294,1521
2024/2/29,10:00-10:59,3865,2066,1622,1067,1222
2024/2/29,11:00-11:59,3296,1770,1322,967,1060
2024/2/29,12:00-12:59,3132,1576,1295,795,1024
2024/2/29,13:00-13:59,3626,1907,1487,978,1118
2024/2/29,14:00-14:59,3675,1993,1615,1035,1221
2024/2/29,15:00-15:59,3950,2099,1596,1090,1363
2024/2/29,16:00-16:59,4327,2600,1996,1290,1541
2024/2/29,17:00-17:59,5925,4162,2923,1782,2311
2024/2/29,18:00-18:59,4486,3344,2171,1439,1810
2024/2/29,19:00-19:59,2468,1800,1090,770,938
2024/2/29,20:00-20:59,1703,1279,708,518,594
2024/2/29,21:00-21:59,1442,1018,525,488,514
2024/2/29,22:00-22:59,870,617,345,274,312
2024/2/29,23:00-23:59,486,390,174,148,173
2024/3/1,0:00-0:59,296,235,103,94,153
2024/3/1,1:00-1:59,152,95,68,59,79
2024/3/1,2:00-2:59,93,83,44,54,52
2024/3/1,3:00-3:59,112,68,45,59,49
2024/3/1,4:00-4:59,160,122,63,97,61
2024/3/1,5:00-5:59,364,321,198,198,194
2024/3/1,6:00-6:59,2360,1755,1163,797,897
2024/3/1,7:00-7:59,6683,4522,3593,2047,2831
2024/3/1,8:00-8:59,6868,4396,3395,2020,2652
2024/3/1,9:00-9:59,5131,2739,2218,1302,1651
2024/3/1,10:00-10:59,3912,2094,1659,1147,1330
2024/3/1,11:00-11:59,3593,1920,1446,975,1137
2024/3/1,12:00-12:59,3275,1805,1284,860,1124
2024/3/1,13:00-13:59,3824,2005,1481,1052,1165
2024/3/1,14:00-14:59,3992,2166,1646,1117,1326
2024/3/1,15:00-15:59,4382,2478,1903,1233,1442
2024/3/1,16:00-16:59,5275,3081,2349,1413,1733
2024/3/1,17:00-17:59,6865,4319,3392,2002,2553
2024/3/1,18:00-18:59,5841,3731,2680,1739,2080
2024/3/1,19:00-19:59,3266,2403,1473,1007,1182
2024/3/1,20:00-20:59,2131,1521,848,586,730
2024/3/1,21:00-21:59,1820,1255,668,536,618
2024/3/1,22:00-22:59,1264,855,416,355,447
2024/3/1,23:00-23:59,731,506,275,218,257
2024/3/2,0:00-0:59,396,277,136,125,154
2024/3/2,1:00-1:59,233,153,73,73,94
2024/3/2,2:00-2:59,143,113,49,68,62
2024/3/2,3:00-3:59,107,89,55,72,37
2024/3/2,4:00-4:59,188,141,67,98,86
2024/3/2,5:00-5:59,373,308,206,185,226
2024/3/2,6:00-6:59,1525,1141,776,574,604
2024/3/2,7:00-7:59,3682,2590,2012,1247,1642
2024/3/2,8:00-8:59,5475,3188,2702,1449,2029
2024/3/2,9:00-9:59,5796,3090,2395,1439,1837
2024/3/2,10:00-10:59,5283,2869,2179,1302,1578
2024/3/2,11:00-11:59,4513,2613,1727,1213,1476
2024/3/2,12:00-12:59,3972,2295,1527,1084,1268
2024/3/2,13:00-13:59,4171,2355,1666,1112,1406
2024/3/2,14:00-14:59,4438,2357,1821,1191,559
2024/3/2,15:00-15:59,4745,2546,2046,1431,25
2024/3/2,16:00-16:59,5310,3042,2367,1520,1306
2024/3/2,17:00-17:59,5572,3529,2779,1576,1962
2024/3/2,18:00-18:59,3949,2658,2076,1216,1597
2024/3/2,19:00-19:59,2285,1556,1043,692,840
2024/3/2,20:00-20:59,1871,1253,760,548,634
2024/3/2,21:00-21:59,1746,1181,632,530,609
2024/3/2,22:00-22:59,1117,800,454,350,313
2024/3/2,23:00-23:59,644,507,233,203,207
2024/3/3,0:00-0:59,350,310,144,125,138
2024/3/3,1:00-1:59,234,154,71,79,83
2024/3/3,2:00-2:59,124,98,44,71,48
2024/3/3,3:00-3:59,136,84,59,71,42
2024/3/3,4:00-4:59,159,157,74,111,68
2024/3/3,5:00-5:59,380,270,208,194,228
2024/3/3,6:00-6:59,1317,850,684,427,561
2024/3/3,7:00-7:59,2918,1708,1442,797,1119
2024/3/3,8:00-8:59,4246,2435,1981,1068,1478
2024/3/3,9:00-9:59,5121,2591,2160,1279,1617
2024/3/3,10:00-10:59,5196,2733,2138,1304,1624
2024/3/3,11:00-11:59,4220,2277,1733,1067,1371
2024/3/3,12:00-12:59,3806,2064,1466,993,1176
2024/3/3,13:00-13:59,4248,2262,1725,1102,1329
2024/3/3,14:00-14:59,4915,2566,1966,1237,1445
2024/3/3,15:00-15:59,5430,2759,2167,1341,1574
2024/3/3,16:00-16:59,5665,3064,2492,1369,1796
2024/3/3,17:00-17:59,5592,3469,2629,1445,1962
2024/3/3,18:00-18:59,3759,2379,1777,1087,1391
2024/3/3,19:00-19:59,2517,1654,1098,667,873
2024/3/3,20:00-20:59,2134,1409,883,566,753
2024/3/3,21:00-21:59,1540,1103,646,475,541
2024/3/3,22:00-22:59,913,658,373,276,294
2024/3/3,23:00-23:59,482,326,195,161,175
2024/3/4,0:00-0:59,288,206,101,95,113
2024/3/4,1:00-1:59,189,136,60,61,66
2024/3/4,2:00-2:59,121,90,46,63,39
2024/3/4,3:00-3:59,98,77,38,75,49
2024/3/4,4:00-4:59,197,140,70,87,55
2024/3/4,5:00-5:59,567,404,251,224,262
2024/3/4,6:00-6:59,3286,2213,1707,1043,1219
2024/3/4,7:00-7:59,7804,4987,4154,2275,3317
2024/3/4,8:00-8:59,7431,4607,3742,1891,2753
2024/3/4,9:00-9:59,5416,2857,2171,1262,1702
2024/3/4,10:00-10:59,4081,2216,1715,1203,1279
2024/3/4,11:00-11:59,3486,1819,1445,971,1151
2024/3/4,12:00-12:59,3113,1637,1230,849,1054
2024/3/4,13:00-13:59,3752,2051,1735,1097,1324
2024/3/4,14:00-14:59,3809,1967,1609,1051,1215
2024/3/4,15:00-15:59,3970,2222,1776,1081,1359
2024/3/4,16:00-16:59,4556,2751,2130,1357,1687
2024/3/4,17:00-17:59,6094,4133,3078,1919,2434
2024/3/4,18:00-18:59,4545,3287,2337,1470,1831
2024/3/4,19:00-19:59,2411,1796,1128,734,929
2024/3/4,20:00-20:59,1724,1152,738,469,654
2024/3/4,21:00-21:59,1381,939,532,425,494
2024/3/4,22:00-22:59,772,557,334,209,276
2024/3/4,23:00-23:59,450,301,179,126,184
2024/3/5,0:00-0:59,283,215,89,97,124
2024/3/5,1:00-1:59,157,121,64,55,88
2024/3/5,2:00-2:59,112,80,40,42,51
2024/3/5,3:00-3:59,108,75,30,57,33
2024/3/5,4:00-4:59,156,109,62,97,62
2024/3/5,5:00-5:59,425,291,187,196,209
2024/3/5,6:00-6:59,2417,1712,1207,810,908
2024/3/5,7:00-7:59,6838,4469,3742,2046,2876
2024/3/5,8:00-8:59,7228,4505,3471,1911,2627
2024/3/5,9:00-9:59,5093,2724,2296,1331,1688
2024/3/5,10:00-10:59,3971,2061,1656,1038,1318
2024/3/5,11:00-11:59,3395,1847,1362,989,1192
2024/3/5,12:00-12:59,3144,1669,1273,902,1024
2024/3/5,13:00-13:59,3611,1825,1432,1009,1174
2024/3/5,14:00-14:59,3621,1928,1492,999,1183
2024/3/5,15:00-15:59,3763,2119,1688,1074,1295
2024/3/5,16:00-16:59,4449,2645,2106,1333,1577
2024/3/5,17:00-17:59,6114,4080,3073,1858,2314
2024/3/5,18:00-18:59,4485,3331,2243,1438,1778
2024/3/5,19:00-19:59,2381,1800,1099,778,1020
2024/3/5,20:00-20:59,1708,1301,674,532,652
2024/3/5,21:00-21:59,1385,991,525,392,531
2024/3/5,22:00-22:59,807,575,313,265,293
2024/3/5,23:00-23:59,488,362,182,143,196
2024/3/6,0:00-0:59,267,179,105,100,110
2024/3/6,1:00-1:59,145,103,69,57,66
2024/3/6,2:00-2:59,104,75,40,58,51
2024/3/6,3:00-3:59,104,71,32,61,46
2024/3/6,4:00-4:59,141,135,59,85,74
2024/3/6,5:00-5:59,413,362,228,198,236
2024/3/6,6:00-6:59,2633,1889,1337,836,1027
2024/3/6,7:00-7:59,6980,4668,3764,2147,2982
2024/3/6,8:00-8:59,7332,4507,3514,1970,2663
2024/3/6,9:00-9:59,5171,2805,2222,1418,1620
2024/3/6,10:00-10:59,3901,2160,1689,1061,1287
2024/3/6,11:00-11:59,3372,1908,1395,964,1163
2024/3/6,12:00-12:59,3336,1731,1310,869,1116
2024/3/6,13:00-13:59,3654,1928,1577,1039,1141
2024/3/6,14:00-14:59,3745,2005,1621,1063,1190
2024/3/6,15:00-15:59,3973,2209,1774,1133,1400
2024/3/6,16:00-16:59,4621,2738,2119,1380,1592
2024/3/6,17:00-17:59,6287,4130,3125,1898,2417
2024/3/6,18:00-18:59,4969,3633,2492,1556,2014
2024/3/6,19:00-19:59,2565,1848,1198,871,1036
2024/3/6,20:00-20:59,1948,1350,769,554,768
2024/3/6,21:00-21:59,1636,1100,635,462,534
2024/3/6,22:00-22:59,940,686,348,298,332
2024/3/6,23:00-23:59,554,371,173,192,195
2024/3/7,0:00-0:59,326,228,115,103,107
2024/3/7,1:00-1:59,184,117,60,57,91
2024/3/7,2:00-2:59,107,84,34,58,44
2024/3/7,3:00-3:59,123,88,45,79,40
2024/3/7,4:00-4:59,165,151,62,98,83
2024/3/7,5:00-5:59,468,320,212,195,273
2024/3/7,6:00-6:59,2691,1912,1350,809,1048
2024/3/7,7:00-7:59,6971,4706,3814,2089,2893
2024/3/7,8:00-8:59,7235,4657,3457,2019,2704
2024/3/7,9:00-9:59,5128,2788,2252,1390,1671
2024/3/7,10:00-10:59,4007,2084,1753,1033,1397
2024/3/7,11:00-11:59,3403,1842,1465,879,1207
2024/3/7,12:00-12:59,3168,1649,1381,875,1077
2024/3/7,13:00-13:59,3698,1924,1645,1057,1176
2024/3/7,14:00-14:59,3865,2034,1706,1038,1251
2024/3/7,15:00-15:59,4091,2241,1809,1145,1339
2024/3/7,16:00-16:59,4813,2818,2226,1349,1708
2024/3/7,17:00-17:59,6103,3962,3024,1776,2357
2024/3/7,18:00-18:59,5181,3545,2517,1463,1867
2024/3/7,19:00-19:59,2668,2202,1254,866,1055
2024/3/7,20:00-20:59,1700,1279,727,489,600
2024/3/7,21:00-21:59,1458,1052,563,423,473
2024/3/7,22:00-22:59,883,584,320,255,333
2024/3/7,23:00-23:59,511,351,174,137,168
2024/3/8,0:00-0:59,300,218,105,113,115
2024/3/8,1:00-1:59,172,120,52,57,71
2024/3/8,2:00-2:59,134,88,34,57,58
2024/3/8,3:00-3:59,114,84,45,76,54
2024/3/8,4:00-4:59,134,113,68,94,121
2024/3/8,5:00-5:59,401,327,187,203,326
2024/3/8,6:00-6:59,2360,1831,1285,860,1107
2024/3/8,7:00-7:59,6803,4689,3427,2090,3213
2024/3/8,8:00-8:59,7042,4483,3532,2058,3191
2024/3/8,9:00-9:59,5419,2805,2302,1427,1872
2024/3/8,10:00-10:59,4274,2227,1811,1161,1384
2024/3/8,11:00-11:59,3884,2132,1534,1133,1300
2024/3/8,12:00-12:59,3908,2217,1581,1102,1343
2024/3/8,13:00-13:59,4298,2271,1743,1185,1348
2024/3/8,14:00-14:59,4460,2356,1897,1222,1400
2024/3/8,15:00-15:59,4985,2801,2153,1380,1518
2024/3/8,16:00-16:59,6075,3607,2875,1817,2120
2024/3/8,17:00-17:59,7291,4379,3803,2178,2727
2024/3/8,18:00-18:59,6061,3896,3002,1966,2382
2024/3/8,19:00-19:59,3235,2304,1576,1066,1282
2024/3/8,20:00-20:59,2202,1533,899,600,721
2024/3/8,21:00-21:59,2015,1378,756,681,801
2024/3/8,22:00-22:59,1698,1063,565,563,653
2024/3/8,23:00-23:59,653,510,242,230,245
2024/3/9,0:00-0:59,436,291,138,127,160
2024/3/9,1:00-1:59,228,180,66,79,94
2024/3/9,2:00-2:59,157,107,51,63,53
2024/3/9,3:00-3:59,131,108,54,72,49
2024/3/9,4:00-4:59,167,140,64,105,77
2024/3/9,5:00-5:59,442,355,221,216,249
2024/3/9,6:00-6:59,1771,1288,997,597,722
2024/3/9,7:00-7:59,4032,2584,2435,1266,1765
2024/3/9,8:00-8:59,5517,3223,2690,1530,1992
2024/3/9,9:00-9:59,5972,3109,2593,1470,1889
2024/3/9,10:00-10:59,5496,2932,2350,1274,1617
2024/3/9,11:00-11:59,4499,2463,1940,1097,1566
2024/3/9,12:00-12:59,4045,2256,1666,1092,1410
2024/3/9,13:00-13:59,4514,2370,1727,1140,1482
2024/3/9,14:00-14:59,4835,2540,2031,1265,1499
2024/3/9,15:00-15:59,5066,2684,2164,1259,1602
2024/3/9,16:00-16:59,5486,3108,2586,1347,1904
2024/3/9,17:00-17:59,5717,3726,2902,1558,2283
2024/3/9,18:00-18:59,4450,2824,2187,1351,1804
2024/3/9,19:00-19:59,2468,1640,1202,710,932
2024/3/9,20:00-20:59,2021,1314,885,561,702
2024/3/9,21:00-21:59,1736,1228,680,540,671
2024/3/9,22:00-22:59,1195,805,417,337,396
2024/3/9,23:00-23:59,604,415,229,165,212
2024/3/10,0:00-0:59,347,266,119,128,131
2024/3/10,1:00-1:59,206,137,87,99,71
2024/3/10,2:00-2:59,140,106,53,74,63
2024/3/10,3:00-3:59,132,90,50,81,48
2024/3/10,4:00-4:59,161,138,62,114,69
2024/3/10,5:00-5:59,471,314,234,227,245
2024/3/10,6:00-6:59,1571,1073,859,479,600
2024/3/10,7:00-7:59,3737,2174,1827,1032,1332
2024/3/10,8:00-8:59,4810,2586,2124,1119,1625
2024/3/10,9:00-9:59,5116,2629,2191,1276,1699
2024/3/10,10:00-10:59,5136,2616,2064,1223,1666
2024/3/10,11:00-11:59,4417,2303,1766,1110,1355
2024/3/10,12:00-12:59,4429,2361,1737,1125,1336
2024/3/10,13:00-13:59,4618,2330,1875,1208,1429
2024/3/10,14:00-14:59,5174,2597,2129,1319,1448
2024/3/10,15:00-15:59,5623,2889,2232,1368,1641
2024/3/10,16:00-16:59,6030,3145,2726,1465,1872
2024/3/10,17:00-17:59,5680,3511,2819,1564,2103
2024/3/10,18:00-18:59,3879,2538,1848,1078,1418
2024/3/10,19:00-19:59,2603,1778,1192,754,921
2024/3/10,20:00-20:59,2175,1474,946,564,741
2024/3/10,21:00-21:59,1573,1070,629,467,619
2024/3/10,22:00-22:59,939,605,368,236,319
2024/3/10,23:00-23:59,462,364,187,148,181
2024/3/11,0:00-0:59,306,226,107,110,115
2024/3/11,1:00-1:59,170,135,56,72,70
2024/3/11,2:00-2:59,96,107,50,54,55
2024/3/11,3:00-3:59,140,82,38,74,34
2024/3/11,4:00-4:59,175,165,66,102,54
2024/3/11,5:00-5:59,563,452,280,249,338
2024/3/11,6:00-6:59,3480,2375,1804,1074,1386
2024/3/11,7:00-7:59,7989,5026,4160,2246,3212
2024/3/11,8:00-8:59,7335,4805,3804,2065,2613
2024/3/11,9:00-9:59,5474,2843,2363,1358,1668
2024/3/11,10:00-10:59,4054,2120,1807,1012,1371
2024/3/11,11:00-11:59,3458,1864,1472,976,1102
2024/3/11,12:00-12:59,3302,1789,1323,841,1094
2024/3/11,13:00-13:59,3668,2036,1580,1095,1185
2024/3/11,14:00-14:59,3733,2027,1659,1052,1287
2024/3/11,15:00-15:59,4034,2288,1799,1157,1359
2024/3/11,16:00-16:59,4860,2908,2286,1464,1712
2024/3/11,17:00-17:59,6369,4292,3361,1938,2549
2024/3/11,18:00-18:59,4918,3573,2533,1562,1992
2024/3/11,19:00-19:59,2641,1945,1248,836,1068
2024/3/11,20:00-20:59,1638,1302,723,499,582
2024/3/11,21:00-21:59,1382,946,554,418,458
2024/3/11,22:00-22:59,839,553,305,216,312
2024/3/11,23:00-23:59,477,332,186,151,163
2024/3/12,0:00-0:59,293,191,89,102,121
2024/3/12,1:00-1:59,180,126,75,49,88
2024/3/12,2:00-2:59,113,87,52,55,49
2024/3/12,3:00-3:59,86,79,46,58,38
2024/3/12,4:00-4:59,165,142,58,81,70
2024/3/12,5:00-5:59,473,367,211,212,285
2024/3/12,6:00-6:59,2802,2024,1459,925,1106
2024/3/12,7:00-7:59,7288,4797,3885,2150,3059
2024/3/12,8:00-8:59,7408,4709,3687,2026,2708
2024/3/12,9:00-9:59,5395,2872,2424,1364,1721
2024/3/12,10:00-10:59,4068,2170,1812,1090,1421
2024/3/12,11:00-11:59,3549,1904,1467,959,1184
2024/3/12,12:00-12:59,3269,1779,1389,871,1085
2024/3/12,13:00-13:59,3782,2029,1632,1069,1222
2024/3/12,14:00-14:59,3861,2074,1617,1038,1213
2024/3/12,15:00-15:59,4147,2283,1825,1141,1326
2024/3/12,16:00-16:59,4640,2777,2133,1337,1657
2024/3/12,17:00-17:59,6318,4193,3097,1835,2526
2024/3/12,18:00-18:59,4917,3669,2645,1568,2041
2024/3/12,19:00-19:59,2659,2090,1331,860,1131
2024/3/12,20:00-20:59,1878,1441,826,568,749
2024/3/12,21:00-21:59,1525,1089,625,466,542
2024/3/12,22:00-22:59,944,710,357,282,338
2024/3/12,23:00-23:59,517,367,201,161,192
2024/3/13,0:00-0:59,309,228,104,113,113
2024/3/13,1:00-1:59,178,123,71,63,84
2024/3/13,2:00-2:59,122,90,45,54,64
2024/3/13,3:00-3:59,92,81,47,61,40
2024/3/13,4:00-4:59,151,147,86,107,86
2024/3/13,5:00-5:59,550,405,237,245,308
2024/3/13,6:00-6:59,2706,2025,1478,942,1069
2024/3/13,7:00-7:59,7264,4761,3950,2062,3135
2024/3/13,8:00-8:59,7408,4555,3486,2011,2743
2024/3/13,9:00-9:59,5300,2839,2270,1373,1663
2024/3/13,10:00-10:59,4155,2184,1752,1081,1344
2024/3/13,11:00-11:59,3451,1934,1481,989,1147
2024/3/13,12:00-12:59,3198,1751,1318,901,1052
2024/3/13,13:00-13:59,3846,2013,1482,1041,1196
2024/3/13,14:00-14:59,3820,2017,1601,991,1210
2024/3/13,15:00-15:59,4125,2279,1801,1201,1349
2024/3/13,16:00-16:59,4840,2875,2170,1461,1785
2024/3/13,17:00-17:59,6361,4218,3107,1885,2511
2024/3/13,18:00-18:59,4843,3536,2419,1536,2060
2024/3/13,19:00-19:59,2562,1943,1280,807,1061
2024/3/13,20:00-20:59,1818,1350,779,561,660
2024/3/13,21:00-21:59,1501,1112,605,451,532
2024/3/13,22:00-22:59,890,572,323,281,314
2024/3/13,23:00-23:59,531,369,159,175,168
2024/3/14,0:00-0:59,328,188,103,98,118
2024/3/14,1:00-1:59,179,136,61,62,91
2024/3/14,2:00-2:59,130,91,37,61,55
2024/3/14,3:00-3:59,104,67,43,51,42
2024/3/14,4:00-4:59,151,138,69,110,97
2024/3/14,5:00-5:59,496,398,260,250,325
2024/3/14,6:00-6:59,2873,2057,1503,947,1098
2024/3/14,7:00-7:59,7165,4887,3968,2134,3045
2024/3/14,8:00-8:59,7253,4504,3650,2030,2767
2024/3/14,9:00-9:59,5381,2887,2387,1397,1802
2024/3/14,10:00-10:59,4086,2162,1837,1096,1388
2024/3/14,11:00-11:59,3560,1887,1524,993,1199
2024/3/14,12:00-12:59,3200,1726,1360,836,1137
2024/3/14,13:00-13:59,3786,2026,1634,1057,1203
2024/3/14,14:00-14:59,3882,1989,1673,1074,1210
2024/3/14,15:00-15:59,4068,2363,1860,1172,1410
2024/3/14,16:00-16:59,4669,2716,2216,1360,1699
2024/3/14,17:00-17:59,6432,4122,3225,1940,2519
2024/3/14,18:00-18:59,4830,3709,2440,1557,2059
2024/3/14,19:00-19:59,2771,1964,1295,898,1079
2024/3/14,20:00-20:59,1926,1430,790,566,717
2024/3/14,21:00-21:59,1501,1136,645,440,500
2024/3/14,22:00-22:59,958,657,324,292,370
2024/3/14,23:00-23:59,544,374,179,179,171
2024/3/15,0:00-0:59,300,223,134,114,108
2024/3/15,1:00-1:59,194,110,70,59,70
2024/3/15,2:00-2:59,112,67,50,56,51
2024/3/15,3:00-3:59,135,92,41,70,45
2024/3/15,4:00-4:59,170,166,90,110,92
2024/3/15,5:00-5:59,545,405,277,208,319
2024/3/15,6:00-6:59,2864,2065,1595,942,1101
2024/3/15,7:00-7:59,7176,4769,3844,2064,3043
2024/3/15,8:00-8:59,7375,4640,3772,2113,2710
2024/3/15,9:00-9:59,5723,2940,2350,1547,1846
2024/3/15,10:00-10:59,4484,2196,1823,1175,1332
2024/3/15,11:00-11:59,3655,1909,1526,978,1154
2024/3/15,12:00-12:59,3655,1846,1555,992,1202
2024/3/15,13:00-13:59,4158,2205,1732,1117,1311
2024/3/15,14:00-14:59,4407,2339,1922,1131,1401
2024/3/15,15:00-15:59,4775,2722,2094,1254,1530
2024/3/15,16:00-16:59,5817,3306,2645,1661,1974
2024/3/15,17:00-17:59,7203,4266,3793,2046,2691
2024/3/15,18:00-18:59,6447,3903,3207,1737,2484
2024/3/15,19:00-19:59,3599,2783,1705,1123,1358
2024/3/15,20:00-20:59,2405,1675,1007,652,808
2024/3/15,21:00-21:59,1987,1371,783,569,672
2024/3/15,22:00-22:59,1367,939,504,364,513
2024/3/15,23:00-23:59,731,525,257,225,260
2024/3/16,0:00-0:59,430,278,162,151,152
2024/3/16,1:00-1:59,267,178,88,81,97
2024/3/16,2:00-2:59,163,106,58,67,63
2024/3/16,3:00-3:59,134,121,43,93,59
2024/3/16,4:00-4:59,191,138,99,96,88
2024/3/16,5:00-5:59,475,396,259,210,322
2024/3/16,6:00-6:59,1835,1298,1079,624,792
2024/3/16,7:00-7:59,3912,2562,2225,1246,1711
2024/3/16,8:00-8:59,5488,3320,2750,1474,1977
2024/3/16,9:00-9:59,6011,3287,2810,1420,2020
2024/3/16,10:00-10:59,5543,2985,2374,1350,1711
2024/3/16,11:00-11:59,4537,2497,2033,1180,1561
2024/3/16,12:00-12:59,4005,2285,1593,1030,1376
2024/3/16,13:00-13:59,4422,2374,1766,1146,1432
2024/3/16,14:00-14:59,4656,2566,1916,1225,1501
2024/3/16,15:00-15:59,4941,2663,2029,1277,1539
2024/3/16,16:00-16:59,5518,3107,2422,1489,1856
2024/3/16,17:00-17:59,5887,3820,3031,1723,2253
2024/3/16,18:00-18:59,4178,2815,2221,1310,1755
2024/3/16,19:00-19:59,2504,1724,1179,741,943
2024/3/16,20:00-20:59,2064,1351,869,572,684
2024/3/16,21:00-21:59,1819,1230,686,540,592
2024/3/16,22:00-22:59,1135,767,459,336,381
2024/3/16,23:00-23:59,594,463,255,170,282
2024/3/17,0:00-0:59,311,255,135,116,203
2024/3/17,1:00-1:59,188,132,65,68,138
2024/3/17,2:00-2:59,144,106,54,74,64
2024/3/17,3:00-3:59,121,92,51,78,46
2024/3/17,4:00-4:59,148,141,88,101,79
2024/3/17,5:00-5:59,407,383,250,199,275
2024/3/17,6:00-6:59,1525,1089,949,544,709
2024/3/17,7:00-7:59,3087,1879,1675,834,1195
2024/3/17,8:00-8:59,4435,2623,2065,1192,1581
2024/3/17,9:00-9:59,5247,2832,2376,1291,1692
2024/3/17,10:00-10:59,5080,2708,2204,1232,1541
2024/3/17,11:00-11:59,4226,2250,1813,1127,1362
2024/3/17,12:00-12:59,3755,1978,1508,912,1197
2024/3/17,13:00-13:59,4158,2285,1687,1120,1304
2024/3/17,14:00-14:59,4903,2566,2107,1226,1490
2024/3/17,15:00-15:59,5352,2760,2279,1325,1604
2024/3/17,16:00-16:59,5776,3093,2628,1436,1788
2024/3/17,17:00-17:59,5526,3567,2888,1472,2107
2024/3/17,18:00-18:59,3896,2528,1995,1073,1577
2024/3/17,19:00-19:59,2728,1832,1296,736,991
2024/3/17,20:00-20:59,2222,1464,973,609,712
2024/3/17,21:00-21:59,1650,1138,713,473,571
2024/3/17,22:00-22:59,919,668,366,281,344
2024/3/17,23:00-23:59,476,333,183,149,162
2024/3/18,0:00-0:59,294,200,105,98,127
2024/3/18,1:00-1:59,180,134,63,53,81
2024/3/18,2:00-2:59,124,99,59,57,47
2024/3/18,3:00-3:59,115,77,44,64,32
2024/3/18,4:00-4:59,185,146,78,103,90
2024/3/18,5:00-5:59,622,503,310,224,367
2024/3/18,6:00-6:59,3589,2553,2005,1146,1432
2024/3/18,7:00-7:59,8052,5164,4442,2296,3361
2024/3/18,8:00-8:59,7538,4774,3803,2079,2782
2024/3/18,9:00-9:59,5516,2837,2438,1398,1733
2024/3/18,10:00-10:59,4194,2167,1879,1105,1349
2024/3/18,11:00-11:59,3506,1811,1473,965,1168
2024/3/18,12:00-12:59,3415,1760,1365,929,1117
2024/3/18,13:00-13:59,3863,1987,1661,1098,1227
2024/3/18,14:00-14:59,4007,2050,1658,1113,1298
2024/3/18,15:00-15:59,4246,2314,1745,1286,1352
2024/3/18,16:00-16:59,4612,2815,2181,1394,1677
2024/3/18,17:00-17:59,6226,4262,3221,1952,2524
2024/3/18,18:00-18:59,4901,3554,2516,1579,2092
2024/3/18,19:00-19:59,2674,1991,1267,874,1110
2024/3/18,20:00-20:59,1840,1357,762,509,685
2024/3/18,21:00-21:59,1447,1031,592,453,485
2024/3/18,22:00-22:59,926,649,321,275,306
2024/3/18,23:00-23:59,452,387,209,168,179
2024/3/19,0:00-0:59,290,189,117,102,115
2024/3/19,1:00-1:59,183,137,56,62,73
2024/3/19,2:00-2:59,139,88,44,58,47
2024/3/19,3:00-3:59,108,81,47,62,40
2024/3/19,4:00-4:59,189,143,87,103,75
2024/3/19,5:00-5:59,540,419,277,248,332
2024/3/19,6:00-6:59,2898,2121,1563,1016,1139
2024/3/19,7:00-7:59,7399,4905,3910,2135,3001
2024/3/19,8:00-8:59,7574,4595,3691,2143,2771
2024/3/19,9:00-9:59,5528,2881,2405,1351,1689
2024/3/19,10:00-10:59,3977,2124,1794,1118,1320
2024/3/19,11:00-11:59,3478,1866,1470,994,1119
2024/3/19,12:00-12:59,3372,1743,1435,964,1106
2024/3/19,13:00-13:59,3714,1949,1634,1058,1195
2024/3/19,14:00-14:59,3868,2084,1596,1083,1270
2024/3/19,15:00-15:59,4028,2328,1812,1157,1317
2024/3/19,16:00-16:59,4696,2813,2284,1354,1737
2024/3/19,17:00-17:59,6383,4218,3308,1825,2725
2024/3/19,18:00-18:59,5069,3673,2670,1624,2170
2024/3/19,19:00-19:59,2728,2103,1348,883,1058
2024/3/19,20:00-20:59,1929,1402,798,581,694
2024/3/19,21:00-21:59,1562,1108,649,475,585
2024/3/19,22:00-22:59,983,693,393,256,365
2024/3/19,23:00-23:59,479,375,215,152,197
2024/3/20,0:00-0:59,349,239,122,109,129
2024/3/20,1:00-1:59,164,126,69,63,62
2024/3/20,2:00-2:59,110,98,59,58,45
2024/3/20,3:00-3:59,117,74,52,55,46
2024/3/20,4:00-4:59,165,139,86,104,91
2024/3/20,5:00-5:59,531,399,255,225,329
2024/3/20,6:00-6:59,2996,2179,1696,1007,1168
2024/3/20,7:00-7:59,7387,4919,4135,2116,3094
2024/3/20,8:00-8:59,7592,4589,3841,2205,2727
2024/3/20,9:00-9:59,5989,3037,2375,1448,1752
2024/3/20,10:00-10:59,4128,2181,1773,1135,1322
2024/3/20,11:00-11:59,3586,1932,1490,1009,1172
2024/3/20,12:00-12:59,3472,1773,1407,909,1116
2024/3/20,13:00-13:59,3846,2027,1658,1045,1220
2024/3/20,14:00-14:59,4075,2041,1680,1032,1254
2024/3/20,15:00-15:59,4201,2320,1844,1170,1331
2024/3/20,16:00-16:59,4709,2846,2207,1345,1631
2024/3/20,17:00-17:59,6572,4271,3319,1956,2589
2024/3/20,18:00-18:59,5190,3731,2694,1637,2110
2024/3/20,19:00-19:59,2837,2046,1320,863,1111
2024/3/20,20:00-20:59,1930,1368,830,551,733
2024/3/20,21:00-21:59,1559,1129,681,478,545
2024/3/20,22:00-22:59,972,732,368,303,340
2024/3/20,23:00-23:59,540,427,191,186,190
2024/3/21,0:00-0:59,310,237,133,122,117
2024/3/21,1:00-1:59,168,131,69,69,68
2024/3/21,2:00-2:59,143,112,48,51,46
2024/3/21,3:00-3:59,126,87,42,63,51
2024/3/21,4:00-4:59,173,138,71,108,86
2024/3/21,5:00-5:59,550,446,270,258,379
2024/3/21,6:00-6:59,3037,2123,1634,962,1126
2024/3/21,7:00-7:59,7438,4902,4274,2118,3168
2024/3/21,8:00-8:59,7669,4726,3751,2128,2734
2024/3/21,9:00-9:59,5315,2987,2508,1475,1705
2024/3/21,10:00-10:59,4023,2198,1767,1125,1308
2024/3/21,11:00-11:59,3570,1854,1492,1023,1197
2024/3/21,12:00-12:59,3336,1716,1371,871,1078
2024/3/21,13:00-13:59,3836,2065,1653,1062,1208
2024/3/21,14:00-14:59,3870,2014,1783,1044,1287
2024/3/21,15:00-15:59,4234,2312,1914,1157,1505
2024/3/21,16:00-16:59,4790,2901,2276,1472,1741
2024/3/21,17:00-17:59,6517,4368,3437,1971,2520
2024/3/21,18:00-18:59,5048,3520,2658,1508,2065
2024/3/21,19:00-19:59,2735,2013,1302,864,1051
2024/3/21,20:00-20:59,1887,1439,841,547,704
2024/3/21,21:00-21:59,1602,1089,621,459,554
2024/3/21,22:00-22:59,975,719,376,282,348
2024/3/21,23:00-23:59,554,391,219,168,230
2024/3/22,0:00-0:59,300,221,112,117,134
2024/3/22,1:00-1:59,156,124,60,56,73
2024/3/22,2:00-2:59,142,97,55,61,64
2024/3/22,3:00-3:59,113,79,39,57,56
2024/3/22,4:00-4:59,188,155,86,93,93
2024/3/22,5:00-5:59,524,417,273,245,325
2024/3/22,6:00-6:59,2867,2162,1649,1035,1093
2024/3/22,7:00-7:59,7318,4871,4119,2058,3152
2024/3/22,8:00-8:59,7598,4630,3709,2119,2720
2024/3/22,9:00-9:59,5522,2749,2442,1464,1754
2024/3/22,10:00-10:59,4215,2199,1851,1211,1382
2024/3/22,11:00-11:59,3820,1954,1639,1020,1268
2024/3/22,12:00-12:59,3738,1949,1539,983,1218
2024/3/22,13:00-13:59,4363,2232,1772,1145,1301
2024/3/22,14:00-14:59,4386,2221,1916,1193,1395
2024/3/22,15:00-15:59,4827,2688,2287,1364,1603
2024/3/22,16:00-16:59,5964,3435,2770,1664,1969
2024/3/22,17:00-17:59,7384,4344,3802,2007,2918
2024/3/22,18:00-18:59,6155,4040,3158,1846,2421
2024/3/22,19:00-19:59,3646,2753,1771,1203,1461
2024/3/22,20:00-20:59,2412,1633,1074,717,841
2024/3/22,21:00-21:59,2065,1416,764,603,683
2024/3/22,22:00-22:59,1233,908,482,373,501
2024/3/22,23:00-23:59,675,492,247,222,260
2024/3/23,0:00-0:59,421,306,134,142,132
2024/3/23,1:00-1:59,254,169,113,87,94
2024/3/23,2:00-2:59,199,127,56,79,58
2024/3/23,3:00-3:59,132,92,55,69,42
2024/3/23,4:00-4:59,229,169,68,133,105
2024/3/23,5:00-5:59,531,458,305,248,387
2024/3/23,6:00-6:59,1953,1434,1245,713,790
2024/3/23,7:00-7:59,4157,2663,2401,1280,1788
2024/3/23,8:00-8:59,5734,3435,2842,1479,2136
2024/3/23,9:00-9:59,5955,3400,2657,1511,1890
2024/3/23,10:00-10:59,5521,2994,2497,1439,1666
2024/3/23,11:00-11:59,4597,2584,2059,1261,1530
2024/3/23,12:00-12:59,3944,2342,1649,1122,1361
2024/3/23,13:00-13:59,4485,2391,1901,1224,1421
2024/3/23,14:00-14:59,5003,2573,1967,1270,1427
2024/3/23,15:00-15:59,5024,2769,2140,1345,1532
2024/3/23,16:00-16:59,5478,3091,2418,1483,1876
2024/3/23,17:00-17:59,5853,3835,3116,1638,2359
2024/3/23,18:00-18:59,4278,2902,2235,1165,1820
2024/3/23,19:00-19:59,2609,1758,1200,755,965
2024/3/23,20:00-20:59,2034,1420,855,607,682
2024/3/23,21:00-21:59,1746,1266,698,551,607
2024/3/23,22:00-22:59,1215,776,453,341,421
2024/3/23,23:00-23:59,565,420,231,204,254
2024/3/24,0:00-0:59,385,261,143,137,146
2024/3/24,1:00-1:59,228,160,75,90,86
2024/3/24,2:00-2:59,156,113,57,79,67
2024/3/24,3:00-3:59,144,104,61,79,54
2024/3/24,4:00-4:59,191,142,92,130,82
2024/3/24,5:00-5:59,490,419,271,241,356
2024/3/24,6:00-6:59,1701,1214,998,583,712
2024/3/24,7:00-7:59,3230,1890,1734,877,1259
2024/3/24,8:00-8:59,4598,2585,2164,1114,1636
2024/3/24,9:00-9:59,5362,2892,2382,1347,1727
2024/3/24,10:00-10:59,5250,2871,2300,1313,1658
2024/3/24,11:00-11:59,4352,2418,1885,1152,1324
2024/3/24,12:00-12:59,3827,2117,1577,1040,1202
2024/3/24,13:00-13:59,4398,2346,1850,1144,1343
2024/3/24,14:00-14:59,5167,2641,2161,1251,1532
2024/3/24,15:00-15:59,5413,2934,2320,1429,1601
2024/3/24,16:00-16:59,5738,3283,2788,1469,1802
2024/3/24,17:00-17:59,5496,3689,2985,1525,2065
2024/3/24,18:00-18:59,3833,2579,1999,1157,1564
2024/3/24,19:00-19:59,2643,1951,1345,789,982
2024/3/24,20:00-20:59,2122,1423,955,595,764
2024/3/24,21:00-21:59,1698,1137,685,493,559
2024/3/24,22:00-22:59,959,645,403,282,312
2024/3/24,23:00-23:59,520,344,200,139,183
2024/3/25,0:00-0:59,284,227,104,100,123
2024/3/25,1:00-1:59,177,140,73,59,57
2024/3/25,2:00-2:59,127,88,48,56,39
2024/3/25,3:00-3:59,103,92,58,63,37
2024/3/25,4:00-4:59,187,183,103,113,86
2024/3/25,5:00-5:59,548,433,263,232,241
2024/3/25,6:00-6:59,3486,2440,1813,1106,1373
2024/3/25,7:00-7:59,7577,4828,4278,2207,3242
2024/3/25,8:00-8:59,7302,4645,3962,2133,2684
2024/3/25,9:00-9:59,5410,2922,2343,1307,1576
2024/3/25,10:00-10:59,3895,2137,1769,1037,1297
2024/3/25,11:00-11:59,3386,1805,1423,874,1083
2024/3/25,12:00-12:59,3151,1667,1405,877,1084
2024/3/25,13:00-13:59,3486,1845,1508,947,1074
2024/3/25,14:00-14:59,3612,1954,1576,989,1131
2024/3/25,15:00-15:59,3794,2236,1782,1066,1268
2024/3/25,16:00-16:59,4508,2765,2146,1238,1612
2024/3/25,17:00-17:59,5992,3839,3200,1848,2335
2024/3/25,18:00-18:59,4691,3541,2344,1480,1716
2024/3/25,19:00-19:59,2459,1876,1169,780,969
2024/3/25,20:00-20:59,1625,1231,714,483,686
2024/3/25,21:00-21:59,1216,924,567,406,441
2024/3/25,22:00-22:59,791,547,332,226,276
2024/3/25,23:00-23:59,427,323,169,139,157
2024/3/26,0:00-0:59,284,213,99,98,102
2024/3/26,1:00-1:59,177,98,62,64,71
2024/3/26,2:00-2:59,133,110,38,49,51
2024/3/26,3:00-3:59,113,81,44,65,45
2024/3/26,4:00-4:59,170,160,83,97,83
2024/3/26,5:00-5:59,519,394,296,227,339
2024/3/26,6:00-6:59,2972,2166,1634,1008,1196
2024/3/26,7:00-7:59,7578,4997,4149,2228,3214
2024/3/26,8:00-8:59,7602,4738,3794,2032,2695
2024/3/26,9:00-9:59,5711,3015,2542,1451,1789
2024/3/26,10:00-10:59,4248,2289,1845,1184,1389
2024/3/26,11:00-11:59,3578,1915,1512,941,1150
2024/3/26,12:00-12:59,3413,1830,1472,985,1136
2024/3/26,13:00-13:59,4003,2129,1643,1084,1249
2024/3/26,14:00-14:59,4053,2205,1789,1122,1298
2024/3/26,15:00-15:59,4290,2386,1804,1232,1371
2024/3/26,16:00-16:59,4871,2867,2162,1432,1706
2024/3/26,17:00-17:59,6435,4183,3405,1944,2440
2024/3/26,18:00-18:59,5212,3706,2732,1628,2095
2024/3/26,19:00-19:59,2880,2137,1388,936,1135
2024/3/26,20:00-20:59,1971,1486,857,551,802
2024/3/26,21:00-21:59,1546,1062,657,480,559
2024/3/26,22:00-22:59,1041,705,411,298,380
2024/3/26,23:00-23:59,511,366,210,166,204
2024/3/27,0:00-0:59,326,228,118,107,119
2024/3/27,1:00-1:59,156,131,71,54,68
2024/3/27,2:00-2:59,119,82,44,60,49
2024/3/27,3:00-3:59,125,87,51,63,53
2024/3/27,4:00-4:59,176,146,92,108,91
2024/3/27,5:00-5:59,567,453,300,250,377
2024/3/27,6:00-6:59,3108,2253,1785,1014,1189
2024/3/27,7:00-7:59,7474,5042,4084,2127,3138
2024/3/27,8:00-8:59,7738,4618,3908,2108,2709
2024/3/27,9:00-9:59,5528,2844,2577,1482,1734
2024/3/27,10:00-10:59,4309,2132,1820,1175,1363
2024/3/27,11:00-11:59,3574,1884,1536,991,1179
2024/3/27,12:00-12:59,3564,1840,1452,931,1120
2024/3/27,13:00-13:59,3989,2040,1691,1051,1284
2024/3/27,14:00-14:59,4107,2115,1756,1078,1305
2024/3/27,15:00-15:59,4228,2375,1882,1207,1315
2024/3/27,16:00-16:59,4907,2856,2415,1412,1706
2024/3/27,17:00-17:59,6540,4286,3652,1904,2614
2024/3/27,18:00-18:59,4971,3687,2648,1564,2178
2024/3/27,19:00-19:59,2671,1987,1324,863,1043
2024/3/27,20:00-20:59,1854,1405,865,567,731
2024/3/27,21:00-21:59,1589,1126,614,476,564
2024/3/27,22:00-22:59,981,669,366,270,361
2024/3/27,23:00-23:59,497,377,206,149,214
2024/3/28,0:00-0:59,287,229,104,106,143
2024/3/28,1:00-1:59,193,142,69,64,79
2024/3/28,2:00-2:59,153,107,52,73,69
2024/3/28,3:00-3:59,113,78,56,60,47
2024/3/28,4:00-4:59,170,152,84,110,96
2024/3/28,5:00-5:59,553,469,309,248,358
2024/3/28,6:00-6:59,3108,2163,1722,948,1186
2024/3/28,7:00-7:59,7338,5007,4162,2141,3148
2024/3/28,8:00-8:59,7783,4769,3842,2098,2762
2024/3/28,9:00-9:59,5713,3059,2656,1461,1750
2024/3/28,10:00-10:59,4322,2206,1954,1158,1323
2024/3/28,11:00-11:59,3671,1922,1578,995,1180
2024/3/28,12:00-12:59,3444,1836,1571,943,1145
2024/3/28,13:00-13:59,3884,2033,1602,1078,1248
2024/3/28,14:00-14:59,4177,2175,1740,1197,1240
2024/3/28,15:00-15:59,4320,2365,1847,1219,1347
2024/3/28,16:00-16:59,4953,2873,2226,1363,1782
2024/3/28,17:00-17:59,6470,4357,3412,1931,2546
2024/3/28,18:00-18:59,5150,3661,2772,1630,2071
2024/3/28,19:00-19:59,3033,2169,1392,956,1149
2024/3/28,20:00-20:59,2147,1525,874,631,776
2024/3/28,21:00-21:59,1733,1114,695,467,580
2024/3/28,22:00-22:59,1194,752,414,359,391
2024/3/28,23:00-23:59,582,395,214,207,175
2024/3/29,0:00-0:59,330,235,113,113,137
2024/3/29,1:00-1:59,199,135,70,92,65
2024/3/29,2:00-2:59,180,125,64,74,64
2024/3/29,3:00-3:59,136,95,66,81,52
2024/3/29,4:00-4:59,195,175,85,101,104
2024/3/29,5:00-5:59,644,506,338,277,368
2024/3/29,6:00-6:59,3098,2216,1763,1049,1212
2024/3/29,7:00-7:59,7446,5063,4228,2169,3077
2024/3/29,8:00-8:59,7532,4706,4009,2089,2829
2024/3/29,9:00-9:59,5680,2938,2703,1370,1903
2024/3/29,10:00-10:59,4503,2336,2053,1260,1399
2024/3/29,11:00-11:59,3803,2035,1746,1036,1257
2024/3/29,12:00-12:59,3819,1972,1601,1024,1256
2024/3/29,13:00-13:59,4273,2269,1759,1160,1340
2024/3/29,14:00-14:59,4367,2299,1902,1159,1337
2024/3/29,15:00-15:59,4828,2674,2233,1358,1496
2024/3/29,16:00-16:59,5658,3424,2676,1551,2018
2024/3/29,17:00-17:59,6946,4274,3734,1907,2719
2024/3/29,18:00-18:59,6298,4188,3283,1799,2327
2024/3/29,19:00-19:59,3553,2276,1795,1132,1342
2024/3/29,20:00-20:59,2479,1877,1098,677,857
2024/3/29,21:00-21:59,2048,1383,831,606,691
2024/3/29,22:00-22:59,1401,908,509,419,485
2024/3/29,23:00-23:59,781,560,256,245,269
2024/3/30,0:00-0:59,455,314,164,173,168
2024/3/30,1:00-1:59,261,213,75,103,109
2024/3/30,2:00-2:59,196,122,65,83,72
2024/3/30,3:00-3:59,193,128,66,81,64
2024/3/30,4:00-4:59,233,168,111,122,111
2024/3/30,5:00-5:59,609,471,368,235,372
2024/3/30,6:00-6:59,2199,1544,1307,717,854
2024/3/30,7:00-7:59,4666,3050,2681,1359,1853
2024/3/30,8:00-8:59,6135,3615,3175,1614,2173
2024/3/30,9:00-9:59,6479,3536,3078,1579,2052
2024/3/30,10:00-10:59,5999,3241,2680,1572,1771
2024/3/30,11:00-11:59,5031,2740,2336,1252,1715
2024/3/30,12:00-12:59,4345,2430,1881,1110,1491
2024/3/30,13:00-13:59,4646,2608,2022,1209,1410
2024/3/30,14:00-14:59,4987,2708,2219,1300,1507
2024/3/30,15:00-15:59,5036,2837,2174,1301,1492
2024/3/30,16:00-16:59,5518,3260,2535,1480,1756
2024/3/30,17:00-17:59,5805,3791,3046,1656,2279
2024/3/30,18:00-18:59,4608,3195,2590,1365,1971
2024/3/30,19:00-19:59,2794,1877,1463,883,1043
2024/3/30,20:00-20:59,2210,1453,1031,626,825
2024/3/30,21:00-21:59,1983,1373,788,614,625
2024/3/30,22:00-22:59,1245,864,507,368,448
2024/3/30,23:00-23:59,791,532,290,238,305
2024/3/31,0:00-0:59,413,320,147,162,170
2024/3/31,1:00-1:59,252,196,68,102,82
2024/3/31,2:00-2:59,162,129,63,81,68
2024/3/31,3:00-3:59,135,106,51,86,52
2024/3/31,4:00-4:59,204,161,82,102,111
2024/3/31,5:00-5:59,634,495,362,275,382
2024/3/31,6:00-6:59,2062,1407,1240,627,868
2024/3/31,7:00-7:59,3989,2240,2213,998,1380
2024/3/31,8:00-8:59,5460,2978,2853,1259,1802
2024/3/31,9:00-9:59,5665,3161,2921,1448,1744
2024/3/31,10:00-10:59,5302,3109,2615,1428,1673
2024/3/31,11:00-11:59,4558,2589,2175,1097,1406
2024/3/31,12:00-12:59,3818,2162,1749,974,1160
2024/3/31,13:00-13:59,4413,2498,1924,1203,1353
2024/3/31,14:00-14:59,4872,2661,2334,1298,1535
2024/3/31,15:00-15:59,5427,2916,2474,1405,1554
2024/3/31,16:00-16:59,5610,3227,2736,1467,1746
2024/3/31,17:00-17:59,5371,3462,3004,1458,1983
2024/3/31,18:00-18:59,4101,2798,2206,1163,1553
2024/3/31,19:00-19:59,2827,1993,1339,776,963
2024/3/31,20:00-20:59,2335,1564,1030,641,794
2024/3/31,21:00-21:59,1848,1207,767,540,581
2024/3/31,22:00-22:59,1028,700,394,300,387
2024/3/31,23:00-23:59,525,266,198,160,194
2024/4/1,0:00-0:59,356,223,126,117,120
2024/4/1,1:00-1:59,235,165,62,76,82
2024/4/1,2:00-2:59,140,103,48,67,55
2024/4/1,3:00-3:59,126,88,53,74,47
2024/4/1,4:00-4:59,190,170,99,117,86
2024/4/1,5:00-5:59,673,538,380,315,374
2024/4/1,6:00-6:59,3937,2761,2205,1226,1552
2024/4/1,7:00-7:59,7870,4929,4622,2305,3340
2024/4/1,8:00-8:59,7465,4802,4124,2082,2650
2024/4/1,9:00-9:59,6015,3186,2700,1467,1864
2024/4/1,10:00-10:59,4474,2349,2155,1178,1440
2024/4/1,11:00-11:59,3687,1962,1734,960,1228
2024/4/1,12:00-12:59,3541,1764,1548,899,1094
2024/4/1,13:00-13:59,3762,2078,1709,1053,1223
2024/4/1,14:00-14:59,3906,2155,1862,1073,1285
2024/4/1,15:00-15:59,4169,2333,1907,1186,1362
2024/4/1,16:00-16:59,4689,2818,2285,1382,1661
2024/4/1,17:00-17:59,6268,4191,3320,1875,2514
2024/4/1,18:00-18:59,5148,3789,2775,1607,2209
2024/4/1,19:00-19:59,2824,2179,1415,942,1192
2024/4/1,20:00-20:59,1886,1436,894,537,695
2024/4/1,21:00-21:59,1492,1099,684,453,577
2024/4/1,22:00-22:59,986,719,386,301,350
2024/4/1,23:00-23:59,503,344,185,157,207
2024/4/2,0:00-0:59,326,243,95,116,121
2024/4/2,1:00-1:59,213,157,64,74,91
2024/4/2,2:00-2:59,145,112,62,79,75
2024/4/2,3:00-3:59,131,89,56,64,62
2024/4/2,4:00-4:59,195,167,91,98,83
2024/4/2,5:00-5:59,588,523,368,256,357
2024/4/2,6:00-6:59,3225,2273,1805,986,1210
2024/4/2,7:00-7:59,7564,5001,4492,2146,3185
2024/4/2,8:00-8:59,7848,4547,4032,1991,2700
2024/4/2,9:00-9:59,5568,3015,2899,1459,1787
2024/4/2,10:00-10:59,4386,2312,2167,1179,1435
2024/4/2,11:00-11:59,3833,2028,1770,968,1240
2024/4/2,12:00-12:59,3484,1888,1625,920,1181
2024/4/2,13:00-13:59,4127,2175,1758,1166,1207
2024/4/2,14:00-14:59,4234,2237,1863,1155,1348
2024/4/2,15:00-15:59,4422,2510,2054,1292,1410
2024/4/2,16:00-16:59,5116,2944,2461,1372,1777
2024/4/2,17:00-17:59,6397,3908,3435,1913,2519
2024/4/2,18:00-18:59,5311,3857,2625,1593,2111
2024/4/2,19:00-19:59,2897,2056,1356,908,1125
2024/4/2,20:00-20:59,1835,1400,888,575,657
2024/4/2,21:00-21:59,1554,1067,666,423,561
2024/4/2,22:00-22:59,1106,732,409,352,351
2024/4/2,23:00-23:59,505,372,197,172,207
2024/4/3,0:00-0:59,364,246,116,143,130
2024/4/3,1:00-1:59,190,133,56,67,68
2024/4/3,2:00-2:59,129,89,52,70,67
2024/4/3,3:00-3:59,129,99,50,58,44
2024/4/3,4:00-4:59,191,181,109,124,91
2024/4/3,5:00-5:59,610,451,280,240,344
2024/4/3,6:00-6:59,3016,2044,1619,923,1114
2024/4/3,7:00-7:59,7413,4821,4178,2126,3160
2024/4/3,8:00-8:59,7885,4722,4283,2066,2852
2024/4/3,9:00-9:59,6264,3174,3010,1583,2078
2024/4/3,10:00-10:59,4774,2512,2159,1227,1570
2024/4/3,11:00-11:59,4131,2281,1836,1030,1395
2024/4/3,12:00-12:59,4091,2266,1795,1077,1336
2024/4/3,13:00-13:59,4575,2477,2105,1144,1430
2024/4/3,14:00-14:59,4853,2567,2166,1283,1543
2024/4/3,15:00-15:59,5502,3018,2542,1355,1701
2024/4/3,16:00-16:59,6431,3520,3117,1624,2067
2024/4/3,17:00-17:59,8024,4633,3781,2055,2680
2024/4/3,18:00-18:59,6678,4074,3694,2046,2462
2024/4/3,19:00-19:59,4352,3247,2784,1687,1842
2024/4/3,20:00-20:59,3003,2133,1754,920,1217
2024/4/3,21:00-21:59,2364,1477,1048,593,772
2024/4/3,22:00-22:59,1443,993,665,326,488
2024/4/3,23:00-23:59,741,533,287,210,229
2024/4/4,0:00-0:59,923,507,363,204,229
2024/4/4,1:00-1:59,465,283,184,142,138
2024/4/4,2:00-2:59,372,207,138,131,91
2024/4/4,3:00-3:59,319,144,114,132,66
2024/4/4,4:00-4:59,565,341,244,209,127
2024/4/4,5:00-5:59,1525,915,828,329,501
2024/4/4,6:00-6:59,4446,2350,2355,975,927
2024/4/4,7:00-7:59,6464,3397,3237,1642,1468
2024/4/4,8:00-8:59,6418,3788,4064,1898,1918
2024/4/4,9:00-9:59,6071,2895,3699,2204,1877
2024/4/4,10:00-10:59,6801,3385,3442,2373,1560
2024/4/4,11:00-11:59,6103,2986,3497,2235,1249
2024/4/4,12:00-12:59,5251,2505,2368,1388,1088
2024/4/4,13:00-13:59,5871,2727,2595,1469,1318
2024/4/4,14:00-14:59,6698,3104,2880,1646,1521
2024/4/4,15:00-15:59,7191,3194,3031,1721,1602
2024/4/4,16:00-16:59,7304,3517,3156,1838,1564
2024/4/4,17:00-17:59,7294,3862,3200,2034,1687
2024/4/4,18:00-18:59,6120,3344,2805,1739,1089
2024/4/4,19:00-19:59,4292,2365,1859,1181,680
2024/4/4,20:00-20:59,3619,1905,1519,943,906
2024/4/4,21:00-21:59,2811,1633,1138,733,823
2024/4/4,22:00-22:59,1810,975,604,478,440
2024/4/4,23:00-23:59,917,520,335,295,256
2024/4/5,0:00-0:59,527,307,183,195,173
2024/4/5,1:00-1:59,325,189,128,134,100
2024/4/5,2:00-2:59,236,133,69,104,82
2024/4/5,3:00-3:59,230,120,73,115,72
2024/4/5,4:00-4:59,308,203,129,153,119
2024/4/5,5:00-5:59,841,594,458,329,456
2024/4/5,6:00-6:59,2961,1701,1659,801,856
2024/4/5,7:00-7:59,5539,2664,2833,1254,1501
2024/4/5,8:00-8:59,7275,3753,3463,1603,1786
2024/4/5,9:00-9:59,7908,3938,3416,2162,1953
2024/4/5,10:00-10:59,7194,3703,3300,2030,1939
2024/4/5,11:00-11:59,6485,3025,2762,1545,1497
2024/4/5,12:00-12:59,5967,2716,2269,1405,1390
2024/4/5,13:00-13:59,6135,2922,2619,1593,1468
2024/4/5,14:00-14:59,7060,3281,3117,1777,1672
2024/4/5,15:00-15:59,7682,3519,3260,1996,1561
2024/4/5,16:00-16:59,7702,3618,3039,2199,1755
2024/4/5,17:00-17:59,6916,4109,3749,2358,2384
2024/4/5,18:00-18:59,6062,3633,3229,2253,1363
2024/4/5,19:00-19:59,4812,2627,1920,1319,912
2024/4/5,20:00-20:59,3855,2234,1632,1059,711
2024/4/5,21:00-21:59,3283,1808,1253,1074,976
2024/4/5,22:00-22:59,2880,1584,1058,1248,1333
2024/4/5,23:00-23:59,1234,779,439,407,444
2024/4/6,0:00-0:59,717,420,220,281,218
2024/4/6,1:00-1:59,382,253,144,142,129
2024/4/6,2:00-2:59,283,182,101,117,90
2024/4/6,3:00-3:59,250,128,81,126,68
2024/4/6,4:00-4:59,319,211,135,148,114
2024/4/6,5:00-5:59,865,575,458,341,429
2024/4/6,6:00-6:59,2632,1597,1555,731,832
2024/4/6,7:00-7:59,4884,2611,2537,1175,1593
2024/4/6,8:00-8:59,6479,3372,2891,1438,1867
2024/4/6,9:00-9:59,7037,3598,3451,1659,1969
2024/4/6,10:00-10:59,6719,3483,3483,1612,1677
2024/4/6,11:00-11:59,6747,3287,3078,1585,1653
2024/4/6,12:00-12:59,5971,2929,2531,1390,1421
2024/4/6,13:00-13:59,6643,3325,2920,1742,1702
2024/4/6,14:00-14:59,7361,3524,3308,1883,1792
2024/4/6,15:00-15:59,7634,3737,3124,1972,1263
2024/4/6,16:00-16:59,7472,3814,3292,2354,1303
2024/4/6,17:00-17:59,7268,4328,3555,2112,2284
2024/4/6,18:00-18:59,6205,3736,3125,1827,1335
2024/4/6,19:00-19:59,4656,2947,2118,1271,1263
2024/4/6,20:00-20:59,3833,2361,1682,974,1111
2024/4/6,21:00-21:59,2993,1863,1078,786,844
2024/4/6,22:00-22:59,1770,1133,718,487,486
2024/4/6,23:00-23:59,910,576,388,277,291
2024/4/7,0:00-0:59,392,256,158,141,106
2024/4/7,1:00-1:59,236,190,76,68,76
2024/4/7,2:00-2:59,166,129,58,80,61
2024/4/7,3:00-3:59,140,125,40,75,61
2024/4/7,4:00-4:59,219,196,86,123,89
2024/4/7,5:00-5:59,692,556,389,307,425
2024/4/7,6:00-6:59,3503,2559,2028,1098,1391
2024/4/7,7:00-7:59,7599,5093,4246,2260,3078
2024/4/7,8:00-8:59,6896,4644,3663,1941,2689
2024/4/7,9:00-9:59,5114,2921,2384,1354,1668
2024/4/7,10:00-10:59,4100,2206,1950,1075,1329
2024/4/7,11:00-11:59,3492,1894,1566,886,1172
2024/4/7,12:00-12:59,3151,1743,1479,848,1070
2024/4/7,13:00-13:59,3799,2084,1660,1052,1294
2024/4/7,14:00-14:59,3888,2125,1758,1037,1297
2024/4/7,15:00-15:59,4168,2301,1947,1143,1415
2024/4/7,16:00-16:59,4684,2871,2314,1353,1701
2024/4/7,17:00-17:59,6163,4289,3307,1884,2443
2024/4/7,18:00-18:59,5264,3685,2744,1592,2232
2024/4/7,19:00-19:59,2923,2127,1418,952,1210
2024/4/7,20:00-20:59,1947,1447,916,589,757
2024/4/7,21:00-21:59,1596,1120,690,443,582
2024/4/7,22:00-22:59,977,712,404,294,332
2024/4/7,23:00-23:59,533,390,228,171,224
2024/4/8,0:00-0:59,320,262,139,112,133
2024/4/8,1:00-1:59,202,137,75,75,80
2024/4/8,2:00-2:59,130,103,60,62,50
2024/4/8,3:00-3:59,143,87,55,89,48
2024/4/8,4:00-4:59,198,156,94,123,83
2024/4/8,5:00-5:59,706,506,322,305,403
2024/4/8,6:00-6:59,3306,2393,1864,1015,1299
2024/4/8,7:00-7:59,7567,5049,4326,2194,3214
2024/4/8,8:00-8:59,7205,4534,3771,2014,2623
2024/4/8,9:00-9:59,5630,2950,2586,1458,1754
2024/4/8,10:00-10:59,4202,2177,1832,1141,1417
2024/4/8,11:00-11:59,3598,1817,1626,992,1180
2024/4/8,12:00-12:59,3281,1744,1492,929,1064
2024/4/8,13:00-13:59,3909,2117,1697,1152,1204
2024/4/8,14:00-14:59,4018,2171,1834,1101,1279
2024/4/8,15:00-15:59,4128,2383,1980,1204,1335
2024/4/8,16:00-16:59,4770,2960,2330,1368,1568
2024/4/8,17:00-17:59,6360,4154,3257,1879,2432
2024/4/8,18:00-18:59,5121,3702,2726,1579,2171
2024/4/8,19:00-19:59,2896,2185,1485,964,1252
2024/4/8,20:00-20:59,1940,1426,980,558,775
2024/4/8,21:00-21:59,1589,1148,694,478,562
2024/4/8,22:00-22:59,988,714,412,299,368
2024/4/8,23:00-23:59,505,405,223,194,230
2024/4/9,0:00-0:59,281,238,130,106,122
2024/4/9,1:00-1:59,200,126,58,73,84
2024/4/9,2:00-2:59,133,112,66,82,60
2024/4/9,3:00-3:59,129,79,55,65,48
2024/4/9,4:00-4:59,182,157,86,105,74
2024/4/9,5:00-5:59,642,527,376,287,394
2024/4/9,6:00-6:59,3248,2277,1866,1029,1264
2024/4/9,7:00-7:59,7332,5011,4154,2149,3085
2024/4/9,8:00-8:59,6805,4651,3781,2027,2643
2024/4/9,9:00-9:59,5409,2960,2412,1384,1712
2024/4/9,10:00-10:59,4089,2178,1814,1102,1377
2024/4/9,11:00-11:59,3563,1898,1609,971,1201
2024/4/9,12:00-12:59,3335,1683,1380,895,1117
2024/4/9,13:00-13:59,3799,2007,1691,1044,1178
2024/4/9,14:00-14:59,3936,2023,1737,1034,1259
2024/4/9,15:00-15:59,4140,2332,1925,1165,1405
2024/4/9,16:00-16:59,4961,2860,2329,1378,1687
2024/4/9,17:00-17:59,6352,4322,3440,1877,2577
2024/4/9,18:00-18:59,5459,3892,2814,1734,2180
2024/4/9,19:00-19:59,2881,2183,1457,939,1227
2024/4/9,20:00-20:59,1839,1493,887,560,766
2024/4/9,21:00-21:59,1570,1107,669,490,540
2024/4/9,22:00-22:59,1013,708,419,302,361
2024/4/9,23:00-23:59,476,365,219,171,217
2024/4/10,0:00-0:59,347,234,141,110,155
2024/4/10,1:00-1:59,208,136,77,74,77
2024/4/10,2:00-2:59,128,91,56,78,61
2024/4/10,3:00-3:59,121,92,45,70,49
2024/4/10,4:00-4:59,187,177,88,116,111
2024/4/10,5:00-5:59,612,511,374,280,450
2024/4/10,6:00-6:59,3282,2333,1901,1054,1244
2024/4/10,7:00-7:59,7434,5005,4213,2129,3179
2024/4/10,8:00-8:59,7349,4605,3610,2035,2694
2024/4/10,9:00-9:59,5444,2837,2460,1433,1753
2024/4/10,10:00-10:59,4169,2098,1814,1171,1417
2024/4/10,11:00-11:59,3617,1935,1591,1021,1203
2024/4/10,12:00-12:59,3470,1757,1511,902,1161
2024/4/10,13:00-13:59,3873,2013,1723,1106,1324
2024/4/10,14:00-14:59,3900,2026,1713,1080,1307
2024/4/10,15:00-15:59,4450,2437,2037,1252,1381
2024/4/10,16:00-16:59,4929,2815,2367,1396,1775
2024/4/10,17:00-17:59,6335,4213,3396,1892,2521
2024/4/10,18:00-18:59,5299,3777,2729,1669,2129
2024/4/10,19:00-19:59,2835,2156,1434,931,1137
2024/4/10,20:00-20:59,2013,1538,912,595,733
2024/4/10,21:00-21:59,1624,1165,672,511,569
2024/4/10,22:00-22:59,1011,702,412,290,345
2024/4/10,23:00-23:59,577,386,222,179,205
2024/4/11,0:00-0:59,352,236,108,140,136
2024/4/11,1:00-1:59,195,127,71,89,69
2024/4/11,2:00-2:59,137,99,40,74,53
2024/4/11,3:00-3:59,123,107,50,74,38
2024/4/11,4:00-4:59,199,158,89,112,81
2024/4/11,5:00-5:59,650,554,375,302,449
2024/4/11,6:00-6:59,3163,2358,1757,1025,1230
2024/4/11,7:00-7:59,7346,5141,4213,2247,3117
2024/4/11,8:00-8:59,7476,4711,3790,1958,2707
2024/4/11,9:00-9:59,5497,2928,2421,1432,1706
2024/4/11,10:00-10:59,4299,2167,1867,1173,1353
2024/4/11,11:00-11:59,3631,1934,1661,984,1190
2024/4/11,12:00-12:59,3393,1701,1420,947,1117
2024/4/11,13:00-13:59,3913,2019,1669,1100,1238
2024/4/11,14:00-14:59,4018,2031,1778,1064,1198
2024/4/11,15:00-15:59,4240,2301,1896,1204,1381
2024/4/11,16:00-16:59,4930,2744,2345,1385,1668
2024/4/11,17:00-17:59,6369,4020,3370,1829,2529
2024/4/11,18:00-18:59,5335,4007,2827,1725,2232
2024/4/11,19:00-19:59,3034,2269,1432,940,1222
2024/4/11,20:00-20:59,2002,1554,913,642,779
2024/4/11,21:00-21:59,1626,1172,690,558,555
2024/4/11,22:00-22:59,1242,727,411,356,390
2024/4/11,23:00-23:59,583,407,237,181,234
2024/4/12,0:00-0:59,365,257,156,141,134
2024/4/12,1:00-1:59,204,140,92,83,86
2024/4/12,2:00-2:59,120,107,55,73,50
2024/4/12,3:00-3:59,147,90,68,90,48
2024/4/12,4:00-4:59,184,175,102,104,78
2024/4/12,5:00-5:59,692,577,395,328,442
2024/4/12,6:00-6:59,3180,2355,1850,1039,1196
2024/4/12,7:00-7:59,7274,5027,4117,2121,3118
2024/4/12,8:00-8:59,7187,4635,3735,1961,2706
2024/4/12,9:00-9:59,5464,2997,2387,1499,1714
2024/4/12,10:00-10:59,4271,2324,1891,1155,1361
2024/4/12,11:00-11:59,3743,2017,1689,1045,1113
2024/4/12,12:00-12:59,3510,1965,1534,972,1199
2024/4/12,13:00-13:59,4089,2248,1781,1134,1250
2024/4/12,14:00-14:59,4315,2247,1851,1191,1261
2024/4/12,15:00-15:59,4848,2773,2140,1305,1482
2024/4/12,16:00-16:59,5903,3397,2651,1528,1944
2024/4/12,17:00-17:59,7080,4466,3971,1984,2978
2024/4/12,18:00-18:59,6309,4208,3453,1791,2513
2024/4/12,19:00-19:59,3867,2806,2040,1285,1579
2024/4/12,20:00-20:59,2605,1803,1105,712,891
2024/4/12,21:00-21:59,1946,1398,792,589,655
2024/4/12,22:00-22:59,1275,864,470,362,446
2024/4/12,23:00-23:59,725,551,277,233,280
2024/4/13,0:00-0:59,453,288,152,157,174
2024/4/13,1:00-1:59,295,209,97,111,103
2024/4/13,2:00-2:59,194,138,60,84,69
2024/4/13,3:00-3:59,133,127,65,88,58
2024/4/13,4:00-4:59,208,181,111,139,72
2024/4/13,5:00-5:59,595,509,375,302,400
2024/4/13,6:00-6:59,2144,1553,1321,739,900
2024/4/13,7:00-7:59,4231,3022,2510,1327,1794
2024/4/13,8:00-8:59,5447,3568,2938,1467,2048
2024/4/13,9:00-9:59,5565,3369,2741,1455,1842
2024/4/13,10:00-10:59,4856,2909,2477,1298,1607
2024/4/13,11:00-11:59,4238,2513,2032,1118,1496
2024/4/13,12:00-12:59,3899,2358,1807,1049,1374
2024/4/13,13:00-13:59,4146,2416,1829,1120,1406
2024/4/13,14:00-14:59,4376,2622,2063,1191,1407
2024/4/13,15:00-15:59,4735,2790,2164,1310,1524
2024/4/13,16:00-16:59,4816,3055,2474,1411,1659
2024/4/13,17:00-17:59,5453,3893,3062,1614,2198
2024/4/13,18:00-18:59,4278,3031,2374,1381,1827
2024/4/13,19:00-19:59,2596,1840,1343,766,1010
2024/4/13,20:00-20:59,2051,1397,946,578,761
2024/4/13,21:00-21:59,1864,1383,802,567,645
2024/4/13,22:00-22:59,1204,900,500,374,435
2024/4/13,23:00-23:59,642,507,271,236,266
2024/4/14,0:00-0:59,400,287,150,136,137
2024/4/14,1:00-1:59,224,178,97,105,88
2024/4/14,2:00-2:59,148,117,50,72,67
2024/4/14,3:00-3:59,143,92,51,69,53
2024/4/14,4:00-4:59,172,178,86,112,74
2024/4/14,5:00-5:59,521,440,315,238,326
2024/4/14,6:00-6:59,1734,1194,1028,554,728
2024/4/14,7:00-7:59,3519,2093,1781,950,1377
2024/4/14,8:00-8:59,4501,2681,2176,1136,1569
2024/4/14,9:00-9:59,4533,2604,2229,1226,1574
2024/4/14,10:00-10:59,4523,2706,2222,1163,1418
2024/4/14,11:00-11:59,3744,2299,1749,1049,1310
2024/4/14,12:00-12:59,3614,2122,1564,960,1123
2024/4/14,13:00-13:59,3942,2265,1859,1145,1197
2024/4/14,14:00-14:59,4434,2543,1933,1210,1412
2024/4/14,15:00-15:59,4815,2767,2222,1278,1442
2024/4/14,16:00-16:59,4810,3061,2438,1212,1591
2024/4/14,17:00-17:59,5048,3426,2720,1533,1811
2024/4/14,18:00-18:59,3243,2330,1632,1045,1286
2024/4/14,19:00-19:59,2169,1583,1082,707,803
2024/4/14,20:00-20:59,1841,1284,843,485,648
2024/4/14,21:00-21:59,1413,997,632,513,516
2024/4/14,22:00-22:59,1055,735,423,374,349
2024/4/14,23:00-23:59,480,382,197,160,179
2024/4/15,0:00-0:59,349,271,112,109,113
2024/4/15,1:00-1:59,206,155,63,56,75
2024/4/15,2:00-2:59,143,121,63,71,59
2024/4/15,3:00-3:59,122,99,46,62,37
2024/4/15,4:00-4:59,190,176,72,102,78
2024/4/15,5:00-5:59,703,554,399,286,455
2024/4/15,6:00-6:59,3859,2582,2110,1165,1513
2024/4/15,7:00-7:59,7998,5130,4735,2300,3425
2024/4/15,8:00-8:59,7210,4771,3970,2024,2689
2024/4/15,9:00-9:59,5245,2824,2543,1375,1703
2024/4/15,10:00-10:59,4028,2159,1934,1112,1365
2024/4/15,11:00-11:59,3441,1902,1576,930,1140
2024/4/15,12:00-12:59,3233,1684,1450,884,1070
2024/4/15,13:00-13:59,3648,2034,1711,1043,1177
2024/4/15,14:00-14:59,3813,2007,1832,1007,1252
2024/4/15,15:00-15:59,3932,2318,1886,1176,1307
2024/4/15,16:00-16:59,4575,2779,2268,1375,1631
2024/4/15,17:00-17:59,6192,4331,3386,1859,2477
2024/4/15,18:00-18:59,5044,3600,2623,1515,2081
2024/4/15,19:00-19:59,2741,2140,1430,900,1110
2024/4/15,20:00-20:59,1896,1428,864,579,693
2024/4/15,21:00-21:59,1569,1092,683,468,569
2024/4/15,22:00-22:59,965,718,452,282,376
2024/4/15,23:00-23:59,583,404,226,177,195
2024/4/16,0:00-0:59,326,257,132,119,140
2024/4/16,1:00-1:59,215,162,73,85,84
2024/4/16,2:00-2:59,140,106,65,59,71
2024/4/16,3:00-3:59,132,103,52,87,52
2024/4/16,4:00-4:59,191,172,78,118,85
2024/4/16,5:00-5:59,678,566,413,295,406
2024/4/16,6:00-6:59,3303,2369,1900,1052,1358
2024/4/16,7:00-7:59,7554,5113,4358,2156,3143
2024/4/16,8:00-8:59,7405,4695,3734,1994,2810
2024/4/16,9:00-9:59,5522,2982,2473,1546,1751
2024/4/16,10:00-10:59,4285,2209,1929,1177,1371
2024/4/16,11:00-11:59,3693,2035,1581,1075,1183
2024/4/16,12:00-12:59,3318,1858,1431,938,1104
2024/4/16,13:00-13:59,3969,2127,1628,1094,1226
2024/4/16,14:00-14:59,3943,2120,1825,1073,1269
2024/4/16,15:00-15:59,4306,2339,1876,1239,1292
2024/4/16,16:00-16:59,4828,2862,2317,1373,1655
2024/4/16,17:00-17:59,6434,4258,3431,1837,2522
2024/4/16,18:00-18:59,5353,3838,2814,1678,2239
2024/4/16,19:00-19:59,3021,2227,1516,987,1262
2024/4/16,20:00-20:59,1986,1510,984,643,836
2024/4/16,21:00-21:59,1695,1281,760,507,577
2024/4/16,22:00-22:59,1080,802,450,331,394
2024/4/16,23:00-23:59,568,417,251,184,211
2024/4/17,0:00-0:59,347,289,135,140,155
2024/4/17,1:00-1:59,221,161,72,80,95
2024/4/17,2:00-2:59,171,146,53,89,58
2024/4/17,3:00-3:59,135,103,50,78,53
2024/4/17,4:00-4:59,200,190,87,110,92
2024/4/17,5:00-5:59,665,580,397,326,440
2024/4/17,6:00-6:59,3404,2396,1880,1060,1351
2024/4/17,7:00-7:59,7828,5088,4179,2238,3175
2024/4/17,8:00-8:59,7350,4481,3760,2169,2802
2024/4/17,9:00-9:59,5790,2998,2438,1312,1696
2024/4/17,10:00-10:59,4075,2192,1954,1194,1366
2024/4/17,11:00-11:59,3535,2040,1523,961,1202
2024/4/17,12:00-12:59,3383,1883,1502,958,1038
2024/4/17,13:00-13:59,3799,2095,1658,1095,1273
2024/4/17,14:00-14:59,4036,2069,1727,1144,1215
2024/4/17,15:00-15:59,4231,2286,1965,1200,1325
2024/4/17,16:00-16:59,4777,2849,2344,1278,1745
2024/4/17,17:00-17:59,6446,4368,3364,1873,2521
2024/4/17,18:00-18:59,5349,3884,2794,1696,2287
2024/4/17,19:00-19:59,2939,2240,1450,1004,1173
2024/4/17,20:00-20:59,2082,1542,923,602,779
2024/4/17,21:00-21:59,1712,1247,733,548,609
2024/4/17,22:00-22:59,1113,792,430,320,385
2024/4/17,23:00-23:59,535,410,241,208,245
2024/4/18,0:00-0:59,367,264,153,129,122
2024/4/18,1:00-1:59,221,150,66,95,72
2024/4/18,2:00-2:59,167,127,52,81,78
2024/4/18,3:00-3:59,137,134,57,92,60
2024/4/18,4:00-4:59,246,218,94,163,82
2024/4/18,5:00-5:59,706,579,380,325,455
2024/4/18,6:00-6:59,3354,2456,1915,1056,1273
2024/4/18,7:00-7:59,7133,4756,4174,1751,2939
2024/4/18,8:00-8:59,6385,4111,4059,1845,2713
2024/4/18,9:00-9:59,5309,2963,2693,1475,1866
2024/4/18,10:00-10:59,4054,2183,1923,1191,1332
2024/4/18,11:00-11:59,3717,1945,1546,1035,1230
2024/4/18,12:00-12:59,3342,1749,1436,953,1080
2024/4/18,13:00-13:59,3969,2095,1702,1118,1257
2024/4/18,14:00-14:59,3968,2122,1786,1083,1302
2024/4/18,15:00-15:59,3559,2360,1923,1200,1330
2024/4/18,16:00-16:59,3979,2849,2374,1410,1677
2024/4/18,17:00-17:59,4963,4301,3380,1758,2408
2024/4/18,18:00-18:59,3825,3783,2883,1680,2114
2024/4/18,19:00-19:59,2471,2192,1512,961,1191
2024/4/18,20:00-20:59,1890,1546,993,621,757
2024/4/18,21:00-21:59,1701,1293,779,564,652
2024/4/18,22:00-22:59,1147,822,477,320,442
2024/4/18,23:00-23:59,666,449,255,184,228
2024/4/19,0:00-0:59,356,236,138,138,128
2024/4/19,1:00-1:59,204,152,87,83,89
2024/4/19,2:00-2:59,171,127,79,88,61
2024/4/19,3:00-3:59,154,111,64,94,65
2024/4/19,4:00-4:59,226,186,104,114,83
2024/4/19,5:00-5:59,677,561,392,334,483
2024/4/19,6:00-6:59,3193,2357,1844,1044,1225
2024/4/19,7:00-7:59,7255,4667,4237,2122,3119
2024/4/19,8:00-8:59,6867,3988,3698,1913,2653
2024/4/19,9:00-9:59,5620,3042,2475,1458,1762
2024/4/19,10:00-10:59,4197,2144,1903,1150,1329
2024/4/19,11:00-11:59,3767,2064,1685,1061,1238
2024/4/19,12:00-12:59,3690,1949,1583,1006,1208
2024/4/19,13:00-13:59,4527,2250,1793,1240,1347
2024/4/19,14:00-14:59,4472,2382,2015,1169,1383
2024/4/19,15:00-15:59,4997,2697,2264,1393,1567
2024/4/19,16:00-16:59,5989,3474,2859,1592,1934
2024/4/19,17:00-17:59,7112,4329,4001,2016,2746
2024/4/19,18:00-18:59,6333,4254,3412,1800,2497
2024/4/19,19:00-19:59,3671,2636,1979,1329,1394
2024/4/19,20:00-20:59,2442,1708,1071,675,839
2024/4/19,21:00-21:59,2185,1462,905,595,665
2024/4/19,22:00-22:59,1391,977,544,400,449
2024/4/19,23:00-23:59,766,562,306,241,283
2024/4/20,0:00-0:59,510,319,152,181,157
2024/4/20,1:00-1:59,294,220,97,108,113
2024/4/20,2:00-2:59,218,145,79,104,58
2024/4/20,3:00-3:59,183,138,88,97,63
2024/4/20,4:00-4:59,251,210,122,124,117
2024/4/20,5:00-5:59,739,593,430,312,455
2024/4/20,6:00-6:59,2294,1603,1338,768,930
2024/4/20,7:00-7:59,4623,2987,2480,1399,1856
2024/4/20,8:00-8:59,5801,3481,2939,1542,2055
2024/4/20,9:00-9:59,6072,3411,2762,1579,1917
2024/4/20,10:00-10:59,5799,3139,2489,1529,1774
2024/4/20,11:00-11:59,4701,2784,2083,1326,1501
2024/4/20,12:00-12:59,4248,2420,1755,1116,1361
2024/4/20,13:00-13:59,4495,2521,1876,1231,1514
2024/4/20,14:00-14:59,5055,2813,2123,1352,1519
2024/4/20,15:00-15:59,4973,2865,2200,1353,1553
2024/4/20,16:00-16:59,5343,3215,2545,1483,1789
2024/4/20,17:00-17:59,5861,3837,3088,1639,2123
2024/4/20,18:00-18:59,4775,3070,2395,1388,1950
2024/4/20,19:00-19:59,2846,1900,1406,862,1013
2024/4/20,20:00-20:59,2242,1548,1048,669,763
2024/4/20,21:00-21:59,1930,1294,803,567,649
2024/4/20,22:00-22:59,1320,857,528,349,448
2024/4/20,23:00-23:59,678,453,291,207,264
2024/4/21,0:00-0:59,411,262,145,126,157
2024/4/21,1:00-1:59,259,188,92,105,84
2024/4/21,2:00-2:59,179,113,67,76,58
2024/4/21,3:00-3:59,200,129,82,111,59
2024/4/21,4:00-4:59,248,206,98,146,93
2024/4/21,5:00-5:59,783,576,468,324,466
2024/4/21,6:00-6:59,2165,1379,1208,701,843
2024/4/21,7:00-7:59,3700,2181,1935,1053,1326
2024/4/21,8:00-8:59,4533,2730,2322,1227,1626
2024/4/21,9:00-9:59,5275,2971,2350,1426,1660
2024/4/21,10:00-10:59,4945,2808,2187,1303,1583
2024/4/21,11:00-11:59,4127,2404,1751,1163,1187
2024/4/21,12:00-12:59,3792,2107,1507,1059,1203
2024/4/21,13:00-13:59,4271,2385,1945,1178,1365
2024/4/21,14:00-14:59,5039,2654,2196,1364,1474
2024/4/21,15:00-15:59,5339,2933,2387,1516,1527
2024/4/21,16:00-16:59,5636,3090,2755,1515,1756
2024/4/21,17:00-17:59,5888,3611,3030,1557,2041
2024/4/21,18:00-18:59,4393,2957,2335,1352,1650
2024/4/21,19:00-19:59,3012,2081,1510,861,1047
2024/4/21,20:00-20:59,2518,1666,1213,727,889
2024/4/21,21:00-21:59,1825,1302,875,547,641
2024/4/21,22:00-22:59,1163,788,462,290,377
2024/4/21,23:00-23:59,566,383,227,170,188
2024/4/22,0:00-0:59,373,259,149,132,113
2024/4/22,1:00-1:59,234,151,66,67,86
2024/4/22,2:00-2:59,159,106,45,78,56
2024/4/22,3:00-3:59,134,105,52,78,48
2024/4/22,4:00-4:59,242,198,106,133,113
2024/4/22,5:00-5:59,842,682,474,352,480
2024/4/22,6:00-6:59,4020,2816,2327,1230,1600
2024/4/22,7:00-7:59,7913,5236,4774,2365,3518
2024/4/22,8:00-8:59,7533,4804,3897,2052,2702
2024/4/22,9:00-9:59,5775,2832,2532,1461,1689
2024/4/22,10:00-10:59,4301,2170,1917,1177,1393
2024/4/22,11:00-11:59,3657,1890,1614,983,1159
2024/4/22,12:00-12:59,3471,1745,1453,883,1092
2024/4/22,13:00-13:59,3882,2005,1727,1045,1213
2024/4/22,14:00-14:59,3959,1974,1812,1075,1217
2024/4/22,15:00-15:59,4178,2327,1968,1218,1339
2024/4/22,16:00-16:59,4666,2832,2363,1331,1699
2024/4/22,17:00-17:59,6158,4311,3368,1816,2526
2024/4/22,18:00-18:59,5274,3821,2798,1679,2216
2024/4/22,19:00-19:59,2937,2236,1504,962,1135
2024/4/22,20:00-20:59,1977,1488,971,623,762
2024/4/22,21:00-21:59,1585,1107,685,480,551
2024/4/22,22:00-22:59,1028,705,418,321,362
2024/4/22,23:00-23:59,589,425,252,213,229
2024/4/23,0:00-0:59,312,260,105,111,124
2024/4/23,1:00-1:59,215,132,55,65,88
2024/4/23,2:00-2:59,156,114,70,74,59
2024/4/23,3:00-3:59,146,93,68,87,44
2024/4/23,4:00-4:59,225,154,103,139,94
2024/4/23,5:00-5:59,648,553,374,309,424
2024/4/23,6:00-6:59,3163,2315,1840,983,1280
2024/4/23,7:00-7:59,7231,5024,4392,2155,3109
2024/4/23,8:00-8:59,6982,4524,3707,1958,2629
2024/4/23,9:00-9:59,5407,2971,2554,1350,1575
2024/4/23,10:00-10:59,4030,2075,1842,1113,1321
2024/4/23,11:00-11:59,3498,1871,1553,951,1128
2024/4/23,12:00-12:59,3221,1826,1404,956,1037
2024/4/23,13:00-13:59,4043,2103,1804,1138,1265
2024/4/23,14:00-14:59,3996,2195,1788,1112,1206
2024/4/23,15:00-15:59,4120,2386,1874,1140,1334
2024/4/23,16:00-16:59,4710,2803,2273,1299,1709
2024/4/23,17:00-17:59,5936,4183,3088,1786,2279
2024/4/23,18:00-18:59,4747,3576,2492,1390,1850
2024/4/23,19:00-19:59,2691,2064,1347,878,1134
2024/4/23,20:00-20:59,1839,1381,862,563,728
2024/4/23,21:00-21:59,1511,1087,633,432,556
2024/4/23,22:00-22:59,1039,686,406,313,363
2024/4/23,23:00-23:59,515,412,198,202,203
2024/4/24,0:00-0:59,293,223,120,113,128
2024/4/24,1:00-1:59,198,129,73,56,82
2024/4/24,2:00-2:59,146,110,47,74,50
2024/4/24,3:00-3:59,150,108,48,94,50
2024/4/24,4:00-4:59,191,190,79,130,101
2024/4/24,5:00-5:59,673,565,429,302,460
2024/4/24,6:00-6:59,3384,2378,1969,1039,1256
2024/4/24,7:00-7:59,7301,4979,4340,2177,3230
2024/4/24,8:00-8:59,7218,4488,3740,2008,2800
2024/4/24,9:00-9:59,5748,2960,2504,1416,1694
2024/4/24,10:00-10:59,4291,2126,1877,1124,1381
2024/4/24,11:00-11:59,3599,1917,1564,1005,1199
2024/4/24,12:00-12:59,3576,1807,1456,965,1102
2024/4/24,13:00-13:59,4150,2065,1668,1125,1221
2024/4/24,14:00-14:59,4073,2063,1815,1116,1299
2024/4/24,15:00-15:59,4419,2407,2030,1203,1396
2024/4/24,16:00-16:59,5044,2861,2402,1495,1690
2024/4/24,17:00-17:59,6515,4278,3472,1864,2572
2024/4/24,18:00-18:59,5419,3819,2904,1745,2189
2024/4/24,19:00-19:59,3089,2271,1517,966,1187
2024/4/24,20:00-20:59,2128,1535,1000,616,763
2024/4/24,21:00-21:59,1827,1272,751,516,657
2024/4/24,22:00-22:59,1184,796,477,396,397
2024/4/24,23:00-23:59,621,499,226,205,227
2024/4/25,0:00-0:59,400,256,134,135,143
2024/4/25,1:00-1:59,240,156,84,80,96
2024/4/25,2:00-2:59,146,118,68,87,61
2024/4/25,3:00-3:59,135,116,61,86,47
2024/4/25,4:00-4:59,213,202,106,136,111
2024/4/25,5:00-5:59,695,598,440,316,526
2024/4/25,6:00-6:59,3459,2420,2001,1099,1294
2024/4/25,7:00-7:59,7276,4958,4424,2194,3077
2024/4/25,8:00-8:59,7281,4535,3711,2022,2683
2024/4/25,9:00-9:59,5513,2920,2477,1386,1602
2024/4/25,10:00-10:59,4152,2250,1887,1196,1308
2024/4/25,11:00-11:59,3508,1868,1575,976,1098
2024/4/25,12:00-12:59,3458,1742,1489,944,1092
2024/4/25,13:00-13:59,3968,2074,1641,1142,1147
2024/4/25,14:00-14:59,4036,2092,1767,1116,1243
2024/4/25,15:00-15:59,4277,2370,1921,1141,1362
2024/4/25,16:00-16:59,4897,2749,2324,1418,1648
2024/4/25,17:00-17:59,6358,4186,3393,1948,2441
2024/4/25,18:00-18:59,5228,3832,2831,1740,2255
2024/4/25,19:00-19:59,3099,2200,1673,942,1245
2024/4/25,20:00-20:59,2129,1666,1002,647,813
2024/4/25,21:00-21:59,1815,1215,761,552,598
2024/4/25,22:00-22:59,1150,825,494,424,407
2024/4/25,23:00-23:59,602,486,271,202,255
2024/4/26,0:00-0:59,369,289,153,118,145
2024/4/26,1:00-1:59,267,148,70,68,96
2024/4/26,2:00-2:59,186,139,62,87,68
2024/4/26,3:00-3:59,187,121,54,103,68
2024/4/26,4:00-4:59,225,189,89,146,103
2024/4/26,5:00-5:59,739,629,472,355,504
2024/4/26,6:00-6:59,3218,2120,1943,940,1304
2024/4/26,7:00-7:59,7300,5048,4243,2303,3097
2024/4/26,8:00-8:59,7383,4559,3780,2008,2717
2024/4/26,9:00-9:59,5640,3018,2388,1476,1675
2024/4/26,10:00-10:59,4186,2206,1856,1148,1343
2024/4/26,11:00-11:59,3764,2147,1655,1060,1215
2024/4/26,12:00-12:59,3702,1992,1591,1025,1128
2024/4/26,13:00-13:59,4227,2260,1781,1236,1328
2024/4/26,14:00-14:59,4370,2357,1946,1269,1335
2024/4/26,15:00-15:59,4737,2685,2464,1398,1640
2024/4/26,16:00-16:59,5713,3357,2764,1647,2008
2024/4/26,17:00-17:59,6681,4203,3701,1927,2641
2024/4/26,18:00-18:59,6233,4258,3284,1874,2428
2024/4/26,19:00-19:59,3751,2644,1877,1208,1427
2024/4/26,20:00-20:59,2529,1732,1119,702,903
2024/4/26,21:00-21:59,2138,1470,886,636,701
2024/4/26,22:00-22:59,1450,1024,567,439,490
2024/4/26,23:00-23:59,789,626,331,239,308
2024/4/27,0:00-0:59,474,314,169,165,145
2024/4/27,1:00-1:59,300,233,100,110,105
2024/4/27,2:00-2:59,192,122,71,94,80
2024/4/27,3:00-3:59,183,135,62,99,62
2024/4/27,4:00-4:59,259,227,128,146,107
2024/4/27,5:00-5:59,734,592,469,340,499
2024/4/27,6:00-6:59,2260,1689,1370,750,935
2024/4/27,7:00-7:59,4028,2625,2305,1184,1663
2024/4/27,8:00-8:59,5088,3046,2619,1353,1891
2024/4/27,9:00-9:59,5386,3038,2504,1347,1745
2024/4/27,10:00-10:59,4791,2842,2188,1235,1552
2024/4/27,11:00-11:59,4049,2395,1790,1080,1345
2024/4/27,12:00-12:59,3911,2174,1536,1057,1243
2024/4/27,13:00-13:59,4009,2333,1726,1138,1331
2024/4/27,14:00-14:59,4407,2483,2106,1212,1465
2024/4/27,15:00-15:59,4615,2803,2104,1191,1465
2024/4/27,16:00-16:59,4927,2912,2385,1323,1593
2024/4/27,17:00-17:59,5222,3572,3059,1476,2111
2024/4/27,18:00-18:59,3996,2830,2285,1163,1713
2024/4/27,19:00-19:59,2801,1937,1456,821,1033
2024/4/27,20:00-20:59,2226,1516,1018,620,753
2024/4/27,21:00-21:59,1757,1241,828,511,663
2024/4/27,22:00-22:59,1095,724,485,331,366
2024/4/27,23:00-23:59,626,422,252,184,210
2024/4/28,0:00-0:59,335,247,122,123,120
2024/4/28,1:00-1:59,230,151,88,92,79
2024/4/28,2:00-2:59,176,107,51,81,56
2024/4/28,3:00-3:59,173,126,52,97,44
2024/4/28,4:00-4:59,285,212,105,145,154
2024/4/28,5:00-5:59,801,633,435,350,498
2024/4/28,6:00-6:59,3408,2569,1958,1049,1312
2024/4/28,7:00-7:59,7253,4951,4193,2212,3122
2024/4/28,8:00-8:59,6961,4705,3803,1954,2634
2024/4/28,9:00-9:59,5209,2834,2495,1428,1622
2024/4/28,10:00-10:59,4144,2236,1875,1072,1273
2024/4/28,11:00-11:59,3577,1950,1541,986,1143
2024/4/28,12:00-12:59,3324,1792,1417,887,1060
2024/4/28,13:00-13:59,3864,2077,1704,1065,1224
2024/4/28,14:00-14:59,3856,2088,1718,1111,1211
2024/4/28,15:00-15:59,4138,2370,1873,1163,1296
2024/4/28,16:00-16:59,4917,3006,2250,1385,1678
2024/4/28,17:00-17:59,6091,4206,3322,1819,2374
2024/4/28,18:00-18:59,5198,3778,2723,1615,2185
2024/4/28,19:00-19:59,2995,2166,1521,981,1216
2024/4/28,20:00-20:59,2079,1516,963,605,784
2024/4/28,21:00-21:59,1689,1143,739,500,545
2024/4/28,22:00-22:59,1092,696,434,316,380
2024/4/28,23:00-23:59,672,501,236,192,233
2024/4/29,0:00-0:59,386,288,150,125,158
2024/4/29,1:00-1:59,223,152,88,71,89
2024/4/29,2:00-2:59,169,104,53,84,63
2024/4/29,3:00-3:59,185,118,72,86,65
2024/4/29,4:00-4:59,225,196,106,139,111
2024/4/29,5:00-5:59,749,583,471,330,502
2024/4/29,6:00-6:59,3433,2372,2044,1063,1389
2024/4/29,7:00-7:59,7699,5077,4273,2266,3199
2024/4/29,8:00-8:59,7363,4637,3989,2045,2770
2024/4/29,9:00-9:59,5450,2867,2397,1495,1841
2024/4/29,10:00-10:59,4470,2329,1888,1141,1375
2024/4/29,11:00-11:59,3749,2039,1679,1042,1259
2024/4/29,12:00-12:59,3602,1838,1517,970,1174
2024/4/29,13:00-13:59,4025,2171,1734,1220,1261
2024/4/29,14:00-14:59,4146,2203,1908,1120,1320
2024/4/29,15:00-15:59,4385,2425,2036,1235,1509
2024/4/29,16:00-16:59,5027,2922,2386,1431,1735
2024/4/29,17:00-17:59,6520,4444,3690,1916,2686
2024/4/29,18:00-18:59,5626,3871,3227,1723,2491
2024/4/29,19:00-19:59,3171,2245,1707,992,1225
2024/4/29,20:00-20:59,2216,1660,1021,645,812
2024/4/29,21:00-21:59,1756,1196,819,503,640
2024/4/29,22:00-22:59,1134,801,490,354,431
2024/4/29,23:00-23:59,702,485,288,212,246
2024/4/30,0:00-0:59,407,296,142,150,180
2024/4/30,1:00-1:59,269,202,85,85,80
2024/4/30,2:00-2:59,194,124,66,75,69
2024/4/30,3:00-3:59,156,110,62,87,62
2024/4/30,4:00-4:59,251,193,124,137,138
2024/4/30,5:00-5:59,741,616,447,341,476
2024/4/30,6:00-6:59,3251,2330,1931,1020,1253
2024/4/30,7:00-7:59,7497,5006,4164,2160,3098
2024/4/30,8:00-8:59,7317,4614,3786,2022,2651
2024/4/30,9:00-9:59,5652,3042,2663,1394,1756
2024/4/30,10:00-10:59,4564,2532,2102,1235,1423
2024/4/30,11:00-11:59,4234,2262,1830,1113,1295
2024/4/30,12:00-12:59,4266,2315,1916,1106,1359
2024/4/30,13:00-13:59,4926,2510,2314,1280,1556
2024/4/30,14:00-14:59,5270,2792,2506,1380,1654
2024/4/30,15:00-15:59,5906,3335,3004,1532,1902
2024/4/30,16:00-16:59,6774,3921,3531,1710,2271
2024/4/30,17:00-17:59,7476,4461,3958,2046,2748
2024/4/30,18:00-18:59,6435,3617,3765,1730,2640
2024/4/30,19:00-19:59,4567,2976,2565,1591,1783
2024/4/30,20:00-20:59,3632,2279,1822,933,1348
2024/4/30,21:00-21:59,2726,1751,1276,670,950
2024/4/30,22:00-22:59,1886,1128,804,429,640
2024/4/30,23:00-23:59,1017,650,456,258,373
2024/5/1,0:00-0:59,1364,651,567,337,333
2024/5/1,1:00-1:59,807,410,273,219,197
2024/5/1,2:00-2:59,585,266,199,199,149
2024/5/1,3:00-3:59,599,263,278,210,184
2024/5/1,4:00-4:59,1037,552,506,349,318
2024/5/1,5:00-5:59,2377,1371,1217,788,831
2024/5/1,6:00-6:59,5195,2761,2506,1534,1283
2024/5/1,7:00-7:59,6775,3574,3126,1939,1663
2024/5/1,8:00-8:59,7521,4043,3701,2333,1930
2024/5/1,9:00-9:59,7197,3552,3336,2202,2022
2024/5/1,10:00-10:59,7331,3498,3458,2220,1629
2024/5/1,11:00-11:59,6846,3164,2929,2357,1503
2024/5/1,12:00-12:59,5840,2667,2375,1612,1523
2024/5/1,13:00-13:59,6284,2993,2476,1564,1513
2024/5/1,14:00-14:59,6969,3316,2954,1854,1629
2024/5/1,15:00-15:59,6939,3375,2871,2066,1630
2024/5/1,16:00-16:59,7106,3368,3267,2037,1657
2024/5/1,17:00-17:59,6660,3748,3606,2239,1890
2024/5/1,18:00-18:59,6086,3336,2993,1938,1777
2024/5/1,19:00-19:59,4697,2435,2152,1546,1286
2024/5/1,20:00-20:59,4529,2257,1935,1438,1732
2024/5/1,21:00-21:59,3821,2081,1567,1027,1058
2024/5/1,22:00-22:59,2678,1355,966,732,666
2024/5/1,23:00-23:59,1446,757,582,414,370
2024/5/2,0:00-0:59,868,455,348,267,208
2024/5/2,1:00-1:59,550,280,170,172,132
2024/5/2,2:00-2:59,406,230,143,154,90
2024/5/2,3:00-3:59,372,214,146,196,84
2024/5/2,4:00-4:59,646,334,255,291,156
2024/5/2,5:00-5:59,1460,884,817,507,562
2024/5/2,6:00-6:59,3572,1816,1836,1054,857
2024/5/2,7:00-7:59,5882,2918,2383,1534,1238
2024/5/2,8:00-8:59,7451,3925,3327,1750,1782
2024/5/2,9:00-9:59,7448,3993,3503,2317,1767
2024/5/2,10:00-10:59,7051,3889,3519,2391,1551
2024/5/2,11:00-11:59,6424,2996,2698,1758,1535
2024/5/2,12:00-12:59,5725,2496,2158,1456,1339
2024/5/2,13:00-13:59,6013,2730,2339,1728,1345
2024/5/2,14:00-14:59,7246,3204,2743,2040,1553
2024/5/2,15:00-15:59,7058,3229,3160,1898,1518
2024/5/2,16:00-16:59,7201,3272,3165,1994,1415
2024/5/2,17:00-17:59,7447,3834,3390,2219,1513
2024/5/2,18:00-18:59,6218,3333,3196,2014,1793
2024/5/2,19:00-19:59,5013,2475,2201,1527,1248
2024/5/2,20:00-20:59,4441,2184,1941,1215,1104
2024/5/2,21:00-21:59,4098,1876,1568,1025,935
2024/5/2,22:00-22:59,2905,1451,1036,747,687
2024/5/2,23:00-23:59,1453,813,584,479,352
2024/5/3,0:00-0:59,922,484,303,277,229
2024/5/3,1:00-1:59,537,269,166,176,133
2024/5/3,2:00-2:59,382,196,109,142,110
2024/5/3,3:00-3:59,299,164,131,146,63
2024/5/3,4:00-4:59,597,294,207,266,130
2024/5/3,5:00-5:59,1260,733,661,473,519
2024/5/3,6:00-6:59,3273,1723,1715,958,879
2024/5/3,7:00-7:59,5317,2806,2824,1294,1435
2024/5/3,8:00-8:59,6911,3479,3300,1764,1771
2024/5/3,9:00-9:59,6811,3695,3005,2119,1726
2024/5/3,10:00-10:59,7594,3594,3576,2227,1517
2024/5/3,11:00-11:59,6369,3103,2842,1680,1341
2024/5/3,12:00-12:59,5919,2651,2404,1625,1309
2024/5/3,13:00-13:59,6407,2927,2559,1719,1491
2024/5/3,14:00-14:59,7396,3341,2956,1897,1570
2024/5/3,15:00-15:59,7569,3493,3278,2057,1583
2024/5/3,16:00-16:59,7476,3607,3120,2180,1517
2024/5/3,17:00-17:59,7420,4113,3474,2274,1933
2024/5/3,18:00-18:59,6594,3543,3259,2040,1734
2024/5/3,19:00-19:59,5220,2632,2235,1689,1396
2024/5/3,20:00-20:59,4689,2419,1779,1348,1157
2024/5/3,21:00-21:59,4012,2101,1536,1079,1023
2024/5/3,22:00-22:59,2703,1429,973,744,646
2024/5/3,23:00-23:59,1530,914,568,427,403
2024/5/4,0:00-0:59,823,474,311,236,236
2024/5/4,1:00-1:59,471,277,178,156,144
2024/5/4,2:00-2:59,332,206,121,125,87
2024/5/4,3:00-3:59,303,188,145,159,68
2024/5/4,4:00-4:59,417,253,219,178,127
2024/5/4,5:00-5:59,1149,686,687,380,502
2024/5/4,6:00-6:59,2961,1709,1816,846,830
2024/5/4,7:00-7:59,5050,2793,2960,1289,1569
2024/5/4,8:00-8:59,6703,3557,3550,1616,1809
2024/5/4,9:00-9:59,7589,3889,3531,1994,1796
2024/5/4,10:00-10:59,7508,3719,3564,2110,1765
2024/5/4,11:00-11:59,6665,3191,2840,1759,1645
2024/5/4,12:00-12:59,5910,2788,2406,1623,1484
2024/5/4,13:00-13:59,6722,3215,2883,1801,1425
2024/5/4,14:00-14:59,7464,3509,3193,2096,1608
2024/5/4,15:00-15:59,7631,3676,3338,2140,1612
2024/5/4,16:00-16:59,7598,3632,3696,2195,1787
2024/5/4,17:00-17:59,7543,4176,4015,2389,2014
2024/5/4,18:00-18:59,5921,3546,3222,1884,1803
2024/5/4,19:00-19:59,4309,2505,2156,1304,1215
2024/5/4,20:00-20:59,3746,2142,1630,1064,1013
2024/5/4,21:00-21:59,3234,1829,1399,911,863
2024/5/4,22:00-22:59,2240,1256,1002,621,608
2024/5/4,23:00-23:59,1335,769,518,360,340
2024/5/5,0:00-0:59,771,489,283,213,213
2024/5/5,1:00-1:59,489,312,178,134,133
2024/5/5,2:00-2:59,325,203,121,98,86
2024/5/5,3:00-3:59,254,163,110,114,74
2024/5/5,4:00-4:59,340,246,152,160,115
2024/5/5,5:00-5:59,831,542,521,280,322
2024/5/5,6:00-6:59,2298,1299,1442,602,731
2024/5/5,7:00-7:59,4241,2550,2575,1135,1349
2024/5/5,8:00-8:59,5548,3074,2982,1410,1625
2024/5/5,9:00-9:59,6093,3150,3011,1468,1618
2024/5/5,10:00-10:59,6312,3306,3248,1568,1641
2024/5/5,11:00-11:59,5765,3069,2842,1579,1467
2024/5/5,12:00-12:59,5804,2956,2811,1426,1440
2024/5/5,13:00-13:59,6136,3328,3182,1667,1699
2024/5/5,14:00-14:59,7146,3629,3543,1822,1824
2024/5/5,15:00-15:59,7100,3869,3037,1883,1774
2024/5/5,16:00-16:59,7101,4036,2760,1961,1759
2024/5/5,17:00-17:59,6694,4170,2631,1808,1925
2024/5/5,18:00-18:59,4923,3313,2667,1564,1712
2024/5/5,19:00-19:59,3911,2607,1942,1082,1157
2024/5/5,20:00-20:59,3323,2124,1651,890,958
2024/5/5,21:00-21:59,2623,1654,1286,669,739
2024/5/5,22:00-22:59,2148,1277,875,454,440
2024/5/5,23:00-23:59,927,633,480,288,277
2024/5/6,0:00-0:59,316,233,135,98,120
2024/5/6,1:00-1:59,227,156,92,63,97
2024/5/6,2:00-2:59,145,122,44,74,47
2024/5/6,3:00-3:59,114,80,69,63,51
2024/5/6,4:00-4:59,196,178,99,111,87
2024/5/6,5:00-5:59,768,592,480,321,455
2024/5/6,6:00-6:59,3576,2464,2135,1109,1378
2024/5/6,7:00-7:59,7795,4924,4778,2215,3161
2024/5/6,8:00-8:59,7159,4932,4054,1939,2839
2024/5/6,9:00-9:59,5140,2688,2473,1454,1673
2024/5/6,10:00-10:59,4217,2129,1982,1124,1373
2024/5/6,11:00-11:59,3487,1905,1649,958,1143
2024/5/6,12:00-12:59,3269,1695,1533,883,1066
2024/5/6,13:00-13:59,3556,1945,1608,927,1139
2024/5/6,14:00-14:59,3689,1944,1741,1007,1169
2024/5/6,15:00-15:59,3934,2157,1858,1115,1257
2024/5/6,16:00-16:59,4439,2708,2245,1283,1558
2024/5/6,17:00-17:59,6005,4234,3315,1887,2372
2024/5/6,18:00-18:59,5217,3692,2801,1608,2175
2024/5/6,19:00-19:59,2901,2135,1515,915,1183
2024/5/6,20:00-20:59,1894,1412,956,590,701
2024/5/6,21:00-21:59,1540,1057,659,433,538
2024/5/6,22:00-22:59,1000,688,383,278,336
2024/5/6,23:00-23:59,543,365,245,203,192
2024/5/7,0:00-0:59,303,233,129,106,133
2024/5/7,1:00-1:59,224,126,86,62,95
2024/5/7,2:00-2:59,158,112,61,80,55
2024/5/7,3:00-3:59,138,86,67,85,45
2024/5/7,4:00-4:59,184,196,86,119,108
2024/5/7,5:00-5:59,743,550,451,299,460
2024/5/7,6:00-6:59,3290,2273,1906,1009,1296
2024/5/7,7:00-7:59,7624,5078,4404,2168,3149
2024/5/7,8:00-8:59,7107,4433,3860,1992,2640
2024/5/7,9:00-9:59,5560,2864,2507,1408,1718
2024/5/7,10:00-10:59,4180,2213,1888,1148,1354
2024/5/7,11:00-11:59,3666,1932,1634,1024,1199
2024/5/7,12:00-12:59,3486,1739,1501,927,1124
2024/5/7,13:00-13:59,3893,2122,1721,1165,1147
2024/5/7,14:00-14:59,4050,2117,1929,1073,1241
2024/5/7,15:00-15:59,4183,2354,1936,1223,1273
2024/5/7,16:00-16:59,4860,2910,2276,1423,1688
2024/5/7,17:00-17:59,6570,4204,3354,1960,2503
2024/5/7,18:00-18:59,5668,3971,2919,1739,2190
2024/5/7,19:00-19:59,3022,2297,1559,1003,1203
2024/5/7,20:00-20:59,2063,1552,997,607,801
2024/5/7,21:00-21:59,1584,1168,812,498,565
2024/5/7,22:00-22:59,1025,780,445,295,357
2024/5/7,23:00-23:59,603,424,252,171,225
2024/5/8,0:00-0:59,344,223,114,116,144
2024/5/8,1:00-1:59,207,139,88,62,76
2024/5/8,2:00-2:59,144,114,56,77,47
2024/5/8,3:00-3:59,118,84,57,81,49
2024/5/8,4:00-4:59,202,178,101,113,111
2024/5/8,5:00-5:59,751,592,470,347,473
2024/5/8,6:00-6:59,3296,2321,1909,985,1315
2024/5/8,7:00-7:59,7281,4964,4540,2189,3180
2024/5/8,8:00-8:59,7517,4602,4057,2034,2903
2024/5/8,9:00-9:59,5543,2825,2558,1430,1780
2024/5/8,10:00-10:59,4249,2196,1969,1096,1417
2024/5/8,11:00-11:59,3584,1851,1668,1028,1150
2024/5/8,12:00-12:59,3546,1809,1541,934,1203
2024/5/8,13:00-13:59,3898,2026,1726,1074,1189
2024/5/8,14:00-14:59,3905,2058,1813,1032,1280
2024/5/8,15:00-15:59,4023,2298,1926,1102,1425
2024/5/8,16:00-16:59,4801,2844,2333,1369,1723
2024/5/8,17:00-17:59,6271,4158,3509,1851,2476
2024/5/8,18:00-18:59,5499,4016,2979,1724,2301
2024/5/8,19:00-19:59,3106,2295,1672,972,1231
2024/5/8,20:00-20:59,2067,1529,1023,603,821
2024/5/8,21:00-21:59,1762,1219,782,547,589
2024/5/8,22:00-22:59,1155,754,456,293,384
2024/5/8,23:00-23:59,610,388,246,214,219
2024/5/9,0:00-0:59,366,260,115,136,132
2024/5/9,1:00-1:59,244,149,95,73,81
2024/5/9,2:00-2:59,159,85,52,85,45
2024/5/9,3:00-3:59,148,102,63,65,55
2024/5/9,4:00-4:59,223,211,127,114,110
2024/5/9,5:00-5:59,737,665,505,326,503
2024/5/9,6:00-6:59,3346,2348,1938,1019,1261
2024/5/9,7:00-7:59,7396,4975,4437,2109,3112
2024/5/9,8:00-8:59,7279,4488,3859,1920,2744
2024/5/9,9:00-9:59,5559,3023,2527,1391,1766
2024/5/9,10:00-10:59,4069,2184,1992,1154,1372
2024/5/9,11:00-11:59,3631,1853,1604,983,1225
2024/5/9,12:00-12:59,3341,1746,1489,899,1080
2024/5/9,13:00-13:59,3893,2008,1770,1103,1221
2024/5/9,14:00-14:59,3976,2110,1763,1117,1175
2024/5/9,15:00-15:59,4206,2304,1970,1142,1302
2024/5/9,16:00-16:59,4700,2738,2278,1316,1643
2024/5/9,17:00-17:59,6274,4259,3399,1831,2356
2024/5/9,18:00-18:59,5517,3969,2938,1713,2252
2024/5/9,19:00-19:59,3108,2322,1749,1014,1280
2024/5/9,20:00-20:59,2157,1601,999,583,815
2024/5/9,21:00-21:59,1668,1211,775,527,597
2024/5/9,22:00-22:59,560,1018,463,284,352
2024/5/9,23:00-23:59,299,555,252,152,222
2024/5/10,0:00-0:59,163,335,163,116,114
2024/5/10,1:00-1:59,95,223,92,73,78
2024/5/10,2:00-2:59,79,172,62,63,59
2024/5/10,3:00-3:59,55,142,66,66,45
2024/5/10,4:00-4:59,125,257,114,117,108
2024/5/10,5:00-5:59,657,665,516,318,509
2024/5/10,6:00-6:59,3113,2370,1995,1050,1286
2024/5/10,7:00-7:59,7191,4969,4465,2082,3130
2024/5/10,8:00-8:59,7305,4656,3777,2000,2760
2024/5/10,9:00-9:59,5362,2946,2672,1399,1744
2024/5/10,10:00-10:59,4030,2245,2034,1153,1251
2024/5/10,11:00-11:59,3662,1997,1751,1052,1172
2024/5/10,12:00-12:59,3389,1843,1559,964,1097
2024/5/10,13:00-13:59,3932,2095,1805,1078,1181
2024/5/10,14:00-14:59,4098,2265,1926,1140,1309
2024/5/10,15:00-15:59,4549,2423,2111,1117,1385
2024/5/10,16:00-16:59,5222,3003,2588,1426,1860
2024/5/10,17:00-17:59,6716,4276,3663,2147,2678
2024/5/10,18:00-18:59,5910,4066,3251,1967,2509
2024/5/10,19:00-19:59,3159,2324,1697,1040,1334
2024/5/10,20:00-20:59,2244,1632,1082,640,806
2024/5/10,21:00-21:59,1984,1399,840,777,813
2024/5/10,22:00-22:59,1312,882,543,386,430
2024/5/10,23:00-23:59,677,472,256,195,259
2024/5/11,0:00-0:59,367,234,150,118,134
2024/5/11,1:00-1:59,218,147,77,78,104
2024/5/11,2:00-2:59,170,124,50,86,74
2024/5/11,3:00-3:59,132,86,51,76,57
2024/5/11,4:00-4:59,185,179,124,124,93
2024/5/11,5:00-5:59,629,549,383,308,422
2024/5/11,6:00-6:59,2663,2146,1648,939,1141
2024/5/11,7:00-7:59,6692,4760,4006,1973,2847
2024/5/11,8:00-8:59,6676,4382,3698,1787,2595
2024/5/11,9:00-9:59,5337,2922,2389,1461,1648
2024/5/11,10:00-10:59,4142,2328,2012,1051,1346
2024/5/11,11:00-11:59,3610,2052,1777,1031,1250
2024/5/11,12:00-12:59,3530,1923,1601,991,1157
2024/5/11,13:00-13:59,3922,2181,1802,1128,1183
2024/5/11,14:00-14:59,4050,2281,1906,1107,1367
2024/5/11,15:00-15:59,4492,2705,2272,1185,1530
2024/5/11,16:00-16:59,5473,3388,2776,1397,1912
2024/5/11,17:00-17:59,6720,4454,3847,1981,2655
2024/5/11,18:00-18:59,6428,4379,3516,1881,2613
2024/5/11,19:00-19:59,3496,2653,2024,1182,1475
2024/5/11,20:00-20:59,2448,1674,1162,670,846
2024/5/11,21:00-21:59,2012,1393,854,580,663
2024/5/11,22:00-22:59,1383,956,537,400,482
2024/5/11,23:00-23:59,764,546,296,267,284
2024/5/12,0:00-0:59,462,335,179,159,173
2024/5/12,1:00-1:59,249,175,101,90,99
2024/5/12,2:00-2:59,168,124,67,87,69
2024/5/12,3:00-3:59,169,115,71,95,57
2024/5/12,4:00-4:59,269,242,148,178,127
2024/5/12,5:00-5:59,779,667,480,341,463
2024/5/12,6:00-6:59,2379,1512,1403,737,914
2024/5/12,7:00-7:59,3709,2359,2050,997,1368
2024/5/12,8:00-8:59,4848,3200,2632,1226,1728
2024/5/12,9:00-9:59,5716,3527,2913,1469,1838
2024/5/12,10:00-10:59,5669,3550,2811,1432,1810
2024/5/12,11:00-11:59,4691,3019,2334,1201,1468
2024/5/12,12:00-12:59,3703,2364,1726,1012,1340
2024/5/12,13:00-13:59,3954,2548,1828,1109,1253
2024/5/12,14:00-14:59,4849,3081,2342,1306,1506
2024/5/12,15:00-15:59,5120,3204,2504,1382,1652
2024/5/12,16:00-16:59,5529,3238,2868,1381,1747
2024/5/12,17:00-17:59,5453,3726,3117,1485,1916
2024/5/12,18:00-18:59,4531,3072,2598,1255,1988
2024/5/12,19:00-19:59,3064,2149,1665,864,1158
2024/5/12,20:00-20:59,2594,1860,1250,734,912
2024/5/12,21:00-21:59,2160,1544,987,619,756
2024/5/12,22:00-22:59,1224,851,561,343,416
2024/5/12,23:00-23:59,539,414,239,179,206
2024/5/13,0:00-0:59,331,221,125,85,154
2024/5/13,1:00-1:59,232,126,73,63,73
2024/5/13,2:00-2:59,159,99,58,78,64
2024/5/13,3:00-3:59,135,110,56,76,52
2024/5/13,4:00-4:59,230,209,140,114,117
2024/5/13,5:00-5:59,905,788,567,372,562
2024/5/13,6:00-6:59,4034,2452,2410,1166,1565
2024/5/13,7:00-7:59,7154,3875,4890,2138,3309
2024/5/13,8:00-8:59,6721,4588,4142,1767,2783
2024/5/13,9:00-9:59,6111,3365,2848,1475,1770
2024/5/13,10:00-10:59,4122,2239,1932,1075,1306
2024/5/13,11:00-11:59,3507,1835,1641,931,1120
2024/5/13,12:00-12:59,3317,1799,1511,881,1026
2024/5/13,13:00-13:59,3748,2082,1696,994,1149
2024/5/13,14:00-14:59,3912,2146,1864,1056,1270
2024/5/13,15:00-15:59,4198,2376,1973,1157,1334
2024/5/13,16:00-16:59,4677,2829,2391,1358,1647
2024/5/13,17:00-17:59,6326,4290,3333,1826,2440
2024/5/13,18:00-18:59,5507,3949,3044,1722,2375
2024/5/13,19:00-19:59,3193,2341,1649,1027,1255
2024/5/13,20:00-20:59,2105,1564,1037,610,788
2024/5/13,21:00-21:59,1726,1188,765,530,612
2024/5/13,22:00-22:59,1033,752,460,293,401
2024/5/13,23:00-23:59,607,464,246,205,244
2024/5/14,0:00-0:59,356,247,143,109,134
2024/5/14,1:00-1:59,186,151,79,61,72
2024/5/14,2:00-2:59,126,108,57,67,61
2024/5/14,3:00-3:59,137,99,64,77,48
2024/5/14,4:00-4:59,238,214,137,134,142
2024/5/14,5:00-5:59,744,675,532,322,483
2024/5/14,6:00-6:59,3286,2394,1961,1039,1308
2024/5/14,7:00-7:59,7496,5026,4428,2116,3158
2024/5/14,8:00-8:59,7347,4572,4081,1988,2775
2024/5/14,9:00-9:59,5617,3013,2580,1439,1798
2024/5/14,10:00-10:59,4259,2340,2068,1199,1366
2024/5/14,11:00-11:59,3537,1857,1706,965,1093
2024/5/14,12:00-12:59,3388,1827,1523,905,1129
2024/5/14,13:00-13:59,3964,2099,1796,1058,1217
2024/5/14,14:00-14:59,4137,2142,2043,1102,1334
2024/5/14,15:00-15:59,4258,2491,2038,1164,1355
2024/5/14,16:00-16:59,4734,2778,2442,1312,1705
2024/5/14,17:00-17:59,6429,4316,3565,1816,2437
2024/5/14,18:00-18:59,5428,3971,3037,1698,2299
2024/5/14,19:00-19:59,3041,2255,1684,956,1198
2024/5/14,20:00-20:59,2107,1577,1006,621,770
2024/5/14,21:00-21:59,1783,1177,775,533,587
2024/5/14,22:00-22:59,1073,756,441,296,373
2024/5/14,23:00-23:59,595,437,229,201,222
2024/5/15,0:00-0:59,376,281,154,128,133
2024/5/15,1:00-1:59,180,144,83,71,73
2024/5/15,2:00-2:59,138,92,63,66,47
2024/5/15,3:00-3:59,123,110,74,55,68
2024/5/15,4:00-4:59,177,165,101,121,84
2024/5/15,5:00-5:59,642,523,338,288,373
2024/5/15,6:00-6:59,2904,2098,1707,905,1027
2024/5/15,7:00-7:59,7249,4953,4416,2106,3093
2024/5/15,8:00-8:59,7566,4671,4202,1990,2798
2024/5/15,9:00-9:59,5625,2964,2618,1540,1819
2024/5/15,10:00-10:59,4334,2311,1966,1110,1306
2024/5/15,11:00-11:59,3662,2054,1615,1006,1169
2024/5/15,12:00-12:59,3453,1802,1493,932,1099
2024/5/15,13:00-13:59,4072,2111,1811,1137,1192
2024/5/15,14:00-14:59,4104,2088,1906,1051,1310
2024/5/15,15:00-15:59,4301,2403,1919,1141,1386
2024/5/15,16:00-16:59,4894,2818,2438,1321,1689
2024/5/15,17:00-17:59,6353,4176,3456,1853,2440
2024/5/15,18:00-18:59,5545,4057,3049,1675,2214
2024/5/15,19:00-19:59,3180,2390,1754,1054,1242
2024/5/15,20:00-20:59,2126,1576,1036,626,781
2024/5/15,21:00-21:59,1808,1279,802,536,653
2024/5/15,22:00-22:59,1133,772,480,310,378
2024/5/15,23:00-23:59,602,455,243,192,219
2024/5/16,0:00-0:59,383,278,123,119,122
2024/5/16,1:00-1:59,207,164,91,58,82
2024/5/16,2:00-2:59,140,108,62,79,64
2024/5/16,3:00-3:59,134,98,54,72,52
2024/5/16,4:00-4:59,243,185,160,129,107
2024/5/16,5:00-5:59,778,655,487,342,528
2024/5/16,6:00-6:59,3235,2406,1985,1012,1162
2024/5/16,7:00-7:59,7378,5142,4309,2210,3003
2024/5/16,8:00-8:59,7359,4353,3922,2008,2653
2024/5/16,9:00-9:59,5842,2986,2555,1460,1679
2024/5/16,10:00-10:59,4278,2252,1996,1164,1338
2024/5/16,11:00-11:59,3602,1962,1597,986,1191
2024/5/16,12:00-12:59,3496,1810,1482,916,1049
2024/5/16,13:00-13:59,3964,2141,1759,1139,1215
2024/5/16,14:00-14:59,4072,2077,1982,1065,1332
2024/5/16,15:00-15:59,4301,2459,2034,1108,1379
2024/5/16,16:00-16:59,4939,2989,2501,1362,1645
2024/5/16,17:00-17:59,6266,4250,3415,1837,2334
2024/5/16,18:00-18:59,5601,3914,3146,1714,2357
2024/5/16,19:00-19:59,3075,2306,1707,973,1232
2024/5/16,20:00-20:59,2140,1598,1043,623,776
2024/5/16,21:00-21:59,1780,1224,777,518,631
2024/5/16,22:00-22:59,1139,828,496,318,406
2024/5/16,23:00-23:59,644,450,261,204,228
2024/5/17,0:00-0:59,376,290,129,127,125
2024/5/17,1:00-1:59,237,160,79,78,93
2024/5/17,2:00-2:59,148,99,68,70,52
2024/5/17,3:00-3:59,142,114,58,88,53
2024/5/17,4:00-4:59,253,244,141,152,108
2024/5/17,5:00-5:59,802,675,503,338,504
2024/5/17,6:00-6:59,3174,2309,1898,981,1302
2024/5/17,7:00-7:59,7074,4912,4375,2051,3093
2024/5/17,8:00-8:59,7165,4604,3904,1918,2667
2024/5/17,9:00-9:59,5398,2986,2705,1424,1668
2024/5/17,10:00-10:59,4204,2280,1952,1121,1331
2024/5/17,11:00-11:59,3828,2031,1789,1073,1174
2024/5/17,12:00-12:59,3700,2062,1701,960,1180
2024/5/17,13:00-13:59,4404,2311,1913,1133,1280
2024/5/17,14:00-14:59,4535,2456,2105,1161,1353
2024/5/17,15:00-15:59,4951,2909,2495,1325,1596
2024/5/17,16:00-16:59,5969,3363,2720,1467,1941
2024/5/17,17:00-17:59,6787,4287,4061,2055,3044
2024/5/17,18:00-18:59,6643,4291,3566,1794,2393
2024/5/17,19:00-19:59,3914,2707,2172,1337,1485
2024/5/17,20:00-20:59,2730,1887,1312,761,916
2024/5/17,21:00-21:59,2128,1478,975,586,720
2024/5/17,22:00-22:59,1470,1022,589,420,458
2024/5/17,23:00-23:59,779,563,319,253,239
2024/5/18,0:00-0:59,504,345,182,158,191
2024/5/18,1:00-1:59,292,197,103,85,121
2024/5/18,2:00-2:59,223,160,72,99,69
2024/5/18,3:00-3:59,164,129,79,87,58
2024/5/18,4:00-4:59,262,206,143,149,141
2024/5/18,5:00-5:59,780,652,468,344,524
2024/5/18,6:00-6:59,2354,1740,1535,776,1024
2024/5/18,7:00-7:59,4733,3192,2912,1356,1834
2024/5/18,8:00-8:59,6265,3809,3237,1638,2055
2024/5/18,9:00-9:59,6306,3605,3072,1580,1964
2024/5/18,10:00-10:59,5663,3362,2807,1385,1701
2024/5/18,11:00-11:59,4641,2819,2154,1223,1532
2024/5/18,12:00-12:59,4299,2605,1912,1153,1331
2024/5/18,13:00-13:59,4532,2534,2049,1250,1437
2024/5/18,14:00-14:59,4838,2802,2390,1254,1543
2024/5/18,15:00-15:59,5151,3021,2460,1361,1610
2024/5/18,16:00-16:59,5524,3310,2560,1411,1827
2024/5/18,17:00-17:59,5746,3839,3262,1539,2157
2024/5/18,18:00-18:59,4982,3492,2753,1507,2147
2024/5/18,19:00-19:59,3040,2029,1645,848,1137
2024/5/18,20:00-20:59,2261,1571,1159,672,776
2024/5/18,21:00-21:59,2087,1436,944,637,746
2024/5/18,22:00-22:59,1544,1026,627,383,515
2024/5/18,23:00-23:59,940,557,313,297,295
2024/5/19,0:00-0:59,406,311,168,152,173
2024/5/19,1:00-1:59,247,198,119,97,106
2024/5/19,2:00-2:59,148,103,67,65,63
2024/5/19,3:00-3:59,156,130,77,75,56
2024/5/19,4:00-4:59,266,215,149,156,131
2024/5/19,5:00-5:59,773,650,481,326,502
2024/5/19,6:00-6:59,2124,1458,1349,616,821
2024/5/19,7:00-7:59,3838,2581,2204,1041,1361
2024/5/19,8:00-8:59,4815,2996,2462,1229,1607
2024/5/19,9:00-9:59,5473,3178,2589,1405,1693
2024/5/19,10:00-10:59,5268,3018,2490,1322,1580
2024/5/19,11:00-11:59,4477,2750,1924,1175,1388
2024/5/19,12:00-12:59,3980,2323,1688,1091,1208
2024/5/19,13:00-13:59,4542,2533,1954,1213,1322
2024/5/19,14:00-14:59,5401,2909,2293,1369,1457
2024/5/19,15:00-15:59,5486,2876,2524,1470,1590
2024/5/19,16:00-16:59,5846,3419,2990,1526,1848
2024/5/19,17:00-17:59,6073,3895,3287,1603,2038
2024/5/19,18:00-18:59,4485,3351,2597,1377,1856
2024/5/19,19:00-19:59,3032,2090,1562,847,1061
2024/5/19,20:00-20:59,2490,1660,1256,617,828
2024/5/19,21:00-21:59,1968,1365,931,600,645
2024/5/19,22:00-22:59,1073,779,465,293,364
2024/5/19,23:00-23:59,526,388,217,161,198
2024/5/20,0:00-0:59,315,244,145,113,112
2024/5/20,1:00-1:59,244,163,72,75,80
2024/5/20,2:00-2:59,155,119,47,66,64
2024/5/20,3:00-3:59,137,110,67,65,46
2024/5/20,4:00-4:59,239,235,125,135,100
2024/5/20,5:00-5:59,923,750,543,359,550
2024/5/20,6:00-6:59,3799,2733,2374,1145,1589
2024/5/20,7:00-7:59,7425,5058,4722,2156,3209
2024/5/20,8:00-8:59,7412,4638,4110,1989,2625
2024/5/20,9:00-9:59,5585,2957,2542,1375,1679
2024/5/20,10:00-10:59,4313,2235,2062,1105,1410
2024/5/20,11:00-11:59,3650,1936,1621,986,1153
2024/5/20,12:00-12:59,3325,1775,1436,891,1064
2024/5/20,13:00-13:59,3949,2097,1865,1120,1381
2024/5/20,14:00-14:59,4038,2141,1860,1067,1197
2024/5/20,15:00-15:59,4240,2352,1990,1131,1334
2024/5/20,16:00-16:59,5016,2823,2503,1421,1713
2024/5/20,17:00-17:59,6440,4278,3623,1847,2466
2024/5/20,18:00-18:59,5738,4028,3157,1740,2322
2024/5/20,19:00-19:59,3203,2342,1686,1027,1342
2024/5/20,20:00-20:59,2152,1601,1008,634,792
2024/5/20,21:00-21:59,1886,1265,792,526,678
2024/5/20,22:00-22:59,1179,816,505,335,424
2024/5/20,23:00-23:59,694,476,250,225,222
2024/5/21,0:00-0:59,413,278,125,130,150
2024/5/21,1:00-1:59,210,168,80,73,83
2024/5/21,2:00-2:59,151,111,81,83,64
2024/5/21,3:00-3:59,143,114,62,87,39
2024/5/21,4:00-4:59,229,193,108,131,105
2024/5/21,5:00-5:59,783,609,475,341,489
2024/5/21,6:00-6:59,3223,2353,1983,980,1277
2024/5/21,7:00-7:59,7308,5103,4491,2040,3126
2024/5/21,8:00-8:59,7414,4591,3913,1995,2687
2024/5/21,9:00-9:59,5526,2995,2531,1382,1675
2024/5/21,10:00-10:59,3956,2136,1904,1052,1316
2024/5/21,11:00-11:59,3675,1919,1551,1029,1137
2024/5/21,12:00-12:59,3312,1703,1420,842,1052
2024/5/21,13:00-13:59,3807,2102,1693,1034,1168
2024/5/21,14:00-14:59,4042,2090,1853,1095,1313
2024/5/21,15:00-15:59,4143,2370,2059,1108,1367
2024/5/21,16:00-16:59,4782,2852,2542,1375,1628
2024/5/21,17:00-17:59,6198,4256,3598,1817,2472
2024/5/21,18:00-18:59,5472,3968,3054,1590,2211
2024/5/21,19:00-19:59,3016,2269,1554,999,1268
2024/5/21,20:00-20:59,2019,1492,971,561,734
2024/5/21,21:00-21:59,1632,1139,711,509,580
2024/5/21,22:00-22:59,1058,761,447,314,372
2024/5/21,23:00-23:59,565,406,242,186,217
2024/5/22,0:00-0:59,315,239,139,117,136
2024/5/22,1:00-1:59,206,129,80,61,78
2024/5/22,2:00-2:59,142,99,73,62,59
2024/5/22,3:00-3:59,128,107,58,73,41
2024/5/22,4:00-4:59,223,208,133,146,119
2024/5/22,5:00-5:59,748,639,528,312,485
2024/5/22,6:00-6:59,3142,2355,1904,989,1258
2024/5/22,7:00-7:59,7358,5134,4386,2131,3212
2024/5/22,8:00-8:59,7223,4608,3705,1877,2674
2024/5/22,9:00-9:59,5404,2885,2421,1352,1634
2024/5/22,10:00-10:59,4074,2207,1945,1049,1266
2024/5/22,11:00-11:59,3574,2016,1535,881,1121
2024/5/22,12:00-12:59,3401,1828,1449,875,1014
2024/5/22,13:00-13:59,3770,2056,1674,1018,1162
2024/5/22,14:00-14:59,4005,2166,1858,1054,1222
2024/5/22,15:00-15:59,4212,2362,1868,1189,1320
2024/5/22,16:00-16:59,4764,2876,2290,1338,1739
2024/5/22,17:00-17:59,6308,4253,3493,1832,2426
2024/5/22,18:00-18:59,5434,3959,3089,1683,2242
2024/5/22,19:00-19:59,2943,2210,1573,932,1207
2024/5/22,20:00-20:59,2067,1515,1008,580,742
2024/5/22,21:00-21:59,1652,1211,734,509,591
2024/5/22,22:00-22:59,1149,817,487,358,382
2024/5/22,23:00-23:59,600,431,275,180,218
2024/5/23,0:00-0:59,350,241,140,133,118
2024/5/23,1:00-1:59,230,168,82,70,95
2024/5/23,2:00-2:59,144,111,45,81,67
2024/5/23,3:00-3:59,128,102,69,84,62
2024/5/23,4:00-4:59,219,186,125,123,100
2024/5/23,5:00-5:59,776,674,538,318,535
2024/5/23,6:00-6:59,3204,2397,1993,1002,1308
2024/5/23,7:00-7:59,7204,5119,4322,2100,3061
2024/5/23,8:00-8:59,7097,4563,3867,1937,2706
2024/5/23,9:00-9:59,5194,2887,2440,1431,1705
2024/5/23,10:00-10:59,3936,2119,1878,1051,1297
2024/5/23,11:00-11:59,3458,1949,1630,945,1171
2024/5/23,12:00-12:59,3284,1726,1459,875,1061
2024/5/23,13:00-13:59,3767,1996,1631,1045,1110
2024/5/23,14:00-14:59,3749,2075,1715,1037,1127
2024/5/23,15:00-15:59,3983,2313,1835,1153,1232
2024/5/23,16:00-16:59,4639,2746,2139,1275,1663
2024/5/23,17:00-17:59,6209,4199,3397,1796,2455
2024/5/23,18:00-18:59,5243,3974,3037,1660,2287
2024/5/23,19:00-19:59,2955,2276,1655,957,1274
2024/5/23,20:00-20:59,2010,1551,987,575,787
2024/5/23,21:00-21:59,1642,1180,792,463,594
2024/5/23,22:00-22:59,1062,765,476,314,393
2024/5/23,23:00-23:59,546,390,252,188,219
2024/5/24,0:00-0:59,341,251,126,137,129
2024/5/24,1:00-1:59,203,169,72,61,78
2024/5/24,2:00-2:59,165,111,61,75,53
2024/5/24,3:00-3:59,148,112,67,78,61
2024/5/24,4:00-4:59,198,221,133,145,115
2024/5/24,5:00-5:59,761,690,486,343,515
2024/5/24,6:00-6:59,3011,2332,1868,939,1249
2024/5/24,7:00-7:59,7386,5090,4245,2086,3070
2024/5/24,8:00-8:59,7212,4427,3981,1880,2764
2024/5/24,9:00-9:59,5352,2932,2413,1389,1611
2024/5/24,10:00-10:59,4080,2164,1866,1149,1318
2024/5/24,11:00-11:59,3728,2035,1708,993,1224
2024/5/24,12:00-12:59,3760,1879,1560,982,1181
2024/5/24,13:00-13:59,4228,2107,1811,1175,1267
2024/5/24,14:00-14:59,4146,2219,1932,1093,1231
2024/5/24,15:00-15:59,4723,2739,2179,1295,1431
2024/5/24,16:00-16:59,5732,3362,2779,1531,1837
2024/5/24,17:00-17:59,6987,4436,3900,1905,2711
2024/5/24,18:00-18:59,6284,4367,3475,1806,2381
2024/5/24,19:00-19:59,3879,2734,2215,1297,1563
2024/5/24,20:00-20:59,2649,1990,1355,771,899
2024/5/24,21:00-21:59,2100,1476,917,674,655
2024/5/24,22:00-22:59,1367,982,571,422,470
2024/5/24,23:00-23:59,796,592,264,222,285
2024/5/25,0:00-0:59,435,327,175,142,157
2024/5/25,1:00-1:59,268,215,101,78,91
2024/5/25,2:00-2:59,230,137,83,92,85
2024/5/25,3:00-3:59,184,120,74,90,72
2024/5/25,4:00-4:59,263,224,137,140,131
2024/5/25,5:00-5:59,735,682,480,326,458
2024/5/25,6:00-6:59,2207,1563,1423,717,938
2024/5/25,7:00-7:59,4303,2917,2598,1211,1710
2024/5/25,8:00-8:59,5580,3477,2963,1514,2036
2024/5/25,9:00-9:59,5906,3362,2793,1444,1893
2024/5/25,10:00-10:59,5148,2989,2449,1317,1618
2024/5/25,11:00-11:59,4366,2626,2028,1135,1407
2024/5/25,12:00-12:59,3975,2306,1758,1024,1317
2024/5/25,13:00-13:59,4260,2501,1917,1055,1363
2024/5/25,14:00-14:59,4520,2565,2058,1138,1437
2024/5/25,15:00-15:59,4686,2698,2226,1178,1571
2024/5/25,16:00-16:59,5051,3146,2625,1457,1665
2024/5/25,17:00-17:59,5549,3806,3176,1555,2140
2024/5/25,18:00-18:59,4498,3104,2675,1419,1978
2024/5/25,19:00-19:59,2622,1951,1551,781,1041
2024/5/25,20:00-20:59,2098,1467,1057,562,754
2024/5/25,21:00-21:59,1990,1377,826,552,613
2024/5/25,22:00-22:59,1186,839,580,359,381
2024/5/25,23:00-23:59,638,507,268,211,260
2024/5/26,0:00-0:59,419,297,156,149,157
2024/5/26,1:00-1:59,246,174,95,78,95
2024/5/26,2:00-2:59,157,117,57,84,58
2024/5/26,3:00-3:59,114,108,66,76,44
2024/5/26,4:00-4:59,182,204,103,116,90
2024/5/26,5:00-5:59,540,496,361,252,340
2024/5/26,6:00-6:59,1476,951,899,474,572
2024/5/26,7:00-7:59,2800,1835,1566,758,1205
2024/5/26,8:00-8:59,3707,2193,1948,878,1359
2024/5/26,9:00-9:59,4000,2166,1939,992,1270
2024/5/26,10:00-10:59,4205,2273,1915,998,1276
2024/5/26,11:00-11:59,3465,2171,1677,928,1116
2024/5/26,12:00-12:59,3560,2001,1794,970,1283
2024/5/26,13:00-13:59,4056,2168,1887,1112,1275
2024/5/26,14:00-14:59,4450,2512,2103,1192,1423
2024/5/26,15:00-15:59,4574,2596,2081,1181,1323
2024/5/26,16:00-16:59,4802,2859,2446,1174,1517
2024/5/26,17:00-17:59,4588,3025,2552,1271,1613
2024/5/26,18:00-18:59,3515,2379,1956,995,1235
2024/5/26,19:00-19:59,2604,1744,1347,730,973
2024/5/26,20:00-20:59,2355,1622,1133,618,769
2024/5/26,21:00-21:59,1860,1325,893,534,565
2024/5/26,22:00-22:59,1114,796,517,319,365
2024/5/26,23:00-23:59,529,415,230,170,220
2024/5/27,0:00-0:59,350,238,129,99,124
2024/5/27,1:00-1:59,213,192,77,66,95
2024/5/27,2:00-2:59,171,121,58,64,50
2024/5/27,3:00-3:59,167,106,64,85,64
2024/5/27,4:00-4:59,291,226,136,163,94
2024/5/27,5:00-5:59,1011,738,582,399,585
2024/5/27,6:00-6:59,4072,2828,2362,1222,1600
2024/5/27,7:00-7:59,7783,5231,4881,2237,3410
2024/5/27,8:00-8:59,7518,4570,3988,1954,2668
2024/5/27,9:00-9:59,5403,2830,2516,1459,1702
2024/5/27,10:00-10:59,4063,2136,1825,1117,1333
2024/5/27,11:00-11:59,3382,1879,1537,916,1157
2024/5/27,12:00-12:59,3193,1725,1456,881,988
2024/5/27,13:00-13:59,3630,2023,1632,988,1110
2024/5/27,14:00-14:59,3608,2075,1800,1002,1213
2024/5/27,15:00-15:59,3933,2302,1896,1190,1194
2024/5/27,16:00-16:59,4456,2717,2304,1296,1647
2024/5/27,17:00-17:59,6171,4207,3363,1778,2521
2024/5/27,18:00-18:59,5449,3919,3034,1707,2253
2024/5/27,19:00-19:59,3017,2185,1608,1003,1188
2024/5/27,20:00-20:59,1965,1547,993,572,786
2024/5/27,21:00-21:59,1656,1175,772,454,594
2024/5/27,22:00-22:59,1054,791,456,290,361
2024/5/27,23:00-23:59,580,406,231,166,221
2024/5/28,0:00-0:59,310,224,127,112,135
2024/5/28,1:00-1:59,219,161,71,64,94
2024/5/28,2:00-2:59,134,112,57,57,66
2024/5/28,3:00-3:59,146,106,64,65,53
2024/5/28,4:00-4:59,221,214,123,151,117
2024/5/28,5:00-5:59,782,633,540,308,527
2024/5/28,6:00-6:59,3359,2313,1972,1010,1272
2024/5/28,7:00-7:59,7441,5015,4501,2191,3087
2024/5/28,8:00-8:59,7310,4504,3790,1899,2689
2024/5/28,9:00-9:59,5342,2894,2383,1379,1669
2024/5/28,10:00-10:59,3855,2093,1837,1054,1321
2024/5/28,11:00-11:59,3515,1906,1570,977,1134
2024/5/28,12:00-12:59,3383,1721,1413,913,1086
2024/5/28,13:00-13:59,3824,2066,1675,1005,1150
2024/5/28,14:00-14:59,3860,1977,1770,1036,1210
2024/5/28,15:00-15:59,4198,2323,1920,1123,1250
2024/5/28,16:00-16:59,4735,2799,2300,1364,1654
2024/5/28,17:00-17:59,6357,4219,3371,1888,2436
2024/5/28,18:00-18:59,5478,4006,3062,1669,2281
2024/5/28,19:00-19:59,3021,2296,1606,1004,1193
2024/5/28,20:00-20:59,2111,1599,1087,629,817
2024/5/28,21:00-21:59,1724,1238,760,479,604
2024/5/28,22:00-22:59,1117,759,463,330,375
2024/5/28,23:00-23:59,574,461,249,197,240
2024/5/29,0:00-0:59,324,237,143,110,130
2024/5/29,1:00-1:59,192,163,66,58,82
2024/5/29,2:00-2:59,125,85,48,66,43
2024/5/29,3:00-3:59,139,115,77,61,49
2024/5/29,4:00-4:59,223,224,127,143,137
2024/5/29,5:00-5:59,775,639,503,297,508
2024/5/29,6:00-6:59,3246,2336,1941,1003,1243
2024/5/29,7:00-7:59,7369,5150,4389,2116,3123
2024/5/29,8:00-8:59,7107,4539,3786,1892,2740
2024/5/29,9:00-9:59,5498,3035,2472,1422,1659
2024/5/29,10:00-10:59,4048,2122,1845,1107,1340
2024/5/29,11:00-11:59,3539,2051,1512,945,1169
2024/5/29,12:00-12:59,3292,1760,1472,860,1022
2024/5/29,13:00-13:59,3771,2026,1622,1007,1169
2024/5/29,14:00-14:59,3916,2043,1668,1010,1185
2024/5/29,15:00-15:59,3976,2258,1852,1062,1282
2024/5/29,16:00-16:59,4795,2771,2281,1326,1575
2024/5/29,17:00-17:59,6415,4282,3439,1890,2479
2024/5/29,18:00-18:59,5653,4051,3184,1729,2299
2024/5/29,19:00-19:59,3072,2245,1633,925,1203
2024/5/29,20:00-20:59,2144,1576,1064,630,793
2024/5/29,21:00-21:59,1836,1224,810,535,604
2024/5/29,22:00-22:59,1064,739,432,276,355
2024/5/29,23:00-23:59,606,458,294,154,220
2024/5/30,0:00-0:59,345,280,128,120,149
2024/5/30,1:00-1:59,215,169,93,74,90
2024/5/30,2:00-2:59,145,108,51,83,52
2024/5/30,3:00-3:59,135,103,54,77,57
2024/5/30,4:00-4:59,199,196,131,135,103
2024/5/30,5:00-5:59,744,647,481,329,487
2024/5/30,6:00-6:59,3137,2346,1888,967,1267
2024/5/30,7:00-7:59,7366,4976,4434,2081,3125
2024/5/30,8:00-8:59,7414,4711,3973,1986,2746
2024/5/30,9:00-9:59,5211,2742,2451,1388,1742
2024/5/30,10:00-10:59,4079,2100,1920,1108,1847
2024/5/30,11:00-11:59,3472,1883,1567,926,1165
2024/5/30,12:00-12:59,3244,1713,1380,821,1053
2024/5/30,13:00-13:59,3761,1958,1578,1023,1143
2024/5/30,14:00-14:59,4012,2037,1775,1023,1183
2024/5/30,15:00-15:59,4186,2322,1934,1189,1345
2024/5/30,16:00-16:59,4743,2681,2313,1287,1585
2024/5/30,17:00-17:59,6093,4074,3488,1836,2468
2024/5/30,18:00-18:59,5437,4022,3039,1736,2283
2024/5/30,19:00-19:59,2964,2228,1581,933,1141
2024/5/30,20:00-20:59,2159,1570,986,631,756
2024/5/30,21:00-21:59,1758,1291,767,498,571
2024/5/30,22:00-22:59,1115,795,430,318,375
2024/5/30,23:00-23:59,649,465,273,194,221
2024/5/31,0:00-0:59,329,233,148,125,133
2024/5/31,1:00-1:59,214,185,82,73,75
2024/5/31,2:00-2:59,154,122,75,77,57
2024/5/31,3:00-3:59,116,102,53,73,55
2024/5/31,4:00-4:59,244,217,141,147,122
2024/5/31,5:00-5:59,817,680,506,390,527
2024/5/31,6:00-6:59,3113,2336,1919,951,1183
2024/5/31,7:00-7:59,7170,4992,4336,2115,3012
2024/5/31,8:00-8:59,7318,4587,3585,1912,2597
2024/5/31,9:00-9:59,5338,2802,2317,1400,1569
2024/5/31,10:00-10:59,4020,2186,1882,1079,1235
2024/5/31,11:00-11:59,3919,2147,1596,1078,1134
2024/5/31,12:00-12:59,3613,1980,1533,934,1094
2024/5/31,13:00-13:59,4197,2263,1808,1104,1297
2024/5/31,14:00-14:59,4420,2266,2310,1125,1674
2024/5/31,15:00-15:59,4876,2775,2524,1274,1777
2024/5/31,16:00-16:59,5799,3403,3074,1531,1981
2024/5/31,17:00-17:59,7333,4553,3884,1981,2674
2024/5/31,18:00-18:59,6736,4363,3474,1847,2501
2024/5/31,19:00-19:59,3958,2774,2074,1240,1407
2024/5/31,20:00-20:59,2703,2002,1313,731,938
2024/5/31,21:00-21:59,2294,1493,977,618,730
2024/5/31,22:00-22:59,1555,994,609,419,484
2024/5/31,23:00-23:59,793,603,320,249,256
2024/6/1,0:00-0:59,465,338,185,173,185
2024/6/1,1:00-1:59,277,179,99,91,109
2024/6/1,2:00-2:59,201,129,69,68,69
2024/6/1,3:00-3:59,208,140,78,106,74
2024/6/1,4:00-4:59,308,244,155,177,108
2024/6/1,5:00-5:59,819,653,487,356,495
2024/6/1,6:00-6:59,2256,1503,1384,714,863
2024/6/1,7:00-7:59,4060,2568,2439,1170,1685
2024/6/1,8:00-8:59,5489,3376,2812,1439,1895
2024/6/1,9:00-9:59,5822,3375,2868,1467,1818
2024/6/1,10:00-10:59,5687,3010,2649,1383,1669
2024/6/1,11:00-11:59,4612,2598,2042,1087,1470
2024/6/1,12:00-12:59,4034,2306,1717,1056,1307
2024/6/1,13:00-13:59,4202,2389,1859,1168,1283
2024/6/1,14:00-14:59,4742,2598,2089,1197,1378
2024/6/1,15:00-15:59,5163,2832,2287,1427,1509
2024/6/1,16:00-16:59,5227,3105,2596,1351,1678
2024/6/1,17:00-17:59,5583,3511,3035,1478,2088
2024/6/1,18:00-18:59,5027,3215,2843,1457,1956
2024/6/1,19:00-19:59,3109,2019,1529,882,1203
2024/6/1,20:00-20:59,2477,1540,1077,658,795
2024/6/1,21:00-21:59,2213,1433,907,586,651
2024/6/1,22:00-22:59,1488,1004,605,422,499
2024/6/1,23:00-23:59,781,544,299,250,307
2024/6/2,0:00-0:59,431,317,173,156,129
2024/6/2,1:00-1:59,268,180,114,78,106
2024/6/2,2:00-2:59,199,134,83,74,43
2024/6/2,3:00-3:59,191,133,87,85,63
2024/6/2,4:00-4:59,307,208,152,159,119
2024/6/2,5:00-5:59,788,697,503,339,469
2024/6/2,6:00-6:59,1993,1352,1265,590,885
2024/6/2,7:00-7:59,3629,2131,2061,954,1511
2024/6/2,8:00-8:59,4713,2666,2514,1155,1555
2024/6/2,9:00-9:59,5055,2895,2492,1288,1598
2024/6/2,10:00-10:59,5124,2872,2278,1329,1525
2024/6/2,11:00-11:59,4177,2357,1792,1151,1210
2024/6/2,12:00-12:59,3771,2076,1539,951,1109
2024/6/2,13:00-13:59,4134,2240,1715,1102,1157
2024/6/2,14:00-14:59,4994,2652,2099,1334,1350
2024/6/2,15:00-15:59,5153,2723,2305,1328,1482
2024/6/2,16:00-16:59,5524,3082,2560,1351,1715
2024/6/2,17:00-17:59,5619,3342,2982,1462,1754
2024/6/2,18:00-18:59,4233,2722,2337,1142,1563
2024/6/2,19:00-19:59,2928,1957,1506,847,1006
2024/6/2,20:00-20:59,2486,1672,1255,695,814
2024/6/2,21:00-21:59,2048,1397,940,574,628
2024/6/2,22:00-22:59,1174,818,525,361,355
2024/6/2,23:00-23:59,631,435,285,198,206
2024/6/3,0:00-0:59,339,252,155,111,106
2024/6/3,1:00-1:59,214,149,69,62,65
2024/6/3,2:00-2:59,157,115,66,82,52
2024/6/3,3:00-3:59,141,118,83,87,46
2024/6/3,4:00-4:59,243,226,143,147,119
2024/6/3,5:00-5:59,959,751,632,358,573
2024/6/3,6:00-6:59,4015,2743,2302,1185,1506
2024/6/3,7:00-7:59,7916,5272,4659,2283,3416
2024/6/3,8:00-8:59,7433,4762,4061,2079,2620
2024/6/3,9:00-9:59,5528,2842,2489,1361,1586
2024/6/3,10:00-10:59,4105,2129,1884,1068,1219
2024/6/3,11:00-11:59,3453,1801,1665,891,1055
2024/6/3,12:00-12:59,3051,1739,1320,888,1001
2024/6/3,13:00-13:59,3514,1892,1544,978,1137
2024/6/3,14:00-14:59,3717,2026,1622,1005,1101
2024/6/3,15:00-15:59,3934,2240,1858,1086,1253
2024/6/3,16:00-16:59,4515,2766,2221,1190,1453
2024/6/3,17:00-17:59,6038,4199,3333,1831,2346
2024/6/3,18:00-18:59,5447,3973,2996,1694,2300
2024/6/3,19:00-19:59,2998,2211,1590,953,1245
2024/6/3,20:00-20:59,1916,1507,1045,585,748
2024/6/3,21:00-21:59,1583,1111,744,493,538
2024/6/3,22:00-22:59,1068,731,472,276,372
2024/6/3,23:00-23:59,558,440,254,177,214
2024/6/4,0:00-0:59,356,262,133,117,124
2024/6/4,1:00-1:59,191,143,87,63,66
2024/6/4,2:00-2:59,144,109,56,50,52
2024/6/4,3:00-3:59,111,85,68,64,31
2024/6/4,4:00-4:59,228,219,141,137,105
2024/6/4,5:00-5:59,846,691,500,309,498
2024/6/4,6:00-6:59,3283,2275,2000,957,1262
2024/6/4,7:00-7:59,7391,5030,4474,2117,3079
2024/6/4,8:00-8:59,7410,4576,3660,2043,2617
2024/6/4,9:00-9:59,5341,2791,2408,1377,1698
2024/6/4,10:00-10:59,4110,2117,1835,1103,1231
2024/6/4,11:00-11:59,3508,1870,1520,952,1140
2024/6/4,12:00-12:59,3151,1671,1437,843,1001
2024/6/4,13:00-13:59,3715,1952,1634,1004,1120
2024/6/4,14:00-14:59,3821,1931,1710,1035,1110
2024/6/4,15:00-15:59,4100,2235,1896,1127,1227
2024/6/4,16:00-16:59,4681,2760,2362,1324,1536
2024/6/4,17:00-17:59,6460,4218,3500,1880,2417
2024/6/4,18:00-18:59,5332,3856,2936,1670,2189
2024/6/4,19:00-19:59,2911,2229,1671,941,1144
2024/6/4,20:00-20:59,2078,1569,990,615,796
2024/6/4,21:00-21:59,1731,1139,826,487,580
2024/6/4,22:00-22:59,1096,752,444,300,368
2024/6/4,23:00-23:59,578,404,229,204,189
2024/6/5,0:00-0:59,327,238,125,114,137
2024/6/5,1:00-1:59,181,142,76,69,65
2024/6/5,2:00-2:59,142,92,54,71,42
2024/6/5,3:00-3:59,138,103,71,89,46
2024/6/5,4:00-4:59,193,228,111,138,109
2024/6/5,5:00-5:59,803,648,510,329,526
2024/6/5,6:00-6:59,3090,2332,1941,968,1203
2024/6/5,7:00-7:59,6634,4778,4493,2001,3054
2024/6/5,8:00-8:59,7475,4649,3987,2116,2856
2024/6/5,9:00-9:59,5308,2903,2636,1339,1656
2024/6/5,10:00-10:59,4030,2137,2054,1042,1359
2024/6/5,11:00-11:59,3668,1995,1673,945,1211
2024/6/5,12:00-12:59,3321,1771,1500,875,1039
2024/6/5,13:00-13:59,3748,2003,1713,1056,1148
2024/6/5,14:00-14:59,3884,2069,1731,1058,1153
2024/6/5,15:00-15:59,4081,2365,1919,1123,1261
2024/6/5,16:00-16:59,4912,2937,2354,1397,1664
2024/6/5,17:00-17:59,6337,4190,3517,1920,2409
2024/6/5,18:00-18:59,5594,4060,3056,1715,2294
2024/6/5,19:00-19:59,2944,2222,1584,910,1188
2024/6/5,20:00-20:59,2056,1501,984,602,777
2024/6/5,21:00-21:59,1688,1197,735,507,572
2024/6/5,22:00-22:59,1101,788,437,302,355
2024/6/5,23:00-23:59,645,427,235,216,219
2024/6/6,0:00-0:59,334,253,139,120,152
2024/6/6,1:00-1:59,230,147,81,90,81
2024/6/6,2:00-2:59,134,127,55,79,70
2024/6/6,3:00-3:59,143,108,77,85,59
2024/6/6,4:00-4:59,256,201,123,168,113
2024/6/6,5:00-5:59,834,675,519,309,506
2024/6/6,6:00-6:59,3192,2347,1937,1011,1194
2024/6/6,7:00-7:59,7377,5106,4413,2117,3140
2024/6/6,8:00-8:59,7275,4673,3896,2003,2637
2024/6/6,9:00-9:59,5438,2923,2556,1357,1631
2024/6/6,10:00-10:59,4157,2197,1969,1153,1338
2024/6/6,11:00-11:59,3636,1984,1640,987,1140
2024/6/6,12:00-12:59,3317,1838,1468,913,982
2024/6/6,13:00-13:59,3852,2038,1623,1061,1175
2024/6/6,14:00-14:59,3940,2029,1786,1028,1225
2024/6/6,15:00-15:59,4197,2364,1788,1109,1242
2024/6/6,16:00-16:59,4875,2973,2321,1362,1616
2024/6/6,17:00-17:59,6580,4333,3662,1918,2596
2024/6/6,18:00-18:59,5540,3951,3135,1689,2337
2024/6/6,19:00-19:59,3130,2355,1585,958,1169
2024/6/6,20:00-20:59,2113,1564,1030,609,763
2024/6/6,21:00-21:59,1713,1192,766,492,556
2024/6/6,22:00-22:59,1157,807,471,321,444
2024/6/6,23:00-23:59,635,423,274,189,247
2024/6/7,0:00-0:59,434,249,154,152,135
2024/6/7,1:00-1:59,267,169,88,69,87
2024/6/7,2:00-2:59,160,101,60,76,57
2024/6/7,3:00-3:59,157,129,76,87,63
2024/6/7,4:00-4:59,252,217,158,133,133
2024/6/7,5:00-5:59,826,669,527,319,471
2024/6/7,6:00-6:59,3129,2277,1819,966,1200
2024/6/7,7:00-7:59,7203,4995,4428,2033,3136
2024/6/7,8:00-8:59,7460,4620,3938,1982,2800
2024/6/7,9:00-9:59,5556,2967,2598,1389,1671
2024/6/7,10:00-10:59,4258,2296,2045,1137,1342
2024/6/7,11:00-11:59,3828,2110,1782,990,1260
2024/6/7,12:00-12:59,3848,2084,1717,1005,1129
2024/6/7,13:00-13:59,4203,2263,1944,1142,1246
2024/6/7,14:00-14:59,4693,2377,2114,1171,1357
2024/6/7,15:00-15:59,5422,2858,2366,1432,1512
2024/6/7,16:00-16:59,6444,3641,3217,1604,1975
2024/6/7,17:00-17:59,7506,4535,3952,2142,2512
2024/6/7,18:00-18:59,6951,4517,3718,1859,2596
2024/6/7,19:00-19:59,4450,3191,2801,1605,1663
2024/6/7,20:00-20:59,3199,2210,1845,936,1139
2024/6/7,21:00-21:59,2434,1571,1129,730,752
2024/6/7,22:00-22:59,1677,1029,737,454,508
2024/6/7,23:00-23:59,955,632,398,292,311
2024/6/8,0:00-0:59,575,401,204,175,194
2024/6/8,1:00-1:59,430,234,132,108,119
2024/6/8,2:00-2:59,239,139,95,83,74
2024/6/8,3:00-3:59,240,144,65,100,78
2024/6/8,4:00-4:59,344,262,197,172,149
2024/6/8,5:00-5:59,960,784,579,382,488
2024/6/8,6:00-6:59,2511,1647,1491,768,929
2024/6/8,7:00-7:59,4339,2792,2710,1211,1609
2024/6/8,8:00-8:59,5924,3411,3371,1487,1841
2024/6/8,9:00-9:59,6611,3553,3157,1824,1987
2024/6/8,10:00-10:59,5959,2779,3251,2026,1622
2024/6/8,11:00-11:59,5130,2864,2497,1646,1418
2024/6/8,12:00-12:59,4169,2116,1926,1164,1172
2024/6/8,13:00-13:59,4462,2403,2175,1205,1313
2024/6/8,14:00-14:59,4804,2480,2224,1243,1373
2024/6/8,15:00-15:59,5198,2705,2463,1329,1425
2024/6/8,16:00-16:59,5443,2922,2852,1458,1622
2024/6/8,17:00-17:59,5609,3556,3410,1521,1977
2024/6/8,18:00-18:59,4769,3190,2843,1379,1993
2024/6/8,19:00-19:59,3117,1888,1645,886,1091
2024/6/8,20:00-20:59,2367,1474,1162,641,773
2024/6/8,21:00-21:59,2218,1316,975,593,682
2024/6/8,22:00-22:59,1537,941,626,440,481
2024/6/8,23:00-23:59,807,539,319,264,257
2024/6/9,0:00-0:59,471,307,195,176,174
2024/6/9,1:00-1:59,271,181,116,92,109
2024/6/9,2:00-2:59,187,130,101,87,75
2024/6/9,3:00-3:59,207,125,92,98,65
2024/6/9,4:00-4:59,287,221,161,170,156
2024/6/9,5:00-5:59,733,628,501,304,460
2024/6/9,6:00-6:59,2023,1267,1198,593,741
2024/6/9,7:00-7:59,3315,1878,1916,894,1151
2024/6/9,8:00-8:59,4671,2601,2642,1183,1522
2024/6/9,9:00-9:59,6068,3134,3030,1525,1756
2024/6/9,10:00-10:59,6071,3086,2900,1541,1714
2024/6/9,11:00-11:59,4694,2317,2148,1207,1364
2024/6/9,12:00-12:59,3697,1821,1590,945,1024
2024/6/9,13:00-13:59,4150,2037,1716,1106,1080
2024/6/9,14:00-14:59,4563,2241,2008,1202,1173
2024/6/9,15:00-15:59,5062,2431,2341,1352,1338
2024/6/9,16:00-16:59,5325,2801,2520,1493,1542
2024/6/9,17:00-17:59,5583,3297,2945,1570,1680
2024/6/9,18:00-18:59,4880,2896,2701,1403,1678
2024/6/9,19:00-19:59,3331,1970,1725,1029,1112
2024/6/9,20:00-20:59,2867,1660,1270,776,828
2024/6/9,21:00-21:59,2681,1505,1135,790,753
2024/6/9,22:00-22:59,1684,961,748,492,513
2024/6/9,23:00-23:59,867,527,396,249,268
2024/6/10,0:00-0:59,499,306,198,163,169
2024/6/10,1:00-1:59,260,159,105,85,74
2024/6/10,2:00-2:59,225,134,88,102,70
2024/6/10,3:00-3:59,200,112,69,114,61
2024/6/10,4:00-4:59,344,223,164,189,106
2024/6/10,5:00-5:59,760,610,454,334,426
2024/6/10,6:00-6:59,1957,1174,1100,589,650
2024/6/10,7:00-7:59,2990,1659,1726,806,1091
2024/6/10,8:00-8:59,4027,2239,2216,988,1331
2024/6/10,9:00-9:59,4925,2702,2688,1245,1490
2024/6/10,10:00-10:59,5125,2844,2582,1313,1502
2024/6/10,11:00-11:59,4390,2310,2093,1112,1241
2024/6/10,12:00-12:59,3672,1777,1694,947,996
2024/6/10,13:00-13:59,4117,2181,1915,1174,1121
2024/6/10,14:00-14:59,5116,2636,2361,1331,1320
2024/6/10,15:00-15:59,5777,2944,2796,1465,1492
2024/6/10,16:00-16:59,5849,3262,2983,1431,1581
2024/6/10,17:00-17:59,5745,3571,3224,1553,1775
2024/6/10,18:00-18:59,5188,3283,2688,1409,1800
2024/6/10,19:00-19:59,4017,2575,2272,1077,1315
2024/6/10,20:00-20:59,3174,2039,1573,870,927
2024/6/10,21:00-21:59,2560,1663,1295,686,801
2024/6/10,22:00-22:59,1442,939,691,433,476
2024/6/10,23:00-23:59,680,439,317,212,236
2024/6/11,0:00-0:59,404,285,149,119,144
2024/6/11,1:00-1:59,242,169,94,75,102
2024/6/11,2:00-2:59,148,112,86,73,54
2024/6/11,3:00-3:59,152,108,68,78,60
2024/6/11,4:00-4:59,283,241,167,147,139
2024/6/11,5:00-5:59,1005,835,658,381,566
2024/6/11,6:00-6:59,4124,2803,2421,1201,1631
2024/6/11,7:00-7:59,7698,5078,4906,2230,3584
2024/6/11,8:00-8:59,7058,4715,4097,2058,2760
2024/6/11,9:00-9:59,6206,3151,2573,1384,1579
2024/6/11,10:00-10:59,4095,2190,2007,1079,1302
2024/6/11,11:00-11:59,3582,1962,1659,953,1146
2024/6/11,12:00-12:59,3284,1719,1408,857,1023
2024/6/11,13:00-13:59,3570,1925,1688,931,1178
2024/6/11,14:00-14:59,3803,1912,1913,1008,1259
2024/6/11,15:00-15:59,4002,2282,1971,1148,1338
2024/6/11,16:00-16:59,4640,2762,2289,1293,1641
2024/6/11,17:00-17:59,6212,4156,3475,1821,2366
2024/6/11,18:00-18:59,5596,4064,2979,1796,2297
2024/6/11,19:00-19:59,2997,2217,1631,934,1267
2024/6/11,20:00-20:59,2059,1563,1022,621,760
2024/6/11,21:00-21:59,1581,1166,762,489,549
2024/6/11,22:00-22:59,1015,688,428,255,363
2024/6/11,23:00-23:59,630,445,270,202,190
2024/6/12,0:00-0:59,348,258,133,123,140
2024/6/12,1:00-1:59,174,144,81,66,76
2024/6/12,2:00-2:59,157,102,60,60,74
2024/6/12,3:00-3:59,146,114,67,67,55
2024/6/12,4:00-4:59,208,214,140,123,139
2024/6/12,5:00-5:59,795,640,512,326,483
2024/6/12,6:00-6:59,3298,2271,1847,1005,1258
2024/6/12,7:00-7:59,6947,4867,4395,2043,3205
2024/6/12,8:00-8:59,7485,4699,3993,1940,2566
2024/6/12,9:00-9:59,5504,2869,2457,1373,1634
2024/6/12,10:00-10:59,4208,2190,1899,1129,1282
2024/6/12,11:00-11:59,3731,1954,1581,1025,1131
2024/6/12,12:00-12:59,3419,1774,1464,866,1058
2024/6/12,13:00-13:59,3837,1907,1785,1020,1220
2024/6/12,14:00-14:59,4011,2035,1884,1028,1195
2024/6/12,15:00-15:59,4264,2312,1988,1152,1241
2024/6/12,16:00-16:59,4816,2902,2388,1332,1640
2024/6/12,17:00-17:59,6511,4191,3570,1858,2515
2024/6/12,18:00-18:59,5789,4036,3012,1701,2308
2024/6/12,19:00-19:59,3157,2334,1742,1007,1227
2024/6/12,20:00-20:59,1999,1471,1037,583,793
2024/6/12,21:00-21:59,1643,1084,736,436,593
2024/6/12,22:00-22:59,1081,782,491,290,381
2024/6/12,23:00-23:59,609,409,241,185,220
2024/6/13,0:00-0:59,402,244,134,115,133
2024/6/13,1:00-1:59,203,186,95,84,113
2024/6/13,2:00-2:59,150,115,70,77,59
2024/6/13,3:00-3:59,144,112,72,74,46
2024/6/13,4:00-4:59,235,211,150,115,161
2024/6/13,5:00-5:59,739,644,493,298,512
2024/6/13,6:00-6:59,3143,2145,1822,962,1144
2024/6/13,7:00-7:59,6918,4839,4479,2091,3122
2024/6/13,8:00-8:59,7334,4593,3931,1796,2833
2024/6/13,9:00-9:59,5319,2832,2588,1394,1647
2024/6/13,10:00-10:59,4115,2159,2014,1107,1308
2024/6/13,11:00-11:59,3470,1834,1659,881,1110
2024/6/13,12:00-12:59,3320,1696,1361,907,1037
2024/6/13,13:00-13:59,3839,1963,1673,1002,1115
2024/6/13,14:00-14:59,3974,1995,1729,1074,1176
2024/6/13,15:00-15:59,4019,2272,1895,1131,1255
2024/6/13,16:00-16:59,4812,2851,2364,1369,1625
2024/6/13,17:00-17:59,6421,4211,3430,1848,2374
2024/6/13,18:00-18:59,5431,3853,2992,1688,2246
2024/6/13,19:00-19:59,3070,2306,1658,993,1188
2024/6/13,20:00-20:59,2152,1628,1066,639,834
2024/6/13,21:00-21:59,1801,1261,766,527,591
2024/6/13,22:00-22:59,1156,815,512,303,420
2024/6/13,23:00-23:59,701,465,264,196,218
2024/6/14,0:00-0:59,363,276,170,146,132
2024/6/14,1:00-1:59,252,166,90,69,90
2024/6/14,2:00-2:59,162,116,57,87,74
2024/6/14,3:00-3:59,156,89,64,71,48
2024/6/14,4:00-4:59,200,208,133,126,107
2024/6/14,5:00-5:59,778,666,495,302,435
2024/6/14,6:00-6:59,2938,2060,1811,944,1155
2024/6/14,7:00-7:59,6901,4826,4458,1982,3101
2024/6/14,8:00-8:59,7339,4586,3844,1953,2654
2024/6/14,9:00-9:59,5356,3028,2571,1381,1585
2024/6/14,10:00-10:59,4266,2124,1973,1080,1211
2024/6/14,11:00-11:59,3884,1935,1713,1014,1128
2024/6/14,12:00-12:59,3604,1854,1539,947,1032
2024/6/14,13:00-13:59,4113,2106,1804,1085,1324
2024/6/14,14:00-14:59,4198,2149,1933,1093,1236
2024/6/14,15:00-15:59,4763,2657,2205,1223,1385
2024/6/14,16:00-16:59,5537,3260,2803,1411,1751
2024/6/14,17:00-17:59,7045,4406,3851,2135,2581
2024/6/14,18:00-18:59,6404,4183,3338,1746,2345
2024/6/14,19:00-19:59,3700,2578,2025,1144,1376
2024/6/14,20:00-20:59,2410,1777,1168,672,785
2024/6/14,21:00-21:59,1920,1296,828,530,626
2024/6/14,22:00-22:59,1295,922,478,324,404
2024/6/14,23:00-23:59,777,520,254,240,242
2024/6/15,0:00-0:59,483,370,149,169,144
2024/6/15,1:00-1:59,320,224,91,81,120
2024/6/15,2:00-2:59,255,186,83,90,84
2024/6/15,3:00-3:59,186,148,87,100,72
2024/6/15,4:00-4:59,300,245,134,163,116
2024/6/15,5:00-5:59,764,594,414,314,415
2024/6/15,6:00-6:59,2062,1501,1322,661,844
2024/6/15,7:00-7:59,4018,2837,2522,1204,1749
2024/6/15,8:00-8:59,5328,3466,2940,1388,2014
2024/6/15,9:00-9:59,5434,3174,2787,1400,1725
2024/6/15,10:00-10:59,5125,2831,2337,1307,1644
2024/6/15,11:00-11:59,4440,2548,2006,1155,1281
2024/6/15,12:00-12:59,3835,2189,1750,931,1282
2024/6/15,13:00-13:59,4047,2369,1865,1087,1255
2024/6/15,14:00-14:59,4583,2669,2059,1193,1433
2024/6/15,15:00-15:59,4565,2598,2173,1188,1480
2024/6/15,16:00-16:59,5144,3247,2582,1361,1742
2024/6/15,17:00-17:59,5713,3764,3062,1498,2038
2024/6/15,18:00-18:59,5276,3476,2743,1461,2006
2024/6/15,19:00-19:59,2954,2066,1610,906,1162
2024/6/15,20:00-20:59,2409,1521,1086,675,809
2024/6/15,21:00-21:59,2192,1458,929,595,709
2024/6/15,22:00-22:59,1715,1037,584,450,505
2024/6/15,23:00-23:59,1054,697,351,300,295
2024/6/16,0:00-0:59,618,451,215,159,226
2024/6/16,1:00-1:59,360,229,125,106,122
2024/6/16,2:00-2:59,214,147,104,91,63
2024/6/16,3:00-3:59,188,134,68,103,63
2024/6/16,4:00-4:59,309,228,157,173,123
2024/6/16,5:00-5:59,859,679,500,347,457
2024/6/16,6:00-6:59,1973,1347,1294,648,793
2024/6/16,7:00-7:59,3474,2227,2018,915,1304
2024/6/16,8:00-8:59,4346,2655,2331,1061,1498
2024/6/16,9:00-9:59,4937,2854,2404,1271,1562
2024/6/16,10:00-10:59,4960,2811,2324,1221,1521
2024/6/16,11:00-11:59,4059,2360,1821,1114,1247
2024/6/16,12:00-12:59,3643,2054,1628,921,1053
2024/6/16,13:00-13:59,4048,2263,1726,1089,1183
2024/6/16,14:00-14:59,4582,2582,2006,1262,1306
2024/6/16,15:00-15:59,5009,2783,2245,1258,1461
2024/6/16,16:00-16:59,5400,3185,2668,1363,1628
2024/6/16,17:00-17:59,5717,3706,2988,1521,1811
2024/6/16,18:00-18:59,4352,2817,2426,1158,1649
2024/6/16,19:00-19:59,2931,1958,1554,812,1026
2024/6/16,20:00-20:59,2627,1715,1291,798,911
2024/6/16,21:00-21:59,2022,1451,951,572,678
2024/6/16,22:00-22:59,1405,934,580,357,422
2024/6/16,23:00-23:59,910,595,336,246,266
2024/6/17,0:00-0:59,490,331,162,136,172
2024/6/17,1:00-1:59,258,169,101,88,79
2024/6/17,2:00-2:59,154,134,73,60,63
2024/6/17,3:00-3:59,158,124,85,73,65
2024/6/17,4:00-4:59,279,256,161,144,140
2024/6/17,5:00-5:59,990,802,606,371,539
2024/6/17,6:00-6:59,4024,2743,2403,1158,1665
2024/6/17,7:00-7:59,7873,5148,5049,2223,3347
2024/6/17,8:00-8:59,7514,4712,4294,2077,3102
2024/6/17,9:00-9:59,5900,3115,2710,1448,1698
2024/6/17,10:00-10:59,4026,2198,1962,1046,1318
2024/6/17,11:00-11:59,3575,1985,1690,1003,1177
2024/6/17,12:00-12:59,3244,1683,1448,842,1034
2024/6/17,13:00-13:59,3685,1978,1627,997,1104
2024/6/17,14:00-14:59,3838,2027,1757,985,1127
2024/6/17,15:00-15:59,4089,2300,1905,1189,1278
2024/6/17,16:00-16:59,4798,2815,2268,1335,1627
2024/6/17,17:00-17:59,6138,4088,3490,1857,2339
2024/6/17,18:00-18:59,5563,4087,3000,1664,2258
2024/6/17,19:00-19:59,3146,2315,1733,969,1280
2024/6/17,20:00-20:59,2161,1574,970,651,771
2024/6/17,21:00-21:59,1755,1235,812,513,668
2024/6/17,22:00-22:59,1158,813,500,336,382
2024/6/17,23:00-23:59,614,432,297,186,217
2024/6/18,0:00-0:59,397,285,160,136,163
2024/6/18,1:00-1:59,223,168,82,78,101
2024/6/18,2:00-2:59,172,117,61,77,68
2024/6/18,3:00-3:59,145,146,74,78,68
2024/6/18,4:00-4:59,286,209,145,138,142
2024/6/18,5:00-5:59,867,708,512,333,513
2024/6/18,6:00-6:59,3174,2245,1847,964,1243
2024/6/18,7:00-7:59,7434,5120,4380,2128,3121
2024/6/18,8:00-8:59,7441,4594,4322,2051,2979
2024/6/18,9:00-9:59,5797,3162,2722,1415,1698
2024/6/18,10:00-10:59,4097,2184,1943,1028,1333
2024/6/18,11:00-11:59,3483,1940,1700,990,1083
2024/6/18,12:00-12:59,3477,1713,1533,908,1097
2024/6/18,13:00-13:59,3748,2020,1649,989,1136
2024/6/18,14:00-14:59,3848,2018,1764,1031,1155
2024/6/18,15:00-15:59,4200,2356,1882,1147,1246
2024/6/18,16:00-16:59,4742,2761,2344,1275,1642
2024/6/18,17:00-17:59,6389,4091,3514,1782,2390
2024/6/18,18:00-18:59,5572,3981,3170,1717,2258
2024/6/18,19:00-19:59,3158,2229,1644,1009,1238
2024/6/18,20:00-20:59,2135,1494,1038,562,808
2024/6/18,21:00-21:59,1746,1172,859,492,598
2024/6/18,22:00-22:59,1235,821,517,341,431
2024/6/18,23:00-23:59,677,502,300,216,235
2024/6/19,0:00-0:59,402,267,148,134,139
2024/6/19,1:00-1:59,247,186,95,73,100
2024/6/19,2:00-2:59,177,126,63,67,61
2024/6/19,3:00-3:59,151,105,66,89,56
2024/6/19,4:00-4:59,253,207,142,143,119
2024/6/19,5:00-5:59,845,702,502,330,461
2024/6/19,6:00-6:59,3121,2235,1912,950,1226
2024/6/19,7:00-7:59,7279,4988,4530,2086,3054
2024/6/19,8:00-8:59,7281,4555,3748,1943,2651
2024/6/19,9:00-9:59,5338,2868,2344,1381,1573
2024/6/19,10:00-10:59,3967,2147,1843,1043,1214
2024/6/19,11:00-11:59,3573,1889,1552,937,1073
2024/6/19,12:00-12:59,3307,1699,1406,865,1046
2024/6/19,13:00-13:59,3770,2026,1607,1035,1107
2024/6/19,14:00-14:59,3950,2039,1718,1107,1177
2024/6/19,15:00-15:59,4289,2300,1885,1208,1248
2024/6/19,16:00-16:59,4900,2715,2258,1325,1580
2024/6/19,17:00-17:59,6347,4199,3411,1809,2452
2024/6/19,18:00-18:59,5571,3929,3052,1654,2256
2024/6/19,19:00-19:59,3161,2284,1559,1001,1226
2024/6/19,20:00-20:59,2124,1553,1023,592,795
2024/6/19,21:00-21:59,1876,1300,811,555,630
2024/6/19,22:00-22:59,1244,832,469,337,404
2024/6/19,23:00-23:59,575,521,272,202,229
2024/6/20,0:00-0:59,385,279,159,128,132
2024/6/20,1:00-1:59,224,177,90,80,94
2024/6/20,2:00-2:59,182,119,61,89,64
2024/6/20,3:00-3:59,156,121,53,78,53
2024/6/20,4:00-4:59,244,222,149,162,122
2024/6/20,5:00-5:59,809,700,504,347,474
2024/6/20,6:00-6:59,3029,2277,1943,912,1251
2024/6/20,7:00-7:59,7314,5098,4497,2098,3146
2024/6/20,8:00-8:59,7315,4533,3885,1972,2790
2024/6/20,9:00-9:59,5222,2883,2504,1351,1632
2024/6/20,10:00-10:59,4059,2124,1812,1083,1282
2024/6/20,11:00-11:59,3598,1933,1622,984,1106
2024/6/20,12:00-12:59,3294,1708,1370,880,1071
2024/6/20,13:00-13:59,3915,2016,1729,1062,1176
2024/6/20,14:00-14:59,3926,2023,1813,1035,1204
2024/6/20,15:00-15:59,4231,2333,1902,1222,1347
2024/6/20,16:00-16:59,4855,2746,2367,1345,1593
2024/6/20,17:00-17:59,6458,4257,3383,1834,2507
2024/6/20,18:00-18:59,5669,3909,3261,1689,2230
2024/6/20,19:00-19:59,3088,2286,1619,951,1242
2024/6/20,20:00-20:59,2156,1552,994,612,788
2024/6/20,21:00-21:59,1768,1212,809,518,609
2024/6/20,22:00-22:59,1213,791,464,328,388
2024/6/20,23:00-23:59,627,444,265,198,239
2024/6/21,0:00-0:59,393,250,153,129,149
2024/6/21,1:00-1:59,247,198,99,68,83
2024/6/21,2:00-2:59,166,146,63,91,60
2024/6/21,3:00-3:59,162,100,65,73,59
2024/6/21,4:00-4:59,252,224,135,151,129
2024/6/21,5:00-5:59,869,660,494,370,497
2024/6/21,6:00-6:59,3078,2284,1918,957,1229
2024/6/21,7:00-7:59,7324,4947,4513,2096,3117
2024/6/21,8:00-8:59,7263,4636,3798,1966,2746
2024/6/21,9:00-9:59,5556,3051,2452,1541,1683
2024/6/21,10:00-10:59,4411,2301,1889,1183,1332
2024/6/21,11:00-11:59,3760,2107,1722,1031,1208
2024/6/21,12:00-12:59,3592,1884,1465,950,1110
2024/6/21,13:00-13:59,4149,2200,1785,1059,1205
2024/6/21,14:00-14:59,4377,2414,1964,1209,1346
2024/6/21,15:00-15:59,4869,2855,2286,1389,1518
2024/6/21,16:00-16:59,5757,3531,2827,1532,1820
2024/6/21,17:00-17:59,6829,4100,3861,1974,2553
2024/6/21,18:00-18:59,6145,3941,3331,1566,2253
2024/6/21,19:00-19:59,3917,2841,2224,1304,1489
2024/6/21,20:00-20:59,2760,2030,1371,803,946
2024/6/21,21:00-21:59,2072,1567,908,592,658
2024/6/21,22:00-22:59,1438,977,581,405,483
2024/6/21,23:00-23:59,798,605,329,238,243
2024/6/22,0:00-0:59,504,357,152,150,178
2024/6/22,1:00-1:59,298,196,104,91,107
2024/6/22,2:00-2:59,223,187,83,90,69
2024/6/22,3:00-3:59,167,135,80,91,54
2024/6/22,4:00-4:59,282,249,169,146,125
2024/6/22,5:00-5:59,795,648,506,322,450
2024/6/22,6:00-6:59,2108,1672,1328,748,876
2024/6/22,7:00-7:59,4135,2870,2461,1226,1719
2024/6/22,8:00-8:59,5426,3363,2919,1484,1910
2024/6/22,9:00-9:59,5809,3339,2683,1491,1757
2024/6/22,10:00-10:59,5066,2911,2412,1337,1485
2024/6/22,11:00-11:59,4523,2694,1957,1191,1331
2024/6/22,12:00-12:59,3924,2235,1584,1060,1187
2024/6/22,13:00-13:59,4110,2480,1753,1134,1327
2024/6/22,14:00-14:59,4653,2669,2009,1228,1363
2024/6/22,15:00-15:59,4852,2781,2253,1287,1377
2024/6/22,16:00-16:59,5144,3067,2423,1468,1652
2024/6/22,17:00-17:59,5492,3578,2890,1543,1935
2024/6/22,18:00-18:59,4767,3290,2671,1448,1908
2024/6/22,19:00-19:59,3129,2110,1539,953,1112
2024/6/22,20:00-20:59,2454,1655,1081,686,794
2024/6/22,21:00-21:59,2186,1377,922,603,685
2024/6/22,22:00-22:59,1590,1050,618,463,503
2024/6/22,23:00-23:59,868,644,369,267,286
2024/6/23,0:00-0:59,538,348,185,198,179
2024/6/23,1:00-1:59,300,226,137,98,109
2024/6/23,2:00-2:59,231,157,74,105,73
2024/6/23,3:00-3:59,208,143,89,105,65
2024/6/23,4:00-4:59,340,236,156,174,165
2024/6/23,5:00-5:59,843,666,502,356,486
2024/6/23,6:00-6:59,2016,1293,1189,621,769
2024/6/23,7:00-7:59,3637,2146,2041,979,1292
2024/6/23,8:00-8:59,4627,2741,2363,1237,1546
2024/6/23,9:00-9:59,5122,2803,2364,1324,1526
2024/6/23,10:00-10:59,4946,2847,2205,1265,1530
2024/6/23,11:00-11:59,4254,2281,1870,1064,1198
2024/6/23,12:00-12:59,3933,2035,1517,1038,1113
2024/6/23,13:00-13:59,4150,2155,1763,1150,1236
2024/6/23,14:00-14:59,5215,2641,2067,1402,1427
2024/6/23,15:00-15:59,5054,2810,2165,1415,1366
2024/6/23,16:00-16:59,5291,2980,2602,1427,1477
2024/6/23,17:00-17:59,5167,3189,2771,1363,1721
2024/6/23,18:00-18:59,4098,2780,2283,1210,1567
2024/6/23,19:00-19:59,2992,1903,1532,850,1104
2024/6/23,20:00-20:59,2517,1674,1172,679,829
2024/6/23,21:00-21:59,2086,1364,978,581,682
2024/6/23,22:00-22:59,1232,809,572,362,410
2024/6/23,23:00-23:59,638,458,294,243,243
2024/6/24,0:00-0:59,405,269,157,144,143
2024/6/24,1:00-1:59,273,182,110,77,92
2024/6/24,2:00-2:59,200,150,80,89,76
2024/6/24,3:00-3:59,162,113,85,93,50
2024/6/24,4:00-4:59,279,218,176,153,140
2024/6/24,5:00-5:59,941,735,577,355,532
2024/6/24,6:00-6:59,4029,2624,2316,1155,1561
2024/6/24,7:00-7:59,7929,5243,5037,2232,3492
2024/6/24,8:00-8:59,7465,4610,4079,2020,2844
2024/6/24,9:00-9:59,5617,2896,2510,1303,1611
2024/6/24,10:00-10:59,4196,2198,1984,1148,1331
2024/6/24,11:00-11:59,3713,1853,1662,981,1215
2024/6/24,12:00-12:59,3276,1657,1482,866,1011
2024/6/24,13:00-13:59,3721,2010,1693,1103,1166
2024/6/24,14:00-14:59,3902,2054,1735,1073,1181
2024/6/24,15:00-15:59,4120,2249,1905,1163,1264
2024/6/24,16:00-16:59,4569,2664,2272,1244,1614
2024/6/24,17:00-17:59,6134,4214,3448,1845,2301
2024/6/24,18:00-18:59,5538,3995,3145,1655,2270
2024/6/24,19:00-19:59,3166,2307,1859,1024,1348
2024/6/24,20:00-20:59,2138,1531,1088,639,739
2024/6/24,21:00-21:59,1747,1229,822,498,611
2024/6/24,22:00-22:59,1129,781,484,331,375
2024/6/24,23:00-23:59,638,476,273,221,243
2024/6/25,0:00-0:59,403,307,157,151,144
2024/6/25,1:00-1:59,261,176,98,71,89
2024/6/25,2:00-2:59,178,137,71,86,84
2024/6/25,3:00-3:59,166,109,62,80,53
2024/6/25,4:00-4:59,273,213,142,166,162
2024/6/25,5:00-5:59,822,647,536,313,494
2024/6/25,6:00-6:59,3243,2244,1932,1000,1282
2024/6/25,7:00-7:59,7501,4922,4553,2129,3222
2024/6/25,8:00-8:59,7459,4564,3866,1928,2659
2024/6/25,9:00-9:59,5366,2930,2418,1449,1630
2024/6/25,10:00-10:59,4211,2224,1977,1088,1240
2024/6/25,11:00-11:59,3651,1972,1514,997,1039
2024/6/25,12:00-12:59,3323,1678,1440,902,980
2024/6/25,13:00-13:59,3858,1959,1651,995,1140
2024/6/25,14:00-14:59,4059,2116,1829,1046,1202
2024/6/25,15:00-15:59,4228,2254,1947,1092,1325
2024/6/25,16:00-16:59,4719,2682,2377,1264,1601
2024/6/25,17:00-17:59,6433,4184,3538,1820,2483
2024/6/25,18:00-18:59,5634,3921,3103,1625,2303
2024/6/25,19:00-19:59,3153,2201,1610,986,1330
2024/6/25,20:00-20:59,2136,1571,1074,595,806
2024/6/25,21:00-21:59,1767,1195,813,550,568
2024/6/25,22:00-22:59,1245,819,503,334,406
2024/6/25,23:00-23:59,717,446,274,205,241
2024/6/26,0:00-0:59,412,259,158,134,157
2024/6/26,1:00-1:59,268,193,106,77,107
2024/6/26,2:00-2:59,175,119,73,84,65
2024/6/26,3:00-3:59,184,119,65,97,53
2024/6/26,4:00-4:59,261,200,132,148,124
2024/6/26,5:00-5:59,840,707,475,310,514
2024/6/26,6:00-6:59,3208,2237,1841,970,1233
2024/6/26,7:00-7:59,7448,4969,4603,2114,3241
2024/6/26,8:00-8:59,7274,4498,3918,2019,2713
2024/6/26,9:00-9:59,5372,2922,2473,1452,1627
2024/6/26,10:00-10:59,4203,2214,1897,1140,1248
2024/6/26,11:00-11:59,3698,1984,1587,985,1154
2024/6/26,12:00-12:59,3465,1787,1320,883,1039
2024/6/26,13:00-13:59,3925,2017,1665,1021,1114
2024/6/26,14:00-14:59,4021,2013,1704,1072,1225
2024/6/26,15:00-15:59,4202,2246,1875,1073,1284
2024/6/26,16:00-16:59,4917,2714,2286,1319,1608
2024/6/26,17:00-17:59,6496,4182,3541,1957,2515
2024/6/26,18:00-18:59,6052,4052,3264,1988,2542
2024/6/26,19:00-19:59,3262,2272,1833,1078,1415
2024/6/26,20:00-20:59,2201,1556,1088,645,858
2024/6/26,21:00-21:59,1998,1291,836,684,726
2024/6/26,22:00-22:59,1550,958,601,508,574
2024/6/26,23:00-23:59,770,509,293,231,231
2024/6/27,0:00-0:59,442,317,176,158,158
2024/6/27,1:00-1:59,257,180,109,75,91
2024/6/27,2:00-2:59,179,148,68,80,77
2024/6/27,3:00-3:59,165,112,80,83,66
2024/6/27,4:00-4:59,296,205,154,150,162
2024/6/27,5:00-5:59,801,682,500,322,485
2024/6/27,6:00-6:59,3225,2205,1883,959,1224
2024/6/27,7:00-7:59,7348,5013,4438,2159,2961
2024/6/27,8:00-8:59,7533,4582,3895,1993,2707
2024/6/27,9:00-9:59,5485,2898,2455,1478,1543
2024/6/27,10:00-10:59,4251,2193,1974,1125,1283
2024/6/27,11:00-11:59,3735,1930,1607,1042,1152
2024/6/27,12:00-12:59,3335,1725,1467,914,1021
2024/6/27,13:00-13:59,3937,1994,1559,1049,1079
2024/6/27,14:00-14:59,4008,2084,1761,1059,1154
2024/6/27,15:00-15:59,4290,2240,1896,1120,1264
2024/6/27,16:00-16:59,4980,2849,2293,1362,1594
2024/6/27,17:00-17:59,6578,4097,3437,1821,2434
2024/6/27,18:00-18:59,5863,3996,3065,1680,2214
2024/6/27,19:00-19:59,3587,2340,1818,1056,1351
2024/6/27,20:00-20:59,2487,1754,1143,718,808
2024/6/27,21:00-21:59,1916,1335,877,564,636
2024/6/27,22:00-22:59,1353,914,530,379,443
2024/6/27,23:00-23:59,816,549,290,234,283
2024/6/28,0:00-0:59,432,328,171,134,158
2024/6/28,1:00-1:59,282,206,87,81,108
2024/6/28,2:00-2:59,221,150,76,83,77
2024/6/28,3:00-3:59,183,127,82,76,70
2024/6/28,4:00-4:59,274,204,156,139,156
2024/6/28,5:00-5:59,826,683,526,310,515
2024/6/28,6:00-6:59,3116,2170,1932,960,1158
2024/6/28,7:00-7:59,7044,4575,4182,2033,3050
2024/6/28,8:00-8:59,6610,4014,3665,1854,2522
2024/6/28,9:00-9:59,5802,3313,2536,1405,1607
2024/6/28,10:00-10:59,4542,2429,2012,1189,1370
2024/6/28,11:00-11:59,4029,2148,1749,1059,1271
2024/6/28,12:00-12:59,3759,1997,1709,965,1133
2024/6/28,13:00-13:59,4318,2227,1796,1192,1215
2024/6/28,14:00-14:59,4623,2391,1901,1212,1276
2024/6/28,15:00-15:59,4970,2657,2231,1285,1395
2024/6/28,16:00-16:59,5733,3347,2894,1448,1847
2024/6/28,17:00-17:59,7084,4408,3758,1955,2506
2024/6/28,18:00-18:59,6462,4230,3580,1793,2410
2024/6/28,19:00-19:59,4115,2859,2257,1337,1533
2024/6/28,20:00-20:59,2935,1914,1317,839,959
2024/6/28,21:00-21:59,2512,1601,1064,656,777
2024/6/28,22:00-22:59,1840,1103,667,465,529
2024/6/28,23:00-23:59,993,686,369,289,320
2024/6/29,0:00-0:59,561,379,211,161,193
2024/6/29,1:00-1:59,382,266,131,94,144
2024/6/29,2:00-2:59,269,176,102,87,84
2024/6/29,3:00-3:59,212,136,83,83,55
2024/6/29,4:00-4:59,304,256,128,165,138
2024/6/29,5:00-5:59,759,590,471,304,420
2024/6/29,6:00-6:59,2073,1512,1307,674,809
2024/6/29,7:00-7:59,4020,2701,2397,1188,1697
2024/6/29,8:00-8:59,5059,3089,2881,1403,1908
2024/6/29,9:00-9:59,5422,2970,2553,1366,1687
2024/6/29,10:00-10:59,4891,2602,2294,1258,1451
2024/6/29,11:00-11:59,4194,2348,1978,1090,1318
2024/6/29,12:00-12:59,3973,2128,1648,1030,1206
2024/6/29,13:00-13:59,3879,2209,1775,1117,1193
2024/6/29,14:00-14:59,4262,2286,1897,1134,1236
2024/6/29,15:00-15:59,4379,2337,2079,1274,1332
2024/6/29,16:00-16:59,4809,2722,2291,1320,1548
2024/6/29,17:00-17:59,5303,3303,2814,1431,1876
2024/6/29,18:00-18:59,4489,2943,2363,1295,1633
2024/6/29,19:00-19:59,2552,1691,1262,759,876
2024/6/29,20:00-20:59,1860,1224,950,505,623
2024/6/29,21:00-21:59,1864,1130,723,494,600
2024/6/29,22:00-22:59,2047,843,474,534,471
2024/6/29,23:00-23:59,849,570,298,271,266
2024/6/30,0:00-0:59,449,287,189,164,151
2024/6/30,1:00-1:59,271,183,98,91,97
2024/6/30,2:00-2:59,190,143,89,91,72
2024/6/30,3:00-3:59,180,137,75,90,57
2024/6/30,4:00-4:59,313,212,120,158,105
2024/6/30,5:00-5:59,785,622,487,334,418
2024/6/30,6:00-6:59,1964,1316,1264,591,754
2024/6/30,7:00-7:59,3228,2083,1867,886,1278
2024/6/30,8:00-8:59,4469,2665,2452,1077,1562
2024/6/30,9:00-9:59,5075,2866,2545,1314,1508
2024/6/30,10:00-10:59,5478,2950,2625,1296,1597
2024/6/30,11:00-11:59,4299,2411,1895,1101,1277
2024/6/30,12:00-12:59,3760,1968,1577,978,1053
2024/6/30,13:00-13:59,4015,2156,1911,405,1353
2024/6/30,14:00-14:59,4839,2443,1973,1205,1251
2024/6/30,15:00-15:59,5137,2642,2153,1352,1308
2024/6/30,16:00-16:59,5249,2762,2602,1357,1546
2024/6/30,17:00-17:59,5476,3209,2939,1425,1809
2024/6/30,18:00-18:59,4554,2775,2414,1318,1602
2024/6/30,19:00-19:59,3252,1964,1643,933,1110
2024/6/30,20:00-20:59,2708,1705,1306,746,848
2024/6/30,21:00-21:59,2388,1449,1114,652,764
2024/6/30,22:00-22:59,1414,939,664,413,473
2024/6/30,23:00-23:59,760,497,303,209,264
