date,health,temperature,humidity,light_intensity,soil_temperature,soil_humidity,co2,rain
2021/1/1 1:00,1,0,5,0,6,99,2264,1
2021/1/1 2:00,1,0,5,0,5,98,2332,1
2021/1/1 3:00,1,0,5,0,5,98,2402,1
2021/1/1 4:00,1,0,5,0,5,98,2453,1
2021/1/1 5:00,1,0,5,0,5,98,2506,1
2021/1/1 6:00,1,0,4,0,5,98,2545,1
2021/1/1 7:00,1,0,4.2,0,5,98,2585,1
2021/1/1 8:00,1,0,4,0,5,98,2343,1
2021/1/1 9:00,0,8,5,0,6,99,2325,1
2021/1/1 10:00,1,896,7,0,9,100,2341,1
2021/1/1 11:00,1,2449,10,0,14,100,1935,1
2021/1/1 12:00,1,2587,12,0,16,100,1594,1
2021/1/1 13:00,1,17076,17,0,19,96,1417,1
2021/1/1 14:00,1,31756,29,0,25,81,1390,1
2021/1/1 15:00,1,18752,26,0,23,84,1522,1
2021/1/1 16:00,1,4800,17,0,16,90,1683,1
2021/1/1 17:00,1,0,13,0,13,95,2034,1
2021/1/1 18:00,1,0,11,0,12,97,2255,1
2021/1/1 19:00,1,0,11,0,11,97,2410,1
2021/1/1 20:00,1,0,10,0,10,97,2533,1
2021/1/1 21:00,1,0,9,0,10,97,2656,1
2021/1/1 22:00,1,0,9,0,9,97,2754,1
2021/1/1 23:00,1,0,9,0,9,97,2850,1
2021/1/2 0:00,1,0,8,0,8,97,2921,1
2021/1/2 1:00,1,0,8,0,8,97,2985,1
2021/1/2 2:00,0,0,8,0,8,97,3034,1
2021/1/2 3:00,1,0,7,0,8,97,3089,1
2021/1/2 4:00,1,0,7,0,7,97,3128,1
2021/1/2 5:00,1,0,7,0,7,97,3178,1
2021/1/2 6:00,1,0,7,0,7,97,3192,1
2021/1/2 7:00,1,0,7,0,7,98,3219,1
2021/1/2 8:00,1,0,7,0,7,98,3265,1
2021/1/2 9:00,1,13859,10,0,11,94,3239,1
2021/1/2 10:00,1,20707,18,0,18,87,2924,1
2021/1/2 11:00,1,25724,22,0,22,85,2915,1
2021/1/2 12:00,1,20358,22,0,22,87,2851,1
2021/1/2 13:00,1,24351,24,0,24,85,2943,1
2021/1/2 14:00,1,22129,26,0,24,85,2928,1
2021/1/2 15:00,1,15583,25,0,22,87,2863,1
2021/1/2 16:00,1,0,18,0,18,94,2986,1
2021/1/2 17:00,1,0,15,0,16,96,3184,1
2021/1/2 18:00,1,0,14,0,14,97,3388,1
2021/1/2 19:00,1,0,13,0,14,97,3554,1
2021/1/2 20:00,1,0,13,0,13,97,3703,1
2021/1/2 21:00,1,0,12,0,13,97,3821,1
2021/1/2 22:00,1,0,12,0,12,98,3942,1
2021/1/2 23:00,1,0,12,0,12,98,4030,1
2021/1/3 0:00,1,0,11,0,12,98,4116,1
2021/1/3 1:00,1,0,11,0,11,98,4194,1
2021/1/3 2:00,1,0,11,0,11,98,4270,1
2021/1/3 3:00,1,0,11,0,11,98,4348,1
2021/1/3 4:00,1,0,10,0,11,98,4393,1
2021/1/3 5:00,1,0,10,0,11,98,4474,1
2021/1/3 6:00,1,0,10,0,10,98,4512,1
2021/1/3 7:00,1,0,10,0,10,98,4521,1
2021/1/3 8:00,1,791,10,0,10,98,4547,1
2021/1/3 9:00,1,6314,11,0,11,95,4333,1
2021/1/3 10:00,1,8444,12,0,12,94,3833,1
2021/1/3 11:00,1,26254,22,0,22,85,3579,1
2021/1/3 12:00,1,19017,23,0,23,88,3273,1
2021/1/3 13:00,1,14586,23,0,22,89,3179,1
2021/1/3 14:00,1,16561,22,0,21,89,3102,1
2021/1/3 15:00,1,11938,23,0,22,89,3078,1
2021/1/3 16:00,1,0,0,0,0,0,0,1
2021/1/3 17:00,1,0,0,0,0,0,0,1
2021/1/3 18:00,1,0,0,0,0,0,0,1
2021/1/3 19:00,1,0,13,0,14,97,3872,1
2021/1/3 20:00,1,0,13,0,13,97,3943,1
2021/1/3 21:00,1,0,12,0,13,97,4033,1
2021/1/3 22:00,1,0,12,0,12,97,4124,1
2021/1/3 23:00,1,0,12,0,12,97,4182,1
2021/1/4 0:00,1,0,11,0,12,97,4237,1
2021/1/4 1:00,1,0,11,0,11,97,4273,1
2021/1/4 2:00,1,0,11,0,11,97,4310,1
2021/1/4 3:00,1,0,10,0,11,97,4351,1
2021/1/4 4:00,1,0,10,0,11,98,4413,1
2021/1/4 5:00,1,0,10,0,11,98,4457,1
2021/1/4 6:00,1,0,10,0,11,98,4506,1
2021/1/4 7:00,1,0,10,0,11,98,4552,1
2021/1/4 8:00,1,0,10,0,11,98,4542,1
2021/1/4 9:00,1,13803,14,0,92,15,4493,1
2021/1/4 10:00,1,26833,23,0,84,23,4144,1
2021/1/4 11:00,1,19483,23,0,54,55,3570,1
2021/1/4 12:00,1,19486,26,0,60,50,3553,1
2021/1/4 13:00,1,22707,31,0,82,29,3462,1
2021/1/4 14:00,1,7957,24,0,89,107003374,3141,1
2021/1/4 15:00,1,4587,0,0,128,595755645,3091,1
2021/1/4 16:00,1,766,0,0,128,611994554,3202,1
2021/1/4 17:00,1,0,0,0,128,627599457,3556,1
2021/1/4 18:00,1,0,0,0,128,630560142,3859,1
2021/1/4 19:00,1,0,0,0,128,632994483,3796,1
2021/1/4 20:00,1,0,15,0,125,577184074,2710,1
2021/1/4 21:00,1,0,15,0,76,141308789,2839,1
2021/1/4 22:00,1,0,14,0,14,97,2962,1
2021/1/4 23:00,1,0,14,0,14,97,3038,1
2021/1/5 0:00,1,0,13,0,14,97,3037,1
2021/1/5 1:00,1,0,13,0,14,97,3080,1
2021/1/5 2:00,1,0,13,0,13,98,3155,1
2021/1/5 3:00,1,0,13,0,13,98,3203,1
2021/1/5 4:00,1,0,13,0,13,98,3160,1
2021/1/5 5:00,1,0,12,0,13,98,3126,1
2021/1/5 6:00,1,0,12,0,13,98,3145,1
2021/1/5 7:00,1,0,12,0,13,98,3119,1
2021/1/5 8:00,1,0,12,0,12,98,3065,1
2021/1/5 9:00,1,0,12,0,12,98,2997,1
2021/1/5 10:00,1,0,12,0,12,98,3004,1
2021/1/5 11:00,1,0,12,0,12,98,3024,1
2021/1/5 12:00,1,0,12,0,12,98,3050,1
2021/1/5 13:00,1,8779,14,0,14,96,2993,1
2021/1/5 14:00,1,9875,17,0,17,92,2482,1
2021/1/5 15:00,1,5271,15,0,14,94,2188,1
2021/1/5 16:00,1,0,13,0,14,97,2309,1
2021/1/5 17:00,1,0,13,0,13,97,2393,1
2021/1/5 18:00,1,0,12,0,12,97,2479,1
2021/1/5 19:00,1,0,11,0,12,97,2543,1
2021/1/5 20:00,1,0,11,0,11,97,2614,1
2021/1/5 21:00,1,0,11,0,11,97,2664,1
2021/1/5 22:00,1,0,10,0,10,97,2700,1
2021/1/5 23:00,1,0,10,0,10,97,2691,1
2021/1/6 0:00,1,0,10,0,10,97,2740,1
2021/1/6 1:00,1,0,10,0,10,97,2754,1
2021/1/6 2:00,1,0,9,0,10,97,2761,1
2021/1/6 3:00,1,0,9,0,10,97,2764,1
2021/1/6 4:00,1,0,9,0,9,97,2771,1
2021/1/6 5:00,1,0,9,0,9,97,2778,1
2021/1/6 6:00,1,0,9,0,9,97,2761,1
2021/1/6 7:00,1,0,9,0,9,97,2767,1
2021/1/6 8:00,1,0,9,0,9,98,2788,1
2021/1/6 9:00,1,4409,11,44,10,96,2780,1
2021/1/6 10:00,1,14823,12,44,13,92,2483,1
2021/1/6 11:00,1,27134,16,46,23,82,2068,1
2021/1/6 12:00,1,30785,19,48,26,80,1825,1
2021/1/6 13:00,1,26929,21,49,29,78,1682,1
2021/1/6 14:00,1,0,0,0,0,0,0,1
2021/1/6 15:00,1,0,0,0,0,0,0,1
2021/1/6 16:00,1,0,0,0,0,0,0,1
2021/1/6 17:00,1,0,0,0,0,0,0,1
2021/1/6 18:00,1,0,16,46,14,96,1392,1
2021/1/6 19:00,1,0,16,46,13,97,1426,1
2021/1/6 20:00,1,0,15,46,13,97,680,1
2021/1/6 21:00,1,0,15,45,12,97,686,1
2021/1/6 22:00,1,0,14,45,12,97,687,1
2021/1/6 23:00,1,0,14,45,11,97,696,1
2021/1/7 0:00,1,0,14,45,11,97,686,1
2021/1/7 1:00,1,0,13,44,11,97,659,1
2021/1/7 2:00,1,0,13,44,10,97,634,1
2021/1/7 3:00,1,0,13,44,10,97,612,1
2021/1/7 4:00,1,0,13,44,10,97,590,1
2021/1/7 5:00,1,0,12,44,9,97,568,1
2021/1/7 6:00,1,0,12,44,9,97,550,1
2021/1/7 7:00,1,0,12,43,9,97,523,1
2021/1/7 8:00,1,0,12,43,9,97,502,1
2021/1/7 9:00,1,7152,12,43,10,97,469,1
2021/1/7 10:00,1,42851,15,45,22,78,398,1
2021/1/7 11:00,1,45259,19,47,29,70,395,1
2021/1/7 12:00,1,45401,23,49,31,67,395,1
2021/1/7 13:00,1,45542,25,51,32,67,395,1
2021/1/7 14:00,1,37950,26,51,30,68,395,1
2021/1/7 15:00,1,19032,25,50,24,77,405,1
2021/1/7 16:00,1,0,22,50,19,91,577,1
2021/1/7 17:00,1,0,20,50,17,93,744,1
2021/1/7 18:00,1,0,19,51,16,94,861,1
2021/1/7 19:00,1,0,18,51,15,94,950,1
2021/1/7 20:00,1,0,17,51,14,95,908,1
2021/1/7 21:00,1,0,16,51,13,95,942,1
2021/1/7 22:00,1,0,16,52,13,95,1002,1
2021/1/7 23:00,1,0,15,52,12,95,1058,1
2021/1/8 0:00,1,0,15,52,11,95,1121,1
2021/1/8 1:00,1,0,15,52,11,96,1163,1
2021/1/8 2:00,1,0,14,52,11,96,1191,1
2021/1/8 3:00,1,0,14,53,10,96,1216,1
2021/1/8 4:00,1,0,14,53,10,96,1242,1
2021/1/8 5:00,1,0,13,53,10,96,1258,1
2021/1/8 6:00,1,0,13,53,9,96,1271,1
2021/1/8 7:00,1,0,13,53,9,96,1290,1
2021/1/8 8:00,1,0,13,53,9,96,1266,1
2021/1/8 9:00,1,3873,13,54,11,96,1272,1
2021/1/8 10:00,1,41241,16,54,23,76,1073,1
2021/1/8 11:00,1,44285,20,53,31,67,834,1
2021/1/8 12:00,1,41030,24,52,35,64,701,1
2021/1/8 13:00,1,42398,26,52,35,64,589,1
2021/1/8 14:00,1,34676,27,51,32,67,530,1
2021/1/8 15:00,1,19423,25,50,27,75,516,1
2021/1/8 16:00,1,28,23,50,21,88,608,1
2021/1/8 17:00,1,0,21,50,19,92,761,1
2021/1/8 18:00,1,0,20,51,17,93,871,1
2021/1/8 19:00,1,0,19,51,16,93,961,1
2021/1/8 20:00,1,0,18,51,15,94,1046,1
2021/1/8 21:00,1,0,18,52,14,94,1125,1
2021/1/8 22:00,1,0,17,52,13,94,1177,1
2021/1/8 23:00,1,0,16,52,13,94,1220,1
2021/1/9 0:00,1,0,16,52,12,94,1255,1
2021/1/9 1:00,1,0,16,53,12,95,1283,1
2021/1/9 2:00,1,0,15,53,12,95,1302,1
2021/1/9 3:00,1,0,0,0,0,0,0,1
2021/1/9 4:00,1,0,0,0,0,0,0,1
2021/1/9 5:00,1,0,0,0,0,0,0,1
2021/1/9 6:00,1,0,0,0,0,0,0,1
2021/1/9 7:00,1,0,0,0,0,0,0,1
2021/1/9 8:00,1,0,0,0,0,0,0,1
2021/1/9 9:00,1,0,0,0,0,0,0,1
2021/1/9 10:00,1,0,0,0,0,0,0,1
2021/1/9 11:00,1,0,0,0,0,0,0,1
2021/1/9 12:00,1,40499,24,53,32,59,482,1
2021/1/9 13:00,1,42356,25,52,28,58,395,1
2021/1/9 14:00,1,33357,30,14,28,63,395,1
2021/1/9 15:00,1,18053,30,0,26,76,395,1
2021/1/9 16:00,1,2,21,0,21,88,395,1
2021/1/9 17:00,1,0,18,0,18,91,433,1
2021/1/9 18:00,1,0,16,0,17,92,573,1
2021/1/9 19:00,1,0,15,0,16,93,696,1
2021/1/9 20:00,1,0,15,0,15,93,906,1
2021/1/9 21:00,1,0,14,0,14,93,1113,1
2021/1/9 22:00,1,0,13,0,14,94,1210,1
2021/1/9 23:00,1,0,13,0,13,94,1304,1
2021/1/10 0:00,1,0,12,0,13,94,1391,1
2021/1/10 1:00,1,0,12,0,12,94,1457,1
2021/1/10 2:00,1,0,12,0,12,95,1526,1
2021/1/10 3:00,1,0,12,0,12,95,1593,1
2021/1/10 4:00,1,0,11,0,12,95,1656,1
2021/1/10 5:00,1,0,11,0,12,95,1713,1
2021/1/10 6:00,1,0,11,0,11,95,1761,1
2021/1/10 7:00,1,0,10,0,11,95,1807,1
2021/1/10 8:00,1,0,11,0,11,95,1836,1
2021/1/10 9:00,1,26343,21,0,19,83,1739,1
2021/1/10 10:00,1,36588,32,0,27,76,1676,1
2021/1/10 11:00,1,40314,38,0,32,71,1525,1
2021/1/10 12:00,1,34206,38,0,33,74,1355,1
2021/1/10 13:00,1,29377,35,0,31,78,1237,1
2021/1/10 14:00,1,11728,27,0,25,86,1237,1
2021/1/10 15:00,1,4177,21,0,20,89,1297,1
2021/1/10 16:00,1,0,19,0,19,94,1436,1
2021/1/10 17:00,1,0,18,0,18,96,1605,1
2021/1/10 18:00,1,0,17,0,18,96,1721,1
2021/1/10 19:00,1,0,17,0,17,96,1823,1
2021/1/10 20:00,1,0,16,0,16,96,1914,1
2021/1/10 21:00,1,0,15,0,16,96,1986,1
2021/1/10 22:00,1,0,15,0,15,97,2055,1
2021/1/10 23:00,1,0,15,0,15,97,2130,1
2021/1/11 0:00,1,0,14,0,15,97,2191,1
2021/1/11 1:00,1,0,14,0,14,97,2258,1
2021/1/11 2:00,1,0,14,0,14,97,2310,1
2021/1/11 3:00,1,0,13,0,14,97,2363,1
2021/1/11 4:00,1,0,13,0,14,97,2400,1
2021/1/11 5:00,1,0,13,0,14,97,2437,1
2021/1/11 6:00,1,0,13,0,13,97,2462,1
2021/1/11 7:00,1,0,12,0,13,97,2495,1
2021/1/11 8:00,1,0,13,0,13,97,2509,1
2021/1/11 9:00,1,14271,17,0,17,91,2467,1
2021/1/11 10:00,1,32429,29,0,25,78,1840,1
2021/1/11 11:00,1,34537,34,0,29,75,1400,1
2021/1/11 12:00,1,34251,35,0,30,73,652,1
2021/1/11 13:00,1,36923,36,0,30,72,397,1
2021/1/11 14:00,1,29933,33,0,29,80,397,1
2021/1/11 15:00,1,18098,28,0,25,88,471,1
2021/1/11 16:00,1,1154,22,0,22,92,707,1
2021/1/11 17:00,1,0,20,0,20,95,910,1
2021/1/11 18:00,1,0,18,0,19,95,1076,1
2021/1/11 19:00,1,0,17,0,18,96,1254,1
2021/1/11 20:00,1,0,17,0,17,96,1389,1
2021/1/11 21:00,1,0,16,0,16,96,1515,1
2021/1/11 22:00,1,0,15,0,16,96,1616,1
2021/1/11 23:00,1,0,15,0,15,96,1700,1
2021/1/12 0:00,1,0,14,0,15,96,1791,1
2021/1/12 1:00,1,0,14,0,14,96,1873,1
2021/1/12 2:00,1,0,14,0,14,96,1934,1
2021/1/12 3:00,1,0,13,0,14,96,1986,1
2021/1/12 4:00,1,0,13,0,14,96,2043,1
2021/1/12 5:00,1,0,13,0,13,96,2097,1
2021/1/12 6:00,1,0,13,0,13,97,2140,1
2021/1/12 7:00,1,0,13,0,13,96,2185,1
2021/1/12 8:00,1,1768,13,0,13,97,2207,1
2021/1/12 9:00,1,26502,22,0,20,83,1884,1
2021/1/12 10:00,1,36482,32,0,27,76,1540,1
2021/1/12 11:00,1,40287,38,0,32,71,1214,1
2021/1/12 12:00,1,38110,38,0,33,69,425,1
2021/1/12 13:00,1,37588,32,32,32,70,395,1
2021/1/12 14:00,1,30341,26,58,29,72,395,1
2021/1/12 15:00,1,17708,25,59,28,81,396,1
2021/1/12 16:00,1,0,24,58,24,91,454,1
2021/1/12 17:00,1,0,23,58,21,94,684,1
2021/1/12 18:00,1,0,22,58,20,95,899,1
2021/1/12 19:00,1,0,21,58,19,95,1078,1
2021/1/12 20:00,1,0,21,58,18,95,1328,1
2021/1/12 21:00,1,0,20,58,18,95,2036,1
2021/1/12 22:00,1,0,20,57,17,96,2216,1
2021/1/12 23:00,1,0,19,57,17,96,2351,1
2021/1/13 0:00,1,0,19,56,16,96,2506,1
2021/1/13 1:00,1,0,18,56,16,96,2619,1
2021/1/13 2:00,1,0,18,55,16,96,2734,1
2021/1/13 3:00,1,0,18,55,15,96,2857,1
2021/1/13 4:00,1,0,18,55,15,96,2922,1
2021/1/13 5:00,1,0,17,55,15,96,3052,1
2021/1/13 6:00,1,0,17,54,15,96,3184,1
2021/1/13 7:00,1,0,17,54,15,96,3290,1
2021/1/13 8:00,1,0,17,54,15,97,3432,1
2021/1/13 9:00,1,22221,18,54,21,88,3450,1
2021/1/13 10:00,1,35400,20,57,30,78,3242,1
2021/1/13 11:00,1,38410,22,59,33,70,1811,1
2021/1/13 12:00,1,36482,24,60,34,71,447,1
2021/1/13 13:00,1,36961,26,60,33,67,398,1
2021/1/13 14:00,1,29261,26,59,31,65,398,1
2021/1/13 15:00,1,15919,25,58,28,79,437,1
2021/1/13 16:00,1,4854,25,58,25,87,749,1
2021/1/13 17:00,1,0,23,57,22,93,1093,1
2021/1/13 18:00,1,0,23,56,21,94,1425,1
2021/1/13 19:00,1,0,22,56,20,95,1721,1
2021/1/13 20:00,1,0,21,55,19,95,1949,1
2021/1/13 21:00,1,0,21,55,18,95,2201,1
2021/1/13 22:00,1,0,20,54,18,95,2410,1
2021/1/13 23:00,1,0,20,54,18,96,2595,1
2021/1/14 0:00,1,0,19,53,17,96,2764,1
2021/1/14 1:00,1,0,19,53,17,96,2905,1
2021/1/14 2:00,1,0,19,52,16,96,3054,1
2021/1/14 3:00,1,0,19,52,16,96,3174,1
2021/1/14 4:00,1,0,18,52,16,96,3284,1
2021/1/14 5:00,1,0,18,51,16,96,3387,1
2021/1/14 6:00,1,0,18,51,15,96,3465,1
2021/1/14 7:00,1,0,18,51,15,96,3532,1
2021/1/14 8:00,1,15,18,45,15,96,3668,1
2021/1/14 9:00,1,23484,18,44,22,87,3651,1
2021/1/14 10:00,1,34323,20,45,29,72,2398,1
2021/1/14 11:00,1,37790,21,45,29,64,452,1
2021/1/14 12:00,1,35827,23,47,31,64,398,1
2021/1/14 13:00,1,37543,24,47,32,61,398,1
2021/1/14 14:00,1,30147,24,53,29,49,397,1
2021/1/14 15:00,1,18388,23,58,27,65,399,1
2021/1/14 16:00,1,5918,23,58,24,86,602,1
2021/1/14 17:00,1,0,22,58,22,92,975,1
2021/1/14 18:00,1,0,22,58,20,94,1261,1
2021/1/14 19:00,1,0,21,58,20,94,1546,1
2021/1/14 20:00,1,0,21,58,19,95,1782,1
2021/1/14 21:00,1,0,20,58,18,95,1982,1
2021/1/14 22:00,1,0,20,57,18,95,2195,1
2021/1/14 23:00,1,0,20,57,17,95,2387,1
2021/1/15 0:00,1,0,19,56,17,95,2557,1
2021/1/15 1:00,1,0,19,56,17,96,2701,1
2021/1/15 2:00,1,0,19,55,16,96,2853,1
2021/1/15 3:00,1,0,19,55,16,96,2975,1
2021/1/15 4:00,1,0,19,54,16,96,3097,1
2021/1/15 5:00,1,0,18,53,16,96,3234,1
2021/1/15 6:00,1,0,18,53,16,96,3330,1
2021/1/15 7:00,1,0,18,52,16,96,3420,1
2021/1/15 8:00,1,182,17,53,16,95,3487,1
2021/1/15 9:00,1,6544,18,53,17,91,3100,1
2021/1/15 10:00,1,8697,19,53,18,89,2633,1
2021/1/15 11:00,1,7595,19,53,19,90,2357,1
2021/1/15 12:00,1,9936,19,53,20,89,2316,1
2021/1/15 13:00,1,23458,23,53,25,72,1606,1
2021/1/15 14:00,1,17553,24,52,25,70,580,1
2021/1/15 15:00,1,7364,22,52,21,86,707,1
2021/1/15 16:00,1,2923,21,52,19,88,893,1
2021/1/15 17:00,1,0,20,52,18,91,1149,1
2021/1/15 18:00,1,0,19,52,17,92,1394,1
2021/1/15 19:00,1,0,19,53,17,93,1612,1
2021/1/15 20:00,1,0,18,53,16,93,1808,1
2021/1/15 21:00,1,0,18,53,16,93,1981,1
2021/1/15 22:00,1,0,18,53,16,93,2141,1
2021/1/15 23:00,1,0,18,53,16,93,2275,1
2021/1/16 0:00,1,0,17,53,15,93,2388,1
2021/1/16 1:00,1,0,17,54,15,93,2483,1
2021/1/16 2:00,1,0,17,54,15,94,2607,1
2021/1/16 3:00,1,0,17,54,14,94,2710,1
2021/1/16 4:00,1,0,17,54,14,94,2823,1
2021/1/16 5:00,1,0,16,54,14,94,2891,1
2021/1/16 6:00,1,0,16,54,14,94,2916,1
2021/1/16 7:00,1,0,16,54,14,93,2942,1
2021/1/16 8:00,1,0,16,54,14,94,2968,1
2021/1/16 9:00,1,11667,16,55,16,90,3015,1
2021/1/16 10:00,1,28112,22,55,24,72,2587,1
2021/1/16 11:00,1,29916,25,54,25,63,1879,1
2021/1/16 12:00,1,23721,25,53,21,57,419,1
2021/1/16 13:00,1,16566,23,53,18,63,398,1
2021/1/16 14:00,1,17956,22,53,22,75,448,1
2021/1/16 15:00,1,5398,21,53,19,83,654,1
2021/1/16 16:00,1,348,19,53,17,88,886,1
2021/1/16 17:00,1,0,19,53,17,91,1142,1
2021/1/16 18:00,1,0,18,54,16,91,1377,1
2021/1/16 19:00,1,0,18,54,16,92,1581,1
2021/1/16 20:00,1,0,17,54,15,92,1764,1
2021/1/16 21:00,1,0,17,54,15,92,1926,1
2021/1/16 22:00,1,0,17,54,14,92,2073,1
2021/1/16 23:00,1,0,17,55,14,93,2224,1
2021/1/17 0:00,1,0,16,55,14,93,2364,1
2021/1/17 1:00,1,0,16,55,14,93,2474,1
2021/1/17 2:00,1,0,16,55,13,93,2596,1
2021/1/17 3:00,1,0,16,55,13,93,2702,1
2021/1/17 4:00,1,0,15,55,13,93,2786,1
2021/1/17 5:00,1,0,15,55,12,93,2837,1
2021/1/17 6:00,1,0,15,55,12,93,2872,1
2021/1/17 7:00,1,0,15,56,12,93,2902,1
2021/1/17 8:00,1,0,15,56,12,93,2982,1
2021/1/17 9:00,1,11183,16,56,16,87,2989,1
2021/1/17 10:00,1,27953,21,56,25,67,2411,1
2021/1/17 11:00,1,33385,26,55,30,58,1790,1
2021/1/17 12:00,1,34022,30,55,29,53,557,1
2021/1/17 13:00,1,31917,30,54,28,53,398,1
2021/1/17 14:00,1,24838,28,53,26,56,398,1
2021/1/17 15:00,1,13172,25,52,22,70,399,1
2021/1/17 16:00,1,3768,22,53,19,81,525,1
2021/1/17 17:00,1,0,20,53,18,88,816,1
2021/1/17 18:00,1,0,19,53,17,90,1044,1
2021/1/17 19:00,1,0,19,54,16,90,1297,1
2021/1/17 20:00,1,0,18,54,16,91,1494,1
2021/1/17 21:00,1,0,18,54,15,91,1671,1
2021/1/17 22:00,1,0,17,54,15,91,1828,1
2021/1/17 23:00,1,0,17,55,15,91,1961,1
2021/1/18 0:00,1,0,17,55,14,91,2091,1
2021/1/18 1:00,1,0,17,55,14,92,2245,1
2021/1/18 2:00,1,0,16,55,14,92,2366,1
2021/1/18 3:00,1,0,16,55,14,92,2483,1
2021/1/18 4:00,1,0,16,55,13,92,2580,1
2021/1/18 5:00,1,0,16,56,13,92,2673,1
2021/1/18 6:00,1,0,15,56,13,92,2772,1
2021/1/18 7:00,1,0,15,56,13,92,2839,1
2021/1/18 8:00,1,0,15,56,13,93,2945,1
2021/1/18 9:00,1,23192,17,56,20,81,2923,1
2021/1/18 10:00,1,39190,24,56,31,62,2562,1
2021/1/18 11:00,1,43153,31,56,35,52,1840,1
2021/1/18 12:00,1,41030,34,55,34,42,434,1
2021/1/18 13:00,1,41648,34,54,33,37,397,1
2021/1/18 14:00,1,34791,29,53,29,32,397,1
2021/1/18 15:00,1,20927,27,53,28,51,398,1
2021/1/18 16:00,1,5824,25,53,24,78,587,1
2021/1/18 17:00,1,0,23,53,21,87,902,1
2021/1/18 18:00,1,0,22,53,20,89,1205,1
2021/1/18 19:00,1,0,21,53,19,90,1476,1
2021/1/18 20:00,1,0,20,54,18,90,1729,1
2021/1/18 21:00,1,0,20,54,18,91,1931,1
2021/1/18 22:00,1,0,20,54,17,91,2124,1
2021/1/18 23:00,1,0,19,54,17,91,2286,1
2021/1/19 0:00,1,0,19,54,16,91,2425,1
2021/1/19 1:00,1,0,18,55,16,91,2536,1
2021/1/19 2:00,1,0,18,55,16,92,2639,1
2021/1/19 3:00,1,0,18,55,15,92,2737,1
2021/1/19 4:00,1,0,18,55,15,92,2846,1
2021/1/19 5:00,1,0,17,55,15,92,2948,1
2021/1/19 6:00,1,0,17,55,14,92,3025,1
2021/1/19 7:00,1,0,17,55,14,92,3101,1
2021/1/19 8:00,1,0,17,56,15,93,3209,1
2021/1/19 9:00,1,19938,19,56,20,82,3238,1
2021/1/19 10:00,1,34976,24,56,30,64,3018,1
2021/1/19 11:00,1,40806,28,55,28,43,971,1
2021/1/19 12:00,1,38923,29,55,27,36,397,1
2021/1/19 13:00,1,38234,29,54,27,35,397,1
2021/1/19 14:00,1,32607,27,54,23,34,396,1
2021/1/19 15:00,1,20363,24,53,22,40,397,1
2021/1/19 16:00,1,3520,23,53,22,70,442,1
2021/1/19 17:00,1,0,22,54,20,85,720,1
2021/1/19 18:00,1,0,21,54,19,88,997,1
2021/1/19 19:00,1,0,20,54,18,90,1307,1
2021/1/19 20:00,1,0,20,54,18,90,1561,1
2021/1/19 21:00,1,0,20,55,17,91,1765,1
2021/1/19 22:00,1,0,19,55,17,91,2428,1
2021/1/19 23:00,1,0,19,55,17,91,2636,1
2021/1/20 0:00,1,0,18,55,16,92,2822,1
2021/1/20 1:00,1,0,18,55,16,92,3008,1
2021/1/20 2:00,1,0,18,55,16,92,3189,1
2021/1/20 3:00,1,0,18,55,15,92,3346,1
2021/1/20 4:00,1,0,18,55,15,92,3489,1
2021/1/20 5:00,1,0,17,56,15,92,3615,1
2021/1/20 6:00,1,0,17,56,15,92,3750,1
2021/1/20 7:00,1,0,17,56,15,93,3879,1
2021/1/20 8:00,1,516,17,56,15,93,3925,1
2021/1/20 9:00,1,3621,17,56,14,90,3803,1
2021/1/20 10:00,1,5702,17,56,15,90,3493,1
2021/1/20 11:00,1,6792,18,56,17,90,3441,1
2021/1/20 12:00,1,11280,18,56,19,88,3208,1
2021/1/20 13:00,1,21691,22,56,23,74,1968,1
2021/1/20 14:00,1,21381,22,55,22,74,656,1
2021/1/20 15:00,1,9482,22,55,22,84,806,1
2021/1/20 16:00,1,2449,20,55,19,88,1089,1
2021/1/20 17:00,1,0,19,55,18,91,1437,1
2021/1/20 18:00,1,0,19,55,17,92,1718,1
2021/1/20 19:00,1,0,18,55,17,93,1956,1
2021/1/20 20:00,1,0,18,56,17,93,2225,1
2021/1/20 21:00,1,0,18,56,17,93,2490,1
2021/1/20 22:00,1,0,18,56,16,94,2704,1
2021/1/20 23:00,1,0,17,56,16,94,2896,1
2021/1/21 0:00,1,0,17,56,16,94,3098,1
2021/1/21 1:00,1,0,17,56,16,94,3264,1
2021/1/21 2:00,1,0,17,56,16,94,3434,1
2021/1/21 3:00,1,0,17,56,16,94,3582,1
2021/1/21 4:00,1,0,17,56,15,94,3719,1
2021/1/21 5:00,1,0,17,56,15,94,3834,1
2021/1/21 6:00,1,0,17,56,15,95,3952,1
2021/1/21 7:00,1,0,16,56,15,95,4072,1
2021/1/21 8:00,1,0,16,57,15,95,4145,1
2021/1/21 9:00,1,1013,16,57,15,94,4211,1
2021/1/21 10:00,1,2685,16,57,14,92,4293,1
2021/1/21 11:00,1,6218,17,57,16,90,3874,1
2021/1/21 12:00,1,11316,18,57,18,85,1544,1
2021/1/21 13:00,1,12095,20,57,20,81,754,1
2021/1/21 14:00,1,9323,20,56,20,82,654,1
2021/1/21 15:00,1,6945,19,56,19,82,629,1
2021/1/21 16:00,1,1880,18,56,17,90,780,1
2021/1/21 17:00,1,0,18,56,17,92,1068,1
2021/1/21 18:00,1,0,17,56,16,94,1374,1
2021/1/21 19:00,1,0,17,56,16,94,1624,1
2021/1/21 20:00,1,0,17,56,16,94,1865,1
2021/1/21 21:00,1,0,17,56,16,94,2096,1
2021/1/21 22:00,1,0,17,57,15,94,2331,1
2021/1/21 23:00,1,0,16,57,15,94,2534,1
2021/1/22 0:00,1,0,16,57,15,94,2701,1
2021/1/22 1:00,1,0,16,57,15,95,2853,1
2021/1/22 2:00,1,0,16,57,15,94,3000,1
2021/1/22 3:00,1,0,16,57,15,94,3139,1
2021/1/22 4:00,1,0,16,57,15,95,3304,1
2021/1/22 5:00,1,0,16,57,15,95,3410,1
2021/1/22 6:00,1,0,16,57,15,95,3520,1
2021/1/22 7:00,1,0,16,58,14,95,3630,1
2021/1/22 8:00,1,1408,16,58,14,94,3714,1
2021/1/22 9:00,1,5132,16,58,15,91,3701,1
2021/1/22 10:00,1,6875,17,57,17,91,3448,1
2021/1/22 11:00,1,10238,18,57,17,87,2577,1
2021/1/22 12:00,1,8579,18,57,16,84,725,1
2021/1/22 13:00,1,6958,17,57,15,85,600,1
2021/1/22 14:00,1,6993,17,57,16,86,605,1
2021/1/22 15:00,1,4234,17,57,17,90,766,1
2021/1/22 16:00,1,1377,17,57,15,91,970,1
2021/1/22 17:00,1,0,16,57,15,93,1223,1
2021/1/22 18:00,1,0,16,57,15,94,1462,1
2021/1/22 19:00,1,0,16,57,15,94,1677,1
2021/1/22 20:00,1,0,16,58,15,95,1863,1
2021/1/22 21:00,1,0,16,58,15,95,2035,1
2021/1/22 22:00,1,0,16,58,15,95,2240,1
2021/1/22 23:00,1,0,16,58,15,95,2414,1
2021/1/23 0:00,1,0,15,58,14,95,2564,1
2021/1/23 1:00,1,0,15,58,14,95,2714,1
2021/1/23 2:00,1,0,15,58,14,95,2849,1
2021/1/23 3:00,1,0,15,58,14,95,2960,1
2021/1/23 4:00,1,0,15,58,14,95,3084,1
2021/1/23 5:00,1,0,15,58,14,95,3172,1
2021/1/23 6:00,1,0,15,58,14,95,3258,1
2021/1/23 7:00,1,0,15,58,14,95,3319,1
2021/1/23 8:00,1,0,15,58,14,95,3390,1
2021/1/23 9:00,1,5529,15,58,15,93,3344,1
2021/1/23 10:00,1,15438,17,58,19,87,3063,1
2021/1/23 11:00,1,30448,23,58,25,65,1522,1
2021/1/23 12:00,1,34518,27,57,27,56,549,1
2021/1/23 13:00,1,35137,28,56,28,50,492,1
2021/1/23 14:00,1,28802,27,55,25,47,446,1
2021/1/23 15:00,1,16437,24,55,23,55,470,1
2021/1/23 16:00,1,4298,22,55,20,82,700,1
2021/1/23 17:00,1,0,20,55,19,89,996,1
2021/1/23 18:00,1,0,19,55,17,91,1310,1
2021/1/23 19:00,1,0,19,56,17,92,1567,1
2021/1/23 20:00,1,0,18,56,16,92,1809,1
2021/1/23 21:00,1,0,18,56,16,92,2006,1
2021/1/23 22:00,1,0,17,56,16,93,2243,1
2021/1/23 23:00,1,0,17,57,15,93,2464,1
2021/1/24 0:00,1,0,17,57,15,93,2621,1
2021/1/24 1:00,1,0,17,57,15,93,2779,1
2021/1/24 2:00,1,0,17,57,15,93,2920,1
2021/1/24 3:00,1,0,16,57,14,93,3036,1
2021/1/24 4:00,1,0,16,58,14,93,3155,1
2021/1/24 5:00,1,0,16,58,14,93,3284,1
2021/1/24 6:00,1,0,16,58,14,94,3382,1
2021/1/24 7:00,1,0,16,58,14,94,3463,1
2021/1/24 8:00,1,1025,15,58,14,94,3526,1
2021/1/24 9:00,1,10045,17,58,16,90,3487,1
2021/1/24 10:00,1,8091,18,58,18,90,3261,1
2021/1/24 11:00,1,7560,17,57,14,85,1601,1
2021/1/24 12:00,1,9724,17,58,14,82,643,1
2021/1/24 13:00,1,10387,17,58,14,80,591,1
2021/1/24 14:00,1,13227,18,58,19,85,655,1
2021/1/24 15:00,1,7553,19,57,20,87,800,1
2021/1/24 16:00,1,0,18,57,18,92,1003,1
2021/1/24 17:00,1,0,17,57,16,94,1276,1
2021/1/24 18:00,1,0,17,57,16,94,1503,1
2021/1/24 19:00,1,0,16,58,15,94,1736,1
2021/1/24 20:00,1,0,16,58,15,95,1935,1
2021/1/24 21:00,1,0,16,58,15,95,2116,1
2021/1/24 22:00,1,0,16,58,15,95,2301,1
2021/1/24 23:00,1,0,16,58,15,95,2482,1
2021/1/25 0:00,1,0,16,58,15,95,2632,1
2021/1/25 1:00,1,0,16,58,15,95,2764,1
2021/1/25 2:00,1,0,16,58,15,95,2893,1
2021/1/25 3:00,1,0,16,58,15,96,3028,1
2021/1/25 4:00,1,0,16,58,15,96,3172,1
2021/1/25 5:00,1,0,15,58,15,96,3305,1
2021/1/25 6:00,1,0,15,58,14,96,3420,1
2021/1/25 7:00,1,0,15,58,14,96,3536,1
2021/1/25 8:00,1,0,15,58,14,96,3617,1
2021/1/25 9:00,1,552,15,58,14,95,3655,1
2021/1/25 10:00,1,1461,15,58,13,94,3614,1
2021/1/25 11:00,1,1593,15,58,13,94,3662,1
2021/1/25 12:00,1,2354,15,58,13,93,3753,1
2021/1/25 13:00,1,1934,15,58,13,93,3825,1
2021/1/25 14:00,1,1485,15,58,13,94,3888,1
2021/1/25 15:00,1,1239,15,58,13,93,3960,1
2021/1/25 16:00,1,43,14,58,13,94,3983,1
2021/1/25 17:00,1,0,14,58,13,95,3995,1
2021/1/25 18:00,1,0,14,59,13,96,4035,1
2021/1/25 19:00,1,0,14,59,13,96,4087,1
2021/1/25 20:00,1,0,14,59,13,96,4156,1
2021/1/25 21:00,1,0,14,59,13,96,4240,1
2021/1/25 22:00,1,0,14,59,13,96,4300,1
2021/1/25 23:00,1,0,14,59,13,96,4311,1
2021/1/26 0:00,1,0,14,59,13,96,4295,1
2021/1/26 1:00,1,0,14,59,13,96,4302,1
2021/1/26 2:00,1,0,14,59,13,96,4331,1
2021/1/26 3:00,1,0,14,59,13,96,4356,1
2021/1/26 4:00,1,0,14,59,13,96,4321,1
2021/1/26 5:00,1,0,14,59,13,96,4318,1
2021/1/26 6:00,1,0,14,59,13,96,4335,1
2021/1/26 7:00,1,0,14,59,13,96,4339,1
2021/1/26 8:00,1,0,14,59,13,96,4289,1
2021/1/26 9:00,1,230,14,59,13,96,4271,1
2021/1/26 10:00,1,5374,14,59,13,94,4149,1
2021/1/26 11:00,1,12916,16,59,17,89,3188,1
2021/1/26 12:00,1,12447,17,59,18,87,1022,1
2021/1/26 13:00,1,28910,21,58,24,74,625,1
2021/1/26 14:00,1,27060,22,57,25,70,532,1
2021/1/26 15:00,1,14748,22,56,22,73,509,1
2021/1/26 16:00,1,4467,20,56,19,87,644,1
2021/1/26 17:00,1,0,18,56,17,92,909,1
2021/1/26 18:00,1,0,17,57,16,93,1176,1
2021/1/26 19:00,1,0,17,57,15,94,1415,1
2021/1/26 20:00,1,0,16,57,15,94,1625,1
2021/1/26 21:00,1,0,16,58,15,94,1837,1
2021/1/26 22:00,1,0,16,58,14,95,2010,1
2021/1/26 23:00,1,0,16,58,14,95,2108,1
2021/1/27 0:00,1,0,15,58,14,95,2274,1
2021/1/27 1:00,1,0,15,58,14,95,2413,1
2021/1/27 2:00,1,0,15,58,13,95,2540,1
2021/1/27 3:00,1,0,15,58,13,95,2655,1
2021/1/27 4:00,1,0,15,58,13,95,2780,1
2021/1/27 5:00,1,0,15,58,13,95,2865,1
2021/1/27 6:00,1,0,15,58,13,95,2940,1
2021/1/27 7:00,1,0,14,58,13,95,3020,1
2021/1/27 8:00,1,0,14,58,13,95,3022,1
2021/1/27 9:00,1,70,14,58,14,96,2996,1
2021/1/27 10:00,1,12630,16,58,18,90,2966,1
2021/1/27 11:00,1,16945,19,58,20,84,2414,1
2021/1/27 12:00,1,22362,21,58,21,77,722,1
2021/1/27 13:00,1,17035,21,57,21,77,495,1
2021/1/27 14:00,1,16715,21,57,20,75,463,1
2021/1/27 15:00,1,11281,20,56,19,76,455,1
2021/1/27 16:00,1,3339,18,56,17,89,582,1
2021/1/27 17:00,1,0,17,57,16,92,854,1
2021/1/27 18:00,1,0,17,57,16,94,1094,1
2021/1/27 19:00,1,0,16,57,15,94,1345,1
2021/1/27 20:00,1,0,16,58,15,94,1568,1
2021/1/27 21:00,1,0,16,58,15,94,1758,1
2021/1/27 22:00,1,0,16,58,14,95,1915,1
2021/1/27 23:00,1,0,15,58,14,95,2091,1
2021/1/28 0:00,1,0,15,58,14,95,2271,1
2021/1/28 1:00,1,0,15,58,14,95,2420,1
2021/1/28 2:00,1,0,15,58,13,95,2551,1
2021/1/28 3:00,1,0,15,58,13,95,2651,1
2021/1/28 4:00,1,0,15,58,13,95,2784,1
2021/1/28 5:00,1,0,14,58,13,95,2913,1
2021/1/28 6:00,1,0,14,58,13,95,3021,1
2021/1/28 7:00,1,0,14,58,13,95,3122,1
2021/1/28 8:00,1,840,14,58,13,96,3181,1
2021/1/28 9:00,1,19605,17,58,19,85,2951,1
2021/1/28 10:00,1,32624,21,58,28,72,2139,1
2021/1/28 11:00,1,39879,27,58,28,52,934,1
2021/1/28 12:00,1,39740,28,57,27,47,399,1
2021/1/28 13:00,1,38889,27,56,25,42,399,1
2021/1/28 14:00,1,33782,25,55,24,42,399,1
2021/1/28 15:00,1,21833,24,55,22,46,399,1
2021/1/28 16:00,1,9507,21,55,18,64,435,1
2021/1/28 17:00,1,0,20,55,18,88,708,1
2021/1/28 18:00,1,0,19,56,17,90,935,1
2021/1/28 19:00,1,0,18,56,16,91,1207,1
2021/1/28 20:00,1,0,18,56,15,91,1426,1
2021/1/28 21:00,1,0,17,57,15,92,1622,1
2021/1/28 22:00,1,0,17,57,14,92,1801,1
2021/1/28 23:00,1,0,17,57,14,92,2028,1
2021/1/29 0:00,1,0,16,58,14,92,2205,1
2021/1/29 1:00,1,0,16,58,14,92,2353,1
2021/1/29 2:00,1,0,16,58,13,93,2473,1
2021/1/29 3:00,1,0,16,58,13,93,2588,1
2021/1/29 4:00,1,0,15,58,13,93,2680,1
2021/1/29 5:00,1,0,15,58,13,93,2769,1
2021/1/29 6:00,1,0,15,58,12,93,2842,1
2021/1/29 7:00,1,0,15,58,12,93,2904,1
2021/1/29 8:00,1,71,14,58,13,94,2956,1
2021/1/29 9:00,1,28200,17,58,22,80,2539,1
2021/1/29 10:00,1,38994,22,58,31,63,1811,1
2021/1/29 11:00,1,42736,27,58,31,52,904,1
2021/1/29 12:00,1,41260,29,57,25,47,404,1
2021/1/29 13:00,1,40109,31,57,25,42,400,1
2021/1/29 14:00,1,30429,28,56,24,41,399,1
2021/1/29 15:00,1,19494,22,56,20,43,402,1
2021/1/29 16:00,1,6995,20,56,19,68,516,1
2021/1/29 17:00,1,0,19,56,18,87,837,1
2021/1/29 18:00,1,0,19,56,18,90,1148,1
2021/1/29 19:00,1,0,19,56,17,91,1437,1
2021/1/29 20:00,1,0,18,57,17,92,1675,1
2021/1/29 21:00,1,0,18,57,16,92,1888,1
2021/1/29 22:00,1,0,17,57,16,92,2089,1
2021/1/29 23:00,1,0,17,57,15,93,2300,1
2021/1/30 0:00,1,0,17,57,15,93,2468,1
2021/1/30 1:00,1,0,17,58,15,93,2625,1
2021/1/30 2:00,1,0,17,58,15,93,2769,1
2021/1/30 3:00,1,0,16,58,14,93,2885,1
2021/1/30 4:00,1,0,16,58,14,93,2995,1
2021/1/30 5:00,1,0,16,58,14,94,3118,1
2021/1/30 6:00,1,0,16,58,14,94,3232,1
2021/1/30 7:00,1,0,16,58,13,94,3294,1
2021/1/30 8:00,1,3563,16,58,14,94,3395,1
2021/1/30 9:00,1,28759,20,58,26,72,2969,1
2021/1/30 10:00,1,36747,24,58,30,59,976,1
2021/1/30 11:00,1,40728,29,58,29,48,454,1
2021/1/30 12:00,1,39383,32,57,30,46,451,1
2021/1/30 13:00,1,37968,31,57,30,46,467,1
2021/1/30 14:00,1,33227,30,56,29,40,441,1
2021/1/30 15:00,1,17625,26,55,25,41,425,1
2021/1/30 16:00,1,4383,24,55,22,72,562,1
2021/1/30 17:00,1,0,22,55,21,86,852,1
2021/1/30 18:00,1,0,21,56,20,90,1161,1
2021/1/30 19:00,1,0,21,56,19,91,1471,1
2021/1/30 20:00,1,0,20,56,18,91,1713,1
2021/1/30 21:00,1,0,20,56,18,92,1929,1
2021/1/30 22:00,1,0,19,56,17,92,2163,1
2021/1/30 23:00,1,0,19,57,17,92,2389,1
2021/1/31 0:00,1,0,19,57,17,92,2560,1
2021/1/31 1:00,1,0,18,57,17,93,2731,1
2021/1/31 2:00,1,0,18,57,16,93,2862,1
2021/1/31 3:00,1,0,18,57,16,93,2975,1
2021/1/31 4:00,1,0,18,58,16,93,3128,1
2021/1/31 5:00,1,0,17,58,16,94,3236,1
2021/1/31 6:00,1,0,17,58,15,94,3351,1
2021/1/31 7:00,1,0,17,58,15,94,3429,1
2021/1/31 8:00,1,7623,18,58,17,90,3429,1
2021/1/31 9:00,1,24715,21,58,26,77,3012,1
2021/1/31 10:00,1,35997,23,57,26,57,744,1
2021/1/31 11:00,1,39064,26,57,27,48,457,1
2021/1/31 12:00,1,38022,29,58,30,45,446,1
2021/1/31 13:00,1,36377,28,57,30,41,419,1
2021/1/31 14:00,1,28501,26,56,28,41,413,1
2021/1/31 15:00,1,15470,24,56,25,49,424,1
2021/1/31 16:00,1,3489,23,56,22,76,568,1
2021/1/31 17:00,1,0,22,56,21,87,860,1
2021/1/31 18:00,1,0,21,56,21,90,1184,1
2021/1/31 19:00,1,0,21,56,20,91,1502,1
2021/1/31 20:00,1,0,20,56,20,92,1781,1
2021/1/31 21:00,1,0,20,57,19,92,2041,1
2021/1/31 22:00,1,0,20,57,19,92,2271,1
2021/1/31 23:00,1,0,20,57,18,93,2481,1
2021/2/1 0:00,1,0,19,57,18,93,2670,1
2021/2/1 1:00,1,0,19,57,18,93,2841,1
2021/2/1 2:00,1,0,19,57,17,93,2968,1
2021/2/1 3:00,1,0,19,57,17,93,3122,1
2021/2/1 4:00,1,0,18,58,17,93,3268,1
2021/2/1 5:00,1,0,18,58,16,93,3406,1
2021/2/1 6:00,1,0,18,58,16,94,3521,1
2021/2/1 7:00,1,0,18,58,16,94,3635,1
2021/2/1 8:00,1,2815,18,58,16,93,3690,1
2021/2/1 9:00,1,12282,19,58,19,87,3527,1
2021/2/1 10:00,1,18301,21,58,23,78,2402,1
2021/2/1 11:00,1,20697,22,58,23,73,566,1
2021/2/1 12:00,1,27333,26,58,27,65,511,1
2021/2/1 13:00,1,22389,26,57,26,62,482,1
2021/2/1 14:00,1,12714,24,56,23,62,490,1
2021/2/1 15:00,1,10735,23,56,24,74,532,1
2021/2/1 16:00,1,6901,23,56,23,86,703,1
2021/2/1 17:00,1,0,21,56,20,90,952,1
2021/2/1 18:00,1,0,20,57,19,91,1246,1
2021/2/1 19:00,1,0,20,57,18,92,1496,1
2021/2/1 20:00,1,0,19,57,18,92,1724,1
2021/2/1 21:00,1,0,19,57,18,92,1912,1
2021/2/1 22:00,1,0,19,57,17,93,2103,1
2021/2/1 23:00,1,0,19,58,17,92,2267,1
2021/2/2 0:00,1,0,18,58,17,93,2420,1
2021/2/2 1:00,1,0,18,58,16,93,2595,1
2021/2/2 2:00,1,0,18,58,16,93,2760,1
2021/2/2 3:00,1,0,18,58,16,93,2907,1
2021/2/2 4:00,1,0,17,58,15,93,3000,1
2021/2/2 5:00,1,0,17,58,15,93,3113,1
2021/2/2 6:00,1,0,17,58,15,93,3214,1
2021/2/2 7:00,1,0,17,58,15,94,3290,1
2021/2/2 8:00,1,0,17,58,15,94,3347,1
2021/2/2 9:00,1,18383,18,58,21,85,3382,1
2021/2/2 10:00,1,32075,23,58,30,71,2840,1
2021/2/2 11:00,1,37810,26,58,27,58,784,1
2021/2/2 12:00,1,37488,30,58,30,57,465,1
2021/2/2 13:00,1,37093,30,57,28,54,433,1
2021/2/2 14:00,1,31331,29,56,27,58,435,1
2021/2/2 15:00,1,19314,27,56,25,63,446,1
2021/2/2 16:00,1,6974,25,56,23,81,594,1
2021/2/2 17:00,1,0,22,56,21,89,860,1
2021/2/2 18:00,1,0,22,56,20,91,1167,1
2021/2/2 19:00,1,0,21,56,19,91,1455,1
2021/2/2 20:00,1,0,20,57,18,92,1701,1
2021/2/2 21:00,1,0,20,57,18,92,1899,1
2021/2/2 22:00,1,0,19,57,17,92,2119,1
2021/2/2 23:00,1,0,19,57,17,92,2337,1
2021/2/3 0:00,1,0,19,57,16,92,2508,1
2021/2/3 1:00,1,0,19,57,16,92,2656,1
2021/2/3 2:00,1,0,18,58,16,93,2793,1
2021/2/3 3:00,1,0,18,58,16,93,2915,1
2021/2/3 4:00,1,0,18,58,15,93,3029,1
2021/2/3 5:00,1,0,18,58,15,93,3117,1
2021/2/3 6:00,1,0,17,58,15,93,3208,1
2021/2/3 7:00,1,0,17,58,15,94,3314,1
2021/2/3 8:00,1,0,17,58,15,94,3417,1
2021/2/3 9:00,1,9387,18,58,19,91,3499,1
2021/2/3 10:00,1,28209,21,58,26,73,2306,1
2021/2/3 11:00,1,36924,23,58,23,62,512,1
2021/2/3 12:00,1,36703,24,58,26,60,475,1
2021/2/3 13:00,1,34376,26,58,29,59,469,1
2021/2/3 14:00,1,26209,27,57,28,62,462,1
2021/2/3 15:00,1,15054,26,57,25,69,465,1
2021/2/3 16:00,1,5010,23,56,21,82,547,1
2021/2/3 17:00,1,0,21,56,20,90,789,1
2021/2/3 18:00,1,0,21,57,20,91,1066,1
2021/2/3 19:00,1,0,20,57,19,92,1373,1
2021/2/3 20:00,1,0,20,57,18,93,1629,1
2021/2/3 21:00,1,0,20,57,18,93,1853,1
2021/2/3 22:00,1,0,19,58,17,93,2063,1
2021/2/3 23:00,1,0,19,58,17,93,2259,1
2021/2/4 0:00,1,0,19,58,16,93,2437,1
2021/2/4 1:00,1,0,18,58,16,93,2611,1
2021/2/4 2:00,1,0,18,58,16,94,2754,1
2021/2/4 3:00,1,0,18,58,16,94,2869,1
2021/2/4 4:00,1,0,18,58,16,94,3007,1
2021/2/4 5:00,1,0,18,58,15,94,3099,1
2021/2/4 6:00,1,0,17,58,15,94,3205,1
2021/2/4 7:00,1,0,17,58,15,94,3299,1
2021/2/4 8:00,1,175,17,58,15,94,3323,1
2021/2/4 9:00,1,25754,20,58,25,81,3071,1
2021/2/4 10:00,1,37403,24,58,32,65,2147,1
2021/2/4 11:00,1,42957,25,58,27,51,484,1
2021/2/4 12:00,1,41419,28,58,29,51,426,1
2021/2/4 13:00,1,40197,27,58,27,47,408,1
2021/2/4 14:00,1,32271,26,57,26,47,401,1
2021/2/4 15:00,1,19626,26,57,26,60,423,1
2021/2/4 16:00,1,6085,25,57,25,83,575,1
2021/2/4 17:00,1,0,23,57,22,90,870,1
2021/2/4 18:00,1,0,22,57,21,91,1170,1
2021/2/4 19:00,1,0,21,57,20,92,1447,1
2021/2/4 20:00,1,0,21,57,19,92,1707,1
2021/2/4 21:00,1,0,20,57,19,92,1923,1
2021/2/4 22:00,1,0,20,57,18,93,2121,1
2021/2/4 23:00,1,0,20,58,18,93,2339,1
2021/2/5 0:00,1,0,19,58,18,94,2528,1
2021/2/5 1:00,1,0,19,58,18,94,2690,1
2021/2/5 2:00,1,0,19,58,17,94,2846,1
2021/2/5 3:00,1,0,19,58,17,94,2967,1
2021/2/5 4:00,1,0,18,58,17,94,3097,1
2021/2/5 5:00,1,0,18,58,17,94,3169,1
2021/2/5 6:00,1,0,18,58,16,94,3272,1
2021/2/5 7:00,1,0,18,58,16,95,3390,1
2021/2/5 8:00,1,2284,18,58,16,93,3415,1
2021/2/5 9:00,1,13939,19,58,20,88,3261,1
2021/2/5 10:00,1,34216,23,58,29,68,1157,1
2021/2/5 11:00,1,30607,25,58,28,64,470,1
2021/2/5 12:00,1,35401,27,58,30,61,436,1
2021/2/5 13:00,1,37119,26,58,30,57,417,1
2021/2/5 14:00,1,29866,25,58,26,57,412,1
2021/2/5 15:00,1,18848,22,58,22,60,418,1
2021/2/5 16:00,1,7501,21,58,22,75,464,1
2021/2/5 17:00,1,0,21,58,21,89,701,1
2021/2/5 18:00,1,0,21,58,20,91,972,1
2021/2/5 19:00,1,0,20,58,20,92,1258,1
2021/2/5 20:00,1,0,20,58,19,92,1512,1
2021/2/5 21:00,1,0,20,58,19,92,1739,1
2021/2/5 22:00,1,0,20,58,18,93,1937,1
2021/2/5 23:00,1,0,20,58,18,93,2150,1
2021/2/6 0:00,1,0,19,58,18,93,2354,1
2021/2/6 1:00,1,0,19,58,18,93,2477,1
2021/2/6 2:00,1,0,19,58,17,93,2608,1
2021/2/6 3:00,1,0,19,58,17,94,2762,1
2021/2/6 4:00,1,0,19,58,17,94,2869,1
2021/2/6 5:00,1,0,18,58,16,94,2985,1
2021/2/6 6:00,1,0,18,58,16,94,3107,1
2021/2/6 7:00,1,0,18,58,16,94,3243,1
2021/2/6 8:00,1,12626,19,58,19,89,3205,1
2021/2/6 9:00,1,25193,21,59,28,79,2488,1
2021/2/6 10:00,1,35066,24,58,28,64,726,1
2021/2/6 11:00,1,40405,27,58,30,59,432,1
2021/2/6 12:00,1,38924,29,59,31,52,417,1
2021/2/6 13:00,1,35437,29,58,31,49,401,1
2021/2/6 14:00,1,33740,29,58,30,50,399,1
2021/2/6 15:00,1,18725,27,58,27,53,416,1
2021/2/6 16:00,1,8230,25,57,23,57,428,1
2021/2/6 17:00,1,0,23,57,22,83,601,1
2021/2/6 18:00,1,0,22,58,21,89,892,1
2021/2/6 19:00,1,0,22,58,20,91,1175,1
2021/2/6 20:00,1,0,21,58,20,91,1412,1
2021/2/6 21:00,1,0,21,58,19,92,1597,1
2021/2/6 22:00,1,0,21,58,19,92,1751,1
2021/2/6 23:00,1,0,20,58,19,93,1875,1
2021/2/7 0:00,1,0,20,58,18,93,1950,1
2021/2/7 1:00,1,0,20,58,18,93,2017,1
2021/2/7 2:00,1,0,20,58,18,93,2120,1
2021/2/7 3:00,1,0,19,58,18,93,2169,1
2021/2/7 4:00,1,0,19,58,17,93,2167,1
2021/2/7 5:00,1,0,19,58,17,94,2172,1
2021/2/7 6:00,1,0,19,58,17,94,2197,1
2021/2/7 7:00,1,0,18,58,16,94,2192,1
2021/2/7 8:00,1,9902,19,58,19,89,2139,1
2021/2/7 9:00,1,23079,22,59,28,79,1845,1
2021/2/7 10:00,1,32430,24,59,29,65,578,1
2021/2/7 11:00,1,33845,27,58,28,56,460,1
2021/2/7 12:00,1,27492,27,58,27,54,443,1
2021/2/7 13:00,1,28448,26,58,24,49,454,1
2021/2/7 14:00,1,21080,24,58,21,51,447,1
2021/2/7 15:00,1,12664,23,58,19,56,459,1
2021/2/7 16:00,1,2428,22,58,20,82,556,1
2021/2/7 17:00,1,0,21,58,19,89,814,1
2021/2/7 18:00,1,0,21,58,19,91,1048,1
2021/2/7 19:00,1,0,20,58,19,92,1292,1
2021/2/7 20:00,1,0,20,58,18,92,1513,1
2021/2/7 21:00,1,0,20,58,18,93,1689,1
2021/2/7 22:00,1,0,20,58,18,93,1813,1
2021/2/7 23:00,1,0,19,58,18,93,1924,1
2021/2/8 0:00,1,0,19,58,17,93,2041,1
2021/2/8 1:00,1,0,19,58,17,93,2162,1
2021/2/8 2:00,1,0,19,59,17,93,2271,1
2021/2/8 3:00,1,0,19,58,17,94,2380,1
2021/2/8 4:00,1,0,19,58,16,94,2479,1
2021/2/8 5:00,1,0,18,58,16,94,2564,1
2021/2/8 6:00,1,0,18,58,16,94,2662,1
2021/2/8 7:00,1,0,18,58,16,94,2732,1
2021/2/8 8:00,1,4812,18,58,16,93,2748,1
2021/2/8 9:00,1,22608,20,59,24,82,2290,1
2021/2/8 10:00,1,27935,22,59,22,61,777,1
2021/2/8 11:00,1,37739,26,59,25,62,437,1
2021/2/8 12:00,1,40340,28,59,28,57,411,1
2021/2/8 13:00,1,39227,28,58,29,59,410,1
2021/2/8 14:00,1,25614,26,58,25,61,405,1
2021/2/8 15:00,1,14912,25,58,23,76,439,1
2021/2/8 16:00,1,5297,24,58,22,85,534,1
2021/2/8 17:00,1,0,22,58,20,90,752,1
2021/2/8 18:00,1,0,21,58,19,92,1015,1
2021/2/8 19:00,1,0,21,58,19,92,1284,1
2021/2/8 20:00,1,0,20,58,18,93,1524,1
2021/2/8 21:00,1,0,20,58,18,93,1742,1
2021/2/8 22:00,1,0,20,58,17,93,1927,1
2021/2/8 23:00,1,0,19,58,17,93,2085,1
2021/2/9 0:00,1,0,19,58,17,93,2260,1
2021/2/9 1:00,1,0,19,58,16,94,2409,1
2021/2/9 2:00,1,0,19,58,16,94,2543,1
2021/2/9 3:00,1,0,18,58,16,94,2668,1
2021/2/9 4:00,1,0,18,58,16,94,2784,1
2021/2/9 5:00,1,0,18,58,15,94,2888,1
2021/2/9 6:00,1,0,18,58,15,94,2976,1
2021/2/9 7:00,1,0,18,58,15,94,3019,1
2021/2/9 8:00,1,10380,18,58,18,91,2967,1
2021/2/9 9:00,1,27502,21,59,27,78,2286,1
2021/2/9 10:00,1,37540,23,59,28,67,1033,1
2021/2/9 11:00,1,42231,27,59,29,63,422,1
2021/2/9 12:00,1,40110,28,59,31,61,403,1
2021/2/9 13:00,1,40728,28,59,31,64,400,1
2021/2/9 14:00,1,34431,25,58,24,49,406,1
2021/2/9 15:00,1,23344,23,58,22,52,406,1
2021/2/9 16:00,1,11323,22,58,21,70,443,1
2021/2/9 17:00,1,19,22,58,20,87,619,1
2021/2/9 18:00,1,0,21,58,19,90,904,1
2021/2/9 19:00,1,0,21,58,19,91,1177,1
2021/2/9 20:00,1,0,20,58,18,92,1406,1
2021/2/9 21:00,1,0,20,58,18,92,1609,1
2021/2/9 22:00,1,0,20,58,17,93,1809,1
2021/2/9 23:00,1,0,19,58,17,93,1961,1
2021/2/10 0:00,1,0,19,58,17,93,2106,1
2021/2/10 1:00,1,0,19,58,17,93,2265,1
2021/2/10 2:00,1,0,19,58,16,94,2399,1
2021/2/10 3:00,1,0,18,58,16,94,2533,1
2021/2/10 4:00,1,0,18,58,16,94,2643,1
2021/2/10 5:00,1,0,18,58,16,94,2746,1
2021/2/10 6:00,1,0,18,58,15,95,2853,1
2021/2/10 7:00,1,0,18,58,15,95,2914,1
2021/2/10 8:00,1,5955,17,58,17,93,2970,1
2021/2/10 9:00,1,24112,21,58,27,83,2453,1
2021/2/10 10:00,1,32659,23,59,28,73,907,1
2021/2/10 11:00,1,34217,26,59,29,69,464,1
2021/2/10 12:00,1,31419,26,59,27,62,432,1
2021/2/10 13:00,1,25459,26,59,26,61,429,1
2021/2/10 14:00,1,17540,25,59,23,62,435,1
2021/2/10 15:00,1,13274,23,59,21,60,443,1
2021/2/10 16:00,1,2935,22,58,20,84,520,1
2021/2/10 17:00,1,0,21,58,20,90,748,1
2021/2/10 18:00,1,0,20,58,19,92,990,1
2021/2/10 19:00,1,0,20,58,19,93,1237,1
2021/2/10 20:00,1,0,19,58,18,93,1457,1
2021/2/10 21:00,1,0,19,58,18,94,1659,1
2021/2/10 22:00,1,0,19,58,18,94,1848,1
2021/2/10 23:00,1,0,19,58,17,94,2008,1
2021/2/11 0:00,1,0,19,58,17,94,2175,1
2021/2/11 1:00,1,0,18,58,17,94,2302,1
2021/2/11 2:00,1,0,18,58,16,94,2429,1
2021/2/11 3:00,1,0,18,58,16,95,2526,1
2021/2/11 4:00,1,0,18,58,16,95,2623,1
2021/2/11 5:00,1,0,18,58,16,95,2728,1
2021/2/11 6:00,1,0,18,57,16,95,2841,1
2021/2/11 7:00,1,0,18,57,15,95,2887,1
2021/2/11 8:00,1,9516,18,57,18,91,2778,1
2021/2/11 9:00,1,23600,21,58,27,84,2348,1
2021/2/11 10:00,1,34041,23,59,28,74,1077,1
2021/2/11 11:00,1,33154,23,59,23,63,474,1
2021/2/11 12:00,1,28119,22,58,21,62,453,1
2021/2/11 13:00,1,35721,23,58,24,56,443,1
2021/2/11 14:00,1,33279,24,59,26,54,419,1
2021/2/11 15:00,1,20105,24,59,23,62,420,1
2021/2/11 16:00,1,9763,22,58,22,74,443,1
2021/2/11 17:00,1,1475,21,58,19,84,541,1
2021/2/11 18:00,1,0,20,58,19,91,779,1
2021/2/11 19:00,1,0,20,58,19,92,1001,1
2021/2/11 20:00,1,0,19,58,18,93,1203,1
2021/2/11 21:00,1,0,19,58,18,94,1357,1
2021/2/11 22:00,1,0,19,58,18,94,1478,1
2021/2/11 23:00,1,0,19,58,18,94,1604,1
2021/2/12 0:00,1,0,19,58,17,94,1699,1
2021/2/12 1:00,1,0,19,58,17,94,1793,1
2021/2/12 2:00,1,0,18,58,17,94,1862,1
2021/2/12 3:00,1,0,18,57,16,94,1909,1
2021/2/12 4:00,1,0,18,57,16,95,1943,1
2021/2/12 5:00,1,0,18,57,16,95,1975,1
2021/2/12 6:00,1,0,18,57,16,95,2003,1
2021/2/12 7:00,1,0,18,57,16,95,2026,1
2021/2/12 8:00,1,311,18,57,16,95,1992,1
2021/2/12 9:00,1,12415,18,57,19,92,1949,1
2021/2/12 10:00,1,34260,21,58,25,74,825,1
2021/2/12 11:00,1,38517,23,58,27,65,451,1
2021/2/12 12:00,1,35437,24,59,26,61,425,1
2021/2/12 13:00,1,22489,22,58,23,65,420,1
2021/2/12 14:00,1,12306,22,58,21,70,433,1
2021/2/12 15:00,1,5657,20,58,19,77,458,1
2021/2/12 16:00,1,3222,20,58,21,90,522,1
2021/2/12 17:00,1,7,20,58,20,93,700,1
2021/2/12 18:00,1,0,20,58,19,94,883,1
2021/2/12 19:00,1,0,19,58,19,94,1034,1
2021/2/12 20:00,1,0,19,58,18,94,1179,1
2021/2/12 21:00,1,0,19,58,18,95,1304,1
2021/2/12 22:00,1,0,19,58,18,95,1408,1
2021/2/12 23:00,1,0,19,57,18,95,1434,1
2021/2/13 0:00,1,0,18,57,17,95,1449,1
2021/2/13 1:00,1,0,18,57,17,95,1469,1
2021/2/13 2:00,1,0,18,57,17,95,1532,1
2021/2/13 3:00,1,0,18,57,17,95,1582,1
2021/2/13 4:00,1,0,18,57,17,95,1641,1
2021/2/13 5:00,1,0,18,57,17,95,1691,1
2021/2/13 6:00,1,0,18,57,17,96,1710,1
2021/2/13 7:00,1,428,18,56,16,95,1645,1
2021/2/13 8:00,1,2281,18,56,16,94,1595,1
2021/2/13 9:00,1,4857,18,56,18,94,1543,1
2021/2/13 10:00,1,10506,19,57,20,90,967,1
2021/2/13 11:00,1,21184,20,57,22,82,523,1
2021/2/13 12:00,1,17752,21,58,22,80,475,1
2021/2/13 13:00,1,21928,22,58,25,76,451,1
2021/2/13 14:00,1,13339,22,58,23,78,453,1
2021/2/13 15:00,1,4530,20,58,20,84,485,1
2021/2/13 16:00,1,608,19,57,18,89,566,1
2021/2/13 17:00,1,24,19,57,19,93,755,1
2021/2/13 18:00,1,0,19,57,19,94,939,1
2021/2/13 19:00,1,0,19,57,18,94,1101,1
2021/2/13 20:00,1,0,19,57,18,95,1264,1
2021/2/13 21:00,1,0,19,57,18,95,1400,1
2021/2/13 22:00,1,0,19,57,18,95,1545,1
2021/2/13 23:00,1,0,19,57,17,95,1659,1
2021/2/14 0:00,1,0,18,57,17,96,1742,1
2021/2/14 1:00,1,0,18,57,17,96,1813,1
2021/2/14 2:00,1,0,18,57,17,96,1883,1
2021/2/14 3:00,1,0,18,57,17,96,1947,1
2021/2/14 4:00,1,0,18,57,17,96,2004,1
2021/2/14 5:00,1,0,18,56,17,96,2094,1
2021/2/14 6:00,1,0,18,56,16,96,2173,1
2021/2/14 7:00,1,6,18,56,16,96,2223,1
2021/2/14 8:00,1,994,17,57,16,96,2247,1
2021/2/14 9:00,1,1381,17,56,16,96,2237,1
2021/2/14 10:00,1,1789,17,57,16,96,2223,1
2021/2/14 11:00,1,6969,18,56,18,95,2068,1
2021/2/14 12:00,1,15757,19,57,24,91,1491,1
2021/2/14 13:00,1,33403,22,58,29,81,544,1
2021/2/14 14:00,1,16557,21,58,24,84,472,1
2021/2/14 15:00,1,5833,20,58,20,88,502,1
2021/2/14 16:00,1,2341,19,58,20,92,587,1
2021/2/14 17:00,1,37,19,58,19,94,756,1
2021/2/14 18:00,1,0,19,58,18,95,936,1
2021/2/14 19:00,1,0,18,58,17,95,1098,1
2021/2/14 20:00,1,0,18,57,17,95,1220,1
2021/2/14 21:00,1,0,18,57,17,95,1315,1
2021/2/14 22:00,1,0,18,57,16,95,1462,1
2021/2/14 23:00,1,0,18,57,17,96,1601,1
2021/2/15 0:00,1,0,18,57,17,96,1726,1
2021/2/15 1:00,1,0,18,57,16,96,1834,1
2021/2/15 2:00,1,0,17,57,16,96,1936,1
2021/2/15 3:00,1,0,17,57,16,96,2002,1
2021/2/15 4:00,1,0,17,56,16,96,1957,1
2021/2/15 5:00,1,0,17,56,16,96,1865,1
2021/2/15 6:00,1,0,17,56,15,96,1821,1
2021/2/15 7:00,1,2,17,56,15,96,1793,1
2021/2/15 8:00,1,37,17,56,15,96,1751,1
2021/2/15 9:00,1,2622,17,56,16,96,1710,1
2021/2/15 10:00,1,15523,18,56,20,91,1414,1
2021/2/15 11:00,1,27563,19,57,22,83,557,1
2021/2/15 12:00,1,22407,22,58,27,83,401,1
2021/2/15 13:00,1,10050,20,58,20,89,433,1
2021/2/15 14:00,1,10505,20,58,20,89,437,1
2021/2/15 15:00,1,6803,19,58,18,89,514,1
2021/2/15 16:00,1,3835,18,57,17,91,579,1
2021/2/15 17:00,1,555,18,57,16,93,698,1
2021/2/15 18:00,1,0,18,57,16,95,883,1
2021/2/15 19:00,1,0,17,57,16,96,1058,1
2021/2/15 20:00,1,0,17,57,16,96,1257,1
2021/2/15 21:00,1,0,17,56,15,96,1424,1
2021/2/15 22:00,1,0,17,56,15,96,1567,1
2021/2/15 23:00,1,0,17,56,15,96,1700,1
2021/2/16 0:00,1,0,17,56,15,96,1818,1
2021/2/16 1:00,1,0,16,56,15,96,1929,1
2021/2/16 2:00,1,0,16,56,14,96,2025,1
2021/2/16 3:00,1,0,16,56,14,96,2116,1
2021/2/16 4:00,1,0,16,56,14,96,2186,1
2021/2/16 5:00,1,0,16,56,14,96,2293,1
2021/2/16 6:00,1,0,16,56,14,96,2391,1
2021/2/16 7:00,1,0,16,51,14,96,2461,1
2021/2/16 8:00,1,8916,17,47,16,93,2426,1
2021/2/16 9:00,1,26838,18,48,27,84,1877,1
2021/2/16 10:00,1,36800,19,49,28,74,656,1
2021/2/16 11:00,1,40179,21,49,31,71,449,1
2021/2/16 12:00,1,39242,21,50,30,64,428,1
2021/2/16 13:00,1,38854,22,50,30,65,432,1
2021/2/16 14:00,1,32521,22,50,26,58,451,1
2021/2/16 15:00,1,19636,22,49,24,71,446,1
2021/2/16 16:00,1,10164,21,49,20,76,492,1
2021/2/16 17:00,1,1170,20,48,19,89,619,1
2021/2/16 18:00,1,0,20,48,18,93,837,1
2021/2/16 19:00,1,0,20,48,18,94,1047,1
2021/2/16 20:00,1,0,19,48,17,94,1278,1
2021/2/16 21:00,1,0,19,48,17,95,1465,1
2021/2/16 22:00,1,0,19,48,17,95,1636,1
2021/2/16 23:00,1,0,19,48,17,95,1727,1
2021/2/17 0:00,1,0,18,48,16,95,1834,1
2021/2/17 1:00,1,0,18,48,16,95,1927,1
2021/2/17 2:00,1,0,18,47,16,95,2029,1
2021/2/17 3:00,1,0,18,47,15,96,2137,1
2021/2/17 4:00,1,0,18,47,15,96,2238,1
2021/2/17 5:00,1,0,18,47,15,96,2319,1
2021/2/17 6:00,1,0,17,47,14,96,2394,1
2021/2/17 7:00,1,0,17,47,14,96,2466,1
2021/2/17 8:00,1,11756,17,47,18,91,2409,1
2021/2/17 9:00,1,29120,19,48,27,81,1805,1
2021/2/17 10:00,1,39154,20,48,26,72,613,1
2021/2/17 11:00,1,42027,21,49,29,68,419,1
2021/2/17 12:00,1,41366,21,49,30,71,408,1
2021/2/17 13:00,1,42092,22,49,28,67,429,1
2021/2/17 14:00,1,37295,22,49,29,72,431,1
2021/2/17 15:00,1,23899,22,49,24,71,452,1
2021/2/17 16:00,1,14134,22,49,24,85,456,1
2021/2/17 17:00,1,732,21,49,21,91,578,1
2021/2/17 18:00,1,0,21,48,20,94,869,1
2021/2/17 19:00,1,0,20,48,19,94,1115,1
2021/2/17 20:00,1,0,20,48,18,94,1324,1
2021/2/17 21:00,1,0,20,48,17,95,1527,1
2021/2/17 22:00,1,0,19,48,17,95,1689,1
2021/2/17 23:00,1,0,19,48,17,95,1828,1
2021/2/18 0:00,1,0,19,48,16,95,1954,1
2021/2/18 1:00,1,0,19,47,16,95,2087,1
2021/2/18 2:00,1,0,18,47,15,95,2230,1
2021/2/18 3:00,1,0,18,47,15,96,2328,1
2021/2/18 4:00,1,0,18,47,15,96,2428,1
2021/2/18 5:00,1,0,18,47,15,96,2513,1
2021/2/18 6:00,1,0,18,47,14,96,2585,1
2021/2/18 7:00,1,0,17,47,14,96,2630,1
2021/2/18 8:00,1,10722,17,47,17,93,2630,1
2021/2/18 9:00,1,30834,19,47,27,77,1870,1
2021/2/18 10:00,1,39524,20,48,25,71,543,1
2021/2/18 11:00,1,42871,20,48,28,65,448,1
2021/2/18 12:00,1,40853,21,48,29,66,430,1
2021/2/18 13:00,1,41878,21,48,28,64,440,1
2021/2/18 14:00,1,34816,21,48,25,60,446,1
2021/2/18 15:00,1,23519,20,47,18,56,464,1
2021/2/18 16:00,1,11415,19,46,20,77,480,1
2021/2/18 17:00,1,801,19,47,19,90,550,1
2021/2/18 18:00,1,0,19,47,18,93,796,1
2021/2/18 19:00,1,0,19,47,18,94,1001,1
2021/2/18 20:00,1,0,19,47,17,94,1234,1
2021/2/18 21:00,1,0,19,47,17,94,1419,1
2021/2/18 22:00,1,0,18,47,16,95,1582,1
2021/2/18 23:00,1,0,18,47,16,95,1743,1
2021/2/19 0:00,1,0,18,47,16,95,1880,1
2021/2/19 1:00,1,0,18,47,16,95,1995,1
2021/2/19 2:00,1,0,18,46,15,95,2103,1
2021/2/19 3:00,1,0,18,46,15,95,2202,1
2021/2/19 4:00,1,0,18,46,15,95,2290,1
2021/2/19 5:00,1,0,17,46,15,96,2334,1
2021/2/19 6:00,1,0,17,46,15,96,2398,1
2021/2/19 7:00,1,0,17,46,15,96,2420,1
2021/2/19 8:00,1,8322,17,46,17,94,2482,1
2021/2/19 9:00,1,29296,19,47,26,77,1525,1
2021/2/19 10:00,1,38340,19,47,28,70,495,1
2021/2/19 11:00,1,42605,20,47,28,58,444,1
2021/2/19 12:00,1,41030,20,47,30,58,443,1
2021/2/19 13:00,1,41015,21,47,32,57,426,1
2021/2/19 14:00,1,34234,21,47,29,51,428,1
2021/2/19 15:00,1,22254,21,47,26,52,429,1
2021/2/19 16:00,1,13487,20,46,24,63,443,1
2021/2/19 17:00,1,1692,20,46,22,86,526,1
2021/2/19 18:00,1,0,20,46,20,90,726,1
2021/2/19 19:00,1,0,20,46,20,92,919,1
2021/2/19 20:00,1,0,20,46,19,94,1106,1
2021/2/19 21:00,1,0,19,46,19,94,1248,1
2021/2/19 22:00,1,0,19,46,18,94,1310,1
2021/2/19 23:00,1,0,19,46,18,94,1337,1
2021/2/20 0:00,1,0,19,46,18,94,1336,1
2021/2/20 1:00,1,0,19,46,18,94,1348,1
2021/2/20 2:00,1,0,19,46,17,95,1400,1
2021/2/20 3:00,1,0,19,46,17,95,1400,1
2021/2/20 4:00,1,0,18,46,17,95,1452,1
2021/2/20 5:00,1,0,18,46,17,95,1502,1
2021/2/20 6:00,1,0,18,46,16,96,1552,1
2021/2/20 7:00,1,1542,18,46,17,95,1560,1
2021/2/20 8:00,1,15598,19,46,22,89,1274,1
2021/2/20 9:00,1,29792,20,47,30,79,671,1
2021/2/20 10:00,1,40532,21,47,32,70,431,1
2021/2/20 11:00,1,43576,22,47,32,62,429,1
2021/2/20 12:00,1,41169,22,47,33,57,424,1
2021/2/20 13:00,1,40784,22,47,32,50,408,1
2021/2/20 14:00,1,36211,22,47,31,49,419,1
2021/2/20 15:00,1,25891,22,46,29,49,421,1
2021/2/20 16:00,1,14353,22,46,26,60,439,1
2021/2/20 17:00,1,2105,21,46,23,79,528,1
2021/2/20 18:00,1,0,21,46,22,89,762,1
2021/2/20 19:00,1,0,21,46,21,91,985,1
2021/2/20 20:00,1,0,21,46,21,92,1213,1
2021/2/20 21:00,1,0,21,46,20,93,1385,1
2021/2/20 22:00,1,0,21,46,20,94,1605,1
2021/2/20 23:00,1,0,20,46,20,95,1785,1
2021/2/21 0:00,1,0,20,46,20,94,1810,1
2021/2/21 1:00,1,0,20,46,20,94,1826,1
2021/2/21 2:00,1,0,20,46,19,94,1771,1
2021/2/21 3:00,1,0,20,46,19,94,1829,1
2021/2/21 4:00,1,0,20,46,19,95,1940,1
2021/2/21 5:00,1,0,20,46,19,95,2032,1
2021/2/21 6:00,1,0,20,46,18,95,2102,1
2021/2/21 7:00,1,650,20,46,18,95,2157,1
2021/2/21 8:00,1,17689,20,46,24,87,1741,1
2021/2/21 9:00,1,32216,21,46,31,75,821,1
2021/2/21 10:00,1,41613,22,47,33,67,442,1
2021/2/21 11:00,1,43665,22,47,33,59,421,1
2021/2/21 12:00,1,42074,23,47,35,54,419,1
2021/2/21 13:00,1,41275,24,47,35,58,402,1
2021/2/21 14:00,1,36870,24,47,33,59,419,1
2021/2/21 15:00,1,24791,24,46,31,60,433,1
2021/2/21 16:00,1,13313,23,46,28,66,467,1
2021/2/21 17:00,1,2702,23,46,23,77,523,1
2021/2/21 18:00,1,0,22,45,23,89,763,1
2021/2/21 19:00,1,0,22,45,23,92,1022,1
2021/2/21 20:00,1,0,22,45,22,93,1261,1
2021/2/21 21:00,1,0,22,45,22,94,1462,1
2021/2/21 22:00,1,0,21,45,21,94,1671,1
2021/2/21 23:00,1,0,21,45,21,94,1833,1
2021/2/22 0:00,1,0,21,45,21,95,1973,1
2021/2/22 1:00,1,0,21,45,20,95,2106,1
2021/2/22 2:00,1,0,21,45,20,95,2245,1
2021/2/22 3:00,1,0,21,45,20,95,2351,1
2021/2/22 4:00,1,0,21,45,20,95,2467,1
2021/2/22 5:00,1,0,21,45,19,96,2572,1
2021/2/22 6:00,1,0,20,45,19,96,2656,1
2021/2/22 7:00,1,1931,20,45,19,95,2684,1
2021/2/22 8:00,1,12159,21,45,23,90,2370,1
2021/2/22 9:00,1,22583,21,46,27,82,1167,1
2021/2/22 10:00,1,29953,22,46,23,56,524,1
2021/2/22 11:00,1,33987,22,45,27,52,491,1
2021/2/22 12:00,1,34660,22,45,28,48,471,1
2021/2/22 13:00,1,34533,22,45,26,48,454,1
2021/2/22 14:00,1,29828,22,45,26,48,450,1
2021/2/22 15:00,1,19370,21,44,24,50,446,1
2021/2/22 16:00,1,8967,21,44,24,80,495,1
2021/2/22 17:00,1,1518,21,44,21,88,586,1
2021/2/22 18:00,1,0,21,45,21,91,825,1
2021/2/22 19:00,1,0,21,45,21,93,1037,1
2021/2/22 20:00,1,0,21,45,20,94,1260,1
2021/2/22 21:00,1,0,21,45,20,94,1428,1
2021/2/22 22:00,1,0,21,45,20,95,1569,1
2021/2/22 23:00,1,0,21,45,19,95,1709,1
2021/2/23 0:00,1,0,20,45,19,95,1828,1
2021/2/23 1:00,1,0,20,45,19,95,1970,1
2021/2/23 2:00,1,0,20,45,19,96,2102,1
2021/2/23 3:00,1,0,20,45,19,96,2229,1
2021/2/23 4:00,1,0,20,45,18,96,2295,1
2021/2/23 5:00,1,0,20,44,18,96,2308,1
2021/2/23 6:00,1,0,20,44,18,96,2290,1
2021/2/23 7:00,1,0,20,44,18,96,2252,1
2021/2/23 8:00,1,3148,20,44,18,95,2202,1
2021/2/23 9:00,1,19526,20,44,23,90,1858,1
2021/2/23 10:00,1,33014,21,45,27,77,924,1
2021/2/23 11:00,1,35668,20,44,24,69,467,1
2021/2/23 12:00,1,36907,21,44,29,77,427,1
2021/2/23 13:00,1,38569,22,45,30,73,418,1
2021/2/23 14:00,1,34164,21,44,23,66,463,1
2021/2/23 15:00,1,21176,20,44,20,67,468,1
2021/2/23 16:00,1,10279,20,43,21,85,472,1
2021/2/23 17:00,1,1276,20,44,20,91,567,1
2021/2/23 18:00,1,0,20,44,19,92,809,1
2021/2/23 19:00,1,0,20,44,19,93,966,1
2021/2/23 20:00,1,0,20,44,18,93,1088,1
2021/2/23 21:00,1,0,20,44,18,93,1212,1
2021/2/23 22:00,1,0,19,44,18,94,1324,1
2021/2/23 23:00,1,0,19,44,18,94,1423,1
2021/2/24 0:00,1,0,19,44,17,94,1503,1
2021/2/24 1:00,1,0,19,44,17,94,1624,1
2021/2/24 2:00,1,0,19,44,17,95,1661,1
2021/2/24 3:00,1,0,19,44,17,95,1716,1
2021/2/24 4:00,1,0,19,44,17,95,1764,1
2021/2/24 5:00,1,0,19,44,17,96,1828,1
2021/2/24 6:00,1,0,19,44,17,96,1882,1
2021/2/24 7:00,1,0,18,44,16,96,1921,1
2021/2/24 8:00,1,1467,18,44,17,96,1971,1
2021/2/24 9:00,1,4240,18,44,17,94,1849,1
2021/2/24 10:00,1,7836,18,44,18,93,1506,1
2021/2/24 11:00,1,9419,19,44,20,93,1044,1
2021/2/24 12:00,1,11471,19,44,22,92,621,1
2021/2/24 13:00,1,9706,20,44,23,93,411,1
2021/2/24 14:00,1,12519,19,44,18,85,480,1
2021/2/24 15:00,1,11496,18,43,16,84,544,1
2021/2/24 16:00,1,1765,18,43,17,93,584,1
2021/2/24 17:00,1,107,18,43,16,95,783,1
2021/2/24 18:00,1,0,18,43,17,96,983,1
2021/2/24 19:00,1,0,18,43,17,97,1167,1
2021/2/24 20:00,1,0,18,43,17,97,1328,1
2021/2/24 21:00,1,0,18,43,16,97,1456,1
2021/2/24 22:00,1,0,18,43,16,96,1549,1
2021/2/24 23:00,1,0,17,43,15,96,1618,1
2021/2/25 0:00,1,0,17,43,15,96,1698,1
2021/2/25 1:00,1,0,17,43,15,97,1773,1
2021/2/25 2:00,1,0,17,43,15,97,1834,1
2021/2/25 3:00,1,0,17,44,15,96,1862,1
2021/2/25 4:00,1,0,17,44,14,96,1875,1
2021/2/25 5:00,1,0,16,44,14,96,1867,1
2021/2/25 6:00,1,0,16,45,14,97,1865,1
2021/2/25 7:00,1,0,16,45,14,97,1876,1
2021/2/25 8:00,1,0,16,45,14,97,1889,1
2021/2/25 9:00,1,0,16,45,14,97,1880,1
2021/2/25 10:00,1,1068,16,45,14,97,1871,1
2021/2/25 11:00,1,2315,16,45,13,96,1721,1
2021/2/25 12:00,1,3273,16,45,13,96,1526,1
2021/2/25 13:00,1,2253,16,45,13,96,1393,1
2021/2/25 14:00,1,1931,16,44,13,96,1351,1
2021/2/25 15:00,1,1531,16,44,13,96,1345,1
2021/2/25 16:00,1,470,16,44,12,96,1368,1
2021/2/25 17:00,1,0,16,44,13,97,1444,1
2021/2/25 18:00,1,0,16,44,13,97,1506,1
2021/2/25 19:00,1,0,15,44,13,97,1553,1
2021/2/25 20:00,1,0,15,44,13,97,1604,1
2021/2/25 21:00,1,0,15,44,13,97,1655,1
2021/2/25 22:00,1,0,15,44,13,98,1688,1
2021/2/25 23:00,1,0,15,44,13,97,1710,1
2021/2/26 0:00,1,0,15,44,13,98,1728,1
2021/2/26 1:00,1,0,15,44,13,98,1776,1
2021/2/26 2:00,1,0,15,44,13,98,1828,1
2021/2/26 3:00,1,0,15,44,13,98,1896,1
2021/2/26 4:00,1,0,15,44,13,98,1948,1
2021/2/26 5:00,1,0,15,44,13,98,1981,1
2021/2/26 6:00,1,0,15,44,13,98,2019,1
2021/2/26 7:00,1,3,15,44,13,98,2085,1
2021/2/26 8:00,1,64,15,44,13,98,2034,1
2021/2/26 9:00,1,2765,15,44,13,96,1950,1
2021/2/26 10:00,1,6047,16,53,14,95,1593,1
2021/2/26 11:00,1,9182,16,55,16,93,1054,1
2021/2/26 12:00,1,15293,16,55,16,89,617,1
2021/2/26 13:00,1,14474,17,56,17,87,567,1
2021/2/26 14:00,1,10519,17,56,17,92,565,1
2021/2/26 15:00,1,5806,17,57,18,94,461,1
2021/2/26 16:00,1,950,17,57,17,96,509,1
2021/2/26 17:00,1,0,17,57,15,98,729,1
2021/2/26 18:00,1,0,17,57,15,98,902,1
2021/2/26 19:00,1,0,17,58,15,98,1051,1
2021/2/26 20:00,1,0,17,58,14,98,1205,1
2021/2/26 21:00,1,0,17,58,14,98,1336,1
2021/2/26 22:00,1,0,16,58,14,98,1482,1
2021/2/26 23:00,1,0,16,58,14,98,1583,1
2021/2/27 0:00,1,0,16,58,14,98,1677,1
2021/2/27 1:00,1,0,16,58,14,98,1759,1
2021/2/27 2:00,1,0,16,58,14,98,1821,1
2021/2/27 3:00,1,0,16,58,14,98,1895,1
2021/2/27 4:00,1,0,16,58,14,98,1967,1
2021/2/27 5:00,1,0,16,58,14,98,2042,1
2021/2/27 6:00,1,0,16,58,13,98,2120,1
2021/2/27 7:00,1,505,16,58,13,98,2201,1
2021/2/27 8:00,1,6312,16,58,16,96,2044,1
2021/2/27 9:00,1,5565,16,58,16,95,1715,1
2021/2/27 10:00,1,9359,16,58,19,95,1343,1
2021/2/27 11:00,1,15186,17,58,21,91,781,1
2021/2/27 12:00,1,35296,17,58,26,82,509,1
2021/2/27 13:00,1,42516,18,57,31,78,446,1
2021/2/27 14:00,1,35222,19,56,24,67,509,1
2021/2/27 15:00,1,22537,18,53,22,71,514,1
2021/2/27 16:00,1,12713,18,50,24,91,458,1
2021/2/27 17:00,1,1730,18,49,21,94,486,1
2021/2/27 18:00,1,0,18,49,19,97,748,1
2021/2/27 19:00,1,0,18,49,18,97,974,1
2021/2/27 20:00,1,0,18,49,17,97,1196,1
2021/2/27 21:00,1,0,18,49,17,97,1368,1
2021/2/27 22:00,1,0,18,49,17,97,1504,1
2021/2/27 23:00,1,0,18,49,16,97,1641,1
2021/2/28 0:00,1,0,18,49,16,97,1781,1
2021/2/28 1:00,1,0,18,49,16,97,1892,1
2021/2/28 2:00,1,0,18,49,16,98,2002,1
2021/2/28 3:00,1,0,18,49,16,98,2128,1
2021/2/28 4:00,1,0,17,49,16,98,2244,1
2021/2/28 5:00,1,0,17,49,16,98,2326,1
2021/2/28 6:00,1,0,17,49,16,98,2403,1
2021/2/28 7:00,1,0,17,50,16,98,2504,1
2021/2/28 8:00,1,2361,17,50,16,98,2488,1
2021/2/28 9:00,1,5177,17,50,18,97,2274,1
2021/2/28 10:00,1,6320,18,50,19,96,1881,1
2021/2/28 11:00,1,3870,18,50,17,94,1206,1
2021/2/28 12:00,1,4600,17,50,16,94,677,1
2021/2/28 13:00,1,3790,17,50,15,94,677,1
2021/2/28 14:00,1,1371,17,50,15,94,718,1
2021/2/28 15:00,1,1188,17,50,15,96,787,1
2021/2/28 16:00,1,472,17,50,15,97,907,1
2021/2/28 17:00,1,0,17,50,15,98,1079,1
2021/2/28 18:00,1,0,17,51,15,98,1258,1
2021/2/28 19:00,1,0,17,51,15,98,1423,1
2021/2/28 20:00,1,0,17,51,15,98,1566,1
2021/2/28 21:00,1,0,17,51,15,99,1707,1
2021/2/28 22:00,1,0,17,51,15,99,1833,1
2021/2/28 23:00,1,0,17,50,15,99,1951,1
2021/3/1 0:00,1,0,17,50,15,99,2080,1
2021/3/1 1:00,1,0,17,51,15,99,2180,1
2021/3/1 2:00,1,0,17,52,15,99,2234,1
2021/3/1 3:00,1,0,17,53,15,99,2284,1
2021/3/1 4:00,1,0,17,54,15,99,2331,1
2021/3/1 5:00,1,0,17,55,15,99,2349,1
2021/3/1 6:00,1,0,17,57,15,99,2394,1
2021/3/1 7:00,1,0,17,60,15,99,2389,1
2021/3/1 8:00,1,12,17,63,14,99,2283,1
2021/3/1 9:00,1,1842,16,65,14,98,2051,1
2021/3/1 10:00,1,2755,16,66,14,97,1832,1
2021/3/1 11:00,1,3849,16,67,14,97,1576,1
2021/3/1 12:00,1,2271,16,68,14,97,1341,1
2021/3/1 13:00,1,4094,16,72,14,97,1262,1
2021/3/1 14:00,1,3844,16,66,13,96,1080,1
2021/3/1 15:00,1,7354,16,56,15,96,864,1
2021/3/1 16:00,1,4259,16,51,15,96,732,1
2021/3/1 17:00,1,0,16,49,14,98,772,1
2021/3/1 18:00,1,0,16,48,14,98,921,1
2021/3/1 19:00,1,0,16,48,14,98,1061,1
2021/3/1 20:00,1,0,16,47,13,98,1217,1
2021/3/1 21:00,1,0,16,47,13,98,1333,1
2021/3/1 22:00,1,0,16,46,13,98,1438,1
2021/3/1 23:00,1,0,16,46,13,98,1513,1
2021/3/2 0:00,1,0,16,46,12,98,1581,1
2021/3/2 1:00,1,0,16,45,12,98,1645,1
2021/3/2 2:00,1,0,16,45,12,98,1712,1
2021/3/2 3:00,1,0,15,45,12,98,1762,1
2021/3/2 4:00,1,0,15,45,12,98,1790,1
2021/3/2 5:00,1,0,15,45,11,98,1779,1
2021/3/2 6:00,1,0,15,45,11,98,1761,1
2021/3/2 7:00,1,0,15,44,11,98,1738,1
2021/3/2 8:00,1,4742,15,44,12,98,1758,1
2021/3/2 9:00,1,31404,16,44,26,87,1306,1
2021/3/2 10:00,1,39381,17,45,30,81,538,1
2021/3/2 11:00,1,42056,17,45,29,78,471,1
2021/3/2 12:00,1,41207,18,46,28,77,477,1
2021/3/2 13:00,1,40307,19,46,28,80,487,1
2021/3/2 14:00,1,36215,19,46,28,80,477,1
2021/3/2 15:00,1,24572,19,46,24,79,511,1
2021/3/2 16:00,1,13070,19,46,20,86,531,1
2021/3/2 17:00,1,1845,19,45,19,94,552,1
2021/3/2 18:00,1,0,18,45,18,96,757,1
2021/3/2 19:00,1,0,18,45,17,97,953,1
2021/3/2 20:00,1,0,18,45,17,97,1140,1
2021/3/2 21:00,1,0,18,45,16,97,1309,1
2021/3/2 22:00,1,0,18,45,16,97,1454,1
2021/3/2 23:00,1,0,18,45,15,97,1579,1
2021/3/3 0:00,1,0,17,45,15,97,1677,1
2021/3/3 1:00,1,0,17,45,15,97,1758,1
2021/3/3 2:00,1,0,17,45,15,97,1845,1
2021/3/3 3:00,1,0,17,45,14,97,1919,1
2021/3/3 4:00,1,0,17,45,14,97,1979,1
2021/3/3 5:00,1,0,17,45,14,97,2057,1
2021/3/3 6:00,1,0,17,45,14,97,2131,1
2021/3/3 7:00,1,0,17,45,14,98,2193,1
2021/3/3 8:00,1,0,17,45,14,98,2275,1
2021/3/3 9:00,1,8020,17,45,16,97,2178,1
2021/3/3 10:00,1,21565,17,45,24,92,1338,1
2021/3/3 11:00,1,38234,18,46,29,81,604,1
2021/3/3 12:00,1,39455,18,46,29,76,492,1
2021/3/3 13:00,1,40109,18,47,29,77,490,1
2021/3/3 14:00,1,34703,18,54,26,75,498,1
2021/3/3 15:00,1,19737,19,57,22,76,515,1
2021/3/3 16:00,1,12186,19,57,22,88,478,1
2021/3/3 17:00,1,2080,19,58,20,94,500,1
2021/3/3 18:00,1,0,19,58,19,96,685,1
2021/3/3 19:00,1,0,0,0,0,0,0,1
2021/3/3 20:00,1,0,18,58,17,97,1198,1
2021/3/3 21:00,1,0,18,57,17,97,1365,1
2021/3/3 22:00,1,0,18,57,16,97,1515,1
2021/3/3 23:00,1,0,18,57,16,97,1652,1
2021/3/4 0:00,1,0,18,57,16,97,1762,1
2021/3/4 1:00,1,0,18,56,15,97,1880,1
2021/3/4 2:00,1,0,18,56,15,97,1974,1
2021/3/4 3:00,1,0,18,56,15,97,2067,1
2021/3/4 4:00,1,0,17,56,15,97,2143,1
2021/3/4 5:00,1,0,17,56,14,97,2225,1
2021/3/4 6:00,1,0,17,55,14,97,2297,1
2021/3/4 7:00,1,32,17,55,14,97,2346,1
2021/3/4 8:00,1,17730,17,55,20,93,1987,1
2021/3/4 9:00,1,29950,18,56,30,85,1081,1
2021/3/4 10:00,1,38763,18,57,29,79,549,1
2021/3/4 11:00,1,41630,19,57,28,76,523,1
2021/3/4 12:00,1,39314,19,57,29,77,526,1
2021/3/4 13:00,1,38908,20,58,30,78,512,1
2021/3/4 14:00,1,30332,20,58,27,76,528,1
2021/3/4 15:00,1,22050,20,57,23,74,541,1
2021/3/4 16:00,1,12249,20,56,24,90,500,1
2021/3/4 17:00,1,2062,20,56,22,94,517,1
2021/3/4 18:00,1,0,20,55,21,97,759,1
2021/3/4 19:00,1,0,20,55,20,97,998,1
2021/3/4 20:00,1,0,20,55,19,97,1233,1
2021/3/4 21:00,1,0,19,54,19,98,1421,1
2021/3/4 22:00,1,0,19,54,18,98,1603,1
2021/3/4 23:00,1,0,19,54,18,98,1752,1
2021/3/5 0:00,1,0,19,53,18,98,1888,1
2021/3/5 1:00,1,0,19,53,17,98,1998,1
2021/3/5 2:00,1,0,19,53,17,97,2107,1
2021/3/5 3:00,1,0,19,53,17,98,2212,1
2021/3/5 4:00,1,0,18,53,17,98,2329,1
2021/3/5 5:00,1,0,18,53,16,98,2406,1
2021/3/5 6:00,1,0,18,53,16,98,2475,1
2021/3/5 7:00,1,2180,18,52,17,98,2579,1
2021/3/5 8:00,1,14309,18,52,21,93,2306,1
2021/3/5 9:00,1,25349,19,53,28,88,1405,1
2021/3/5 10:00,1,27758,19,54,29,82,550,1
2021/3/5 11:00,1,21405,20,54,26,83,505,1
2021/3/5 12:00,1,22773,20,54,25,84,530,1
2021/3/5 13:00,1,28536,20,55,30,81,504,1
2021/3/5 14:00,1,16185,20,55,25,84,510,1
2021/3/5 15:00,1,16956,20,54,25,82,535,1
2021/3/5 16:00,1,10813,20,54,24,86,538,1
2021/3/5 17:00,1,1070,20,54,22,94,589,1
2021/3/5 18:00,1,0,20,54,21,97,829,1
2021/3/5 19:00,1,0,20,53,20,97,1074,1
2021/3/5 20:00,1,0,20,53,20,98,1319,1
2021/3/5 21:00,1,0,20,53,19,98,1530,1
2021/3/5 22:00,1,0,20,53,19,98,1678,1
2021/3/5 23:00,1,0,19,53,19,98,1823,1
2021/3/6 0:00,1,0,19,53,19,98,1925,1
2021/3/6 1:00,1,0,19,53,18,98,1957,1
2021/3/6 2:00,1,0,19,53,18,98,1976,1
2021/3/6 3:00,1,0,19,53,18,98,2002,1
2021/3/6 4:00,1,0,19,53,18,98,2050,1
2021/3/6 5:00,1,0,19,53,17,98,2026,1
2021/3/6 6:00,1,0,19,52,17,98,1955,1
2021/3/6 7:00,1,155,19,52,17,98,1925,1
2021/3/6 8:00,1,3260,18,52,16,96,1751,1
2021/3/6 9:00,1,4921,18,52,17,96,1320,1
2021/3/6 10:00,1,7117,18,52,18,95,990,1
2021/3/6 11:00,1,6806,18,52,16,93,725,1
2021/3/6 12:00,1,7560,18,51,14,93,651,1
2021/3/6 13:00,1,9050,18,51,15,92,630,1
2021/3/6 14:00,1,5962,17,51,14,92,639,1
2021/3/6 15:00,1,4276,17,50,15,94,648,1
2021/3/6 16:00,1,3048,17,51,16,95,659,1
2021/3/6 17:00,1,15,17,51,15,96,763,1
2021/3/6 18:00,1,0,17,51,15,98,940,1
2021/3/6 19:00,1,0,17,51,15,98,1090,1
2021/3/6 20:00,1,0,17,51,15,98,1253,1
2021/3/6 21:00,1,0,17,51,15,98,1383,1
2021/3/6 22:00,1,0,17,51,15,98,1477,1
2021/3/6 23:00,1,0,17,51,15,98,1569,1
2021/3/7 0:00,1,0,17,51,14,98,1667,1
2021/3/7 1:00,1,0,17,51,14,98,1743,1
2021/3/7 2:00,1,0,17,51,14,98,1789,1
2021/3/7 3:00,1,0,17,51,14,98,1834,1
2021/3/7 4:00,1,0,17,51,14,98,1880,1
2021/3/7 5:00,1,0,17,51,14,98,1919,1
2021/3/7 6:00,1,0,17,51,14,98,1962,1
2021/3/7 7:00,1,1265,17,51,14,98,2006,1
2021/3/7 8:00,1,13159,17,51,18,93,1693,1
2021/3/7 9:00,1,11912,17,52,21,94,998,1
2021/3/7 10:00,1,16963,17,52,23,93,559,1
2021/3/7 11:00,1,33348,18,53,28,88,427,1
2021/3/7 12:00,1,37152,19,54,33,87,415,1
2021/3/7 13:00,1,34358,20,56,33,87,419,1
2021/3/7 14:00,1,29705,20,56,27,78,487,1
2021/3/7 15:00,1,18087,20,55,24,85,510,1
2021/3/7 16:00,1,9772,19,55,20,85,555,1
2021/3/7 17:00,1,538,19,54,20,95,612,1
2021/3/7 18:00,1,0,19,54,19,97,841,1
2021/3/7 19:00,1,0,19,54,18,97,1047,1
2021/3/7 20:00,1,0,19,54,18,97,1245,1
2021/3/7 21:00,1,0,19,54,17,97,1414,1
2021/3/7 22:00,1,0,18,54,17,98,1560,1
2021/3/7 23:00,1,0,18,54,16,98,1678,1
2021/3/8 0:00,1,0,18,53,16,98,1777,1
2021/3/8 1:00,1,0,18,53,16,98,1880,1
2021/3/8 2:00,1,0,18,53,16,98,1957,1
2021/3/8 3:00,1,0,18,53,15,98,2045,1
2021/3/8 4:00,1,0,18,53,15,98,2124,1
2021/3/8 5:00,1,0,18,53,15,98,2202,1
2021/3/8 6:00,1,0,18,53,15,98,2268,1
2021/3/8 7:00,1,1317,17,53,15,98,2341,1
2021/3/8 8:00,1,12293,18,53,19,94,2108,1
2021/3/8 9:00,1,23168,18,54,26,87,1235,1
2021/3/8 10:00,1,30553,18,54,25,82,524,1
2021/3/8 11:00,1,38305,19,55,27,78,502,1
2021/3/8 12:00,1,34435,19,55,27,75,502,1
2021/3/8 13:00,1,26157,19,55,26,80,482,1
2021/3/8 14:00,1,17690,19,55,22,81,495,1
2021/3/8 15:00,1,12695,19,54,22,87,495,1
2021/3/8 16:00,1,3380,19,54,19,91,564,1
2021/3/8 17:00,1,573,19,54,19,95,709,1
2021/3/8 18:00,1,0,19,54,19,97,906,1
2021/3/8 19:00,1,0,19,54,19,98,1127,1
2021/3/8 20:00,1,0,19,54,18,98,1325,1
2021/3/8 21:00,1,0,19,54,18,98,1486,1
2021/3/8 22:00,1,0,19,54,18,98,1636,1
2021/3/8 23:00,1,0,18,54,17,98,1774,1
2021/3/9 0:00,1,0,18,54,17,98,1894,1
2021/3/9 1:00,1,0,18,54,17,98,1994,1
2021/3/9 2:00,1,0,18,54,17,99,2123,1
2021/3/9 3:00,1,0,18,54,16,99,2250,1
2021/3/9 4:00,1,0,18,54,16,99,2350,1
2021/3/9 5:00,1,0,18,54,16,99,2467,1
2021/3/9 6:00,1,0,18,54,16,99,2546,1
2021/3/9 7:00,1,0,18,54,16,99,2620,1
2021/3/9 8:00,1,2825,18,54,16,98,2591,1
2021/3/9 9:00,1,6415,18,54,17,95,1834,1
2021/3/9 10:00,1,11122,18,54,19,94,665,1
2021/3/9 11:00,1,14262,18,54,20,93,576,1
2021/3/9 12:00,1,11770,18,54,21,92,557,1
2021/3/9 13:00,1,8114,18,54,19,93,594,1
2021/3/9 14:00,1,5467,18,54,18,93,589,1
2021/3/9 15:00,1,4685,18,54,17,93,647,1
2021/3/9 16:00,1,1939,18,54,18,97,634,1
2021/3/9 17:00,1,156,18,54,17,97,784,1
2021/3/9 18:00,1,0,18,54,17,98,970,1
2021/3/9 19:00,1,0,18,54,17,99,1164,1
2021/3/9 20:00,1,0,18,54,17,99,1333,1
2021/3/9 21:00,1,0,18,54,16,99,1475,1
2021/3/9 22:00,1,0,18,54,16,99,1617,1
2021/3/9 23:00,1,0,18,54,15,98,1738,1
2021/3/10 0:00,1,0,18,54,15,98,1855,1
2021/3/10 1:00,1,0,17,54,15,98,1941,1
2021/3/10 2:00,1,0,17,54,15,98,2010,1
2021/3/10 3:00,1,0,17,54,15,98,2089,1
2021/3/10 4:00,1,0,17,54,15,98,2174,1
2021/3/10 5:00,1,0,17,54,15,98,2231,1
2021/3/10 6:00,1,0,17,54,15,98,2280,1
2021/3/10 7:00,1,0,17,54,15,98,2325,1
2021/3/10 8:00,1,1013,17,54,15,99,2390,1
2021/3/10 9:00,1,25769,17,55,26,91,1941,1
2021/3/10 10:00,1,35969,18,56,28,83,613,1
2021/3/10 11:00,1,34172,19,57,28,81,519,1
2021/3/10 12:00,1,38120,19,58,28,76,522,1
2021/3/10 13:00,1,30607,19,58,27,76,519,1
2021/3/10 14:00,1,26873,20,58,24,72,528,1
2021/3/10 15:00,1,14070,19,57,21,78,545,1
2021/3/10 16:00,1,7962,19,56,20,88,559,1
2021/3/10 17:00,1,2270,19,56,20,93,582,1
2021/3/10 18:00,1,0,19,56,19,97,761,1
2021/3/10 19:00,1,0,19,56,18,97,977,1
2021/3/10 20:00,1,0,19,56,18,98,1182,1
2021/3/10 21:00,1,0,19,56,18,98,1352,1
2021/3/10 22:00,1,0,18,56,18,98,1507,1
2021/3/10 23:00,1,0,18,56,17,98,1653,1
2021/3/11 0:00,1,0,18,56,17,98,1775,1
2021/3/11 1:00,1,0,18,56,17,99,1874,1
2021/3/11 2:00,1,0,18,56,17,99,1977,1
2021/3/11 3:00,1,0,18,56,17,99,2074,1
2021/3/11 4:00,1,0,18,56,17,99,2200,1
2021/3/11 5:00,1,0,18,56,17,99,2292,1
2021/3/11 6:00,1,0,18,56,17,99,2369,1
2021/3/11 7:00,1,500,18,56,16,99,2447,1
2021/3/11 8:00,1,2592,18,56,16,97,2353,1
2021/3/11 9:00,1,1788,18,56,16,97,2115,1
2021/3/11 10:00,1,2842,18,56,16,97,1936,1
2021/3/11 11:00,1,3514,18,56,15,96,1509,1
2021/3/11 12:00,1,4826,18,56,17,96,1184,1
2021/3/11 13:00,1,3831,18,56,17,96,960,1
2021/3/11 14:00,1,6927,18,56,17,96,837,1
2021/3/11 15:00,1,6830,18,57,20,96,545,1
2021/3/11 16:00,1,4396,18,57,19,97,494,1
2021/3/11 17:00,1,20,18,57,18,98,588,1
2021/3/11 18:00,1,0,18,57,17,99,797,1
2021/3/11 19:00,1,0,18,57,16,99,989,1
2021/3/11 20:00,1,0,18,57,16,99,1166,1
2021/3/11 21:00,1,0,18,57,16,99,1316,1
2021/3/11 22:00,1,0,17,57,16,99,1447,1
2021/3/11 23:00,1,0,17,56,16,99,1585,1
2021/3/12 0:00,1,0,17,57,16,99,1691,1
2021/3/12 1:00,1,0,17,57,15,99,1794,1
2021/3/12 2:00,1,0,17,56,15,99,1888,1
2021/3/12 3:00,1,0,17,57,15,99,1965,1
2021/3/12 4:00,1,0,17,56,15,99,2057,1
2021/3/12 5:00,1,0,17,57,14,99,2137,1
2021/3/12 6:00,1,0,17,56,14,99,2191,1
2021/3/12 7:00,1,1692,17,56,15,99,2243,1
2021/3/12 8:00,1,16619,17,57,21,94,1853,1
2021/3/12 9:00,1,29404,18,58,30,89,943,1
2021/3/12 10:00,1,32696,18,60,30,87,479,1
2021/3/12 11:00,1,31181,19,65,29,87,481,1
2021/3/12 12:00,1,26334,19,65,27,85,521,1
2021/3/12 13:00,1,18023,19,62,24,87,512,1
2021/3/12 14:00,1,12838,19,57,22,90,531,1
2021/3/12 15:00,1,9032,18,57,19,90,581,1
2021/3/12 16:00,1,3500,18,57,17,92,628,1
2021/3/12 17:00,1,385,18,58,17,94,706,1
2021/3/12 18:00,1,0,18,58,18,96,872,1
2021/3/12 19:00,1,0,18,58,18,98,1048,1
2021/3/12 20:00,1,0,18,58,17,98,1238,1
2021/3/12 21:00,1,0,18,58,17,98,1417,1
2021/3/12 22:00,1,0,18,58,17,98,1587,1
2021/3/12 23:00,1,0,18,59,16,98,1721,1
2021/3/13 0:00,1,0,18,59,16,98,1840,1
2021/3/13 1:00,1,0,18,59,16,98,1949,1
2021/3/13 2:00,1,0,18,59,16,98,2069,1
2021/3/13 3:00,1,0,18,59,16,98,2192,1
2021/3/13 4:00,1,0,18,59,16,99,2291,1
2021/3/13 5:00,1,0,18,59,16,99,2371,1
2021/3/13 6:00,1,0,18,59,16,99,2486,1
2021/3/13 7:00,1,289,17,59,16,99,2578,1
2021/3/13 8:00,1,1883,17,59,16,98,2566,1
2021/3/13 9:00,1,5973,17,60,17,98,2356,1
2021/3/13 10:00,1,7611,18,60,19,95,1410,1
2021/3/13 11:00,1,6406,18,60,17,93,691,1
2021/3/13 12:00,1,14949,18,60,20,92,583,1
2021/3/13 13:00,1,22235,18,60,25,90,512,1
2021/3/13 14:00,1,9360,18,59,21,91,551,1
2021/3/13 15:00,1,6049,18,59,18,92,597,1
2021/3/13 16:00,1,6107,18,60,18,93,609,1
2021/3/13 17:00,1,1008,18,60,18,95,646,1
2021/3/13 18:00,1,0,18,60,17,98,833,1
2021/3/13 19:00,1,0,18,60,17,98,1033,1
2021/3/13 20:00,1,0,18,60,16,98,1237,1
2021/3/13 21:00,1,0,18,61,16,98,1411,1
2021/3/13 22:00,1,0,18,61,16,98,1562,1
2021/3/13 23:00,1,0,18,61,16,99,1680,1
2021/3/14 0:00,1,0,17,61,15,99,1788,1
2021/3/14 1:00,1,0,17,61,15,99,1877,1
2021/3/14 2:00,1,0,17,61,15,99,1969,1
2021/3/14 3:00,1,0,17,62,15,99,2060,1
2021/3/14 4:00,1,0,17,62,15,99,2169,1
2021/3/14 5:00,1,0,17,62,15,99,2237,1
2021/3/14 6:00,1,0,17,62,15,99,2303,1
2021/3/14 7:00,1,1377,17,62,15,99,2358,1
2021/3/14 8:00,1,13616,17,62,20,94,2049,1
2021/3/14 9:00,1,24139,17,62,29,93,1167,1
2021/3/14 10:00,1,32265,18,61,30,85,563,1
2021/3/14 11:00,1,35066,19,60,28,80,534,1
2021/3/14 12:00,1,32554,19,59,28,78,551,1
2021/3/14 13:00,1,32111,19,59,27,78,545,1
2021/3/14 14:00,1,26405,20,59,26,78,541,1
2021/3/14 15:00,1,19704,20,59,24,80,536,1
2021/3/14 16:00,1,11653,19,60,22,84,558,1
2021/3/14 17:00,1,2089,19,60,21,95,577,1
2021/3/14 18:00,1,0,19,61,20,97,770,1
2021/3/14 19:00,1,0,19,61,19,97,897,1
2021/3/14 20:00,1,0,19,61,18,97,996,1
2021/3/14 21:00,1,0,19,61,18,97,1059,1
2021/3/14 22:00,1,0,19,62,18,97,1117,1
2021/3/14 23:00,1,0,18,62,17,97,1157,1
2021/3/15 0:00,1,0,18,62,17,97,1192,1
2021/3/15 1:00,1,0,18,62,17,98,1282,1
2021/3/15 2:00,1,0,18,62,17,98,1319,1
2021/3/15 3:00,1,0,18,62,17,98,1347,1
2021/3/15 4:00,1,0,18,62,17,98,1361,1
2021/3/15 5:00,1,0,18,63,17,99,1413,1
2021/3/15 6:00,1,0,18,63,17,99,1426,1
2021/3/15 7:00,1,51,18,63,17,99,1453,1
2021/3/15 8:00,1,1548,18,63,17,98,1409,1
2021/3/15 9:00,1,3837,18,63,18,99,1323,1
2021/3/15 10:00,1,10135,18,63,21,98,883,1
2021/3/15 11:00,1,6932,18,63,20,94,614,1
2021/3/15 12:00,1,5463,18,63,19,94,648,1
2021/3/15 13:00,1,8335,18,63,20,94,625,1
2021/3/15 14:00,1,11652,18,63,22,94,568,1
2021/3/15 15:00,1,10386,18,62,23,93,558,1
2021/3/15 16:00,1,5912,19,62,21,94,582,1
2021/3/15 17:00,1,1284,18,62,20,97,651,1
2021/3/15 18:00,1,0,18,62,19,99,826,1
2021/3/15 19:00,1,0,18,62,19,99,976,1
2021/3/15 20:00,1,0,18,62,18,99,1073,1
2021/3/15 21:00,1,0,18,62,18,100,1188,1
2021/3/15 22:00,1,0,18,62,18,100,1268,1
2021/3/15 23:00,1,0,18,62,18,100,1311,1
2021/3/16 0:00,1,0,18,62,18,99,1298,1
2021/3/16 1:00,1,0,18,62,17,99,1269,1
2021/3/16 2:00,1,0,18,63,17,99,1185,1
2021/3/16 3:00,1,0,18,63,17,98,1083,1
2021/3/16 4:00,1,0,18,63,16,97,1031,1
2021/3/16 5:00,1,0,18,63,16,96,944,1
2021/3/16 6:00,1,0,18,63,15,95,904,1
2021/3/16 7:00,1,1482,17,63,15,95,871,1
2021/3/16 8:00,1,7619,17,63,18,95,745,1
2021/3/16 9:00,1,15704,18,63,24,94,451,1
2021/3/16 10:00,1,23449,18,63,27,88,411,1
2021/3/16 11:00,1,27918,18,62,23,77,483,1
2021/3/16 12:00,1,30254,19,62,25,75,470,1
2021/3/16 13:00,1,29651,19,62,25,77,455,1
2021/3/16 14:00,1,25545,19,62,24,78,458,1
2021/3/16 15:00,1,17876,19,62,22,81,478,1
2021/3/16 16:00,1,11348,19,62,19,78,505,1
2021/3/16 17:00,1,2588,19,63,18,92,553,1
2021/3/16 18:00,1,0,19,63,18,97,702,1
2021/3/16 19:00,1,0,18,63,18,96,1025,1
2021/3/16 20:00,1,0,18,63,17,96,1161,1
2021/3/16 21:00,1,0,18,63,17,96,1245,1
2021/3/16 22:00,1,0,18,64,17,97,1338,1
2021/3/16 23:00,1,0,18,64,16,96,1395,1
2021/3/17 0:00,1,0,18,64,16,97,1445,1
2021/3/17 1:00,1,0,18,64,16,97,1507,1
2021/3/17 2:00,1,0,18,64,16,97,1565,1
2021/3/17 3:00,1,0,18,64,15,97,1557,1
2021/3/17 4:00,1,0,17,64,15,97,1490,1
2021/3/17 5:00,1,0,17,64,15,97,1479,1
2021/3/17 6:00,1,0,17,64,15,97,1513,1
2021/3/17 7:00,1,1714,17,64,15,97,1571,1
2021/3/17 8:00,1,18287,17,64,20,93,1313,1
2021/3/17 9:00,1,31599,18,64,32,90,663,1
2021/3/17 10:00,1,37718,18,63,28,76,593,1
2021/3/17 11:00,1,40074,19,63,25,68,642,1
2021/3/17 12:00,1,38196,19,63,26,68,650,1
2021/3/17 13:00,1,37401,19,63,27,72,643,1
2021/3/17 14:00,1,33418,19,54,26,70,638,1
2021/3/17 15:00,1,20809,19,52,23,69,640,1
2021/3/17 16:00,1,5790,19,53,20,86,696,1
2021/3/17 17:00,1,2070,19,53,21,95,717,1
2021/3/17 18:00,1,0,19,54,20,97,910,1
2021/3/17 19:00,1,0,19,54,19,97,1134,1
2021/3/17 20:00,1,0,19,54,18,97,1269,1
2021/3/17 21:00,1,0,18,54,18,96,1295,1
2021/3/17 22:00,1,0,18,55,18,96,1303,1
2021/3/17 23:00,1,0,18,55,17,96,1309,1
2021/3/18 0:00,1,0,18,55,17,96,1304,1
2021/3/18 1:00,1,0,18,55,17,97,1319,1
2021/3/18 2:00,1,0,18,55,17,97,1352,1
2021/3/18 3:00,1,0,18,55,16,97,1401,1
2021/3/18 4:00,1,0,18,55,16,97,1371,1
2021/3/18 5:00,1,0,18,56,16,98,1355,1
2021/3/18 6:00,1,0,18,56,16,97,1355,1
2021/3/18 7:00,1,2915,18,56,16,98,1365,1
2021/3/18 8:00,1,17640,18,56,23,93,929,1
2021/3/18 9:00,1,24740,18,56,30,92,478,1
2021/3/18 10:00,1,15884,18,56,22,82,666,1
2021/3/18 11:00,1,10527,18,56,17,83,721,1
2021/3/18 12:00,1,8609,18,57,18,88,699,1
2021/3/18 13:00,1,5169,18,57,16,85,740,1
2021/3/18 14:00,1,3163,18,58,15,83,777,1
2021/3/18 15:00,1,3696,18,58,17,94,785,1
2021/3/18 16:00,1,1235,17,58,15,96,852,1
2021/3/18 17:00,1,138,17,58,15,96,984,1
2021/3/18 18:00,1,0,17,58,16,97,1149,1
2021/3/18 19:00,1,0,17,58,16,98,1315,1
2021/3/18 20:00,1,0,17,58,16,98,1458,1
2021/3/18 21:00,1,0,17,58,16,99,1605,1
2021/3/18 22:00,1,0,17,59,16,98,1742,1
2021/3/18 23:00,1,0,17,58,16,98,1848,1
2021/3/19 0:00,1,0,17,59,16,98,1942,1
2021/3/19 1:00,1,0,17,59,16,99,2055,1
2021/3/19 2:00,1,0,17,59,16,99,2151,1
2021/3/19 3:00,1,0,17,59,16,99,2189,1
2021/3/19 4:00,1,0,17,59,15,99,2235,1
2021/3/19 5:00,1,0,17,59,15,99,2314,1
2021/3/19 6:00,1,0,17,59,15,99,2398,1
2021/3/19 7:00,1,232,17,59,15,99,2493,1
2021/3/19 8:00,1,2702,17,59,15,98,2482,1
2021/3/19 9:00,1,6286,17,59,16,96,2028,1
2021/3/19 10:00,1,9381,17,59,19,96,1375,1
2021/3/19 11:00,1,6715,17,59,18,95,773,1
2021/3/19 12:00,1,8424,17,59,20,96,611,1
2021/3/19 13:00,1,7287,17,59,19,94,626,1
2021/3/19 14:00,1,5231,17,59,15,91,808,1
2021/3/19 15:00,1,4792,17,59,15,90,802,1
2021/3/19 16:00,1,4772,17,60,16,94,737,1
2021/3/19 17:00,1,271,17,60,16,97,771,1
2021/3/19 18:00,1,0,17,60,15,98,933,1
2021/3/19 19:00,1,0,17,60,15,98,1116,1
2021/3/19 20:00,1,0,17,60,15,99,1306,1
2021/3/19 21:00,1,0,17,60,15,99,1464,1
2021/3/19 22:00,1,0,17,60,15,99,1574,1
2021/3/19 23:00,1,0,17,60,15,99,1683,1
2021/3/20 0:00,1,0,17,60,15,99,1814,1
2021/3/20 1:00,1,0,17,60,15,99,1913,1
2021/3/20 2:00,1,0,17,60,15,99,2020,1
2021/3/20 3:00,1,0,17,61,15,99,2126,1
2021/3/20 4:00,1,0,17,61,15,99,2215,1
2021/3/20 5:00,1,0,16,61,15,99,2296,1
2021/3/20 6:00,1,0,16,61,15,99,2356,1
2021/3/20 7:00,1,40,16,61,15,99,2402,1
2021/3/20 8:00,1,7501,16,61,17,98,2216,1
2021/3/20 9:00,1,8583,17,61,20,98,1795,1
2021/3/20 10:00,1,23379,17,60,27,89,900,1
2021/3/20 11:00,1,26211,17,59,26,87,663,1
2021/3/20 12:00,1,21388,18,59,25,89,660,1
2021/3/20 13:00,1,9293,18,59,22,92,678,1
2021/3/20 14:00,1,11402,18,59,20,92,716,1
2021/3/20 15:00,1,12032,18,59,21,90,709,1
2021/3/20 16:00,1,5472,18,60,19,93,731,1
2021/3/20 17:00,1,971,18,60,18,96,778,1
2021/3/20 18:00,1,0,18,60,18,98,969,1
2021/3/20 19:00,1,0,18,60,17,99,1196,1
2021/3/20 20:00,1,0,17,60,17,99,1375,1
2021/3/20 21:00,1,0,17,60,17,99,1520,1
2021/3/20 22:00,1,0,17,60,17,99,1664,1
2021/3/20 23:00,1,0,17,60,17,99,1775,1
2021/3/21 0:00,1,0,17,60,16,99,1900,1
2021/3/21 1:00,1,0,17,60,16,99,2004,1
2021/3/21 2:00,1,0,17,60,16,99,2117,1
2021/3/21 3:00,1,0,17,61,16,99,2222,1
2021/3/21 4:00,1,0,17,60,16,99,2285,1
2021/3/21 5:00,1,0,17,60,16,99,2295,1
2021/3/21 6:00,1,0,17,60,16,99,2290,1
2021/3/21 7:00,1,2271,17,60,16,99,2293,1
2021/3/21 8:00,1,15165,17,60,21,95,1768,1
2021/3/21 9:00,1,28360,17,57,25,81,856,1
2021/3/21 10:00,1,34200,18,53,24,68,663,1
2021/3/21 11:00,1,38341,18,52,25,70,664,1
2021/3/21 12:00,1,36924,18,53,28,70,643,1
2021/3/21 13:00,1,35797,19,53,27,73,646,1
2021/3/21 14:00,1,32464,19,53,27,74,638,1
2021/3/21 15:00,1,22266,19,53,25,74,640,1
2021/3/21 16:00,1,0,0,0,0,0,0,1
2021/3/21 17:00,1,0,0,0,0,0,0,1
2021/3/21 18:00,1,0,0,0,0,0,0,1
2021/3/21 19:00,1,0,0,0,0,0,0,1
2021/3/21 20:00,1,0,0,0,0,0,0,1
2021/3/21 21:00,1,0,0,0,0,0,0,1
2021/3/21 22:00,1,0,0,0,0,0,0,1
2021/3/21 23:00,1,0,0,0,0,0,0,1
2021/3/22 0:00,1,0,0,0,0,0,0,1
2021/3/22 1:00,1,0,0,0,0,0,0,1
2021/3/22 2:00,1,0,0,0,0,0,0,1
2021/3/22 3:00,1,0,0,0,0,0,0,1
2021/3/22 4:00,1,0,0,0,0,0,0,1
2021/3/22 5:00,1,0,0,0,0,0,0,1
2021/3/22 6:00,1,0,0,0,0,0,0,1
2021/3/22 7:00,1,0,0,0,0,0,0,1
2021/3/22 8:00,1,0,0,0,0,0,0,1
2021/3/22 9:00,1,31826,18,56,34,89,665,1
2021/3/22 10:00,1,37155,19,56,33,79,586,1
2021/3/22 11:00,1,39003,19,55,33,78,602,1
2021/3/22 12:00,1,37172,20,55,34,76,617,1
2021/3/22 13:00,1,36546,20,55,32,74,626,1
2021/3/22 14:00,1,32784,21,55,31,72,654,1
2021/3/22 15:00,1,21590,21,55,28,73,657,1
2021/3/22 16:00,1,14425,20,56,24,75,676,1
2021/3/22 17:00,1,4846,20,56,21,90,713,1
2021/3/22 18:00,1,0,20,57,20,95,886,1
2021/3/22 19:00,1,0,20,57,20,97,1143,1
2021/3/22 20:00,1,0,20,58,19,97,1374,1
2021/3/22 21:00,1,0,19,58,19,97,1558,1
2021/3/22 22:00,1,0,19,58,18,98,1710,1
2021/3/22 23:00,1,0,19,58,18,98,1846,1
2021/3/23 0:00,1,0,19,59,18,98,1949,1
2021/3/23 1:00,1,0,19,59,17,98,2083,1
2021/3/23 2:00,1,0,19,59,17,98,2207,1
2021/3/23 3:00,1,0,19,59,17,98,2303,1
2021/3/23 4:00,1,0,18,59,17,98,2381,1
2021/3/23 5:00,1,0,18,59,16,98,2446,1
2021/3/23 6:00,1,0,18,59,16,98,2524,1
2021/3/23 7:00,1,6625,18,59,17,95,2299,1
2021/3/23 8:00,1,20570,18,59,24,93,1441,1
2021/3/23 9:00,1,32112,19,59,29,81,667,1
2021/3/23 10:00,1,36305,19,59,27,71,670,1
2021/3/23 11:00,1,36286,20,59,28,70,642,1
2021/3/23 12:00,1,28396,20,58,25,68,632,1
2021/3/23 13:00,1,22440,20,58,24,68,649,1
2021/3/23 14:00,1,24530,20,59,25,66,643,1
2021/3/23 15:00,1,15341,20,59,21,68,654,1
2021/3/23 16:00,1,11343,19,59,20,71,673,1
2021/3/23 17:00,1,2008,19,60,17,80,732,1
2021/3/23 18:00,1,0,19,60,18,92,879,1
2021/3/23 19:00,1,0,19,60,18,95,1092,1
2021/3/23 20:00,1,0,19,60,18,97,1307,1
2021/3/23 21:00,1,0,19,60,18,98,1489,1
2021/3/23 22:00,1,0,19,60,18,98,1643,1
2021/3/23 23:00,1,0,19,60,17,98,1788,1
2021/3/24 0:00,1,0,18,60,17,98,1913,1
2021/3/24 1:00,1,0,18,60,17,98,2020,1
2021/3/24 2:00,1,0,18,61,17,98,2135,1
2021/3/24 3:00,1,0,18,61,17,98,2242,1
2021/3/24 4:00,1,0,18,61,16,98,2329,1
2021/3/24 5:00,1,0,18,61,16,98,2411,1
2021/3/24 6:00,1,0,18,62,16,98,2482,1
2021/3/24 7:00,1,7392,18,62,18,96,2287,1
2021/3/24 8:00,1,19635,18,58,25,93,1321,1
2021/3/24 9:00,1,30569,19,59,34,91,619,1
2021/3/24 10:00,1,35862,19,60,33,77,580,1
2021/3/24 11:00,1,36410,20,63,30,73,631,1
2021/3/24 12:00,1,35666,20,65,32,73,625,1
2021/3/24 13:00,1,32135,21,65,31,72,626,1
2021/3/24 14:00,1,28556,21,65,31,71,623,1
2021/3/24 15:00,1,21750,21,65,30,73,637,1
2021/3/24 16:00,1,12920,21,65,25,72,654,1
2021/3/24 17:00,1,3585,21,65,22,85,694,1
2021/3/24 18:00,1,0,21,65,22,94,840,1
2021/3/24 19:00,1,0,20,65,21,95,1058,1
2021/3/24 20:00,1,0,20,65,21,96,1269,1
2021/3/24 21:00,1,0,20,65,20,97,1421,1
2021/3/24 22:00,1,0,20,65,20,97,1534,1
2021/3/24 23:00,1,0,20,65,19,97,1614,1
2021/3/25 0:00,1,0,20,65,19,97,1679,1
2021/3/25 1:00,1,0,20,65,19,97,1715,1
2021/3/25 2:00,1,0,20,65,19,97,1756,1
2021/3/25 3:00,1,0,19,65,18,97,1781,1
2021/3/25 4:00,1,0,19,65,18,97,1814,1
2021/3/25 5:00,1,0,19,65,18,98,1828,1
2021/3/25 6:00,1,0,19,65,18,98,1850,1
2021/3/25 7:00,1,6506,19,65,19,96,1751,1
2021/3/25 8:00,1,19026,19,66,27,93,1035,1
2021/3/25 9:00,1,28908,20,66,36,90,550,1
2021/3/25 10:00,1,31394,20,66,32,76,624,1
2021/3/25 11:00,1,34199,21,66,31,73,632,1
2021/3/25 12:00,1,29686,21,66,29,66,639,1
2021/3/25 13:00,1,28872,21,65,28,66,658,1
2021/3/25 14:00,1,23229,21,65,28,67,651,1
2021/3/25 15:00,1,17255,21,65,26,68,663,1
2021/3/25 16:00,1,12700,21,64,24,68,666,1
2021/3/25 17:00,1,2837,21,64,21,81,706,1
2021/3/25 18:00,1,0,21,63,21,93,893,1
2021/3/25 19:00,1,0,21,63,21,95,1114,1
2021/3/25 20:00,1,0,20,63,20,96,1220,1
2021/3/25 21:00,1,0,20,63,20,95,1233,1
2021/3/25 22:00,1,0,20,63,20,96,1301,1
2021/3/25 23:00,1,0,20,63,19,96,1357,1
2021/3/26 0:00,1,0,20,63,19,96,1412,1
2021/3/26 1:00,1,0,20,63,19,97,1435,1
2021/3/26 2:00,1,0,20,63,19,97,1506,1
2021/3/26 3:00,1,0,20,63,18,97,1570,1
2021/3/26 4:00,1,0,20,63,18,97,1577,1
2021/3/26 5:00,1,0,19,63,18,97,1564,1
2021/3/26 6:00,1,0,19,63,18,97,1564,1
2021/3/26 7:00,1,6150,19,63,19,95,1454,1
2021/3/26 8:00,1,17045,19,63,26,93,904,1
2021/3/26 9:00,1,26235,20,64,32,88,535,1
2021/3/26 10:00,1,20256,21,65,29,86,589,1
2021/3/26 11:00,1,16477,21,65,28,87,607,1
2021/3/26 12:00,1,19253,21,65,31,88,586,1
2021/3/26 13:00,1,10471,21,65,28,90,603,1
2021/3/26 14:00,1,5344,21,65,25,92,647,1
2021/3/26 15:00,1,2617,21,64,24,96,722,1
2021/3/26 16:00,1,1474,21,64,22,94,818,1
2021/3/26 17:00,1,582,21,64,20,95,875,1
2021/3/26 18:00,1,0,21,64,20,97,1019,1
2021/3/26 19:00,1,0,20,64,20,98,1177,1
2021/3/26 20:00,1,0,20,64,20,98,1270,1
2021/3/26 21:00,1,0,20,64,19,98,1320,1
2021/3/26 22:00,1,0,20,64,19,98,1393,1
2021/3/26 23:00,1,0,20,64,19,98,1446,1
2021/3/27 0:00,1,0,20,64,19,98,1442,1
2021/3/27 1:00,1,0,20,64,19,98,1461,1
2021/3/27 2:00,1,0,20,64,19,99,1489,1
2021/3/27 3:00,1,0,20,64,19,99,1513,1
2021/3/27 4:00,1,0,20,64,19,99,1528,1
2021/3/27 5:00,1,0,20,64,19,99,1582,1
2021/3/27 6:00,1,0,20,64,19,99,1623,1
2021/3/27 7:00,1,637,19,64,18,99,1638,1
2021/3/27 8:00,1,1858,19,64,18,98,1568,1
2021/3/27 9:00,1,4402,19,64,20,97,1295,1
2021/3/27 10:00,1,5915,19,64,20,93,813,1
2021/3/27 11:00,1,6785,19,64,20,94,763,1
2021/3/27 12:00,1,4990,19,64,19,94,753,1
2021/3/27 13:00,1,7597,19,63,20,94,730,1
2021/3/27 14:00,1,3033,19,63,19,94,752,1
2021/3/27 15:00,1,6616,19,63,20,93,744,1
2021/3/27 16:00,1,5540,19,63,20,93,748,1
2021/3/27 17:00,1,2005,19,63,19,95,762,1
2021/3/27 18:00,1,0,19,63,18,97,902,1
2021/3/27 19:00,1,0,19,63,18,98,1076,1
2021/3/27 20:00,1,0,19,63,18,98,1238,1
2021/3/27 21:00,1,0,19,64,18,98,1346,1
2021/3/27 22:00,1,0,19,64,18,98,1429,1
2021/3/27 23:00,1,0,19,64,17,98,1503,1
2021/3/28 0:00,1,0,19,64,17,98,1553,1
2021/3/28 1:00,1,0,19,64,17,98,1594,1
2021/3/28 2:00,1,0,19,63,17,98,1580,1
2021/3/28 3:00,1,0,19,63,17,98,1576,1
2021/3/28 4:00,1,0,18,63,17,98,1580,1
2021/3/28 5:00,1,0,18,63,17,98,1539,1
2021/3/28 6:00,1,0,18,64,17,98,1484,1
2021/3/28 7:00,1,5705,18,63,18,96,1312,1
2021/3/28 8:00,1,16777,18,64,24,94,666,1
2021/3/28 9:00,1,27711,19,63,31,88,489,1
2021/3/28 10:00,1,33206,19,56,32,84,617,1
2021/3/28 11:00,1,35313,21,56,35,81,582,1
2021/3/28 12:00,1,33456,21,58,36,82,570,1
2021/3/28 13:00,1,31969,22,59,37,84,583,1
2021/3/28 14:00,1,28235,22,59,35,80,601,1
2021/3/28 15:00,1,18716,22,59,30,73,638,1
2021/3/28 16:00,1,10790,22,59,28,86,655,1
2021/3/28 17:00,1,3479,22,60,25,91,711,1
2021/3/28 18:00,1,0,21,60,24,96,871,1
2021/3/28 19:00,1,0,21,61,23,97,1085,1
2021/3/28 20:00,1,0,21,61,23,97,1254,1
2021/3/28 21:00,1,0,21,62,22,98,1447,1
2021/3/28 22:00,1,0,21,62,22,98,1561,1
2021/3/28 23:00,1,0,21,63,21,98,1669,1
2021/3/29 0:00,1,0,21,63,21,98,1734,1
2021/3/29 1:00,1,0,21,64,21,98,1733,1
2021/3/29 2:00,1,0,20,64,20,96,1438,1
2021/3/29 3:00,1,0,20,65,20,96,1281,1
2021/3/29 4:00,1,0,20,65,19,95,1229,1
2021/3/29 5:00,1,0,20,66,19,94,1179,1
2021/3/29 6:00,1,0,20,66,19,95,1143,1
2021/3/29 7:00,1,4689,20,67,19,94,1086,1
2021/3/29 8:00,1,13847,20,67,25,94,731,1
2021/3/29 9:00,1,22335,20,67,27,84,594,1
2021/3/29 10:00,1,27917,20,67,27,75,644,1
2021/3/29 11:00,1,30236,21,67,29,72,627,1
2021/3/29 12:00,1,18244,21,67,25,72,637,1
2021/3/29 13:00,1,26804,21,67,28,72,642,1
2021/3/29 14:00,1,23224,21,67,28,72,628,1
2021/3/29 15:00,1,17558,21,68,26,71,628,1
2021/3/29 16:00,1,9763,21,67,22,72,654,1
2021/3/29 17:00,1,2725,21,67,20,78,699,1
2021/3/29 18:00,1,0,21,67,21,92,845,1
2021/3/29 19:00,1,0,20,67,20,93,1001,1
2021/3/29 20:00,1,0,20,66,20,94,1098,1
2021/3/29 21:00,1,0,20,66,20,94,1169,1
2021/3/29 22:00,1,0,20,66,19,95,1227,1
2021/3/29 23:00,1,0,20,66,19,96,1267,1
2021/3/30 0:00,1,0,20,66,19,96,1302,1
2021/3/30 1:00,1,0,20,66,19,96,1366,1
2021/3/30 2:00,1,0,20,66,19,96,1332,1
2021/3/30 3:00,1,0,20,66,18,97,1361,1
2021/3/30 4:00,1,0,20,65,18,97,1386,1
2021/3/30 5:00,1,0,19,65,18,97,1409,1
2021/3/30 6:00,1,0,19,65,18,97,1431,1
2021/3/30 7:00,1,6174,19,65,19,96,1371,1
2021/3/30 8:00,1,16282,20,65,25,92,877,1
2021/3/30 9:00,1,25918,20,66,29,83,624,1
2021/3/30 10:00,1,31155,20,66,28,72,646,1
2021/3/30 11:00,1,32409,21,66,30,72,638,1
2021/3/30 12:00,1,31758,21,66,30,72,615,1
2021/3/30 13:00,1,28237,21,65,30,74,612,1
2021/3/30 14:00,1,17697,21,64,27,76,618,1
2021/3/30 15:00,1,13275,21,63,25,75,636,1
2021/3/30 16:00,1,8138,21,61,23,75,652,1
2021/3/30 17:00,1,2490,21,60,21,79,697,1
2021/3/30 18:00,1,0,21,60,21,92,862,1
2021/3/30 19:00,1,0,21,60,21,94,1027,1
2021/3/30 20:00,1,0,21,60,21,95,1120,1
2021/3/30 21:00,1,0,21,60,20,96,1179,1
2021/3/30 22:00,1,0,20,60,20,96,1193,1
2021/3/30 23:00,1,0,20,60,20,96,1210,1
2021/3/31 0:00,1,0,20,59,20,96,1230,1
2021/3/31 1:00,1,0,20,60,19,95,1232,1
2021/3/31 2:00,1,0,20,59,19,94,1190,1
2021/3/31 3:00,1,0,20,59,18,94,1161,1
2021/3/31 4:00,1,0,20,59,18,96,1182,1
2021/3/31 5:00,1,0,20,59,18,96,1188,1
2021/3/31 6:00,1,0,19,59,17,95,1181,1
2021/3/31 7:00,1,506,19,59,17,96,1174,1
2021/3/31 8:00,1,1513,19,59,17,96,1146,1
2021/3/31 9:00,1,3104,19,58,17,96,1142,1
2021/3/31 10:00,1,7031,19,59,19,95,985,1
2021/3/31 11:00,1,8834,19,59,21,94,582,1
2021/3/31 12:00,1,7695,20,59,21,95,482,1
2021/3/31 13:00,1,5060,19,59,17,90,725,1
2021/3/31 14:00,1,4628,19,58,16,90,757,1
2021/3/31 15:00,1,4303,19,58,16,90,753,1
2021/3/31 16:00,1,1948,19,57,16,92,806,1
2021/3/31 17:00,1,514,19,57,17,96,889,1
2021/3/31 18:00,1,0,19,58,17,97,1010,1
2021/3/31 19:00,1,0,19,58,17,97,1148,1
2021/3/31 20:00,1,0,19,58,17,98,1298,1
2021/3/31 21:00,1,0,19,58,17,98,1426,1
2021/3/31 22:00,1,0,19,58,17,98,1504,1
2021/3/31 23:00,1,0,19,58,17,98,1559,1
2021/4/1 0:00,1,0,19,58,17,98,1617,1
2021/4/1 1:00,1,0,19,58,17,98,1653,1
2021/4/1 2:00,1,0,18,58,17,98,1712,1
2021/4/1 3:00,1,0,18,58,17,98,1751,1
2021/4/1 4:00,1,0,18,58,17,98,1779,1
2021/4/1 5:00,1,0,18,58,17,98,1812,1
2021/4/1 6:00,1,0,18,58,17,99,1849,1
2021/4/1 7:00,1,1800,18,58,17,99,1835,1
2021/4/1 8:00,1,3976,18,58,18,98,1503,1
2021/4/1 9:00,1,5238,18,58,17,93,977,1
2021/4/1 10:00,1,5110,18,58,16,91,759,1
2021/4/1 11:00,1,4340,18,57,16,91,769,1
2021/4/1 12:00,1,4487,18,57,16,91,763,1
2021/4/1 13:00,1,2553,18,57,15,91,783,1
2021/4/1 14:00,1,3210,18,57,15,92,786,1
2021/4/1 15:00,1,2648,18,56,16,92,785,1
2021/4/1 16:00,1,1563,18,56,16,96,813,1
2021/4/1 17:00,1,557,18,57,16,98,903,1
2021/4/1 18:00,1,0,18,57,16,98,1023,1
2021/4/1 19:00,1,0,18,57,17,99,1168,1
2021/4/1 20:00,1,0,18,57,17,99,1294,1
2021/4/1 21:00,1,0,18,57,17,99,1410,1
2021/4/1 22:00,1,0,18,58,17,99,1496,1
2021/4/1 23:00,1,0,18,58,17,100,1579,1
2021/4/2 0:00,1,0,18,58,16,100,1656,1
2021/4/2 1:00,1,0,18,58,16,100,1731,1
2021/4/2 2:00,1,0,18,58,16,100,1782,1
2021/4/2 3:00,1,0,18,58,16,100,1812,1
2021/4/2 4:00,1,0,18,58,16,100,1873,1
2021/4/2 5:00,1,0,18,58,16,100,1936,1
2021/4/2 6:00,1,0,18,58,16,100,1992,1
2021/4/2 7:00,1,438,18,58,16,99,2042,1
2021/4/2 8:00,1,1362,18,58,16,99,1931,1
2021/4/2 9:00,1,1009,18,58,16,99,1854,1
2021/4/2 10:00,1,1488,17,58,16,98,1580,1
2021/4/2 11:00,1,1959,17,58,16,98,1268,1
2021/4/2 12:00,1,2716,17,58,16,98,1065,1
2021/4/2 13:00,1,3179,17,58,17,98,876,1
2021/4/2 14:00,1,2918,17,58,17,98,759,1
2021/4/2 15:00,1,2533,18,58,17,98,756,1
2021/4/2 16:00,1,1335,18,58,17,98,837,1
2021/4/2 17:00,1,812,17,58,16,98,913,1
2021/4/2 18:00,1,0,17,58,16,99,1020,1
2021/4/2 19:00,1,0,17,58,16,99,1180,1
2021/4/2 20:00,1,0,17,58,16,100,1303,1
2021/4/2 21:00,1,0,17,58,16,100,1419,1
2021/4/2 22:00,1,0,17,58,16,100,1510,1
2021/4/2 23:00,1,0,17,58,16,100,1607,1
2021/4/3 0:00,1,0,17,58,16,100,1692,1
2021/4/3 1:00,1,0,17,58,16,100,1798,1
2021/4/3 2:00,1,0,17,58,16,100,1875,1
2021/4/3 3:00,1,0,17,58,16,100,1950,1
2021/4/3 4:00,1,0,17,58,16,100,2033,1
2021/4/3 5:00,1,0,17,58,16,100,2098,1
2021/4/3 6:00,1,0,17,58,16,100,2172,1
2021/4/3 7:00,1,1449,17,58,16,100,2252,1
2021/4/3 8:00,1,3010,17,58,17,99,1952,1
2021/4/3 9:00,1,3308,17,58,17,98,1394,1
2021/4/3 10:00,1,2315,17,58,16,97,880,1
2021/4/3 11:00,1,5297,17,58,18,98,758,1
2021/4/3 12:00,1,7827,17,58,18,97,645,1
2021/4/3 13:00,1,6808,17,58,20,96,571,1
2021/4/3 14:00,1,7233,17,58,17,91,718,1
2021/4/3 15:00,1,4177,17,58,15,91,782,1
2021/4/3 16:00,1,2851,17,57,14,91,799,1
2021/4/3 17:00,1,863,17,57,15,96,840,1
2021/4/3 18:00,1,0,17,58,16,98,939,1
2021/4/3 19:00,1,0,17,58,16,99,1072,1
2021/4/3 20:00,1,0,17,58,15,99,1197,1
2021/4/3 21:00,1,0,17,58,15,99,1288,1
2021/4/3 22:00,1,0,17,58,15,99,1395,1
2021/4/3 23:00,1,0,17,58,15,99,1509,1
2021/4/4 0:00,1,0,17,58,15,99,1604,1
2021/4/4 1:00,1,0,17,58,15,99,1686,1
2021/4/4 2:00,1,0,17,58,15,99,1763,1
2021/4/4 3:00,1,0,17,58,14,99,1832,1
2021/4/4 4:00,1,0,17,58,14,99,1861,1
2021/4/4 5:00,1,0,17,58,14,99,1873,1
2021/4/4 6:00,1,0,17,58,14,99,1896,1
2021/4/4 7:00,1,8661,17,58,16,98,1763,1
2021/4/4 8:00,1,22158,17,58,24,93,995,1
2021/4/4 9:00,1,31527,17,59,28,81,623,1
2021/4/4 10:00,1,34837,18,59,29,77,613,1
2021/4/4 11:00,1,36021,19,60,31,76,594,1
2021/4/4 12:00,1,34374,19,60,32,78,594,1
2021/4/4 13:00,1,33887,20,61,33,81,593,1
2021/4/4 14:00,1,30607,20,61,32,77,619,1
2021/4/4 15:00,1,19645,20,60,29,77,638,1
2021/4/4 16:00,1,12513,20,59,25,79,648,1
2021/4/4 17:00,1,3809,20,58,21,85,705,1
2021/4/4 18:00,1,0,20,58,21,95,844,1
2021/4/4 19:00,1,0,20,58,20,97,1038,1
2021/4/4 20:00,1,0,19,58,20,98,1269,1
2021/4/4 21:00,1,0,19,58,19,98,1460,1
2021/4/4 22:00,1,0,19,58,19,99,1529,1
2021/4/4 23:00,1,0,19,58,19,99,1648,1
2021/4/5 0:00,1,0,19,58,18,99,1766,1
2021/4/5 1:00,1,0,19,58,18,99,1855,1
2021/4/5 2:00,1,0,19,58,18,99,1931,1
2021/4/5 3:00,1,0,19,58,17,99,2022,1
2021/4/5 4:00,1,0,18,58,17,99,2103,1
2021/4/5 5:00,1,0,18,58,17,99,2153,1
2021/4/5 6:00,1,0,18,58,17,99,2209,1
2021/4/5 7:00,1,8380,18,62,19,97,2136,1
2021/4/5 8:00,1,17487,18,69,25,93,1329,1
2021/4/5 9:00,1,22414,19,69,31,88,615,1
2021/4/5 10:00,1,32956,19,67,29,78,585,1
2021/4/5 11:00,1,28041,19,71,28,78,581,1
2021/4/5 12:00,1,19760,20,71,25,79,579,1
2021/4/5 13:00,1,16318,19,71,24,79,586,1
2021/4/5 14:00,1,9745,19,70,22,82,598,1
2021/4/5 15:00,1,3080,19,68,19,85,655,1
2021/4/5 16:00,1,1310,19,66,17,86,713,1
2021/4/5 17:00,1,558,19,64,17,89,760,1
2021/4/5 18:00,1,0,19,62,18,95,914,1
2021/4/5 19:00,1,0,19,62,18,97,1089,1
2021/4/5 20:00,1,0,19,61,18,98,1265,1
2021/4/5 21:00,1,0,19,61,18,98,1417,1
2021/4/5 22:00,1,0,19,60,18,98,1556,1
2021/4/5 23:00,1,0,19,60,18,99,1693,1
2021/4/6 0:00,1,0,19,59,18,99,1803,1
2021/4/6 1:00,1,0,18,59,17,99,1891,1
2021/4/6 2:00,1,0,18,59,17,99,1967,1
2021/4/6 3:00,1,0,18,58,17,99,2037,1
2021/4/6 4:00,1,0,18,58,17,99,2123,1
2021/4/6 5:00,1,0,18,58,17,99,2190,1
2021/4/6 6:00,1,0,18,58,16,99,2254,1
2021/4/6 7:00,1,6791,18,57,18,98,2206,1
2021/4/6 8:00,1,20232,18,57,26,94,1427,1
2021/4/6 9:00,1,29122,19,58,35,90,618,1
2021/4/6 10:00,1,32270,19,58,35,81,526,1
2021/4/6 11:00,1,34429,20,58,32,77,565,1
2021/4/6 12:00,1,31085,20,58,31,72,586,1
2021/4/6 13:00,1,31332,21,58,30,74,587,1
2021/4/6 14:00,1,27120,21,56,30,75,587,1
2021/4/6 15:00,1,17375,21,55,27,72,603,1
2021/4/6 16:00,1,10290,21,54,23,73,620,1
2021/4/6 17:00,1,3122,20,52,20,81,653,1
2021/4/6 18:00,1,0,20,51,21,93,790,1
2021/4/6 19:00,1,0,20,51,21,95,958,1
2021/4/6 20:00,1,0,20,51,20,96,1119,1
2021/4/6 21:00,1,0,20,51,20,97,1247,1
2021/4/6 22:00,1,0,20,51,20,97,1334,1
2021/4/6 23:00,1,0,20,51,20,97,1400,1
2021/4/7 0:00,1,0,20,51,19,98,1457,1
2021/4/7 1:00,1,0,20,51,19,98,1512,1
2021/4/7 2:00,1,0,19,51,19,98,1562,1
2021/4/7 3:00,1,0,19,51,19,98,1599,1
2021/4/7 4:00,1,0,19,51,19,99,1622,1
2021/4/7 5:00,1,0,19,51,19,99,1650,1
2021/4/7 6:00,1,0,19,51,19,99,1664,1
2021/4/7 7:00,1,2595,19,52,19,98,1594,1
2021/4/7 8:00,1,4877,19,52,21,97,1252,1
2021/4/7 9:00,1,6640,19,53,21,92,793,1
2021/4/7 10:00,1,7372,19,53,21,91,644,1
2021/4/7 11:00,1,11093,19,53,23,90,595,1
2021/4/7 12:00,1,10311,19,53,23,89,581,1
2021/4/7 13:00,1,8457,20,53,22,86,593,1
2021/4/7 14:00,1,7185,20,53,21,88,601,1
2021/4/7 15:00,1,4406,19,52,19,86,650,1
2021/4/7 16:00,1,2138,19,51,18,86,678,1
2021/4/7 17:00,1,700,19,51,18,91,732,1
2021/4/7 18:00,1,0,19,51,19,97,861,1
2021/4/7 19:00,1,0,19,51,19,97,1019,1
2021/4/7 20:00,1,0,19,51,18,98,1170,1
2021/4/7 21:00,1,0,19,51,18,98,1273,1
2021/4/7 22:00,1,0,19,51,18,98,1346,1
2021/4/7 23:00,1,0,19,51,18,98,1389,1
2021/4/8 0:00,1,0,19,51,18,98,1447,1
2021/4/8 1:00,1,0,19,51,17,98,1473,1
2021/4/8 2:00,1,0,19,51,17,98,1488,1
2021/4/8 3:00,1,0,18,51,17,98,1493,1
2021/4/8 4:00,1,0,18,51,17,98,1501,1
2021/4/8 5:00,1,0,18,51,17,98,1512,1
2021/4/8 6:00,1,0,18,51,16,98,1522,1
2021/4/8 7:00,1,6541,18,51,18,97,1410,1
2021/4/8 8:00,1,16689,18,51,25,93,863,1
2021/4/8 9:00,1,25564,19,51,25,81,593,1
2021/4/8 10:00,1,29635,19,51,26,73,600,1
2021/4/8 11:00,1,31848,20,51,26,65,583,1
2021/4/8 12:00,1,31065,20,51,27,61,578,1
2021/4/8 13:00,1,29405,21,50,27,65,565,1
2021/4/8 14:00,1,25032,21,50,27,64,567,1
2021/4/8 15:00,1,17010,21,50,24,63,565,1
2021/4/8 16:00,1,10086,21,49,22,71,584,1
2021/4/8 17:00,1,3394,20,49,20,83,621,1
2021/4/8 18:00,1,0,20,49,20,94,776,1
2021/4/8 19:00,1,0,20,49,20,96,951,1
2021/4/8 20:00,1,0,20,49,19,97,1132,1
2021/4/8 21:00,1,0,20,49,19,98,1262,1
2021/4/8 22:00,1,0,20,49,19,98,1356,1
2021/4/8 23:00,1,0,19,49,19,98,1413,1
2021/4/9 0:00,1,0,19,49,18,98,1461,1
2021/4/9 1:00,1,0,19,49,18,98,1501,1
2021/4/9 2:00,1,0,19,49,18,98,1517,1
2021/4/9 3:00,1,0,19,49,18,98,1539,1
2021/4/9 4:00,1,0,19,49,17,98,1573,1
2021/4/9 5:00,1,0,19,49,17,98,1591,1
2021/4/9 6:00,1,0,19,49,17,98,1607,1
2021/4/9 7:00,1,6782,19,49,19,97,1432,1
2021/4/9 8:00,1,17150,19,49,26,93,845,1
2021/4/9 9:00,1,25342,19,50,27,83,592,1
2021/4/9 10:00,1,29652,20,50,29,78,572,1
2021/4/9 11:00,1,30340,21,50,29,75,568,1
2021/4/9 12:00,1,29066,21,50,31,74,568,1
2021/4/9 13:00,1,22946,21,50,29,73,571,1
2021/4/9 14:00,1,10560,21,50,23,72,580,1
2021/4/9 15:00,1,6680,21,49,22,74,596,1
2021/4/9 16:00,1,5851,21,49,21,78,596,1
2021/4/9 17:00,1,2848,20,49,20,82,620,1
2021/4/9 18:00,1,0,20,49,20,92,734,1
2021/4/9 19:00,1,0,20,49,20,96,923,1
2021/4/9 20:00,1,0,20,49,20,96,1061,1
2021/4/9 21:00,1,0,20,49,19,97,1197,1
2021/4/9 22:00,1,0,20,49,19,97,1279,1
2021/4/9 23:00,1,0,20,49,19,97,1341,1
2021/4/10 0:00,1,0,20,49,19,97,1395,1
2021/4/10 1:00,1,0,20,49,19,97,1406,1
2021/4/10 2:00,1,0,19,49,18,97,1456,1
2021/4/10 3:00,1,0,19,49,18,97,1463,1
2021/4/10 4:00,1,0,19,49,18,97,1484,1
2021/4/10 5:00,1,0,19,49,18,97,1488,1
2021/4/10 6:00,1,0,19,49,18,97,1518,1
2021/4/10 7:00,1,8061,19,49,19,96,1366,1
2021/4/10 8:00,1,18910,19,54,27,92,723,1
2021/4/10 9:00,1,27935,19,67,29,83,533,1
2021/4/10 10:00,1,32659,20,63,30,79,546,1
2021/4/10 11:00,1,34130,20,63,29,69,561,1
2021/4/10 12:00,1,32251,21,68,28,62,571,1
2021/4/10 13:00,1,32005,21,68,28,61,559,1
2021/4/10 14:00,1,25353,21,68,27,58,551,1
2021/4/10 15:00,1,16779,21,69,25,61,561,1
2021/4/10 16:00,1,8706,21,70,22,66,579,1
2021/4/10 17:00,1,2858,21,70,21,82,615,1
2021/4/10 18:00,1,0,20,70,21,90,751,1
2021/4/10 19:00,1,0,20,70,21,94,907,1
2021/4/10 20:00,1,0,20,70,21,95,1013,1
2021/4/10 21:00,1,0,20,70,20,96,1130,1
2021/4/10 22:00,1,0,20,70,20,96,1182,1
2021/4/10 23:00,1,0,20,70,20,96,1178,1
2021/4/11 0:00,1,0,20,70,20,96,1156,1
2021/4/11 1:00,1,0,20,70,19,96,1190,1
2021/4/11 2:00,1,0,20,70,19,96,1182,1
2021/4/11 3:00,1,0,20,70,19,96,1173,1
2021/4/11 4:00,1,0,20,70,19,97,1179,1
2021/4/11 5:00,1,0,20,70,19,97,1210,1
2021/4/11 6:00,1,0,19,69,19,97,1238,1
2021/4/11 7:00,1,1664,19,69,19,97,1186,1
2021/4/11 8:00,1,4991,19,70,21,96,1056,1
2021/4/11 9:00,1,4708,20,70,22,95,837,1
2021/4/11 10:00,1,5111,20,69,19,92,707,1
2021/4/11 11:00,1,4714,19,68,19,92,686,1
2021/4/11 12:00,1,4785,19,68,19,92,674,1
2021/4/11 13:00,1,1977,19,67,18,93,702,1
2021/4/11 14:00,1,4030,19,67,20,96,668,1
2021/4/11 15:00,1,2547,19,67,19,94,676,1
2021/4/11 16:00,1,1177,19,66,19,95,737,1
2021/4/11 17:00,1,1086,19,66,19,97,853,1
2021/4/11 18:00,1,250,19,65,19,98,930,1
2021/4/11 19:00,1,0,19,65,19,98,1025,1
2021/4/11 20:00,1,0,19,65,19,99,1122,1
2021/4/11 21:00,1,0,19,65,19,99,1165,1
2021/4/11 22:00,1,0,19,64,19,99,1179,1
2021/4/11 23:00,1,0,19,64,18,99,1187,1
2021/4/12 0:00,1,0,19,64,18,99,1188,1
2021/4/12 1:00,1,0,19,63,18,99,1232,1
2021/4/12 2:00,1,0,19,63,18,99,1269,1
2021/4/12 3:00,1,0,19,63,18,99,1272,1
2021/4/12 4:00,1,0,19,63,18,99,1299,1
2021/4/12 5:00,1,0,19,63,18,99,1313,1
2021/4/12 6:00,1,0,19,63,18,99,1309,1
2021/4/12 7:00,1,1397,19,63,18,99,1292,1
2021/4/12 8:00,1,10748,19,65,23,98,968,1
2021/4/12 9:00,1,16336,19,73,30,95,501,1
2021/4/12 10:00,1,17991,20,68,30,90,575,1
2021/4/12 11:00,1,24035,20,60,30,88,597,1
2021/4/12 12:00,1,21167,20,56,31,86,576,1
2021/4/12 13:00,1,28925,21,53,32,85,568,1
2021/4/12 14:00,1,26840,21,52,32,83,567,1
2021/4/12 15:00,1,16895,22,51,30,82,573,1
2021/4/12 16:00,1,9970,22,50,26,87,598,1
2021/4/12 17:00,1,3100,21,49,23,90,648,1
2021/4/12 18:00,1,0,21,49,23,97,825,1
2021/4/12 19:00,1,0,21,49,23,98,992,1
2021/4/12 20:00,1,0,21,49,22,98,1156,1
2021/4/12 21:00,1,0,21,48,22,98,1277,1
2021/4/12 22:00,1,0,21,48,21,98,1360,1
2021/4/12 23:00,1,0,21,48,21,98,1438,1
2021/4/13 0:00,1,0,21,48,21,98,1476,1
2021/4/13 1:00,1,0,21,48,21,98,1524,1
2021/4/13 2:00,1,0,21,48,20,98,1570,1
2021/4/13 3:00,1,0,20,48,20,99,1609,1
2021/4/13 4:00,1,0,20,48,20,99,1641,1
2021/4/13 5:00,1,0,20,48,20,98,1650,1
2021/4/13 6:00,1,0,20,47,19,97,1406,1
2021/4/13 7:00,1,4694,20,47,20,96,1096,1
2021/4/13 8:00,1,6233,20,47,22,95,739,1
2021/4/13 9:00,1,5017,20,47,21,95,615,1
2021/4/13 10:00,1,4891,20,47,17,89,674,1
2021/4/13 11:00,1,4544,20,47,16,87,679,1
2021/4/13 12:00,1,3644,19,46,15,87,691,1
2021/4/13 13:00,1,3562,19,46,15,88,693,1
2021/4/13 14:00,1,5793,19,45,17,88,653,1
2021/4/13 15:00,1,3635,19,45,16,89,656,1
2021/4/13 16:00,1,3153,19,45,16,87,672,1
2021/4/13 17:00,1,1351,19,45,16,90,683,1
2021/4/13 18:00,1,0,19,45,17,97,793,1
2021/4/13 19:00,1,0,19,45,17,96,906,1
2021/4/13 20:00,1,0,19,45,17,97,1017,1
2021/4/13 21:00,1,0,19,45,17,97,1122,1
2021/4/13 22:00,1,0,19,45,17,97,1196,1
2021/4/13 23:00,1,0,19,45,17,97,1235,1
2021/4/14 0:00,1,0,19,45,17,98,1279,1
2021/4/14 1:00,1,0,19,45,17,98,1315,1
2021/4/14 2:00,1,0,19,45,17,98,1357,1
2021/4/14 3:00,1,0,19,45,17,98,1378,1
2021/4/14 4:00,1,0,18,45,17,98,1395,1
2021/4/14 5:00,1,0,18,45,17,98,1409,1
2021/4/14 6:00,1,0,18,45,17,98,1411,1
2021/4/14 7:00,1,4399,18,45,18,98,1341,1
2021/4/14 8:00,1,17929,19,45,25,94,795,1
2021/4/14 9:00,1,28253,19,45,27,83,548,1
2021/4/14 10:00,1,30428,20,45,28,81,547,1
2021/4/14 11:00,1,29775,20,45,27,75,547,1
2021/4/14 12:00,1,30996,21,45,28,72,547,1
2021/4/14 13:00,1,27306,21,45,28,76,538,1
2021/4/14 14:00,1,24157,21,44,27,74,540,1
2021/4/14 15:00,1,17212,21,44,25,71,538,1
2021/4/14 16:00,1,12495,21,43,22,69,549,1
2021/4/14 17:00,1,3927,21,43,20,77,590,1
2021/4/14 18:00,1,0,20,43,20,93,729,1
2021/4/14 19:00,1,0,20,43,20,95,882,1
2021/4/14 20:00,1,0,20,43,20,96,992,1
2021/4/14 21:00,1,0,20,43,19,96,1087,1
2021/4/14 22:00,1,0,20,43,19,96,1127,1
2021/4/14 23:00,1,0,20,43,19,96,1140,1
2021/4/15 0:00,1,0,20,43,19,96,1151,1
2021/4/15 1:00,1,0,20,43,19,97,1185,1
2021/4/15 2:00,1,0,19,43,19,97,1207,1
2021/4/15 3:00,1,0,19,43,18,97,1226,1
2021/4/15 4:00,1,0,19,43,18,97,1274,1
2021/4/15 5:00,1,0,19,43,18,97,1307,1
2021/4/15 6:00,1,0,19,43,18,97,1327,1
2021/4/15 7:00,1,5971,19,43,19,97,1252,1
2021/4/15 8:00,1,13793,19,43,24,93,680,1
2021/4/15 9:00,1,22967,20,44,29,87,473,1
2021/4/15 10:00,1,29509,20,44,28,80,571,1
2021/4/15 11:00,1,24654,21,44,29,84,554,1
2021/4/15 12:00,1,28616,21,44,29,80,567,1
2021/4/15 13:00,1,27908,22,44,30,82,556,1
2021/4/15 14:00,1,20814,22,44,29,82,557,1
2021/4/15 15:00,1,17135,22,43,25,79,581,1
2021/4/15 16:00,1,9302,22,43,22,86,605,1
2021/4/15 17:00,1,2450,21,42,21,87,634,1
2021/4/15 18:00,1,0,21,42,22,97,807,1
2021/4/15 19:00,1,0,21,43,22,98,977,1
2021/4/15 20:00,1,0,21,43,22,98,1130,1
2021/4/15 21:00,1,0,21,43,22,98,1265,1
2021/4/15 22:00,1,0,21,43,21,99,1344,1
2021/4/15 23:00,1,0,21,43,21,99,1392,1
2021/4/16 0:00,1,0,21,43,21,99,1446,1
2021/4/16 1:00,1,0,21,43,21,99,1474,1
2021/4/16 2:00,1,0,21,43,21,99,1459,1
2021/4/16 3:00,1,0,20,43,20,98,1298,1
2021/4/16 4:00,1,0,20,43,20,97,1197,1
2021/4/16 5:00,1,0,20,43,20,98,1202,1
2021/4/16 6:00,1,0,20,43,20,98,1274,1
2021/4/16 7:00,1,4474,20,43,21,97,1230,1
2021/4/16 8:00,1,12847,20,43,24,93,764,1
2021/4/16 9:00,1,14346,21,43,26,86,550,1
2021/4/16 10:00,1,20805,21,43,28,82,566,1
2021/4/16 11:00,1,27404,22,44,31,80,558,1
2021/4/16 12:00,1,24124,22,44,31,79,548,1
2021/4/16 13:00,1,22625,23,44,32,81,528,1
2021/4/16 14:00,1,15080,23,44,28,75,557,1
2021/4/16 15:00,1,9679,22,43,25,73,562,1
2021/4/16 16:00,1,7789,22,43,24,76,567,1
2021/4/16 17:00,1,4373,22,43,22,78,580,1
2021/4/16 18:00,1,0,22,43,22,91,700,1
2021/4/16 19:00,1,0,22,43,22,95,915,1
2021/4/16 20:00,1,0,21,43,22,96,1083,1
2021/4/16 21:00,1,0,21,43,21,96,1197,1
2021/4/16 22:00,1,0,21,43,21,97,1295,1
2021/4/16 23:00,1,0,21,43,21,97,1367,1
2021/4/17 0:00,1,0,21,43,21,97,1400,1
2021/4/17 1:00,1,0,21,43,20,96,1396,1
2021/4/17 2:00,1,0,21,43,19,92,1106,1
2021/4/17 3:00,1,0,21,43,19,93,1008,1
2021/4/17 4:00,1,0,20,43,19,95,1027,1
2021/4/17 5:00,1,0,20,43,19,96,1118,1
2021/4/17 6:00,1,0,20,43,19,97,1203,1
2021/4/17 7:00,1,8025,20,43,21,95,1176,1
2021/4/17 8:00,1,18770,21,43,28,91,700,1
2021/4/17 9:00,1,27052,21,43,28,80,578,1
2021/4/17 10:00,1,30235,22,43,31,76,553,1
2021/4/17 11:00,1,31793,22,43,29,65,558,1
2021/4/17 12:00,1,30907,22,43,29,61,549,1
2021/4/17 13:00,1,30271,23,43,29,60,556,1
2021/4/17 14:00,1,26837,23,43,29,61,565,1
2021/4/17 15:00,1,18990,23,43,27,58,554,1
2021/4/17 16:00,1,12319,22,42,22,62,568,1
2021/4/17 17:00,1,4337,22,42,21,80,598,1
2021/4/17 18:00,1,0,21,42,21,89,731,1
2021/4/17 19:00,1,0,21,42,21,93,892,1
2021/4/17 20:00,1,0,21,42,21,96,1062,1
2021/4/17 21:00,1,0,21,42,20,96,1185,1
2021/4/17 22:00,1,0,21,42,20,96,1278,1
2021/4/17 23:00,1,0,21,42,20,96,1327,1
2021/4/18 0:00,1,0,21,42,19,96,1379,1
2021/4/18 1:00,1,0,20,42,19,96,1399,1
2021/4/18 2:00,1,0,20,42,19,96,1416,1
2021/4/18 3:00,1,0,20,42,19,97,1422,1
2021/4/18 4:00,1,0,20,42,18,97,1429,1
2021/4/18 5:00,1,0,20,42,18,97,1440,1
2021/4/18 6:00,1,0,20,42,18,97,1449,1
2021/4/18 7:00,1,8924,20,42,20,96,1334,1
2021/4/18 8:00,1,20627,20,42,28,91,735,1
2021/4/18 9:00,1,28572,21,43,29,81,543,1
2021/4/18 10:00,1,29225,21,43,31,78,522,1
2021/4/18 11:00,1,26395,22,43,29,74,548,1
2021/4/18 12:00,1,24953,22,43,31,78,539,1
2021/4/18 13:00,1,24034,23,43,30,77,545,1
2021/4/18 14:00,1,25147,23,43,31,74,544,1
2021/4/18 15:00,1,17249,23,43,29,75,545,1
2021/4/18 16:00,1,12080,23,43,24,73,554,1
2021/4/18 17:00,1,4045,22,42,21,80,589,1
2021/4/18 18:00,1,0,22,42,22,91,725,1
2021/4/18 19:00,1,0,22,42,22,95,919,1
2021/4/18 20:00,1,0,22,42,21,95,1057,1
2021/4/18 21:00,1,0,21,42,21,96,1184,1
2021/4/18 22:00,1,0,21,42,21,96,1272,1
2021/4/18 23:00,1,0,21,42,20,96,1326,1
2021/4/19 0:00,1,0,21,42,20,96,1361,1
2021/4/19 1:00,1,0,21,42,20,97,1393,1
2021/4/19 2:00,1,0,21,42,19,97,1423,1
2021/4/19 3:00,1,0,21,42,19,97,1432,1
2021/4/19 4:00,1,0,21,42,19,97,1438,1
2021/4/19 5:00,1,0,20,42,19,97,1454,1
2021/4/19 6:00,1,0,20,42,19,97,1457,1
2021/4/19 7:00,1,8186,20,42,21,96,1371,1
2021/4/19 8:00,1,18840,20,67,29,93,776,1
2021/4/19 9:00,1,26751,19,63,30,83,519,1
2021/4/19 10:00,1,29688,20,58,32,79,550,1
2021/4/19 11:00,1,31669,21,53,34,79,554,1
2021/4/19 12:00,1,30655,22,50,36,80,536,1
2021/4/19 13:00,1,15667,23,48,34,84,569,1
2021/4/19 14:00,1,340,23,48,31,91,756,1
2021/4/19 15:00,1,6440,22,47,28,82,730,1
2021/4/19 16:00,1,12143,22,47,26,63,602,1
2021/4/19 17:00,1,4063,22,46,23,73,616,1
2021/4/19 18:00,1,9,22,46,23,91,754,1
2021/4/19 19:00,1,0,22,46,23,95,945,1
2021/4/19 20:00,1,0,22,46,22,95,1057,1
2021/4/19 21:00,1,0,22,46,22,96,1141,1
2021/4/19 22:00,1,0,22,46,21,96,1233,1
2021/4/19 23:00,1,0,21,46,21,96,1299,1
2021/4/20 0:00,1,0,21,46,21,96,1313,1
2021/4/20 1:00,1,0,21,46,21,97,1361,1
2021/4/20 2:00,1,0,21,46,20,97,1399,1
2021/4/20 3:00,1,0,21,45,20,97,1395,1
2021/4/20 4:00,1,0,21,45,20,97,1344,1
2021/4/20 5:00,1,0,21,45,20,97,1358,1
2021/4/20 6:00,1,1,21,45,20,97,1328,1
2021/4/20 7:00,1,1294,21,45,20,97,1295,1
2021/4/20 8:00,1,1903,21,45,20,96,1192,1
2021/4/20 9:00,1,3513,21,45,21,96,1028,1
2021/4/20 10:00,1,4179,21,45,22,97,840,1
2021/4/20 11:00,1,3973,21,45,22,97,740,1
2021/4/20 12:00,1,3380,21,45,22,97,682,1
2021/4/20 13:00,1,3005,21,45,21,97,698,1
2021/4/20 14:00,1,3370,21,45,21,96,733,1
2021/4/20 15:00,1,4654,21,44,21,96,690,1
2021/4/20 16:00,1,2024,21,44,21,96,662,1
2021/4/20 17:00,1,580,21,44,20,97,770,1
2021/4/20 18:00,1,0,21,44,20,97,868,1
2021/4/20 19:00,1,0,21,44,20,97,935,1
2021/4/20 20:00,1,0,20,44,19,97,980,1
2021/4/20 21:00,1,0,20,44,19,97,1004,1
2021/4/20 22:00,1,0,20,44,19,97,1003,1
2021/4/20 23:00,1,0,20,44,19,97,1023,1
2021/4/21 0:00,1,0,20,43,19,97,1037,1
2021/4/21 1:00,1,0,20,43,19,98,1097,1
2021/4/21 2:00,1,0,20,43,19,98,1106,1
2021/4/21 3:00,1,0,20,43,19,98,1144,1
2021/4/21 4:00,1,0,20,43,18,98,1131,1
2021/4/21 5:00,1,0,20,43,18,98,1102,1
2021/4/21 6:00,1,0,20,43,18,98,1093,1
2021/4/21 7:00,1,936,20,43,18,98,1047,1
2021/4/21 8:00,1,1793,20,42,18,98,937,1
2021/4/21 9:00,1,3886,20,42,19,97,820,1
2021/4/21 10:00,1,3569,20,42,20,97,680,1
2021/4/21 11:00,1,3513,20,42,18,93,694,1
2021/4/21 12:00,1,2135,20,42,18,93,710,1
2021/4/21 13:00,1,4191,20,42,19,95,683,1
2021/4/21 14:00,1,3108,20,42,19,95,665,1
2021/4/21 15:00,1,2491,20,42,19,94,692,1
2021/4/21 16:00,1,1296,20,42,18,94,709,1
2021/4/21 17:00,1,396,20,42,18,97,740,1
2021/4/21 18:00,1,0,20,42,18,98,857,1
2021/4/21 19:00,1,0,20,42,18,99,938,1
2021/4/21 20:00,1,0,20,42,18,99,1008,1
2021/4/21 21:00,1,0,20,42,18,99,1067,1
2021/4/21 22:00,1,0,19,42,18,99,1116,1
2021/4/21 23:00,1,0,19,42,19,100,1171,1
2021/4/22 0:00,1,0,19,42,18,100,1188,1
2021/4/22 1:00,1,0,19,42,18,100,1185,1
2021/4/22 2:00,1,0,19,42,18,100,1190,1
2021/4/22 3:00,1,0,19,42,18,100,1222,1
2021/4/22 4:00,1,0,19,42,18,100,1267,1
2021/4/22 5:00,1,0,19,42,18,100,1260,1
2021/4/22 6:00,1,0,19,42,18,100,1277,1
2021/4/22 7:00,1,1234,19,42,18,100,1304,1
2021/4/22 8:00,1,2243,19,42,19,99,1190,1
2021/4/22 9:00,1,1834,19,42,19,99,1049,1
2021/4/22 10:00,1,5864,19,42,20,99,926,1
2021/4/22 11:00,1,5591,19,42,22,99,682,1
2021/4/22 12:00,1,6837,20,43,22,99,626,1
2021/4/22 13:00,1,7082,20,42,24,98,520,1
2021/4/22 14:00,1,5182,20,42,24,99,558,1
2021/4/22 15:00,1,4270,20,42,23,98,661,1
2021/4/22 16:00,1,3684,20,42,22,97,682,1
2021/4/22 17:00,1,1059,20,42,21,98,755,1
2021/4/22 18:00,1,0,20,42,20,99,892,1
2021/4/22 19:00,1,0,20,42,20,100,1014,1
2021/4/22 20:00,1,0,20,42,20,100,1079,1
2021/4/22 21:00,1,0,20,42,20,100,1112,1
2021/4/22 22:00,1,0,20,42,20,100,1178,1
2021/4/22 23:00,1,0,20,42,19,100,1198,1
2021/4/23 0:00,1,0,20,41,19,100,1195,1
2021/4/23 1:00,1,0,20,41,19,100,1156,1
2021/4/23 2:00,1,0,20,41,19,100,1145,1
2021/4/23 3:00,1,0,20,41,19,100,1189,1
2021/4/23 4:00,1,0,19,42,19,100,1230,1
2021/4/23 5:00,1,0,19,41,18,100,1243,1
2021/4/23 6:00,1,0,19,42,18,100,1277,1
2021/4/23 7:00,1,8312,19,42,20,99,1114,1
2021/4/23 8:00,1,18833,20,42,28,94,558,1
2021/4/23 9:00,1,24679,21,43,34,89,411,1
2021/4/23 10:00,1,24203,21,43,30,86,491,1
2021/4/23 11:00,1,22433,22,43,29,87,521,1
2021/4/23 12:00,1,23042,22,43,30,86,515,1
2021/4/23 13:00,1,21635,22,43,29,86,525,1
2021/4/23 14:00,1,10049,22,43,27,88,535,1
2021/4/23 15:00,1,8027,22,42,25,89,552,1
2021/4/23 16:00,1,3966,22,42,22,89,580,1
2021/4/23 17:00,1,694,21,42,21,93,636,1
2021/4/23 18:00,1,0,21,42,22,97,785,1
2021/4/23 19:00,1,0,21,42,21,97,861,1
2021/4/23 20:00,1,0,21,42,21,97,922,1
2021/4/23 21:00,1,0,21,42,21,97,1015,1
2021/4/23 22:00,1,0,21,42,21,98,1021,1
2021/4/23 23:00,1,0,21,42,21,99,1063,1
2021/4/24 0:00,1,0,21,42,20,99,1097,1
2021/4/24 1:00,1,0,21,42,20,98,1093,1
2021/4/24 2:00,1,0,20,42,20,98,1069,1
2021/4/24 3:00,1,0,20,42,20,99,1119,1
2021/4/24 4:00,1,0,20,42,20,100,1233,1
2021/4/24 5:00,1,0,20,42,20,100,1310,1
2021/4/24 6:00,1,0,20,42,20,100,1262,1
2021/4/24 7:00,1,927,20,42,20,99,1197,1
2021/4/24 8:00,1,3137,20,42,20,98,1010,1
2021/4/24 9:00,1,4672,20,42,22,97,803,1
2021/4/24 10:00,1,5385,20,42,23,97,695,1
2021/4/24 11:00,1,5750,21,42,24,97,625,1
2021/4/24 12:00,1,5174,21,42,24,97,597,1
2021/4/24 13:00,1,3086,21,43,22,97,647,1
2021/4/24 14:00,1,2487,21,43,22,97,701,1
2021/4/24 15:00,1,1308,21,43,21,98,775,1
2021/4/24 16:00,1,1125,21,43,20,98,851,1
2021/4/24 17:00,1,333,20,43,19,97,874,1
2021/4/24 18:00,1,0,20,43,19,98,908,1
2021/4/24 19:00,1,0,20,43,19,98,938,1
2021/4/24 20:00,1,0,20,43,19,99,982,1
2021/4/24 21:00,1,0,20,43,19,97,985,1
2021/4/24 22:00,1,0,20,43,18,97,959,1
2021/4/24 23:00,1,0,20,43,18,98,948,1
2021/4/25 0:00,1,0,20,43,18,97,945,1
2021/4/25 1:00,1,0,20,43,18,98,944,1
2021/4/25 2:00,1,0,20,43,18,97,942,1
2021/4/25 3:00,1,0,19,43,18,97,927,1
2021/4/25 4:00,1,0,19,43,18,98,939,1
2021/4/25 5:00,1,0,19,43,18,98,950,1
2021/4/25 6:00,1,0,19,43,18,98,944,1
2021/4/25 7:00,1,418,19,43,18,98,969,1
2021/4/25 8:00,1,2348,19,44,17,97,891,1
2021/4/25 9:00,1,3752,19,43,18,96,755,1
2021/4/25 10:00,1,6015,19,44,20,95,648,1
2021/4/25 11:00,1,4773,19,44,19,93,683,1
2021/4/25 12:00,1,3796,19,43,17,93,705,1
2021/4/25 13:00,1,4553,19,43,18,93,704,1
2021/4/25 14:00,1,3757,19,43,18,94,707,1
2021/4/25 15:00,1,2963,19,43,18,94,709,1
2021/4/25 16:00,1,1377,19,43,17,94,736,1
2021/4/25 17:00,1,668,19,43,18,97,783,1
2021/4/25 18:00,1,0,19,43,18,99,887,1
2021/4/25 19:00,1,0,19,44,18,99,986,1
2021/4/25 20:00,1,0,19,43,18,100,1063,1
2021/4/25 21:00,1,0,19,44,18,100,1121,1
2021/4/25 22:00,1,0,19,44,18,100,1201,1
2021/4/25 23:00,1,0,19,44,18,100,1258,1
2021/4/26 0:00,1,0,19,44,18,100,1318,1
2021/4/26 1:00,1,0,19,44,18,100,1355,1
2021/4/26 2:00,1,0,19,44,18,100,1363,1
2021/4/26 3:00,1,0,19,44,18,100,1368,1
2021/4/26 4:00,1,0,19,44,18,100,1358,1
2021/4/26 5:00,1,0,19,44,18,100,1398,1
2021/4/26 6:00,1,0,19,44,18,100,1432,1
2021/4/26 7:00,1,348,19,44,18,100,1430,1
2021/4/26 8:00,1,2133,19,44,18,100,1343,1
2021/4/26 9:00,1,1811,19,44,18,100,1136,1
2021/4/26 10:00,1,2035,19,44,18,100,922,1
2021/4/26 11:00,1,4457,19,44,19,100,804,1
2021/4/26 12:00,1,4017,19,44,20,100,662,1
2021/4/26 13:00,1,3928,19,44,20,99,610,1
2021/4/26 14:00,1,7382,19,44,21,100,517,1
2021/4/26 15:00,1,10196,19,44,24,97,501,1
2021/4/26 16:00,1,5918,19,45,22,94,649,1
2021/4/26 17:00,1,1209,19,44,20,96,705,1
2021/4/26 18:00,1,0,19,44,20,100,841,1
2021/4/26 19:00,1,0,19,45,19,100,977,1
2021/4/26 20:00,1,0,19,45,19,100,1117,1
2021/4/26 21:00,1,0,19,45,19,100,1224,1
2021/4/26 22:00,1,0,19,45,19,100,1303,1
2021/4/26 23:00,1,0,19,45,18,100,1372,1
2021/4/27 0:00,1,0,19,45,18,100,1423,1
2021/4/27 1:00,1,0,19,45,18,100,1461,1
2021/4/27 2:00,1,0,19,45,18,100,1514,1
2021/4/27 3:00,1,0,19,45,18,100,1548,1
2021/4/27 4:00,1,0,19,45,18,100,1568,1
2021/4/27 5:00,1,0,19,44,17,100,1569,1
2021/4/27 6:00,1,0,19,44,17,100,1534,1
2021/4/27 7:00,1,3847,19,44,19,100,1463,1
2021/4/27 8:00,1,14328,19,45,25,97,915,1
2021/4/27 9:00,1,21777,20,45,30,90,604,1
2021/4/27 10:00,1,11758,20,45,28,90,604,1
2021/4/27 11:00,1,18848,21,46,29,89,606,1
2021/4/27 12:00,1,22803,21,46,31,86,604,1
2021/4/27 13:00,1,24609,22,46,31,80,595,1
2021/4/27 14:00,1,24157,22,46,32,78,577,1
2021/4/27 15:00,1,14877,22,46,29,80,582,1
2021/4/27 16:00,1,11580,22,45,26,80,596,1
2021/4/27 17:00,1,5229,22,45,24,84,614,1
2021/4/27 18:00,1,0,22,45,24,97,717,1
2021/4/27 19:00,1,0,21,45,22,99,914,1
2021/4/27 20:00,1,0,21,45,22,99,1078,1
2021/4/27 21:00,1,0,21,45,21,99,1227,1
2021/4/27 22:00,1,0,21,45,21,99,1332,1
2021/4/27 23:00,1,0,21,45,21,99,1388,1
2021/4/28 0:00,1,0,21,45,20,99,1441,1
2021/4/28 1:00,1,0,21,45,20,99,1478,1
2021/4/28 2:00,1,0,20,45,20,99,1502,1
2021/4/28 3:00,1,0,20,45,20,99,1530,1
2021/4/28 4:00,1,0,20,45,20,99,1540,1
2021/4/28 5:00,1,0,20,45,19,99,1564,1
2021/4/28 6:00,1,0,20,45,19,99,1560,1
2021/4/28 7:00,1,4620,20,45,21,99,1537,1
2021/4/28 8:00,1,14152,19,57,27,96,911,1
2021/4/28 9:00,1,20200,19,62,30,86,602,1
2021/4/28 10:00,1,24245,20,60,30,75,622,1
2021/4/28 11:00,1,14708,20,53,26,73,618,1
2021/4/28 12:00,1,17134,20,50,26,74,600,1
2021/4/28 13:00,1,28660,21,49,30,71,597,1
2021/4/28 14:00,1,20945,22,49,29,71,587,1
2021/4/28 15:00,1,15590,22,48,27,70,576,1
2021/4/28 16:00,1,9217,21,48,23,79,606,1
2021/4/28 17:00,1,4097,21,47,22,80,625,1
2021/4/28 18:00,1,3,21,48,22,93,771,1
2021/4/28 19:00,1,0,21,48,21,97,956,1
2021/4/28 20:00,1,0,21,48,21,97,1109,1
2021/4/28 21:00,1,0,21,48,21,98,1228,1
2021/4/28 22:00,1,0,21,48,20,98,1311,1
2021/4/28 23:00,1,0,21,48,20,98,1364,1
2021/4/29 0:00,1,0,20,48,20,98,1397,1
2021/4/29 1:00,1,0,20,48,19,98,1412,1
2021/4/29 2:00,1,0,20,48,19,98,1412,1
2021/4/29 3:00,1,0,20,48,19,98,1405,1
2021/4/29 4:00,1,0,20,48,19,98,1369,1
2021/4/29 5:00,1,0,20,48,19,98,1363,1
2021/4/29 6:00,1,1411,20,48,19,98,1361,1
2021/4/29 7:00,1,9302,20,48,22,96,1012,1
2021/4/29 8:00,1,17964,20,48,29,93,594,1
2021/4/29 9:00,1,22644,21,49,33,90,459,1
2021/4/29 10:00,1,22459,22,50,32,84,558,1
2021/4/29 11:00,1,24200,23,50,30,84,583,1
2021/4/29 12:00,1,27527,23,51,32,82,574,1
2021/4/29 13:00,1,26642,24,52,33,81,564,1
2021/4/29 14:00,1,22725,24,53,32,75,570,1
2021/4/29 15:00,1,11289,24,54,29,78,587,1
2021/4/29 16:00,1,7278,24,53,27,81,615,1
2021/4/29 17:00,1,1630,23,53,25,89,686,1
2021/4/29 18:00,1,0,23,53,24,89,800,1
2021/4/29 19:00,1,0,23,52,23,92,893,1
2021/4/29 20:00,1,0,23,52,23,96,1031,1
2021/4/29 21:00,1,0,22,51,23,97,1168,1
2021/4/29 22:00,1,0,22,51,22,98,1263,1
2021/4/29 23:00,1,0,22,51,22,98,1325,1
2021/4/30 0:00,1,0,22,51,21,98,1374,1
2021/4/30 1:00,1,0,22,50,21,98,1399,1
2021/4/30 2:00,1,0,22,50,21,98,1425,1
2021/4/30 3:00,1,0,21,50,21,98,1448,1
2021/4/30 4:00,1,0,21,50,20,98,1424,1
2021/4/30 5:00,1,0,21,49,20,99,1403,1
2021/4/30 6:00,1,356,21,49,20,98,1373,1
2021/4/30 7:00,1,8670,21,49,23,95,1155,1
2021/4/30 8:00,1,16364,21,49,29,92,707,1
2021/4/30 9:00,1,24300,22,49,28,80,603,1
2021/4/30 10:00,1,21411,22,49,29,79,593,1
2021/4/30 11:00,1,27768,23,49,32,82,589,1
2021/4/30 12:00,1,27740,24,50,35,82,578,1
2021/4/30 13:00,1,20550,25,50,34,84,576,1
2021/4/30 14:00,1,21900,25,49,34,80,595,1
2021/4/30 15:00,1,15226,25,49,31,78,600,1
2021/4/30 16:00,1,8752,25,48,29,80,619,1
2021/4/30 17:00,1,4342,25,48,27,86,652,1
2021/4/30 18:00,1,0,24,47,25,90,768,1
2021/4/30 19:00,1,0,24,47,24,92,858,1
2021/4/30 20:00,1,0,24,46,23,92,898,1
2021/4/30 21:00,1,0,23,46,22,94,927,1
2021/4/30 22:00,1,0,23,46,22,96,1002,1
2021/4/30 23:00,1,0,23,45,22,97,1054,1
2021/5/1 0:00,1,0,23,45,22,97,1114,1
2021/5/1 1:00,1,0,22,45,22,97,1177,1
2021/5/1 2:00,1,0,22,44,21,98,1254,1
2021/5/1 3:00,1,0,22,44,21,98,1319,1
2021/5/1 4:00,1,0,22,44,21,98,1353,1
2021/5/1 5:00,1,0,22,44,21,98,1398,1
2021/5/1 6:00,1,970,22,44,21,98,1445,1
2021/5/1 7:00,1,9551,22,43,23,95,1182,1
2021/5/1 8:00,1,18433,22,43,29,93,658,1
2021/5/1 9:00,1,25058,22,43,32,86,541,1
2021/5/1 10:00,1,28961,23,43,31,74,587,1
2021/5/1 11:00,1,30078,24,43,30,63,598,1
2021/5/1 12:00,1,28731,24,42,31,66,586,1
2021/5/1 13:00,1,27636,24,42,32,67,580,1
2021/5/1 14:00,1,24741,24,42,31,65,572,1
2021/5/1 15:00,1,15041,24,42,29,67,589,1
2021/5/1 16:00,1,8910,24,43,26,74,612,1
2021/5/1 17:00,1,4200,24,43,24,74,634,1
2021/5/1 18:00,1,10,23,43,24,91,781,1
2021/5/1 19:00,1,0,23,43,23,95,962,1
2021/5/1 20:00,1,0,23,43,23,95,1059,1
2021/5/1 21:00,1,0,23,43,23,96,1148,1
2021/5/1 22:00,1,0,23,43,22,97,1255,1
2021/5/1 23:00,1,0,23,43,22,95,1288,1
2021/5/2 0:00,1,0,22,42,21,91,992,1
2021/5/2 1:00,1,0,22,42,20,91,954,1
2021/5/2 2:00,1,0,22,42,20,92,970,1
2021/5/2 3:00,1,0,22,42,20,93,1008,1
2021/5/2 4:00,1,0,21,42,19,93,1032,1
2021/5/2 5:00,1,1,21,42,19,93,1038,1
2021/5/2 6:00,1,945,21,43,19,93,1013,1
2021/5/2 7:00,1,9375,21,42,21,92,793,1
2021/5/2 8:00,1,18822,21,42,27,89,527,1
2021/5/2 9:00,1,26288,22,42,24,69,604,1
2021/5/2 10:00,1,28217,22,42,27,69,602,1
2021/5/2 11:00,1,28625,23,41,28,68,605,1
2021/5/2 12:00,1,28184,23,40,29,70,611,1
2021/5/2 13:00,1,26681,23,40,29,66,593,1
2021/5/2 14:00,1,21609,24,39,28,69,589,1
2021/5/2 15:00,1,11833,23,39,25,71,588,1
2021/5/2 16:00,1,9142,23,38,23,67,607,1
2021/5/2 17:00,1,2431,23,38,22,77,644,1
2021/5/2 18:00,1,5,23,38,23,92,798,1
2021/5/2 19:00,1,0,22,38,22,94,958,1
2021/5/2 20:00,1,0,22,38,22,95,1081,1
2021/5/2 21:00,1,0,22,38,22,95,1156,1
2021/5/2 22:00,1,0,22,38,22,96,1215,1
2021/5/2 23:00,1,0,22,38,21,96,1215,1
2021/5/3 0:00,1,0,22,38,21,96,1213,1
2021/5/3 1:00,1,0,22,38,21,96,1217,1
2021/5/3 2:00,1,0,22,37,20,96,1201,1
2021/5/3 3:00,1,0,21,37,20,95,1183,1
2021/5/3 4:00,1,0,21,37,20,95,1136,1
2021/5/3 5:00,1,1,21,37,20,96,1119,1
2021/5/3 6:00,1,33,21,37,20,96,1144,1
2021/5/3 7:00,1,6481,21,37,21,94,1067,1
2021/5/3 8:00,1,16256,21,37,26,93,657,1
2021/5/3 9:00,1,23149,22,37,32,87,509,1
2021/5/3 10:00,1,28129,23,37,27,80,617,1
2021/5/3 11:00,1,25885,23,36,28,78,618,1
2021/5/3 12:00,1,16027,23,36,26,80,607,1
2021/5/3 13:00,1,10836,23,36,25,82,629,1
2021/5/3 14:00,1,2536,23,36,23,87,668,1
2021/5/3 15:00,1,1283,23,36,23,95,807,1
2021/5/3 16:00,1,749,22,36,22,97,904,1
2021/5/3 17:00,1,521,22,36,22,98,992,1
2021/5/3 18:00,1,227,22,36,21,98,1085,1
2021/5/3 19:00,1,1,22,36,21,98,1194,1
2021/5/3 20:00,1,0,22,36,21,99,1279,1
2021/5/3 21:00,1,0,22,36,21,99,1374,1
2021/5/3 22:00,1,0,22,36,20,99,1440,1
2021/5/3 23:00,1,0,21,36,20,99,1471,1
2021/5/4 0:00,1,0,21,36,20,99,1517,1
2021/5/4 1:00,1,0,21,36,20,98,1462,1
2021/5/4 2:00,1,0,21,36,20,98,1243,1
2021/5/4 3:00,1,0,21,36,20,98,1168,1
2021/5/4 4:00,1,0,21,36,20,98,1187,1
2021/5/4 5:00,1,68,21,36,19,98,1179,1
2021/5/4 6:00,1,841,21,36,19,98,1015,1
2021/5/4 7:00,1,2879,21,36,20,98,863,1
2021/5/4 8:00,1,3315,21,36,21,97,783,1
2021/5/4 9:00,1,12343,21,36,24,92,685,1
2021/5/4 10:00,1,23520,22,36,26,86,647,1
2021/5/4 11:00,1,27279,23,36,28,83,622,1
2021/5/4 12:00,1,25786,23,36,29,80,596,1
2021/5/4 13:00,1,21592,23,36,29,78,595,1
2021/5/4 14:00,1,14489,23,36,27,77,589,1
2021/5/4 15:00,1,11526,23,35,25,70,591,1
2021/5/4 16:00,1,7338,23,35,24,67,591,1
2021/5/4 17:00,1,2534,23,35,22,77,619,1
2021/5/4 18:00,1,7,22,35,22,92,765,1
2021/5/4 19:00,1,0,22,35,22,96,938,1
2021/5/4 20:00,1,0,22,35,22,97,1056,1
2021/5/4 21:00,1,0,22,35,21,97,1150,1
2021/5/4 22:00,1,0,22,35,21,97,1208,1
2021/5/4 23:00,1,0,22,35,20,97,1261,1
2021/5/5 0:00,1,0,22,35,20,97,1302,1
2021/5/5 1:00,1,0,21,35,20,97,1318,1
2021/5/5 2:00,1,0,21,35,19,97,1357,1
2021/5/5 3:00,1,0,21,35,19,97,1384,1
2021/5/5 4:00,1,0,21,35,19,97,1400,1
2021/5/5 5:00,1,2,21,35,19,97,1408,1
2021/5/5 6:00,1,48,21,35,19,98,1414,1
2021/5/5 7:00,1,8613,21,35,22,97,1244,1
2021/5/5 8:00,1,16070,21,35,29,92,690,1
2021/5/5 9:00,1,22526,22,35,30,81,587,1
2021/5/5 10:00,1,23423,23,35,30,73,570,1
2021/5/5 11:00,1,25403,23,35,32,71,566,1
2021/5/5 12:00,1,24997,24,35,34,75,570,1
2021/5/5 13:00,1,29126,24,35,36,73,556,1
2021/5/5 14:00,1,23423,25,35,33,61,557,1
2021/5/5 15:00,1,17238,25,35,30,59,561,1
2021/5/5 16:00,1,11466,25,34,27,54,558,1
2021/5/5 17:00,1,5054,24,34,25,64,568,1
2021/5/5 18:00,1,1310,24,34,24,88,662,1
2021/5/5 19:00,1,25,23,34,22,94,838,1
2021/5/5 20:00,1,0,23,34,21,94,1004,1
2021/5/5 21:00,1,0,22,34,20,93,1172,1
2021/5/5 22:00,1,0,22,34,19,94,1306,1
2021/5/5 23:00,1,0,22,34,18,94,1390,1
2021/5/6 0:00,1,0,21,34,18,95,1456,1
2021/5/6 1:00,1,0,21,34,18,95,1503,1
2021/5/6 2:00,1,0,21,34,18,95,1552,1
2021/5/6 3:00,1,0,21,34,17,95,1565,1
2021/5/6 4:00,1,0,21,34,17,96,1458,1
2021/5/6 5:00,1,362,21,34,18,96,1414,1
2021/5/6 6:00,1,3142,21,35,19,96,1390,1
2021/5/6 7:00,1,8325,21,35,23,95,1051,1
2021/5/6 8:00,1,15459,21,35,25,86,684,1
2021/5/6 9:00,1,22424,22,35,26,76,627,1
2021/5/6 10:00,1,24495,23,35,28,72,602,1
2021/5/6 11:00,1,16778,24,35,28,77,583,1
2021/5/6 12:00,1,21999,25,35,30,76,601,1
2021/5/6 13:00,1,20733,25,36,32,75,591,1
2021/5/6 14:00,1,16593,26,36,30,77,585,1
2021/5/6 15:00,1,10757,26,36,28,78,588,1
2021/5/6 16:00,1,6751,25,35,26,79,591,1
2021/5/6 17:00,1,3581,25,35,25,82,610,1
2021/5/6 18:00,1,869,24,35,24,90,704,1
2021/5/6 19:00,1,8,24,35,23,95,883,1
2021/5/6 20:00,1,0,23,35,22,96,1013,1
2021/5/6 21:00,1,0,23,35,21,96,1071,1
2021/5/6 22:00,1,0,23,35,21,96,1083,1
2021/5/6 23:00,1,0,22,35,20,96,1146,1
2021/5/7 0:00,1,0,22,35,20,96,1240,1
2021/5/7 1:00,1,0,22,35,20,96,1368,1
2021/5/7 2:00,1,0,22,35,20,96,1509,1
2021/5/7 3:00,1,0,21,35,20,96,1671,1
2021/5/7 4:00,1,0,21,35,20,97,1774,1
2021/5/7 5:00,1,267,21,35,20,97,1827,1
2021/5/7 6:00,1,2141,21,35,20,97,1732,1
2021/5/7 7:00,1,5066,22,35,23,94,1473,1
2021/5/7 8:00,1,9352,22,35,26,93,979,1
2021/5/7 9:00,1,16256,23,36,26,69,648,1
2021/5/7 10:00,1,20025,24,36,28,65,596,1
2021/5/7 11:00,1,21937,25,36,30,69,587,1
2021/5/7 12:00,1,22707,26,36,32,70,580,1
2021/5/7 13:00,1,21768,27,37,34,75,572,1
2021/5/7 14:00,1,19254,28,37,32,72,562,1
2021/5/7 15:00,1,11743,27,37,29,74,584,1
2021/5/7 16:00,1,9026,26,36,27,69,588,1
2021/5/7 17:00,1,3889,26,36,24,71,596,1
2021/5/7 18:00,1,1121,25,36,23,89,707,1
2021/5/7 19:00,1,19,24,36,22,92,899,1
2021/5/7 20:00,1,0,24,35,21,92,1076,1
2021/5/7 21:00,1,0,23,35,20,92,1210,1
2021/5/7 22:00,1,0,23,35,19,92,1311,1
2021/5/7 23:00,1,0,22,35,18,92,1394,1
2021/5/8 0:00,1,0,22,35,18,92,1440,1
2021/5/8 1:00,1,0,22,35,18,92,1465,1
2021/5/8 2:00,1,0,21,35,17,93,1505,1
2021/5/8 3:00,1,0,21,35,17,93,1537,1
2021/5/8 4:00,1,0,21,35,16,93,1533,1
2021/5/8 5:00,1,416,20,35,16,93,1515,1
2021/5/8 6:00,1,3243,20,35,18,93,1446,1
2021/5/8 7:00,1,9480,21,35,23,93,1016,1
2021/5/8 8:00,1,18161,22,35,30,92,606,1
2021/5/8 9:00,1,24626,23,36,32,81,571,1
2021/5/8 10:00,1,27226,25,36,34,74,560,1
2021/5/8 11:00,1,5988,27,37,31,78,591,1
2021/5/8 12:00,1,445,26,37,29,80,624,1
2021/5/8 13:00,1,406,25,36,29,78,628,1
2021/5/8 14:00,1,339,25,36,29,76,625,1
2021/5/8 15:00,1,249,24,36,29,74,611,1
2021/5/8 16:00,1,9532,25,36,30,72,598,1
2021/5/8 17:00,1,4730,25,36,29,79,590,1
2021/5/8 18:00,1,1312,24,36,26,88,660,1
2021/5/8 19:00,1,26,24,36,24,93,798,1
2021/5/8 20:00,1,0,23,36,23,94,841,1
2021/5/8 21:00,1,0,23,36,22,94,858,1
2021/5/8 22:00,1,0,23,36,22,93,796,1
2021/5/8 23:00,1,0,23,36,21,89,783,1
2021/5/9 0:00,1,0,22,36,20,77,674,1
2021/5/9 1:00,1,0,22,36,19,81,693,1
2021/5/9 2:00,1,0,22,36,19,76,674,1
2021/5/9 3:00,1,0,21,35,18,79,674,1
2021/5/9 4:00,1,0,21,35,17,83,700,1
2021/5/9 5:00,1,432,21,35,17,85,720,1
2021/5/9 6:00,1,3068,21,35,18,83,688,1
2021/5/9 7:00,1,8864,21,35,20,77,637,1
2021/5/9 8:00,1,16011,21,35,25,78,594,1
2021/5/9 9:00,1,22805,23,36,28,73,583,1
2021/5/9 10:00,1,5432,23,36,28,78,595,1
2021/5/9 11:00,1,470,23,36,27,81,632,1
2021/5/9 12:00,1,469,23,36,29,85,662,1
2021/5/9 13:00,1,423,23,36,30,87,697,1
2021/5/9 14:00,1,354,24,37,30,83,644,1
2021/5/9 15:00,1,1617,24,37,30,85,629,1
2021/5/9 16:00,1,9755,24,37,31,82,627,1
2021/5/9 17:00,1,4436,24,37,29,85,626,1
2021/5/9 18:00,1,1161,24,37,27,88,631,1
2021/5/9 19:00,1,22,24,37,25,92,677,1
2021/5/9 20:00,1,0,24,37,24,94,699,1
2021/5/9 21:00,1,0,23,37,24,96,715,1
2021/5/9 22:00,1,0,23,37,23,96,742,1
2021/5/9 23:00,1,0,23,37,23,96,794,1
2021/5/10 0:00,1,0,23,37,22,95,850,1
2021/5/10 1:00,1,0,22,37,22,96,788,1
2021/5/10 2:00,1,0,22,37,21,95,841,1
2021/5/10 3:00,1,0,22,37,21,96,880,1
2021/5/10 4:00,1,0,22,37,21,95,821,1
2021/5/10 5:00,1,439,22,37,20,95,805,1
2021/5/10 6:00,1,3131,22,37,21,93,769,1
2021/5/10 7:00,1,8763,22,37,24,91,704,1
2021/5/10 8:00,1,16540,23,37,29,88,649,1
2021/5/10 9:00,1,22971,24,37,33,86,623,1
2021/5/10 10:00,1,12887,25,38,34,87,635,1
2021/5/10 11:00,1,436,25,38,32,88,742,1
2021/5/10 12:00,1,438,25,38,32,84,687,1
2021/5/10 13:00,1,414,25,38,32,84,684,1
2021/5/10 14:00,1,245,25,38,31,85,684,1
2021/5/10 15:00,1,1195,25,38,30,85,658,1
2021/5/10 16:00,1,5916,25,38,29,84,640,1
2021/5/10 17:00,1,3779,25,38,27,85,628,1
2021/5/10 18:00,1,406,24,38,25,87,673,1
2021/5/10 19:00,1,6,24,37,24,90,754,1
2021/5/10 20:00,1,0,24,37,23,90,771,1
2021/5/10 21:00,1,0,23,37,22,90,763,1
2021/5/10 22:00,1,0,23,37,21,91,777,1
2021/5/10 23:00,1,0,23,37,20,90,730,1
2021/5/11 0:00,1,0,22,37,20,91,681,1
2021/5/11 1:00,1,0,22,37,20,91,690,1
2021/5/11 2:00,1,0,22,37,20,92,711,1
2021/5/11 3:00,1,0,22,37,20,92,728,1
2021/5/11 4:00,1,0,22,37,19,92,727,1
2021/5/11 5:00,1,148,21,37,19,92,712,1
2021/5/11 6:00,1,1030,21,37,19,91,686,1
2021/5/11 7:00,1,3172,21,37,20,91,654,1
2021/5/11 8:00,1,5496,22,37,22,92,590,1
2021/5/11 9:00,1,5178,22,37,23,93,564,1
2021/5/11 10:00,1,6505,22,37,22,88,551,1
2021/5/11 11:00,1,8235,22,37,22,87,543,1
2021/5/11 12:00,1,10347,23,37,24,87,537,1
2021/5/11 13:00,1,11670,23,37,25,87,523,1
2021/5/11 14:00,1,12252,24,38,27,85,499,1
2021/5/11 15:00,1,11531,24,38,26,83,513,1
2021/5/11 16:00,1,4607,24,38,24,84,519,1
2021/5/11 17:00,1,3610,23,37,23,85,535,1
2021/5/11 18:00,1,745,23,37,22,89,560,1
2021/5/11 19:00,1,16,23,37,21,93,669,1
2021/5/11 20:00,1,0,22,37,20,93,743,1
2021/5/11 21:00,1,0,22,37,20,93,832,1
2021/5/11 22:00,1,0,22,37,19,93,911,1
2021/5/11 23:00,1,0,21,37,19,93,900,1
2021/5/12 0:00,1,0,21,37,18,93,894,1
2021/5/12 1:00,1,0,21,37,18,93,940,1
2021/5/12 2:00,1,0,21,37,18,93,973,1
2021/5/12 3:00,1,0,21,37,18,95,1021,1
2021/5/12 4:00,1,0,21,37,19,95,1040,1
2021/5/12 5:00,1,434,21,37,19,95,1066,1
2021/5/12 6:00,1,3224,21,37,19,94,1041,1
2021/5/12 7:00,1,8243,21,37,23,94,746,1
2021/5/12 8:00,1,14425,22,37,28,91,446,1
2021/5/12 9:00,1,21107,23,38,28,84,442,1
2021/5/12 10:00,1,20840,24,38,30,83,426,1
2021/5/12 11:00,1,24785,25,39,31,77,411,1
2021/5/12 12:00,1,22530,26,39,32,76,402,1
2021/5/12 13:00,1,25220,27,39,33,75,409,1
2021/5/12 14:00,1,21443,29,40,33,74,401,1
2021/5/12 15:00,1,15765,28,40,31,79,407,1
2021/5/12 16:00,1,9860,27,39,28,81,410,1
2021/5/12 17:00,1,4677,26,39,27,83,422,1
2021/5/12 18:00,1,1168,26,38,25,88,461,1
2021/5/12 19:00,1,18,25,38,24,94,586,1
2021/5/12 20:00,1,0,24,38,23,95,701,1
2021/5/12 21:00,1,0,24,38,23,95,739,1
2021/5/12 22:00,1,0,24,38,22,95,792,1
2021/5/12 23:00,1,0,23,38,22,96,875,1
2021/5/13 0:00,1,0,23,38,23,97,926,1
2021/5/13 1:00,1,0,23,38,23,97,912,1
2021/5/13 2:00,1,0,23,38,23,97,892,1
2021/5/13 3:00,1,0,23,38,22,96,781,1
2021/5/13 4:00,1,0,23,38,22,97,750,1
2021/5/13 5:00,1,43,23,38,22,97,752,1
2021/5/13 6:00,1,704,23,38,22,97,730,1
2021/5/13 7:00,1,989,23,38,22,96,669,1
2021/5/13 8:00,1,1810,23,38,23,96,697,1
2021/5/13 9:00,1,3353,23,38,24,97,660,1
2021/5/13 10:00,1,3485,23,38,24,97,576,1
2021/5/13 11:00,1,4819,23,38,25,97,553,1
2021/5/13 12:00,1,6077,23,38,26,96,479,1
2021/5/13 13:00,1,3780,23,39,26,98,474,1
2021/5/13 14:00,1,4370,23,39,25,97,507,1
2021/5/13 15:00,1,4445,24,39,25,94,498,1
2021/5/13 16:00,1,3814,23,38,24,91,517,1
2021/5/13 17:00,1,1597,23,38,23,92,529,1
2021/5/13 18:00,1,338,23,38,23,94,566,1
2021/5/13 19:00,1,7,23,38,23,97,650,1
2021/5/13 20:00,1,0,23,38,22,97,693,1
2021/5/13 21:00,1,0,23,38,22,98,724,1
2021/5/13 22:00,1,0,23,38,22,98,729,1
2021/5/13 23:00,1,0,23,38,22,98,748,1
2021/5/14 0:00,1,0,22,38,22,98,753,1
2021/5/14 1:00,1,0,22,38,22,98,711,1
2021/5/14 2:00,1,0,22,38,22,98,698,1
2021/5/14 3:00,1,0,22,38,22,98,709,1
2021/5/14 4:00,1,0,22,38,21,98,690,1
2021/5/14 5:00,1,75,22,38,21,98,678,1
2021/5/14 6:00,1,492,22,38,21,98,697,1
2021/5/14 7:00,1,797,22,38,21,98,727,1
2021/5/14 8:00,1,1398,22,38,22,98,698,1
2021/5/14 9:00,1,3571,22,38,23,98,655,1
2021/5/14 10:00,1,4851,22,38,24,98,560,1
2021/5/14 11:00,1,5165,22,39,25,97,478,1
2021/5/14 12:00,1,4056,23,39,25,98,472,1
2021/5/14 13:00,1,4004,23,39,25,99,484,1
2021/5/14 14:00,1,2698,23,39,25,99,502,1
2021/5/14 15:00,1,3023,23,39,25,98,577,1
2021/5/14 16:00,1,2327,23,39,25,98,604,1
2021/5/14 17:00,1,1673,23,39,24,99,630,1
2021/5/14 18:00,1,492,23,39,23,98,648,1
2021/5/14 19:00,1,7,23,39,23,99,707,1
2021/5/14 20:00,1,0,23,39,22,99,759,1
2021/5/14 21:00,1,0,22,39,22,99,787,1
2021/5/14 22:00,1,0,22,39,22,99,818,1
2021/5/14 23:00,1,0,22,39,22,99,832,1
2021/5/15 0:00,1,0,22,39,22,99,857,1
2021/5/15 1:00,1,0,22,39,22,99,871,1
2021/5/15 2:00,1,0,22,39,21,99,873,1
2021/5/15 3:00,1,0,22,39,21,99,863,1
2021/5/15 4:00,1,0,22,39,21,99,877,1
2021/5/15 5:00,1,30,22,39,21,99,850,1
2021/5/15 6:00,1,585,22,39,21,99,824,1
2021/5/15 7:00,1,2430,22,39,22,99,759,1
2021/5/15 8:00,1,4152,22,39,23,99,663,1
2021/5/15 9:00,1,4480,22,39,24,96,573,1
2021/5/15 10:00,1,8734,22,39,25,94,562,1
2021/5/15 11:00,1,4303,23,39,25,96,540,1
2021/5/15 12:00,1,2633,23,39,24,99,554,1
2021/5/15 13:00,1,5579,23,39,25,98,564,1
2021/5/15 14:00,1,7478,23,40,27,97,469,1
2021/5/15 15:00,1,2779,23,40,25,95,508,1
2021/5/15 16:00,1,874,23,40,23,98,600,1
2021/5/15 17:00,1,1046,23,40,23,99,684,1
2021/5/15 18:00,1,233,23,40,23,99,733,1
2021/5/15 19:00,1,1,23,40,23,99,786,1
2021/5/15 20:00,1,0,22,40,22,99,743,1
2021/5/15 21:00,1,0,22,40,22,99,714,1
2021/5/15 22:00,1,0,22,40,21,99,718,1
2021/5/15 23:00,1,0,22,40,21,99,720,1
2021/5/16 0:00,1,0,22,40,21,99,726,1
2021/5/16 1:00,1,0,22,40,20,98,716,1
2021/5/16 2:00,1,0,21,40,20,98,694,1
2021/5/16 3:00,1,0,21,40,19,98,682,1
2021/5/16 4:00,1,0,21,40,19,98,725,1
2021/5/16 5:00,1,32,21,40,19,98,728,1
2021/5/16 6:00,1,578,21,39,19,97,698,1
2021/5/16 7:00,1,1386,21,39,19,96,670,1
2021/5/16 8:00,1,4069,21,39,19,95,587,1
2021/5/16 9:00,1,3597,21,39,20,95,519,1
2021/5/16 10:00,1,3682,21,39,20,95,526,1
2021/5/16 11:00,1,3040,21,39,20,95,534,1
2021/5/16 12:00,1,3641,21,39,20,94,523,1
2021/5/16 13:00,1,3087,21,39,19,95,527,1
2021/5/16 14:00,1,5061,21,39,21,96,488,1
2021/5/16 15:00,1,2108,21,40,20,95,511,1
2021/5/16 16:00,1,4959,21,39,21,95,527,1
2021/5/16 17:00,1,3110,21,40,21,96,474,1
2021/5/16 18:00,1,738,21,40,21,97,533,1
2021/5/16 19:00,1,14,21,40,19,98,660,1
2021/5/16 20:00,1,0,21,40,19,98,756,1
2021/5/16 21:00,1,0,21,39,19,98,813,1
2021/5/16 22:00,1,0,20,39,18,98,836,1
2021/5/16 23:00,1,0,20,39,18,97,844,1
2021/5/17 0:00,1,0,20,39,18,97,856,1
2021/5/17 1:00,1,0,20,39,18,97,840,1
2021/5/17 2:00,1,0,20,39,18,98,818,1
2021/5/17 3:00,1,0,20,39,18,98,816,1
2021/5/17 4:00,1,0,20,39,18,98,800,1
2021/5/17 5:00,1,637,20,39,17,97,824,1
2021/5/17 6:00,1,3175,20,39,18,97,797,1
2021/5/17 7:00,1,9188,20,39,23,98,564,1
2021/5/17 8:00,1,17954,21,40,27,92,466,1
2021/5/17 9:00,1,24360,22,40,31,87,478,1
2021/5/17 10:00,1,26024,25,41,34,83,430,1
2021/5/17 11:00,1,24280,27,42,33,76,405,1
2021/5/17 12:00,1,20231,26,42,32,78,417,1
2021/5/17 13:00,1,971,26,41,31,91,514,1
2021/5/17 14:00,1,596,25,41,29,92,565,1
2021/5/17 15:00,1,8797,25,41,26,79,492,1
2021/5/17 16:00,1,7041,24,40,25,80,439,1
2021/5/17 17:00,1,3365,24,40,24,84,452,1
2021/5/17 18:00,1,601,24,40,23,93,552,1
2021/5/17 19:00,1,25,23,40,22,96,698,1
2021/5/17 20:00,1,0,23,40,21,96,831,1
2021/5/17 21:00,1,0,22,40,21,96,920,1
2021/5/17 22:00,1,0,22,39,20,96,998,1
2021/5/17 23:00,1,0,22,39,19,95,1104,1
2021/5/18 0:00,1,0,21,39,18,95,1186,1
2021/5/18 1:00,1,0,21,39,18,95,1238,1
2021/5/18 2:00,1,0,21,39,17,95,1292,1
2021/5/18 3:00,1,0,21,39,17,95,1313,1
2021/5/18 4:00,1,0,20,39,17,95,1321,1
2021/5/18 5:00,1,647,20,39,16,95,1343,1
2021/5/18 6:00,1,3636,20,39,18,95,1233,1
2021/5/18 7:00,1,8216,21,39,22,93,861,1
2021/5/18 8:00,1,16290,21,39,25,87,490,1
2021/5/18 9:00,1,21442,22,40,28,84,460,1
2021/5/18 10:00,1,27440,25,41,30,77,437,1
2021/5/18 11:00,1,6165,27,41,29,84,453,1
2021/5/18 12:00,1,511,25,41,28,89,511,1
2021/5/18 13:00,1,388,25,41,28,89,517,1
2021/5/18 14:00,1,207,24,40,26,90,548,1
2021/5/18 15:00,1,11365,24,40,26,80,475,1
2021/5/18 16:00,1,8838,24,40,26,80,448,1
2021/5/18 17:00,1,5217,24,40,24,84,449,1
2021/5/18 18:00,1,1523,23,40,23,89,489,1
2021/5/18 19:00,1,50,23,40,21,95,633,1
2021/5/18 20:00,1,0,23,40,21,95,773,1
2021/5/18 21:00,1,0,22,40,20,95,876,1
2021/5/18 22:00,1,0,22,40,20,95,956,1
2021/5/18 23:00,1,0,22,40,19,95,1064,1
2021/5/19 0:00,1,0,21,40,19,95,1147,1
2021/5/19 1:00,1,0,21,40,19,95,1235,1
2021/5/19 2:00,1,0,21,40,18,95,1285,1
2021/5/19 3:00,1,0,21,40,18,95,1332,1
2021/5/19 4:00,1,0,21,40,18,95,1366,1
2021/5/19 5:00,1,502,21,40,18,96,1366,1
2021/5/19 6:00,1,2367,21,40,19,96,1334,1
2021/5/19 7:00,1,5992,21,40,22,95,1048,1
2021/5/19 8:00,1,9439,21,40,24,90,569,1
2021/5/19 9:00,1,7789,22,40,24,89,513,1
2021/5/19 10:00,1,8635,22,40,24,89,492,1
2021/5/19 11:00,1,11383,22,41,25,88,473,1
2021/5/19 12:00,1,8062,23,41,25,88,476,1
2021/5/19 13:00,1,7059,23,41,25,89,478,1
2021/5/19 14:00,1,5562,23,41,24,89,484,1
2021/5/19 15:00,1,2474,23,41,23,90,497,1
2021/5/19 16:00,1,1643,23,40,23,91,529,1
2021/5/19 17:00,1,1467,22,41,23,94,607,1
2021/5/19 18:00,1,542,22,40,22,95,661,1
2021/5/19 19:00,1,21,22,40,21,96,725,1
2021/5/19 20:00,1,0,22,40,20,96,816,1
2021/5/19 21:00,1,0,22,40,20,96,852,1
2021/5/19 22:00,1,0,21,40,20,96,908,1
2021/5/19 23:00,1,0,21,40,20,96,906,1
2021/5/20 0:00,1,0,21,40,19,96,894,1
2021/5/20 1:00,1,0,21,40,19,95,776,1
2021/5/20 2:00,1,0,21,40,18,94,664,1
2021/5/20 3:00,1,0,20,40,17,94,667,1
2021/5/20 4:00,1,1,20,40,17,94,727,1
2021/5/20 5:00,1,561,20,40,17,95,785,1
2021/5/20 6:00,1,3301,20,40,19,95,780,1
2021/5/20 7:00,1,9108,20,40,23,96,579,1
2021/5/20 8:00,1,17856,21,40,23,85,472,1
2021/5/20 9:00,1,20892,22,40,25,82,466,1
2021/5/20 10:00,1,23042,24,41,27,80,448,1
2021/5/20 11:00,1,18529,25,41,28,79,435,1
2021/5/20 12:00,1,22908,25,41,29,78,429,1
2021/5/20 13:00,1,24256,26,42,30,76,430,1
2021/5/20 14:00,1,22431,28,43,31,74,425,1
2021/5/20 15:00,1,16742,28,42,29,77,424,1
2021/5/20 16:00,1,10978,26,41,26,79,433,1
2021/5/20 17:00,1,4858,25,41,24,82,441,1
2021/5/20 18:00,1,1473,25,41,23,88,492,1
2021/5/20 19:00,1,63,24,40,22,94,637,1
2021/5/20 20:00,1,0,24,40,21,95,770,1
2021/5/20 21:00,1,0,23,40,21,95,854,1
2021/5/20 22:00,1,0,23,40,21,96,907,1
2021/5/20 23:00,1,0,23,40,20,95,927,1
2021/5/21 0:00,1,0,22,40,20,95,947,1
2021/5/21 1:00,1,0,22,40,19,95,997,1
2021/5/21 2:00,1,0,22,40,19,95,1024,1
2021/5/21 3:00,1,0,22,40,19,96,1100,1
2021/5/21 4:00,1,0,21,40,20,97,1129,1
2021/5/21 5:00,1,554,21,40,20,96,1119,1
2021/5/21 6:00,1,3380,21,40,21,95,1021,1
2021/5/21 7:00,1,8345,22,40,25,96,867,1
2021/5/21 8:00,1,15062,23,40,28,88,567,1
2021/5/21 9:00,1,21351,24,41,30,86,491,1
2021/5/21 10:00,1,25652,26,42,30,82,464,1
2021/5/21 11:00,1,23025,27,42,30,80,456,1
2021/5/21 12:00,1,14890,27,42,29,82,453,1
2021/5/21 13:00,1,22238,27,42,30,80,455,1
2021/5/21 14:00,1,17819,28,42,31,80,452,1
2021/5/21 15:00,1,9997,27,42,29,81,445,1
2021/5/21 16:00,1,7732,27,41,28,83,454,1
2021/5/21 17:00,1,4217,26,41,27,85,460,1
2021/5/21 18:00,1,1107,26,41,26,88,487,1
2021/5/21 19:00,1,43,25,41,25,93,638,1
2021/5/21 20:00,1,0,25,41,24,96,778,1
2021/5/21 21:00,1,0,24,41,24,97,837,1
2021/5/21 22:00,1,0,24,41,23,97,876,1
2021/5/21 23:00,1,0,24,41,23,98,910,1
2021/5/22 0:00,1,0,24,40,23,98,939,1
2021/5/22 1:00,1,0,23,40,22,97,1033,1
2021/5/22 2:00,1,0,23,40,22,97,1123,1
2021/5/22 3:00,1,0,23,40,22,97,1177,1
2021/5/22 4:00,1,2,23,40,21,96,1252,1
2021/5/22 5:00,1,671,23,40,21,96,1292,1
2021/5/22 6:00,1,3561,23,40,23,96,1119,1
2021/5/22 7:00,1,8130,23,41,26,93,870,1
2021/5/22 8:00,1,14683,23,41,28,88,567,1
2021/5/22 9:00,1,21795,24,41,31,84,530,1
2021/5/22 10:00,1,25351,27,43,35,75,476,1
2021/5/22 11:00,1,26594,29,44,37,69,445,1
2021/5/22 12:00,1,24069,29,44,37,66,431,1
2021/5/22 13:00,1,24512,31,45,37,64,435,1
2021/5/22 14:00,1,19485,31,45,36,66,431,1
2021/5/22 15:00,1,11974,30,44,34,69,438,1
2021/5/22 16:00,1,7830,29,44,32,73,459,1
2021/5/22 17:00,1,5421,28,43,30,76,471,1
2021/5/22 18:00,1,1652,27,43,28,81,489,1
2021/5/22 19:00,1,56,27,42,27,89,651,1
2021/5/22 20:00,1,0,26,42,25,91,773,1
2021/5/22 21:00,1,0,26,42,25,92,809,1
2021/5/22 22:00,1,0,25,42,25,92,843,1
2021/5/22 23:00,1,0,25,42,25,92,878,1
2021/5/23 0:00,1,0,25,42,24,93,921,1
2021/5/23 1:00,1,0,25,42,24,94,960,1
2021/5/23 2:00,1,0,24,42,23,95,1066,1
2021/5/23 3:00,1,0,24,41,23,95,1128,1
2021/5/23 4:00,1,0,24,41,23,95,1164,1
2021/5/23 5:00,1,176,24,41,23,95,1213,1
2021/5/23 6:00,1,1009,24,41,23,93,1112,1
2021/5/23 7:00,1,106,24,41,24,94,988,1
2021/5/23 8:00,1,155,24,41,25,91,757,1
2021/5/23 9:00,1,220,24,41,25,88,611,1
2021/5/23 10:00,1,266,24,42,26,85,563,1
2021/5/23 11:00,1,253,24,42,26,85,568,1
2021/5/23 12:00,1,274,24,42,26,82,550,1
2021/5/23 13:00,1,240,24,42,26,79,528,1
2021/5/23 14:00,1,239,24,42,26,79,526,1
2021/5/23 15:00,1,1675,24,42,27,79,536,1
2021/5/23 16:00,1,3448,24,42,26,79,505,1
2021/5/23 17:00,1,2723,24,42,25,85,509,1
2021/5/23 18:00,1,1207,24,42,24,87,530,1
2021/5/23 19:00,1,37,24,42,23,88,556,1
2021/5/23 20:00,1,0,23,41,23,89,583,1
2021/5/23 21:00,1,0,23,41,22,89,606,1
2021/5/23 22:00,1,0,23,41,22,88,572,1
2021/5/23 23:00,1,0,23,41,21,89,589,1
2021/5/24 0:00,1,0,23,41,21,89,656,1
2021/5/24 1:00,1,0,22,41,21,90,706,1
2021/5/24 2:00,1,0,22,41,21,90,707,1
2021/5/24 3:00,1,0,22,41,20,91,720,1
2021/5/24 4:00,1,1,22,41,20,91,760,1
2021/5/24 5:00,1,636,22,41,20,92,801,1
2021/5/24 6:00,1,3622,22,41,21,90,755,1
2021/5/24 7:00,1,8803,22,41,23,86,572,1
2021/5/24 8:00,1,15434,23,41,26,80,522,1
2021/5/24 9:00,1,6006,23,41,29,75,499,1
2021/5/24 10:00,1,578,23,42,29,73,484,1
2021/5/24 11:00,1,698,24,42,30,67,465,1
2021/5/24 12:00,1,714,24,42,31,61,445,1
2021/5/24 13:00,1,658,24,42,32,55,432,1
2021/5/24 14:00,1,597,24,42,31,51,414,1
2021/5/24 15:00,1,447,24,42,31,53,415,1
2021/5/24 16:00,1,284,24,42,30,56,406,1
2021/5/24 17:00,1,131,24,42,29,59,413,1
2021/5/24 18:00,1,42,24,42,27,65,426,1
2021/5/24 19:00,1,1,24,42,26,77,496,1
2021/5/24 20:00,1,0,23,41,25,82,569,1
2021/5/24 21:00,1,0,23,41,24,82,577,1
2021/5/24 22:00,1,0,23,41,23,81,520,1
2021/5/24 23:00,1,0,23,41,23,82,512,1
2021/5/25 0:00,1,0,23,41,24,79,487,1
2021/5/25 1:00,1,0,23,41,23,79,481,1
2021/5/25 2:00,1,0,23,41,23,77,482,1
2021/5/25 3:00,1,0,23,41,23,80,492,1
2021/5/25 4:00,1,0,23,41,23,79,501,1
2021/5/25 5:00,1,14,22,41,22,79,495,1
2021/5/25 6:00,1,116,22,41,22,78,483,1
2021/5/25 7:00,1,228,22,41,23,75,473,1
2021/5/25 8:00,1,367,22,41,24,74,463,1
2021/5/25 9:00,1,479,23,41,26,68,451,1
2021/5/25 10:00,1,498,23,41,28,57,435,1
2021/5/25 11:00,1,546,23,41,29,50,419,1
2021/5/25 12:00,1,423,23,41,29,49,401,1
2021/5/25 13:00,1,333,23,41,27,58,399,1
2021/5/25 14:00,1,0,0,0,0,0,0,1
2021/5/25 15:00,1,228,23,41,27,61,399,1
2021/5/25 16:00,1,148,23,41,27,66,405,1
2021/5/25 17:00,1,79,23,41,26,71,409,1
2021/5/25 18:00,1,18,23,41,25,77,452,1
2021/5/25 19:00,1,0,23,41,24,79,477,1
2021/5/25 20:00,1,0,23,41,24,81,498,1
2021/5/25 21:00,1,0,23,41,24,84,557,1
2021/5/25 22:00,1,0,23,41,23,84,535,1
2021/5/25 23:00,1,0,22,41,23,84,531,1
2021/5/26 0:00,1,0,22,41,23,86,610,1
2021/5/26 1:00,1,0,22,41,22,83,541,1
2021/5/26 2:00,1,0,22,41,22,83,512,1
2021/5/26 3:00,1,0,22,41,22,82,511,1
2021/5/26 4:00,1,0,22,41,22,85,551,1
2021/5/26 5:00,1,6,22,41,21,86,553,1
2021/5/26 6:00,1,59,22,41,21,86,524,1
2021/5/26 7:00,1,219,22,41,22,86,524,1
2021/5/26 8:00,1,240,22,41,22,86,496,1
2021/5/26 9:00,1,239,22,41,22,87,498,1
2021/5/26 10:00,1,369,22,41,22,87,501,1
2021/5/26 11:00,1,584,22,41,24,85,521,1
2021/5/26 12:00,1,606,22,41,26,83,497,1
2021/5/26 13:00,1,495,22,41,26,84,481,1
2021/5/26 14:00,1,346,22,41,26,85,486,1
2021/5/26 15:00,1,265,22,41,25,86,492,1
2021/5/26 16:00,1,189,23,41,25,86,499,1
2021/5/26 17:00,1,106,23,41,24,87,500,1
2021/5/26 18:00,1,18,22,41,24,87,510,1
2021/5/26 19:00,1,1,22,41,24,87,525,1
2021/5/26 20:00,1,0,22,41,23,88,589,1
2021/5/26 21:00,1,0,22,41,23,88,637,1
2021/5/26 22:00,1,0,22,41,23,88,629,1
2021/5/26 23:00,1,0,22,41,22,88,630,1
2021/5/27 0:00,1,0,22,41,21,88,646,1
2021/5/27 1:00,1,0,22,41,21,88,669,1
2021/5/27 2:00,1,0,21,41,21,88,702,1
2021/5/27 3:00,1,0,21,41,20,88,758,1
2021/5/27 4:00,1,0,21,41,20,88,726,1
2021/5/27 5:00,1,16,21,41,20,88,750,1
2021/5/27 6:00,1,105,21,41,21,89,728,1
2021/5/27 7:00,1,257,21,41,23,89,572,1
2021/5/27 8:00,1,435,21,41,25,87,550,1
2021/5/27 9:00,1,606,22,41,27,84,521,1
2021/5/27 10:00,1,733,22,42,29,77,486,1
2021/5/27 11:00,1,793,23,42,30,69,467,1
2021/5/27 12:00,1,822,23,42,32,63,459,1
2021/5/27 13:00,1,787,23,42,32,51,428,1
2021/5/27 14:00,1,688,24,42,32,52,420,1
2021/5/27 15:00,1,500,24,42,31,54,419,1
2021/5/27 16:00,1,345,24,42,30,63,424,1
2021/5/27 17:00,1,158,24,42,29,70,437,1
2021/5/27 18:00,1,63,24,42,28,76,449,1
2021/5/27 19:00,1,2,23,42,26,83,495,1
2021/5/27 20:00,1,0,23,42,25,85,528,1
2021/5/27 21:00,1,0,23,42,24,86,529,1
2021/5/27 22:00,1,0,23,42,24,85,505,1
2021/5/27 23:00,1,0,23,42,24,85,493,1
2021/5/28 0:00,1,0,23,42,24,86,502,1
2021/5/28 1:00,1,0,23,42,24,86,514,1
2021/5/28 2:00,1,0,23,42,24,86,518,1
2021/5/28 3:00,1,0,23,42,24,87,520,1
2021/5/28 4:00,1,0,22,42,23,87,551,1
2021/5/28 5:00,1,18,22,42,23,87,572,1
2021/5/28 6:00,1,97,22,42,23,81,532,1
2021/5/28 7:00,1,281,22,42,25,60,485,1
2021/5/28 8:00,1,504,22,42,26,46,439,1
2021/5/28 9:00,1,665,23,42,27,42,410,1
2021/5/28 10:00,1,793,23,42,28,40,403,1
2021/5/28 11:00,1,876,23,42,29,39,401,1
2021/5/28 12:00,1,863,23,42,30,39,400,1
2021/5/28 13:00,1,782,23,42,31,38,399,1
2021/5/28 14:00,1,640,24,42,31,39,400,1
2021/5/28 15:00,1,535,24,42,31,39,400,1
2021/5/28 16:00,1,343,24,42,30,41,399,1
2021/5/28 17:00,1,163,24,42,29,40,399,1
2021/5/28 18:00,1,45,24,42,27,46,404,1
2021/5/28 19:00,1,1,23,42,25,63,480,1
2021/5/28 20:00,1,0,23,42,24,73,539,1
2021/5/28 21:00,1,0,23,42,23,77,598,1
2021/5/28 22:00,1,0,22,41,22,79,653,1
2021/5/28 23:00,1,0,22,41,22,80,663,1
2021/5/29 0:00,1,0,22,41,21,80,686,1
2021/5/29 1:00,1,0,22,41,21,82,668,1
2021/5/29 2:00,1,0,21,41,20,81,656,1
2021/5/29 3:00,1,0,21,41,20,82,670,1
2021/5/29 4:00,1,0,21,41,20,83,679,1
2021/5/29 5:00,1,18,21,41,20,83,700,1
2021/5/29 6:00,1,93,21,41,20,82,649,1
2021/5/29 7:00,1,261,21,41,22,83,582,1
2021/5/29 8:00,1,469,21,41,25,84,554,1
2021/5/29 9:00,1,633,22,41,28,83,521,1
2021/5/29 10:00,1,746,22,42,30,78,505,1
2021/5/29 11:00,1,814,23,42,31,71,496,1
2021/5/29 12:00,1,815,23,42,32,63,476,1
2021/5/29 13:00,1,775,24,42,34,57,456,1
2021/5/29 14:00,1,660,24,43,34,56,440,1
2021/5/29 15:00,1,520,24,43,33,55,433,1
2021/5/29 16:00,1,330,24,43,33,59,436,1
2021/5/29 17:00,1,160,24,43,31,67,452,1
2021/5/29 18:00,1,46,24,43,29,72,462,1
2021/5/29 19:00,1,4,24,43,28,78,492,1
2021/5/29 20:00,1,0,24,42,27,81,534,1
2021/5/29 21:00,1,0,24,42,26,84,608,1
2021/5/29 22:00,1,0,24,42,25,85,631,1
2021/5/29 23:00,1,0,23,42,25,86,668,1
2021/5/30 0:00,1,0,23,42,24,86,667,1
2021/5/30 1:00,1,0,23,42,24,86,606,1
2021/5/30 2:00,1,0,23,42,24,86,641,1
2021/5/30 3:00,1,0,23,42,23,86,689,1
2021/5/30 4:00,1,0,23,42,23,87,720,1
2021/5/30 5:00,1,16,23,42,23,87,759,1
2021/5/30 6:00,1,106,23,42,23,87,714,1
2021/5/30 7:00,1,263,23,42,25,86,642,1
2021/5/30 8:00,1,443,23,42,27,85,586,1
2021/5/30 9:00,1,607,23,42,29,83,542,1
2021/5/30 10:00,1,731,24,42,31,79,527,1
2021/5/30 11:00,1,788,24,43,32,76,507,1
2021/5/30 12:00,1,788,24,43,34,73,495,1
2021/5/30 13:00,1,733,25,43,35,70,489,1
2021/5/30 14:00,1,631,25,43,35,68,493,1
2021/5/30 15:00,1,486,25,44,34,66,481,1
2021/5/30 16:00,1,308,25,44,34,66,465,1
2021/5/30 17:00,1,157,25,44,33,69,469,1
2021/5/30 18:00,1,51,25,44,31,74,482,1
2021/5/30 19:00,1,2,25,43,29,80,540,1
2021/5/30 20:00,1,0,25,43,28,83,626,1
2021/5/30 21:00,1,0,25,43,27,84,624,1
2021/5/30 22:00,1,0,25,43,27,84,654,1
2021/5/30 23:00,1,0,24,43,26,85,678,1
2021/5/31 0:00,1,0,24,43,26,86,672,1
2021/5/31 1:00,1,0,24,43,26,86,697,1
2021/5/31 2:00,1,0,24,43,25,86,724,1
2021/5/31 3:00,1,0,24,43,25,86,721,1
2021/5/31 4:00,1,0,24,43,25,86,676,1
2021/5/31 5:00,1,19,24,43,24,87,625,1
2021/5/31 6:00,1,111,24,43,25,87,607,1
2021/5/31 7:00,1,259,24,43,26,87,583,1
2021/5/31 8:00,1,462,24,43,28,84,580,1
2021/5/31 9:00,0,641,24,43,31,78,548,1
2021/5/31 10:00,0,756,25,43,32,73,504,1
2021/5/31 11:00,0,809,25,44,34,70,497,1
2021/5/31 12:00,0,813,25,44,35,67,501,1
2021/5/31 13:00,0,749,26,44,36,64,477,1
2021/5/31 14:00,0,654,26,44,36,60,465,1
2021/5/31 15:00,0,486,26,44,36,59,454,1
2021/5/31 16:00,0,346,26,44,35,61,461,1
2021/5/31 17:00,0,140,26,44,34,63,445,1
2021/5/31 18:00,0,47,26,44,32,68,475,1
2021/5/31 19:00,0,1,26,44,30,73,499,1
2021/5/31 20:00,0,0,26,44,29,76,524,1
2021/5/31 21:00,0,0,25,44,28,79,540,1
2021/5/31 22:00,0,0,25,44,28,81,553,1
2021/5/31 23:00,0,0,25,44,27,83,596,1
2021/6/1 0:00,0,0,25,43,27,83,593,1
2021/6/1 1:00,0,0,25,43,26,84,620,1
2021/6/1 2:00,0,0,25,43,26,85,658,1
2021/6/1 3:00,0,0,24,43,25,85,672,1
2021/6/1 4:00,0,0,24,43,25,85,707,1
2021/6/1 5:00,0,15,24,43,25,85,694,1
2021/6/1 6:00,0,98,24,43,25,85,626,1
2021/6/1 7:00,0,245,24,43,26,83,569,1
2021/6/1 8:00,0,395,24,43,27,79,546,1
2021/6/1 9:00,0,563,24,43,29,74,530,1
2021/6/1 10:00,0,629,25,43,30,70,511,1
2021/6/1 11:00,0,678,25,44,32,65,497,1
2021/6/1 12:00,0,859,25,44,33,53,483,1
2021/6/1 13:00,0,810,25,44,33,51,465,1
2021/6/1 14:00,0,484,25,44,33,63,473,1
2021/6/1 15:00,0,326,26,44,32,68,477,1
2021/6/1 16:00,0,178,25,44,31,71,486,1
2021/6/1 17:00,0,157,25,44,31,72,486,1
2021/6/1 18:00,0,50,25,44,30,72,483,1
2021/6/1 19:00,0,1,25,44,28,72,483,1
2021/6/1 20:00,0,0,25,43,27,74,494,1
2021/6/1 21:00,0,0,25,43,26,79,496,1
2021/6/1 22:00,0,0,25,43,25,83,510,1
2021/6/1 23:00,0,0,24,43,25,85,536,1
2021/6/2 0:00,0,0,24,43,24,86,539,1
2021/6/2 1:00,0,0,24,43,25,85,564,1
2021/6/2 2:00,0,0,24,43,25,86,575,1
2021/6/2 3:00,0,0,24,43,24,86,574,1
2021/6/2 4:00,0,0,24,43,24,87,576,1
2021/6/2 5:00,0,8,24,43,24,87,596,1
2021/6/2 6:00,0,83,24,43,24,90,583,1
2021/6/2 7:00,0,209,24,43,25,88,572,1
2021/6/2 8:00,0,260,24,43,26,86,556,1
2021/6/2 9:00,0,481,24,43,28,84,542,1
2021/6/2 10:00,0,829,24,43,30,82,531,1
2021/6/2 11:00,0,1134,25,44,32,79,523,1
2021/6/2 12:00,0,1206,25,44,32,76,511,1
2021/6/2 13:00,0,1170,25,44,33,73,507,1
2021/6/2 14:00,0,871,26,44,34,72,488,1
2021/6/2 15:00,0,692,26,44,33,70,482,1
2021/6/2 16:00,0,492,26,44,33,70,483,1
2021/6/2 17:00,0,172,26,44,31,74,485,1
2021/6/2 18:00,0,65,26,44,30,78,499,1
2021/6/2 19:00,0,2,25,44,28,82,509,1
2021/6/2 20:00,0,0,25,44,27,84,518,1
2021/6/2 21:00,0,0,25,44,27,85,543,1
2021/6/2 22:00,0,0,25,44,27,85,560,1
2021/6/2 23:00,0,0,25,44,26,85,553,1
2021/6/3 0:00,0,0,25,44,26,86,555,1
2021/6/3 1:00,0,0,25,44,26,86,566,1
2021/6/3 2:00,0,0,24,44,25,88,569,1
2021/6/3 3:00,0,0,24,43,23,90,577,1
2021/6/3 4:00,0,0,24,43,22,90,566,1
2021/6/3 5:00,0,0,24,43,23,91,596,1
2021/6/3 6:00,0,6,23,43,23,91,588,1
2021/6/3 7:00,0,22,23,43,23,90,585,1
2021/6/3 8:00,0,47,23,43,23,91,577,1
2021/6/3 9:00,0,161,23,43,24,89,601,1
2021/6/3 10:00,0,126,24,43,25,88,601,1
2021/6/3 11:00,0,136,24,43,25,88,605,1
2021/6/3 12:00,0,189,24,43,25,89,600,1
2021/6/3 13:00,0,167,24,44,25,87,587,1
2021/6/3 14:00,0,111,24,44,25,88,610,1
2021/6/3 15:00,0,132,24,44,24,88,595,1
2021/6/3 16:00,0,119,24,45,24,86,603,1
2021/6/3 17:00,0,138,24,46,25,85,595,1
2021/6/3 18:00,0,49,23,47,24,85,580,1
2021/6/3 19:00,0,2,23,48,24,87,615,1
2021/6/3 20:00,0,0,23,48,23,88,659,1
2021/6/3 21:00,0,0,23,49,23,87,651,1
2021/6/3 22:00,0,0,23,49,22,87,642,1
2021/6/3 23:00,0,0,23,49,22,87,648,1
2021/6/4 0:00,0,0,22,49,21,86,631,1
2021/6/4 1:00,0,0,22,48,20,87,679,1
2021/6/4 2:00,0,0,22,48,20,87,721,1
2021/6/4 3:00,0,0,22,48,20,87,752,1
2021/6/4 4:00,0,0,21,47,19,87,773,1
2021/6/4 5:00,0,23,21,47,19,87,753,1
2021/6/4 6:00,0,137,21,47,20,87,732,1
2021/6/4 7:00,0,346,21,47,21,85,640,1
2021/6/4 8:00,0,588,22,47,24,82,591,1
2021/6/4 9:00,0,842,22,47,25,78,535,1
2021/6/4 10:00,0,1031,22,47,27,75,519,1
2021/6/4 11:00,0,1137,23,47,29,68,497,1
2021/6/4 12:00,0,1159,23,48,30,63,479,1
2021/6/4 13:00,0,1114,24,48,31,58,475,1
2021/6/4 14:00,0,1005,24,48,31,51,458,1
2021/6/4 15:00,0,800,24,48,31,50,455,1
2021/6/4 16:00,0,506,24,48,31,46,445,1
2021/6/4 17:00,0,239,24,48,30,48,433,1
2021/6/4 18:00,0,85,24,48,28,57,445,1
2021/6/4 19:00,0,5,24,48,26,76,549,1
2021/6/4 20:00,0,0,23,47,24,83,662,1
2021/6/4 21:00,0,0,23,47,23,79,631,1
2021/6/4 22:00,0,0,23,47,23,79,524,1
2021/6/4 23:00,0,0,23,47,23,81,531,1
2021/6/5 0:00,0,0,23,47,22,83,554,1
2021/6/5 1:00,0,0,23,47,22,83,540,1
2021/6/5 2:00,0,0,23,47,23,79,507,1
2021/6/5 3:00,0,0,22,47,23,79,493,1
2021/6/5 4:00,0,0,22,47,22,82,490,1
2021/6/5 5:00,0,33,22,46,22,83,495,1
2021/6/5 6:00,0,160,22,46,22,84,504,1
2021/6/5 7:00,0,422,22,47,25,81,508,1
2021/6/5 8:00,0,738,23,47,27,76,479,1
2021/6/5 9:00,0,971,23,47,29,71,467,1
2021/6/5 10:00,0,1134,24,47,31,67,453,1
2021/6/5 11:00,0,1216,24,48,32,61,445,1
2021/6/5 12:00,0,1213,24,48,33,57,441,1
2021/6/5 13:00,0,1150,25,48,34,53,423,1
2021/6/5 14:00,0,1034,25,48,35,51,420,1
2021/6/5 15:00,0,806,25,48,35,47,414,1
2021/6/5 16:00,0,523,25,48,34,46,408,1
2021/6/5 17:00,0,262,25,48,33,49,412,1
2021/6/5 18:00,0,89,25,48,31,56,430,1
2021/6/5 19:00,0,4,25,48,29,65,463,1
2021/6/5 20:00,0,0,25,48,28,71,511,1
2021/6/5 21:00,0,0,25,48,28,74,522,1
2021/6/5 22:00,0,0,25,48,27,73,528,1
2021/6/5 23:00,0,0,24,47,24,84,490,1
2021/6/6 0:00,0,0,24,47,24,85,574,1
2021/6/6 1:00,0,0,24,47,24,85,591,1
2021/6/6 2:00,0,0,24,47,23,85,605,1
2021/6/6 3:00,0,0,24,47,24,85,611,1
2021/6/6 4:00,0,0,23,47,23,84,557,1
2021/6/6 5:00,0,41,23,47,23,85,523,1
2021/6/6 6:00,0,172,23,47,24,84,520,1
2021/6/6 7:00,0,342,23,47,25,82,519,1
2021/6/6 8:00,0,652,24,47,28,79,502,1
2021/6/6 9:00,0,986,24,47,30,67,472,1
2021/6/6 10:00,0,1211,24,47,32,62,453,1
2021/6/6 11:00,0,1308,25,48,33,59,447,1
2021/6/6 12:00,0,1326,25,48,34,54,438,1
2021/6/6 13:00,0,1275,25,48,35,50,426,1
2021/6/6 14:00,0,1134,25,48,35,47,421,1
2021/6/6 15:00,0,887,26,48,35,47,419,1
2021/6/6 16:00,0,547,26,48,34,48,416,1
2021/6/6 17:00,0,261,26,48,34,46,408,1
2021/6/6 18:00,0,89,26,48,32,54,421,1
2021/6/6 19:00,0,4,25,48,29,71,508,1
2021/6/6 20:00,0,0,25,47,28,75,579,1
2021/6/6 21:00,0,0,25,47,27,70,523,1
2021/6/6 22:00,0,0,25,47,27,74,536,1
2021/6/6 23:00,0,0,25,47,26,78,539,1
2021/6/7 0:00,0,0,24,47,26,80,552,1
2021/6/7 1:00,0,0,24,47,25,82,577,1
2021/6/7 2:00,0,0,24,47,25,83,616,1
2021/6/7 3:00,0,0,24,47,25,84,606,1
2021/6/7 4:00,0,0,24,46,24,84,623,1
2021/6/7 5:00,0,42,24,46,24,84,629,1
2021/6/7 6:00,0,204,24,46,25,83,601,1
2021/6/7 7:00,0,417,24,46,26,82,573,1
2021/6/7 8:00,0,555,24,47,28,79,520,1
2021/6/7 9:00,0,934,24,47,30,73,499,1
2021/6/7 10:00,0,1030,25,47,32,66,476,1
2021/6/7 11:00,0,1063,25,47,33,57,458,1
2021/6/7 12:00,0,1360,25,48,35,52,437,1
2021/6/7 13:00,0,1224,26,48,36,47,421,1
2021/6/7 14:00,0,977,26,48,35,45,405,1
2021/6/7 15:00,0,856,26,48,36,40,406,1
2021/6/7 16:00,0,542,26,48,36,38,400,1
2021/6/7 17:00,0,238,26,48,35,40,399,1
2021/6/7 18:00,0,96,26,47,32,48,410,1
2021/6/7 19:00,0,4,26,47,30,56,449,1
2021/6/7 20:00,0,0,26,47,29,60,485,1
2021/6/7 21:00,0,0,25,47,28,68,511,1
2021/6/7 22:00,0,0,25,47,27,74,553,1
2021/6/7 23:00,0,0,25,47,26,79,602,1
2021/6/8 0:00,0,0,25,46,26,80,595,1
2021/6/8 1:00,0,0,24,46,25,82,633,1
2021/6/8 2:00,0,0,24,46,25,83,661,1
2021/6/8 3:00,0,0,24,46,25,83,684,1
2021/6/8 4:00,0,0,24,46,24,83,689,1
2021/6/8 5:00,0,32,24,46,24,83,703,1
2021/6/8 6:00,0,181,24,46,25,81,674,1
2021/6/8 7:00,0,424,24,46,26,73,597,1
2021/6/8 8:00,0,804,24,46,28,68,530,1
2021/6/8 9:00,0,827,25,46,30,64,505,1
2021/6/8 10:00,0,1215,25,47,32,61,496,1
2021/6/8 11:00,0,1389,25,47,34,52,466,1
2021/6/8 12:00,0,1420,26,47,36,45,450,1
2021/6/8 13:00,0,1334,26,47,36,39,406,1
2021/6/8 14:00,0,1209,26,47,36,39,405,1
2021/6/8 15:00,0,970,26,47,36,40,406,1
2021/6/8 16:00,0,596,26,47,35,43,410,1
2021/6/8 17:00,0,281,26,47,34,42,401,1
2021/6/8 18:00,0,85,26,47,32,49,432,1
2021/6/8 19:00,0,4,26,47,30,62,493,1
2021/6/8 20:00,0,0,26,46,28,68,546,1
2021/6/8 21:00,0,0,25,46,28,72,564,1
2021/6/8 22:00,0,0,25,46,27,77,524,1
2021/6/8 23:00,0,0,25,46,27,81,538,1
2021/6/9 0:00,0,0,25,46,27,83,548,1
2021/6/9 1:00,0,0,25,46,26,84,609,1
2021/6/9 2:00,0,0,25,46,26,85,613,1
2021/6/9 3:00,0,0,25,46,25,87,570,1
2021/6/9 4:00,0,0,25,46,25,88,561,1
2021/6/9 5:00,0,5,25,46,25,89,562,1
2021/6/9 6:00,0,45,25,46,26,88,566,1
2021/6/9 7:00,0,141,25,46,26,88,563,1
2021/6/9 8:00,0,645,25,46,27,86,554,1
2021/6/9 9:00,0,854,25,46,29,83,535,1
2021/6/9 10:00,0,807,25,46,29,83,526,1
2021/6/9 11:00,0,745,25,47,30,83,512,1
2021/6/9 12:00,0,716,25,47,29,83,505,1
2021/6/9 13:00,0,884,26,47,30,81,510,1
2021/6/9 14:00,0,589,26,47,31,80,514,1
2021/6/9 15:00,0,521,26,47,30,80,507,1
2021/6/9 16:00,0,298,26,47,30,81,507,1
2021/6/9 17:00,0,150,26,47,29,82,510,1
2021/6/9 18:00,0,46,26,47,29,84,526,1
2021/6/9 19:00,0,1,26,47,28,85,554,1
2021/6/9 20:00,0,0,25,47,27,85,571,1
2021/6/9 21:00,0,0,25,47,27,86,613,1
2021/6/9 22:00,0,0,25,47,27,86,622,1
2021/6/9 23:00,0,0,25,47,26,86,570,1
2021/6/10 0:00,0,0,25,47,26,86,544,1
2021/6/10 1:00,0,0,25,47,26,86,577,1
2021/6/10 2:00,0,0,25,47,26,87,612,1
2021/6/10 3:00,0,0,25,47,26,87,629,1
2021/6/10 4:00,0,0,25,47,26,87,648,1
2021/6/10 5:00,0,39,25,47,25,88,683,1
2021/6/10 6:00,0,206,24,47,26,88,645,1
2021/6/10 7:00,0,506,25,47,27,85,588,1
2021/6/10 8:00,0,636,25,47,29,84,558,1
2021/6/10 9:00,0,816,25,47,30,82,547,1
2021/6/10 10:00,0,1008,25,47,31,79,547,1
2021/6/10 11:00,0,931,26,48,32,77,541,1
2021/6/10 12:00,0,1262,26,48,34,72,519,1
2021/6/10 13:00,0,1051,26,48,34,70,505,1
2021/6/10 14:00,0,1087,27,48,34,67,502,1
2021/6/10 15:00,0,611,27,48,34,64,487,1
2021/6/10 16:00,0,463,27,48,33,64,483,1
2021/6/10 17:00,0,276,27,48,32,73,490,1
2021/6/10 18:00,0,103,27,48,31,76,502,1
2021/6/10 19:00,0,6,26,48,29,81,545,1
2021/6/10 20:00,0,0,26,48,28,83,608,1
2021/6/10 21:00,0,0,26,48,28,84,646,1
2021/6/10 22:00,0,0,26,47,27,84,679,1
2021/6/10 23:00,0,0,26,47,27,85,697,1
2021/6/11 0:00,0,0,26,47,27,85,671,1
2021/6/11 1:00,0,0,26,47,27,86,710,1
2021/6/11 2:00,0,0,25,47,27,86,712,1
2021/6/11 3:00,0,0,25,47,26,87,684,1
2021/6/11 4:00,0,0,25,47,26,87,669,1
2021/6/11 5:00,0,33,25,47,26,87,659,1
2021/6/11 6:00,0,172,25,47,26,87,640,1
2021/6/11 7:00,0,404,25,47,27,86,618,1
2021/6/11 8:00,0,713,25,47,29,84,598,1
2021/6/11 9:00,0,1012,26,48,31,83,574,1
2021/6/11 10:00,0,1196,26,48,33,79,566,1
2021/6/11 11:00,0,1311,26,48,34,74,542,1
2021/6/11 12:00,0,1289,27,49,35,68,528,1
2021/6/11 13:00,0,1245,27,49,36,66,500,1
2021/6/11 14:00,0,1089,27,49,36,62,487,1
2021/6/11 15:00,0,825,28,49,36,61,476,1
2021/6/11 16:00,0,501,28,49,35,61,473,1
2021/6/11 17:00,0,253,28,49,34,62,479,1
2021/6/11 18:00,0,61,27,49,32,73,501,1
2021/6/11 19:00,0,4,27,48,31,76,518,1
2021/6/11 20:00,0,0,27,48,30,79,550,1
2021/6/11 21:00,0,0,27,48,30,80,579,1
2021/6/11 22:00,0,0,27,48,30,78,537,1
2021/6/11 23:00,0,0,27,48,29,79,562,1
2021/6/12 0:00,0,0,26,48,29,82,595,1
2021/6/12 1:00,0,0,26,48,28,83,608,1
2021/6/12 2:00,0,0,26,48,28,84,580,1
2021/6/12 3:00,0,0,26,48,28,85,580,1
2021/6/12 4:00,0,0,26,48,28,85,597,1
2021/6/12 5:00,0,28,26,48,28,86,627,1
2021/6/12 6:00,0,134,26,48,28,86,616,1
2021/6/12 7:00,0,336,26,48,29,84,597,1
2021/6/12 8:00,0,465,26,48,30,83,589,1
2021/6/12 9:00,0,676,26,48,31,82,578,1
2021/6/12 10:00,0,1026,27,48,33,79,561,1
2021/6/12 11:00,0,1171,27,48,35,74,537,1
2021/6/12 12:00,0,1055,27,49,35,70,527,1
2021/6/12 13:00,0,854,28,49,35,67,518,1
2021/6/12 14:00,0,578,28,49,35,65,498,1
2021/6/12 15:00,0,545,28,49,34,62,485,1
2021/6/12 16:00,0,355,28,48,34,62,471,1
2021/6/12 17:00,0,160,27,48,33,63,475,1
2021/6/12 18:00,0,47,27,48,32,64,478,1
2021/6/12 19:00,0,3,27,48,31,67,502,1
2021/6/12 20:00,0,0,27,48,30,73,533,1
2021/6/12 21:00,0,0,27,48,29,82,554,1
2021/6/12 22:00,0,0,27,48,29,84,606,1
2021/6/12 23:00,0,0,27,48,29,84,632,1
2021/6/13 0:00,0,0,27,48,28,85,681,1
2021/6/13 1:00,0,0,26,48,28,85,679,1
2021/6/13 2:00,0,0,26,47,28,85,688,1
2021/6/13 3:00,0,0,26,47,28,86,703,1
2021/6/13 4:00,0,0,26,47,28,87,738,1
2021/6/13 5:00,0,60,26,47,28,87,747,1
2021/6/13 6:00,0,259,26,47,28,85,663,1
2021/6/13 7:00,0,441,26,48,29,84,595,1
2021/6/13 8:00,0,442,26,48,30,84,569,1
2021/6/13 9:00,0,396,26,48,30,84,556,1
2021/6/13 10:00,0,771,27,48,31,83,555,1
2021/6/13 11:00,0,455,27,48,32,83,545,1
2021/6/13 12:00,0,453,27,48,31,84,556,1
2021/6/13 13:00,0,262,27,48,31,83,554,1
2021/6/13 14:00,0,255,27,48,31,83,536,1
2021/6/13 15:00,0,157,27,48,30,84,532,1
2021/6/13 16:00,0,112,27,48,29,87,546,1
2021/6/13 17:00,0,58,27,48,28,89,568,1
2021/6/13 18:00,0,27,27,48,28,91,599,1
2021/6/13 19:00,0,1,26,48,28,91,628,1
2021/6/13 20:00,0,0,26,48,28,91,655,1
2021/6/13 21:00,0,0,26,48,28,90,666,1
2021/6/13 22:00,0,0,26,48,27,89,663,1
2021/6/13 23:00,0,0,26,48,27,88,630,1
2021/6/14 0:00,0,0,26,48,27,89,638,1
2021/6/14 1:00,0,0,26,48,27,89,637,1
2021/6/14 2:00,0,0,26,48,27,90,617,1
2021/6/14 3:00,0,0,26,48,27,91,647,1
2021/6/14 4:00,0,0,26,48,27,92,638,1
2021/6/14 5:00,0,0,26,48,26,94,678,1
2021/6/14 6:00,0,4,26,48,26,96,666,1
2021/6/14 7:00,0,1,26,48,26,96,655,1
2021/6/14 8:00,0,44,26,57,26,96,649,1
2021/6/14 9:00,0,65,26,65,27,95,658,1
2021/6/14 10:00,0,95,26,65,27,95,627,1
2021/6/14 11:00,0,188,26,65,27,96,630,1
2021/6/14 12:00,0,206,26,65,28,95,629,1
2021/6/14 13:00,0,283,26,64,28,93,619,1
2021/6/14 14:00,0,270,26,64,29,93,613,1
2021/6/14 15:00,0,263,26,63,29,94,615,1
2021/6/14 16:00,0,184,26,60,29,94,631,1
2021/6/14 17:00,0,29,26,59,28,95,636,1
2021/6/14 18:00,0,0,26,58,28,97,656,1
2021/6/14 19:00,0,0,26,58,27,98,699,1
2021/6/14 20:00,0,0,26,57,27,98,682,1
2021/6/14 21:00,0,0,26,57,27,98,671,1
2021/6/14 22:00,0,0,26,57,27,98,660,1
2021/6/14 23:00,0,0,26,60,27,99,667,1
2021/6/15 0:00,0,0,26,67,27,99,647,1
2021/6/15 1:00,0,0,26,65,27,98,628,1
2021/6/15 2:00,0,0,26,62,27,97,666,1
2021/6/15 3:00,0,0,26,62,27,97,667,1
2021/6/15 4:00,0,0,26,62,26,98,668,1
2021/6/15 5:00,0,4,26,63,26,98,661,1
2021/6/15 6:00,0,79,26,63,27,97,652,1
2021/6/15 7:00,0,307,26,64,27,94,610,1
2021/6/15 8:00,0,589,26,64,29,90,600,1
2021/6/15 9:00,0,437,26,64,29,89,592,1
2021/6/15 10:00,0,555,26,64,30,88,583,1
2021/6/15 11:00,0,417,26,63,30,88,584,1
2021/6/15 12:00,0,369,26,63,31,88,585,1
2021/6/15 13:00,0,440,26,63,31,88,591,1
2021/6/15 14:00,0,831,27,63,32,87,583,1
2021/6/15 15:00,0,585,27,62,32,87,570,1
2021/6/15 16:00,0,310,27,62,32,87,561,1
2021/6/15 17:00,0,149,27,62,31,88,550,1
2021/6/15 18:00,0,23,27,61,29,88,549,1
2021/6/15 19:00,0,3,27,61,28,88,536,1
2021/6/15 20:00,0,0,26,60,26,89,546,1
2021/6/15 21:00,0,0,26,60,26,88,541,1
2021/6/15 22:00,0,0,26,59,26,88,540,1
2021/6/15 23:00,0,0,26,59,25,88,551,1
2021/6/16 0:00,0,0,25,59,24,89,549,1
2021/6/16 1:00,0,0,25,58,24,89,556,1
2021/6/16 2:00,0,0,25,58,24,89,550,1
2021/6/16 3:00,0,0,25,58,23,89,543,1
2021/6/16 4:00,0,0,25,57,23,89,553,1
2021/6/16 5:00,0,12,24,57,23,89,509,1
2021/6/16 6:00,0,99,24,57,23,89,478,1
2021/6/16 7:00,0,174,24,56,24,89,474,1
2021/6/16 8:00,0,258,24,56,24,88,469,1
2021/6/16 9:00,0,284,24,56,24,88,468,1
2021/6/16 10:00,0,373,24,56,25,88,470,1
2021/6/16 11:00,0,427,25,56,26,87,468,1
2021/6/16 12:00,0,462,25,57,26,87,451,1
2021/6/16 13:00,0,562,25,57,27,87,455,1
2021/6/16 14:00,0,431,25,57,27,88,457,1
2021/6/16 15:00,0,467,25,57,28,87,464,1
2021/6/16 16:00,0,320,25,57,27,87,463,1
2021/6/16 17:00,0,192,25,57,27,88,458,1
2021/6/16 18:00,0,29,25,57,27,88,470,1
2021/6/16 19:00,0,0,25,57,26,89,545,1
2021/6/16 20:00,0,0,25,57,26,91,605,1
2021/6/16 21:00,0,0,25,57,26,92,663,1
2021/6/16 22:00,0,0,25,57,26,93,687,1
2021/6/16 23:00,0,0,25,56,26,93,688,1
2021/6/17 0:00,0,0,25,56,26,94,723,1
2021/6/17 1:00,0,0,25,56,26,94,759,1
2021/6/17 2:00,0,0,25,56,26,94,741,1
2021/6/17 3:00,0,0,25,56,26,94,720,1
2021/6/17 4:00,0,0,25,56,26,95,748,1
2021/6/17 5:00,0,10,25,56,26,95,734,1
2021/6/17 6:00,0,57,25,56,26,94,714,1
2021/6/17 7:00,0,74,25,56,26,93,640,1
2021/6/17 8:00,0,120,25,56,26,92,562,1
2021/6/17 9:00,0,107,25,56,26,92,543,1
2021/6/17 10:00,0,157,25,56,26,93,565,1
2021/6/17 11:00,0,218,25,56,26,92,536,1
2021/6/17 12:00,0,191,25,56,26,91,508,1
2021/6/17 13:00,0,334,25,57,27,90,504,1
2021/6/17 14:00,0,437,25,57,28,88,481,1
2021/6/17 15:00,0,141,25,57,27,89,465,1
2021/6/17 16:00,0,51,25,57,26,91,496,1
2021/6/17 17:00,0,21,25,57,25,93,481,1
2021/6/17 18:00,0,8,25,56,25,93,494,1
2021/6/17 19:00,0,0,25,56,25,94,541,1
2021/6/17 20:00,0,0,25,56,25,94,575,1
2021/6/17 21:00,0,0,25,56,25,96,629,1
2021/6/17 22:00,0,0,24,56,25,96,653,1
2021/6/17 23:00,0,0,24,56,24,96,664,1
2021/6/18 0:00,0,0,24,56,24,96,668,1
2021/6/18 1:00,0,0,24,55,24,95,649,1
2021/6/18 2:00,0,0,24,55,24,96,658,1
2021/6/18 3:00,0,0,24,55,24,96,699,1
2021/6/18 4:00,0,0,24,55,24,97,752,1
2021/6/18 5:00,0,4,24,55,24,97,808,1
2021/6/18 6:00,0,38,24,55,24,97,827,1
2021/6/18 7:00,0,113,24,55,24,93,591,1
2021/6/18 8:00,0,113,24,55,24,92,537,1
2021/6/18 9:00,0,180,24,55,24,92,514,1
2021/6/18 10:00,0,260,24,55,25,91,504,1
2021/6/18 11:00,0,337,24,55,25,89,473,1
2021/6/18 12:00,0,432,24,55,26,87,468,1
2021/6/18 13:00,0,312,24,55,26,87,449,1
2021/6/18 14:00,0,610,24,55,26,86,421,1
2021/6/18 15:00,0,541,24,55,27,81,400,1
2021/6/18 16:00,0,423,24,55,27,82,399,1
2021/6/18 17:00,0,265,24,55,26,79,403,1
2021/6/18 18:00,0,116,24,55,26,82,401,1
2021/6/18 19:00,0,7,24,55,25,86,427,1
2021/6/18 20:00,0,0,24,54,24,88,440,1
2021/6/18 21:00,0,0,24,54,23,88,452,1
2021/6/18 22:00,0,0,24,54,23,89,483,1
2021/6/18 23:00,0,0,23,54,23,90,515,1
2021/6/19 0:00,0,0,23,53,23,91,570,1
2021/6/19 1:00,0,0,23,53,23,91,561,1
2021/6/19 2:00,0,0,23,53,22,91,572,1
2021/6/19 3:00,0,0,23,53,22,92,593,1
2021/6/19 4:00,0,0,23,53,22,92,533,1
2021/6/19 5:00,0,39,23,53,22,92,540,1
2021/6/19 6:00,0,186,23,53,23,92,562,1
2021/6/19 7:00,0,443,23,53,24,90,524,1
2021/6/19 8:00,0,697,23,53,26,87,481,1
2021/6/19 9:00,0,835,24,54,28,85,446,1
2021/6/19 10:00,0,941,24,54,29,80,420,1
2021/6/19 11:00,0,940,24,55,31,74,408,1
2021/6/19 12:00,0,978,25,55,32,67,401,1
2021/6/19 13:00,0,895,25,55,32,65,399,1
2021/6/19 14:00,0,681,25,55,32,66,399,1
2021/6/19 15:00,0,698,25,55,32,67,399,1
2021/6/19 16:00,0,374,25,55,31,68,399,1
2021/6/19 17:00,0,201,28,0,30,71,399,1
2021/6/19 18:00,0,66,28,0,29,77,404,1
2021/6/19 19:00,0,6,27,0,27,85,490,1
2021/6/19 20:00,0,0,26,0,26,88,561,1
2021/6/19 21:00,0,0,25,0,26,89,558,1
2021/6/19 22:00,0,0,25,0,25,91,606,1
2021/6/19 23:00,0,0,24,0,25,91,640,1
2021/6/20 0:00,0,0,24,0,24,92,645,1
2021/6/20 1:00,0,0,24,0,24,93,660,1
2021/6/20 2:00,0,0,24,0,24,93,672,1
2021/6/20 3:00,0,0,24,0,24,93,690,1
2021/6/20 4:00,0,0,23,0,24,94,703,1
2021/6/20 5:00,0,30,23,0,24,94,734,1
2021/6/20 6:00,0,158,24,0,24,93,766,1
2021/6/20 7:00,0,356,25,0,26,87,652,1
2021/6/20 8:00,0,631,27,0,28,84,524,1
2021/6/20 9:00,0,890,28,0,29,80,486,1
2021/6/20 10:00,0,956,30,0,31,75,464,1
2021/6/20 11:00,0,1031,31,0,32,66,428,1
2021/6/20 12:00,0,1203,32,0,33,60,412,1
2021/6/20 13:00,0,890,33,0,33,56,405,1
2021/6/20 14:00,0,860,33,0,33,58,406,1
2021/6/20 15:00,0,555,32,0,33,60,403,1
2021/6/20 16:00,0,475,32,0,32,59,400,1
2021/6/20 17:00,0,202,31,0,31,66,408,1
2021/6/20 18:00,0,68,30,0,30,74,431,1
2021/6/20 19:00,0,7,28,0,28,83,510,1
2021/6/20 20:00,0,0,27,0,27,87,608,1
2021/6/20 21:00,0,0,26,0,26,89,684,1
2021/6/20 22:00,0,0,26,0,26,90,704,1
2021/6/20 23:00,0,0,25,0,26,90,697,1
2021/6/21 0:00,0,0,25,0,25,90,680,1
2021/6/21 1:00,0,0,25,0,25,91,698,1
2021/6/21 2:00,0,0,24,0,25,91,710,1
2021/6/21 3:00,0,0,24,0,24,92,744,1
2021/6/21 4:00,0,0,24,0,24,92,777,1
2021/6/21 5:00,0,30,24,0,24,92,772,1
2021/6/21 6:00,0,153,24,0,25,90,755,1
2021/6/21 7:00,0,349,26,0,27,87,703,1
2021/6/21 8:00,0,621,28,0,29,80,545,1
2021/6/21 9:00,0,859,29,0,30,74,469,1
2021/6/21 10:00,0,1032,31,0,32,71,450,1
2021/6/21 11:00,0,913,32,0,33,67,429,1
2021/6/21 12:00,0,1032,33,0,34,66,429,1
2021/6/21 13:00,0,804,34,0,34,64,418,1
2021/6/21 14:00,0,592,33,0,33,65,412,1
2021/6/21 15:00,0,427,33,0,33,67,415,1
2021/6/21 16:00,0,314,32,0,32,70,427,1
2021/6/21 17:00,0,194,32,0,32,72,433,1
2021/6/21 18:00,0,93,31,0,31,76,454,1
2021/6/21 19:00,0,4,29,0,29,82,510,1
2021/6/21 20:00,0,0,28,0,28,84,552,1
2021/6/21 21:00,0,0,27,0,27,87,613,1
2021/6/21 22:00,0,0,27,0,27,88,665,1
2021/6/21 23:00,0,0,26,0,26,89,694,1
2021/6/22 0:00,0,0,26,0,26,89,708,1
2021/6/22 1:00,0,0,25,0,26,90,703,1
2021/6/22 2:00,0,0,25,0,25,90,735,1
2021/6/22 3:00,0,0,25,0,25,90,760,1
2021/6/22 4:00,0,0,25,0,25,91,741,1
2021/6/22 5:00,0,23,24,0,25,91,747,1
2021/6/22 6:00,0,144,25,0,25,89,763,1
2021/6/22 7:00,0,322,26,0,27,87,716,1
2021/6/22 8:00,0,571,28,0,29,83,605,1
2021/6/22 9:00,0,803,30,0,31,75,508,1
2021/6/22 10:00,0,988,32,0,33,71,486,1
2021/6/22 11:00,0,1071,33,0,34,66,459,1
2021/6/22 12:00,0,1081,34,0,35,64,438,1
2021/6/22 13:00,0,1042,35,0,35,62,438,1
2021/6/22 14:00,0,898,35,0,35,61,445,1
2021/6/22 15:00,0,679,35,0,35,59,452,1
2021/6/22 16:00,0,425,34,0,35,60,452,1
2021/6/22 17:00,0,219,33,0,33,62,445,1
2021/6/22 18:00,0,78,32,0,32,69,516,1
2021/6/22 19:00,0,6,30,0,30,82,784,1
2021/6/22 20:00,0,0,29,0,29,83,854,1
2021/6/22 21:00,0,0,28,0,28,79,662,1
2021/6/22 22:00,0,0,27,0,28,82,695,1
2021/6/22 23:00,0,0,27,0,27,85,782,1
2021/6/23 0:00,0,0,26,0,26,86,779,1
2021/6/23 1:00,0,0,26,0,26,88,864,1
2021/6/23 2:00,0,0,26,0,26,89,892,1
2021/6/23 3:00,0,0,25,0,26,90,912,1
2021/6/23 4:00,0,0,25,0,26,90,917,1
2021/6/23 5:00,0,26,25,0,25,90,877,1
2021/6/23 6:00,0,137,25,0,26,88,800,1
2021/6/23 7:00,0,331,27,0,27,87,618,1
2021/6/23 8:00,0,582,28,0,29,85,542,1
2021/6/23 9:00,0,822,30,0,31,80,523,1
2021/6/23 10:00,0,1003,32,0,33,75,505,1
2021/6/23 11:00,0,1074,34,0,34,70,474,1
2021/6/23 12:00,0,1098,35,0,35,66,451,1
2021/6/23 13:00,0,1041,36,0,36,67,461,1
2021/6/23 14:00,0,866,36,0,36,67,459,1
2021/6/23 15:00,0,636,35,0,36,64,455,1
2021/6/23 16:00,0,366,34,0,34,63,448,1
2021/6/23 17:00,0,236,33,0,34,68,450,1
2021/6/23 18:00,0,71,32,0,32,74,478,1
2021/6/23 19:00,0,8,31,0,31,77,502,1
2021/6/23 20:00,0,0,30,0,30,78,581,1
2021/6/23 21:00,0,0,29,0,29,80,629,1
2021/6/23 22:00,0,0,28,0,29,81,599,1
2021/6/23 23:00,0,0,28,0,28,83,562,1
2021/6/24 0:00,0,0,27,0,28,85,528,1
2021/6/24 1:00,0,0,27,0,27,87,510,1
2021/6/24 2:00,0,0,27,0,27,88,636,1
2021/6/24 3:00,0,0,27,0,27,90,800,1
2021/6/24 4:00,0,0,26,0,27,91,774,1
2021/6/24 5:00,0,22,26,0,27,89,710,1
2021/6/24 6:00,0,119,26,0,26,87,560,1
2021/6/24 7:00,0,321,27,0,27,88,504,1
2021/6/24 8:00,0,607,28,0,29,87,498,1
2021/6/24 9:00,0,853,30,0,30,86,487,1
2021/6/24 10:00,0,1019,31,0,32,82,483,1
2021/6/24 11:00,0,1077,33,0,33,77,471,1
2021/6/24 12:00,0,1060,34,0,35,72,444,1
2021/6/24 13:00,0,891,35,0,35,71,441,1
2021/6/24 14:00,0,721,34,0,34,70,442,1
2021/6/24 15:00,0,485,34,0,34,72,436,1
2021/6/24 16:00,0,365,33,0,33,71,444,1
2021/6/24 17:00,0,230,32,0,32,71,432,1
2021/6/24 18:00,0,76,31,0,31,76,435,1
2021/6/24 19:00,0,3,30,0,30,81,454,1
2021/6/24 20:00,0,0,29,0,29,83,460,1
2021/6/24 21:00,0,0,28,0,29,85,477,1
2021/6/24 22:00,0,0,28,0,28,87,504,1
2021/6/24 23:00,0,0,28,0,28,87,511,1
2021/6/25 0:00,0,0,27,0,28,88,561,1
2021/6/25 1:00,0,0,27,0,28,88,627,1
2021/6/25 2:00,0,0,27,0,27,88,544,1
2021/6/25 3:00,0,0,27,0,27,88,553,1
2021/6/25 4:00,0,0,26,0,27,89,608,1
2021/6/25 5:00,0,14,26,0,27,90,663,1
2021/6/25 6:00,0,68,27,0,27,88,604,1
2021/6/25 7:00,0,190,27,0,27,88,520,1
2021/6/25 8:00,0,354,28,0,28,87,512,1
2021/6/25 9:00,0,358,29,0,29,86,518,1
2021/6/25 10:00,0,160,29,0,29,88,523,1
2021/6/25 11:00,0,130,28,0,28,90,663,1
2021/6/25 12:00,0,115,28,0,28,91,741,1
2021/6/25 13:00,0,196,28,0,28,93,768,1
2021/6/25 14:00,0,63,28,0,28,95,735,1
2021/6/25 15:00,0,475,27,0,27,98,758,1
2021/6/25 16:00,0,1137,26,0,26,96,749,1
2021/6/25 17:00,0,673,26,0,26,96,615,1
2021/6/25 18:00,0,480,25,0,26,99,699,1
2021/6/25 19:00,0,55,25,0,26,100,749,1
2021/6/25 20:00,0,0,25,0,25,100,695,1
2021/6/25 21:00,0,0,24,0,25,100,684,1
2021/6/25 22:00,0,0,24,0,24,99,670,1
2021/6/25 23:00,0,0,24,0,24,100,743,1
2021/6/26 0:00,0,0,23,0,24,100,741,1
2021/6/26 1:00,0,0,24,0,24,100,938,1
2021/6/26 2:00,0,0,24,0,24,100,1245,1
2021/6/26 3:00,0,0,24,0,24,100,1069,1
2021/6/26 4:00,0,1,24,0,24,100,1179,1
2021/6/26 5:00,0,612,24,0,24,100,985,1
2021/6/26 6:00,0,3613,25,0,25,99,783,1
2021/6/26 7:00,0,6472,26,0,26,95,551,1
2021/6/26 8:00,0,11940,28,0,28,94,534,1
2021/6/26 9:00,0,18442,31,0,30,92,509,1
2021/6/26 10:00,0,20808,37,0,38,97,999,1
2021/6/26 11:00,0,20506,44,0,43,100,2374,1
2021/6/26 12:00,0,21095,48,0,47,100,3970,1
2021/6/26 13:00,0,18003,49,0,48,100,4954,1
2021/6/26 14:00,0,14092,48,0,47,100,5000,1
2021/6/26 15:00,0,9479,45,0,44,100,5000,1
2021/6/26 16:00,0,5963,42,0,42,100,5000,1
2021/6/26 17:00,0,3091,40,0,39,100,5000,1
2021/6/26 18:00,0,1482,37,0,37,100,5000,1
2021/6/26 19:00,0,116,35,0,35,100,5000,1
2021/6/26 20:00,0,0,33,0,33,100,5000,1
2021/6/26 21:00,0,0,32,0,32,100,5000,1
2021/6/26 22:00,0,0,31,0,31,100,5000,1
2021/6/26 23:00,0,0,30,0,31,100,5000,1
2021/6/27 0:00,0,0,30,0,30,100,5000,1
2021/6/27 1:00,0,0,29,0,29,100,5000,1
2021/6/27 2:00,0,0,28,0,29,100,5000,1
2021/6/27 3:00,0,0,28,0,29,100,5000,1
2021/6/27 4:00,0,4,28,0,28,100,5000,1
2021/6/27 5:00,0,656,27,0,28,100,5000,1
2021/6/27 6:00,0,3278,29,0,29,100,5000,1
2021/6/27 7:00,0,8023,32,0,32,100,5000,1
2021/6/27 8:00,0,13222,37,0,37,100,5000,1
2021/6/27 9:00,0,13714,40,0,39,100,5000,1
2021/6/27 10:00,0,21876,45,0,45,100,5000,1
2021/6/27 11:00,0,24913,51,0,50,99,5000,1
2021/6/27 12:00,0,24679,54,0,54,98,5000,1
2021/6/27 13:00,0,20384,55,0,54,98,5000,1
2021/6/27 14:00,0,19751,55,0,54,99,5000,1
2021/6/27 15:00,0,16345,54,0,53,100,5000,1
2021/6/27 16:00,0,11243,50,0,49,99,5000,1
2021/6/27 17:00,0,5845,36,0,35,85,1018,1
2021/6/27 18:00,0,2139,33,0,33,88,566,1
2021/6/27 19:00,0,240,31,0,31,91,591,1
2021/6/27 20:00,0,0,30,0,30,94,664,1
2021/6/27 21:00,0,0,29,0,29,95,647,1
2021/6/27 22:00,0,0,28,0,29,96,612,1
2021/6/27 23:00,0,0,28,0,28,97,640,1
2021/6/28 0:00,0,0,27,0,27,99,666,1
2021/6/28 1:00,0,0,26,0,27,99,653,1
2021/6/28 2:00,0,0,26,0,26,100,643,1
2021/6/28 3:00,0,0,26,0,26,100,670,1
2021/6/28 4:00,0,2,25,0,26,100,676,1
2021/6/28 5:00,0,352,25,0,26,100,662,1
2021/6/28 6:00,0,1248,26,0,26,100,640,1
2021/6/28 7:00,0,3149,27,0,27,100,636,1
2021/6/28 8:00,0,5716,28,0,28,98,628,1
2021/6/28 9:00,0,9479,30,0,29,95,591,1
2021/6/28 10:00,0,13596,33,0,33,93,601,1
2021/6/28 11:00,0,24502,43,0,44,98,1139,1
2021/6/28 12:00,0,25120,51,0,50,98,2277,1
2021/6/28 13:00,0,24148,54,0,53,97,3163,1
2021/6/28 14:00,0,21007,55,0,54,97,3779,1
2021/6/28 15:00,0,10170,42,0,41,82,1072,1
2021/6/28 16:00,0,577,36,0,36,84,553,1
2021/6/28 17:00,0,290,35,0,34,87,565,1
2021/6/28 18:00,0,601,32,0,32,89,593,1
2021/6/28 19:00,0,220,31,0,31,91,641,1
2021/6/28 20:00,0,0,30,0,30,93,686,1
2021/6/28 21:00,0,0,29,0,29,95,733,1
2021/6/28 22:00,0,0,28,0,29,95,754,1
2021/6/28 23:00,0,0,28,0,28,97,785,1
2021/6/29 0:00,0,0,27,0,27,98,795,1
2021/6/29 1:00,0,0,26,0,27,99,838,1
2021/6/29 2:00,0,0,26,0,26,100,855,1
2021/6/29 3:00,0,0,25,0,26,100,843,1
2021/6/29 4:00,0,0,25,0,26,100,843,1
2021/6/29 5:00,0,326,26,0,26,100,858,1
2021/6/29 6:00,0,2295,26,0,27,100,849,1
2021/6/29 7:00,0,6439,28,0,29,97,747,1
2021/6/29 8:00,0,2850,30,0,30,94,672,1
2021/6/29 9:00,0,721,30,0,31,92,628,1
2021/6/29 10:00,0,1215,32,0,32,90,578,1
2021/6/29 11:00,0,1059,33,0,33,89,568,1
2021/6/29 12:00,0,1059,34,0,34,87,541,1
2021/6/29 13:00,0,626,34,0,34,88,535,1
2021/6/29 14:00,0,5008,27,0,28,99,597,1
2021/6/29 15:00,0,9331,28,0,29,97,612,1
2021/6/29 16:00,0,4157,29,0,29,94,554,1
2021/6/29 17:00,0,3170,28,0,28,95,554,1
2021/6/29 18:00,0,2049,27,0,28,97,549,1
2021/6/29 19:00,0,228,27,0,27,98,580,1
2021/6/29 20:00,0,0,26,0,27,99,606,1
2021/6/29 21:00,0,0,25,0,26,100,656,1
2021/6/29 22:00,0,0,25,0,26,100,691,1
2021/6/29 23:00,0,0,25,0,26,100,716,1
2021/6/30 0:00,0,0,25,0,26,100,702,1
2021/6/30 1:00,0,0,25,0,26,100,722,1
2021/6/30 2:00,0,0,25,0,26,100,739,1
2021/6/30 3:00,0,0,25,0,25,100,795,1
2021/6/30 4:00,0,2,24,0,25,100,850,1
2021/6/30 5:00,0,703,25,0,25,100,856,1
2021/6/30 6:00,0,3068,26,0,27,100,745,1
2021/6/30 7:00,0,5771,28,0,29,98,657,1
2021/6/30 8:00,0,10298,30,0,30,94,630,1
2021/6/30 9:00,0,18036,33,0,32,91,590,1
2021/6/30 10:00,0,2994,33,0,33,90,556,1
2021/6/30 11:00,0,1280,34,0,35,88,537,1
2021/6/30 12:00,0,1316,35,0,35,87,531,1
2021/6/30 13:00,0,1289,36,0,36,85,507,1
2021/6/30 14:00,0,1176,36,0,36,84,501,1
2021/6/30 15:00,0,744,35,0,35,86,495,1
2021/6/30 16:00,0,416,34,0,34,87,502,1
2021/6/30 17:00,0,6824,35,0,34,86,495,1
2021/6/30 18:00,0,1850,32,0,32,88,505,1
2021/6/30 19:00,0,116,30,0,30,90,523,1
2021/6/30 20:00,0,0,26,0,26,93,510,1
2021/6/30 21:00,0,0,22,0,24,100,540,1
2021/6/30 22:00,0,0,23,0,24,100,568,1
2021/6/30 23:00,0,0,23,0,24,99,570,1
2021/7/1 0:00,0,0,23,0,24,98,554,1
2021/7/1 1:00,0,0,24,0,24,98,575,1
2021/7/1 2:00,0,0,23,0,24,99,595,1
2021/7/1 3:00,0,0,23,0,24,100,653,1
2021/7/1 4:00,0,1,23,0,24,100,639,1
2021/7/1 5:00,0,366,23,0,24,100,633,1
2021/7/1 6:00,0,3156,24,0,25,98,583,1
2021/7/1 7:00,0,7529,26,0,27,93,565,1
2021/7/1 8:00,0,14369,29,0,29,91,540,1
2021/7/1 9:00,0,18579,32,0,31,90,530,1
2021/7/1 10:00,0,1129,32,0,32,91,529,1
2021/7/1 11:00,0,1223,33,0,33,89,518,1
2021/7/1 12:00,0,1227,33,0,34,87,506,1
2021/7/1 13:00,0,1275,34,0,34,84,482,1
2021/7/1 14:00,0,974,34,0,34,85,478,1
2021/7/1 15:00,0,3277,34,0,34,84,474,1
2021/7/1 16:00,0,5314,33,0,33,85,476,1
2021/7/1 17:00,0,1556,31,0,31,90,491,1
2021/7/1 18:00,0,606,30,0,30,91,520,1
2021/7/1 19:00,0,58,29,0,30,92,523,1
2021/7/1 20:00,0,0,28,0,29,94,614,1
2021/7/1 21:00,0,0,28,0,29,94,604,1
2021/7/1 22:00,0,0,28,0,28,96,647,1
2021/7/1 23:00,0,0,27,0,28,99,710,1
2021/7/2 0:00,0,0,27,0,27,98,615,1
2021/7/2 1:00,0,0,26,0,27,99,572,1
2021/7/2 2:00,0,0,26,0,26,100,565,1
2021/7/2 3:00,0,0,26,0,26,100,566,1
2021/7/2 4:00,0,1,25,0,26,100,568,1
2021/7/2 5:00,0,673,25,0,26,100,589,1
2021/7/2 6:00,0,3685,26,0,27,98,567,1
2021/7/2 7:00,0,6953,28,0,28,94,550,1
2021/7/2 8:00,0,12697,30,0,30,91,470,1
2021/7/2 9:00,0,18672,32,0,32,89,426,1
2021/7/2 10:00,0,5629,31,0,31,90,415,1
2021/7/2 11:00,0,936,31,0,31,90,417,1
2021/7/2 12:00,0,1130,31,0,32,88,411,1
2021/7/2 13:00,0,1111,32,0,32,87,405,1
2021/7/2 14:00,0,1075,33,0,33,84,400,1
2021/7/2 15:00,0,4711,32,0,32,85,399,1
2021/7/2 16:00,0,5327,31,0,31,86,399,1
2021/7/2 17:00,0,2907,30,0,30,88,399,1
2021/7/2 18:00,0,175,30,0,30,93,642,1
2021/7/2 19:00,0,0,29,0,30,99,1226,1
2021/7/2 20:00,0,0,29,0,30,100,1878,1
2021/7/2 21:00,0,0,29,0,29,99,1998,1
2021/7/2 22:00,0,0,27,0,27,96,494,1
2021/7/2 23:00,0,0,26,0,26,100,513,1
2021/7/3 0:00,0,0,25,0,26,100,598,1
2021/7/3 1:00,0,0,25,0,26,100,612,1
2021/7/3 2:00,0,0,25,0,25,100,543,1
2021/7/3 3:00,0,0,25,0,25,100,570,1
2021/7/3 4:00,0,0,24,0,25,100,611,1
2021/7/3 5:00,0,70,23,0,23,100,553,1
2021/7/3 6:00,0,969,22,0,23,100,533,1
2021/7/3 7:00,0,6083,24,0,24,96,490,1
2021/7/3 8:00,0,6808,25,0,25,94,462,1
2021/7/3 9:00,0,8903,26,0,26,93,480,1
2021/7/3 10:00,0,13162,29,0,29,91,465,1
2021/7/3 11:00,0,1168,30,0,31,90,525,1
2021/7/3 12:00,0,1065,31,0,31,90,520,1
2021/7/3 13:00,0,1257,32,0,32,89,504,1
2021/7/3 14:00,0,1129,32,0,33,87,496,1
2021/7/3 15:00,0,5109,33,0,33,87,500,1
2021/7/3 16:00,0,10792,33,0,32,85,437,1
2021/7/3 17:00,0,5119,32,0,31,89,467,1
2021/7/3 18:00,0,1823,30,0,30,99,934,1
2021/7/3 19:00,0,272,28,0,28,99,1249,1
2021/7/3 20:00,0,0,26,0,26,97,555,1
2021/7/3 21:00,0,0,25,0,26,98,564,1
2021/7/3 22:00,0,0,25,0,25,100,645,1
2021/7/3 23:00,0,0,24,0,25,100,684,1
2021/7/4 0:00,0,0,24,0,24,100,673,1
2021/7/4 1:00,0,0,23,0,24,100,684,1
2021/7/4 2:00,0,0,23,0,24,100,700,1
2021/7/4 3:00,0,0,23,0,24,100,760,1
2021/7/4 4:00,0,1,23,0,23,100,780,1
2021/7/4 5:00,0,496,23,0,23,100,750,1
2021/7/4 6:00,0,3797,25,0,25,98,699,1
2021/7/4 7:00,0,8476,28,0,28,93,548,1
2021/7/4 8:00,0,16097,31,0,31,89,520,1
2021/7/4 9:00,0,4589,32,0,32,87,467,1
2021/7/4 10:00,0,6408,34,0,34,82,416,1
2021/7/4 11:00,0,6755,35,0,35,79,404,1
2021/7/4 12:00,0,6295,36,0,36,77,399,1
2021/7/4 13:00,0,7154,36,0,36,74,399,1
2021/7/4 14:00,0,5311,36,0,35,76,399,1
2021/7/4 15:00,0,7438,34,0,34,81,399,1
2021/7/4 16:00,0,8891,33,0,33,83,400,1
2021/7/4 17:00,0,4853,31,0,31,88,403,1
2021/7/4 18:00,0,1483,29,0,29,90,420,1
2021/7/4 19:00,0,210,28,0,28,91,433,1
2021/7/4 20:00,0,0,27,0,27,92,455,1
2021/7/4 21:00,0,0,26,0,27,94,477,1
2021/7/4 22:00,0,0,25,0,26,94,468,1
2021/7/4 23:00,0,0,25,0,25,92,473,1
2021/7/5 0:00,0,0,24,0,25,92,494,1
2021/7/5 1:00,0,0,24,0,24,95,546,1
2021/7/5 2:00,0,0,24,0,24,96,557,1
2021/7/5 3:00,0,0,23,0,24,98,592,1
2021/7/5 4:00,0,1,23,0,24,98,582,1
2021/7/5 5:00,0,292,24,0,24,99,598,1
2021/7/5 6:00,0,432,24,0,24,98,551,1
2021/7/5 7:00,0,861,24,0,25,99,556,1
2021/7/5 8:00,0,4224,25,0,25,99,589,1
2021/7/5 9:00,0,6524,27,0,27,96,595,1
2021/7/5 10:00,0,16362,30,0,30,89,527,1
2021/7/5 11:00,0,7211,32,0,32,86,460,1
2021/7/5 12:00,0,8241,33,0,33,84,442,1
2021/7/5 13:00,0,6691,34,0,33,83,439,1
2021/7/5 14:00,0,6642,33,0,33,83,435,1
2021/7/5 15:00,0,4396,32,0,32,84,441,1
2021/7/5 16:00,0,3364,32,0,32,84,447,1
2021/7/5 17:00,0,6228,32,0,31,85,443,1
2021/7/5 18:00,0,1453,28,0,28,89,447,1
2021/7/5 19:00,0,134,26,0,27,91,471,1
2021/7/5 20:00,0,0,26,0,27,91,505,1
2021/7/5 21:00,0,0,26,0,26,93,513,1
2021/7/5 22:00,0,0,25,0,26,94,535,1
2021/7/5 23:00,0,0,25,0,25,96,555,1
2021/7/6 0:00,0,0,25,0,25,98,561,1
2021/7/6 1:00,0,0,25,0,25,100,535,1
2021/7/6 2:00,0,0,25,0,25,100,553,1
2021/7/6 3:00,0,0,25,0,25,100,580,1
2021/7/6 4:00,0,0,25,0,25,100,577,1
2021/7/6 5:00,0,218,25,0,25,100,566,1
2021/7/6 6:00,0,1037,25,0,25,100,554,1
2021/7/6 7:00,0,1588,25,0,26,100,591,1
2021/7/6 8:00,0,2889,26,0,26,100,575,1
2021/7/6 9:00,0,6035,28,0,28,97,568,1
2021/7/6 10:00,0,5560,28,0,28,95,539,1
2021/7/6 11:00,0,4806,28,0,28,95,528,1
2021/7/6 12:00,0,4054,28,0,28,95,515,1
2021/7/6 13:00,0,3169,27,0,27,98,516,1
2021/7/6 14:00,0,3746,26,0,27,100,524,1
2021/7/6 15:00,0,3820,27,0,27,100,540,1
2021/7/6 16:00,0,2629,27,0,27,100,554,1
2021/7/6 17:00,0,1358,26,0,27,100,542,1
2021/7/6 18:00,0,607,26,0,27,100,562,1
2021/7/6 19:00,0,40,26,0,26,100,551,1
2021/7/6 20:00,0,0,25,0,26,100,574,1
2021/7/6 21:00,0,0,25,0,26,100,576,1
2021/7/6 22:00,0,0,25,0,26,100,589,1
2021/7/6 23:00,0,0,25,0,26,100,641,1
2021/7/7 0:00,0,0,25,0,26,100,687,1
2021/7/7 1:00,0,0,25,0,26,100,694,1
2021/7/7 2:00,0,0,25,0,26,100,702,1
2021/7/7 3:00,0,0,25,0,26,100,677,1
2021/7/7 4:00,0,0,25,0,26,100,687,1
2021/7/7 5:00,0,74,25,0,26,100,698,1
2021/7/7 6:00,0,356,25,0,26,100,697,1
2021/7/7 7:00,0,782,25,0,26,100,665,1
2021/7/7 8:00,0,1771,26,0,27,100,740,1
2021/7/7 9:00,0,3197,27,0,28,100,698,1
2021/7/7 10:00,0,3513,27,0,28,100,661,1
2021/7/7 11:00,0,3870,27,0,28,100,634,1
2021/7/7 12:00,0,4582,28,0,28,100,632,1
2021/7/7 13:00,0,7279,29,0,29,99,598,1
2021/7/7 14:00,0,9658,31,0,31,98,622,1
2021/7/7 15:00,0,16315,34,0,33,90,553,1
2021/7/7 16:00,0,11946,32,0,32,89,492,1
2021/7/7 17:00,0,5916,31,0,31,91,493,1
2021/7/7 18:00,0,2706,29,0,29,94,504,1
2021/7/7 19:00,0,265,27,0,28,99,548,1
2021/7/7 20:00,0,0,26,0,27,100,613,1
2021/7/7 21:00,0,0,26,0,26,100,618,1
2021/7/7 22:00,0,0,25,0,26,100,726,1
2021/7/7 23:00,0,0,25,0,26,100,721,1
2021/7/8 0:00,0,0,25,0,25,100,798,1
2021/7/8 1:00,0,0,24,0,25,100,828,1
2021/7/8 2:00,0,0,24,0,25,100,810,1
2021/7/8 3:00,0,0,24,0,25,100,696,1
2021/7/8 4:00,0,1,25,0,25,100,687,1
2021/7/8 5:00,0,432,25,0,25,100,662,1
2021/7/8 6:00,0,2681,25,0,26,100,660,1
2021/7/8 7:00,0,6390,27,0,27,100,638,1
2021/7/8 8:00,0,13499,30,0,31,94,586,1
2021/7/8 9:00,0,14999,32,0,32,90,524,1
2021/7/8 10:00,0,15351,34,0,34,88,487,1
2021/7/8 11:00,0,5083,34,0,34,88,468,1
2021/7/8 12:00,0,6506,35,0,34,88,477,1
2021/7/8 13:00,0,5117,34,0,34,88,471,1
2021/7/8 14:00,0,2381,32,0,32,89,469,1
2021/7/8 15:00,0,2090,32,0,32,90,483,1
2021/7/8 16:00,0,5305,31,0,31,91,481,1
2021/7/8 17:00,0,5608,31,0,31,91,483,1
2021/7/8 18:00,0,1730,29,0,30,95,495,1
2021/7/8 19:00,0,123,28,0,29,98,530,1
2021/7/8 20:00,0,0,28,0,28,100,538,1
2021/7/8 21:00,0,0,27,0,27,100,562,1
2021/7/8 22:00,0,0,25,0,26,93,524,1
2021/7/8 23:00,0,0,23,0,24,98,543,1
2021/7/9 0:00,0,0,23,0,24,100,590,1
2021/7/9 1:00,0,0,23,0,24,100,576,1
2021/7/9 2:00,0,0,23,0,24,100,579,1
2021/7/9 3:00,0,0,23,0,24,100,587,1
2021/7/9 4:00,0,0,23,0,24,100,649,1
2021/7/9 5:00,0,518,23,0,24,100,692,1
2021/7/9 6:00,0,3040,25,0,25,100,650,1
2021/7/9 7:00,0,7598,27,0,28,97,558,1
2021/7/9 8:00,0,12555,29,0,29,94,525,1
2021/7/9 9:00,0,17760,31,0,31,92,506,1
2021/7/9 10:00,0,7697,33,0,33,89,476,1
2021/7/9 11:00,0,5477,34,0,34,88,469,1
2021/7/9 12:00,0,7102,35,0,35,87,471,1
2021/7/9 13:00,0,6064,36,0,36,86,448,1
2021/7/9 14:00,0,5869,36,0,36,86,437,1
2021/7/9 15:00,0,4771,35,0,36,87,434,1
2021/7/9 16:00,0,3620,35,0,35,87,433,1
2021/7/9 17:00,0,6360,36,0,35,88,448,1
2021/7/9 18:00,0,2078,33,0,33,90,453,1
2021/7/9 19:00,0,198,31,0,31,94,565,1
2021/7/9 20:00,0,0,30,0,31,96,576,1
2021/7/9 21:00,0,0,30,0,30,96,576,1
2021/7/9 22:00,0,0,29,0,30,99,621,1
2021/7/9 23:00,0,0,29,0,29,100,657,1
2021/7/10 0:00,0,0,28,0,29,99,695,1
2021/7/10 1:00,0,0,27,0,27,90,506,1
2021/7/10 2:00,0,0,26,0,26,92,516,1
2021/7/10 3:00,0,0,25,0,25,97,607,1
2021/7/10 4:00,0,0,25,0,25,99,684,1
2021/7/10 5:00,0,587,25,0,26,100,682,1
2021/7/10 6:00,0,3505,27,0,27,98,621,1
2021/7/10 7:00,0,7644,29,0,29,93,525,1
2021/7/10 8:00,0,14052,31,0,31,90,516,1
2021/7/10 9:00,0,9505,33,0,33,88,491,1
2021/7/10 10:00,0,6036,35,0,35,87,465,1
2021/7/10 11:00,0,6294,36,0,36,87,454,1
2021/7/10 12:00,0,6427,37,0,37,86,448,1
2021/7/10 13:00,0,6201,37,0,37,85,435,1
2021/7/10 14:00,0,4622,36,0,36,86,429,1
2021/7/10 15:00,0,4200,36,0,36,86,420,1
2021/7/10 16:00,0,9109,36,0,36,87,416,1
2021/7/10 17:00,0,5177,34,0,34,88,430,1
2021/7/10 18:00,0,2217,33,0,33,90,452,1
2021/7/10 19:00,0,201,31,0,31,92,490,1
2021/7/10 20:00,0,0,31,0,31,91,500,1
2021/7/10 21:00,0,0,30,0,30,91,504,1
2021/7/10 22:00,0,0,29,0,30,93,559,1
2021/7/10 23:00,0,0,29,0,29,95,599,1
2021/7/11 0:00,0,0,28,0,29,96,601,1
2021/7/11 1:00,0,0,28,0,29,97,624,1
2021/7/11 2:00,0,0,28,0,29,98,617,1
2021/7/11 3:00,0,0,28,0,29,99,601,1
2021/7/11 4:00,0,0,28,0,28,100,639,1
2021/7/11 5:00,0,354,28,0,28,100,647,1
2021/7/11 6:00,0,1932,28,0,29,100,628,1
2021/7/11 7:00,0,6387,30,0,31,98,595,1
2021/7/11 8:00,0,8715,33,0,32,93,551,1
2021/7/11 9:00,0,10061,33,0,33,91,525,1
2021/7/11 10:00,0,13200,35,0,35,88,486,1
2021/7/11 11:00,0,9605,37,0,37,85,446,1
2021/7/11 12:00,0,6678,38,0,38,83,421,1
2021/7/11 13:00,0,6897,38,0,38,81,414,1
2021/7/11 14:00,0,3159,37,0,37,83,414,1
2021/7/11 15:00,0,7839,37,0,37,84,424,1
2021/7/11 16:00,0,8888,37,0,36,85,424,1
2021/7/11 17:00,0,4046,35,0,35,87,428,1
2021/7/11 18:00,0,1033,33,0,33,89,456,1
2021/7/11 19:00,0,91,32,0,32,90,491,1
2021/7/11 20:00,0,0,31,0,32,90,485,1
2021/7/11 21:00,0,0,31,0,31,91,494,1
2021/7/11 22:00,0,0,30,0,31,91,499,1
2021/7/11 23:00,0,0,30,0,30,92,498,1
2021/7/12 0:00,0,0,29,0,30,92,507,1
2021/7/12 1:00,0,0,29,0,29,93,526,1
2021/7/12 2:00,0,0,29,0,29,93,530,1
2021/7/12 3:00,0,0,29,0,29,92,515,1
2021/7/12 4:00,0,0,29,0,29,92,507,1
2021/7/12 5:00,0,234,29,0,29,92,510,1
2021/7/12 6:00,0,3105,29,0,30,91,509,1
2021/7/12 7:00,0,7291,31,0,31,89,489,1
2021/7/12 8:00,0,9655,32,0,32,88,481,1
2021/7/12 9:00,0,13584,34,0,34,86,455,1
2021/7/12 10:00,0,6378,35,0,35,85,437,1
2021/7/12 11:00,0,4055,34,0,34,85,427,1
2021/7/12 12:00,0,4355,34,0,34,85,423,1
2021/7/12 13:00,0,5044,34,0,34,85,424,1
2021/7/12 14:00,0,4379,34,0,34,86,421,1
2021/7/12 15:00,0,6314,34,0,34,86,421,1
2021/7/12 16:00,0,6482,33,0,33,87,445,1
2021/7/12 17:00,0,5391,33,0,33,87,441,1
2021/7/12 18:00,0,1905,31,0,31,88,452,1
2021/7/12 19:00,0,270,30,0,31,89,475,1
2021/7/12 20:00,0,0,30,0,30,89,489,1
2021/7/12 21:00,0,0,29,0,30,90,496,1
2021/7/12 22:00,0,0,29,0,29,92,513,1
2021/7/12 23:00,0,0,29,0,29,93,527,1
2021/7/13 0:00,0,0,28,0,29,94,544,1
2021/7/13 1:00,0,0,28,0,29,95,550,1
2021/7/13 2:00,0,0,28,0,29,95,573,1
2021/7/13 3:00,0,0,28,0,29,95,519,1
2021/7/13 4:00,0,0,27,0,28,97,495,1
2021/7/13 5:00,0,234,26,0,27,100,541,1
2021/7/13 6:00,0,1216,26,0,27,98,531,1
2021/7/13 7:00,0,2958,27,0,27,97,508,1
2021/7/13 8:00,0,4409,28,0,28,95,499,1
2021/7/13 9:00,0,3836,27,0,27,98,493,1
2021/7/13 10:00,0,10125,28,0,28,96,488,1
2021/7/13 11:00,0,5035,31,0,31,89,464,1
2021/7/13 12:00,0,2690,31,0,31,91,464,1
2021/7/13 13:00,0,4764,33,0,33,88,466,1
2021/7/13 14:00,0,2761,34,0,34,88,453,1
2021/7/13 15:00,0,10170,34,0,34,88,451,1
2021/7/13 16:00,0,10479,35,0,34,88,444,1
2021/7/13 17:00,0,6478,35,0,34,89,445,1
2021/7/13 18:00,0,2437,32,0,32,91,460,1
2021/7/13 19:00,0,238,31,0,31,93,497,1
2021/7/13 20:00,0,0,30,0,30,95,521,1
2021/7/13 21:00,0,0,29,0,30,95,531,1
2021/7/13 22:00,0,0,29,0,29,95,555,1
2021/7/13 23:00,0,0,28,0,29,98,598,1
2021/7/14 0:00,0,0,28,0,28,100,650,1
2021/7/14 1:00,0,0,28,0,28,100,662,1
2021/7/14 2:00,0,0,27,0,28,100,700,1
2021/7/14 3:00,0,0,27,0,28,100,720,1
2021/7/14 4:00,0,0,27,0,27,100,752,1
2021/7/14 5:00,0,232,27,0,28,100,735,1
2021/7/14 6:00,0,1733,28,0,29,99,670,1
2021/7/14 7:00,0,6353,31,0,31,94,589,1
2021/7/14 8:00,0,10858,33,0,33,90,528,1
2021/7/14 9:00,0,3907,35,0,35,88,481,1
2021/7/14 10:00,0,4045,35,0,35,87,464,1
2021/7/14 11:00,0,6015,37,0,37,84,432,1
2021/7/14 12:00,0,6527,38,0,38,81,408,1
2021/7/14 13:00,0,5185,38,0,38,81,407,1
2021/7/14 14:00,0,3698,38,0,38,83,405,1
2021/7/14 15:00,0,2879,37,0,37,84,414,1
2021/7/14 16:00,0,2566,37,0,37,85,418,1
2021/7/14 17:00,0,3040,36,0,36,86,413,1
2021/7/14 18:00,0,2479,35,0,35,88,435,1
2021/7/14 19:00,0,172,32,0,32,87,478,1
2021/7/14 20:00,0,0,30,0,30,88,484,1
2021/7/14 21:00,0,0,29,0,30,89,531,1
2021/7/14 22:00,0,0,28,0,29,90,519,1
2021/7/14 23:00,0,0,25,0,26,98,497,1
2021/7/15 0:00,0,0,25,0,27,100,550,1
2021/7/15 1:00,0,0,25,0,26,100,595,1
2021/7/15 2:00,0,0,25,0,26,100,540,1
2021/7/15 3:00,0,0,25,0,26,100,575,1
2021/7/15 4:00,0,0,25,0,26,100,569,1
2021/7/15 5:00,0,36,25,0,25,100,549,1
2021/7/15 6:00,0,720,25,0,26,100,557,1
2021/7/15 7:00,0,4585,26,0,27,99,530,1
2021/7/15 8:00,0,8356,28,0,28,94,506,1
2021/7/15 9:00,0,8235,31,0,31,89,476,1
2021/7/15 10:00,0,3357,30,0,30,90,469,1
2021/7/15 11:00,0,10829,30,0,31,89,477,1
2021/7/15 12:00,0,9989,30,0,30,90,454,1
2021/7/15 13:00,0,11933,32,0,32,89,478,1
2021/7/15 14:00,0,7879,31,0,32,91,466,1
2021/7/15 15:00,0,5388,29,0,30,94,481,1
2021/7/15 16:00,0,2293,29,0,29,96,477,1
2021/7/15 17:00,0,2361,28,0,29,96,499,1
2021/7/15 18:00,0,1097,28,0,29,98,535,1
2021/7/15 19:00,0,122,27,0,28,100,552,1
2021/7/15 20:00,0,0,27,0,28,100,520,1
2021/7/15 21:00,0,0,27,0,27,100,505,1
2021/7/15 22:00,0,0,27,0,27,100,527,1
2021/7/15 23:00,0,0,26,0,26,100,538,1
2021/7/16 0:00,0,0,25,0,26,100,592,1
2021/7/16 1:00,0,0,25,0,26,100,544,1
2021/7/16 2:00,0,0,25,0,26,100,575,1
2021/7/16 3:00,0,0,25,0,26,100,589,1
2021/7/16 4:00,0,0,24,0,25,100,565,1
2021/7/16 5:00,0,243,24,0,25,100,575,1
2021/7/16 6:00,0,504,25,0,25,100,542,1
2021/7/16 7:00,0,636,24,0,25,100,552,1
2021/7/16 8:00,0,2566,25,0,26,100,544,1
2021/7/16 9:00,0,2618,26,0,26,100,545,1
2021/7/16 10:00,0,5912,27,0,27,99,533,1
2021/7/16 11:00,0,6267,28,0,28,98,512,1
2021/7/16 12:00,0,4153,28,0,28,99,513,1
2021/7/16 13:00,0,4447,27,0,28,100,513,1
2021/7/16 14:00,0,4421,28,0,28,100,519,1
2021/7/16 15:00,0,6547,28,0,28,98,517,1
2021/7/16 16:00,0,5371,28,0,28,96,491,1
2021/7/16 17:00,0,2286,27,0,27,97,487,1
2021/7/16 18:00,0,282,26,0,26,100,502,1
2021/7/16 19:00,0,21,25,0,26,100,516,1
2021/7/16 20:00,0,0,25,0,26,100,526,1
2021/7/16 21:00,0,0,25,0,25,100,524,1
2021/7/16 22:00,0,0,25,0,25,100,531,1
2021/7/16 23:00,0,0,24,0,25,100,542,1
2021/7/17 0:00,0,0,24,0,25,100,535,1
2021/7/17 1:00,0,0,24,0,25,100,548,1
2021/7/17 2:00,0,0,24,0,25,100,553,1
2021/7/17 3:00,0,0,24,0,25,100,538,1
2021/7/17 4:00,0,0,24,0,24,100,530,1
2021/7/17 5:00,0,93,24,0,24,100,527,1
2021/7/17 6:00,0,310,23,0,23,100,521,1
2021/7/17 7:00,0,654,23,0,23,100,534,1
2021/7/17 8:00,0,1241,23,0,24,100,544,1
2021/7/17 9:00,0,2114,24,0,24,100,539,1
2021/7/17 10:00,0,2318,24,0,25,100,536,1
2021/7/17 11:00,0,7172,26,0,27,100,524,1
2021/7/17 12:00,0,7228,28,0,27,98,491,1
2021/7/17 13:00,0,10617,29,0,29,96,483,1
2021/7/17 14:00,0,14813,31,0,31,91,463,1
