,PM_US Post
23,129.0
24,148.0
25,159.0
26,181.0
27,138.0
28,109.0
29,105.0
30,124.0
31,120.0
32,132.0
33,140.0
34,152.0
35,148.0
36,164.0
37,158.0
38,154.0
39,159.0
40,164.0
41,170.0
42,149.0
43,154.0
44,164.0
45,156.0
46,126.0
47,90.0
48,63.0
49,65.0
50,55.0
51,65.0
52,83.0
53,91.0
54,86.0
55,82.0
56,86.0
57,78.0
58,98.0
59,107.0
60,90.0
61,96.0
62,95.0
63,86.0
64,70.0
65,61.0
66,53.0
67,71.0
68,72.0
69,76.0
70,73.0
71,79.0
72,58.0
73,25.0
74,26.0
75,28.0
76,26.0
77,20.0
78,29.0
79,26.0
80,27.0
81,27.0
82,25.0
83,29.0
84,32.0
85,28.0
86,29.0
87,30.0
88,30.0
89,28.0
90,26.0
91,31.0
92,33.0
93,29.0
94,31.0
95,30.0
96,34.0
97,27.0
98,25.0
99,28.0
100,28.0
101,27.0
102,27.0
103,27.0
104,29.0
105,36.0
106,30.0
107,27.0
108,39.0
109,41.0
110,33.0
111,50.0
112,56.0
113,59.0
114,60.0
115,84.0
116,106.0
117,66.0
118,50.0
119,56.0
120,77.0
121,50.0
122,44.0
123,27.0
124,28.0
125,21.0
126,25.0
127,20.0
128,29.0
129,34.0
130,42.0
131,28.0
132,36.0
133,48.0
134,49.0
135,52.0
136,56.0
137,96.0
138,75.0
139,105.0
140,132.0
141,93.0
142,131.0
143,127.0
144,130.0
145,43.0
146,37.0
147,30.0
148,28.0
149,24.0
150,23.0
151,24.0
152,27.0
153,40.0
154,42.0
155,42.0
156,55.0
157,52.0
158,51.0
159,57.0
160,50.0
161,54.0
162,67.0
163,106.0
164,159.0
165,198.0
166,190.0
167,210.0
168,195.0
169,275.0
170,164.0
171,110.0
172,100.0
173,81.0
174,71.0
175,66.0
176,92.0
177,135.0
178,155.0
179,198.0
180,250.0
181,200.0
182,231.0
183,250.0
184,212.0
185,219.0
186,227.0
187,226.0
188,225.0
189,168.0
190,169.0
191,165.0
192,159.0
193,167.0
194,196.0
195,169.0
196,155.0
197,119.0
198,106.0
199,93.0
200,84.0
201,73.0
202,66.0
203,40.0
204,49.0
205,50.0
206,49.0
207,41.0
208,37.0
209,45.0
210,44.0
211,54.0
212,50.0
213,47.0
214,66.0
215,75.0
216,82.0
217,66.0
218,83.0
219,62.0
220,40.0
221,23.0
222,25.0
223,27.0
224,35.0
225,50.0
226,70.0
227,75.0
228,58.0
229,70.0
230,68.0
231,71.0
232,88.0
233,84.0
234,83.0
235,66.0
236,27.0
237,24.0
238,22.0
239,23.0
240,27.0
241,23.0
242,17.0
243,17.0
244,16.0
245,16.0
246,20.0
247,20.0
248,18.0
249,25.0
250,26.0
251,27.0
252,28.0
253,15.0
254,24.0
255,13.0
256,13.0
257,13.0
258,17.0
259,20.0
260,27.0
261,20.0
262,15.0
263,21.0
264,21.0
265,37.0
266,26.0
267,15.0
268,9.0
269,11.0
270,11.0
271,16.0
272,13.0
273,15.0
274,21.0
275,24.0
276,22.0
277,22.0
278,22.0
279,19.0
280,23.0
281,25.0
282,25.0
283,31.0
284,25.0
285,22.0
286,22.0
287,15.0
288,16.0
289,11.0
290,11.0
291,12.0
292,11.0
293,12.0
294,27.0
295,28.0
296,34.0
297,33.0
298,36.0
299,26.0
300,49.0
301,52.0
302,47.0
303,47.0
304,39.0
305,59.0
306,76.0
307,96.0
308,95.0
309,68.0
310,65.0
311,75.0
312,257.0
313,174.0
314,164.0
315,161.0
316,137.0
317,92.0
318,64.0
319,87.0
320,87.0
321,84.0
322,95.0
323,79.0
324,75.0
325,79.0
326,86.0
327,72.0
328,89.0
329,94.0
330,69.0
331,49.0
332,33.0
333,27.0
334,20.0
335,36.0
336,37.0
337,30.0
338,18.0
339,21.0
340,13.0
341,23.0
342,26.0
343,27.0
344,30.0
345,28.0
346,26.0
347,26.0
348,31.0
349,35.0
350,36.0
351,37.0
352,64.0
353,83.0
354,91.0
355,90.0
356,102.0
357,94.0
358,87.0
359,141.0
360,211.0
361,242.0
362,271.0
363,249.0
364,200.0
365,147.0
366,114.0
367,102.0
368,108.0
369,135.0
370,120.0
371,148.0
372,127.0
373,128.0
374,140.0
375,148.0
376,150.0
377,154.0
378,197.0
379,235.0
380,261.0
381,269.0
382,266.0
383,263.0
384,241.0
385,205.0
386,160.0
387,150.0
388,148.0
389,208.0
390,209.0
391,183.0
392,161.0
393,182.0
394,230.0
395,170.0
396,172.0
397,154.0
398,166.0
399,177.0
400,191.0
401,212.0
402,250.0
403,268.0
404,317.0
405,291.0
406,313.0
407,282.0
408,282.0
409,303.0
410,349.0
411,407.0
412,361.0
413,234.0
414,149.0
415,147.0
416,184.0
417,161.0
418,137.0
419,146.0
420,144.0
421,154.0
422,173.0
423,188.0
424,203.0
425,233.0
426,408.0
427,435.0
428,403.0
429,360.0
430,402.0
431,358.0
432,383.0
433,332.0
434,274.0
435,256.0
436,302.0
437,330.0
438,367.0
439,297.0
440,331.0
441,323.0
442,339.0
443,301.0
444,310.0
445,305.0
446,313.0
447,336.0
448,357.0
449,485.0
450,426.0
451,403.0
452,374.0
453,333.0
454,343.0
455,364.0
456,389.0
457,368.0
458,267.0
459,71.0
460,81.0
461,51.0
462,49.0
463,44.0
464,45.0
465,35.0
466,29.0
467,27.0
468,29.0
469,16.0
470,23.0
471,28.0
472,22.0
473,11.0
474,25.0
475,16.0
476,20.0
477,20.0
478,18.0
479,18.0
480,17.0
481,17.0
482,17.0
483,15.0
484,19.0
485,16.0
486,18.0
487,18.0
488,18.0
489,26.0
490,26.0
491,25.0
492,24.0
493,15.0
494,17.0
495,15.0
496,21.0
497,40.0
498,51.0
499,45.0
500,61.0
501,72.0
502,38.0
503,35.0
504,29.0
505,26.0
506,18.0
507,15.0
508,15.0
509,22.0
510,21.0
511,19.0
512,22.0
513,25.0
514,22.0
515,26.0
516,32.0
517,30.0
518,32.0
519,30.0
520,32.0
521,37.0
522,49.0
523,47.0
524,39.0
525,35.0
526,48.0
527,49.0
528,24.0
529,23.0
530,20.0
531,19.0
532,16.0
533,22.0
534,24.0
535,24.0
536,41.0
537,23.0
538,19.0
539,15.0
540,19.0
541,17.0
542,17.0
543,22.0
544,22.0
545,22.0
546,22.0
547,22.0
548,22.0
549,22.0
550,22.0
551,22.0
552,22.0
553,22.0
554,22.0
555,22.0
556,22.0
557,22.0
558,22.0
559,22.0
560,22.0
561,22.0
562,22.0
563,22.0
564,22.0
565,22.0
566,22.0
567,22.0
568,22.0
569,22.0
570,22.0
571,22.0
572,22.0
573,22.0
574,22.0
575,22.0
576,22.0
577,22.0
578,22.0
579,22.0
580,22.0
581,22.0
582,22.0
583,22.0
584,22.0
585,22.0
586,22.0
587,22.0
588,22.0
589,22.0
590,22.0
591,22.0
592,22.0
593,22.0
594,22.0
595,22.0
596,22.0
597,22.0
598,22.0
599,22.0
600,22.0
601,22.0
602,22.0
603,22.0
604,22.0
605,22.0
606,22.0
607,22.0
608,22.0
609,22.0
610,22.0
611,88.0
612,85.0
613,90.0
614,127.0
615,144.0
616,203.0
617,199.0
618,231.0
619,274.0
620,340.0
621,298.0
622,268.0
623,299.0
624,300.0
625,240.0
626,213.0
627,171.0
628,153.0
629,153.0
630,140.0
631,147.0
632,158.0
633,153.0
634,154.0
635,143.0
636,90.0
637,55.0
638,52.0
639,41.0
640,29.0
641,37.0
642,49.0
643,56.0
644,38.0
645,37.0
646,28.0
647,20.0
648,22.0
649,27.0
650,34.0
651,27.0
652,32.0
653,28.0
654,28.0
655,18.0
656,17.0
657,16.0
658,18.0
659,16.0
660,12.0
661,13.0
662,23.0
663,21.0
664,13.0
665,14.0
666,23.0
667,16.0
668,25.0
669,20.0
670,25.0
671,19.0
672,24.0
673,25.0
674,20.0
675,24.0
676,17.0
677,10.0
678,11.0
679,16.0
680,20.0
681,13.0
682,12.0
683,12.0
684,12.0
685,12.0
686,31.0
687,36.0
688,42.0
689,52.0
690,26.0
691,24.0
692,25.0
693,43.0
694,47.0
695,61.0
696,66.0
697,65.0
698,70.0
699,36.0
700,37.0
701,22.0
702,24.0
703,29.0
704,35.0
705,35.0
706,33.0
707,32.0
708,25.0
709,16.0
710,26.0
711,32.0
712,36.0
713,37.0
714,45.0
715,71.0
716,67.0
717,69.0
718,94.0
719,85.0
720,35.0
721,26.0
722,24.0
723,20.0
724,16.0
725,18.0
726,19.0
727,22.0
728,17.0
729,18.0
730,11.0
731,11.0
732,16.0
733,18.0
734,17.0
735,19.0
736,26.0
737,24.0
738,54.0
739,71.0
740,129.0
741,145.0
742,101.0
743,65.0
744,70.0
745,67.0
746,76.0
747,76.0
748,68.0
749,73.0
750,73.0
751,64.0
752,53.0
753,72.0
754,78.0
755,72.0
756,56.0
757,54.0
758,40.0
759,49.0
760,63.0
761,66.0
762,64.0
763,63.0
764,65.0
765,64.0
766,64.0
767,62.0
768,56.0
769,87.0
770,72.0
771,104.0
772,97.0
773,96.0
774,86.0
775,85.0
776,92.0
777,55.0
778,36.0
779,27.0
780,25.0
781,28.0
782,32.0
783,35.0
784,43.0
785,70.0
786,83.0
787,66.0
788,70.0
789,80.0
790,88.0
791,69.0
792,71.0
793,62.0
794,73.0
795,107.0
796,94.0
797,121.0
798,132.0
799,161.0
800,120.0
801,72.0
802,58.0
803,34.0
804,14.0
805,17.0
806,15.0
807,23.0
808,34.0
809,96.0
810,87.0
811,87.0
812,95.0
813,105.0
814,114.0
815,103.0
816,99.0
817,102.0
818,104.0
819,78.0
820,33.0
821,29.0
822,27.0
823,27.0
824,26.0
825,33.0
826,29.0
827,31.0
828,28.0
829,28.0
830,61.0
831,64.0
832,80.0
833,91.0
834,79.0
835,48.0
836,59.0
837,82.0
838,63.0
839,48.0
840,54.0
841,42.0
842,47.0
843,87.0
844,105.0
845,90.0
846,101.0
847,126.0
848,114.0
849,103.0
850,114.0
851,100.0
852,72.0
853,68.0
854,72.0
855,71.0
856,80.0
857,70.0
858,63.0
859,67.0
860,62.0
861,69.0
862,58.0
863,51.0
864,51.0
865,54.0
866,45.0
867,47.0
868,85.0
869,78.0
870,68.0
871,64.0
872,65.0
873,80.0
874,74.0
875,93.0
876,77.0
877,67.0
878,84.0
879,77.0
880,83.0
881,82.0
882,100.0
883,189.0
884,99.0
885,71.0
886,43.0
887,64.0
888,68.0
889,69.0
890,65.0
891,71.0
892,77.0
893,81.0
894,88.0
895,90.0
896,92.0
897,88.0
898,80.0
899,100.0
900,105.0
901,118.0
902,125.0
903,141.0
904,152.0
905,164.0
906,147.0
907,162.0
908,157.0
909,156.0
910,160.0
911,178.0
912,187.0
913,181.0
914,185.0
915,197.0
916,180.0
917,172.0
918,166.0
919,136.0
920,133.0
921,140.0
922,159.0
923,169.0
924,170.0
925,184.0
926,163.0
927,140.0
928,144.0
929,166.0
930,196.0
931,227.0
932,210.0
933,233.0
934,258.0
935,247.0
936,230.0
937,273.0
938,253.0
939,254.0
940,241.0
941,229.0
942,199.0
943,193.0
944,207.0
945,176.0
946,91.0
947,58.0
948,39.0
949,50.0
950,51.0
951,49.0
952,54.0
953,153.0
954,181.0
955,181.0
956,182.0
957,156.0
958,27.0
959,16.0
960,22.0
961,21.0
962,6.0
963,8.0
964,8.0
965,8.0
966,10.0
967,9.0
968,20.0
969,14.0
970,16.0
971,14.0
972,10.0
973,7.0
974,8.0
975,12.0
976,15.0
977,8.0
978,11.0
979,18.0
980,16.0
981,11.0
982,10.0
983,11.0
984,10.0
985,10.0
986,12.0
987,12.0
988,10.0
989,10.0
990,9.0
991,9.0
992,11.0
993,12.0
994,12.0
995,12.0
996,21.0
997,18.0
998,13.0
999,18.0
1000,17.0
1001,19.0
1002,22.0
1003,20.0
1004,24.0
1005,19.0
1006,13.0
1007,17.0
1008,22.0
1009,16.0
1010,16.0
1011,11.0
1012,10.0
1013,9.0
1014,11.0
1015,14.0
1016,21.0
1017,26.0
1018,21.0
1019,19.0
1020,13.0
1021,13.0
1022,13.0
1023,13.0
1024,11.0
1025,19.0
1026,22.0
1027,50.0
1028,58.0
1029,60.0
1030,69.0
1031,108.0
1032,51.0
1033,54.0
1034,38.0
1035,27.0
1036,23.0
1037,27.0
1038,28.0
1039,24.0
1040,26.0
1041,23.0
1042,37.0
1043,46.0
1044,49.0
1045,53.0
1046,57.0
1047,51.0
1048,64.0
1049,100.0
1050,113.0
1051,136.0
1052,213.0
1053,259.0
1054,267.0
1055,351.0
1056,980.0
1057,980.0
1058,599.0
1059,39.0
1060,7.0
1061,8.0
1062,7.0
1063,7.0
1064,7.0
1065,16.0
1066,19.0
1067,15.0
1068,21.0
1069,18.0
1070,16.0
1071,15.0
1072,16.0
1073,16.0
1074,21.0
1075,36.0
1076,51.0
1077,67.0
1078,46.0
1079,45.0
1080,27.0
1081,24.0
1082,18.0
1083,15.0
1084,17.0
1085,11.0
1086,16.0
1087,16.0
1088,39.0
1089,25.0
1090,17.0
1091,8.0
1092,11.0
1093,14.0
1094,15.0
1095,15.0
1096,13.0
1097,13.0
1098,26.0
1099,50.0
1100,73.0
1101,96.0
1102,116.0
1103,146.0
1104,113.0
1105,91.0
1106,70.0
1107,65.0
1108,51.0
1109,29.0
1110,30.0
1111,26.0
1112,26.0
1113,24.0
1114,21.0
1115,24.0
1116,39.0
1117,79.0
1118,99.0
1119,118.0
1120,140.0
1121,159.0
1122,161.0
1123,167.0
1124,178.0
1125,192.0
1126,198.0
1127,207.0
1128,237.0
1129,247.0
1130,227.0
1131,176.0
1132,113.0
1133,46.0
1134,18.0
1135,13.0
1136,22.0
1137,15.0
1138,18.0
1139,18.0
1140,12.0
1141,11.0
1142,11.0
1143,12.0
1144,9.0
1145,9.0
1146,27.0
1147,31.0
1148,39.0
1149,49.0
1150,48.0
1151,50.0
1152,38.0
1153,36.0
1154,41.0
1155,80.0
1156,70.0
1157,74.0
1158,77.0
1159,87.0
1160,107.0
1161,54.0
1162,36.0
1163,34.0
1164,19.0
1165,26.0
1166,27.0
1167,27.0
1168,29.0
1169,41.0
1170,47.0
1171,115.0
1172,265.0
1173,236.0
1174,296.0
1175,159.0
1176,119.0
1177,115.0
1178,168.0
1179,177.0
1180,191.0
1181,185.0
1182,157.0
1183,114.0
1184,117.0
1185,112.0
1186,107.0
1187,96.0
1188,99.0
1189,82.0
1190,58.0
1191,40.0
1192,45.0
1193,44.0
1194,49.0
1195,65.0
1196,101.0
1197,146.0
1198,165.0
1199,205.0
1200,191.0
1201,204.0
1202,190.0
1203,174.0
1204,144.0
1205,120.0
1206,122.0
1207,152.0
1208,158.0
1209,178.0
1210,184.0
1211,184.0
1212,185.0
1213,175.0
1214,165.0
1215,150.0
1216,163.0
1217,172.0
1218,184.0
1219,178.0
1220,211.0
1221,213.0
1222,282.0
1223,261.0
1224,215.0
1225,233.0
1226,235.0
1227,214.0
1228,205.0
1229,206.0
1230,220.0
1231,191.0
1232,189.0
1233,109.0
1234,65.0
1235,35.0
1236,35.0
1237,27.0
1238,36.0
1239,30.0
1240,23.0
1241,20.0
1242,30.0
1243,69.0
1244,99.0
1245,117.0
1246,154.0
1247,154.0
1248,136.0
1249,143.0
1250,132.0
1251,100.0
1252,89.0
1253,90.0
1254,90.0
1255,99.0
1256,92.0
1257,80.0
1258,56.0
1259,60.0
1260,72.0
1261,76.0
1262,79.0
1263,84.0
1264,92.0
1265,100.0
1266,95.0
1267,81.0
1268,95.0
1269,87.0
1270,86.0
1271,90.0
1272,111.0
1273,104.0
1274,129.0
1275,117.0
1276,105.0
1277,112.0
1278,130.0
1279,134.0
1280,136.0
1281,142.0
1282,150.0
1283,148.0
1284,160.0
1285,179.0
1286,183.0
1287,191.0
1288,195.0
1289,196.0
1290,218.0
1291,246.0
1292,264.0
1293,274.0
1294,282.0
1295,283.0
1296,242.0
1297,227.0
1298,223.0
1299,227.0
1300,227.0
1301,237.0
1302,243.0
1303,262.0
1304,296.0
1305,301.0
1306,302.0
1307,311.0
1308,307.0
1309,312.0
1310,298.0
1311,292.0
1312,299.0
1313,353.0
1314,368.0
1315,309.0
1316,284.0
1317,244.0
1318,218.0
1319,164.0
1320,153.0
1321,135.0
1322,134.0
1323,139.0
1324,148.0
1325,210.0
1326,218.0
1327,253.0
1328,266.0
1329,241.0
1330,235.0
1331,237.0
1332,248.0
1333,180.0
1334,176.0
1335,165.0
1336,138.0
1337,136.0
1338,136.0
1339,130.0
1340,118.0
1341,56.0
1342,55.0
1343,52.0
1344,46.0
1345,46.0
1346,45.0
1347,51.0
1348,53.0
1349,50.0
1350,46.0
1351,58.0
1352,75.0
1353,72.0
1354,82.0
1355,81.0
1356,91.0
1357,93.0
1358,90.0
1359,79.0
1360,79.0
1361,70.0
1362,70.0
1363,84.0
1364,103.0
1365,95.0
1366,66.0
1367,38.0
1368,35.0
1369,30.0
1370,29.0
1371,31.0
1372,29.0
1373,31.0
1374,34.0
1375,52.0
1376,65.0
1377,89.0
1378,138.0
1379,77.0
1380,88.0
1381,95.0
1382,105.0
1383,101.0
1384,102.0
1385,103.0
1386,105.0
1387,98.0
1388,124.0
1389,112.0
1390,123.0
1391,126.0
1392,114.0
1393,115.0
1394,128.0
1395,138.0
1396,145.0
1397,139.0
1398,119.0
1399,114.0
1400,78.0
1401,80.0
1402,37.0
1403,20.0
1404,20.0
1405,14.0
1406,13.0
1407,16.0
1408,15.0
1409,21.0
1410,72.0
1411,85.0
1412,108.0
1413,128.0
1414,161.0
1415,69.0
1416,59.0
1417,42.0
1418,35.0
1419,35.0
1420,29.0
1421,25.0
1422,23.0
1423,17.0
1424,25.0
1425,39.0
1426,44.0
1427,51.0
1428,61.0
1429,70.0
1430,70.0
1431,65.0
1432,75.0
1433,86.0
1434,91.0
1435,95.0
1436,89.0
1437,96.0
1438,99.0
1439,101.0
1440,101.0
1441,108.0
1442,108.0
1443,115.0
1444,111.0
1445,120.0
1446,125.0
1447,138.0
1448,164.0
1449,169.0
1450,82.0
1451,63.0
1452,37.0
1453,37.0
1454,36.0
1455,30.0
1456,27.0
1457,28.0
1458,34.0
1459,44.0
1460,116.0
1461,139.0
1462,129.0
1463,109.0
1464,97.0
1465,92.0
1466,158.0
1467,178.0
1468,135.0
1469,111.0
1470,114.0
1471,121.0
1472,126.0
1473,133.0
1474,146.0
1475,165.0
1476,202.0
1477,230.0
1478,247.0
1479,236.0
1480,227.0
1481,224.0
1482,187.0
1483,150.0
1484,144.0
1485,123.0
1486,134.0
1487,98.0
1488,101.0
1489,108.0
1490,126.0
1491,125.0
1492,121.0
1493,123.0
1494,126.0
1495,131.0
1496,126.0
1497,156.0
1498,187.0
1499,220.0
1500,237.0
1501,252.0
1502,226.0
1503,231.0
1504,222.0
1505,246.0
1506,261.0
1507,256.0
1508,255.0
1509,263.0
1510,269.0
1511,248.0
1512,89.0
1513,15.0
1514,19.0
1515,15.0
1516,13.0
1517,16.0
1518,19.0
1519,19.0
1520,24.0
1521,24.0
1522,17.0
1523,11.0
1524,17.0
1525,14.0
1526,16.0
1527,16.0
1528,18.0
1529,22.0
1530,30.0
1531,27.0
1532,29.0
1533,20.0
1534,14.0
1535,19.0
1536,16.0
1537,12.0
1538,13.0
1539,15.0
1540,11.0
1541,19.0
1542,16.0
1543,27.0
1544,23.0
1545,29.0
1546,26.0
1547,39.0
1548,52.0
1549,65.0
1550,91.0
1551,103.0
1552,99.0
1553,99.0
1554,103.0
1555,96.0
1556,76.0
1557,69.0
1558,83.0
1559,62.0
1560,51.0
1561,53.0
1562,68.0
1563,71.0
1564,62.0
1565,58.0
1566,69.0
1567,74.0
1568,67.0
1569,57.0
1570,69.0
1571,83.0
1572,92.0
1573,100.0
1574,108.0
1575,132.0
1576,132.0
1577,134.0
1578,128.0
1579,124.0
1580,116.0
1581,114.0
1582,70.0
1583,76.0
1584,68.0
1585,74.0
1586,75.0
1587,63.0
1588,73.0
1589,61.0
1590,63.0
1591,65.0
1592,43.0
1593,29.0
1594,28.0
1595,26.0
1596,29.0
1597,32.0
1598,33.0
1599,43.0
1600,50.0
1601,56.0
1602,63.0
1603,47.0
1604,27.0
1605,20.0
1606,16.0
1607,5.0
1608,7.0
1609,8.0
1610,10.0
1611,13.0
1612,11.0
1613,13.0
1614,20.0
1615,18.0
1616,18.0
1617,14.0
1618,20.0
1619,19.0
1620,20.0
1621,20.0
1622,23.0
1623,21.0
1624,14.0
1625,16.0
1626,16.0
1627,26.0
1628,22.0
1629,27.0
1630,51.0
1631,46.0
1632,51.0
1633,48.0
1634,61.0
1635,58.0
1636,85.0
1637,84.0
1638,87.0
1639,111.0
1640,105.0
1641,70.0
1642,53.0
1643,48.0
1644,44.0
1645,33.0
1646,37.0
1647,40.0
1648,34.0
1649,32.0
1650,33.0
1651,51.0
1652,62.0
1653,68.0
1654,89.0
1655,101.0
1656,106.0
1657,144.0
1658,142.0
1659,140.0
1660,158.0
1661,135.0
1662,145.0
1663,161.0
1664,183.0
1665,199.0
1666,224.0
1667,193.0
1668,167.0
1669,162.0
1670,163.0
1671,163.0
1672,154.0
1673,189.0
1674,210.0
1675,222.0
1676,216.0
1677,219.0
1678,223.0
1679,213.0
1680,314.0
1681,59.0
1682,38.0
1683,29.0
1684,27.0
1685,20.0
1686,18.0
1687,19.0
1688,14.0
1689,19.0
1690,23.0
1691,14.0
1692,12.0
1693,12.0
1694,16.0
1695,16.0
1696,17.0
1697,19.0
1698,32.0
1699,53.0
1700,54.0
1701,52.0
1702,91.0
1703,79.0
1704,71.0
1705,47.0
1706,40.0
1707,41.0
1708,41.0
1709,38.0
1710,50.0
1711,69.0
1712,82.0
1713,79.0
1714,76.0
1715,78.0
1716,71.0
1717,73.0
1718,68.0
1719,58.0
1720,61.0
1721,58.0
1722,75.0
1723,78.0
1724,64.0
1725,53.0
1726,41.0
1727,37.0
1728,44.0
1729,65.0
1730,68.0
1731,75.0
1732,80.0
1733,80.0
1734,105.0
1735,86.0
1736,93.0
1737,90.0
1738,73.0
1739,68.0
1740,68.0
1741,78.0
1742,83.0
1743,86.0
1744,94.0
1745,112.0
1746,108.0
1747,116.0
1748,105.0
1749,112.0
1750,87.0
1751,103.0
1752,129.0
1753,153.0
1754,220.0
1755,175.0
1756,132.0
1757,69.0
1758,60.0
1759,50.0
1760,43.0
1761,36.0
1762,26.0
1763,21.0
1764,27.0
1765,21.0
1766,22.0
1767,22.0
1768,17.0
1769,25.0
1770,52.0
1771,30.0
1772,33.0
1773,38.0
1774,44.0
1775,61.0
1776,63.0
1777,72.0
1778,67.0
1779,55.0
1780,50.0
1781,55.0
1782,71.0
1783,79.0
1784,72.0
1785,73.0
1786,73.0
1787,53.0
1788,56.0
1789,60.0
1790,64.0
1791,53.0
1792,45.0
1793,54.0
1794,62.0
1795,63.0
1796,67.0
1797,85.0
1798,89.0
1799,76.0
1800,41.0
1801,83.0
1802,85.0
1803,41.0
1804,18.0
1805,27.0
1806,33.0
1807,34.0
1808,28.0
1809,27.0
1810,23.0
1811,22.0
1812,26.0
1813,20.0
1814,21.0
1815,24.0
1816,23.0
1817,28.0
1818,39.0
1819,51.0
1820,67.0
1821,66.0
1822,76.0
1823,71.0
1824,89.0
1825,96.0
1826,91.0
1827,86.0
1828,83.0
1829,80.0
1830,90.0
1831,110.0
1832,135.0
1833,144.0
1834,166.0
1835,179.0
1836,201.0
1837,227.0
1838,219.0
1839,208.0
1840,202.0
1841,205.0
1842,206.0
1843,209.0
1844,226.0
1845,222.0
1846,239.0
1847,241.0
1848,249.0
1849,248.0
1850,247.0
1851,228.0
1852,225.0
1853,222.0
1854,221.0
1855,214.0
1856,217.0
1857,231.0
1858,249.0
1859,245.0
1860,250.0
1861,232.0
1862,243.0
1863,239.0
1864,234.0
1865,240.0
1866,224.0
1867,206.0
1868,217.0
1869,180.0
1870,180.0
1871,183.0
1872,180.0
1873,216.0
1874,215.0
1875,700.0
1876,700.0
1877,700.0
1878,473.0
1879,201.0
1880,274.0
1881,381.0
1882,343.0
1883,156.0
1884,64.0
1885,51.0
1886,47.0
1887,37.0
1888,26.0
1889,22.0
1890,19.0
1891,23.0
1892,21.0
1893,27.0
1894,41.0
1895,46.0
1896,55.0
1897,46.0
1898,60.0
1899,47.0
1900,50.0
1901,51.0
1902,41.0
1903,48.0
1904,50.0
1905,55.0
1906,56.0
1907,52.0
1908,49.0
1909,53.0
1910,73.0
1911,82.0
1912,90.0
1913,106.0
1914,113.0
1915,121.0
1916,116.0
1917,111.0
1918,83.0
1919,85.0
1920,87.0
1921,90.0
1922,90.0
1923,100.0
1924,95.0
1925,96.0
1926,102.0
1927,112.0
1928,315.0
1929,784.0
1930,761.0
1931,204.0
1932,122.0
1933,158.0
1934,226.0
1935,128.0
1936,49.0
1937,47.0
1938,27.0
1939,25.0
1940,27.0
1941,18.0
1942,18.0
1943,28.0
1944,16.0
1945,24.0
1946,24.0
1947,25.0
1948,46.0
1949,54.0
1950,60.0
1951,86.0
1952,58.0
1953,63.0
1954,59.0
1955,59.0
1956,54.0
1957,53.0
1958,55.0
1959,60.0
1960,55.0
1961,64.0
1962,64.0
1963,55.0
1964,57.0
1965,63.0
1966,69.0
1967,70.0
1968,72.0
1969,71.0
1970,73.0
1971,71.0
1972,70.0
1973,68.0
1974,63.0
1975,67.0
1976,76.0
1977,65.0
1978,44.0
1979,36.0
1980,29.0
1981,20.0
1982,53.0
1983,92.0
1984,134.0
1985,97.0
1986,64.0
1987,52.0
1988,63.0
1989,36.0
1990,22.0
1991,48.0
1992,52.0
1993,43.0
1994,44.0
1995,51.0
1996,69.0
1997,54.0
1998,10.0
1999,12.0
2000,10.0
2001,9.0
2002,12.0
2003,12.0
2004,18.0
2005,16.0
2006,20.0
2007,20.0
2008,18.0
2009,30.0
2010,27.0
2011,29.0
2012,33.0
2013,34.0
2014,59.0
2015,63.0
2016,67.0
2017,62.0
2018,72.0
2019,48.0
2020,70.0
2021,57.0
2022,61.0
2023,38.0
2024,44.0
2025,37.0
2026,43.0
2027,50.0
2028,64.0
2029,64.0
2030,72.0
2031,70.0
2032,65.0
2033,72.0
2034,84.0
2035,85.0
2036,98.0
2037,142.0
2038,97.0
2039,106.0
2040,89.0
2041,61.0
2042,46.0
2043,127.0
2044,134.0
2045,99.0
2046,85.0
2047,75.0
2048,79.0
2049,81.0
2050,74.0
2051,62.0
2052,71.0
2053,58.0
2054,48.0
2055,50.0
2056,54.0
2057,61.0
2058,59.0
2059,62.0
2060,54.0
2061,57.0
2062,44.0
2063,41.0
2064,48.0
2065,44.0
2066,56.0
2067,59.0
2068,67.0
2069,68.0
2070,99.0
2071,88.0
2072,74.0
2073,86.0
2074,93.0
2075,96.0
2076,120.0
2077,99.0
2078,100.0
2079,63.0
2080,57.0
2081,46.0
2082,48.0
2083,60.0
2084,57.0
2085,72.0
2086,82.0
2087,92.0
2088,100.0
2089,117.0
2090,129.0
2091,132.0
2092,142.0
2093,147.0
2094,169.0
2095,208.0
2096,198.0
2097,203.0
2098,218.0
2099,220.0
2100,222.0
2101,237.0
2102,245.0
2103,260.0
2104,259.0
2105,275.0
2106,280.0
2107,296.0
2108,366.0
2109,317.0
2110,297.0
2111,288.0
2112,288.0
2113,254.0
2114,254.0
2115,248.0
2116,271.0
2117,271.0
2118,271.0
2119,271.0
2120,271.0
2121,271.0
2122,271.0
2123,271.0
2124,195.0
2125,195.0
2126,195.0
2127,195.0
2128,195.0
2129,195.0
2130,195.0
2131,195.0
2132,195.0
2133,195.0
2134,195.0
2135,195.0
2136,195.0
2137,195.0
2138,195.0
2139,195.0
2140,195.0
2141,195.0
2142,124.0
2143,129.0
2144,129.0
2145,129.0
2146,129.0
2147,129.0
2148,129.0
2149,129.0
2150,129.0
2151,129.0
2152,200.0
2153,187.0
2154,149.0
2155,113.0
2156,85.0
2157,71.0
2158,42.0
2159,31.0
2160,39.0
2161,49.0
2162,35.0
2163,31.0
2164,26.0
2165,24.0
2166,22.0
2167,30.0
2168,25.0
2169,21.0
2170,21.0
2171,21.0
2172,35.0
2173,31.0
2174,15.0
2175,16.0
2176,18.0
2177,15.0
2178,17.0
2179,24.0
2180,20.0
2181,54.0
2182,39.0
2183,27.0
2184,52.0
2185,41.0
2186,35.0
2187,44.0
2188,45.0
2189,40.0
2190,27.0
2191,27.0
2192,21.0
2193,14.0
2194,14.0
2195,17.0
2196,13.0
2197,17.0
2198,16.0
2199,18.0
2200,12.0
2201,12.0
2202,21.0
2203,30.0
2204,69.0
2205,77.0
2206,49.0
2207,48.0
2208,53.0
2209,52.0
2210,53.0
2211,58.0
2212,56.0
2213,60.0
2214,100.0
2215,133.0
2216,138.0
2217,67.0
2218,59.0
2219,82.0
2220,89.0
2221,110.0
2222,128.0
2223,132.0
2224,136.0
2225,132.0
2226,119.0
2227,131.0
2228,161.0
2229,168.0
2230,164.0
2231,184.0
2232,178.0
2233,194.0
2234,206.0
2235,191.0
2236,180.0
2237,200.0
2238,170.0
2239,197.0
2240,184.0
2241,167.0
2242,111.0
2243,92.0
2244,44.0
2245,41.0
2246,34.0
2247,27.0
2248,32.0
2249,43.0
2250,61.0
2251,70.0
2252,87.0
2253,98.0
2254,173.0
2255,199.0
2256,177.0
2257,169.0
2258,187.0
2259,166.0
2260,161.0
2261,169.0
2262,180.0
2263,166.0
2264,185.0
2265,166.0
2266,171.0
2267,176.0
2268,186.0
2269,142.0
2270,121.0
2271,130.0
2272,132.0
2273,126.0
2274,47.0
2275,25.0
2276,23.0
2277,20.0
2278,18.0
2279,30.0
2280,14.0
2281,12.0
2282,18.0
2283,19.0
2284,33.0
2285,26.0
2286,24.0
2287,28.0
2288,27.0
2289,19.0
2290,16.0
2291,15.0
2292,16.0
2293,16.0
2294,15.0
2295,17.0
2296,12.0
2297,15.0
2298,17.0
2299,23.0
2300,19.0
2301,24.0
2302,34.0
2303,52.0
2304,55.0
2305,69.0
2306,87.0
2307,102.0
2308,79.0
2309,75.0
2310,68.0
2311,78.0
2312,101.0
2313,114.0
2314,135.0
2315,140.0
2316,118.0
2317,108.0
2318,103.0
2319,94.0
2320,90.0
2321,87.0
2322,80.0
2323,84.0
2324,96.0
2325,110.0
2326,104.0
2327,97.0
2328,84.0
2329,74.0
2330,74.0
2331,67.0
2332,69.0
2333,69.0
2334,75.0
2335,78.0
2336,91.0
2337,107.0
2338,107.0
2339,127.0
2340,132.0
2341,128.0
2342,122.0
2343,113.0
2344,105.0
2345,127.0
2346,144.0
2347,158.0
2348,141.0
2349,124.0
2350,131.0
2351,150.0
2352,137.0
2353,128.0
2354,103.0
2355,60.0
2356,50.0
2357,63.0
2358,77.0
2359,62.0
2360,58.0
2361,77.0
2362,131.0
2363,121.0
2364,81.0
2365,77.0
2366,67.0
2367,66.0
2368,60.0
2369,71.0
2370,94.0
2371,90.0
2372,85.0
2373,75.0
2374,79.0
2375,91.0
2376,89.0
2377,102.0
2378,49.0
2379,14.0
2380,14.0
2381,16.0
2382,14.0
2383,22.0
2384,17.0
2385,16.0
2386,19.0
2387,19.0
2388,24.0
2389,22.0
2390,22.0
2391,32.0
2392,30.0
2393,24.0
2394,29.0
2395,56.0
2396,58.0
2397,53.0
2398,37.0
2399,39.0
2400,40.0
2401,44.0
2402,48.0
2403,54.0
2404,73.0
2405,89.0
2406,80.0
2407,84.0
2408,91.0
2409,68.0
2410,67.0
2411,75.0
2412,68.0
2413,63.0
2414,57.0
2415,50.0
2416,63.0
2417,81.0
2418,78.0
2419,79.0
2420,87.0
2421,86.0
2422,86.0
2423,87.0
2424,84.0
2425,86.0
2426,108.0
2427,116.0
2428,105.0
2429,95.0
2430,44.0
2431,33.0
2432,23.0
2433,22.0
2434,42.0
2435,88.0
2436,40.0
2437,25.0
2438,29.0
2439,31.0
2440,23.0
2441,14.0
2442,14.0
2443,12.0
2444,11.0
2445,8.0
2446,7.0
2447,8.0
2448,11.0
2449,14.0
2450,13.0
2451,13.0
2452,16.0
2453,14.0
2454,14.0
2455,19.0
2456,12.0
2457,13.0
2458,15.0
2459,14.0
2460,13.0
2461,12.0
2462,11.0
2463,13.0
2464,13.0
2465,13.0
2466,17.0
2467,31.0
2468,47.0
2469,68.0
2470,69.0
2471,100.0
2472,81.0
2473,55.0
2474,48.0
2475,42.0
2476,39.0
2477,26.0
2478,24.0
2479,25.0
2480,30.0
2481,43.0
2482,42.0
2483,57.0
2484,38.0
2485,41.0
2486,54.0
2487,50.0
2488,81.0
2489,96.0
2490,94.0
2491,84.0
2492,67.0
2493,70.0
2494,76.0
2495,79.0
2496,81.0
2497,84.0
2498,97.0
2499,106.0
2500,121.0
2501,130.0
2502,142.0
2503,171.0
2504,196.0
2505,198.0
2506,206.0
2507,203.0
2508,204.0
2509,199.0
2510,193.0
2511,194.0
2512,202.0
2513,200.0
2514,206.0
2515,212.0
2516,220.0
2517,237.0
2518,225.0
2519,235.0
2520,239.0
2521,244.0
2522,255.0
2523,247.0
2524,253.0
2525,242.0
2526,244.0
2527,235.0
2528,249.0
2529,254.0
2530,266.0
2531,286.0
2532,289.0
2533,285.0
2534,215.0
2535,185.0
2536,151.0
2537,134.0
2538,143.0
2539,123.0
2540,102.0
2541,96.0
2542,92.0
2543,91.0
2544,107.0
2545,103.0
2546,129.0
2547,130.0
2548,116.0
2549,128.0
2550,152.0
2551,154.0
2552,151.0
2553,165.0
2554,149.0
2555,162.0
2556,170.0
2557,143.0
2558,144.0
2559,156.0
2560,161.0
2561,140.0
2562,134.0
2563,138.0
2564,184.0
2565,223.0
2566,212.0
2567,206.0
2568,212.0
2569,209.0
2570,198.0
2571,192.0
2572,184.0
2573,177.0
2574,183.0
2575,184.0
2576,195.0
2577,209.0
2578,200.0
2579,207.0
2580,215.0
2581,229.0
2582,248.0
2583,255.0
2584,268.0
2585,264.0
2586,257.0
2587,300.0
2588,309.0
2589,331.0
2590,351.0
2591,389.0
2592,385.0
2593,382.0
2594,382.0
2595,369.0
2596,343.0
2597,342.0
2598,324.0
2599,307.0
2600,272.0
2601,131.0
2602,36.0
2603,22.0
2604,17.0
2605,17.0
2606,27.0
2607,170.0
2608,175.0
2609,121.0
2610,198.0
2611,184.0
2612,167.0
2613,155.0
2614,152.0
2615,110.0
2616,94.0
2617,100.0
2618,100.0
2619,94.0
2620,87.0
2621,82.0
2622,83.0
2623,94.0
2624,92.0
2625,84.0
2626,69.0
2627,83.0
2628,90.0
2629,95.0
2630,73.0
2631,66.0
2632,77.0
2633,80.0
2634,76.0
2635,80.0
2636,71.0
2637,55.0
2638,53.0
2639,48.0
2640,52.0
2641,46.0
2642,38.0
2643,30.0
2644,26.0
2645,27.0
2646,47.0
2647,50.0
2648,51.0
2649,48.0
2650,51.0
2651,49.0
2652,51.0
2653,39.0
2654,23.0
2655,16.0
2656,26.0
2657,32.0
2658,35.0
2659,34.0
2660,46.0
2661,44.0
2662,41.0
2663,34.0
2664,31.0
2665,49.0
2666,37.0
2667,27.0
2668,37.0
2669,45.0
2670,44.0
2671,53.0
2672,48.0
2673,47.0
2674,46.0
2675,42.0
2676,40.0
2677,38.0
2678,30.0
2679,34.0
2680,35.0
2681,35.0
2682,26.0
2683,33.0
2684,47.0
2685,41.0
2686,47.0
2687,37.0
2688,41.0
2689,60.0
2690,62.0
2691,36.0
2692,31.0
2693,24.0
2694,65.0
2695,51.0
2696,41.0
2697,39.0
2698,31.0
2699,19.0
2700,19.0
2701,18.0
2702,10.0
2703,16.0
2704,23.0
2705,21.0
2706,20.0
2707,23.0
2708,32.0
2709,39.0
2710,38.0
2711,45.0
2712,53.0
2713,56.0
2714,54.0
2715,65.0
2716,73.0
2717,70.0
2718,81.0
2719,90.0
2720,86.0
2721,107.0
2722,122.0
2723,114.0
2724,111.0
2725,112.0
2726,111.0
2727,117.0
2728,103.0
2729,85.0
2730,79.0
2731,78.0
2732,83.0
2733,89.0
2734,93.0
2735,98.0
2736,93.0
2737,96.0
2738,92.0
2739,106.0
2740,98.0
2741,110.0
2742,129.0
2743,141.0
2744,140.0
2745,142.0
2746,134.0
2747,133.0
2748,128.0
2749,110.0
2750,120.0
2751,135.0
2752,22.0
2753,15.0
2754,19.0
2755,16.0
2756,9.0
2757,7.0
2758,7.0
2759,10.0
2760,8.0
2761,5.0
2762,9.0
2763,20.0
2764,8.0
2765,7.0
2766,6.0
2767,16.0
2768,10.0
2769,11.0
2770,11.0
2771,18.0
2772,26.0
2773,25.0
2774,20.0
2775,24.0
2776,15.0
2777,10.0
2778,10.0
2779,14.0
2780,11.0
2781,11.0
2782,16.0
2783,13.0
2784,16.0
2785,15.0
2786,17.0
2787,18.0
2788,22.0
2789,19.0
2790,22.0
2791,27.0
2792,31.0
2793,42.0
2794,46.0
2795,50.0
2796,45.0
2797,47.0
2798,30.0
2799,31.0
2800,16.0
2801,14.0
2802,17.0
2803,15.0
2804,14.0
2805,14.0
2806,11.0
2807,24.0
2808,27.0
2809,15.0
2810,13.0
2811,11.0
2812,11.0
2813,13.0
2814,13.0
2815,14.0
2816,15.0
2817,14.0
2818,19.0
2819,14.0
2820,13.0
2821,15.0
2822,11.0
2823,20.0
2824,16.0
2825,14.0
2826,17.0
2827,16.0
2828,15.0
2829,38.0
2830,15.0
2831,18.0
2832,16.0
2833,19.0
2834,18.0
2835,20.0
2836,19.0
2837,17.0
2838,21.0
2839,20.0
2840,19.0
2841,17.0
2842,16.0
2843,15.0
2844,17.0
2845,22.0
2846,19.0
2847,17.0
2848,18.0
2849,27.0
2850,22.0
2851,18.0
2852,19.0
2853,15.0
2854,19.0
2855,27.0
2856,21.0
2857,24.0
2858,32.0
2859,40.0
2860,36.0
2861,20.0
2862,32.0
2863,28.0
2864,21.0
2865,20.0
2866,19.0
2867,19.0
2868,16.0
2869,20.0
2870,15.0
2871,20.0
2872,20.0
2873,23.0
2874,37.0
2875,34.0
2876,39.0
2877,45.0
2878,54.0
2879,62.0
2880,70.0
2881,66.0
2882,70.0
2883,82.0
2884,97.0
2885,86.0
2886,94.0
2887,89.0
2888,90.0
2889,86.0
2890,70.0
2891,79.0
2892,80.0
2893,69.0
2894,52.0
2895,48.0
2896,35.0
2897,31.0
2898,37.0
2899,63.0
2900,61.0
2901,74.0
2902,74.0
2903,75.0
2904,68.0
2905,77.0
2906,93.0
2907,102.0
2908,111.0
2909,127.0
2910,132.0
2911,146.0
2912,151.0
2913,142.0
2914,115.0
2915,59.0
2916,63.0
2917,65.0
2918,57.0
2919,55.0
2920,45.0
2921,39.0
2922,32.0
2923,32.0
2924,31.0
2925,32.0
2926,24.0
2927,36.0
2928,56.0
2929,43.0
2930,69.0
2931,45.0
2932,44.0
2933,64.0
2934,80.0
2935,53.0
2936,102.0
2937,133.0
2938,151.0
2939,149.0
2940,141.0
2941,146.0
2942,150.0
2943,150.0
2944,151.0
2945,142.0
2946,138.0
2947,142.0
2948,142.0
2949,150.0
2950,160.0
2951,118.0
2952,114.0
2953,111.0
2954,113.0
2955,120.0
2956,129.0
2957,133.0
2958,118.0
2959,119.0
2960,118.0
2961,132.0
2962,128.0
2963,135.0
2964,123.0
2965,118.0
2966,104.0
2967,121.0
2968,136.0
2969,172.0
2970,208.0
2971,228.0
2972,201.0
2973,142.0
2974,154.0
2975,165.0
2976,182.0
2977,158.0
2978,181.0
2979,202.0
2980,202.0
2981,198.0
2982,215.0
2983,216.0
2984,261.0
2985,283.0
2986,282.0
2987,260.0
2988,70.0
2989,32.0
2990,13.0
2991,9.0
2992,7.0
2993,11.0
2994,14.0
2995,14.0
2996,14.0
2997,12.0
2998,10.0
2999,16.0
3000,9.0
3001,10.0
3002,10.0
3003,11.0
3004,13.0
3005,12.0
3006,17.0
3007,15.0
3008,19.0
3009,20.0
3010,16.0
3011,20.0
3012,17.0
3013,14.0
3014,18.0
3015,16.0
3016,16.0
3017,18.0
3018,25.0
3019,32.0
3020,35.0
3021,35.0
3022,41.0
3023,48.0
3024,50.0
3025,52.0
3026,57.0
3027,64.0
3028,66.0
3029,73.0
3030,72.0
3031,81.0
3032,85.0
3033,87.0
3034,165.0
3035,219.0
3036,228.0
3037,204.0
3038,173.0
3039,126.0
3040,130.0
3041,115.0
3042,58.0
3043,45.0
3044,30.0
3045,38.0
3046,48.0
3047,50.0
3048,71.0
3049,49.0
3050,67.0
3051,59.0
3052,78.0
3053,140.0
3054,159.0
3055,191.0
3056,201.0
3057,203.0
3058,202.0
3059,163.0
3060,135.0
3061,119.0
3062,107.0
3063,110.0
3064,114.0
3065,132.0
3066,150.0
3067,154.0
3068,148.0
3069,144.0
3070,133.0
3071,139.0
3072,129.0
3073,122.0
3074,120.0
3075,129.0
3076,294.0
3077,100.0
3078,55.0
3079,32.0
3080,19.0
3081,18.0
3082,14.0
3083,20.0
3084,27.0
3085,31.0
3086,39.0
3087,28.0
3088,56.0
3089,53.0
3090,59.0
3091,82.0
3092,108.0
3093,117.0
3094,126.0
3095,132.0
3096,125.0
3097,96.0
3098,40.0
3099,46.0
3100,50.0
3101,58.0
3102,55.0
3103,50.0
3104,55.0
3105,45.0
3106,43.0
3107,63.0
3108,62.0
3109,58.0
3110,28.0
3111,32.0
3112,21.0
3113,15.0
3114,15.0
3115,8.0
3116,20.0
3117,11.0
3118,11.0
3119,10.0
3120,8.0
3121,7.0
3122,5.0
3123,5.0
3124,5.0
3125,4.0
3126,6.0
3127,10.0
3128,13.0
3129,12.0
3130,12.0
3131,16.0
3132,16.0
3133,18.0
3134,16.0
3135,11.0
3136,20.0
3137,20.0
3138,19.0
3139,24.0
3140,39.0
3141,35.0
3142,54.0
3143,49.0
3144,43.0
3145,40.0
3146,37.0
3147,38.0
3148,33.0
3149,31.0
3150,55.0
3151,51.0
3152,55.0
3153,49.0
3154,42.0
3155,44.0
3156,44.0
3157,40.0
3158,43.0
3159,45.0
3160,41.0
3161,43.0
3162,38.0
3163,44.0
3164,43.0
3165,46.0
3166,54.0
3167,52.0
3168,54.0
3169,60.0
3170,69.0
3171,75.0
3172,73.0
3173,72.0
3174,78.0
3175,83.0
3176,83.0
3177,82.0
3178,74.0
3179,60.0
3180,43.0
3181,41.0
3182,57.0
3183,66.0
3184,68.0
3185,78.0
3186,83.0
3187,68.0
3188,64.0
3189,69.0
3190,64.0
3191,60.0
3192,65.0
3193,61.0
3194,83.0
3195,112.0
3196,99.0
3197,108.0
3198,123.0
3199,117.0
3200,130.0
3201,130.0
3202,138.0
3203,147.0
3204,157.0
3205,140.0
3206,140.0
3207,159.0
3208,158.0
3209,168.0
3210,173.0
3211,181.0
3212,193.0
3213,209.0
3214,216.0
3215,219.0
3216,224.0
3217,231.0
3218,237.0
3219,238.0
3220,235.0
3221,222.0
3222,221.0
3223,223.0
3224,203.0
3225,191.0
3226,185.0
3227,181.0
3228,162.0
3229,185.0
3230,188.0
3231,170.0
3232,142.0
3233,126.0
3234,117.0
3235,113.0
3236,122.0
3237,114.0
3238,113.0
3239,107.0
3240,105.0
3241,98.0
3242,115.0
3243,121.0
3244,144.0
3245,185.0
3246,182.0
3247,178.0
3248,185.0
3249,163.0
3250,145.0
3251,137.0
3252,136.0
3253,100.0
3254,81.0
3255,56.0
3256,33.0
3257,70.0
3258,87.0
3259,69.0
3260,47.0
3261,48.0
3262,47.0
3263,51.0
3264,49.0
3265,36.0
3266,44.0
3267,41.0
3268,50.0
3269,51.0
3270,48.0
3271,53.0
3272,77.0
3273,74.0
3274,82.0
3275,75.0
3276,76.0
3277,79.0
3278,84.0
3279,89.0
3280,89.0
3281,89.0
3282,90.0
3283,83.0
3284,96.0
3285,74.0
3286,84.0
3287,86.0
3288,86.0
3289,94.0
3290,105.0
3291,89.0
3292,79.0
3293,13.0
3294,12.0
3295,17.0
3296,13.0
3297,16.0
3298,37.0
3299,53.0
3300,72.0
3301,64.0
3302,60.0
3303,54.0
3304,29.0
3305,41.0
3306,56.0
3307,33.0
3308,31.0
3309,41.0
3310,58.0
3311,49.0
3312,38.0
3313,41.0
3314,34.0
3315,27.0
3316,23.0
3317,34.0
3318,34.0
3319,43.0
3320,50.0
3321,47.0
3322,44.0
3323,36.0
3324,29.0
3325,27.0
3326,30.0
3327,30.0
3328,21.0
3329,19.0
3330,21.0
3331,28.0
3332,32.0
3333,33.0
3334,44.0
3335,61.0
3336,65.0
3337,66.0
3338,89.0
3339,103.0
3340,113.0
3341,104.0
3342,103.0
3343,75.0
3344,65.0
3345,67.0
3346,53.0
3347,51.0
3348,58.0
3349,39.0
3350,36.0
3351,36.0
3352,34.0
3353,37.0
3354,40.0
3355,43.0
3356,54.0
3357,68.0
3358,78.0
3359,93.0
3360,91.0
3361,96.0
3362,106.0
3363,101.0
3364,90.0
3365,95.0
3366,105.0
3367,110.0
3368,116.0
3369,129.0
3370,134.0
3371,120.0
3372,78.0
3373,72.0
3374,79.0
3375,86.0
3376,77.0
3377,82.0
3378,65.0
3379,93.0
3380,148.0
3381,197.0
3382,234.0
3383,229.0
3384,214.0
3385,229.0
3386,198.0
3387,163.0
3388,119.0
3389,124.0
3390,131.0
3391,157.0
3392,178.0
3393,187.0
3394,182.0
3395,174.0
3396,167.0
3397,128.0
3398,108.0
3399,121.0
3400,127.0
3401,118.0
3402,116.0
3403,115.0
3404,123.0
3405,106.0
3406,118.0
3407,149.0
3408,163.0
3409,155.0
3410,150.0
3411,155.0
3412,176.0
3413,165.0
3414,138.0
3415,139.0
3416,140.0
3417,139.0
3418,135.0
3419,115.0
3420,100.0
3421,104.0
3422,70.0
3423,63.0
3424,53.0
3425,79.0
3426,72.0
3427,165.0
3428,149.0
3429,139.0
3430,93.0
3431,100.0
3432,78.0
3433,78.0
3434,73.0
3435,85.0
3436,98.0
3437,47.0
3438,45.0
3439,40.0
3440,35.0
3441,30.0
3442,31.0
3443,24.0
3444,42.0
3445,28.0
3446,23.0
3447,28.0
3448,26.0
3449,23.0
3450,30.0
3451,44.0
3452,45.0
3453,28.0
3454,18.0
3455,20.0
3456,24.0
3457,18.0
3458,28.0
3459,16.0
3460,14.0
3461,14.0
3462,24.0
3463,29.0
3464,45.0
3465,33.0
3466,46.0
3467,39.0
3468,28.0
3469,55.0
3470,45.0
3471,27.0
3472,48.0
3473,57.0
3474,33.0
3475,43.0
3476,35.0
3477,37.0
3478,39.0
3479,47.0
3480,105.0
3481,104.0
3482,139.0
3483,92.0
3484,86.0
3485,81.0
3486,65.0
3487,131.0
3488,137.0
3489,118.0
3490,115.0
3491,80.0
3492,79.0
3493,62.0
3494,58.0
3495,63.0
3496,72.0
3497,59.0
3498,48.0
3499,40.0
3500,48.0
3501,59.0
3502,78.0
3503,90.0
3504,91.0
3505,98.0
3506,92.0
3507,81.0
3508,74.0
3509,80.0
3510,67.0
3511,108.0
3512,92.0
3513,71.0
3514,92.0
3515,84.0
3516,85.0
3517,83.0
3518,96.0
3519,70.0
3520,72.0
3521,85.0
3522,85.0
3523,85.0
3524,85.0
3525,85.0
3526,85.0
3527,90.0
3528,89.0
3529,100.0
3530,86.0
3531,83.0
3532,94.0
3533,111.0
3534,133.0
3535,127.0
3536,152.0
3537,157.0
3538,142.0
3539,127.0
3540,132.0
3541,117.0
3542,111.0
3543,108.0
3544,107.0
3545,142.0
3546,180.0
3547,206.0
3548,193.0
3549,186.0
3550,168.0
3551,175.0
3552,181.0
3553,174.0
3554,205.0
3555,219.0
3556,214.0
3557,230.0
3558,242.0
3559,251.0
3560,234.0
3561,187.0
3562,220.0
3563,92.0
3564,28.0
3565,65.0
3566,16.0
3567,19.0
3568,20.0
3569,17.0
3570,22.0
3571,34.0
3572,214.0
3573,314.0
3574,71.0
3575,33.0
3576,26.0
3577,30.0
3578,33.0
3579,22.0
3580,17.0
3581,25.0
3582,29.0
3583,18.0
3584,19.0
3585,23.0
3586,54.0
3587,41.0
3588,26.0
3589,18.0
3590,37.0
3591,39.0
3592,29.0
3593,59.0
3594,97.0
3595,30.0
3596,65.0
3597,83.0
3598,94.0
3599,77.0
3600,69.0
3601,59.0
3602,75.0
3603,88.0
3604,91.0
3605,98.0
3606,118.0
3607,105.0
3608,103.0
3609,77.0
3610,76.0
3611,85.0
3612,69.0
3613,50.0
3614,39.0
3615,45.0
3616,99.0
3617,92.0
3618,79.0
3619,61.0
3620,60.0
3621,132.0
3622,179.0
3623,189.0
3624,177.0
3625,112.0
3626,94.0
3627,87.0
3628,92.0
3629,86.0
3630,87.0
3631,98.0
3632,87.0
3633,106.0
3634,107.0
3635,110.0
3636,120.0
3637,103.0
3638,98.0
3639,98.0
3640,178.0
3641,80.0
3642,100.0
3643,115.0
3644,92.0
3645,92.0
3646,92.0
3647,92.0
3648,92.0
3649,92.0
3650,92.0
3651,92.0
3652,92.0
3653,92.0
3654,92.0
3655,92.0
3656,92.0
3657,92.0
3658,92.0
3659,92.0
3660,92.0
3661,92.0
3662,92.0
3663,92.0
3664,74.0
3665,97.0
3666,119.0
3667,128.0
3668,129.0
3669,141.0
3670,159.0
3671,190.0
3672,154.0
3673,156.0
3674,134.0
3675,133.0
3676,94.0
3677,109.0
3678,140.0
3679,152.0
3680,127.0
3681,114.0
3682,121.0
3683,122.0
3684,113.0
3685,104.0
3686,108.0
3687,101.0
3688,92.0
3689,82.0
3690,83.0
3691,85.0
3692,90.0
3693,81.0
3694,86.0
3695,79.0
3696,71.0
3697,64.0
3698,63.0
3699,76.0
3700,89.0
3701,101.0
3702,95.0
3703,82.0
3704,85.0
3705,79.0
3706,76.0
3707,76.0
3708,76.0
3709,76.0
3710,76.0
3711,76.0
3712,76.0
3713,76.0
3714,76.0
3715,76.0
3716,76.0
3717,76.0
3718,76.0
3719,76.0
3720,76.0
3721,76.0
3722,76.0
3723,76.0
3724,76.0
3725,76.0
3726,76.0
3727,76.0
3728,76.0
3729,76.0
3730,76.0
3731,76.0
3732,76.0
3733,76.0
3734,76.0
3735,76.0
3736,76.0
3737,76.0
3738,76.0
3739,76.0
3740,76.0
3741,76.0
3742,76.0
3743,76.0
3744,76.0
3745,76.0
3746,76.0
3747,76.0
3748,76.0
3749,76.0
3750,76.0
3751,76.0
3752,76.0
3753,76.0
3754,76.0
3755,76.0
3756,76.0
3757,76.0
3758,76.0
3759,76.0
3760,76.0
3761,76.0
3762,76.0
3763,76.0
3764,76.0
3765,76.0
3766,76.0
3767,76.0
3768,76.0
3769,76.0
3770,76.0
3771,76.0
3772,76.0
3773,76.0
3774,76.0
3775,76.0
3776,76.0
3777,76.0
3778,76.0
3779,151.0
3780,129.0
3781,107.0
3782,112.0
3783,109.0
3784,113.0
3785,108.0
3786,172.0
3787,157.0
3788,142.0
3789,148.0
3790,131.0
3791,128.0
3792,148.0
3793,176.0
3794,191.0
3795,191.0
3796,191.0
3797,191.0
3798,191.0
3799,191.0
3800,191.0
3801,191.0
3802,191.0
3803,191.0
3804,191.0
3805,191.0
3806,191.0
3807,191.0
3808,191.0
3809,191.0
3810,191.0
3811,191.0
3812,191.0
3813,191.0
3814,191.0
3815,191.0
3816,191.0
3817,191.0
3818,191.0
3819,191.0
3820,191.0
3821,191.0
3822,191.0
3823,191.0
3824,191.0
3825,191.0
3826,191.0
3827,191.0
3828,191.0
3829,191.0
3830,191.0
3831,191.0
3832,70.0
3833,60.0
3834,41.0
3835,40.0
3836,32.0
3837,51.0
3838,42.0
3839,42.0
3840,38.0
3841,43.0
3842,63.0
3843,63.0
3844,62.0
3845,60.0
3846,46.0
3847,41.0
3848,42.0
3849,39.0
3850,36.0
3851,34.0
3852,47.0
3853,36.0
3854,40.0
3855,35.0
3856,38.0
3857,46.0
3858,77.0
3859,53.0
3860,58.0
3861,78.0
3862,80.0
3863,88.0
3864,97.0
3865,77.0
3866,72.0
3867,78.0
3868,81.0
3869,97.0
3870,72.0
3871,78.0
3872,71.0
3873,74.0
3874,73.0
3875,85.0
3876,92.0
3877,100.0
3878,95.0
3879,98.0
3880,89.0
3881,95.0
3882,93.0
3883,93.0
3884,93.0
3885,94.0
3886,99.0
3887,101.0
3888,144.0
3889,160.0
3890,142.0
3891,105.0
3892,97.0
3893,94.0
3894,90.0
3895,91.0
3896,98.0
3897,104.0
3898,115.0
3899,100.0
3900,115.0
3901,111.0
3902,84.0
3903,89.0
3904,104.0
3905,96.0
3906,119.0
3907,129.0
3908,125.0
3909,127.0
3910,104.0
3911,13.0
3912,19.0
3913,23.0
3914,153.0
3915,126.0
3916,140.0
3917,131.0
3918,141.0
3919,149.0
3920,137.0
3921,137.0
3922,154.0
3923,147.0
3924,143.0
3925,151.0
3926,165.0
3927,174.0
3928,173.0
3929,157.0
3930,198.0
3931,37.0
3932,35.0
3933,42.0
3934,38.0
3935,57.0
3936,68.0
3937,63.0
3938,80.0
3939,63.0
3940,74.0
3941,77.0
3942,67.0
3943,78.0
3944,82.0
3945,68.0
3946,56.0
3947,65.0
3948,68.0
3949,67.0
3950,77.0
3951,82.0
3952,85.0
3953,95.0
3954,100.0
3955,118.0
3956,142.0
3957,137.0
3958,139.0
3959,151.0
3960,191.0
3961,216.0
3962,229.0
3963,198.0
3964,175.0
3965,159.0
3966,196.0
3967,199.0
3968,150.0
3969,128.0
3970,139.0
3971,148.0
3972,136.0
3973,117.0
3974,108.0
3975,75.0
3976,66.0
3977,89.0
3978,118.0
3979,152.0
3980,183.0
3981,99.0
3982,91.0
3983,105.0
3984,139.0
3985,129.0
3986,149.0
3987,139.0
3988,155.0
3989,86.0
3990,67.0
3991,62.0
3992,63.0
3993,81.0
3994,95.0
3995,109.0
3996,120.0
3997,125.0
3998,130.0
3999,133.0
4000,139.0
4001,109.0
4002,20.0
4003,20.0
4004,22.0
4005,27.0
4006,30.0
4007,33.0
4008,37.0
4009,45.0
4010,50.0
4011,46.0
4012,42.0
4013,35.0
4014,51.0
4015,44.0
4016,43.0
4017,30.0
4018,27.0
4019,19.0
4020,35.0
4021,21.0
4022,16.0
4023,26.0
4024,36.0
4025,29.0
4026,40.0
4027,37.0
4028,39.0
4029,50.0
4030,49.0
4031,41.0
4032,34.0
4033,58.0
4034,57.0
4035,39.0
4036,40.0
4037,41.0
4038,44.0
4039,49.0
4040,61.0
4041,74.0
4042,93.0
4043,96.0
4044,81.0
4045,74.0
4046,79.0
4047,63.0
4048,69.0
4049,95.0
4050,100.0
4051,100.0
4052,88.0
4053,65.0
4054,69.0
4055,70.0
4056,89.0
4057,98.0
4058,96.0
4059,98.0
4060,96.0
4061,90.0
4062,92.0
4063,99.0
4064,106.0
4065,120.0
4066,109.0
4067,74.0
4068,87.0
4069,93.0
4070,99.0
4071,82.0
4072,80.0
4073,78.0
4074,83.0
4075,92.0
4076,104.0
4077,116.0
4078,117.0
4079,205.0
4080,202.0
4081,227.0
4082,240.0
4083,124.0
4084,77.0
4085,95.0
4086,99.0
4087,99.0
4088,99.0
4089,48.0
4090,21.0
4091,15.0
4092,11.0
4093,11.0
4094,10.0
4095,10.0
4096,49.0
4097,49.0
4098,41.0
4099,71.0
4100,62.0
4101,48.0
4102,70.0
4103,61.0
4104,62.0
4105,66.0
4106,63.0
4107,55.0
4108,42.0
4109,48.0
4110,52.0
4111,59.0
4112,63.0
4113,64.0
4114,86.0
4115,85.0
4116,91.0
4117,85.0
4118,89.0
4119,78.0
4120,64.0
4121,69.0
4122,92.0
4123,89.0
4124,79.0
4125,107.0
4126,132.0
4127,124.0
4128,117.0
4129,122.0
4130,121.0
4131,135.0
4132,140.0
4133,122.0
4134,131.0
4135,135.0
4136,136.0
4137,136.0
4138,136.0
4139,136.0
4140,136.0
4141,136.0
4142,136.0
4143,136.0
4144,136.0
4145,136.0
4146,136.0
4147,136.0
4148,136.0
4149,136.0
4150,136.0
4151,136.0
4152,136.0
4153,136.0
4154,136.0
4155,136.0
4156,136.0
4157,136.0
4158,136.0
4159,136.0
4160,136.0
4161,136.0
4162,48.0
4163,48.0
4164,42.0
4165,39.0
4166,35.0
4167,40.0
4168,48.0
4169,55.0
4170,62.0
4171,61.0
4172,66.0
4173,68.0
4174,69.0
4175,54.0
4176,78.0
4177,63.0
4178,69.0
4179,76.0
4180,68.0
4181,100.0
4182,109.0
4183,120.0
4184,104.0
4185,104.0
4186,106.0
4187,96.0
4188,70.0
4189,49.0
4190,49.0
4191,38.0
4192,48.0
4193,57.0
4194,60.0
4195,64.0
4196,81.0
4197,83.0
4198,98.0
4199,114.0
4200,169.0
4201,231.0
4202,214.0
4203,188.0
4204,165.0
4205,191.0
4206,149.0
4207,140.0
4208,149.0
4209,151.0
4210,159.0
4211,166.0
4212,136.0
4213,116.0
4214,118.0
4215,107.0
4216,171.0
4217,170.0
4218,150.0
4219,131.0
4220,195.0
4221,215.0
4222,227.0
4223,190.0
4224,207.0
4225,204.0
4226,251.0
4227,252.0
4228,238.0
4229,224.0
4230,211.0
4231,205.0
4232,209.0
4233,205.0
4234,184.0
4235,160.0
4236,150.0
4237,160.0
4238,152.0
4239,149.0
4240,133.0
4241,115.0
4242,127.0
4243,119.0
4244,124.0
4245,102.0
4246,91.0
4247,92.0
4248,97.0
4249,100.0
4250,97.0
4251,80.0
4252,94.0
4253,121.0
4254,153.0
4255,133.0
4256,163.0
4257,153.0
4258,139.0
4259,131.0
4260,120.0
4261,118.0
4262,117.0
4263,111.0
4264,117.0
4265,116.0
4266,131.0
4267,118.0
4268,121.0
4269,112.0
4270,97.0
4271,111.0
4272,126.0
4273,151.0
4274,140.0
4275,134.0
4276,118.0
4277,124.0
4278,112.0
4279,101.0
4280,131.0
4281,137.0
4282,166.0
4283,152.0
4284,153.0
4285,164.0
4286,174.0
4287,159.0
4288,174.0
4289,189.0
4290,198.0
4291,184.0
4292,194.0
4293,200.0
4294,190.0
4295,196.0
4296,228.0
4297,199.0
4298,201.0
4299,215.0
4300,247.0
4301,249.0
4302,198.0
4303,201.0
4304,211.0
4305,181.0
4306,184.0
4307,172.0
4308,134.0
4309,153.0
4310,170.0
4311,194.0
4312,196.0
4313,175.0
4314,166.0
4315,174.0
4316,158.0
4317,153.0
4318,170.0
4319,188.0
4320,155.0
4321,158.0
4322,154.0
4323,160.0
4324,175.0
4325,172.0
4326,197.0
4327,205.0
4328,195.0
4329,164.0
4330,159.0
4331,156.0
4332,162.0
4333,152.0
4334,150.0
4335,159.0
4336,154.0
4337,174.0
4338,184.0
4339,230.0
4340,235.0
4341,203.0
4342,219.0
4343,209.0
4344,198.0
4345,203.0
4346,241.0
4347,239.0
4348,225.0
4349,204.0
4350,163.0
4351,174.0
4352,154.0
4353,150.0
4354,126.0
4355,121.0
4356,124.0
4357,121.0
4358,92.0
4359,38.0
4360,28.0
4361,46.0
4362,32.0
4363,40.0
4364,36.0
4365,27.0
4366,37.0
4367,46.0
4368,43.0
4369,37.0
4370,40.0
4371,45.0
4372,17.0
4373,11.0
4374,17.0
4375,20.0
4376,29.0
4377,34.0
4378,40.0
4379,23.0
4380,17.0
4381,14.0
4382,12.0
4383,13.0
4384,14.0
4385,15.0
4386,31.0
4387,34.0
4388,35.0
4389,33.0
4390,41.0
4391,34.0
4392,43.0
4393,54.0
4394,73.0
4395,94.0
4396,90.0
4397,55.0
4398,50.0
4399,73.0
4400,77.0
4401,89.0
4402,93.0
4403,100.0
4404,95.0
4405,88.0
4406,85.0
4407,68.0
4408,72.0
4409,57.0
4410,48.0
4411,37.0
4412,67.0
4413,54.0
4414,59.0
4415,79.0
4416,94.0
4417,127.0
4418,153.0
4419,168.0
4420,161.0
4421,145.0
4422,127.0
4423,119.0
4424,103.0
4425,100.0
4426,78.0
4427,77.0
4428,58.0
4429,47.0
4430,43.0
4431,66.0
4432,56.0
4433,51.0
4434,60.0
4435,61.0
4436,66.0
4437,77.0
4438,87.0
4439,105.0
4440,117.0
4441,122.0
4442,132.0
4443,114.0
4444,104.0
4445,78.0
4446,59.0
4447,35.0
4448,31.0
4449,15.0
4450,15.0
4451,13.0
4452,11.0
4453,8.0
4454,10.0
4455,13.0
4456,12.0
4457,9.0
4458,21.0
4459,20.0
4460,34.0
4461,32.0
4462,44.0
4463,62.0
4464,34.0
4465,24.0
4466,25.0
4467,28.0
4468,28.0
4469,24.0
4470,22.0
4471,21.0
4472,27.0
4473,19.0
4474,4.0
4475,2.0
4476,3.0
4477,9.0
4478,7.0
4479,21.0
4480,23.0
4481,17.0
4482,25.0
4483,36.0
4484,50.0
4485,44.0
4486,59.0
4487,47.0
4488,24.0
4489,29.0
4490,35.0
4491,45.0
4492,52.0
4493,46.0
4494,46.0
4495,49.0
4496,39.0
4497,54.0
4498,57.0
4499,59.0
4500,69.0
4501,79.0
4502,79.0
4503,61.0
4504,65.0
4505,68.0
4506,76.0
4507,79.0
4508,80.0
4509,67.0
4510,61.0
4511,52.0
4512,55.0
4513,45.0
4514,50.0
4515,52.0
4516,52.0
4517,46.0
4518,63.0
4519,74.0
4520,77.0
4521,71.0
4522,49.0
4523,31.0
4524,28.0
4525,21.0
4526,21.0
4527,14.0
4528,23.0
4529,31.0
4530,32.0
4531,32.0
4532,33.0
4533,70.0
4534,73.0
4535,69.0
4536,86.0
4537,81.0
4538,67.0
4539,69.0
4540,69.0
4541,79.0
4542,84.0
4543,79.0
4544,86.0
4545,96.0
4546,90.0
4547,90.0
4548,97.0
4549,112.0
4550,119.0
4551,123.0
4552,105.0
4553,70.0
4554,83.0
4555,91.0
4556,91.0
4557,74.0
4558,58.0
4559,31.0
4560,40.0
4561,43.0
4562,68.0
4563,73.0
4564,88.0
4565,108.0
4566,106.0
4567,98.0
4568,84.0
4569,79.0
4570,83.0
4571,100.0
4572,116.0
4573,117.0
4574,92.0
4575,72.0
4576,83.0
4577,88.0
4578,77.0
4579,72.0
4580,80.0
4581,71.0
4582,72.0
4583,77.0
4584,99.0
4585,107.0
4586,107.0
4587,110.0
4588,110.0
4589,130.0
4590,165.0
4591,168.0
4592,155.0
4593,181.0
4594,164.0
4595,154.0
4596,178.0
4597,193.0
4598,186.0
4599,192.0
4600,223.0
4601,220.0
4602,193.0
4603,231.0
4604,219.0
4605,211.0
4606,161.0
4607,164.0
4608,60.0
4609,42.0
4610,45.0
4611,45.0
4612,49.0
4613,87.0
4614,92.0
4615,69.0
4616,83.0
4617,86.0
4618,111.0
4619,100.0
4620,104.0
4621,188.0
4622,122.0
4623,155.0
4624,184.0
4625,181.0
4626,211.0
4627,181.0
4628,185.0
4629,186.0
4630,173.0
4631,189.0
4632,148.0
4633,145.0
4634,206.0
4635,107.0
4636,62.0
4637,51.0
4638,58.0
4639,61.0
4640,72.0
4641,85.0
4642,105.0
4643,84.0
4644,92.0
4645,99.0
4646,96.0
4647,107.0
4648,110.0
4649,114.0
4650,121.0
4651,110.0
4652,99.0
4653,117.0
4654,112.0
4655,122.0
4656,139.0
4657,141.0
4658,111.0
4659,120.0
4660,103.0
4661,118.0
4662,118.0
4663,124.0
4664,120.0
4665,134.0
4666,143.0
4667,161.0
4668,116.0
4669,95.0
4670,131.0
4671,105.0
4672,102.0
4673,118.0
4674,130.0
4675,150.0
4676,167.0
4677,174.0
4678,161.0
4679,168.0
4680,176.0
4681,152.0
4682,126.0
4683,162.0
4684,141.0
4685,167.0
4686,163.0
4687,175.0
4688,208.0
4689,216.0
4690,193.0
4691,167.0
4692,193.0
4693,196.0
4694,172.0
4695,211.0
4696,183.0
4697,220.0
4698,262.0
4699,235.0
4700,286.0
4701,264.0
4702,266.0
4703,213.0
4704,196.0
4705,185.0
4706,199.0
4707,225.0
4708,231.0
4709,209.0
4710,231.0
4711,259.0
4712,310.0
4713,304.0
4714,290.0
4715,283.0
4716,212.0
4717,185.0
4718,195.0
4719,188.0
4720,169.0
4721,178.0
4722,161.0
4723,139.0
4724,116.0
4725,127.0
4726,61.0
4727,50.0
4728,57.0
4729,55.0
4730,47.0
4731,53.0
4732,68.0
4733,60.0
4734,73.0
4735,100.0
4736,196.0
4737,154.0
4738,172.0
4739,186.0
4740,176.0
4741,177.0
4742,120.0
4743,98.0
4744,90.0
4745,91.0
4746,130.0
4747,111.0
4748,143.0
4749,145.0
4750,176.0
4751,219.0
4752,245.0
4753,267.0
4754,203.0
4755,140.0
4756,164.0
4757,122.0
4758,98.0
4759,83.0
4760,123.0
4761,167.0
4762,153.0
4763,149.0
4764,140.0
4765,158.0
4766,122.0
4767,113.0
4768,164.0
4769,177.0
4770,165.0
4771,148.0
4772,142.0
4773,142.0
4774,141.0
4775,147.0
4776,161.0
4777,188.0
4778,227.0
4779,236.0
4780,275.0
4781,258.0
4782,250.0
4783,241.0
4784,232.0
4785,246.0
4786,263.0
4787,270.0
4788,286.0
4789,212.0
4790,75.0
4791,78.0
4792,76.0
4793,47.0
4794,56.0
4795,55.0
4796,63.0
4797,36.0
4798,50.0
4799,63.0
4800,60.0
4801,53.0
4802,54.0
4803,58.0
4804,46.0
4805,49.0
4806,35.0
4807,43.0
4808,35.0
4809,46.0
4810,34.0
4811,34.0
4812,27.0
4813,34.0
4814,47.0
4815,45.0
4816,36.0
4817,40.0
4818,31.0
4819,39.0
4820,44.0
4821,49.0
4822,34.0
4823,47.0
4824,77.0
4825,75.0
4826,109.0
4827,101.0
4828,92.0
4829,99.0
4830,88.0
4831,96.0
4832,81.0
4833,70.0
4834,59.0
4835,60.0
4836,54.0
4837,47.0
4838,54.0
4839,42.0
4840,53.0
4841,51.0
4842,62.0
4843,70.0
4844,70.0
4845,79.0
4846,64.0
4847,67.0
4848,73.0
4849,91.0
4850,121.0
4851,147.0
4852,202.0
4853,209.0
4854,227.0
4855,227.0
4856,202.0
4857,197.0
4858,202.0
4859,206.0
4860,201.0
4861,153.0
4862,130.0
4863,130.0
4864,137.0
4865,139.0
4866,153.0
4867,194.0
4868,176.0
4869,170.0
4870,169.0
4871,189.0
4872,207.0
4873,202.0
4874,172.0
4875,247.0
4876,233.0
4877,227.0
4878,255.0
4879,245.0
4880,222.0
4881,226.0
4882,239.0
4883,201.0
4884,154.0
4885,144.0
4886,122.0
4887,132.0
4888,114.0
4889,102.0
4890,110.0
4891,117.0
4892,99.0
4893,101.0
4894,105.0
4895,84.0
4896,84.0
4897,85.0
4898,101.0
4899,105.0
4900,114.0
4901,116.0
4902,118.0
4903,114.0
4904,125.0
4905,104.0
4906,85.0
4907,88.0
4908,82.0
4909,77.0
4910,71.0
4911,77.0
4912,60.0
4913,64.0
4914,71.0
4915,81.0
4916,96.0
4917,111.0
4918,145.0
4919,165.0
4920,196.0
4921,211.0
4922,204.0
4923,201.0
4924,201.0
4925,201.0
4926,204.0
4927,228.0
4928,231.0
4929,199.0
4930,201.0
4931,137.0
4932,113.0
4933,106.0
4934,96.0
4935,111.0
4936,118.0
4937,128.0
4938,125.0
4939,131.0
4940,138.0
4941,150.0
4942,146.0
4943,161.0
4944,159.0
4945,173.0
4946,186.0
4947,204.0
4948,211.0
4949,225.0
4950,215.0
4951,227.0
4952,244.0
4953,251.0
4954,245.0
4955,249.0
4956,234.0
4957,262.0
4958,269.0
4959,240.0
4960,194.0
4961,174.0
4962,202.0
4963,196.0
4964,171.0
4965,195.0
4966,174.0
4967,178.0
4968,193.0
4969,196.0
4970,220.0
4971,208.0
4972,225.0
4973,224.0
4974,243.0
4975,230.0
4976,210.0
4977,201.0
4978,199.0
4979,176.0
4980,192.0
4981,189.0
4982,173.0
4983,171.0
4984,161.0
4985,148.0
4986,140.0
4987,130.0
4988,126.0
4989,139.0
4990,138.0
4991,152.0
4992,150.0
4993,157.0
4994,147.0
4995,154.0
4996,185.0
4997,189.0
4998,198.0
4999,179.0
5000,180.0
5001,180.0
5002,178.0
5003,181.0
5004,177.0
5005,165.0
5006,198.0
5007,193.0
5008,183.0
5009,189.0
5010,184.0
5011,194.0
5012,169.0
5013,172.0
5014,188.0
5015,159.0
5016,151.0
5017,149.0
5018,151.0
5019,131.0
5020,142.0
5021,149.0
5022,155.0
5023,156.0
5024,169.0
5025,171.0
5026,192.0
5027,215.0
5028,204.0
5029,178.0
5030,197.0
5031,210.0
5032,244.0
5033,278.0
5034,257.0
5035,277.0
5036,276.0
5037,246.0
5038,285.0
5039,246.0
5040,230.0
5041,224.0
5042,210.0
5043,216.0
5044,199.0
5045,179.0
5046,190.0
5047,206.0
5048,215.0
5049,204.0
5050,229.0
5051,219.0
5052,227.0
5053,192.0
5054,240.0
5055,280.0
5056,302.0
5057,267.0
5058,205.0
5059,188.0
5060,165.0
5061,170.0
5062,155.0
5063,185.0
5064,201.0
5065,197.0
5066,201.0
5067,208.0
5068,242.0
5069,259.0
5070,234.0
5071,248.0
5072,281.0
5073,306.0
5074,182.0
5075,46.0
5076,22.0
5077,22.0
5078,20.0
5079,21.0
5080,18.0
5081,18.0
5082,13.0
5083,13.0
5084,13.0
5085,30.0
5086,34.0
5087,44.0
5088,22.0
5089,35.0
5090,53.0
5091,46.0
5092,48.0
5093,33.0
5094,45.0
5095,53.0
5096,57.0
5097,66.0
5098,45.0
5099,47.0
5100,49.0
5101,27.0
5102,30.0
5103,26.0
5104,22.0
5105,25.0
5106,28.0
5107,23.0
5108,37.0
5109,66.0
5110,70.0
5111,85.0
5112,105.0
5113,78.0
5114,64.0
5115,38.0
5116,41.0
5117,91.0
5118,90.0
5119,100.0
5120,114.0
5121,117.0
5122,90.0
5123,100.0
5124,71.0
5125,65.0
5126,44.0
5127,36.0
5128,29.0
5129,38.0
5130,41.0
5131,48.0
5132,50.0
5133,52.0
5134,64.0
5135,74.0
5136,71.0
5137,83.0
5138,94.0
5139,85.0
5140,96.0
5141,154.0
5142,121.0
5143,142.0
5144,179.0
5145,184.0
5146,166.0
5147,163.0
5148,144.0
5149,139.0
5150,161.0
5151,165.0
5152,174.0
5153,195.0
5154,176.0
5155,171.0
5156,174.0
5157,199.0
5158,198.0
5159,198.0
5160,202.0
5161,199.0
5162,202.0
5163,178.0
5164,203.0
5165,178.0
5166,155.0
5167,159.0
5168,170.0
5169,205.0
5170,202.0
5171,137.0
5172,86.0
5173,69.0
5174,35.0
5175,35.0
5176,41.0
5177,33.0
5178,36.0
5179,38.0
5180,41.0
5181,37.0
5182,43.0
5183,45.0
5184,36.0
5185,28.0
5186,19.0
5187,31.0
5188,35.0
5189,32.0
5190,28.0
5191,33.0
5192,24.0
5193,23.0
5194,15.0
5195,13.0
5196,30.0
5197,11.0
5198,13.0
5199,16.0
5200,24.0
5201,20.0
5202,9.0
5203,18.0
5204,12.0
5205,12.0
5206,11.0
5207,11.0
5208,12.0
5209,10.0
5210,15.0
5211,16.0
5212,14.0
5213,13.0
5214,25.0
5215,21.0
5216,23.0
5217,16.0
5218,12.0
5219,10.0
5220,11.0
5221,18.0
5222,18.0
5223,16.0
5224,20.0
5225,19.0
5226,18.0
5227,27.0
5228,46.0
5229,38.0
5230,48.0
5231,62.0
5232,65.0
5233,78.0
5234,85.0
5235,76.0
5236,79.0
5237,92.0
5238,105.0
5239,90.0
5240,108.0
5241,105.0
5242,106.0
5243,106.0
5244,107.0
5245,119.0
5246,108.0
5247,101.0
5248,91.0
5249,38.0
5250,39.0
5251,42.0
5252,39.0
5253,38.0
5254,38.0
5255,45.0
5256,40.0
5257,44.0
5258,44.0
5259,55.0
5260,62.0
5261,63.0
5262,56.0
5263,68.0
5264,57.0
5265,71.0
5266,66.0
5267,75.0
5268,81.0
5269,98.0
5270,114.0
5271,119.0
5272,125.0
5273,115.0
5274,124.0
5275,141.0
5276,157.0
5277,187.0
5278,221.0
5279,221.0
5280,221.0
5281,218.0
5282,231.0
5283,231.0
5284,231.0
5285,208.0
5286,211.0
5287,255.0
5288,258.0
5289,246.0
5290,239.0
5291,207.0
5292,224.0
5293,245.0
5294,221.0
5295,208.0
5296,209.0
5297,224.0
5298,270.0
5299,271.0
5300,297.0
5301,275.0
5302,295.0
5303,336.0
5304,360.0
5305,263.0
5306,271.0
5307,284.0
5308,145.0
5309,123.0
5310,65.0
5311,32.0
5312,34.0
5313,45.0
5314,17.0
5315,40.0
5316,60.0
5317,83.0
5318,110.0
5319,121.0
5320,155.0
5321,168.0
5322,154.0
5323,160.0
5324,175.0
5325,172.0
5326,183.0
5327,182.0
5328,194.0
5329,132.0
5330,141.0
5331,122.0
5332,101.0
5333,100.0
5334,92.0
5335,94.0
5336,120.0
5337,166.0
5338,223.0
5339,181.0
5340,128.0
5341,117.0
5342,97.0
5343,96.0
5344,79.0
5345,61.0
5346,66.0
5347,69.0
5348,76.0
5349,81.0
5350,70.0
5351,83.0
5352,81.0
5353,74.0
5354,70.0
5355,74.0
5356,94.0
5357,111.0
5358,115.0
5359,117.0
5360,110.0
5361,96.0
5362,93.0
5363,113.0
5364,111.0
5365,115.0
5366,105.0
5367,94.0
5368,99.0
5369,71.0
5370,53.0
5371,47.0
5372,83.0
5373,96.0
5374,111.0
5375,100.0
5376,84.0
5377,88.0
5378,79.0
5379,75.0
5380,88.0
5381,87.0
5382,96.0
5383,96.0
5384,132.0
5385,141.0
5386,174.0
5387,167.0
5388,184.0
5389,194.0
5390,190.0
5391,146.0
5392,183.0
5393,157.0
5394,144.0
5395,144.0
5396,144.0
5397,144.0
5398,144.0
5399,144.0
5400,144.0
5401,144.0
5402,144.0
5403,144.0
5404,144.0
5405,144.0
5406,144.0
5407,144.0
5408,144.0
5409,144.0
5410,144.0
5411,144.0
5412,144.0
5413,144.0
5414,144.0
5415,144.0
5416,144.0
5417,144.0
5418,144.0
5419,144.0
5420,144.0
5421,144.0
5422,144.0
5423,144.0
5424,144.0
5425,144.0
5426,144.0
5427,144.0
5428,144.0
5429,144.0
5430,144.0
5431,144.0
5432,144.0
5433,144.0
5434,144.0
5435,144.0
5436,144.0
5437,144.0
5438,144.0
5439,144.0
5440,144.0
5441,144.0
5442,144.0
5443,144.0
5444,144.0
5445,144.0
5446,144.0
5447,144.0
5448,144.0
5449,144.0
5450,144.0
5451,144.0
5452,144.0
5453,144.0
5454,144.0
5455,144.0
5456,144.0
5457,144.0
5458,144.0
5459,144.0
5460,144.0
5461,144.0
5462,144.0
5463,112.0
5464,68.0
5465,45.0
5466,69.0
5467,68.0
5468,92.0
5469,79.0
5470,68.0
5471,76.0
5472,81.0
5473,97.0
5474,114.0
5475,140.0
5476,158.0
5477,158.0
5478,182.0
5479,166.0
5480,188.0
5481,194.0
5482,174.0
5483,173.0
5484,121.0
5485,125.0
5486,122.0
5487,118.0
5488,123.0
5489,127.0
5490,152.0
5491,144.0
5492,145.0
5493,156.0
5494,171.0
5495,199.0
5496,249.0
5497,300.0
5498,285.0
5499,281.0
5500,318.0
5501,326.0
5502,337.0
5503,312.0
5504,311.0
5505,291.0
5506,230.0
5507,246.0
5508,309.0
5509,283.0
5510,237.0
5511,164.0
5512,140.0
5513,140.0
5514,152.0
5515,173.0
5516,136.0
5517,90.0
5518,103.0
5519,104.0
5520,106.0
5521,89.0
5522,85.0
5523,84.0
5524,88.0
5525,97.0
5526,102.0
5527,93.0
5528,102.0
5529,100.0
5530,100.0
5531,78.0
5532,75.0
5533,93.0
5534,123.0
5535,124.0
5536,116.0
5537,129.0
5538,121.0
5539,134.0
5540,137.0
5541,154.0
5542,210.0
5543,195.0
5544,154.0
5545,152.0
5546,164.0
5547,165.0
5548,126.0
5549,121.0
5550,132.0
5551,119.0
5552,88.0
5553,79.0
5554,65.0
5555,63.0
5556,79.0
5557,93.0
5558,116.0
5559,146.0
5560,138.0
5561,144.0
5562,151.0
5563,132.0
5564,113.0
5565,63.0
5566,64.0
5567,45.0
5568,62.0
5569,60.0
5570,39.0
5571,47.0
5572,45.0
5573,52.0
5574,52.0
5575,53.0
5576,50.0
5577,35.0
5578,46.0
5579,51.0
5580,38.0
5581,34.0
5582,44.0
5583,19.0
5584,21.0
5585,12.0
5586,26.0
5587,46.0
5588,29.0
5589,13.0
5590,9.0
5591,9.0
5592,9.0
5593,17.0
5594,4.0
5595,8.0
5596,15.0
5597,23.0
5598,11.0
5599,23.0
5600,32.0
5601,30.0
5602,12.0
5603,11.0
5604,17.0
5605,18.0
5606,21.0
5607,15.0
5608,11.0
5609,24.0
5610,38.0
5611,45.0
5612,44.0
5613,48.0
5614,42.0
5615,49.0
5616,61.0
5617,57.0
5618,56.0
5619,61.0
5620,64.0
5621,83.0
5622,82.0
5623,76.0
5624,61.0
5625,66.0
5626,62.0
5627,70.0
5628,63.0
5629,57.0
5630,65.0
5631,84.0
5632,76.0
5633,59.0
5634,70.0
5635,108.0
5636,149.0
5637,169.0
5638,157.0
5639,186.0
5640,166.0
5641,173.0
5642,178.0
5643,190.0
5644,211.0
5645,177.0
5646,182.0
5647,159.0
5648,181.0
5649,169.0
5650,157.0
5651,202.0
5652,186.0
5653,127.0
5654,117.0
5655,87.0
5656,70.0
5657,60.0
5658,34.0
5659,34.0
5660,47.0
5661,45.0
5662,39.0
5663,61.0
5664,72.0
5665,73.0
5666,77.0
5667,69.0
5668,83.0
5669,76.0
5670,93.0
5671,97.0
5672,100.0
5673,74.0
5674,81.0
5675,77.0
5676,82.0
5677,75.0
5678,97.0
5679,73.0
5680,71.0
5681,70.0
5682,81.0
5683,90.0
5684,132.0
5685,184.0
5686,115.0
5687,122.0
5688,124.0
5689,133.0
5690,98.0
5691,70.0
5692,62.0
5693,81.0
5694,81.0
5695,71.0
5696,57.0
5697,60.0
5698,44.0
5699,42.0
5700,31.0
5701,41.0
5702,27.0
5703,33.0
5704,35.0
5705,45.0
5706,102.0
5707,101.0
5708,26.0
5709,22.0
5710,25.0
5711,33.0
5712,33.0
5713,36.0
5714,33.0
5715,43.0
5716,46.0
5717,35.0
5718,42.0
5719,64.0
5720,41.0
5721,40.0
5722,46.0
5723,35.0
5724,26.0
5725,31.0
5726,24.0
5727,17.0
5728,26.0
5729,30.0
5730,42.0
5731,59.0
5732,66.0
5733,54.0
5734,44.0
5735,44.0
5736,94.0
5737,127.0
5738,48.0
5739,69.0
5740,73.0
5741,51.0
5742,33.0
5743,47.0
5744,24.0
5745,37.0
5746,20.0
5747,24.0
5748,17.0
5749,22.0
5750,16.0
5751,11.0
5752,35.0
5753,42.0
5754,44.0
5755,55.0
5756,49.0
5757,65.0
5758,97.0
5759,132.0
5760,110.0
5761,136.0
5762,168.0
5763,157.0
5764,191.0
5765,160.0
5766,195.0
5767,135.0
5768,121.0
5769,102.0
5770,82.0
5771,98.0
5772,110.0
5773,138.0
5774,79.0
5775,60.0
5776,54.0
5777,62.0
5778,91.0
5779,99.0
5780,93.0
5781,88.0
5782,95.0
5783,102.0
5784,145.0
5785,107.0
5786,100.0
5787,103.0
5788,114.0
5789,130.0
5790,111.0
5791,77.0
5792,67.0
5793,95.0
5794,83.0
5795,54.0
5796,61.0
5797,77.0
5798,58.0
5799,88.0
5800,74.0
5801,70.0
5802,128.0
5803,217.0
5804,224.0
5805,176.0
5806,165.0
5807,116.0
5808,73.0
5809,60.0
5810,59.0
5811,45.0
5812,65.0
5813,72.0
5814,112.0
5815,105.0
5816,93.0
5817,81.0
5818,92.0
5819,102.0
5820,92.0
5821,89.0
5822,103.0
5823,80.0
5824,101.0
5825,95.0
5826,85.0
5827,89.0
5828,107.0
5829,115.0
5830,100.0
5831,99.0
5832,105.0
5833,108.0
5834,116.0
5835,95.0
5836,79.0
5837,82.0
5838,90.0
5839,78.0
5840,76.0
5841,44.0
5842,61.0
5843,52.0
5844,45.0
5845,55.0
5846,44.0
5847,55.0
5848,43.0
5849,37.0
5850,59.0
5851,59.0
5852,53.0
5853,73.0
5854,81.0
5855,82.0
5856,81.0
5857,105.0
5858,105.0
5859,85.0
5860,49.0
5861,45.0
5862,36.0
5863,46.0
5864,59.0
5865,51.0
5866,50.0
5867,39.0
5868,39.0
5869,46.0
5870,77.0
5871,104.0
5872,80.0
5873,112.0
5874,143.0
5875,191.0
5876,211.0
5877,224.0
5878,249.0
5879,254.0
5880,284.0
5881,228.0
5882,135.0
5883,94.0
5884,101.0
5885,93.0
5886,97.0
5887,100.0
5888,95.0
5889,56.0
5890,52.0
5891,52.0
5892,51.0
5893,46.0
5894,62.0
5895,70.0
5896,79.0
5897,90.0
5898,103.0
5899,103.0
5900,118.0
5901,142.0
5902,157.0
5903,155.0
5904,159.0
5905,82.0
5906,81.0
5907,105.0
5908,101.0
5909,93.0
5910,92.0
5911,81.0
5912,58.0
5913,72.0
5914,74.0
5915,81.0
5916,86.0
5917,77.0
5918,71.0
5919,78.0
5920,80.0
5921,88.0
5922,89.0
5923,93.0
5924,90.0
5925,135.0
5926,125.0
5927,112.0
5928,88.0
5929,92.0
5930,91.0
5931,103.0
5932,100.0
5933,91.0
5934,161.0
5935,185.0
5936,170.0
5937,146.0
5938,133.0
5939,125.0
5940,131.0
5941,123.0
5942,89.0
5943,96.0
5944,87.0
5945,95.0
5946,97.0
5947,117.0
5948,128.0
5949,144.0
5950,147.0
5951,129.0
5952,148.0
5953,163.0
5954,168.0
5955,152.0
5956,177.0
5957,182.0
5958,177.0
5959,151.0
5960,150.0
5961,131.0
5962,135.0
5963,117.0
5964,103.0
5965,103.0
5966,95.0
5967,99.0
5968,104.0
5969,128.0
5970,182.0
5971,224.0
5972,232.0
5973,216.0
5974,229.0
5975,226.0
5976,250.0
5977,278.0
5978,249.0
5979,201.0
5980,161.0
5981,203.0
5982,222.0
5983,226.0
5984,197.0
5985,210.0
5986,148.0
5987,56.0
5988,52.0
5989,38.0
5990,41.0
5991,48.0
5992,43.0
5993,54.0
5994,70.0
5995,58.0
5996,61.0
5997,64.0
5998,74.0
5999,103.0
6000,102.0
6001,61.0
6002,69.0
6003,81.0
6004,79.0
6005,129.0
6006,133.0
6007,96.0
6008,81.0
6009,58.0
6010,63.0
6011,67.0
6012,81.0
6013,113.0
6014,97.0
6015,97.0
6016,111.0
6017,102.0
6018,100.0
6019,123.0
6020,125.0
6021,128.0
6022,118.0
6023,115.0
6024,140.0
6025,142.0
6026,122.0
6027,109.0
6028,159.0
6029,154.0
6030,213.0
6031,216.0
6032,227.0
6033,210.0
6034,220.0
6035,216.0
6036,211.0
6037,204.0
6038,122.0
6039,121.0
6040,85.0
6041,114.0
6042,152.0
6043,131.0
6044,144.0
6045,147.0
6046,160.0
6047,175.0
6048,176.0
6049,193.0
6050,200.0
6051,189.0
6052,108.0
6053,50.0
6054,73.0
6055,57.0
6056,57.0
6057,45.0
6058,62.0
6059,62.0
6060,24.0
6061,24.0
6062,27.0
6063,38.0
6064,39.0
6065,27.0
6066,66.0
6067,111.0
6068,198.0
6069,181.0
6070,212.0
6071,174.0
6072,170.0
6073,133.0
6074,50.0
6075,28.0
6076,18.0
6077,18.0
6078,18.0
6079,18.0
6080,18.0
6081,18.0
6082,18.0
6083,18.0
6084,18.0
6085,18.0
6086,18.0
6087,18.0
6088,18.0
6089,18.0
6090,18.0
6091,18.0
6092,18.0
6093,76.0
6094,72.0
6095,72.0
6096,207.0
6097,240.0
6098,221.0
6099,164.0
6100,98.0
6101,69.0
6102,96.0
6103,119.0
6104,110.0
6105,107.0
6106,91.0
6107,71.0
6108,69.0
6109,85.0
6110,87.0
6111,103.0
6112,115.0
6113,123.0
6114,123.0
6115,132.0
6116,120.0
6117,132.0
6118,155.0
6119,142.0
6120,155.0
6121,218.0
6122,261.0
6123,269.0
6124,206.0
6125,117.0
6126,111.0
6127,114.0
6128,120.0
6129,134.0
6130,131.0
6131,141.0
6132,141.0
6133,159.0
6134,129.0
6135,150.0
6136,124.0
6137,121.0
6138,138.0
6139,139.0
6140,180.0
6141,167.0
6142,191.0
6143,209.0
6144,275.0
6145,277.0
6146,310.0
6147,242.0
6148,206.0
6149,136.0
6150,166.0
6151,175.0
6152,160.0
6153,179.0
6154,182.0
6155,177.0
6156,183.0
6157,153.0
6158,128.0
6159,165.0
6160,166.0
6161,152.0
6162,169.0
6163,212.0
6164,225.0
6165,227.0
6166,225.0
6167,321.0
6168,358.0
6169,360.0
6170,411.0
6171,374.0
6172,414.0
6173,349.0
6174,298.0
6175,334.0
6176,333.0
6177,455.0
6178,440.0
6179,313.0
6180,215.0
6181,190.0
6182,236.0
6183,187.0
6184,211.0
6185,196.0
6186,240.0
6187,281.0
6188,297.0
6189,293.0
6190,254.0
6191,203.0
6192,186.0
6193,205.0
6194,200.0
6195,181.0
6196,176.0
6197,188.0
6198,181.0
6199,219.0
6200,226.0
6201,238.0
6202,247.0
6203,225.0
6204,244.0
6205,199.0
6206,157.0
6207,194.0
6208,262.0
6209,224.0
6210,174.0
6211,170.0
6212,153.0
6213,104.0
6214,136.0
6215,117.0
6216,94.0
6217,112.0
6218,71.0
6219,89.0
6220,84.0
6221,70.0
6222,61.0
6223,53.0
6224,34.0
6225,26.0
6226,43.0
6227,21.0
6228,13.0
6229,24.0
6230,33.0
6231,9.0
6232,26.0
6233,30.0
6234,14.0
6235,12.0
6236,8.0
6237,6.0
6238,31.0
6239,26.0
6240,20.0
6241,19.0
6242,16.0
6243,17.0
6244,14.0
6245,12.0
6246,5.0
6247,20.0
6248,5.0
6249,20.0
6250,23.0
6251,33.0
6252,21.0
6253,3.0
6254,6.0
6255,27.0
6256,23.0
6257,35.0
6258,48.0
6259,54.0
6260,44.0
6261,44.0
6262,24.0
6263,34.0
6264,45.0
6265,54.0
6266,55.0
6267,55.0
6268,55.0
6269,55.0
6270,84.0
6271,106.0
6272,73.0
6273,87.0
6274,118.0
6275,138.0
6276,118.0
6277,79.0
6278,70.0
6279,49.0
6280,37.0
6281,47.0
6282,47.0
6283,47.0
6284,47.0
6285,47.0
6286,47.0
6287,84.0
6288,91.0
6289,82.0
6290,76.0
6291,129.0
6292,147.0
6293,115.0
6294,121.0
6295,109.0
6296,99.0
6297,121.0
6298,119.0
6299,124.0
6300,143.0
6301,128.0
6302,106.0
6303,101.0
6304,57.0
6305,48.0
6306,34.0
6307,35.0
6308,52.0
6309,56.0
6310,49.0
6311,28.0
6312,20.0
6313,11.0
6314,1.0
6315,4.0
6316,4.0
6317,4.0
6318,4.0
6319,4.0
6320,4.0
6321,4.0
6322,4.0
6323,4.0
6324,4.0
6325,4.0
6326,4.0
6327,4.0
6328,4.0
6329,4.0
6330,4.0
6331,4.0
6332,4.0
6333,4.0
6334,4.0
6335,4.0
6336,4.0
6337,4.0
6338,4.0
6339,4.0
6340,4.0
6341,4.0
6342,4.0
6343,4.0
6344,4.0
6345,4.0
6346,4.0
6347,4.0
6348,4.0
6349,4.0
6350,4.0
6351,4.0
6352,4.0
6353,4.0
6354,4.0
6355,4.0
6356,4.0
6357,4.0
6358,4.0
6359,4.0
6360,4.0
6361,4.0
6362,4.0
6363,4.0
6364,4.0
6365,4.0
6366,4.0
6367,4.0
6368,4.0
6369,4.0
6370,4.0
6371,4.0
6372,4.0
6373,4.0
6374,4.0
6375,4.0
6376,4.0
6377,4.0
6378,4.0
6379,4.0
6380,4.0
6381,4.0
6382,4.0
6383,4.0
6384,4.0
6385,4.0
6386,4.0
6387,4.0
6388,4.0
6389,4.0
6390,4.0
6391,4.0
6392,4.0
6393,4.0
6394,4.0
6395,4.0
6396,4.0
6397,4.0
6398,4.0
6399,4.0
6400,4.0
6401,4.0
6402,4.0
6403,4.0
6404,4.0
6405,4.0
6406,4.0
6407,4.0
6408,4.0
6409,4.0
6410,4.0
6411,4.0
6412,4.0
6413,4.0
6414,4.0
6415,4.0
6416,4.0
6417,4.0
6418,4.0
6419,4.0
6420,4.0
6421,4.0
6422,4.0
6423,4.0
6424,4.0
6425,4.0
6426,4.0
6427,4.0
6428,4.0
6429,4.0
6430,4.0
6431,4.0
6432,4.0
6433,4.0
6434,4.0
6435,4.0
6436,4.0
6437,4.0
6438,4.0
6439,4.0
6440,4.0
6441,4.0
6442,4.0
6443,4.0
6444,4.0
6445,4.0
6446,4.0
6447,4.0
6448,4.0
6449,4.0
6450,4.0
6451,4.0
6452,4.0
6453,4.0
6454,4.0
6455,4.0
6456,4.0
6457,4.0
6458,4.0
6459,4.0
6460,4.0
6461,4.0
6462,4.0
6463,4.0
6464,4.0
6465,4.0
6466,4.0
6467,4.0
6468,4.0
6469,4.0
6470,4.0
6471,45.0
6472,45.0
6473,45.0
6474,45.0
6475,45.0
6476,45.0
6477,45.0
6478,45.0
6479,45.0
6480,45.0
6481,45.0
6482,45.0
6483,45.0
6484,45.0
6485,45.0
6486,45.0
6487,45.0
6488,45.0
6489,45.0
6490,45.0
6491,45.0
6492,45.0
6493,45.0
6494,45.0
6495,45.0
6496,45.0
6497,45.0
6498,45.0
6499,45.0
6500,45.0
6501,45.0
6502,45.0
6503,45.0
6504,45.0
6505,45.0
6506,45.0
6507,45.0
6508,45.0
6509,45.0
6510,45.0
6511,45.0
6512,45.0
6513,45.0
6514,45.0
6515,45.0
6516,45.0
6517,45.0
6518,45.0
6519,45.0
6520,45.0
6521,45.0
6522,45.0
6523,45.0
6524,45.0
6525,45.0
6526,45.0
6527,45.0
6528,45.0
6529,45.0
6530,45.0
6531,45.0
6532,45.0
6533,45.0
6534,45.0
6535,45.0
6536,45.0
6537,45.0
6538,45.0
6539,45.0
6540,45.0
6541,45.0
6542,45.0
6543,45.0
6544,45.0
6545,45.0
6546,45.0
6547,45.0
6548,209.0
6549,204.0
6550,222.0
6551,231.0
6552,268.0
6553,258.0
6554,196.0
6555,192.0
6556,165.0
6557,156.0
6558,155.0
6559,162.0
6560,211.0
6561,274.0
6562,266.0
6563,225.0
6564,194.0
6565,203.0
6566,224.0
6567,234.0
6568,259.0
6569,247.0
6570,266.0
6571,237.0
6572,243.0
6573,242.0
6574,256.0
6575,168.0
6576,74.0
6577,67.0
6578,80.0
6579,75.0
6580,54.0
6581,47.0
6582,51.0
6583,47.0
6584,34.0
6585,22.0
6586,9.0
6587,11.0
6588,12.0
6589,11.0
6590,7.0
6591,3.0
6592,5.0
6593,7.0
6594,6.0
6595,10.0
6596,13.0
6597,16.0
6598,12.0
6599,12.0
6600,13.0
6601,12.0
6602,12.0
6603,13.0
6604,12.0
6605,12.0
6606,13.0
6607,10.0
6608,12.0
6609,13.0
6610,12.0
6611,11.0
6612,11.0
6613,10.0
6614,8.0
6615,6.0
6616,5.0
6617,6.0
6618,8.0
6619,7.0
6620,7.0
6621,8.0
6622,7.0
6623,9.0
6624,23.0
6625,21.0
6626,25.0
6627,22.0
6628,14.0
6629,22.0
6630,27.0
6631,22.0
6632,14.0
6633,19.0
6634,15.0
6635,17.0
6636,21.0
6637,24.0
6638,24.0
6639,26.0
6640,24.0
6641,25.0
6642,27.0
6643,38.0
6644,47.0
6645,41.0
6646,42.0
6647,85.0
6648,88.0
6649,90.0
6650,73.0
6651,57.0
6652,50.0
6653,43.0
6654,52.0
6655,52.0
6656,31.0
6657,38.0
6658,44.0
6659,39.0
6660,43.0
6661,55.0
6662,56.0
6663,60.0
6664,72.0
6665,80.0
6666,99.0
6667,133.0
6668,166.0
6669,152.0
6670,192.0
6671,206.0
6672,260.0
6673,217.0
6674,170.0
6675,151.0
6676,136.0
6677,115.0
6678,144.0
6679,154.0
6680,198.0
6681,252.0
6682,263.0
6683,243.0
6684,217.0
6685,256.0
6686,284.0
6687,252.0
6688,264.0
6689,320.0
6690,372.0
6691,435.0
6692,503.0
6693,534.0
6694,506.0
6695,505.0
6696,465.0
6697,468.0
6698,449.0
6699,418.0
6700,405.0
6701,374.0
6702,388.0
6703,384.0
6704,384.0
6705,381.0
6706,359.0
6707,369.0
6708,355.0
6709,348.0
6710,344.0
6711,330.0
6712,279.0
6713,252.0
6714,287.0
6715,327.0
6716,365.0
6717,391.0
6718,423.0
6719,429.0
6720,439.0
6721,458.0
6722,436.0
6723,431.0
6724,408.0
6725,387.0
6726,349.0
6727,332.0
6728,348.0
6729,350.0
6730,344.0
6731,369.0
6732,406.0
6733,422.0
6734,310.0
6735,175.0
6736,253.0
6737,263.0
6738,223.0
6739,400.0
6740,470.0
6741,459.0
6742,378.0
6743,290.0
6744,290.0
6745,287.0
6746,283.0
6747,283.0
6748,337.0
6749,329.0
6750,311.0
6751,318.0
6752,335.0
6753,324.0
6754,307.0
6755,323.0
6756,350.0
6757,374.0
6758,396.0
6759,435.0
6760,412.0
6761,449.0
6762,429.0
6763,411.0
6764,430.0
6765,431.0
6766,440.0
6767,434.0
6768,438.0
6769,416.0
6770,417.0
6771,394.0
6772,380.0
6773,376.0
6774,385.0
6775,383.0
6776,397.0
6777,392.0
6778,408.0
6779,428.0
6780,420.0
6781,399.0
6782,391.0
6783,393.0
6784,415.0
6785,395.0
6786,420.0
6787,414.0
6788,394.0
6789,348.0
6790,74.0
6791,32.0
6792,17.0
6793,6.0
6794,5.0
6795,4.0
6796,6.0
6797,8.0
6798,16.0
6799,2.0
6800,4.0
6801,7.0
6802,5.0
6803,4.0
6804,7.0
6805,7.0
6806,7.0
6807,10.0
6808,10.0
6809,13.0
6810,17.0
6811,9.0
6812,11.0
6813,21.0
6814,21.0
6815,37.0
6816,30.0
6817,45.0
6818,56.0
6819,42.0
6820,51.0
6821,33.0
6822,48.0
6823,42.0
6824,32.0
6825,29.0
6826,31.0
6827,22.0
6828,24.0
6829,24.0
6830,24.0
6831,40.0
6832,32.0
6833,45.0
6834,55.0
6835,75.0
6836,107.0
6837,125.0
6838,154.0
6839,168.0
6840,187.0
6841,163.0
6842,143.0
6843,118.0
6844,111.0
6845,99.0
6846,86.0
6847,66.0
6848,56.0
6849,55.0
6850,63.0
6851,67.0
6852,70.0
6853,91.0
6854,107.0
6855,137.0
6856,102.0
6857,114.0
6858,148.0
6859,164.0
6860,193.0
6861,164.0
6862,118.0
6863,41.0
6864,17.0
6865,13.0
6866,13.0
6867,10.0
6868,5.0
6869,2.0
6870,7.0
6871,22.0
6872,12.0
6873,22.0
6874,11.0
6875,16.0
6876,18.0
6877,7.0
6878,17.0
6879,11.0
6880,18.0
6881,21.0
6882,16.0
6883,22.0
6884,13.0
6885,21.0
6886,30.0
6887,19.0
6888,19.0
6889,15.0
6890,18.0
6891,56.0
6892,38.0
6893,18.0
6894,48.0
6895,37.0
6896,19.0
6897,9.0
6898,8.0
6899,23.0
6900,24.0
6901,26.0
6902,31.0
6903,46.0
6904,67.0
6905,73.0
6906,67.0
6907,71.0
6908,64.0
6909,77.0
6910,71.0
6911,111.0
6912,125.0
6913,133.0
6914,134.0
6915,143.0
6916,123.0
6917,97.0
6918,73.0
6919,37.0
6920,34.0
6921,63.0
6922,106.0
6923,123.0
6924,79.0
6925,50.0
6926,46.0
6927,45.0
6928,47.0
6929,49.0
6930,53.0
6931,49.0
6932,46.0
6933,32.0
6934,32.0
6935,23.0
6936,31.0
6937,27.0
6938,24.0
6939,20.0
6940,23.0
6941,34.0
6942,34.0
6943,44.0
6944,41.0
6945,39.0
6946,38.0
6947,40.0
6948,46.0
6949,47.0
6950,44.0
6951,51.0
6952,64.0
6953,59.0
6954,64.0
6955,62.0
6956,73.0
6957,80.0
6958,89.0
6959,81.0
6960,73.0
6961,92.0
6962,86.0
6963,90.0
6964,80.0
6965,71.0
6966,83.0
6967,77.0
6968,69.0
6969,64.0
6970,66.0
6971,71.0
6972,75.0
6973,79.0
6974,75.0
6975,68.0
6976,64.0
6977,50.0
6978,47.0
6979,47.0
6980,41.0
6981,38.0
6982,39.0
6983,42.0
6984,43.0
6985,40.0
6986,45.0
6987,52.0
6988,57.0
6989,61.0
6990,57.0
6991,63.0
6992,73.0
6993,60.0
6994,81.0
6995,79.0
6996,89.0
6997,93.0
6998,87.0
6999,93.0
7000,84.0
7001,79.0
7002,89.0
7003,88.0
7004,82.0
7005,92.0
7006,91.0
7007,83.0
7008,80.0
7009,82.0
7010,88.0
7011,92.0
7012,81.0
7013,79.0
7014,86.0
7015,84.0
7016,75.0
7017,82.0
7018,89.0
7019,74.0
7020,87.0
7021,79.0
7022,81.0
7023,78.0
7024,73.0
7025,80.0
7026,74.0
7027,85.0
7028,91.0
7029,86.0
7030,84.0
7031,88.0
7032,92.0
7033,93.0
7034,98.0
7035,101.0
7036,102.0
7037,95.0
7038,100.0
7039,103.0
7040,115.0
7041,130.0
7042,140.0
7043,154.0
7044,172.0
7045,151.0
7046,127.0
7047,109.0
7048,105.0
7049,96.0
7050,115.0
7051,161.0
7052,180.0
7053,179.0
7054,179.0
7055,184.0
7056,176.0
7057,164.0
7058,152.0
7059,143.0
7060,142.0
7061,137.0
7062,145.0
7063,146.0
7064,147.0
7065,154.0
7066,161.0
7067,165.0
7068,161.0
7069,162.0
7070,182.0
7071,201.0
7072,197.0
7073,201.0
7074,195.0
7075,204.0
7076,187.0
7077,174.0
7078,174.0
7079,178.0
7080,164.0
7081,158.0
7082,158.0
7083,158.0
7084,160.0
7085,164.0
7086,167.0
7087,173.0
7088,179.0
7089,188.0
7090,194.0
7091,225.0
7092,252.0
7093,257.0
7094,260.0
7095,271.0
7096,265.0
7097,271.0
7098,273.0
7099,261.0
7100,275.0
7101,278.0
7102,270.0
7103,262.0
7104,256.0
7105,251.0
7106,259.0
7107,260.0
7108,252.0
7109,234.0
7110,212.0
7111,218.0
7112,63.0
7113,13.0
7114,11.0
7115,12.0
7116,12.0
7117,8.0
7118,9.0
7119,10.0
7120,11.0
7121,13.0
7122,17.0
7123,11.0
7124,12.0
7125,14.0
7126,15.0
7127,12.0
7128,10.0
7129,10.0
7130,8.0
7131,6.0
7132,7.0
7133,16.0
7134,10.0
7135,17.0
7136,15.0
7137,15.0
7138,14.0
7139,11.0
7140,12.0
7141,12.0
7142,7.0
7143,6.0
7144,8.0
7145,12.0
7146,14.0
7147,14.0
7148,11.0
7149,9.0
7150,11.0
7151,8.0
7152,9.0
7153,7.0
7154,4.0
7155,6.0
7156,4.0
7157,4.0
7158,5.0
7159,6.0
7160,7.0
7161,8.0
7162,9.0
7163,10.0
7164,8.0
7165,9.0
7166,12.0
7167,11.0
7168,8.0
7169,19.0
7170,28.0
7171,35.0
7172,32.0
7173,29.0
7174,35.0
7175,41.0
7176,42.0
7177,46.0
7178,68.0
7179,80.0
7180,76.0
7181,74.0
7182,88.0
7183,92.0
7184,82.0
7185,69.0
7186,73.0
7187,71.0
7188,89.0
7189,83.0
7190,77.0
7191,97.0
7192,90.0
7193,88.0
7194,101.0
7195,112.0
7196,124.0
7197,158.0
7198,164.0
7199,176.0
7200,189.0
7201,174.0
7202,107.0
7203,111.0
7204,91.0
7205,89.0
7206,82.0
7207,76.0
7208,83.0
7209,83.0
7210,67.0
7211,45.0
7212,42.0
7213,37.0
7214,44.0
7215,38.0
7216,59.0
7217,34.0
7218,48.0
7219,48.0
7220,41.0
7221,41.0
7222,50.0
7223,47.0
7224,67.0
7225,76.0
7226,79.0
7227,72.0
7228,88.0
7229,72.0
7230,76.0
7231,93.0
7232,66.0
7233,49.0
7234,60.0
7235,40.0
7236,34.0
7237,21.0
7238,19.0
7239,20.0
7240,24.0
7241,31.0
7242,31.0
7243,42.0
7244,49.0
7245,44.0
7246,51.0
7247,52.0
7248,69.0
7249,75.0
7250,69.0
7251,57.0
7252,47.0
7253,51.0
7254,48.0
7255,45.0
7256,38.0
7257,34.0
7258,39.0
7259,38.0
7260,23.0
7261,12.0
7262,9.0
7263,15.0
7264,24.0
7265,45.0
7266,102.0
7267,101.0
7268,92.0
7269,68.0
7270,64.0
7271,101.0
7272,102.0
7273,129.0
7274,123.0
7275,117.0
7276,76.0
7277,51.0
7278,57.0
7279,47.0
7280,47.0
7281,53.0
7282,64.0
7283,57.0
7284,60.0
7285,42.0
7286,30.0
7287,22.0
7288,24.0
7289,76.0
7290,111.0
7291,98.0
7292,89.0
7293,77.0
7294,92.0
7295,84.0
7296,83.0
7297,71.0
7298,64.0
7299,86.0
7300,61.0
7301,58.0
7302,60.0
7303,41.0
7304,41.0
7305,41.0
7306,41.0
7307,41.0
7308,41.0
7309,41.0
7310,41.0
7311,41.0
7312,41.0
7313,41.0
7314,41.0
7315,41.0
7316,41.0
7317,41.0
7318,41.0
7319,41.0
7320,41.0
7321,41.0
7322,41.0
7323,41.0
7324,41.0
7325,41.0
7326,41.0
7327,41.0
7328,41.0
7329,41.0
7330,41.0
7331,41.0
7332,41.0
7333,41.0
7334,41.0
7335,41.0
7336,41.0
7337,41.0
7338,41.0
7339,41.0
7340,41.0
7341,41.0
7342,41.0
7343,41.0
7344,41.0
7345,41.0
7346,41.0
7347,41.0
7348,41.0
7349,41.0
7350,41.0
7351,41.0
7352,41.0
7353,41.0
7354,41.0
7355,41.0
7356,41.0
7357,41.0
7358,50.0
7359,42.0
7360,61.0
7361,75.0
7362,109.0
7363,143.0
7364,167.0
7365,183.0
7366,154.0
7367,127.0
7368,94.0
7369,86.0
7370,51.0
7371,95.0
7372,85.0
7373,53.0
7374,56.0
7375,55.0
7376,50.0
7377,41.0
7378,39.0
7379,30.0
7380,34.0
7381,43.0
7382,52.0
7383,44.0
7384,39.0
7385,43.0
7386,53.0
7387,63.0
7388,91.0
7389,119.0
7390,136.0
7391,144.0
7392,148.0
7393,130.0
7394,98.0
7395,70.0
7396,95.0
7397,79.0
7398,67.0
7399,52.0
7400,54.0
7401,53.0
7402,49.0
7403,51.0
7404,52.0
7405,58.0
7406,83.0
7407,98.0
7408,86.0
7409,95.0
7410,129.0
7411,154.0
7412,172.0
7413,187.0
7414,232.0
7415,238.0
7416,227.0
7417,221.0
7418,195.0
7419,122.0
7420,143.0
7421,147.0
7422,124.0
7423,127.0
7424,122.0
7425,164.0
7426,249.0
7427,272.0
7428,298.0
7429,314.0
7430,307.0
7431,352.0
7432,374.0
7433,366.0
7434,381.0
7435,400.0
7436,419.0
7437,463.0
7438,481.0
7439,466.0
7440,479.0
7441,343.0
7442,95.0
7443,34.0
7444,18.0
7445,20.0
7446,14.0
7447,12.0
7448,11.0
7449,13.0
7450,16.0
7451,17.0
7452,11.0
7453,15.0
7454,14.0
7455,13.0
7456,16.0
7457,10.0
7458,10.0
7459,9.0
7460,10.0
7461,10.0
7462,9.0
7463,18.0
7464,15.0
7465,14.0
7466,13.0
7467,12.0
7468,7.0
7469,7.0
7470,9.0
7471,7.0
7472,7.0
7473,8.0
7474,10.0
7475,10.0
7476,6.0
7477,6.0
7478,8.0
7479,7.0
7480,10.0
7481,17.0
7482,19.0
7483,21.0
7484,42.0
7485,23.0
7486,13.0
7487,21.0
7488,25.0
7489,16.0
7490,15.0
7491,12.0
7492,19.0
7493,21.0
7494,39.0
7495,45.0
7496,25.0
7497,31.0
7498,47.0
7499,75.0
7500,75.0
7501,71.0
7502,62.0
7503,57.0
7504,66.0
7505,78.0
7506,99.0
7507,111.0
7508,128.0
7509,146.0
7510,140.0
7511,144.0
7512,142.0
7513,143.0
7514,129.0
7515,114.0
7516,94.0
7517,70.0
7518,99.0
7519,89.0
7520,80.0
7521,59.0
7522,77.0
7523,97.0
7524,116.0
7525,126.0
7526,121.0
7527,122.0
7528,118.0
7529,142.0
7530,184.0
7531,230.0
7532,207.0
7533,201.0
7534,227.0
7535,213.0
7536,193.0
7537,155.0
7538,154.0
7539,149.0
7540,138.0
7541,177.0
7542,302.0
7543,153.0
7544,27.0
7545,17.0
7546,16.0
7547,10.0
7548,12.0
7549,16.0
7550,11.0
7551,12.0
7552,12.0
7553,9.0
7554,10.0
7555,11.0
7556,8.0
7557,6.0
7558,7.0
7559,8.0
7560,11.0
7561,10.0
7562,9.0
7563,12.0
7564,30.0
7565,37.0
7566,45.0
7567,43.0
7568,35.0
7569,48.0
7570,81.0
7571,92.0
7572,68.0
7573,77.0
7574,88.0
7575,99.0
7576,120.0
7577,114.0
7578,115.0
7579,125.0
7580,121.0
7581,112.0
7582,85.0
7583,42.0
7584,16.0
7585,12.0
7586,10.0
7587,10.0
7588,7.0
7589,3.0
7590,5.0
7591,10.0
7592,12.0
7593,15.0
7594,8.0
7595,11.0
7596,15.0
7597,17.0
7598,14.0
7599,11.0
7600,10.0
7601,10.0
7602,26.0
7603,31.0
7604,43.0
7605,42.0
7606,29.0
7607,17.0
7608,26.0
7609,23.0
7610,25.0
7611,21.0
7612,41.0
7613,27.0
7614,27.0
7615,22.0
7616,34.0
7617,35.0
7618,44.0
7619,25.0
7620,24.0
7621,22.0
7622,19.0
7623,19.0
7624,11.0
7625,10.0
7626,11.0
7627,12.0
7628,10.0
7629,11.0
7630,12.0
7631,10.0
7632,16.0
7633,19.0
7634,17.0
7635,10.0
7636,9.0
7637,9.0
7638,20.0
7639,26.0
7640,21.0
7641,32.0
7642,47.0
7643,45.0
7644,50.0
7645,60.0
7646,70.0
7647,60.0
7648,68.0
7649,77.0
7650,82.0
7651,107.0
7652,124.0
7653,139.0
7654,152.0
7655,166.0
7656,213.0
7657,206.0
7658,208.0
7659,191.0
7660,152.0
7661,124.0
7662,108.0
7663,94.0
7664,92.0
7665,94.0
7666,105.0
7667,90.0
7668,78.0
7669,63.0
7670,66.0
7671,77.0
7672,116.0
7673,142.0
7674,135.0
7675,175.0
7676,196.0
7677,217.0
7678,227.0
7679,264.0
7680,276.0
7681,275.0
7682,255.0
7683,220.0
7684,220.0
7685,177.0
7686,138.0
7687,133.0
7688,129.0
7689,154.0
7690,197.0
7691,247.0
7692,288.0
7693,331.0
7694,400.0
7695,472.0
7696,467.0
7697,503.0
7698,503.0
7699,525.0
7700,504.0
7701,502.0
7702,504.0
7703,521.0
7704,446.0
7705,391.0
7706,354.0
7707,350.0
7708,354.0
7709,353.0
7710,362.0
7711,339.0
7712,325.0
7713,336.0
7714,346.0
7715,299.0
7716,307.0
7717,304.0
7718,307.0
7719,324.0
7720,361.0
7721,438.0
7722,476.0
7723,503.0
7724,470.0
7725,480.0
7726,482.0
7727,535.0
7728,569.0
7729,562.0
7730,485.0
7731,488.0
7732,470.0
7733,453.0
7734,466.0
7735,466.0
7736,501.0
7737,559.0
7738,557.0
7739,540.0
7740,364.0
7741,230.0
7742,185.0
7743,135.0
7744,95.0
7745,106.0
7746,123.0
7747,159.0
7748,192.0
7749,277.0
7750,371.0
7751,454.0
7752,422.0
7753,389.0
7754,328.0
7755,296.0
7756,282.0
7757,286.0
7758,271.0
7759,262.0
7760,224.0
7761,200.0
7762,202.0
7763,219.0
7764,214.0
7765,200.0
7766,207.0
7767,217.0
7768,241.0
7769,280.0
7770,306.0
7771,353.0
7772,395.0
7773,432.0
7774,438.0
7775,433.0
7776,462.0
7777,439.0
7778,398.0
7779,355.0
7780,316.0
7781,287.0
7782,210.0
7783,139.0
7784,31.0
7785,28.0
7786,19.0
7787,16.0
7788,14.0
7789,10.0
7790,8.0
7791,10.0
7792,11.0
7793,11.0
7794,12.0
7795,18.0
7796,19.0
7797,11.0
7798,24.0
7799,19.0
7800,25.0
7801,23.0
7802,49.0
7803,55.0
7804,68.0
7805,66.0
7806,73.0
7807,69.0
7808,80.0
7809,46.0
7810,46.0
7811,46.0
7812,33.0
7813,24.0
7814,28.0
7815,43.0
7816,73.0
7817,69.0
7818,74.0
7819,91.0
7820,123.0
7821,181.0
7822,223.0
7823,228.0
7824,249.0
7825,236.0
7826,218.0
7827,222.0
7828,238.0
7829,225.0
7830,244.0
7831,232.0
7832,203.0
7833,213.0
7834,241.0
7835,238.0
7836,213.0
7837,214.0
7838,201.0
7839,208.0
7840,217.0
7841,258.0
7842,251.0
7843,235.0
7844,240.0
7845,253.0
7846,264.0
7847,256.0
7848,238.0
7849,223.0
7850,225.0
7851,194.0
7852,181.0
7853,88.0
7854,27.0
7855,19.0
7856,17.0
7857,17.0
7858,17.0
7859,18.0
7860,17.0
7861,16.0
7862,12.0
7863,13.0
7864,16.0
7865,12.0
7866,30.0
7867,19.0
7868,22.0
7869,22.0
7870,23.0
7871,16.0
7872,26.0
7873,24.0
7874,20.0
7875,28.0
7876,23.0
7877,22.0
7878,45.0
7879,62.0
7880,63.0
7881,80.0
7882,55.0
7883,49.0
7884,54.0
7885,57.0
7886,54.0
7887,52.0
7888,63.0
7889,105.0
7890,106.0
7891,104.0
7892,146.0
7893,177.0
7894,168.0
7895,142.0
7896,120.0
7897,94.0
7898,89.0
7899,85.0
7900,62.0
7901,70.0
7902,80.0
7903,94.0
7904,93.0
7905,96.0
7906,96.0
7907,124.0
7908,137.0
7909,127.0
7910,130.0
7911,135.0
7912,127.0
7913,148.0
7914,159.0
7915,206.0
7916,174.0
7917,156.0
7918,56.0
7919,43.0
7920,61.0
7921,69.0
7922,49.0
7923,30.0
7924,21.0
7925,12.0
7926,20.0
7927,19.0
7928,12.0
7929,13.0
7930,11.0
7931,8.0
7932,7.0
7933,8.0
7934,9.0
7935,12.0
7936,18.0
7937,32.0
7938,43.0
7939,41.0
7940,35.0
7941,45.0
7942,46.0
7943,47.0
7944,59.0
7945,83.0
7946,74.0
7947,74.0
7948,74.0
7949,64.0
7950,79.0
7951,97.0
7952,142.0
7953,150.0
7954,173.0
7955,136.0
7956,141.0
7957,148.0
7958,184.0
7959,202.0
7960,229.0
7961,268.0
7962,281.0
7963,316.0
7964,354.0
7965,360.0
7966,379.0
7967,443.0
7968,418.0
7969,376.0
7970,309.0
7971,248.0
7972,166.0
7973,154.0
7974,159.0
7975,144.0
7976,124.0
7977,121.0
7978,121.0
7979,136.0
7980,130.0
7981,103.0
7982,98.0
7983,111.0
7984,130.0
7985,168.0
7986,179.0
7987,173.0
7988,174.0
7989,172.0
7990,213.0
7991,236.0
7992,267.0
7993,237.0
7994,236.0
7995,198.0
7996,176.0
7997,159.0
7998,170.0
7999,164.0
8000,170.0
8001,182.0
8002,240.0
8003,256.0
8004,261.0
8005,247.0
8006,242.0
8007,237.0
8008,236.0
8009,247.0
8010,234.0
8011,245.0
8012,243.0
8013,249.0
8014,249.0
8015,259.0
8016,256.0
8017,252.0
8018,248.0
8019,239.0
8020,238.0
8021,239.0
8022,245.0
8023,235.0
8024,233.0
8025,248.0
8026,258.0
8027,264.0
8028,261.0
8029,276.0
8030,268.0
8031,259.0
8032,257.0
8033,266.0
8034,271.0
8035,264.0
8036,288.0
8037,284.0
8038,275.0
8039,270.0
8040,259.0
8041,240.0
8042,218.0
8043,235.0
8044,142.0
8045,128.0
8046,85.0
8047,71.0
8048,61.0
8049,39.0
8050,33.0
8051,26.0
8052,22.0
8053,14.0
8054,19.0
8055,12.0
8056,14.0
8057,13.0
8058,17.0
8059,21.0
8060,17.0
8061,25.0
8062,23.0
8063,15.0
8064,23.0
8065,22.0
8066,16.0
8067,11.0
8068,13.0
8069,28.0
8070,36.0
8071,41.0
8072,107.0
8073,72.0
8074,72.0
8075,72.0
8076,73.0
8077,65.0
8078,58.0
8079,71.0
8080,69.0
8081,88.0
8082,146.0
8083,162.0
8084,174.0
8085,193.0
8086,167.0
8087,193.0
8088,167.0
8089,145.0
8090,128.0
8091,129.0
8092,122.0
8093,158.0
8094,154.0
8095,133.0
8096,100.0
8097,113.0
8098,139.0
8099,120.0
8100,116.0
8101,118.0
8102,121.0
8103,127.0
8104,173.0
8105,216.0
8106,233.0
8107,248.0
8108,281.0
8109,273.0
8110,309.0
8111,322.0
8112,271.0
8113,204.0
8114,169.0
8115,130.0
8116,161.0
8117,153.0
8118,125.0
8119,113.0
8120,35.0
8121,22.0
8122,16.0
8123,18.0
8124,27.0
8125,16.0
8126,22.0
8127,11.0
8128,9.0
8129,10.0
8130,10.0
8131,11.0
8132,11.0
8133,8.0
8134,9.0
8135,11.0
8136,9.0
8137,9.0
8138,10.0
8139,10.0
8140,9.0
8141,9.0
8142,17.0
8143,15.0
8144,15.0
8145,19.0
8146,15.0
8147,15.0
8148,13.0
8149,16.0
8150,14.0
8151,13.0
8152,12.0
8153,16.0
8154,20.0
8155,32.0
8156,40.0
8157,46.0
8158,44.0
8159,61.0
8160,53.0
8161,45.0
8162,43.0
8163,43.0
8164,46.0
8165,76.0
8166,94.0
8167,127.0
8168,68.0
8169,74.0
8170,27.0
8171,23.0
8172,83.0
8173,41.0
8174,50.0
8175,46.0
8176,53.0
8177,41.0
8178,50.0
8179,49.0
8180,56.0
8181,52.0
8182,67.0
8183,93.0
8184,100.0
8185,73.0
8186,46.0
8187,40.0
8188,62.0
8189,29.0
8190,28.0
8191,19.0
8192,26.0
8193,38.0
8194,36.0
8195,27.0
8196,21.0
8197,16.0
8198,13.0
8199,9.0
8200,18.0
8201,13.0
8202,20.0
8203,29.0
8204,61.0
8205,52.0
8206,77.0
8207,116.0
8208,126.0
8209,132.0
8210,151.0
8211,158.0
8212,152.0
8213,154.0
8214,155.0
8215,185.0
8216,146.0
8217,159.0
8218,212.0
8219,209.0
8220,215.0
8221,211.0
8222,218.0
8223,220.0
8224,238.0
8225,243.0
8226,257.0
8227,257.0
8228,254.0
8229,246.0
8230,241.0
8231,230.0
8232,218.0
8233,215.0
8234,212.0
8235,231.0
8236,237.0
8237,230.0
8238,231.0
8239,221.0
8240,180.0
8241,38.0
8242,29.0
8243,35.0
8244,28.0
8245,25.0
8246,25.0
8247,19.0
8248,18.0
8249,13.0
8250,10.0
8251,11.0
8252,14.0
8253,16.0
8254,19.0
8255,17.0
8256,36.0
8257,18.0
8258,14.0
8259,16.0
8260,22.0
8261,23.0
8262,19.0
8263,23.0
8264,35.0
8265,47.0
8266,40.0
8267,41.0
8268,36.0
8269,49.0
8270,47.0
8271,46.0
8272,34.0
8273,43.0
8274,53.0
8275,82.0
8276,116.0
8277,122.0
8278,119.0
8279,109.0
8280,131.0
8281,112.0
8282,115.0
8283,102.0
8284,105.0
8285,100.0
8286,101.0
8287,107.0
8288,94.0
8289,87.0
8290,100.0
8291,95.0
8292,101.0
8293,104.0
8294,118.0
8295,117.0
8296,113.0
8297,109.0
8298,122.0
8299,139.0
8300,140.0
8301,179.0
8302,171.0
8303,140.0
8304,15.0
8305,11.0
8306,8.0
8307,6.0
8308,7.0
8309,10.0
8310,16.0
8311,13.0
8312,19.0
8313,19.0
8314,18.0
8315,17.0
8316,20.0
8317,15.0
8318,18.0
8319,18.0
8320,9.0
8321,17.0
8322,19.0
8323,22.0
8324,27.0
8325,21.0
8326,15.0
8327,16.0
8328,24.0
8329,17.0
8330,13.0
8331,20.0
8332,17.0
8333,19.0
8334,15.0
8335,23.0
8336,22.0
8337,20.0
8338,23.0
8339,22.0
8340,16.0
8341,16.0
8342,15.0
8343,16.0
8344,16.0
8345,17.0
8346,15.0
8347,16.0
8348,15.0
8349,8.0
8350,15.0
8351,11.0
8352,12.0
8353,14.0
8354,13.0
8355,13.0
8356,15.0
8357,13.0
8358,13.0
8359,18.0
8360,17.0
8361,23.0
8362,22.0
8363,22.0
8364,25.0
8365,17.0
8366,21.0
8367,24.0
8368,13.0
8369,15.0
8370,43.0
8371,43.0
8372,50.0
8373,54.0
8374,27.0
8375,20.0
8376,28.0
8377,30.0
8378,22.0
8379,27.0
8380,27.0
8381,40.0
8382,41.0
8383,39.0
8384,40.0
8385,54.0
8386,56.0
8387,63.0
8388,58.0
8389,50.0
8390,89.0
8391,81.0
8392,74.0
8393,55.0
8394,60.0
8395,72.0
8396,82.0
8397,98.0
8398,95.0
8399,55.0
8400,41.0
8401,39.0
8402,36.0
8403,34.0
8404,34.0
8405,42.0
8406,40.0
8407,71.0
8408,69.0
8409,64.0
8410,65.0
8411,71.0
8412,73.0
8413,79.0
8414,93.0
8415,87.0
8416,136.0
8417,135.0
8418,145.0
8419,205.0
8420,282.0
8421,325.0
8422,379.0
8423,374.0
8424,363.0
8425,319.0
8426,265.0
8427,247.0
8428,231.0
8429,215.0
8430,210.0
8431,242.0
8432,249.0
8433,211.0
8434,201.0
8435,206.0
8436,224.0
8437,230.0
8438,246.0
8439,255.0
8440,269.0
8441,302.0
8442,315.0
8443,296.0
8444,290.0
8445,308.0
8446,454.0
8447,528.0
8448,485.0
8449,489.0
8450,404.0
8451,299.0
8452,298.0
8453,133.0
8454,105.0
8455,72.0
8456,64.0
8457,52.0
8458,49.0
8459,40.0
8460,43.0
8461,35.0
8462,22.0
8463,16.0
8464,10.0
8465,34.0
8466,64.0
8467,59.0
8468,104.0
8469,126.0
8470,144.0
8471,161.0
8472,187.0
8473,200.0
8474,206.0
8475,233.0
8476,221.0
8477,220.0
8478,230.0
8479,254.0
8480,311.0
8481,352.0
8482,227.0
8483,175.0
8484,91.0
8485,129.0
8486,196.0
8487,117.0
8488,104.0
8489,115.0
8490,138.0
8491,147.0
8492,237.0
8493,245.0
8494,311.0
8495,410.0
8496,405.0
8497,391.0
8498,397.0
8499,396.0
8500,367.0
8501,346.0
8502,340.0
8503,266.0
8504,206.0
8505,224.0
8506,430.0
8507,441.0
8508,425.0
8509,439.0
8510,427.0
8511,474.0
8512,500.0
8513,548.0
8514,584.0
8515,607.0
8516,611.0
8517,615.0
8518,587.0
8519,570.0
8520,573.0
8521,513.0
8522,397.0
8523,365.0
8524,295.0
8525,263.0
8526,87.0
8527,67.0
8528,48.0
8529,38.0
8530,35.0
8531,23.0
8532,24.0
8533,15.0
8534,17.0
8535,14.0
8536,13.0
8537,17.0
8538,27.0
8539,29.0
8540,24.0
8541,18.0
8542,11.0
8543,10.0
8544,10.0
8545,10.0
8546,12.0
8547,13.0
8548,10.0
8549,11.0
8550,17.0
8551,21.0
8552,17.0
8553,18.0
8554,21.0
8555,24.0
8556,25.0
8557,24.0
8558,33.0
8559,24.0
8560,21.0
8561,21.0
8562,42.0
8563,46.0
8564,52.0
8565,32.0
8566,42.0
8567,32.0
8568,35.0
8569,26.0
8570,27.0
8571,28.0
8572,19.0
8573,24.0
8574,23.0
8575,21.0
8576,27.0
8577,34.0
8578,34.0
8579,25.0
8580,20.0
8581,20.0
8582,26.0
8583,23.0
8584,51.0
8585,71.0
8586,71.0
8587,76.0
8588,103.0
8589,116.0
8590,111.0
8591,135.0
8592,97.0
8593,35.0
8594,17.0
8595,18.0
8596,18.0
8597,17.0
8598,19.0
8599,19.0
8600,21.0
8601,25.0
8602,35.0
8603,22.0
8604,19.0
8605,26.0
8606,21.0
8607,20.0
8608,89.0
8609,93.0
8610,104.0
8611,121.0
8612,117.0
8613,111.0
8614,135.0
8615,163.0
8616,128.0
8617,41.0
8618,26.0
8619,20.0
8620,22.0
8621,27.0
8622,25.0
8623,27.0
8624,30.0
8625,32.0
8626,29.0
8627,30.0
8628,48.0
8629,51.0
8630,55.0
8631,43.0
8632,34.0
8633,55.0
8634,60.0
8635,76.0
8636,75.0
8637,58.0
8638,60.0
8639,81.0
8640,92.0
8641,130.0
8642,161.0
8643,151.0
8644,125.0
8645,108.0
8646,121.0
8647,124.0
8648,106.0
8649,130.0
8650,137.0
8651,119.0
8652,62.0
8653,47.0
8654,38.0
8655,31.0
8656,28.0
8657,21.0
8658,16.0
8659,20.0
8660,29.0
8661,15.0
8662,21.0
8663,16.0
8664,17.0
8665,18.0
8666,16.0
8667,16.0
8668,15.0
8669,16.0
8670,19.0
8671,14.0
8672,15.0
8673,18.0
8674,21.0
8675,19.0
8676,19.0
8677,17.0
8678,21.0
8679,14.0
8680,20.0
8681,34.0
8682,31.0
8683,39.0
8684,88.0
8685,106.0
8686,67.0
8687,73.0
8688,65.0
8689,35.0
8690,31.0
8691,34.0
8692,34.0
8693,40.0
8694,42.0
8695,49.0
8696,67.0
8697,59.0
8698,56.0
8699,69.0
8700,40.0
8701,30.0
8702,21.0
8703,20.0
8704,15.0
8705,13.0
8706,18.0
8707,22.0
8708,14.0
8709,14.0
8710,18.0
8711,17.0
8712,17.0
8713,17.0
8714,14.0
8715,14.0
8716,14.0
8717,15.0
8718,12.0
8719,10.0
8720,18.0
8721,15.0
8722,18.0
8723,13.0
8724,23.0
8725,27.0
8726,28.0
8727,19.0
8728,15.0
8729,17.0
8730,19.0
8731,23.0
8732,21.0
8733,16.0
8734,20.0
8735,20.0
8736,21.0
8737,20.0
8738,16.0
8739,16.0
8740,13.0
8741,14.0
8742,16.0
8743,18.0
8744,15.0
8745,19.0
8746,14.0
8747,18.0
8748,21.0
8749,21.0
8750,19.0
8751,18.0
8752,20.0
8753,28.0
8754,27.0
8755,17.0
8756,19.0
8757,16.0
8758,22.0
8759,22.0
8760,22.0
8761,22.0
8762,22.0
8763,22.0
8764,22.0
8765,22.0
8766,22.0
8767,22.0
8768,22.0
8769,22.0
8770,22.0
8771,22.0
8772,22.0
8773,22.0
8774,22.0
8775,22.0
8776,22.0
8777,22.0
8778,22.0
8779,22.0
8780,22.0
8781,22.0
8782,22.0
8783,36.0
8784,31.0
8785,20.0
8786,19.0
8787,18.0
8788,17.0
8789,14.0
8790,14.0
8791,22.0
8792,22.0
8793,25.0
8794,24.0
8795,31.0
8796,37.0
8797,35.0
8798,32.0
8799,37.0
8800,40.0
8801,52.0
8802,63.0
8803,72.0
8804,76.0
8805,76.0
8806,67.0
8807,65.0
8808,78.0
8809,85.0
8810,143.0
8811,181.0
8812,188.0
8813,167.0
8814,173.0
8815,155.0
8816,124.0
8817,105.0
8818,87.0
8819,93.0
8820,134.0
8821,164.0
8822,180.0
8823,184.0
8824,175.0
8825,188.0
8826,255.0
8827,286.0
8828,225.0
8829,234.0
8830,226.0
8831,233.0
8832,275.0
8833,153.0
8834,121.0
8835,77.0
8836,64.0
8837,67.0
8838,67.0
8839,59.0
8840,74.0
8841,89.0
8842,96.0
8843,96.0
8844,85.0
8845,84.0
8846,90.0
8847,61.0
8848,65.0
8849,73.0
8850,68.0
8851,58.0
8852,53.0
8853,46.0
8854,38.0
8855,28.0
8856,31.0
8857,24.0
8858,21.0
8859,27.0
8860,23.0
8861,24.0
8862,21.0
8863,19.0
8864,21.0
8865,19.0
8866,21.0
8867,18.0
8868,19.0
8869,16.0
8870,18.0
8871,18.0
8872,16.0
8873,10.0
8874,16.0
8875,17.0
8876,17.0
8877,30.0
8878,12.0
8879,13.0
8880,17.0
8881,10.0
8882,12.0
8883,13.0
8884,13.0
8885,9.0
8886,6.0
8887,9.0
8888,14.0
8889,14.0
8890,13.0
8891,18.0
8892,15.0
8893,18.0
8894,13.0
8895,13.0
8896,20.0
8897,21.0
8898,22.0
8899,27.0
8900,21.0
8901,28.0
8902,22.0
8903,18.0
8904,17.0
8905,16.0
8906,27.0
8907,17.0
8908,13.0
8909,23.0
8910,27.0
8911,44.0
8912,24.0
8913,32.0
8914,40.0
8915,43.0
8916,51.0
8917,48.0
8918,56.0
8919,56.0
8920,54.0
8921,69.0
8922,79.0
8923,79.0
8924,92.0
8925,86.0
8926,109.0
8927,120.0
8928,126.0
8929,156.0
8930,156.0
8931,173.0
8932,181.0
8933,118.0
8934,79.0
8935,25.0
8936,19.0
8937,16.0
8938,21.0
8939,20.0
8940,23.0
8941,26.0
8942,17.0
8943,17.0
8944,17.0
8945,17.0
8946,17.0
8947,17.0
8948,17.0
8949,17.0
8950,17.0
8951,17.0
8952,17.0
8953,17.0
8954,17.0
8955,17.0
8956,17.0
8957,17.0
8958,17.0
8959,17.0
8960,17.0
8961,17.0
8962,17.0
8963,17.0
8964,17.0
8965,17.0
8966,17.0
8967,17.0
8968,17.0
8969,17.0
8970,17.0
8971,17.0
8972,17.0
8973,17.0
8974,17.0
8975,17.0
8976,17.0
8977,17.0
8978,17.0
8979,17.0
8980,17.0
8981,17.0
8982,17.0
8983,17.0
8984,17.0
8985,17.0
8986,17.0
8987,17.0
8988,17.0
8989,17.0
8990,17.0
8991,43.0
8992,50.0
8993,70.0
8994,69.0
8995,88.0
8996,106.0
8997,115.0
8998,100.0
8999,105.0
9000,76.0
9001,33.0
9002,29.0
9003,26.0
9004,19.0
9005,18.0
9006,13.0
9007,14.0
9008,15.0
9009,18.0
9010,21.0
9011,21.0
9012,16.0
9013,8.0
9014,18.0
9015,12.0
9016,13.0
9017,19.0
9018,21.0
9019,20.0
9020,22.0
9021,37.0
9022,54.0
9023,45.0
9024,24.0
9025,35.0
9026,30.0
9027,34.0
9028,37.0
9029,49.0
9030,62.0
9031,59.0
9032,74.0
9033,61.0
9034,86.0
9035,71.0
9036,56.0
9037,79.0
9038,81.0
9039,89.0
9040,45.0
9041,55.0
9042,49.0
9043,66.0
9044,96.0
9045,100.0
9046,124.0
9047,144.0
9048,252.0
9049,244.0
9050,204.0
9051,166.0
9052,138.0
9053,149.0
9054,139.0
9055,168.0
9056,165.0
9057,123.0
9058,125.0
9059,111.0
9060,79.0
9061,51.0
9062,69.0
9063,75.0
9064,60.0
9065,62.0
9066,74.0
9067,95.0
9068,120.0
9069,125.0
9070,95.0
9071,27.0
9072,25.0
9073,25.0
9074,18.0
9075,12.0
9076,17.0
9077,14.0
9078,15.0
9079,16.0
9080,19.0
9081,20.0
9082,21.0
9083,20.0
9084,14.0
9085,18.0
9086,20.0
9087,13.0
9088,16.0
9089,21.0
9090,20.0
9091,13.0
9092,13.0
9093,13.0
9094,12.0
9095,11.0
9096,12.0
9097,15.0
9098,12.0
9099,12.0
9100,9.0
9101,10.0
9102,11.0
9103,11.0
9104,18.0
9105,22.0
9106,10.0
9107,12.0
9108,17.0
9109,17.0
9110,17.0
9111,14.0
9112,15.0
9113,15.0
9114,21.0
9115,27.0
9116,17.0
9117,29.0
9118,33.0
9119,29.0
9120,24.0
9121,16.0
9122,14.0
9123,13.0
9124,13.0
9125,13.0
9126,19.0
9127,11.0
9128,17.0
9129,26.0
9130,25.0
9131,31.0
9132,37.0
9133,30.0
9134,40.0
9135,39.0
9136,56.0
9137,60.0
9138,72.0
9139,61.0
9140,70.0
9141,73.0
9142,77.0
9143,107.0
9144,130.0
9145,128.0
9146,50.0
9147,41.0
9148,40.0
9149,34.0
9150,37.0
9151,30.0
9152,36.0
9153,27.0
9154,26.0
9155,18.0
9156,20.0
9157,23.0
9158,14.0
9159,18.0
9160,17.0
9161,20.0
9162,17.0
9163,26.0
9164,24.0
9165,16.0
9166,10.0
9167,12.0
9168,12.0
9169,12.0
9170,13.0
9171,13.0
9172,16.0
9173,18.0
9174,17.0
9175,24.0
9176,31.0
9177,31.0
9178,30.0
9179,31.0
9180,23.0
9181,18.0
9182,19.0
9183,19.0
9184,18.0
9185,17.0
9186,21.0
9187,28.0
9188,25.0
9189,21.0
9190,16.0
9191,22.0
9192,24.0
9193,20.0
9194,26.0
9195,21.0
9196,17.0
9197,23.0
9198,23.0
9199,14.0
9200,21.0
9201,26.0
9202,25.0
9203,21.0
9204,21.0
9205,24.0
9206,13.0
9207,13.0
9208,12.0
9209,16.0
9210,18.0
9211,24.0
9212,16.0
9213,34.0
9214,24.0
9215,17.0
9216,15.0
9217,20.0
9218,13.0
9219,17.0
9220,17.0
9221,20.0
9222,20.0
9223,15.0
9224,26.0
9225,25.0
9226,27.0
9227,44.0
9228,29.0
9229,19.0
9230,25.0
9231,47.0
9232,58.0
9233,59.0
9234,70.0
9235,74.0
9236,82.0
9237,91.0
9238,100.0
9239,124.0
9240,120.0
9241,45.0
9242,36.0
9243,34.0
9244,39.0
9245,27.0
9246,20.0
9247,31.0
9248,32.0
9249,36.0
9250,42.0
9251,29.0
9252,24.0
9253,30.0
9254,35.0
9255,37.0
9256,67.0
9257,102.0
9258,155.0
9259,144.0
9260,154.0
9261,170.0
9262,187.0
9263,191.0
9264,130.0
9265,74.0
9266,51.0
9267,43.0
9268,44.0
9269,61.0
9270,67.0
9271,88.0
9272,91.0
9273,54.0
9274,49.0
9275,50.0
9276,48.0
9277,44.0
9278,46.0
9279,48.0
9280,45.0
9281,36.0
9282,23.0
9283,29.0
9284,11.0
9285,12.0
9286,16.0
9287,11.0
9288,12.0
9289,13.0
9290,12.0
9291,12.0
9292,11.0
9293,10.0
9294,10.0
9295,12.0
9296,14.0
9297,15.0
9298,14.0
9299,13.0
9300,21.0
9301,19.0
9302,18.0
9303,16.0
9304,20.0
9305,16.0
9306,21.0
9307,16.0
9308,11.0
9309,16.0
9310,15.0
9311,9.0
9312,11.0
9313,11.0
9314,19.0
9315,21.0
9316,23.0
9317,27.0
9318,27.0
9319,43.0
9320,33.0
9321,27.0
9322,27.0
9323,36.0
9324,49.0
9325,71.0
9326,79.0
9327,63.0
9328,47.0
9329,52.0
9330,58.0
9331,70.0
9332,78.0
9333,87.0
9334,95.0
9335,109.0
9336,95.0
9337,90.0
9338,69.0
9339,66.0
9340,47.0
9341,40.0
9342,16.0
9343,11.0
9344,12.0
9345,13.0
9346,13.0
9347,23.0
9348,21.0
9349,17.0
9350,13.0
9351,17.0
9352,17.0
9353,11.0
9354,12.0
9355,25.0
9356,23.0
9357,32.0
9358,31.0
9359,34.0
9360,37.0
9361,29.0
9362,35.0
9363,21.0
9364,21.0
9365,26.0
9366,41.0
9367,82.0
9368,58.0
9369,56.0
9370,61.0
9371,54.0
9372,46.0
9373,55.0
9374,71.0
9375,83.0
9376,85.0
9377,93.0
9378,103.0
9379,132.0
9380,144.0
9381,137.0
9382,117.0
9383,128.0
9384,161.0
9385,89.0
9386,40.0
9387,24.0
9388,20.0
9389,16.0
9390,19.0
9391,18.0
9392,19.0
9393,23.0
9394,8.0
9395,11.0
9396,17.0
9397,13.0
9398,14.0
9399,13.0
9400,12.0
9401,12.0
9402,11.0
9403,26.0
9404,19.0
9405,20.0
9406,32.0
9407,32.0
9408,18.0
9409,13.0
9410,23.0
9411,23.0
9412,20.0
9413,23.0
9414,31.0
9415,27.0
9416,19.0
9417,21.0
9418,21.0
9419,18.0
9420,16.0
9421,14.0
9422,14.0
9423,12.0
9424,12.0
9425,13.0
9426,12.0
9427,16.0
9428,14.0
9429,10.0
9430,15.0
9431,3.0
9432,6.0
9433,10.0
9434,7.0
9435,4.0
9436,2.0
9437,7.0
9438,11.0
9439,8.0
9440,9.0
9441,16.0
9442,27.0
9443,19.0
9444,11.0
9445,42.0
9446,15.0
9447,13.0
9448,11.0
9449,9.0
9450,12.0
9451,16.0
9452,9.0
9453,10.0
9454,9.0
9455,21.0
9456,22.0
9457,10.0
9458,19.0
9459,7.0
9460,8.0
9461,8.0
9462,9.0
9463,17.0
9464,19.0
9465,21.0
9466,24.0
9467,16.0
9468,14.0
9469,16.0
9470,16.0
9471,11.0
9472,13.0
9473,16.0
9474,37.0
9475,46.0
9476,45.0
9477,49.0
9478,45.0
9479,21.0
9480,15.0
9481,12.0
9482,12.0
9483,15.0
9484,13.0
9485,10.0
9486,25.0
9487,43.0
9488,23.0
9489,27.0
9490,19.0
9491,23.0
9492,23.0
9493,17.0
9494,21.0
9495,18.0
9496,28.0
9497,24.0
9498,46.0
9499,61.0
9500,69.0
9501,68.0
9502,55.0
9503,33.0
9504,43.0
9505,28.0
9506,34.0
9507,29.0
9508,37.0
9509,34.0
9510,27.0
9511,44.0
9512,37.0
9513,46.0
9514,43.0
9515,29.0
9516,20.0
9517,27.0
9518,23.0
9519,28.0
9520,22.0
9521,29.0
9522,30.0
9523,42.0
9524,49.0
9525,49.0
9526,59.0
9527,84.0
9528,73.0
9529,70.0
9530,95.0
9531,71.0
9532,47.0
9533,42.0
9534,56.0
9535,48.0
9536,42.0
9537,45.0
9538,60.0
9539,65.0
9540,55.0
9541,38.0
9542,33.0
9543,34.0
9544,19.0
9545,18.0
9546,29.0
9547,44.0
9548,89.0
9549,61.0
9550,61.0
9551,75.0
9552,348.0
9553,79.0
9554,40.0
9555,25.0
9556,29.0
9557,23.0
9558,24.0
9559,39.0
9560,46.0
9561,47.0
9562,30.0
9563,36.0
9564,28.0
9565,44.0
9566,47.0
9567,78.0
9568,100.0
9569,146.0
9570,143.0
9571,167.0
9572,250.0
9573,288.0
9574,289.0
9575,299.0
9576,378.0
9577,270.0
9578,263.0
9579,234.0
9580,171.0
9581,100.0
9582,83.0
9583,77.0
9584,86.0
9585,102.0
9586,77.0
9587,40.0
9588,37.0
9589,33.0
9590,32.0
9591,32.0
9592,21.0
9593,196.0
9594,161.0
9595,143.0
9596,149.0
9597,99.0
9598,64.0
9599,43.0
9600,53.0
9601,46.0
9602,55.0
9603,63.0
9604,74.0
9605,82.0
9606,87.0
9607,90.0
9608,92.0
9609,97.0
9610,100.0
9611,105.0
9612,109.0
9613,130.0
9614,145.0
9615,147.0
9616,165.0
9617,178.0
9618,169.0
9619,155.0
9620,158.0
9621,174.0
9622,201.0
9623,220.0
9624,186.0
9625,144.0
9626,89.0
9627,17.0
9628,19.0
9629,22.0
9630,34.0
9631,31.0
9632,54.0
9633,34.0
9634,29.0
9635,25.0
9636,27.0
9637,21.0
9638,25.0
9639,29.0
9640,21.0
9641,22.0
9642,20.0
9643,35.0
9644,41.0
9645,69.0
9646,83.0
9647,93.0
9648,106.0
9649,110.0
9650,110.0
9651,122.0
9652,130.0
9653,126.0
9654,117.0
9655,118.0
9656,110.0
9657,113.0
9658,131.0
9659,151.0
9660,129.0
9661,117.0
9662,138.0
9663,146.0
9664,108.0
9665,77.0
9666,101.0
9667,200.0
9668,288.0
9669,295.0
9670,263.0
9671,208.0
9672,176.0
9673,121.0
9674,133.0
9675,128.0
9676,162.0
9677,168.0
9678,148.0
9679,119.0
9680,118.0
9681,109.0
9682,80.0
9683,52.0
9684,43.0
9685,37.0
9686,26.0
9687,27.0
9688,27.0
9689,17.0
9690,37.0
9691,47.0
9692,100.0
9693,148.0
9694,132.0
9695,84.0
9696,78.0
9697,132.0
9698,163.0
9699,171.0
9700,176.0
9701,199.0
9702,209.0
9703,208.0
9704,211.0
9705,199.0
9706,212.0
9707,225.0
9708,151.0
9709,96.0
9710,68.0
9711,68.0
9712,79.0
9713,80.0
9714,82.0
9715,43.0
9716,38.0
9717,38.0
9718,35.0
9719,31.0
9720,30.0
9721,28.0
9722,30.0
9723,44.0
9724,55.0
9725,34.0
9726,41.0
9727,52.0
9728,66.0
9729,70.0
9730,74.0
9731,81.0
9732,68.0
9733,62.0
9734,76.0
9735,78.0
9736,79.0
9737,83.0
9738,90.0
9739,95.0
9740,98.0
9741,98.0
9742,97.0
9743,107.0
9744,100.0
9745,105.0
9746,103.0
9747,96.0
9748,104.0
9749,102.0
9750,111.0
9751,82.0
9752,239.0
9753,132.0
9754,66.0
9755,41.0
9756,13.0
9757,10.0
9758,8.0
9759,12.0
9760,12.0
9761,7.0
9762,7.0
9763,10.0
9764,8.0
9765,9.0
9766,9.0
9767,7.0
9768,12.0
9769,11.0
9770,17.0
9771,12.0
9772,10.0
9773,10.0
9774,12.0
9775,16.0
9776,21.0
9777,21.0
9778,22.0
9779,23.0
9780,27.0
9781,34.0
9782,49.0
9783,41.0
9784,48.0
9785,43.0
9786,41.0
9787,39.0
9788,41.0
9789,47.0
9790,58.0
9791,50.0
9792,52.0
9793,59.0
9794,58.0
9795,65.0
9796,68.0
9797,61.0
9798,69.0
9799,72.0
9800,69.0
9801,82.0
9802,85.0
9803,87.0
9804,79.0
9805,86.0
9806,86.0
9807,82.0
9808,92.0
9809,104.0
9810,108.0
9811,113.0
9812,115.0
9813,12.0
9814,13.0
9815,11.0
9816,6.0
9817,8.0
9818,8.0
9819,7.0
9820,10.0
9821,11.0
9822,22.0
9823,33.0
9824,29.0
9825,37.0
9826,30.0
9827,26.0
9828,22.0
9829,28.0
9830,46.0
9831,53.0
9832,56.0
9833,39.0
9834,40.0
9835,46.0
9836,61.0
9837,77.0
9838,89.0
9839,102.0
9840,125.0
9841,154.0
9842,153.0
9843,122.0
9844,113.0
9845,138.0
9846,125.0
9847,117.0
9848,152.0
9849,181.0
9850,214.0
9851,233.0
9852,252.0
9853,274.0
9854,248.0
9855,216.0
9856,209.0
9857,213.0
9858,254.0
9859,301.0
9860,298.0
9861,331.0
9862,328.0
9863,335.0
9864,312.0
9865,299.0
9866,294.0
9867,277.0
9868,281.0
9869,267.0
9870,269.0
9871,258.0
9872,263.0
9873,285.0
9874,282.0
9875,281.0
9876,292.0
9877,289.0
9878,272.0
9879,234.0
9880,214.0
9881,192.0
9882,211.0
9883,240.0
9884,249.0
9885,278.0
9886,279.0
9887,294.0
9888,327.0
9889,328.0
9890,316.0
9891,315.0
9892,273.0
9893,254.0
9894,226.0
9895,237.0
9896,224.0
9897,234.0
9898,195.0
9899,104.0
9900,75.0
9901,53.0
9902,50.0
9903,49.0
9904,42.0
9905,53.0
9906,80.0
9907,188.0
9908,288.0
9909,404.0
9910,422.0
9911,411.0
9912,345.0
9913,353.0
9914,399.0
9915,384.0
9916,282.0
9917,88.0
9918,41.0
9919,51.0
9920,46.0
9921,48.0
9922,51.0
9923,50.0
9924,50.0
9925,101.0
9926,127.0
9927,140.0
9928,206.0
9929,226.0
9930,203.0
9931,240.0
9932,258.0
9933,262.0
9934,260.0
9935,264.0
9936,274.0
9937,253.0
9938,283.0
9939,259.0
9940,140.0
9941,120.0
9942,154.0
9943,166.0
9944,144.0
9945,138.0
9946,131.0
9947,113.0
9948,92.0
9949,127.0
9950,127.0
9951,131.0
9952,153.0
9953,174.0
9954,221.0
9955,264.0
9956,273.0
9957,273.0
9958,268.0
9959,288.0
9960,297.0
9961,300.0
9962,355.0
9963,342.0
9964,202.0
9965,130.0
9966,108.0
9967,113.0
9968,126.0
9969,156.0
9970,282.0
9971,379.0
9972,437.0
9973,477.0
9974,510.0
9975,526.0
9976,492.0
9977,472.0
9978,474.0
9979,482.0
9980,482.0
9981,477.0
9982,480.0
9983,527.0
9984,486.0
9985,493.0
9986,515.0
9987,595.0
9988,563.0
9989,563.0
9990,528.0
9991,515.0
9992,495.0
9993,486.0
9994,508.0
9995,464.0
9996,430.0
9997,452.0
9998,489.0
9999,477.0
10000,425.0
10001,407.0
10002,498.0
10003,492.0
10004,492.0
10005,476.0
10006,478.0
10007,499.0
10008,489.0
10009,494.0
10010,481.0
10011,445.0
10012,431.0
10013,423.0
10014,457.0
10015,434.0
10016,391.0
10017,347.0
10018,292.0
10019,343.0
10020,322.0
10021,360.0
10022,376.0
10023,369.0
10024,354.0
10025,335.0
10026,394.0
10027,397.0
10028,395.0
10029,401.0
10030,406.0
10031,399.0
10032,373.0
10033,396.0
10034,461.0
10035,455.0
10036,415.0
10037,406.0
10038,421.0
10039,420.0
10040,393.0
10041,389.0
10042,401.0
10043,403.0
10044,406.0
10045,469.0
10046,409.0
10047,397.0
10048,387.0
10049,396.0
10050,436.0
10051,470.0
10052,451.0
10053,436.0
10054,411.0
10055,418.0
10056,424.0
10057,413.0
10058,404.0
10059,397.0
10060,285.0
10061,215.0
10062,136.0
10063,119.0
10064,38.0
10065,16.0
10066,13.0
10067,17.0
10068,23.0
10069,29.0
10070,34.0
10071,28.0
10072,24.0
10073,21.0
10074,41.0
10075,52.0
10076,142.0
10077,99.0
10078,55.0
10079,55.0
10080,53.0
10081,67.0
10082,72.0
10083,77.0
10084,75.0
10085,80.0
10086,106.0
10087,95.0
10088,100.0
10089,98.0
10090,79.0
10091,74.0
10092,71.0
10093,75.0
10094,73.0
10095,53.0
10096,47.0
10097,44.0
10098,61.0
10099,78.0
10100,55.0
10101,62.0
10102,52.0
10103,42.0
10104,42.0
10105,39.0
10106,35.0
10107,36.0
10108,30.0
10109,44.0
10110,52.0
10111,58.0
10112,71.0
10113,79.0
10114,77.0
10115,71.0
10116,80.0
10117,85.0
10118,96.0
10119,111.0
10120,108.0
10121,122.0
10122,109.0
10123,115.0
10124,103.0
10125,109.0
10126,116.0
10127,125.0
10128,127.0
10129,127.0
10130,123.0
10131,115.0
10132,105.0
10133,90.0
10134,66.0
10135,59.0
10136,39.0
10137,35.0
10138,35.0
10139,26.0
10140,31.0
10141,31.0
10142,34.0
10143,35.0
10144,26.0
10145,28.0
10146,29.0
10147,29.0
10148,29.0
10149,32.0
10150,29.0
10151,25.0
10152,31.0
10153,29.0
10154,26.0
10155,25.0
10156,15.0
10157,20.0
10158,32.0
10159,37.0
10160,37.0
10161,18.0
10162,20.0
10163,13.0
10164,12.0
10165,12.0
10166,12.0
10167,15.0
10168,20.0
10169,16.0
10170,18.0
10171,15.0
10172,8.0
10173,7.0
10174,8.0
10175,12.0
10176,9.0
10177,9.0
10178,11.0
10179,17.0
10180,9.0
10181,11.0
10182,12.0
10183,17.0
10184,20.0
10185,18.0
10186,28.0
10187,16.0
10188,16.0
10189,11.0
10190,19.0
10191,17.0
10192,15.0
10193,14.0
10194,28.0
10195,80.0
10196,87.0
10197,51.0
10198,37.0
10199,9.0
10200,11.0
10201,14.0
10202,11.0
10203,12.0
10204,15.0
10205,29.0
10206,44.0
10207,33.0
10208,22.0
10209,27.0
10210,26.0
10211,18.0
10212,27.0
10213,10.0
10214,16.0
10215,32.0
10216,49.0
10217,40.0
10218,69.0
10219,42.0
10220,20.0
10221,20.0
10222,16.0
10223,9.0
10224,8.0
10225,9.0
10226,10.0
10227,8.0
10228,8.0
10229,9.0
10230,10.0
10231,13.0
10232,13.0
10233,26.0
10234,15.0
10235,19.0
10236,18.0
10237,16.0
10238,15.0
10239,12.0
10240,17.0
10241,9.0
10242,9.0
10243,11.0
10244,37.0
10245,36.0
10246,40.0
10247,43.0
10248,48.0
10249,46.0
10250,45.0
10251,46.0
10252,52.0
10253,69.0
10254,105.0
10255,83.0
10256,51.0
10257,43.0
10258,57.0
10259,57.0
10260,55.0
10261,51.0
10262,46.0
10263,42.0
10264,55.0
10265,58.0
10266,68.0
10267,91.0
10268,89.0
10269,59.0
10270,66.0
10271,69.0
10272,56.0
10273,61.0
10274,62.0
10275,74.0
10276,82.0
10277,77.0
10278,82.0
10279,79.0
10280,91.0
10281,96.0
10282,109.0
10283,106.0
10284,109.0
10285,136.0
10286,133.0
10287,92.0
10288,90.0
10289,92.0
10290,108.0
10291,122.0
10292,130.0
10293,142.0
10294,129.0
10295,55.0
10296,20.0
10297,15.0
10298,14.0
10299,12.0
10300,12.0
10301,24.0
10302,6.0
10303,19.0
10304,13.0
10305,18.0
10306,14.0
10307,16.0
10308,15.0
10309,11.0
10310,12.0
10311,17.0
10312,14.0
10313,10.0
10314,7.0
10315,7.0
10316,7.0
10317,7.0
10318,7.0
10319,7.0
10320,7.0
10321,7.0
10322,9.0
10323,11.0
10324,20.0
10325,14.0
10326,16.0
10327,21.0
10328,17.0
10329,15.0
10330,15.0
10331,19.0
10332,15.0
10333,12.0
10334,22.0
10335,16.0
10336,22.0
10337,9.0
10338,16.0
10339,23.0
10340,46.0
10341,35.0
10342,33.0
10343,33.0
10344,25.0
10345,10.0
10346,11.0
10347,13.0
10348,14.0
10349,18.0
10350,16.0
10351,21.0
10352,19.0
10353,20.0
10354,16.0
10355,17.0
10356,19.0
10357,16.0
10358,21.0
10359,24.0
10360,24.0
10361,16.0
10362,15.0
10363,18.0
10364,14.0
10365,10.0
10366,7.0
10367,7.0
10368,6.0
10369,7.0
10370,7.0
10371,9.0
10372,10.0
10373,19.0
10374,31.0
10375,35.0
10376,34.0
10377,21.0
10378,19.0
10379,15.0
10380,17.0
10381,16.0
10382,24.0
10383,17.0
10384,12.0
10385,12.0
10386,18.0
10387,34.0
10388,35.0
10389,36.0
10390,46.0
10391,66.0
10392,51.0
10393,58.0
10394,79.0
10395,80.0
10396,74.0
10397,72.0
10398,83.0
10399,112.0
10400,61.0
10401,54.0
10402,46.0
10403,36.0
10404,27.0
10405,19.0
10406,26.0
10407,22.0
10408,14.0
10409,9.0
10410,26.0
10411,25.0
10412,38.0
10413,43.0
10414,48.0
10415,48.0
10416,47.0
10417,40.0
10418,40.0
10419,44.0
10420,26.0
10421,26.0
10422,30.0
10423,85.0
10424,92.0
10425,99.0
10426,109.0
10427,92.0
10428,80.0
10429,85.0
10430,95.0
10431,116.0
10432,110.0
10433,108.0
10434,132.0
10435,156.0
10436,166.0
10437,196.0
10438,209.0
10439,263.0
10440,248.0
10441,253.0
10442,258.0
10443,263.0
10444,266.0
10445,274.0
10446,272.0
10447,271.0
10448,250.0
10449,254.0
10450,243.0
10451,241.0
10452,241.0
10453,236.0
10454,225.0
10455,225.0
10456,228.0
10457,272.0
10458,272.0
10459,367.0
10460,416.0
10461,415.0
10462,360.0
10463,379.0
10464,377.0
10465,400.0
10466,368.0
10467,351.0
10468,339.0
10469,320.0
10470,339.0
10471,332.0
10472,318.0
10473,267.0
10474,164.0
10475,42.0
10476,27.0
10477,31.0
10478,25.0
10479,24.0
10480,20.0
10481,16.0
10482,16.0
10483,17.0
10484,13.0
10485,11.0
10486,9.0
10487,8.0
10488,6.0
10489,7.0
10490,9.0
10491,8.0
10492,8.0
10493,8.0
10494,8.0
10495,12.0
10496,21.0
10497,18.0
10498,13.0
10499,25.0
10500,22.0
10501,21.0
10502,23.0
10503,25.0
10504,17.0
10505,12.0
10506,16.0
10507,18.0
10508,17.0
10509,17.0
10510,14.0
10511,16.0
10512,17.0
10513,9.0
10514,9.0
10515,9.0
10516,11.0
10517,14.0
10518,13.0
10519,12.0
10520,16.0
10521,11.0
10522,18.0
10523,21.0
10524,22.0
10525,23.0
10526,16.0
10527,21.0
10528,19.0
10529,19.0
10530,18.0
10531,16.0
10532,14.0
10533,23.0
10534,16.0
10535,18.0
10536,17.0
10537,7.0
10538,7.0
10539,19.0
10540,15.0
10541,23.0
10542,24.0
10543,19.0
10544,33.0
10545,32.0
10546,30.0
10547,26.0
10548,45.0
10549,40.0
10550,37.0
10551,27.0
10552,27.0
10553,44.0
10554,79.0
10555,117.0
10556,70.0
10557,76.0
10558,90.0
10559,105.0
10560,125.0
10561,138.0
10562,128.0
10563,110.0
10564,109.0
10565,105.0
10566,104.0
10567,107.0
10568,101.0
10569,115.0
10570,116.0
10571,132.0
10572,135.0
10573,123.0
10574,112.0
10575,96.0
10576,96.0
10577,90.0
10578,99.0
10579,126.0
10580,126.0
10581,126.0
10582,126.0
10583,126.0
10584,126.0
10585,126.0
10586,126.0
10587,126.0
10588,126.0
10589,126.0
10590,126.0
10591,126.0
10592,126.0
10593,126.0
10594,126.0
10595,126.0
10596,126.0
10597,126.0
10598,126.0
10599,126.0
10600,126.0
10601,126.0
10602,126.0
10603,126.0
10604,126.0
10605,126.0
10606,126.0
10607,126.0
10608,126.0
10609,126.0
10610,126.0
10611,126.0
10612,126.0
10613,126.0
10614,126.0
10615,126.0
10616,126.0
10617,126.0
10618,126.0
10619,126.0
10620,126.0
10621,126.0
10622,126.0
10623,126.0
10624,126.0
10625,126.0
10626,126.0
10627,126.0
10628,126.0
10629,126.0
10630,126.0
10631,126.0
10632,126.0
10633,126.0
10634,126.0
10635,126.0
10636,126.0
10637,126.0
10638,126.0
10639,126.0
10640,126.0
10641,126.0
10642,126.0
10643,126.0
10644,126.0
10645,126.0
10646,126.0
10647,126.0
10648,126.0
10649,126.0
10650,126.0
10651,126.0
10652,126.0
10653,126.0
10654,126.0
10655,126.0
10656,126.0
10657,126.0
10658,126.0
10659,126.0
10660,126.0
10661,126.0
10662,126.0
10663,126.0
10664,126.0
10665,126.0
10666,126.0
10667,126.0
10668,126.0
10669,126.0
10670,126.0
10671,13.0
10672,13.0
10673,28.0
10674,33.0
10675,14.0
10676,20.0
10677,23.0
10678,24.0
10679,17.0
10680,12.0
10681,12.0
10682,9.0
10683,8.0
10684,9.0
10685,15.0
10686,13.0
10687,13.0
10688,12.0
10689,13.0
10690,14.0
10691,12.0
10692,18.0
10693,11.0
10694,22.0
10695,19.0
10696,14.0
10697,12.0
10698,17.0
10699,24.0
10700,41.0
10701,60.0
10702,21.0
10703,30.0
10704,23.0
10705,20.0
10706,24.0
10707,24.0
10708,20.0
10709,20.0
10710,20.0
10711,30.0
10712,25.0
10713,12.0
10714,20.0
10715,16.0
10716,19.0
10717,16.0
10718,18.0
10719,22.0
10720,16.0
10721,22.0
10722,28.0
10723,32.0
10724,23.0
10725,24.0
10726,15.0
10727,15.0
10728,13.0
10729,13.0
10730,10.0
10731,8.0
10732,9.0
10733,8.0
10734,10.0
10735,12.0
10736,18.0
10737,15.0
10738,13.0
10739,12.0
10740,11.0
10741,15.0
10742,12.0
10743,15.0
10744,17.0
10745,6.0
10746,7.0
10747,6.0
10748,4.0
10749,3.0
10750,4.0
10751,8.0
10752,13.0
10753,13.0
10754,15.0
10755,23.0
10756,23.0
10757,27.0
10758,18.0
10759,25.0
10760,31.0
10761,23.0
10762,17.0
10763,22.0
10764,16.0
10765,15.0
10766,13.0
10767,25.0
10768,18.0
10769,17.0
10770,22.0
10771,39.0
10772,21.0
10773,24.0
10774,37.0
10775,36.0
10776,46.0
10777,57.0
10778,66.0
10779,78.0
10780,76.0
10781,85.0
10782,126.0
10783,145.0
10784,178.0
10785,157.0
10786,130.0
10787,60.0
10788,38.0
10789,39.0
10790,36.0
10791,29.0
10792,23.0
10793,11.0
10794,12.0
10795,16.0
10796,12.0
10797,13.0
10798,11.0
10799,20.0
10800,6.0
10801,20.0
10802,13.0
10803,16.0
10804,12.0
10805,17.0
10806,27.0
10807,21.0
10808,20.0
10809,26.0
10810,27.0
10811,29.0
10812,25.0
10813,16.0
10814,23.0
10815,21.0
10816,13.0
10817,13.0
10818,17.0
10819,50.0
10820,22.0
10821,22.0
10822,69.0
10823,43.0
10824,40.0
10825,38.0
10826,37.0
10827,39.0
10828,45.0
10829,50.0
10830,44.0
10831,58.0
10832,48.0
10833,48.0
10834,39.0
10835,44.0
10836,36.0
10837,36.0
10838,38.0
10839,43.0
10840,35.0
10841,42.0
10842,51.0
10843,60.0
10844,65.0
10845,61.0
10846,56.0
10847,69.0
10848,76.0
10849,58.0
10850,64.0
10851,79.0
10852,100.0
10853,128.0
10854,110.0
10855,116.0
10856,97.0
10857,99.0
10858,107.0
10859,101.0
10860,94.0
10861,70.0
10862,49.0
10863,59.0
10864,60.0
10865,51.0
10866,55.0
10867,73.0
10868,70.0
10869,67.0
10870,64.0
10871,75.0
10872,87.0
10873,96.0
10874,103.0
10875,115.0
10876,112.0
10877,95.0
10878,87.0
10879,95.0
10880,123.0
10881,136.0
10882,143.0
10883,152.0
10884,132.0
10885,104.0
10886,84.0
10887,66.0
10888,50.0
10889,57.0
10890,77.0
10891,77.0
10892,77.0
10893,77.0
10894,77.0
10895,148.0
10896,148.0
10897,148.0
10898,148.0
10899,148.0
10900,148.0
10901,148.0
10902,148.0
10903,148.0
10904,204.0
10905,212.0
10906,212.0
10907,212.0
10908,212.0
10909,212.0
10910,188.0
10911,179.0
10912,166.0
10913,168.0
10914,168.0
10915,168.0
10916,295.0
10917,328.0
10918,287.0
10919,287.0
10920,222.0
10921,147.0
10922,51.0
10923,23.0
10924,19.0
10925,18.0
10926,15.0
10927,18.0
10928,25.0
10929,17.0
10930,18.0
10931,20.0
10932,17.0
10933,15.0
10934,16.0
10935,23.0
10936,34.0
10937,19.0
10938,25.0
10939,33.0
10940,36.0
10941,33.0
10942,23.0
10943,23.0
10944,30.0
10945,48.0
10946,44.0
10947,56.0
10948,46.0
10949,32.0
10950,54.0
10951,89.0
10952,79.0
10953,45.0
10954,68.0
10955,158.0
10956,178.0
10957,63.0
10958,108.0
10959,92.0
10960,127.0
10961,11.0
10962,5.0
10963,24.0
10964,5.0
10965,5.0
10966,55.0
10967,79.0
10968,124.0
10969,143.0
10970,186.0
10971,167.0
10972,184.0
10973,172.0
10974,149.0
10975,156.0
10976,144.0
10977,135.0
10978,94.0
10979,105.0
10980,50.0
10981,167.0
10982,138.0
10983,170.0
10984,89.0
10985,108.0
10986,108.0
10987,108.0
10988,108.0
10989,108.0
10990,86.0
10991,65.0
10992,88.0
10993,80.0
10994,125.0
10995,123.0
10996,151.0
10997,174.0
10998,241.0
10999,132.0
11000,159.0
11001,138.0
11002,177.0
11003,149.0
11004,192.0
11005,171.0
11006,211.0
11007,124.0
11008,170.0
11009,52.0
11010,22.0
11011,17.0
11012,54.0
11013,59.0
11014,150.0
11015,146.0
11016,154.0
11017,166.0
11018,164.0
11019,191.0
11020,152.0
11021,160.0
11022,254.0
11023,231.0
11024,254.0
11025,277.0
11026,207.0
11027,218.0
11028,264.0
11029,227.0
11030,188.0
11031,253.0
11032,227.0
11033,166.0
11034,143.0
11035,184.0
11036,246.0
11037,279.0
11038,233.0
11039,220.0
11040,190.0
11041,196.0
11042,96.0
11043,103.0
11044,94.0
11045,120.0
11046,77.0
11047,158.0
11048,169.0
11049,169.0
11050,169.0
11051,169.0
11052,169.0
11053,169.0
11054,169.0
11055,169.0
11056,169.0
11057,169.0
11058,169.0
11059,169.0
11060,169.0
11061,169.0
11062,169.0
11063,169.0
11064,169.0
11065,169.0
11066,169.0
11067,169.0
11068,169.0
11069,169.0
11070,169.0
11071,169.0
11072,169.0
11073,169.0
11074,169.0
11075,169.0
11076,169.0
11077,169.0
11078,169.0
11079,169.0
11080,169.0
11081,169.0
11082,169.0
11083,169.0
11084,169.0
11085,169.0
11086,169.0
11087,169.0
11088,169.0
11089,169.0
11090,169.0
11091,169.0
11092,169.0
11093,169.0
11094,169.0
11095,169.0
11096,169.0
11097,169.0
11098,169.0
11099,169.0
11100,169.0
11101,24.0
11102,27.0
11103,39.0
11104,39.0
11105,39.0
11106,39.0
11107,39.0
11108,39.0
11109,39.0
11110,39.0
11111,69.0
11112,69.0
11113,69.0
11114,69.0
11115,69.0
11116,69.0
11117,69.0
11118,69.0
11119,69.0
11120,69.0
11121,69.0
11122,105.0
11123,103.0
11124,105.0
11125,107.0
11126,105.0
11127,102.0
11128,102.0
11129,100.0
11130,109.0
11131,107.0
11132,77.0
11133,80.0
11134,82.0
11135,82.0
11136,50.0
11137,39.0
11138,24.0
11139,28.0
11140,14.0
11141,13.0
11142,11.0
11143,17.0
11144,15.0
11145,8.0
11146,10.0
11147,12.0
11148,12.0
11149,13.0
11150,14.0
11151,11.0
11152,10.0
11153,10.0
11154,11.0
11155,17.0
11156,91.0
11157,22.0
11158,16.0
11159,16.0
11160,12.0
11161,8.0
11162,9.0
11163,14.0
11164,16.0
11165,14.0
11166,29.0
11167,24.0
11168,19.0
11169,16.0
11170,17.0
11171,13.0
11172,12.0
11173,10.0
11174,11.0
11175,12.0
11176,13.0
11177,18.0
11178,26.0
11179,27.0
11180,45.0
11181,49.0
11182,50.0
11183,51.0
11184,64.0
11185,67.0
11186,77.0
11187,85.0
11188,91.0
11189,88.0
11190,91.0
11191,103.0
11192,101.0
11193,88.0
11194,91.0
11195,99.0
11196,94.0
11197,101.0
11198,91.0
11199,73.0
11200,94.0
11201,88.0
11202,104.0
11203,145.0
11204,171.0
11205,184.0
11206,202.0
11207,196.0
11208,186.0
11209,184.0
11210,188.0
11211,189.0
11212,201.0
11213,231.0
11214,225.0
11215,169.0
11216,163.0
11217,142.0
11218,136.0
11219,141.0
11220,125.0
11221,131.0
11222,138.0
11223,152.0
11224,145.0
11225,157.0
11226,172.0
11227,170.0
11228,172.0
11229,155.0
11230,168.0
11231,163.0
11232,144.0
11233,137.0
11234,133.0
11235,158.0
11236,162.0
11237,158.0
11238,174.0
11239,184.0
11240,191.0
11241,159.0
11242,74.0
11243,27.0
11244,21.0
11245,21.0
11246,21.0
11247,21.0
11248,21.0
11249,21.0
11250,21.0
11251,21.0
11252,21.0
11253,21.0
11254,21.0
11255,53.0
11256,53.0
11257,53.0
11258,53.0
11259,53.0
11260,53.0
11261,53.0
11262,53.0
11263,53.0
11264,53.0
11265,53.0
11266,53.0
11267,53.0
11268,28.0
11269,26.0
11270,27.0
11271,25.0
11272,25.0
11273,25.0
11274,25.0
11275,25.0
11276,25.0
11277,25.0
11278,25.0
11279,36.0
11280,36.0
11281,36.0
11282,36.0
11283,36.0
11284,36.0
11285,36.0
11286,36.0
11287,36.0
11288,36.0
11289,36.0
11290,36.0
11291,36.0
11292,36.0
11293,36.0
11294,76.0
11295,87.0
11296,146.0
11297,149.0
11298,121.0
11299,79.0
11300,58.0
11301,53.0
11302,56.0
11303,56.0
11304,60.0
11305,65.0
11306,41.0
11307,23.0
11308,20.0
11309,12.0
11310,13.0
11311,16.0
11312,22.0
11313,35.0
11314,72.0
11315,249.0
11316,76.0
11317,90.0
11318,74.0
11319,44.0
11320,93.0
11321,118.0
11322,120.0
11323,97.0
11324,14.0
11325,15.0
11326,18.0
11327,18.0
11328,21.0
11329,10.0
11330,9.0
11331,7.0
11332,4.0
11333,6.0
11334,6.0
11335,4.0
11336,3.0
11337,5.0
11338,9.0
11339,12.0
11340,11.0
11341,11.0
11342,13.0
11343,10.0
11344,10.0
11345,15.0
11346,19.0
11347,32.0
11348,43.0
11349,65.0
11350,54.0
11351,56.0
11352,63.0
11353,52.0
11354,53.0
11355,48.0
11356,62.0
11357,59.0
11358,93.0
11359,103.0
11360,79.0
11361,80.0
11362,84.0
11363,73.0
11364,52.0
11365,44.0
11366,58.0
11367,68.0
11368,86.0
11369,99.0
11370,105.0
11371,93.0
11372,120.0
11373,115.0
11374,91.0
11375,82.0
11376,84.0
11377,114.0
11378,97.0
11379,87.0
11380,91.0
11381,97.0
11382,121.0
11383,136.0
11384,160.0
11385,175.0
11386,166.0
11387,153.0
11388,165.0
11389,135.0
11390,270.0
11391,141.0
11392,137.0
11393,143.0
11394,157.0
11395,156.0
11396,189.0
11397,165.0
11398,195.0
11399,175.0
11400,157.0
11401,161.0
11402,167.0
11403,171.0
11404,160.0
11405,140.0
11406,161.0
11407,169.0
11408,113.0
11409,69.0
11410,44.0
11411,44.0
11412,44.0
11413,44.0
11414,44.0
11415,44.0
11416,44.0
11417,44.0
11418,44.0
11419,44.0
11420,49.0
11421,49.0
11422,49.0
11423,74.0
11424,74.0
11425,74.0
11426,74.0
11427,74.0
11428,74.0
11429,74.0
11430,74.0
11431,74.0
11432,74.0
11433,74.0
11434,39.0
11435,39.0
11436,34.0
11437,70.0
11438,36.0
11439,28.0
11440,28.0
11441,28.0
11442,28.0
11443,28.0
11444,28.0
11445,28.0
11446,28.0
11447,49.0
11448,49.0
11449,49.0
11450,49.0
11451,49.0
11452,49.0
11453,49.0
11454,49.0
11455,49.0
11456,49.0
11457,49.0
11458,49.0
11459,49.0
11460,49.0
11461,49.0
11462,16.0
11463,16.0
11464,10.0
11465,12.0
11466,16.0
11467,14.0
11468,13.0
11469,12.0
11470,12.0
11471,12.0
11472,9.0
11473,8.0
11474,11.0
11475,15.0
11476,16.0
11477,17.0
11478,23.0
11479,17.0
11480,19.0
11481,15.0
11482,22.0
11483,13.0
11484,14.0
11485,15.0
11486,10.0
11487,23.0
11488,14.0
11489,12.0
11490,13.0
11491,24.0
11492,32.0
11493,37.0
11494,41.0
11495,41.0
11496,99.0
11497,73.0
11498,60.0
11499,78.0
11500,96.0
11501,91.0
11502,93.0
11503,122.0
11504,165.0
11505,156.0
11506,162.0
11507,167.0
11508,167.0
11509,155.0
11510,126.0
11511,117.0
11512,97.0
11513,95.0
11514,90.0
11515,93.0
11516,100.0
11517,83.0
11518,96.0
11519,103.0
11520,138.0
11521,148.0
11522,126.0
11523,101.0
11524,104.0
11525,116.0
11526,143.0
11527,151.0
11528,149.0
11529,86.0
11530,51.0
11531,41.0
11532,31.0
11533,26.0
11534,20.0
11535,15.0
11536,13.0
11537,16.0
11538,18.0
11539,22.0
11540,63.0
11541,68.0
11542,82.0
11543,79.0
11544,51.0
11545,46.0
11546,67.0
11547,54.0
11548,43.0
11549,42.0
11550,44.0
11551,29.0
11552,29.0
11553,25.0
11554,20.0
11555,19.0
11556,25.0
11557,27.0
11558,27.0
11559,36.0
11560,39.0
11561,47.0
11562,62.0
11563,64.0
11564,73.0
11565,59.0
11566,60.0
11567,61.0
11568,61.0
11569,59.0
11570,63.0
11571,70.0
11572,64.0
11573,75.0
11574,82.0
11575,93.0
11576,90.0
11577,84.0
11578,84.0
11579,99.0
11580,105.0
11581,105.0
11582,105.0
11583,105.0
11584,105.0
11585,105.0
11586,105.0
11587,105.0
11588,105.0
11589,105.0
11590,105.0
11591,165.0
11592,165.0
11593,165.0
11594,165.0
11595,165.0
11596,165.0
11597,165.0
11598,165.0
11599,166.0
11600,185.0
11601,162.0
11602,163.0
11603,172.0
11604,165.0
11605,163.0
11606,152.0
11607,157.0
11608,162.0
11609,171.0
11610,172.0
11611,170.0
11612,168.0
11613,172.0
11614,168.0
11615,178.0
11616,170.0
11617,172.0
11618,186.0
11619,176.0
11620,183.0
11621,194.0
11622,195.0
11623,200.0
11624,218.0
11625,232.0
11626,187.0
11627,97.0
11628,76.0
11629,53.0
11630,36.0
11631,41.0
11632,81.0
11633,120.0
11634,201.0
11635,214.0
11636,238.0
11637,251.0
11638,234.0
11639,164.0
11640,136.0
11641,108.0
11642,88.0
11643,65.0
11644,83.0
11645,96.0
11646,100.0
11647,99.0
11648,89.0
11649,86.0
11650,60.0
11651,49.0
11652,38.0
11653,38.0
11654,42.0
11655,39.0
11656,31.0
11657,41.0
11658,33.0
11659,37.0
11660,40.0
11661,37.0
11662,33.0
11663,38.0
11664,48.0
11665,26.0
11666,15.0
11667,18.0
11668,17.0
11669,15.0
11670,24.0
11671,23.0
11672,20.0
11673,27.0
11674,14.0
11675,12.0
11676,16.0
11677,27.0
11678,24.0
11679,41.0
11680,31.0
11681,23.0
11682,19.0
11683,34.0
11684,34.0
11685,21.0
11686,14.0
11687,13.0
11688,16.0
11689,12.0
11690,8.0
11691,7.0
11692,7.0
11693,8.0
11694,11.0
11695,13.0
11696,14.0
11697,14.0
11698,14.0
11699,13.0
11700,15.0
11701,16.0
11702,13.0
11703,36.0
11704,33.0
11705,33.0
11706,28.0
11707,27.0
11708,35.0
11709,45.0
11710,57.0
11711,68.0
11712,79.0
11713,65.0
11714,70.0
11715,79.0
11716,81.0
11717,93.0
11718,81.0
11719,50.0
11720,63.0
11721,44.0
11722,42.0
11723,39.0
11724,55.0
11725,48.0
11726,53.0
11727,43.0
11728,54.0
11729,58.0
11730,63.0
11731,80.0
11732,95.0
11733,93.0
11734,94.0
11735,98.0
11736,110.0
11737,113.0
11738,107.0
11739,114.0
11740,123.0
11741,130.0
11742,136.0
11743,147.0
11744,148.0
11745,168.0
11746,201.0
11747,188.0
11748,150.0
11749,118.0
11750,84.0
11751,59.0
11752,44.0
11753,39.0
11754,35.0
11755,63.0
11756,95.0
11757,79.0
11758,75.0
11759,97.0
11760,110.0
11761,111.0
11762,98.0
11763,97.0
11764,86.0
11765,58.0
11766,60.0
11767,55.0
11768,39.0
11769,33.0
11770,34.0
11771,34.0
11772,37.0
11773,38.0
11774,32.0
11775,30.0
11776,26.0
11777,23.0
11778,28.0
11779,37.0
11780,43.0
11781,30.0
11782,31.0
11783,40.0
11784,46.0
11785,30.0
11786,27.0
11787,26.0
11788,17.0
11789,19.0
11790,15.0
11791,27.0
11792,23.0
11793,23.0
11794,18.0
11795,14.0
11796,16.0
11797,20.0
11798,29.0
11799,45.0
11800,46.0
11801,48.0
11802,47.0
11803,39.0
11804,53.0
11805,55.0
11806,50.0
11807,69.0
11808,80.0
11809,88.0
11810,62.0
11811,54.0
11812,66.0
11813,64.0
11814,79.0
11815,82.0
11816,80.0
11817,63.0
11818,54.0
11819,59.0
11820,53.0
11821,39.0
11822,40.0
11823,42.0
11824,46.0
11825,44.0
11826,41.0
11827,58.0
11828,63.0
11829,65.0
11830,61.0
11831,76.0
11832,78.0
11833,74.0
11834,78.0
11835,83.0
11836,79.0
11837,88.0
11838,82.0
11839,84.0
11840,94.0
11841,75.0
11842,40.0
11843,33.0
11844,38.0
11845,22.0
11846,19.0
11847,23.0
11848,18.0
11849,20.0
11850,20.0
11851,25.0
11852,35.0
11853,28.0
11854,28.0
11855,31.0
11856,26.0
11857,22.0
11858,16.0
11859,20.0
11860,24.0
11861,33.0
11862,32.0
11863,44.0
11864,76.0
11865,27.0
11866,24.0
11867,21.0
11868,28.0
11869,32.0
11870,70.0
11871,41.0
11872,29.0
11873,23.0
11874,24.0
11875,27.0
11876,35.0
11877,46.0
11878,56.0
11879,80.0
11880,83.0
11881,86.0
11882,92.0
11883,98.0
11884,98.0
11885,104.0
11886,106.0
11887,111.0
11888,117.0
11889,102.0
11890,99.0
11891,184.0
11892,202.0
11893,165.0
11894,159.0
11895,183.0
11896,118.0
11897,61.0
11898,33.0
11899,44.0
11900,60.0
11901,56.0
11902,68.0
11903,51.0
11904,75.0
11905,72.0
11906,77.0
11907,72.0
11908,69.0
11909,63.0
11910,63.0
11911,60.0
11912,56.0
11913,35.0
11914,24.0
11915,22.0
11916,17.0
11917,12.0
11918,12.0
11919,11.0
11920,63.0
11921,32.0
11922,34.0
11923,32.0
11924,24.0
11925,16.0
11926,29.0
11927,27.0
11928,22.0
11929,20.0
11930,18.0
11931,24.0
11932,18.0
11933,29.0
11934,20.0
11935,28.0
11936,28.0
11937,27.0
11938,27.0
11939,27.0
11940,31.0
11941,28.0
11942,25.0
11943,24.0
11944,32.0
11945,31.0
11946,35.0
11947,70.0
11948,40.0
11949,72.0
11950,59.0
11951,44.0
11952,27.0
11953,31.0
11954,29.0
11955,25.0
11956,22.0
11957,21.0
11958,27.0
11959,32.0
11960,26.0
11961,30.0
11962,25.0
11963,26.0
11964,20.0
11965,16.0
11966,18.0
11967,22.0
11968,27.0
11969,40.0
11970,29.0
11971,58.0
11972,50.0
11973,39.0
11974,46.0
11975,53.0
11976,55.0
11977,50.0
11978,58.0
11979,63.0
11980,58.0
11981,34.0
11982,18.0
11983,16.0
11984,16.0
11985,15.0
11986,83.0
11987,21.0
11988,16.0
11989,8.0
11990,18.0
11991,27.0
11992,48.0
11993,57.0
11994,50.0
11995,45.0
11996,44.0
11997,40.0
11998,53.0
11999,68.0
12000,42.0
12001,37.0
12002,37.0
12003,43.0
12004,40.0
12005,55.0
12006,65.0
12007,66.0
12008,64.0
12009,71.0
12010,69.0
12011,75.0
12012,156.0
12013,70.0
12014,24.0
12015,19.0
12016,24.0
12017,40.0
12018,35.0
12019,45.0
12020,41.0
12021,40.0
12022,42.0
12023,45.0
12024,52.0
12025,57.0
12026,62.0
12027,80.0
12028,134.0
12029,107.0
12030,105.0
12031,140.0
12032,147.0
12033,153.0
12034,138.0
12035,149.0
12036,160.0
12037,159.0
12038,158.0
12039,155.0
12040,174.0
12041,184.0
12042,206.0
12043,217.0
12044,236.0
12045,237.0
12046,250.0
12047,264.0
12048,251.0
12049,255.0
12050,206.0
12051,204.0
12052,213.0
12053,219.0
12054,227.0
12055,212.0
12056,205.0
12057,209.0
12058,215.0
12059,217.0
12060,237.0
12061,226.0
12062,236.0
12063,221.0
12064,222.0
12065,205.0
12066,75.0
12067,32.0
12068,27.0
12069,23.0
12070,19.0
12071,7.0
12072,6.0
12073,7.0
12074,6.0
12075,6.0
12076,5.0
12077,6.0
12078,10.0
12079,11.0
12080,11.0
12081,8.0
12082,7.0
12083,9.0
12084,13.0
12085,14.0
12086,16.0
12087,15.0
12088,19.0
12089,11.0
12090,15.0
12091,20.0
12092,29.0
12093,27.0
12094,27.0
12095,28.0
12096,33.0
12097,35.0
12098,26.0
12099,20.0
12100,23.0
12101,46.0
12102,17.0
12103,14.0
12104,18.0
12105,16.0
12106,10.0
12107,11.0
12108,12.0
12109,7.0
12110,19.0
12111,180.0
12112,69.0
12113,47.0
12114,31.0
12115,51.0
12116,32.0
12117,22.0
12118,27.0
12119,26.0
12120,34.0
12121,39.0
12122,44.0
12123,56.0
12124,52.0
12125,47.0
12126,41.0
12127,54.0
12128,52.0
12129,55.0
12130,53.0
12131,91.0
12132,25.0
12133,15.0
12134,34.0
12135,43.0
12136,16.0
12137,9.0
12138,30.0
12139,51.0
12140,55.0
12141,29.0
12142,56.0
12143,36.0
12144,40.0
12145,55.0
12146,47.0
12147,53.0
12148,58.0
12149,74.0
12150,122.0
12151,115.0
12152,67.0
12153,114.0
12154,69.0
12155,76.0
12156,55.0
12157,25.0
12158,24.0
12159,21.0
12160,24.0
12161,31.0
12162,116.0
12163,118.0
12164,89.0
12165,49.0
12166,83.0
12167,73.0
12168,69.0
12169,66.0
12170,77.0
12171,78.0
12172,81.0
12173,89.0
12174,123.0
12175,149.0
12176,155.0
12177,168.0
12178,200.0
12179,187.0
12180,152.0
12181,123.0
12182,114.0
12183,120.0
12184,109.0
12185,90.0
12186,70.0
12187,61.0
12188,47.0
12189,46.0
12190,41.0
12191,53.0
12192,49.0
12193,58.0
12194,57.0
12195,59.0
12196,63.0
12197,71.0
12198,81.0
12199,86.0
12200,100.0
12201,106.0
12202,109.0
12203,102.0
12204,107.0
12205,77.0
12206,57.0
12207,63.0
12208,50.0
12209,46.0
12210,35.0
12211,67.0
12212,53.0
12213,59.0
12214,53.0
12215,78.0
12216,46.0
12217,45.0
12218,51.0
12219,58.0
12220,58.0
12221,56.0
12222,66.0
12223,72.0
12224,80.0
12225,79.0
12226,69.0
12227,73.0
12228,66.0
12229,62.0
12230,66.0
12231,61.0
12232,55.0
12233,55.0
12234,55.0
12235,47.0
12236,48.0
12237,62.0
12238,57.0
12239,88.0
12240,96.0
12241,97.0
12242,95.0
12243,100.0
12244,100.0
12245,112.0
12246,115.0
12247,116.0
12248,116.0
12249,110.0
12250,110.0
12251,110.0
12252,110.0
12253,110.0
12254,110.0
12255,110.0
12256,110.0
12257,110.0
12258,110.0
12259,110.0
12260,110.0
12261,110.0
12262,110.0
12263,110.0
12264,110.0
12265,110.0
12266,110.0
12267,110.0
12268,110.0
12269,110.0
12270,110.0
12271,110.0
12272,110.0
12273,110.0
12274,110.0
12275,110.0
12276,110.0
12277,110.0
12278,110.0
12279,97.0
12280,82.0
12281,73.0
12282,96.0
12283,107.0
12284,122.0
12285,137.0
12286,132.0
12287,153.0
12288,160.0
12289,177.0
12290,190.0
12291,186.0
12292,195.0
12293,153.0
12294,184.0
12295,171.0
12296,154.0
12297,253.0
12298,140.0
12299,113.0
12300,122.0
12301,119.0
12302,124.0
12303,105.0
12304,106.0
12305,104.0
12306,112.0
12307,109.0
12308,110.0
12309,100.0
12310,100.0
12311,99.0
12312,101.0
12313,100.0
12314,99.0
12315,97.0
12316,100.0
12317,95.0
12318,90.0
12319,99.0
12320,105.0
12321,112.0
12322,109.0
12323,116.0
12324,118.0
12325,112.0
12326,104.0
12327,112.0
12328,117.0
12329,139.0
12330,146.0
12331,150.0
12332,114.0
12333,61.0
12334,92.0
12335,96.0
12336,107.0
12337,82.0
12338,71.0
12339,58.0
12340,55.0
12341,62.0
12342,56.0
12343,52.0
12344,99.0
12345,65.0
12346,72.0
12347,85.0
12348,85.0
12349,44.0
12350,67.0
12351,26.0
12352,26.0
12353,28.0
12354,39.0
12355,49.0
12356,15.0
12357,12.0
12358,18.0
12359,29.0
12360,13.0
12361,14.0
12362,15.0
12363,17.0
12364,10.0
12365,10.0
12366,9.0
12367,9.0
12368,9.0
12369,8.0
12370,8.0
12371,9.0
12372,11.0
12373,13.0
12374,14.0
12375,12.0
12376,16.0
12377,10.0
12378,24.0
12379,24.0
12380,14.0
12381,20.0
12382,10.0
12383,12.0
12384,17.0
12385,12.0
12386,16.0
12387,8.0
12388,11.0
12389,17.0
12390,8.0
12391,16.0
12392,15.0
12393,15.0
12394,13.0
12395,20.0
12396,9.0
12397,10.0
12398,11.0
12399,17.0
12400,18.0
12401,28.0
12402,28.0
12403,28.0
12404,29.0
12405,33.0
12406,29.0
12407,33.0
12408,33.0
12409,31.0
12410,36.0
12411,45.0
12412,48.0
12413,57.0
12414,81.0
12415,98.0
12416,99.0
12417,143.0
12418,105.0
12419,83.0
12420,81.0
12421,128.0
12422,127.0
12423,64.0
12424,60.0
12425,100.0
12426,92.0
12427,116.0
12428,74.0
12429,64.0
12430,73.0
12431,69.0
12432,68.0
12433,37.0
12434,37.0
12435,32.0
12436,23.0
12437,18.0
12438,25.0
12439,34.0
12440,9.0
12441,12.0
12442,28.0
12443,9.0
12444,9.0
12445,11.0
12446,11.0
12447,8.0
12448,56.0
12449,15.0
12450,15.0
12451,48.0
12452,56.0
12453,45.0
12454,48.0
12455,53.0
12456,53.0
12457,70.0
12458,48.0
12459,58.0
12460,68.0
12461,57.0
12462,44.0
12463,44.0
12464,44.0
12465,44.0
12466,44.0
12467,44.0
12468,30.0
12469,44.0
12470,37.0
12471,40.0
12472,45.0
12473,21.0
12474,18.0
12475,25.0
12476,27.0
12477,24.0
12478,22.0
12479,28.0
12480,40.0
12481,63.0
12482,78.0
12483,100.0
12484,109.0
12485,124.0
12486,125.0
12487,133.0
12488,133.0
12489,126.0
12490,142.0
12491,109.0
12492,43.0
12493,57.0
12494,90.0
12495,83.0
12496,60.0
12497,67.0
12498,67.0
12499,59.0
12500,64.0
12501,69.0
12502,67.0
12503,75.0
12504,65.0
12505,50.0
12506,41.0
12507,44.0
12508,74.0
12509,92.0
12510,103.0
12511,103.0
12512,103.0
12513,103.0
12514,87.0
12515,85.0
12516,100.0
12517,100.0
12518,93.0
12519,86.0
12520,91.0
12521,99.0
12522,114.0
12523,123.0
12524,145.0
12525,163.0
12526,170.0
12527,163.0
12528,166.0
12529,167.0
12530,201.0
12531,201.0
12532,204.0
12533,217.0
12534,206.0
12535,241.0
12536,237.0
12537,231.0
12538,177.0
12539,160.0
12540,152.0
12541,102.0
12542,66.0
12543,69.0
12544,69.0
12545,82.0
12546,37.0
12547,47.0
12548,55.0
12549,58.0
12550,59.0
12551,66.0
12552,61.0
12553,35.0
12554,9.0
12555,7.0
12556,6.0
12557,7.0
12558,7.0
12559,20.0
12560,13.0
12561,27.0
12562,24.0
12563,14.0
12564,22.0
12565,33.0
12566,49.0
12567,26.0
12568,22.0
12569,27.0
12570,28.0
12571,40.0
12572,29.0
12573,33.0
12574,47.0
12575,53.0
12576,86.0
12577,151.0
12578,210.0
12579,188.0
12580,176.0
12581,184.0
12582,190.0
12583,196.0
12584,189.0
12585,165.0
12586,152.0
12587,126.0
12588,111.0
12589,112.0
12590,106.0
12591,76.0
12592,67.0
12593,92.0
12594,62.0
12595,75.0
12596,96.0
12597,123.0
12598,119.0
12599,121.0
12600,121.0
12601,121.0
12602,108.0
12603,117.0
12604,176.0
12605,199.0
12606,185.0
12607,173.0
12608,172.0
12609,141.0
12610,130.0
12611,132.0
12612,117.0
12613,91.0
12614,83.0
12615,71.0
12616,80.0
12617,92.0
12618,80.0
12619,48.0
12620,64.0
12621,74.0
12622,84.0
12623,96.0
12624,122.0
12625,53.0
12626,52.0
12627,57.0
12628,87.0
12629,95.0
12630,109.0
12631,96.0
12632,91.0
12633,82.0
12634,73.0
12635,81.0
12636,67.0
12637,74.0
12638,85.0
12639,29.0
12640,25.0
12641,39.0
12642,27.0
12643,33.0
12644,43.0
12645,55.0
12646,48.0
12647,20.0
12648,16.0
12649,18.0
12650,14.0
12651,12.0
12652,18.0
12653,10.0
12654,19.0
12655,15.0
12656,12.0
12657,11.0
12658,10.0
12659,11.0
12660,13.0
12661,22.0
12662,15.0
12663,14.0
12664,17.0
12665,46.0
12666,48.0
12667,49.0
12668,39.0
12669,34.0
12670,45.0
12671,52.0
12672,63.0
12673,79.0
12674,85.0
12675,95.0
12676,96.0
12677,98.0
12678,117.0
12679,119.0
12680,103.0
12681,98.0
12682,96.0
12683,98.0
12684,95.0
12685,88.0
12686,83.0
12687,69.0
12688,65.0
12689,63.0
12690,45.0
12691,70.0
12692,63.0
12693,116.0
12694,127.0
12695,132.0
12696,147.0
12697,156.0
12698,125.0
12699,100.0
12700,93.0
12701,94.0
12702,94.0
12703,133.0
12704,153.0
12705,187.0
12706,195.0
12707,205.0
12708,234.0
12709,236.0
12710,231.0
12711,220.0
12712,175.0
12713,146.0
12714,151.0
12715,141.0
12716,142.0
12717,123.0
12718,78.0
12719,54.0
12720,71.0
12721,106.0
12722,128.0
12723,124.0
12724,135.0
12725,167.0
12726,165.0
12727,171.0
12728,170.0
12729,156.0
12730,167.0
12731,175.0
12732,164.0
12733,153.0
12734,152.0
12735,158.0
12736,144.0
12737,142.0
12738,135.0
12739,165.0
12740,198.0
12741,195.0
12742,138.0
12743,154.0
12744,192.0
12745,177.0
12746,120.0
12747,96.0
12748,80.0
12749,91.0
12750,76.0
12751,69.0
12752,69.0
12753,80.0
12754,95.0
12755,95.0
12756,97.0
12757,124.0
12758,140.0
12759,123.0
12760,139.0
12761,144.0
12762,135.0
12763,137.0
12764,113.0
12765,117.0
12766,114.0
12767,115.0
12768,134.0
12769,134.0
12770,125.0
12771,106.0
12772,121.0
12773,110.0
12774,115.0
12775,102.0
12776,88.0
12777,87.0
12778,85.0
12779,88.0
12780,85.0
12781,80.0
12782,67.0
12783,66.0
12784,69.0
12785,79.0
12786,89.0
12787,87.0
12788,104.0
12789,135.0
12790,142.0
12791,151.0
12792,179.0
12793,190.0
12794,194.0
12795,212.0
12796,257.0
12797,244.0
12798,257.0
12799,227.0
12800,198.0
12801,180.0
12802,154.0
12803,132.0
12804,106.0
12805,95.0
12806,101.0
12807,110.0
12808,99.0
12809,113.0
12810,147.0
12811,269.0
12812,285.0
12813,245.0
12814,237.0
12815,221.0
12816,221.0
12817,201.0
12818,195.0
12819,205.0
12820,242.0
12821,235.0
12822,209.0
12823,199.0
12824,198.0
12825,205.0
12826,207.0
12827,201.0
12828,182.0
12829,167.0
12830,161.0
12831,167.0
12832,155.0
12833,149.0
12834,158.0
12835,203.0
12836,209.0
12837,206.0
12838,217.0
12839,222.0
12840,236.0
12841,207.0
12842,254.0
12843,205.0
12844,230.0
12845,214.0
12846,187.0
12847,192.0
12848,184.0
12849,174.0
12850,185.0
12851,173.0
12852,158.0
12853,165.0
12854,134.0
12855,104.0
12856,120.0
12857,111.0
12858,139.0
12859,173.0
12860,192.0
12861,181.0
12862,183.0
12863,199.0
12864,183.0
12865,158.0
12866,160.0
12867,161.0
12868,171.0
12869,176.0
12870,176.0
12871,172.0
12872,169.0
12873,178.0
12874,149.0
12875,164.0
12876,117.0
12877,120.0
12878,109.0
12879,106.0
12880,137.0
12881,91.0
12882,91.0
12883,101.0
12884,116.0
12885,145.0
12886,164.0
12887,166.0
12888,156.0
12889,146.0
12890,137.0
12891,145.0
12892,146.0
12893,204.0
12894,231.0
12895,217.0
12896,187.0
12897,194.0
12898,204.0
12899,251.0
12900,337.0
12901,402.0
12902,432.0
12903,442.0
12904,459.0
12905,445.0
12906,352.0
12907,399.0
12908,132.0
12909,99.0
12910,136.0
12911,139.0
12912,145.0
12913,152.0
12914,150.0
12915,152.0
12916,185.0
12917,166.0
12918,169.0
12919,182.0
12920,166.0
12921,160.0
12922,169.0
12923,185.0
12924,184.0
12925,182.0
12926,163.0
12927,179.0
12928,194.0
12929,133.0
12930,51.0
12931,44.0
12932,34.0
12933,36.0
12934,29.0
12935,49.0
12936,54.0
12937,22.0
12938,25.0
12939,11.0
12940,25.0
12941,18.0
12942,9.0
12943,8.0
12944,11.0
12945,16.0
12946,22.0
12947,18.0
12948,25.0
12949,20.0
12950,23.0
12951,25.0
12952,27.0
12953,34.0
12954,36.0
12955,35.0
12956,45.0
12957,48.0
12958,41.0
12959,51.0
12960,43.0
12961,50.0
12962,31.0
12963,34.0
12964,31.0
12965,22.0
12966,20.0
12967,22.0
12968,29.0
12969,23.0
12970,29.0
12971,30.0
12972,27.0
12973,18.0
12974,19.0
12975,22.0
12976,25.0
12977,25.0
12978,26.0
12979,40.0
12980,43.0
12981,62.0
12982,77.0
12983,102.0
12984,87.0
12985,91.0
12986,109.0
12987,134.0
12988,87.0
12989,56.0
12990,52.0
12991,52.0
12992,41.0
12993,29.0
12994,24.0
12995,16.0
12996,19.0
12997,16.0
12998,21.0
12999,20.0
13000,21.0
13001,24.0
13002,23.0
13003,27.0
13004,75.0
13005,64.0
13006,62.0
13007,72.0
13008,74.0
13009,49.0
13010,47.0
13011,57.0
13012,49.0
13013,81.0
13014,125.0
13015,127.0
13016,79.0
13017,59.0
13018,36.0
13019,26.0
13020,30.0
13021,16.0
13022,31.0
13023,39.0
13024,40.0
13025,51.0
13026,53.0
13027,58.0
13028,55.0
13029,56.0
13030,93.0
13031,108.0
13032,94.0
13033,112.0
13034,118.0
13035,121.0
13036,119.0
13037,127.0
13038,123.0
13039,125.0
13040,127.0
13041,205.0
13042,149.0
13043,162.0
13044,173.0
13045,202.0
13046,185.0
13047,166.0
13048,152.0
13049,137.0
13050,156.0
13051,132.0
13052,116.0
13053,113.0
13054,141.0
13055,177.0
13056,199.0
13057,226.0
13058,229.0
13059,242.0
13060,244.0
13061,265.0
13062,266.0
13063,259.0
13064,274.0
13065,275.0
13066,242.0
13067,232.0
13068,208.0
13069,204.0
13070,190.0
13071,223.0
13072,228.0
13073,243.0
13074,229.0
13075,224.0
13076,206.0
13077,226.0
13078,256.0
13079,266.0
13080,242.0
13081,255.0
13082,238.0
13083,229.0
13084,231.0
13085,219.0
13086,145.0
13087,35.0
13088,38.0
13089,37.0
13090,33.0
13091,48.0
13092,48.0
13093,47.0
13094,52.0
13095,58.0
13096,75.0
13097,113.0
13098,150.0
13099,213.0
13100,213.0
13101,218.0
13102,233.0
13103,245.0
13104,254.0
13105,232.0
13106,220.0
13107,222.0
13108,230.0
13109,226.0
13110,221.0
13111,206.0
13112,82.0
13113,29.0
13114,39.0
13115,61.0
13116,77.0
13117,93.0
13118,109.0
13119,94.0
13120,81.0
13121,91.0
13122,117.0
13123,121.0
13124,112.0
13125,108.0
13126,118.0
13127,133.0
13128,141.0
13129,150.0
13130,170.0
13131,165.0
13132,179.0
13133,153.0
13134,166.0
13135,165.0
13136,160.0
13137,176.0
13138,162.0
13139,144.0
13140,128.0
13141,140.0
13142,133.0
13143,122.0
13144,164.0
13145,155.0
13146,170.0
13147,164.0
13148,187.0
13149,187.0
13150,198.0
13151,202.0
13152,215.0
13153,195.0
13154,195.0
13155,245.0
13156,224.0
13157,220.0
13158,244.0
13159,238.0
13160,140.0
13161,72.0
13162,47.0
13163,30.0
13164,26.0
13165,25.0
13166,19.0
13167,26.0
13168,23.0
13169,30.0
13170,44.0
13171,46.0
13172,44.0
13173,46.0
13174,56.0
13175,72.0
13176,96.0
13177,108.0
13178,104.0
13179,74.0
13180,85.0
13181,55.0
13182,48.0
13183,46.0
13184,47.0
13185,36.0
13186,42.0
13187,36.0
13188,37.0
13189,40.0
13190,52.0
13191,71.0
13192,63.0
13193,88.0
13194,96.0
13195,73.0
13196,63.0
13197,61.0
13198,57.0
13199,65.0
13200,82.0
13201,86.0
13202,89.0
13203,67.0
13204,79.0
13205,95.0
13206,112.0
13207,105.0
13208,119.0
13209,134.0
13210,133.0
13211,144.0
13212,165.0
13213,153.0
13214,142.0
13215,141.0
13216,139.0
13217,152.0
13218,160.0
13219,145.0
13220,132.0
13221,141.0
13222,145.0
13223,152.0
13224,173.0
13225,199.0
13226,193.0
13227,193.0
13228,185.0
13229,184.0
13230,178.0
13231,145.0
13232,142.0
13233,158.0
13234,173.0
13235,164.0
13236,180.0
13237,181.0
13238,172.0
13239,171.0
13240,167.0
13241,170.0
13242,174.0
13243,171.0
13244,188.0
13245,179.0
13246,121.0
13247,66.0
13248,54.0
13249,56.0
13250,87.0
13251,48.0
13252,42.0
13253,44.0
13254,31.0
13255,12.0
13256,10.0
13257,11.0
13258,11.0
13259,16.0
13260,9.0
13261,16.0
13262,17.0
13263,16.0
13264,12.0
13265,21.0
13266,20.0
13267,22.0
13268,19.0
13269,23.0
13270,28.0
13271,21.0
13272,22.0
13273,31.0
13274,37.0
13275,38.0
13276,32.0
13277,27.0
13278,40.0
13279,37.0
13280,32.0
13281,26.0
13282,25.0
13283,18.0
13284,23.0
13285,14.0
13286,12.0
13287,16.0
13288,7.0
13289,9.0
13290,12.0
13291,16.0
13292,17.0
13293,17.0
13294,28.0
13295,18.0
13296,22.0
13297,34.0
13298,41.0
13299,21.0
13300,28.0
13301,25.0
13302,19.0
13303,14.0
13304,23.0
13305,18.0
13306,18.0
13307,12.0
13308,17.0
13309,14.0
13310,23.0
13311,18.0
13312,19.0
13313,21.0
13314,18.0
13315,23.0
13316,25.0
13317,29.0
13318,28.0
13319,42.0
13320,53.0
13321,57.0
13322,62.0
13323,80.0
13324,100.0
13325,93.0
13326,82.0
13327,79.0
13328,83.0
13329,75.0
13330,88.0
13331,90.0
13332,90.0
13333,79.0
13334,89.0
13335,87.0
13336,91.0
13337,73.0
13338,66.0
13339,72.0
13340,117.0
13341,111.0
13342,125.0
13343,146.0
13344,171.0
13345,185.0
13346,296.0
13347,275.0
13348,288.0
13349,298.0
13350,274.0
13351,281.0
13352,280.0
13353,249.0
13354,239.0
13355,218.0
13356,197.0
13357,154.0
13358,130.0
13359,122.0
13360,125.0
13361,118.0
13362,153.0
13363,132.0
13364,91.0
13365,102.0
13366,113.0
13367,112.0
13368,96.0
13369,107.0
13370,118.0
13371,105.0
13372,104.0
13373,107.0
13374,127.0
13375,128.0
13376,111.0
13377,126.0
13378,109.0
13379,108.0
13380,122.0
13381,112.0
13382,112.0
13383,100.0
13384,109.0
13385,99.0
13386,92.0
13387,113.0
13388,117.0
13389,117.0
13390,112.0
13391,120.0
13392,116.0
13393,87.0
13394,95.0
13395,92.0
13396,89.0
13397,102.0
13398,99.0
13399,97.0
13400,92.0
13401,91.0
13402,95.0
13403,95.0
13404,102.0
13405,103.0
13406,101.0
13407,89.0
13408,87.0
13409,84.0
13410,91.0
13411,91.0
13412,97.0
13413,93.0
13414,81.0
13415,80.0
13416,77.0
13417,80.0
13418,82.0
13419,85.0
13420,78.0
13421,90.0
13422,86.0
13423,94.0
13424,95.0
13425,125.0
13426,131.0
13427,135.0
13428,144.0
13429,144.0
13430,133.0
13431,132.0
13432,137.0
13433,141.0
13434,133.0
13435,94.0
13436,83.0
13437,71.0
13438,62.0
13439,44.0
13440,39.0
13441,42.0
13442,58.0
13443,59.0
13444,57.0
13445,59.0
13446,52.0
13447,64.0
13448,70.0
13449,66.0
13450,66.0
13451,70.0
13452,83.0
13453,103.0
13454,109.0
13455,91.0
13456,90.0
13457,88.0
13458,97.0
13459,107.0
13460,94.0
13461,74.0
13462,100.0
13463,72.0
13464,78.0
13465,80.0
13466,77.0
13467,86.0
13468,108.0
13469,90.0
13470,73.0
13471,71.0
13472,54.0
13473,52.0
13474,55.0
13475,69.0
13476,70.0
13477,87.0
13478,75.0
13479,84.0
13480,91.0
13481,90.0
13482,92.0
13483,96.0
13484,84.0
13485,37.0
13486,47.0
13487,48.0
13488,63.0
13489,67.0
13490,69.0
13491,71.0
13492,80.0
13493,82.0
13494,93.0
13495,97.0
13496,121.0
13497,137.0
13498,147.0
13499,166.0
13500,181.0
13501,186.0
13502,200.0
13503,75.0
13504,77.0
13505,87.0
13506,61.0
13507,75.0
13508,87.0
13509,93.0
13510,88.0
13511,117.0
13512,77.0
13513,61.0
13514,58.0
13515,54.0
13516,69.0
13517,62.0
13518,64.0
13519,74.0
13520,74.0
13521,69.0
13522,76.0
13523,101.0
13524,119.0
13525,127.0
13526,128.0
13527,128.0
13528,144.0
13529,142.0
13530,134.0
13531,149.0
13532,151.0
13533,160.0
13534,157.0
13535,165.0
13536,181.0
13537,174.0
13538,140.0
13539,126.0
13540,121.0
13541,130.0
13542,131.0
13543,140.0
13544,150.0
13545,117.0
13546,105.0
13547,66.0
13548,62.0
13549,68.0
13550,75.0
13551,73.0
13552,72.0
13553,65.0
13554,79.0
13555,83.0
13556,50.0
13557,44.0
13558,45.0
13559,51.0
13560,57.0
13561,53.0
13562,27.0
13563,21.0
13564,28.0
13565,16.0
13566,10.0
13567,13.0
13568,14.0
13569,11.0
13570,26.0
13571,24.0
13572,21.0
13573,14.0
13574,47.0
13575,58.0
13576,61.0
13577,65.0
13578,56.0
13579,63.0
13580,80.0
13581,84.0
13582,116.0
13583,100.0
13584,107.0
13585,86.0
13586,87.0
13587,89.0
13588,83.0
13589,77.0
13590,65.0
13591,83.0
13592,103.0
13593,90.0
13594,92.0
13595,95.0
13596,111.0
13597,112.0
13598,87.0
13599,88.0
13600,88.0
13601,86.0
13602,78.0
13603,75.0
13604,91.0
13605,91.0
13606,106.0
13607,94.0
13608,118.0
13609,129.0
13610,116.0
13611,119.0
13612,118.0
13613,65.0
13614,59.0
13615,74.0
13616,111.0
13617,146.0
13618,155.0
13619,161.0
13620,170.0
13621,189.0
13622,196.0
13623,203.0
13624,211.0
13625,230.0
13626,256.0
13627,271.0
13628,291.0
13629,271.0
13630,273.0
13631,261.0
13632,296.0
13633,321.0
13634,290.0
13635,288.0
13636,293.0
13637,307.0
13638,335.0
13639,330.0
13640,334.0
13641,334.0
13642,336.0
13643,302.0
13644,308.0
13645,299.0
13646,293.0
13647,269.0
13648,206.0
13649,223.0
13650,235.0
13651,244.0
13652,237.0
13653,277.0
13654,300.0
13655,361.0
13656,325.0
13657,330.0
13658,354.0
13659,321.0
13660,383.0
13661,355.0
13662,354.0
13663,375.0
13664,390.0
13665,376.0
13666,356.0
13667,375.0
13668,337.0
13669,310.0
13670,127.0
13671,38.0
13672,62.0
13673,49.0
13674,59.0
13675,53.0
13676,51.0
13677,23.0
13678,19.0
13679,20.0
13680,32.0
13681,31.0
13682,40.0
13683,41.0
13684,38.0
13685,31.0
13686,38.0
13687,57.0
13688,58.0
13689,64.0
13690,56.0
13691,48.0
13692,41.0
13693,27.0
13694,34.0
13695,29.0
13696,34.0
13697,40.0
13698,40.0
13699,63.0
13700,111.0
13701,118.0
13702,84.0
13703,85.0
13704,100.0
13705,102.0
13706,80.0
13707,73.0
13708,47.0
13709,38.0
13710,39.0
13711,25.0
13712,24.0
13713,22.0
13714,24.0
13715,23.0
13716,30.0
13717,36.0
13718,45.0
13719,42.0
13720,33.0
13721,35.0
13722,55.0
13723,60.0
13724,60.0
13725,56.0
13726,70.0
13727,32.0
13728,37.0
13729,39.0
13730,61.0
13731,53.0
13732,48.0
13733,40.0
13734,37.0
13735,42.0
13736,51.0
13737,68.0
13738,77.0
13739,88.0
13740,72.0
13741,65.0
13742,67.0
13743,55.0
13744,62.0
13745,73.0
13746,84.0
13747,90.0
13748,102.0
13749,93.0
13750,99.0
13751,116.0
13752,151.0
13753,171.0
13754,179.0
13755,183.0
13756,190.0
13757,202.0
13758,209.0
13759,226.0
13760,220.0
13761,218.0
13762,201.0
13763,201.0
13764,213.0
13765,210.0
13766,233.0
13767,215.0
13768,184.0
13769,186.0
13770,187.0
13771,209.0
13772,238.0
13773,259.0
13774,269.0
13775,286.0
13776,311.0
13777,306.0
13778,307.0
13779,313.0
13780,300.0
13781,284.0
13782,273.0
13783,264.0
13784,88.0
13785,50.0
13786,49.0
13787,42.0
13788,43.0
13789,32.0
13790,54.0
13791,66.0
13792,50.0
13793,38.0
13794,43.0
13795,56.0
13796,49.0
13797,37.0
13798,41.0
13799,39.0
13800,36.0
13801,41.0
13802,35.0
13803,40.0
13804,36.0
13805,39.0
13806,32.0
13807,27.0
13808,35.0
13809,38.0
13810,35.0
13811,18.0
13812,33.0
13813,30.0
13814,37.0
13815,51.0
13816,54.0
13817,48.0
13818,44.0
13819,56.0
13820,57.0
13821,62.0
13822,58.0
13823,61.0
13824,77.0
13825,78.0
13826,86.0
13827,102.0
13828,87.0
13829,72.0
13830,73.0
13831,59.0
13832,64.0
13833,51.0
13834,29.0
13835,38.0
13836,46.0
13837,37.0
13838,20.0
13839,41.0
13840,47.0
13841,82.0
13842,88.0
13843,104.0
13844,104.0
13845,104.0
13846,104.0
13847,104.0
13848,104.0
13849,104.0
13850,104.0
13851,104.0
13852,104.0
13853,104.0
13854,104.0
13855,104.0
13856,104.0
13857,104.0
13858,104.0
13859,104.0
13860,104.0
13861,104.0
13862,104.0
13863,104.0
13864,104.0
13865,104.0
13866,104.0
13867,104.0
13868,104.0
13869,104.0
13870,104.0
13871,104.0
13872,104.0
13873,104.0
13874,104.0
13875,104.0
13876,104.0
13877,104.0
13878,104.0
13879,104.0
13880,104.0
13881,104.0
13882,104.0
13883,104.0
13884,104.0
13885,104.0
13886,104.0
13887,104.0
13888,104.0
13889,104.0
13890,104.0
13891,104.0
13892,104.0
13893,104.0
13894,104.0
13895,104.0
13896,104.0
13897,104.0
13898,104.0
13899,104.0
13900,104.0
13901,104.0
13902,104.0
13903,104.0
13904,104.0
13905,104.0
13906,104.0
13907,59.0
13908,46.0
13909,49.0
13910,46.0
13911,49.0
13912,50.0
13913,66.0
13914,68.0
13915,74.0
13916,75.0
13917,81.0
13918,70.0
13919,85.0
13920,77.0
13921,86.0
13922,101.0
13923,98.0
13924,91.0
13925,108.0
13926,110.0
13927,109.0
13928,119.0
13929,113.0
13930,114.0
13931,106.0
13932,103.0
13933,109.0
13934,114.0
13935,101.0
13936,100.0
13937,117.0
13938,115.0
13939,117.0
13940,117.0
13941,101.0
13942,107.0
13943,118.0
13944,138.0
13945,166.0
13946,144.0
13947,146.0
13948,154.0
13949,166.0
13950,190.0
13951,205.0
13952,200.0
13953,178.0
13954,134.0
13955,134.0
13956,144.0
13957,142.0
13958,140.0
13959,132.0
13960,143.0
13961,144.0
13962,175.0
13963,154.0
13964,142.0
13965,119.0
13966,104.0
13967,114.0
13968,112.0
13969,112.0
13970,112.0
13971,112.0
13972,112.0
13973,112.0
13974,112.0
13975,112.0
13976,112.0
13977,112.0
13978,112.0
13979,112.0
13980,112.0
13981,112.0
13982,112.0
13983,112.0
13984,112.0
13985,112.0
13986,112.0
13987,112.0
13988,112.0
13989,112.0
13990,112.0
13991,105.0
13992,105.0
13993,105.0
13994,105.0
13995,105.0
13996,105.0
13997,105.0
13998,105.0
13999,105.0
14000,105.0
14001,105.0
14002,105.0
14003,105.0
14004,105.0
14005,105.0
14006,105.0
14007,105.0
14008,105.0
14009,105.0
14010,105.0
14011,105.0
14012,105.0
14013,105.0
14014,105.0
14015,105.0
14016,105.0
14017,105.0
14018,105.0
14019,105.0
14020,105.0
14021,115.0
14022,107.0
14023,135.0
14024,109.0
14025,98.0
14026,90.0
14027,91.0
14028,84.0
14029,87.0
14030,75.0
14031,102.0
14032,104.0
14033,92.0
14034,97.0
14035,94.0
14036,92.0
14037,98.0
14038,139.0
14039,139.0
14040,194.0
14041,209.0
14042,208.0
14043,211.0
14044,201.0
14045,226.0
14046,214.0
14047,212.0
14048,227.0
14049,217.0
14050,212.0
14051,230.0
14052,202.0
14053,195.0
14054,221.0
14055,201.0
14056,202.0
14057,102.0
14058,34.0
14059,30.0
14060,36.0
14061,42.0
14062,42.0
14063,42.0
14064,42.0
14065,42.0
14066,42.0
14067,42.0
14068,42.0
14069,42.0
14070,42.0
14071,42.0
14072,42.0
14073,42.0
14074,42.0
14075,42.0
14076,42.0
14077,42.0
14078,42.0
14079,42.0
14080,42.0
14081,42.0
14082,42.0
14083,42.0
14084,58.0
14085,54.0
14086,70.0
14087,74.0
14088,64.0
14089,82.0
14090,119.0
14091,146.0
14092,121.0
14093,64.0
14094,51.0
14095,61.0
14096,83.0
14097,96.0
14098,80.0
14099,87.0
14100,91.0
14101,91.0
14102,91.0
14103,103.0
14104,101.0
14105,111.0
14106,108.0
14107,113.0
14108,130.0
14109,133.0
14110,161.0
14111,123.0
14112,115.0
14113,111.0
14114,105.0
14115,111.0
14116,103.0
14117,107.0
14118,125.0
14119,128.0
14120,141.0
14121,112.0
14122,118.0
14123,132.0
14124,153.0
14125,159.0
14126,151.0
14127,161.0
14128,148.0
14129,138.0
14130,171.0
14131,174.0
14132,154.0
14133,140.0
14134,130.0
14135,113.0
14136,100.0
14137,98.0
14138,91.0
14139,86.0
14140,96.0
14141,92.0
14142,99.0
14143,116.0
14144,110.0
14145,132.0
14146,137.0
14147,135.0
14148,125.0
14149,148.0
14150,134.0
14151,134.0
14152,147.0
14153,141.0
14154,142.0
14155,130.0
14156,123.0
14157,131.0
14158,135.0
14159,125.0
14160,138.0
14161,153.0
14162,31.0
14163,47.0
14164,56.0
14165,46.0
14166,33.0
14167,40.0
14168,41.0
14169,65.0
14170,110.0
14171,108.0
14172,93.0
14173,107.0
14174,100.0
14175,97.0
14176,120.0
14177,122.0
14178,128.0
14179,158.0
14180,206.0
14181,221.0
14182,156.0
14183,165.0
14184,160.0
14185,175.0
14186,158.0
14187,137.0
14188,128.0
14189,126.0
14190,124.0
14191,109.0
14192,107.0
14193,99.0
14194,143.0
14195,118.0
14196,116.0
14197,109.0
14198,109.0
14199,109.0
14200,87.0
14201,100.0
14202,117.0
14203,107.0
14204,110.0
14205,107.0
14206,38.0
14207,10.0
14208,7.0
14209,6.0
14210,9.0
14211,8.0
14212,8.0
14213,17.0
14214,21.0
14215,16.0
14216,17.0
14217,13.0
14218,7.0
14219,7.0
14220,11.0
14221,7.0
14222,4.0
14223,4.0
14224,8.0
14225,17.0
14226,24.0
14227,35.0
14228,32.0
14229,37.0
14230,45.0
14231,45.0
14232,51.0
14233,67.0
14234,68.0
14235,66.0
14236,63.0
14237,74.0
14238,74.0
14239,69.0
14240,59.0
14241,69.0
14242,88.0
14243,88.0
14244,67.0
14245,48.0
14246,37.0
14247,37.0
14248,22.0
14249,16.0
14250,29.0
14251,31.0
14252,25.0
14253,19.0
14254,17.0
14255,16.0
14256,16.0
14257,18.0
14258,7.0
14259,3.0
14260,2.0
14261,5.0
14262,10.0
14263,12.0
14264,11.0
14265,10.0
14266,8.0
14267,9.0
14268,18.0
14269,22.0
14270,29.0
14271,23.0
14272,21.0
14273,29.0
14274,37.0
14275,37.0
14276,49.0
14277,44.0
14278,47.0
14279,48.0
14280,55.0
14281,61.0
14282,56.0
14283,51.0
14284,62.0
14285,63.0
14286,60.0
14287,75.0
14288,77.0
14289,67.0
14290,87.0
14291,81.0
14292,59.0
14293,48.0
14294,54.0
14295,48.0
14296,42.0
14297,34.0
14298,48.0
14299,54.0
14300,50.0
14301,51.0
14302,69.0
14303,67.0
14304,68.0
14305,85.0
14306,76.0
14307,81.0
14308,82.0
14309,96.0
14310,89.0
14311,120.0
14312,124.0
14313,106.0
14314,79.0
14315,85.0
14316,92.0
14317,99.0
14318,97.0
14319,74.0
14320,54.0
14321,47.0
14322,45.0
14323,44.0
14324,54.0
14325,45.0
14326,57.0
14327,60.0
14328,61.0
14329,73.0
14330,90.0
14331,92.0
14332,105.0
14333,102.0
14334,110.0
14335,118.0
14336,107.0
14337,92.0
14338,85.0
14339,91.0
14340,100.0
14341,79.0
14342,48.0
14343,52.0
14344,69.0
14345,71.0
14346,72.0
14347,77.0
14348,92.0
14349,92.0
14350,92.0
14351,104.0
14352,106.0
14353,120.0
14354,127.0
14355,145.0
14356,134.0
14357,139.0
14358,81.0
14359,53.0
14360,97.0
14361,94.0
14362,99.0
14363,110.0
14364,117.0
14365,114.0
14366,92.0
14367,74.0
14368,81.0
14369,98.0
14370,120.0
14371,113.0
14372,104.0
14373,104.0
14374,104.0
14375,130.0
14376,130.0
14377,130.0
14378,130.0
14379,130.0
14380,130.0
14381,130.0
14382,130.0
14383,130.0
14384,130.0
14385,130.0
14386,130.0
14387,130.0
14388,130.0
14389,130.0
14390,130.0
14391,130.0
14392,130.0
14393,130.0
14394,130.0
14395,130.0
14396,130.0
14397,130.0
14398,130.0
14399,92.0
14400,92.0
14401,92.0
14402,92.0
14403,92.0
14404,92.0
14405,92.0
14406,92.0
14407,92.0
14408,92.0
14409,137.0
14410,132.0
14411,134.0
14412,129.0
14413,109.0
14414,93.0
14415,87.0
14416,88.0
14417,94.0
14418,70.0
14419,88.0
14420,113.0
14421,115.0
14422,96.0
14423,87.0
14424,93.0
14425,98.0
14426,97.0
14427,97.0
14428,103.0
14429,111.0
14430,110.0
14431,117.0
14432,125.0
14433,106.0
14434,91.0
14435,80.0
14436,97.0
14437,98.0
14438,92.0
14439,93.0
14440,85.0
14441,95.0
14442,93.0
14443,96.0
14444,92.0
14445,109.0
14446,118.0
14447,121.0
14448,108.0
14449,121.0
14450,126.0
14451,114.0
14452,116.0
14453,120.0
14454,126.0
14455,35.0
14456,32.0
14457,31.0
14458,57.0
14459,69.0
14460,70.0
14461,82.0
14462,75.0
14463,80.0
14464,71.0
14465,80.0
14466,95.0
14467,108.0
14468,118.0
14469,118.0
14470,111.0
14471,118.0
14472,111.0
14473,111.0
14474,103.0
14475,92.0
14476,111.0
14477,124.0
14478,112.0
14479,120.0
14480,115.0
14481,95.0
14482,110.0
14483,109.0
14484,71.0
14485,80.0
14486,64.0
14487,87.0
14488,58.0
14489,69.0
14490,56.0
14491,55.0
14492,52.0
14493,62.0
14494,78.0
14495,78.0
14496,86.0
14497,102.0
14498,98.0
14499,122.0
14500,100.0
14501,103.0
14502,97.0
14503,101.0
14504,98.0
14505,84.0
14506,84.0
14507,77.0
14508,83.0
14509,89.0
14510,86.0
14511,84.0
14512,63.0
14513,75.0
14514,72.0
14515,75.0
14516,69.0
14517,75.0
14518,69.0
14519,65.0
14520,76.0
14521,98.0
14522,114.0
14523,124.0
14524,143.0
14525,129.0
14526,150.0
14527,151.0
14528,146.0
14529,160.0
14530,129.0
14531,104.0
14532,102.0
14533,90.0
14534,90.0
14535,93.0
14536,93.0
14537,100.0
14538,104.0
14539,117.0
14540,135.0
14541,179.0
14542,188.0
14543,202.0
14544,184.0
14545,195.0
14546,203.0
14547,191.0
14548,178.0
14549,171.0
14550,171.0
14551,166.0
14552,172.0
14553,169.0
14554,174.0
14555,152.0
14556,143.0
14557,141.0
14558,134.0
14559,136.0
14560,141.0
14561,147.0
14562,161.0
14563,152.0
14564,148.0
14565,155.0
14566,172.0
14567,193.0
14568,205.0
14569,203.0
14570,211.0
14571,204.0
14572,201.0
14573,206.0
14574,205.0
14575,204.0
14576,205.0
14577,210.0
14578,201.0
14579,213.0
14580,204.0
14581,233.0
14582,233.0
14583,266.0
14584,240.0
14585,269.0
14586,272.0
14587,316.0
14588,309.0
14589,300.0
14590,341.0
14591,280.0
14592,96.0
14593,36.0
14594,41.0
14595,52.0
14596,25.0
14597,16.0
14598,13.0
14599,14.0
14600,16.0
14601,27.0
14602,22.0
14603,27.0
14604,23.0
14605,19.0
14606,22.0
14607,12.0
14608,23.0
14609,20.0
14610,24.0
14611,31.0
14612,32.0
14613,32.0
14614,31.0
14615,39.0
14616,32.0
14617,40.0
14618,36.0
14619,43.0
14620,58.0
14621,82.0
14622,83.0
14623,81.0
14624,88.0
14625,78.0
14626,52.0
14627,40.0
14628,39.0
14629,37.0
14630,31.0
14631,57.0
14632,59.0
14633,49.0
14634,57.0
14635,51.0
14636,71.0
14637,72.0
14638,50.0
14639,47.0
14640,39.0
14641,49.0
14642,60.0
14643,82.0
14644,78.0
14645,79.0
14646,102.0
14647,96.0
14648,103.0
14649,99.0
14650,107.0
14651,89.0
14652,69.0
14653,78.0
14654,61.0
14655,69.0
14656,69.0
14657,81.0
14658,105.0
14659,107.0
14660,102.0
14661,121.0
14662,137.0
14663,169.0
14664,191.0
14665,191.0
14666,189.0
14667,160.0
14668,159.0
14669,112.0
14670,111.0
14671,83.0
14672,65.0
14673,66.0
14674,76.0
14675,79.0
14676,63.0
14677,58.0
14678,56.0
14679,62.0
14680,58.0
14681,52.0
14682,35.0
14683,36.0
14684,39.0
14685,37.0
14686,48.0
14687,73.0
14688,78.0
14689,90.0
14690,81.0
14691,93.0
14692,83.0
14693,78.0
14694,85.0
14695,96.0
14696,146.0
14697,163.0
14698,161.0
14699,151.0
14700,105.0
14701,101.0
14702,92.0
14703,118.0
14704,96.0
14705,51.0
14706,38.0
14707,58.0
14708,55.0
14709,41.0
14710,36.0
14711,49.0
14712,50.0
14713,51.0
14714,60.0
14715,73.0
14716,86.0
14717,157.0
14718,100.0
14719,109.0
14720,117.0
14721,95.0
14722,85.0
14723,103.0
14724,127.0
14725,108.0
14726,85.0
14727,98.0
14728,125.0
14729,155.0
14730,143.0
14731,160.0
14732,164.0
14733,200.0
14734,194.0
14735,195.0
14736,206.0
14737,221.0
14738,217.0
14739,218.0
14740,230.0
14741,228.0
14742,249.0
14743,256.0
14744,264.0
14745,256.0
14746,277.0
14747,287.0
14748,202.0
14749,116.0
14750,50.0
14751,35.0
14752,30.0
14753,43.0
14754,46.0
14755,70.0
14756,66.0
14757,79.0
14758,76.0
14759,80.0
14760,69.0
14761,64.0
14762,17.0
14763,14.0
14764,13.0
14765,11.0
14766,10.0
14767,21.0
14768,17.0
14769,27.0
14770,26.0
14771,23.0
14772,24.0
14773,51.0
14774,40.0
14775,45.0
14776,57.0
14777,57.0
14778,58.0
14779,58.0
14780,44.0
14781,43.0
14782,48.0
14783,43.0
14784,58.0
14785,54.0
14786,48.0
14787,34.0
14788,26.0
14789,5.0
14790,6.0
14791,11.0
14792,13.0
14793,7.0
14794,3.0
14795,16.0
14796,9.0
14797,8.0
14798,7.0
14799,10.0
14800,12.0
14801,14.0
14802,23.0
14803,32.0
14804,32.0
14805,19.0
14806,21.0
14807,48.0
14808,31.0
14809,31.0
14810,25.0
14811,23.0
14812,22.0
14813,11.0
14814,10.0
14815,11.0
14816,12.0
14817,10.0
14818,22.0
14819,8.0
14820,19.0
14821,20.0
14822,14.0
14823,24.0
14824,17.0
14825,15.0
14826,29.0
14827,27.0
14828,31.0
14829,31.0
14830,28.0
14831,35.0
14832,27.0
14833,28.0
14834,28.0
14835,30.0
14836,28.0
14837,28.0
14838,27.0
14839,39.0
14840,38.0
14841,36.0
14842,37.0
14843,33.0
14844,56.0
14845,58.0
14846,67.0
14847,71.0
14848,61.0
14849,47.0
14850,56.0
14851,52.0
14852,51.0
14853,56.0
14854,54.0
14855,68.0
14856,71.0
14857,75.0
14858,83.0
14859,78.0
14860,77.0
14861,100.0
14862,94.0
14863,118.0
14864,124.0
14865,128.0
14866,131.0
14867,149.0
14868,114.0
14869,142.0
14870,168.0
14871,163.0
14872,154.0
14873,176.0
14874,180.0
14875,179.0
14876,135.0
14877,85.0
14878,102.0
14879,108.0
14880,113.0
14881,116.0
14882,113.0
14883,117.0
14884,117.0
14885,117.0
14886,113.0
14887,117.0
14888,124.0
14889,134.0
14890,120.0
14891,126.0
14892,117.0
14893,117.0
14894,132.0
14895,118.0
14896,102.0
14897,102.0
14898,128.0
14899,140.0
14900,134.0
14901,136.0
14902,120.0
14903,142.0
14904,146.0
14905,164.0
14906,163.0
14907,180.0
14908,172.0
14909,170.0
14910,178.0
14911,188.0
14912,177.0
14913,188.0
14914,186.0
14915,196.0
14916,155.0
14917,133.0
14918,145.0
14919,147.0
14920,113.0
14921,99.0
14922,96.0
14923,131.0
14924,146.0
14925,155.0
14926,172.0
14927,204.0
14928,188.0
14929,180.0
14930,186.0
14931,182.0
14932,187.0
14933,203.0
14934,173.0
14935,183.0
14936,195.0
14937,174.0
14938,168.0
14939,160.0
14940,168.0
14941,164.0
14942,164.0
14943,145.0
14944,123.0
14945,102.0
14946,105.0
14947,124.0
14948,108.0
14949,70.0
14950,92.0
14951,36.0
14952,31.0
14953,24.0
14954,17.0
14955,25.0
14956,22.0
14957,26.0
14958,28.0
14959,33.0
14960,26.0
14961,22.0
14962,21.0
14963,11.0
14964,12.0
14965,19.0
14966,23.0
14967,12.0
14968,16.0
14969,16.0
14970,25.0
14971,26.0
14972,28.0
14973,26.0
14974,31.0
14975,25.0
14976,26.0
14977,24.0
14978,10.0
14979,21.0
14980,5.0
14981,8.0
14982,9.0
14983,10.0
14984,18.0
14985,12.0
14986,12.0
14987,11.0
14988,6.0
14989,4.0
14990,7.0
14991,7.0
14992,7.0
14993,21.0
14994,20.0
14995,26.0
14996,35.0
14997,47.0
14998,59.0
14999,49.0
15000,35.0
15001,28.0
15002,28.0
15003,29.0
15004,32.0
15005,31.0
15006,44.0
15007,17.0
15008,14.0
15009,9.0
15010,17.0
15011,5.0
15012,8.0
15013,11.0
15014,8.0
15015,8.0
15016,9.0
15017,8.0
15018,21.0
15019,26.0
15020,28.0
15021,24.0
15022,27.0
15023,48.0
15024,48.0
15025,64.0
15026,41.0
15027,21.0
15028,25.0
15029,28.0
15030,41.0
15031,29.0
15032,22.0
15033,23.0
15034,15.0
15035,12.0
15036,10.0
15037,11.0
15038,13.0
15039,22.0
15040,12.0
15041,18.0
15042,55.0
15043,22.0
15044,29.0
15045,37.0
15046,43.0
15047,64.0
15048,78.0
15049,78.0
15050,76.0
15051,59.0
15052,23.0
15053,25.0
15054,27.0
15055,49.0
15056,38.0
15057,39.0
15058,42.0
15059,24.0
15060,26.0
15061,16.0
15062,12.0
15063,7.0
15064,7.0
15065,32.0
15066,26.0
15067,28.0
15068,49.0
15069,39.0
15070,24.0
15071,57.0
15072,47.0
15073,60.0
15074,66.0
15075,37.0
15076,45.0
15077,57.0
15078,58.0
15079,45.0
15080,30.0
15081,38.0
15082,31.0
15083,18.0
15084,14.0
15085,18.0
15086,21.0
15087,18.0
15088,19.0
15089,28.0
15090,37.0
15091,36.0
15092,50.0
15093,50.0
15094,68.0
15095,92.0
15096,87.0
15097,66.0
15098,59.0
15099,40.0
15100,42.0
15101,36.0
15102,32.0
15103,32.0
15104,46.0
15105,28.0
15106,40.0
15107,33.0
15108,16.0
15109,15.0
15110,14.0
15111,21.0
15112,26.0
15113,31.0
15114,56.0
15115,74.0
15116,60.0
15117,133.0
15118,125.0
15119,164.0
15120,140.0
15121,138.0
15122,137.0
15123,114.0
15124,58.0
15125,57.0
15126,84.0
15127,94.0
15128,74.0
15129,76.0
15130,94.0
15131,106.0
15132,104.0
15133,100.0
15134,100.0
15135,104.0
15136,113.0
15137,90.0
15138,115.0
15139,120.0
15140,179.0
15141,208.0
15142,225.0
15143,227.0
15144,197.0
15145,162.0
15146,152.0
15147,130.0
15148,125.0
15149,119.0
15150,139.0
15151,122.0
15152,132.0
15153,137.0
15154,150.0
15155,134.0
15156,125.0
15157,127.0
15158,135.0
15159,153.0
15160,141.0
15161,139.0
15162,140.0
15163,158.0
15164,163.0
15165,176.0
15166,177.0
15167,181.0
15168,209.0
15169,252.0
15170,247.0
15171,253.0
15172,240.0
15173,231.0
15174,240.0
15175,273.0
15176,275.0
15177,274.0
15178,271.0
15179,284.0
15180,280.0
15181,277.0
15182,260.0
15183,256.0
15184,256.0
15185,269.0
15186,259.0
15187,255.0
15188,289.0
15189,316.0
15190,301.0
15191,299.0
15192,307.0
15193,299.0
15194,295.0
15195,298.0
15196,316.0
15197,279.0
15198,247.0
15199,256.0
15200,290.0
15201,282.0
15202,309.0
15203,309.0
15204,263.0
15205,156.0
15206,108.0
15207,107.0
15208,118.0
15209,130.0
15210,112.0
15211,112.0
15212,129.0
15213,139.0
15214,153.0
15215,159.0
15216,200.0
15217,219.0
15218,226.0
15219,218.0
15220,251.0
15221,250.0
15222,253.0
15223,282.0
15224,290.0
15225,294.0
15226,288.0
15227,281.0
15228,247.0
15229,199.0
15230,132.0
15231,130.0
15232,140.0
15233,155.0
15234,161.0
15235,167.0
15236,242.0
15237,235.0
15238,178.0
15239,177.0
15240,204.0
15241,221.0
15242,239.0
15243,246.0
15244,244.0
15245,280.0
15246,277.0
15247,278.0
15248,273.0
15249,286.0
15250,282.0
15251,291.0
15252,302.0
15253,283.0
15254,288.0
15255,300.0
15256,326.0
15257,338.0
15258,349.0
15259,346.0
15260,373.0
15261,386.0
15262,350.0
15263,339.0
15264,328.0
15265,241.0
15266,80.0
15267,28.0
15268,18.0
15269,15.0
15270,25.0
15271,15.0
15272,15.0
15273,14.0
15274,26.0
15275,26.0
15276,19.0
15277,25.0
15278,19.0
15279,18.0
15280,14.0
15281,13.0
15282,25.0
15283,24.0
15284,33.0
15285,23.0
15286,27.0
15287,19.0
15288,20.0
15289,19.0
15290,11.0
15291,26.0
15292,20.0
15293,16.0
15294,20.0
15295,19.0
15296,18.0
15297,20.0
15298,21.0
15299,18.0
15300,13.0
15301,18.0
15302,21.0
15303,28.0
15304,35.0
15305,37.0
15306,26.0
15307,41.0
15308,35.0
15309,50.0
15310,49.0
15311,62.0
15312,72.0
15313,85.0
15314,72.0
15315,59.0
15316,50.0
15317,31.0
15318,59.0
15319,60.0
15320,39.0
15321,10.0
15322,15.0
15323,4.0
15324,23.0
15325,11.0
15326,18.0
15327,6.0
15328,27.0
15329,26.0
15330,60.0
15331,53.0
15332,79.0
15333,51.0
15334,24.0
15335,19.0
15336,24.0
15337,20.0
15338,22.0
15339,47.0
15340,36.0
15341,22.0
15342,19.0
15343,8.0
15344,23.0
15345,18.0
15346,19.0
15347,22.0
15348,13.0
15349,11.0
15350,11.0
15351,8.0
15352,9.0
15353,22.0
15354,23.0
15355,29.0
15356,35.0
15357,53.0
15358,55.0
15359,63.0
15360,67.0
15361,61.0
15362,32.0
15363,37.0
15364,36.0
15365,28.0
15366,50.0
15367,40.0
15368,36.0
15369,24.0
15370,26.0
15371,14.0
15372,14.0
15373,14.0
15374,14.0
15375,14.0
15376,14.0
15377,14.0
15378,14.0
15379,14.0
15380,14.0
15381,14.0
15382,14.0
15383,14.0
15384,14.0
15385,14.0
15386,14.0
15387,14.0
15388,14.0
15389,14.0
15390,14.0
15391,14.0
15392,14.0
15393,14.0
15394,14.0
15395,14.0
15396,14.0
15397,14.0
15398,14.0
15399,14.0
15400,14.0
15401,14.0
15402,14.0
15403,14.0
15404,14.0
15405,14.0
15406,14.0
15407,14.0
15408,14.0
15409,14.0
15410,14.0
15411,14.0
15412,14.0
15413,14.0
15414,14.0
15415,14.0
15416,14.0
15417,14.0
15418,14.0
15419,14.0
15420,14.0
15421,14.0
15422,14.0
15423,14.0
15424,14.0
15425,14.0
15426,14.0
15427,14.0
15428,14.0
15429,14.0
15430,14.0
15431,14.0
15432,14.0
15433,14.0
15434,14.0
15435,14.0
15436,14.0
15437,14.0
15438,14.0
15439,14.0
15440,14.0
15441,14.0
15442,14.0
15443,14.0
15444,14.0
15445,14.0
15446,14.0
15447,14.0
15448,14.0
15449,14.0
15450,14.0
15451,14.0
15452,14.0
15453,14.0
15454,14.0
15455,14.0
15456,14.0
15457,14.0
15458,14.0
15459,14.0
15460,14.0
15461,14.0
15462,14.0
15463,14.0
15464,14.0
15465,14.0
15466,14.0
15467,14.0
15468,14.0
15469,14.0
15470,14.0
15471,162.0
15472,139.0
15473,104.0
15474,144.0
15475,146.0
15476,162.0
15477,168.0
15478,145.0
15479,164.0
15480,146.0
15481,122.0
15482,103.0
15483,125.0
15484,138.0
15485,144.0
15486,150.0
15487,164.0
15488,113.0
15489,110.0
15490,111.0
15491,111.0
15492,150.0
15493,160.0
15494,181.0
15495,230.0
15496,250.0
15497,258.0
15498,293.0
15499,325.0
15500,324.0
15501,329.0
15502,347.0
15503,351.0
15504,354.0
15505,314.0
15506,349.0
15507,341.0
15508,324.0
15509,274.0
15510,269.0
15511,284.0
15512,312.0
15513,360.0
15514,404.0
15515,378.0
15516,318.0
15517,297.0
15518,271.0
15519,303.0
15520,335.0
15521,340.0
15522,435.0
15523,562.0
15524,514.0
15525,485.0
15526,453.0
15527,283.0
15528,153.0
15529,105.0
15530,66.0
15531,71.0
15532,63.0
15533,54.0
15534,69.0
15535,69.0
15536,75.0
15537,75.0
15538,64.0
15539,49.0
15540,69.0
15541,89.0
15542,56.0
15543,67.0
15544,63.0
15545,62.0
15546,69.0
15547,64.0
15548,65.0
15549,65.0
15550,59.0
15551,42.0
15552,38.0
15553,35.0
15554,39.0
15555,41.0
15556,64.0
15557,90.0
15558,102.0
15559,86.0
15560,89.0
15561,81.0
15562,87.0
15563,93.0
15564,109.0
15565,139.0
15566,139.0
15567,132.0
15568,151.0
15569,155.0
15570,179.0
15571,188.0
15572,198.0
15573,197.0
15574,199.0
15575,212.0
15576,212.0
15577,221.0
15578,234.0
15579,235.0
15580,221.0
15581,205.0
15582,211.0
15583,216.0
15584,216.0
15585,220.0
15586,238.0
15587,266.0
15588,307.0
15589,313.0
15590,296.0
15591,296.0
15592,186.0
15593,149.0
15594,205.0
15595,246.0
15596,239.0
15597,196.0
15598,225.0
15599,225.0
15600,236.0
15601,248.0
15602,259.0
15603,279.0
15604,280.0
15605,258.0
15606,108.0
15607,36.0
15608,8.0
15609,11.0
15610,13.0
15611,17.0
15612,21.0
15613,26.0
15614,36.0
15615,43.0
15616,33.0
15617,40.0
15618,52.0
15619,46.0
15620,57.0
15621,30.0
15622,39.0
15623,23.0
15624,23.0
15625,32.0
15626,21.0
15627,24.0
15628,15.0
15629,9.0
15630,6.0
15631,4.0
15632,3.0
15633,6.0
15634,9.0
15635,5.0
15636,7.0
15637,13.0
15638,11.0
15639,10.0
15640,11.0
15641,16.0
15642,17.0
15643,16.0
15644,17.0
15645,10.0
15646,9.0
15647,9.0
15648,11.0
15649,14.0
15650,16.0
15651,15.0
15652,21.0
15653,23.0
15654,16.0
15655,32.0
15656,23.0
15657,15.0
15658,11.0
15659,8.0
15660,10.0
15661,14.0
15662,9.0
15663,9.0
15664,9.0
15665,7.0
15666,8.0
15667,20.0
15668,13.0
15669,11.0
15670,20.0
15671,16.0
15672,16.0
15673,9.0
15674,9.0
15675,35.0
15676,29.0
15677,22.0
15678,16.0
15679,20.0
15680,12.0
15681,10.0
15682,8.0
15683,8.0
15684,8.0
15685,7.0
15686,7.0
15687,4.0
15688,3.0
15689,6.0
15690,10.0
15691,33.0
15692,54.0
15693,26.0
15694,14.0
15695,23.0
15696,20.0
15697,28.0
15698,31.0
15699,28.0
15700,22.0
15701,17.0
15702,23.0
15703,22.0
15704,12.0
15705,11.0
15706,18.0
15707,9.0
15708,22.0
15709,16.0
15710,19.0
15711,21.0
15712,22.0
15713,30.0
15714,43.0
15715,65.0
15716,76.0
15717,73.0
15718,78.0
15719,83.0
15720,78.0
15721,96.0
15722,96.0
15723,102.0
15724,102.0
15725,93.0
15726,78.0
15727,72.0
15728,60.0
15729,69.0
15730,75.0
15731,83.0
15732,86.0
15733,91.0
15734,86.0
15735,82.0
15736,72.0
15737,87.0
15738,98.0
15739,123.0
15740,122.0
15741,123.0
15742,129.0
15743,141.0
15744,163.0
15745,154.0
15746,150.0
15747,100.0
15748,103.0
15749,100.0
15750,96.0
15751,96.0
15752,99.0
15753,88.0
15754,103.0
15755,133.0
15756,157.0
15757,170.0
15758,187.0
15759,190.0
15760,209.0
15761,253.0
15762,254.0
15763,275.0
15764,292.0
15765,315.0
15766,294.0
15767,280.0
15768,270.0
15769,255.0
15770,243.0
15771,258.0
15772,269.0
15773,263.0
15774,258.0
15775,269.0
15776,278.0
15777,296.0
15778,339.0
15779,332.0
15780,304.0
15781,293.0
15782,284.0
15783,293.0
15784,302.0
15785,300.0
15786,298.0
15787,299.0
15788,300.0
15789,308.0
15790,302.0
15791,298.0
15792,266.0
15793,285.0
15794,282.0
15795,273.0
15796,275.0
15797,248.0
15798,227.0
15799,251.0
15800,249.0
15801,202.0
15802,190.0
15803,175.0
15804,204.0
15805,224.0
15806,231.0
15807,233.0
15808,222.0
15809,254.0
15810,269.0
15811,285.0
15812,298.0
15813,306.0
15814,313.0
15815,318.0
15816,311.0
15817,267.0
15818,261.0
15819,248.0
15820,227.0
15821,212.0
15822,215.0
15823,239.0
15824,259.0
15825,270.0
15826,285.0
15827,287.0
15828,297.0
15829,318.0
15830,347.0
15831,370.0
15832,401.0
15833,416.0
15834,399.0
15835,389.0
15836,408.0
15837,395.0
15838,402.0
15839,430.0
15840,414.0
15841,418.0
15842,408.0
15843,414.0
15844,418.0
15845,409.0
15846,420.0
15847,407.0
15848,390.0
15849,291.0
15850,26.0
15851,19.0
15852,12.0
15853,11.0
15854,8.0
15855,16.0
15856,12.0
15857,13.0
15858,13.0
15859,18.0
15860,17.0
15861,16.0
15862,9.0
15863,7.0
15864,6.0
15865,6.0
15866,8.0
15867,9.0
15868,15.0
15869,15.0
15870,12.0
15871,11.0
15872,18.0
15873,16.0
15874,8.0
15875,6.0
15876,7.0
15877,16.0
15878,9.0
15879,9.0
15880,24.0
15881,35.0
15882,35.0
15883,60.0
15884,38.0
15885,45.0
15886,9.0
15887,8.0
15888,8.0
15889,8.0
15890,19.0
15891,19.0
15892,18.0
15893,38.0
15894,35.0
15895,27.0
15896,15.0
15897,16.0
15898,21.0
15899,27.0
15900,26.0
15901,27.0
15902,25.0
15903,25.0
15904,55.0
15905,55.0
15906,55.0
15907,55.0
15908,55.0
15909,55.0
15910,55.0
15911,127.0
15912,131.0
15913,158.0
15914,163.0
15915,138.0
15916,114.0
15917,102.0
15918,98.0
15919,80.0
15920,80.0
15921,80.0
15922,101.0
15923,110.0
15924,110.0
15925,110.0
15926,110.0
15927,280.0
15928,280.0
15929,280.0
15930,280.0
15931,280.0
15932,280.0
15933,280.0
15934,280.0
15935,280.0
15936,280.0
15937,280.0
15938,280.0
15939,280.0
15940,280.0
15941,280.0
15942,280.0
15943,280.0
15944,280.0
15945,280.0
15946,280.0
15947,199.0
15948,242.0
15949,237.0
15950,207.0
15951,176.0
15952,145.0
15953,137.0
15954,184.0
15955,208.0
15956,224.0
15957,235.0
15958,273.0
15959,273.0
15960,261.0
15961,242.0
15962,186.0
15963,187.0
15964,180.0
15965,166.0
15966,141.0
15967,125.0
15968,109.0
15969,92.0
15970,82.0
15971,92.0
15972,118.0
15973,118.0
15974,106.0
15975,129.0
15976,146.0
15977,162.0
15978,214.0
15979,227.0
15980,259.0
15981,280.0
15982,301.0
15983,336.0
15984,342.0
15985,316.0
15986,285.0
15987,218.0
15988,148.0
15989,139.0
15990,135.0
15991,146.0
15992,161.0
15993,215.0
15994,248.0
15995,283.0
15996,302.0
15997,282.0
15998,226.0
15999,207.0
16000,216.0
16001,170.0
16002,167.0
16003,193.0
16004,220.0
16005,267.0
16006,332.0
16007,350.0
16008,329.0
16009,306.0
16010,302.0
16011,297.0
16012,288.0
16013,293.0
16014,275.0
16015,257.0
16016,248.0
16017,291.0
16018,354.0
16019,387.0
16020,420.0
16021,460.0
16022,270.0
16023,181.0
16024,211.0
16025,206.0
16026,224.0
16027,217.0
16028,207.0
16029,233.0
16030,253.0
16031,257.0
16032,258.0
16033,255.0
16034,258.0
16035,257.0
16036,257.0
16037,257.0
16038,256.0
16039,264.0
16040,264.0
16041,268.0
16042,269.0
16043,263.0
16044,214.0
16045,205.0
16046,202.0
16047,208.0
16048,214.0
16049,227.0
16050,245.0
16051,252.0
16052,248.0
16053,248.0
16054,264.0
16055,266.0
16056,253.0
16057,245.0
16058,246.0
16059,254.0
16060,259.0
16061,252.0
16062,256.0
16063,283.0
16064,284.0
16065,297.0
16066,297.0
16067,297.0
16068,312.0
16069,343.0
16070,339.0
16071,288.0
16072,102.0
16073,48.0
16074,43.0
16075,44.0
16076,57.0
16077,32.0
16078,38.0
16079,38.0
16080,44.0
16081,45.0
16082,34.0
16083,30.0
16084,33.0
16085,29.0
16086,44.0
16087,32.0
16088,17.0
16089,25.0
16090,26.0
16091,20.0
16092,27.0
16093,32.0
16094,35.0
16095,33.0
16096,55.0
16097,66.0
16098,63.0
16099,70.0
16100,86.0
16101,67.0
16102,42.0
16103,27.0
16104,24.0
16105,27.0
16106,46.0
16107,34.0
16108,59.0
16109,61.0
16110,60.0
16111,72.0
16112,79.0
16113,64.0
16114,68.0
16115,71.0
16116,62.0
16117,54.0
16118,54.0
16119,79.0
16120,85.0
16121,80.0
16122,81.0
16123,100.0
16124,94.0
16125,108.0
16126,123.0
16127,102.0
16128,89.0
16129,78.0
16130,76.0
16131,108.0
16132,107.0
16133,91.0
16134,90.0
16135,87.0
16136,90.0
16137,85.0
16138,87.0
16139,96.0
16140,102.0
16141,103.0
16142,113.0
16143,106.0
16144,107.0
16145,121.0
16146,121.0
16147,143.0
16148,123.0
16149,102.0
16150,55.0
16151,38.0
16152,14.0
16153,27.0
16154,24.0
16155,18.0
16156,23.0
16157,11.0
16158,15.0
16159,27.0
16160,31.0
16161,37.0
16162,37.0
16163,33.0
16164,32.0
16165,33.0
16166,28.0
16167,35.0
16168,26.0
16169,23.0
16170,28.0
16171,38.0
16172,37.0
16173,41.0
16174,61.0
16175,85.0
16176,77.0
16177,66.0
16178,69.0
16179,76.0
16180,78.0
16181,49.0
16182,59.0
16183,48.0
16184,35.0
16185,39.0
16186,36.0
16187,45.0
16188,45.0
16189,47.0
16190,45.0
16191,46.0
16192,46.0
16193,60.0
16194,79.0
16195,97.0
16196,114.0
16197,102.0
16198,121.0
16199,111.0
16200,129.0
16201,87.0
16202,63.0
16203,43.0
16204,44.0
16205,32.0
16206,39.0
16207,34.0
16208,27.0
16209,31.0
16210,36.0
16211,40.0
16212,36.0
16213,37.0
16214,37.0
16215,46.0
16216,49.0
16217,56.0
16218,68.0
16219,71.0
16220,79.0
16221,90.0
16222,94.0
16223,127.0
16224,122.0
16225,157.0
16226,144.0
16227,91.0
16228,68.0
16229,56.0
16230,42.0
16231,47.0
16232,33.0
16233,27.0
16234,27.0
16235,25.0
16236,8.0
16237,16.0
16238,11.0
16239,17.0
16240,19.0
16241,21.0
16242,31.0
16243,45.0
16244,56.0
16245,62.0
16246,77.0
16247,65.0
16248,61.0
16249,54.0
16250,33.0
16251,33.0
16252,27.0
16253,22.0
16254,24.0
16255,32.0
16256,23.0
16257,21.0
16258,28.0
16259,23.0
16260,24.0
16261,23.0
16262,23.0
16263,21.0
16264,25.0
16265,30.0
16266,44.0
16267,43.0
16268,66.0
16269,69.0
16270,79.0
16271,84.0
16272,115.0
16273,113.0
16274,91.0
16275,56.0
16276,42.0
16277,29.0
16278,34.0
16279,40.0
16280,44.0
16281,43.0
16282,50.0
16283,47.0
16284,42.0
16285,48.0
16286,45.0
16287,59.0
16288,54.0
16289,55.0
16290,63.0
16291,84.0
16292,92.0
16293,113.0
16294,139.0
16295,135.0
16296,161.0
16297,145.0
16298,154.0
16299,139.0
16300,153.0
16301,105.0
16302,115.0
16303,102.0
16304,78.0
16305,83.0
16306,90.0
16307,96.0
16308,96.0
16309,114.0
16310,153.0
16311,152.0
16312,179.0
16313,208.0
16314,255.0
16315,197.0
16316,211.0
16317,228.0
16318,252.0
16319,277.0
16320,208.0
16321,73.0
16322,43.0
16323,19.0
16324,16.0
16325,21.0
16326,30.0
16327,38.0
16328,43.0
16329,39.0
16330,43.0
16331,34.0
16332,42.0
16333,41.0
16334,46.0
16335,41.0
16336,45.0
16337,50.0
16338,47.0
16339,65.0
16340,75.0
16341,23.0
16342,17.0
16343,21.0
16344,15.0
16345,7.0
16346,6.0
16347,6.0
16348,7.0
16349,8.0
16350,9.0
16351,10.0
16352,9.0
16353,12.0
16354,12.0
16355,18.0
16356,9.0
16357,18.0
16358,19.0
16359,17.0
16360,19.0
16361,34.0
16362,58.0
16363,74.0
16364,89.0
16365,88.0
16366,78.0
16367,93.0
16368,126.0
16369,145.0
16370,141.0
16371,144.0
16372,127.0
16373,124.0
16374,134.0
16375,114.0
16376,84.0
16377,88.0
16378,118.0
16379,113.0
16380,110.0
16381,129.0
16382,124.0
16383,128.0
16384,150.0
16385,178.0
16386,178.0
16387,204.0
16388,242.0
16389,235.0
16390,204.0
16391,314.0
16392,333.0
16393,285.0
16394,289.0
16395,225.0
16396,183.0
16397,190.0
16398,185.0
16399,188.0
16400,172.0
16401,185.0
16402,185.0
16403,194.0
16404,195.0
16405,173.0
16406,158.0
16407,165.0
16408,168.0
16409,184.0
16410,206.0
16411,205.0
16412,185.0
16413,225.0
16414,206.0
16415,206.0
16416,187.0
16417,195.0
16418,202.0
16419,184.0
16420,186.0
16421,177.0
16422,193.0
16423,193.0
16424,149.0
16425,154.0
16426,154.0
16427,154.0
16428,210.0
16429,224.0
16430,271.0
16431,306.0
16432,342.0
16433,358.0
16434,380.0
16435,336.0
16436,166.0
16437,132.0
16438,128.0
16439,127.0
16440,100.0
16441,93.0
16442,103.0
16443,113.0
16444,111.0
16445,111.0
16446,113.0
16447,126.0
16448,121.0
16449,127.0
16450,119.0
16451,99.0
16452,107.0
16453,114.0
16454,119.0
16455,153.0
16456,160.0
16457,109.0
16458,112.0
16459,166.0
16460,144.0
16461,136.0
16462,128.0
16463,139.0
16464,141.0
16465,157.0
16466,142.0
16467,127.0
16468,95.0
16469,85.0
16470,97.0
16471,89.0
16472,78.0
16473,54.0
16474,56.0
16475,60.0
16476,59.0
16477,53.0
16478,40.0
16479,43.0
16480,70.0
16481,55.0
16482,70.0
16483,77.0
16484,91.0
16485,91.0
16486,99.0
16487,90.0
16488,82.0
16489,72.0
16490,71.0
16491,34.0
16492,13.0
16493,7.0
16494,3.0
16495,9.0
16496,13.0
16497,15.0
16498,9.0
16499,16.0
16500,13.0
16501,15.0
16502,10.0
16503,6.0
16504,7.0
16505,8.0
16506,10.0
16507,18.0
16508,12.0
16509,22.0
16510,9.0
16511,9.0
16512,10.0
16513,12.0
16514,16.0
16515,17.0
16516,25.0
16517,20.0
16518,29.0
16519,19.0
16520,21.0
16521,30.0
16522,42.0
16523,58.0
16524,53.0
16525,55.0
16526,55.0
16527,47.0
16528,48.0
16529,45.0
16530,52.0
16531,77.0
16532,113.0
16533,172.0
16534,249.0
16535,226.0
16536,191.0
16537,154.0
16538,123.0
16539,106.0
16540,102.0
16541,80.0
16542,71.0
16543,91.0
16544,81.0
16545,73.0
16546,89.0
16547,99.0
16548,99.0
16549,115.0
16550,132.0
16551,135.0
16552,165.0
16553,163.0
16554,172.0
16555,190.0
16556,196.0
16557,210.0
16558,239.0
16559,380.0
16560,358.0
16561,364.0
16562,363.0
16563,322.0
16564,315.0
16565,271.0
16566,227.0
16567,197.0
16568,194.0
16569,198.0
16570,223.0
16571,241.0
16572,208.0
16573,55.0
16574,12.0
16575,17.0
16576,7.0
16577,7.0
16578,9.0
16579,10.0
16580,7.0
16581,9.0
16582,19.0
16583,6.0
16584,7.0
16585,9.0
16586,10.0
16587,10.0
16588,10.0
16589,8.0
16590,9.0
16591,12.0
16592,13.0
16593,14.0
16594,14.0
16595,14.0
16596,11.0
16597,10.0
16598,15.0
16599,13.0
16600,13.0
16601,18.0
16602,28.0
16603,40.0
16604,48.0
16605,63.0
16606,72.0
16607,91.0
16608,98.0
16609,99.0
16610,100.0
16611,118.0
16612,135.0
16613,134.0
16614,121.0
16615,96.0
16616,90.0
16617,96.0
16618,114.0
16619,135.0
16620,151.0
16621,180.0
16622,211.0
16623,251.0
16624,278.0
16625,266.0
16626,273.0
16627,282.0
16628,290.0
16629,323.0
16630,333.0
16631,305.0
16632,280.0
16633,260.0
16634,207.0
16635,232.0
16636,155.0
16637,128.0
16638,105.0
16639,120.0
16640,121.0
16641,126.0
16642,145.0
16643,163.0
16644,206.0
16645,227.0
16646,196.0
16647,193.0
16648,229.0
16649,259.0
16650,256.0
16651,258.0
16652,274.0
16653,332.0
16654,343.0
16655,337.0
16656,311.0
16657,292.0
16658,227.0
16659,222.0
16660,229.0
16661,222.0
16662,233.0
16663,234.0
16664,223.0
16665,203.0
16666,223.0
16667,209.0
16668,193.0
16669,200.0
16670,200.0
16671,210.0
16672,222.0
16673,250.0
16674,271.0
16675,300.0
16676,292.0
16677,305.0
16678,322.0
16679,330.0
16680,326.0
16681,306.0
16682,295.0
16683,302.0
16684,237.0
16685,176.0
16686,143.0
16687,135.0
16688,133.0
16689,115.0
16690,115.0
16691,106.0
16692,86.0
16693,102.0
16694,140.0
16695,178.0
16696,216.0
16697,243.0
16698,277.0
16699,313.0
16700,350.0
16701,404.0
16702,391.0
16703,362.0
16704,289.0
16705,257.0
16706,222.0
16707,177.0
16708,174.0
16709,148.0
16710,140.0
16711,124.0
16712,127.0
16713,143.0
16714,138.0
16715,96.0
16716,34.0
16717,131.0
16718,180.0
16719,143.0
16720,100.0
16721,93.0
16722,64.0
16723,48.0
16724,50.0
16725,48.0
16726,39.0
16727,40.0
16728,48.0
16729,47.0
16730,50.0
16731,49.0
16732,50.0
16733,52.0
16734,45.0
16735,40.0
16736,31.0
16737,34.0
16738,42.0
16739,45.0
16740,39.0
16741,51.0
16742,48.0
16743,63.0
16744,73.0
16745,78.0
16746,97.0
16747,90.0
16748,115.0
16749,145.0
16750,155.0
16751,127.0
16752,112.0
16753,119.0
16754,174.0
16755,238.0
16756,229.0
16757,208.0
16758,163.0
16759,146.0
16760,43.0
16761,21.0
16762,21.0
16763,20.0
16764,32.0
16765,33.0
16766,25.0
16767,31.0
16768,40.0
16769,40.0
16770,70.0
16771,97.0
16772,100.0
16773,111.0
16774,99.0
16775,125.0
16776,149.0
16777,174.0
16778,224.0
16779,215.0
16780,186.0
16781,107.0
16782,73.0
16783,87.0
16784,82.0
16785,53.0
16786,69.0
16787,75.0
16788,92.0
16789,116.0
16790,160.0
16791,271.0
16792,301.0
16793,238.0
16794,183.0
16795,209.0
16796,187.0
16797,198.0
16798,219.0
16799,243.0
16800,287.0
16801,303.0
16802,282.0
16803,284.0
16804,290.0
16805,296.0
16806,306.0
16807,309.0
16808,301.0
16809,265.0
16810,293.0
16811,289.0
16812,254.0
16813,279.0
16814,278.0
16815,281.0
16816,295.0
16817,307.0
16818,365.0
16819,431.0
16820,494.0
16821,490.0
16822,473.0
16823,473.0
16824,477.0
16825,301.0
16826,288.0
16827,96.0
16828,17.0
16829,26.0
16830,37.0
16831,36.0
16832,34.0
16833,34.0
16834,27.0
16835,29.0
16836,29.0
16837,32.0
16838,35.0
16839,39.0
16840,42.0
16841,99.0
16842,137.0
16843,168.0
16844,177.0
16845,184.0
16846,195.0
16847,193.0
16848,187.0
16849,178.0
16850,206.0
16851,260.0
16852,276.0
16853,250.0
16854,203.0
16855,222.0
16856,113.0
16857,54.0
16858,63.0
16859,65.0
16860,100.0
16861,126.0
16862,221.0
16863,406.0
16864,472.0
16865,498.0
16866,522.0
16867,469.0
16868,412.0
16869,372.0
16870,355.0
16871,365.0
16872,392.0
16873,324.0
16874,386.0
16875,397.0
16876,416.0
16877,395.0
16878,370.0
16879,296.0
16880,275.0
16881,282.0
16882,270.0
16883,283.0
16884,269.0
16885,248.0
16886,268.0
16887,306.0
16888,270.0
16889,332.0
16890,335.0
16891,324.0
16892,318.0
16893,304.0
16894,266.0
16895,226.0
16896,252.0
16897,247.0
16898,247.0
16899,237.0
16900,229.0
16901,225.0
16902,231.0
16903,211.0
16904,181.0
16905,210.0
16906,211.0
16907,209.0
16908,215.0
16909,215.0
16910,201.0
16911,193.0
16912,189.0
16913,187.0
16914,240.0
16915,232.0
16916,279.0
16917,456.0
16918,420.0
16919,340.0
16920,306.0
16921,286.0
16922,284.0
16923,287.0
16924,281.0
16925,265.0
16926,232.0
16927,218.0
16928,202.0
16929,146.0
16930,27.0
16931,28.0
16932,17.0
16933,18.0
16934,17.0
16935,18.0
16936,15.0
16937,16.0
16938,13.0
16939,12.0
16940,11.0
16941,12.0
16942,11.0
16943,12.0
16944,11.0
16945,8.0
16946,9.0
16947,11.0
16948,8.0
16949,8.0
16950,16.0
16951,10.0
16952,16.0
16953,12.0
16954,11.0
16955,11.0
16956,17.0
16957,9.0
16958,10.0
16959,12.0
16960,14.0
16961,15.0
16962,15.0
16963,9.0
16964,7.0
16965,7.0
16966,7.0
16967,7.0
16968,17.0
16969,17.0
16970,18.0
16971,13.0
16972,13.0
16973,14.0
16974,12.0
16975,22.0
16976,32.0
16977,26.0
16978,25.0
16979,19.0
16980,19.0
16981,18.0
16982,16.0
16983,17.0
16984,18.0
16985,18.0
16986,20.0
16987,29.0
16988,17.0
16989,19.0
16990,11.0
16991,18.0
16992,11.0
16993,16.0
16994,17.0
16995,14.0
16996,15.0
16997,13.0
16998,15.0
16999,15.0
17000,21.0
17001,22.0
17002,27.0
17003,23.0
17004,21.0
17005,16.0
17006,15.0
17007,12.0
17008,63.0
17009,74.0
17010,77.0
17011,80.0
17012,85.0
17013,77.0
17014,76.0
17015,73.0
17016,82.0
17017,87.0
17018,100.0
17019,113.0
17020,135.0
17021,148.0
17022,153.0
17023,187.0
17024,180.0
17025,176.0
17026,70.0
17027,46.0
17028,30.0
17029,24.0
17030,28.0
17031,30.0
17032,33.0
17033,49.0
17034,47.0
17035,55.0
17036,59.0
17037,79.0
17038,48.0
17039,50.0
17040,62.0
17041,61.0
17042,46.0
17043,35.0
17044,25.0
17045,17.0
17046,16.0
17047,20.0
17048,25.0
17049,29.0
17050,26.0
17051,43.0
17052,31.0
17053,38.0
17054,61.0
17055,65.0
17056,57.0
17057,82.0
17058,91.0
17059,79.0
17060,62.0
17061,62.0
17062,71.0
17063,82.0
17064,81.0
17065,90.0
17066,100.0
17067,88.0
17068,79.0
17069,87.0
17070,90.0
17071,83.0
17072,93.0
17073,121.0
17074,147.0
17075,175.0
17076,181.0
17077,186.0
17078,200.0
17079,223.0
17080,238.0
17081,247.0
17082,279.0
17083,304.0
17084,320.0
17085,282.0
17086,56.0
17087,16.0
17088,15.0
17089,14.0
17090,14.0
17091,13.0
17092,10.0
17093,10.0
17094,11.0
17095,11.0
17096,13.0
17097,16.0
17098,18.0
17099,19.0
17100,13.0
17101,17.0
17102,14.0
17103,11.0
17104,10.0
17105,16.0
17106,17.0
17107,20.0
17108,14.0
17109,12.0
17110,23.0
17111,16.0
17112,16.0
17113,15.0
17114,16.0
17115,22.0
17116,21.0
17117,19.0
17118,28.0
17119,11.0
17120,13.0
17121,19.0
17122,15.0
17123,19.0
17124,12.0
17125,16.0
17126,15.0
17127,7.0
17128,11.0
17129,11.0
17130,7.0
17131,9.0
17132,10.0
17133,11.0
17134,10.0
17135,15.0
17136,11.0
17137,10.0
17138,9.0
17139,8.0
17140,8.0
17141,7.0
17142,10.0
17143,14.0
17144,17.0
17145,13.0
17146,12.0
17147,15.0
17148,16.0
17149,20.0
17150,17.0
17151,17.0
17152,18.0
17153,19.0
17154,36.0
17155,53.0
17156,49.0
17157,74.0
17158,85.0
17159,96.0
17160,123.0
17161,122.0
17162,140.0
17163,114.0
17164,109.0
17165,92.0
17166,68.0
17167,55.0
17168,58.0
17169,57.0
17170,69.0
17171,75.0
17172,77.0
17173,77.0
17174,129.0
17175,107.0
17176,156.0
17177,108.0
17178,109.0
17179,128.0
17180,170.0
17181,151.0
17182,177.0
17183,111.0
17184,50.0
17185,39.0
17186,28.0
17187,14.0
17188,13.0
17189,19.0
17190,19.0
17191,15.0
17192,22.0
17193,33.0
17194,40.0
17195,35.0
17196,38.0
17197,40.0
17198,44.0
17199,45.0
17200,67.0
17201,88.0
17202,111.0
17203,107.0
17204,99.0
17205,116.0
17206,105.0
17207,64.0
17208,31.0
17209,27.0
17210,26.0
17211,23.0
17212,18.0
17213,13.0
17214,21.0
17215,18.0
17216,30.0
17217,30.0
17218,36.0
17219,38.0
17220,39.0
17221,29.0
17222,34.0
17223,42.0
17224,51.0
17225,58.0
17226,150.0
17227,152.0
17228,161.0
17229,153.0
17230,142.0
17231,185.0
17232,191.0
17233,188.0
17234,123.0
17235,72.0
17236,69.0
17237,35.0
17238,36.0
17239,31.0
17240,42.0
17241,48.0
17242,66.0
17243,66.0
17244,62.0
17245,65.0
17246,85.0
17247,112.0
17248,94.0
17249,105.0
17250,62.0
17251,47.0
17252,103.0
17253,100.0
17254,123.0
17255,100.0
17256,74.0
17257,81.0
17258,30.0
17259,21.0
17260,11.0
17261,13.0
17262,13.0
17263,17.0
17264,12.0
17265,18.0
17266,17.0
17267,17.0
17268,18.0
17269,19.0
17270,14.0
17271,14.0
17272,13.0
17273,10.0
17274,9.0
17275,12.0
17276,18.0
17277,14.0
17278,16.0
17279,19.0
17280,13.0
17281,14.0
17282,14.0
17283,13.0
17284,12.0
17285,12.0
17286,13.0
17287,18.0
17288,24.0
17289,31.0
17290,27.0
17291,19.0
17292,14.0
17293,16.0
17294,15.0
17295,22.0
17296,27.0
17297,38.0
17298,40.0
17299,51.0
17300,64.0
17301,68.0
17302,70.0
17303,95.0
17304,118.0
17305,117.0
17306,119.0
17307,106.0
17308,98.0
17309,73.0
17310,76.0
17311,87.0
17312,98.0
17313,90.0
17314,70.0
17315,63.0
17316,33.0
17317,15.0
17318,18.0
17319,16.0
17320,18.0
17321,8.0
17322,16.0
17323,17.0
17324,15.0
17325,16.0
17326,13.0
17327,11.0
17328,10.0
17329,11.0
17330,11.0
17331,16.0
17332,14.0
17333,13.0
17334,21.0
17335,20.0
17336,19.0
17337,21.0
17338,27.0
17339,22.0
17340,27.0
17341,38.0
17342,30.0
17343,22.0
17344,21.0
17345,53.0
17346,90.0
17347,102.0
17348,90.0
17349,126.0
17350,131.0
17351,105.0
17352,103.0
17353,99.0
17354,79.0
17355,64.0
17356,37.0
17357,54.0
17358,45.0
17359,38.0
17360,37.0
17361,48.0
17362,48.0
17363,66.0
17364,65.0
17365,63.0
17366,56.0
17367,61.0
17368,70.0
17369,90.0
17370,136.0
17371,165.0
17372,193.0
17373,214.0
17374,147.0
17375,77.0
17376,69.0
17377,79.0
17378,146.0
17379,139.0
17380,124.0
17381,134.0
17382,95.0
17383,79.0
17384,58.0
17385,49.0
17386,60.0
17387,56.0
17388,57.0
17389,67.0
17390,92.0
17391,121.0
17392,151.0
17393,183.0
17394,221.0
17395,268.0
17396,307.0
17397,302.0
17398,316.0
17399,327.0
17400,286.0
17401,249.0
17402,187.0
17403,146.0
17404,150.0
17405,121.0
17406,116.0
17407,122.0
17408,122.0
17409,132.0
17410,142.0
17411,146.0
17412,161.0
17413,157.0
17414,162.0
17415,161.0
17416,183.0
17417,204.0
17418,250.0
17419,271.0
17420,292.0
17421,324.0
17422,356.0
17423,333.0
17424,262.0
17425,199.0
17426,169.0
17427,154.0
17428,145.0
17429,163.0
17430,184.0
17431,187.0
17432,132.0
17433,134.0
17434,108.0
17435,115.0
17436,101.0
17437,63.0
17438,99.0
17439,137.0
17440,200.0
17441,316.0
17442,437.0
17443,228.0
17444,104.0
17445,87.0
17446,66.0
17447,62.0
17448,61.0
17449,47.0
17450,52.0
17451,50.0
17452,42.0
17453,33.0
17454,41.0
17455,36.0
17456,40.0
17457,46.0
17458,57.0
17459,64.0
17460,68.0
17461,72.0
17462,73.0
17463,78.0
17464,79.0
17465,82.0
17466,87.0
17467,91.0
17468,79.0
17469,64.0
17470,69.0
17471,71.0
17472,67.0
17473,64.0
17474,64.0
17475,70.0
17476,71.0
17477,79.0
17478,80.0
17479,81.0
17480,91.0
17481,101.0
17482,112.0
17483,123.0
17484,141.0
17485,150.0
17486,170.0
17487,190.0
17488,201.0
17489,211.0
17490,218.0
17491,222.0
17492,207.0
17493,208.0
17494,195.0
17495,163.0
17496,196.0
17497,175.0
17498,144.0
17499,137.0
17500,128.0
17501,135.0
17502,157.0
17503,164.0
17504,155.0
17505,159.0
17506,130.0
17507,98.0
17508,82.0
17509,71.0
17510,66.0
17511,72.0
17512,192.0
17513,209.0
17514,209.0
17515,217.0
17516,223.0
17517,251.0
17518,283.0
17519,275.0
17520,303.0
17521,215.0
17522,222.0
17523,85.0
17524,38.0
17525,23.0
17526,19.0
17527,14.0
17528,16.0
17529,21.0
17530,22.0
17531,22.0
17532,17.0
17533,22.0
17534,29.0
17535,39.0
17536,42.0
17537,55.0
17538,55.0
17539,72.0
17540,81.0
17541,80.0
17542,128.0
17543,114.0
17544,97.0
17545,79.0
17546,88.0
17547,87.0
17548,98.0
17549,99.0
17550,100.0
17551,104.0
17552,131.0
17553,134.0
17554,169.0
17555,133.0
17556,39.0
17557,12.0
17558,19.0
17559,14.0
17560,13.0
17561,13.0
17562,16.0
17563,8.0
17564,10.0
17565,27.0
17566,18.0
17567,14.0
17568,16.0
17569,17.0
17570,11.0
17571,11.0
17572,12.0
17573,15.0
17574,17.0
17575,14.0
17576,16.0
17577,18.0
17578,24.0
17579,16.0
17580,18.0
17581,13.0
17582,23.0
17583,13.0
17584,11.0
17585,8.0
17586,19.0
17587,11.0
17588,12.0
17589,10.0
17590,16.0
17591,14.0
17592,13.0
17593,10.0
17594,11.0
17595,18.0
17596,13.0
17597,13.0
17598,15.0
17599,20.0
17600,19.0
17601,16.0
17602,17.0
17603,12.0
17604,25.0
17605,16.0
17606,15.0
17607,21.0
17608,37.0
17609,42.0
17610,55.0
17611,74.0
17612,87.0
17613,86.0
17614,87.0
17615,90.0
17616,89.0
17617,91.0
17618,99.0
17619,150.0
17620,143.0
17621,130.0
17622,102.0
17623,96.0
17624,72.0
17625,60.0
17626,70.0
17627,76.0
17628,69.0
17629,53.0
17630,53.0
17631,65.0
17632,86.0
17633,115.0
17634,179.0
17635,235.0
17636,241.0
17637,189.0
17638,161.0
17639,189.0
17640,161.0
17641,161.0
17642,159.0
17643,197.0
17644,183.0
17645,172.0
17646,170.0
17647,179.0
17648,194.0
17649,183.0
17650,150.0
17651,87.0
17652,93.0
17653,91.0
17654,67.0
17655,54.0
17656,62.0
17657,56.0
17658,58.0
17659,54.0
17660,51.0
17661,52.0
17662,45.0
17663,45.0
17664,49.0
17665,47.0
17666,40.0
17667,46.0
17668,51.0
17669,49.0
17670,60.0
17671,69.0
17672,66.0
17673,68.0
17674,83.0
17675,132.0
17676,175.0
17677,170.0
17678,172.0
17679,169.0
17680,176.0
17681,175.0
17682,172.0
17683,166.0
17684,171.0
17685,164.0
17686,191.0
17687,171.0
17688,184.0
17689,191.0
17690,169.0
17691,156.0
17692,151.0
17693,120.0
17694,116.0
17695,109.0
17696,111.0
17697,124.0
17698,125.0
17699,151.0
17700,149.0
17701,153.0
17702,152.0
17703,144.0
17704,197.0
17705,181.0
17706,197.0
17707,201.0
17708,211.0
17709,235.0
17710,275.0
17711,289.0
17712,284.0
17713,205.0
17714,146.0
17715,127.0
17716,79.0
17717,63.0
17718,79.0
17719,126.0
17720,100.0
17721,96.0
17722,74.0
17723,77.0
17724,85.0
17725,204.0
17726,184.0
17727,177.0
17728,175.0
17729,149.0
17730,180.0
17731,267.0
17732,314.0
17733,350.0
17734,335.0
17735,366.0
17736,358.0
17737,388.0
17738,433.0
17739,524.0
17740,534.0
17741,501.0
17742,513.0
17743,491.0
17744,502.0
17745,484.0
17746,494.0
17747,155.0
17748,21.0
17749,21.0
17750,19.0
17751,17.0
17752,13.0
17753,15.0
17754,11.0
17755,12.0
17756,12.0
17757,10.0
17758,18.0
17759,17.0
17760,14.0
17761,17.0
17762,13.0
17763,14.0
17764,24.0
17765,25.0
17766,32.0
17767,29.0
17768,53.0
17769,31.0
17770,33.0
17771,47.0
17772,57.0
17773,47.0
17774,46.0
17775,65.0
17776,71.0
17777,68.0
17778,71.0
17779,93.0
17780,120.0
17781,112.0
17782,123.0
17783,138.0
17784,147.0
17785,156.0
17786,169.0
17787,156.0
17788,148.0
17789,137.0
17790,146.0
17791,130.0
17792,123.0
17793,126.0
17794,130.0
17795,136.0
17796,149.0
17797,196.0
17798,162.0
17799,160.0
17800,160.0
17801,174.0
17802,144.0
17803,171.0
17804,156.0
17805,230.0
17806,182.0
17807,100.0
17808,60.0
17809,50.0
17810,52.0
17811,57.0
17812,41.0
17813,47.0
17814,44.0
17815,37.0
17816,52.0
17817,46.0
17818,43.0
17819,45.0
17820,45.0
17821,61.0
17822,69.0
17823,66.0
17824,39.0
17825,57.0
17826,72.0
17827,73.0
17828,73.0
17829,91.0
17830,101.0
17831,137.0
17832,133.0
17833,130.0
17834,125.0
17835,125.0
17836,98.0
17837,58.0
17838,42.0
17839,39.0
17840,33.0
17841,33.0
17842,33.0
17843,33.0
17844,33.0
17845,33.0
17846,33.0
17847,33.0
17848,33.0
17849,33.0
17850,33.0
17851,33.0
17852,33.0
17853,33.0
17854,33.0
17855,33.0
17856,33.0
17857,33.0
17858,33.0
17859,33.0
17860,33.0
17861,33.0
17862,33.0
17863,33.0
17864,33.0
17865,33.0
17866,33.0
17867,33.0
17868,33.0
17869,33.0
17870,33.0
17871,33.0
17872,33.0
17873,33.0
17874,33.0
17875,33.0
17876,33.0
17877,33.0
17878,33.0
17879,33.0
17880,33.0
17881,33.0
17882,33.0
17883,33.0
17884,33.0
17885,33.0
17886,33.0
17887,33.0
17888,33.0
17889,33.0
17890,33.0
17891,33.0
17892,33.0
17893,33.0
17894,33.0
17895,33.0
17896,33.0
17897,33.0
17898,33.0
17899,33.0
17900,33.0
17901,33.0
17902,33.0
17903,33.0
17904,33.0
17905,33.0
17906,33.0
17907,33.0
17908,33.0
17909,33.0
17910,33.0
17911,33.0
17912,33.0
17913,33.0
17914,33.0
17915,254.0
17916,281.0
17917,301.0
17918,285.0
17919,304.0
17920,309.0
17921,308.0
17922,338.0
17923,416.0
17924,398.0
17925,385.0
17926,348.0
17927,332.0
17928,339.0
17929,344.0
17930,353.0
17931,385.0
17932,394.0
17933,401.0
17934,393.0
17935,381.0
17936,384.0
17937,372.0
17938,370.0
17939,345.0
17940,359.0
17941,382.0
17942,412.0
17943,440.0
17944,436.0
17945,450.0
17946,456.0
17947,469.0
17948,450.0
17949,458.0
17950,446.0
17951,437.0
17952,460.0
17953,503.0
17954,558.0
17955,486.0
17956,441.0
17957,388.0
17958,351.0
17959,348.0
17960,390.0
17961,405.0
17962,380.0
17963,373.0
17964,379.0
17965,387.0
17966,378.0
17967,399.0
17968,414.0
17969,419.0
17970,436.0
17971,436.0
17972,459.0
17973,494.0
17974,522.0
17975,479.0
17976,315.0
17977,121.0
17978,49.0
17979,52.0
17980,47.0
17981,29.0
17982,17.0
17983,15.0
17984,24.0
17985,22.0
17986,21.0
17987,20.0
17988,22.0
17989,21.0
17990,12.0
17991,13.0
17992,13.0
17993,22.0
17994,16.0
17995,22.0
17996,17.0
17997,21.0
17998,18.0
17999,17.0
18000,10.0
18001,10.0
18002,11.0
18003,11.0
18004,9.0
18005,7.0
18006,10.0
18007,12.0
18008,16.0
18009,21.0
18010,17.0
18011,18.0
18012,20.0
18013,20.0
18014,17.0
18015,13.0
18016,20.0
18017,15.0
18018,14.0
18019,22.0
18020,28.0
18021,20.0
18022,13.0
18023,21.0
18024,29.0
18025,19.0
18026,14.0
18027,11.0
18028,15.0
18029,16.0
18030,16.0
18031,19.0
18032,16.0
18033,21.0
18034,21.0
18035,22.0
18036,20.0
18037,18.0
18038,23.0
18039,35.0
18040,51.0
18041,54.0
18042,68.0
18043,108.0
18044,193.0
18045,182.0
18046,161.0
18047,225.0
18048,994.0
18049,972.0
18050,430.0
18051,296.0
18052,284.0
18053,285.0
18054,223.0
18055,141.0
18056,66.0
18057,33.0
18058,36.0
18059,27.0
18060,27.0
18061,20.0
18062,32.0
18063,24.0
18064,13.0
18065,24.0
18066,88.0
18067,103.0
18068,200.0
18069,157.0
18070,97.0
18071,79.0
18072,14.0
18073,12.0
18074,10.0
18075,8.0
18076,6.0
18077,8.0
18078,11.0
18079,9.0
18080,7.0
18081,10.0
18082,12.0
18083,13.0
18084,13.0
18085,11.0
18086,16.0
18087,15.0
18088,12.0
18089,9.0
18090,18.0
18091,25.0
18092,37.0
18093,85.0
18094,73.0
18095,33.0
18096,45.0
18097,61.0
18098,66.0
18099,50.0
18100,37.0
18101,42.0
18102,43.0
18103,48.0
18104,44.0
18105,50.0
18106,52.0
18107,51.0
18108,47.0
18109,51.0
18110,47.0
18111,43.0
18112,39.0
18113,60.0
18114,69.0
18115,93.0
18116,127.0
18117,122.0
18118,156.0
18119,176.0
18120,169.0
18121,166.0
18122,151.0
18123,113.0
18124,77.0
18125,80.0
18126,80.0
18127,62.0
18128,47.0
18129,55.0
18130,70.0
18131,79.0
18132,66.0
18133,67.0
18134,77.0
18135,84.0
18136,87.0
18137,115.0
18138,111.0
18139,125.0
18140,158.0
18141,227.0
18142,192.0
18143,113.0
18144,51.0
18145,25.0
18146,18.0
18147,40.0
18148,139.0
18149,162.0
18150,95.0
18151,8.0
18152,21.0
18153,20.0
18154,29.0
18155,24.0
18156,23.0
18157,36.0
18158,76.0
18159,84.0
18160,75.0
18161,93.0
18162,103.0
18163,128.0
18164,158.0
18165,124.0
18166,122.0
18167,74.0
18168,51.0
18169,58.0
18170,59.0
18171,69.0
18172,67.0
18173,69.0
18174,63.0
18175,60.0
18176,72.0
18177,75.0
18178,79.0
18179,82.0
18180,79.0
18181,76.0
18182,87.0
18183,91.0
18184,88.0
18185,96.0
18186,103.0
18187,129.0
18188,132.0
18189,159.0
18190,164.0
18191,170.0
18192,165.0
18193,68.0
18194,44.0
18195,25.0
18196,15.0
18197,14.0
18198,14.0
18199,13.0
18200,12.0
18201,23.0
18202,19.0
18203,18.0
18204,20.0
18205,20.0
18206,31.0
18207,35.0
18208,46.0
18209,38.0
18210,49.0
18211,47.0
18212,69.0
18213,76.0
18214,87.0
18215,91.0
18216,73.0
18217,77.0
18218,109.0
18219,81.0
18220,89.0
18221,91.0
18222,91.0
18223,84.0
18224,99.0
18225,112.0
18226,127.0
18227,133.0
18228,133.0
18229,129.0
18230,134.0
18231,135.0
18232,138.0
18233,155.0
18234,157.0
18235,147.0
18236,151.0
18237,152.0
18238,142.0
18239,132.0
18240,139.0
18241,150.0
18242,150.0
18243,143.0
18244,144.0
18245,154.0
18246,152.0
18247,147.0
18248,141.0
18249,135.0
18250,58.0
18251,14.0
18252,19.0
18253,22.0
18254,23.0
18255,18.0
18256,17.0
18257,14.0
18258,13.0
18259,13.0
18260,18.0
18261,8.0
18262,9.0
18263,15.0
18264,14.0
18265,13.0
18266,9.0
18267,11.0
18268,12.0
18269,11.0
18270,13.0
18271,13.0
18272,13.0
18273,14.0
18274,14.0
18275,14.0
18276,12.0
18277,13.0
18278,16.0
18279,16.0
18280,17.0
18281,23.0
18282,25.0
18283,39.0
18284,52.0
18285,42.0
18286,24.0
18287,24.0
18288,30.0
18289,13.0
18290,10.0
18291,8.0
18292,7.0
18293,6.0
18294,9.0
18295,11.0
18296,16.0
18297,13.0
18298,16.0
18299,14.0
18300,17.0
18301,14.0
18302,13.0
18303,18.0
18304,24.0
18305,39.0
18306,57.0
18307,69.0
18308,75.0
18309,82.0
18310,92.0
18311,64.0
18312,61.0
18313,40.0
18314,60.0
18315,68.0
18316,68.0
18317,63.0
18318,63.0
18319,60.0
18320,52.0
18321,49.0
18322,59.0
18323,60.0
18324,52.0
18325,50.0
18326,76.0
18327,66.0
18328,72.0
18329,82.0
18330,100.0
18331,129.0
18332,147.0
18333,114.0
18334,50.0
18335,14.0
18336,16.0
18337,9.0
18338,9.0
18339,8.0
18340,9.0
18341,9.0
18342,9.0
18343,17.0
18344,21.0
18345,19.0
18346,19.0
18347,20.0
18348,22.0
18349,29.0
18350,40.0
18351,69.0
18352,70.0
18353,62.0
18354,60.0
18355,61.0
18356,72.0
18357,82.0
18358,100.0
18359,118.0
18360,126.0
18361,140.0
18362,132.0
18363,119.0
18364,100.0
18365,92.0
18366,90.0
18367,109.0
18368,103.0
18369,81.0
18370,82.0
18371,100.0
18372,103.0
18373,116.0
18374,108.0
18375,113.0
18376,127.0
18377,132.0
18378,128.0
18379,132.0
18380,201.0
18381,265.0
18382,252.0
18383,254.0
18384,262.0
18385,251.0
18386,278.0
18387,263.0
18388,183.0
18389,18.0
18390,20.0
18391,19.0
18392,12.0
18393,11.0
18394,10.0
18395,12.0
18396,19.0
18397,22.0
18398,23.0
18399,13.0
18400,12.0
18401,10.0
18402,27.0
18403,32.0
18404,42.0
18405,66.0
18406,56.0
18407,163.0
18408,17.0
18409,7.0
18410,7.0
18411,7.0
18412,9.0
18413,9.0
18414,7.0
18415,9.0
18416,13.0
18417,22.0
18418,15.0
18419,13.0
18420,18.0
18421,14.0
18422,12.0
18423,12.0
18424,13.0
18425,12.0
18426,12.0
18427,12.0
18428,12.0
18429,9.0
18430,9.0
18431,11.0
18432,9.0
18433,10.0
18434,10.0
18435,11.0
18436,10.0
18437,8.0
18438,9.0
18439,12.0
18440,16.0
18441,11.0
18442,27.0
18443,21.0
18444,16.0
18445,11.0
18446,11.0
18447,17.0
18448,17.0
18449,12.0
18450,20.0
18451,21.0
18452,26.0
18453,18.0
18454,22.0
18455,18.0
18456,39.0
18457,36.0
18458,28.0
18459,28.0
18460,33.0
18461,33.0
18462,38.0
18463,77.0
18464,84.0
18465,84.0
18466,63.0
18467,52.0
18468,40.0
18469,36.0
18470,37.0
18471,45.0
18472,51.0
18473,55.0
18474,66.0
18475,64.0
18476,56.0
18477,57.0
18478,21.0
18479,6.0
18480,4.0
18481,6.0
18482,8.0
18483,7.0
18484,9.0
18485,11.0
18486,13.0
18487,21.0
18488,29.0
18489,19.0
18490,36.0
18491,23.0
18492,23.0
18493,18.0
18494,19.0
18495,27.0
18496,36.0
18497,23.0
18498,34.0
18499,46.0
18500,54.0
18501,63.0
18502,82.0
18503,74.0
18504,95.0
18505,102.0
18506,114.0
18507,121.0
18508,117.0
18509,112.0
18510,123.0
18511,126.0
18512,129.0
18513,121.0
18514,111.0
18515,73.0
18516,49.0
18517,40.0
18518,39.0
18519,40.0
18520,34.0
18521,29.0
18522,44.0
18523,74.0
18524,87.0
18525,106.0
18526,147.0
18527,175.0
18528,107.0
18529,99.0
18530,86.0
18531,74.0
18532,78.0
18533,75.0
18534,70.0
18535,70.0
18536,77.0
18537,90.0
18538,113.0
18539,97.0
18540,111.0
18541,104.0
18542,106.0
18543,105.0
18544,105.0
18545,112.0
18546,120.0
18547,134.0
18548,143.0
18549,157.0
18550,149.0
18551,170.0
18552,183.0
18553,175.0
18554,154.0
18555,145.0
18556,144.0
18557,163.0
18558,172.0
18559,170.0
18560,182.0
18561,138.0
18562,149.0
18563,163.0
18564,165.0
18565,192.0
18566,226.0
18567,221.0
18568,224.0
18569,228.0
18570,254.0
18571,288.0
18572,295.0
18573,332.0
18574,352.0
18575,376.0
18576,380.0
18577,327.0
18578,306.0
18579,248.0
18580,235.0
18581,236.0
18582,151.0
18583,14.0
18584,13.0
18585,16.0
18586,16.0
18587,15.0
18588,22.0
18589,25.0
18590,26.0
18591,23.0
18592,24.0
18593,25.0
18594,22.0
18595,38.0
18596,57.0
18597,41.0
18598,71.0
18599,80.0
18600,129.0
18601,149.0
18602,132.0
18603,97.0
18604,83.0
18605,78.0
18606,92.0
18607,95.0
18608,92.0
18609,87.0
18610,96.0
18611,113.0
18612,138.0
18613,167.0
18614,134.0
18615,112.0
18616,118.0
18617,114.0
18618,126.0
18619,133.0
18620,145.0
18621,163.0
18622,16.0
18623,4.0
18624,5.0
18625,8.0
18626,12.0
18627,11.0
18628,10.0
18629,11.0
18630,9.0
18631,12.0
18632,17.0
18633,15.0
18634,24.0
18635,17.0
18636,11.0
18637,15.0
18638,18.0
18639,18.0
18640,16.0
18641,14.0
18642,16.0
18643,13.0
18644,15.0
18645,15.0
18646,20.0
18647,7.0
18648,8.0
18649,9.0
18650,11.0
18651,12.0
18652,11.0
18653,9.0
18654,10.0
18655,16.0
18656,17.0
18657,15.0
18658,18.0
18659,19.0
18660,26.0
18661,16.0
18662,24.0
18663,15.0
18664,13.0
18665,9.0
18666,8.0
18667,11.0
18668,10.0
18669,18.0
18670,18.0
18671,14.0
18672,16.0
18673,12.0
18674,9.0
18675,8.0
18676,10.0
18677,8.0
18678,17.0
18679,17.0
18680,30.0
18681,27.0
18682,23.0
18683,27.0
18684,19.0
18685,26.0
18686,45.0
18687,40.0
18688,52.0
18689,50.0
18690,53.0
18691,52.0
18692,59.0
18693,74.0
18694,90.0
18695,109.0
18696,105.0
18697,98.0
18698,91.0
18699,99.0
18700,98.0
18701,91.0
18702,87.0
18703,84.0
18704,89.0
18705,87.0
18706,80.0
18707,73.0
18708,52.0
18709,38.0
18710,33.0
18711,33.0
18712,25.0
18713,32.0
18714,41.0
18715,52.0
18716,64.0
18717,64.0
18718,56.0
18719,65.0
18720,81.0
18721,113.0
18722,163.0
18723,162.0
18724,152.0
18725,129.0
18726,105.0
18727,99.0
18728,94.0
18729,85.0
18730,110.0
18731,139.0
18732,139.0
18733,127.0
18734,129.0
18735,135.0
18736,145.0
18737,184.0
18738,236.0
18739,254.0
18740,260.0
18741,216.0
18742,160.0
18743,93.0
18744,75.0
18745,73.0
18746,68.0
18747,69.0
18748,82.0
18749,83.0
18750,99.0
18751,117.0
18752,125.0
18753,95.0
18754,103.0
18755,123.0
18756,117.0
18757,140.0
18758,151.0
18759,143.0
18760,148.0
18761,162.0
18762,134.0
18763,138.0
18764,155.0
18765,172.0
18766,151.0
18767,141.0
18768,153.0
18769,141.0
18770,158.0
18771,153.0
18772,164.0
18773,173.0
18774,174.0
18775,183.0
18776,178.0
18777,193.0
18778,203.0
18779,206.0
18780,203.0
18781,208.0
18782,219.0
18783,235.0
18784,240.0
18785,241.0
18786,248.0
18787,154.0
18788,25.0
18789,16.0
18790,18.0
18791,16.0
18792,11.0
18793,11.0
18794,16.0
18795,8.0
18796,9.0
18797,11.0
18798,14.0
18799,16.0
18800,15.0
18801,20.0
18802,20.0
18803,18.0
18804,15.0
18805,19.0
18806,20.0
18807,20.0
18808,18.0
18809,18.0
18810,27.0
18811,33.0
18812,57.0
18813,70.0
18814,81.0
18815,84.0
18816,78.0
18817,74.0
18818,79.0
18819,99.0
18820,99.0
18821,108.0
18822,103.0
18823,98.0
18824,98.0
18825,102.0
18826,125.0
18827,126.0
18828,122.0
18829,129.0
18830,119.0
18831,134.0
18832,142.0
18833,153.0
18834,149.0
18835,48.0
18836,11.0
18837,15.0
18838,10.0
18839,9.0
18840,10.0
18841,10.0
18842,6.0
18843,17.0
18844,19.0
18845,13.0
18846,16.0
18847,14.0
18848,21.0
18849,21.0
18850,21.0
18851,14.0
18852,21.0
18853,25.0
18854,18.0
18855,20.0
18856,25.0
18857,30.0
18858,42.0
18859,41.0
18860,36.0
18861,44.0
18862,49.0
18863,62.0
18864,70.0
18865,78.0
18866,108.0
18867,139.0
18868,73.0
18869,34.0
18870,29.0
18871,35.0
18872,37.0
18873,46.0
18874,30.0
18875,24.0
18876,25.0
18877,22.0
18878,33.0
18879,41.0
18880,47.0
18881,46.0
18882,42.0
18883,59.0
18884,83.0
18885,111.0
18886,140.0
18887,139.0
18888,161.0
18889,153.0
18890,133.0
18891,127.0
18892,134.0
18893,155.0
18894,172.0
18895,191.0
18896,201.0
18897,216.0
18898,233.0
18899,228.0
18900,230.0
18901,212.0
18902,188.0
18903,193.0
18904,173.0
18905,176.0
18906,179.0
18907,190.0
18908,211.0
18909,278.0
18910,286.0
18911,267.0
18912,278.0
18913,290.0
18914,287.0
18915,276.0
18916,274.0
18917,264.0
18918,245.0
18919,259.0
18920,264.0
18921,299.0
18922,308.0
18923,281.0
18924,192.0
18925,154.0
18926,140.0
18927,112.0
18928,101.0
18929,99.0
18930,106.0
18931,109.0
18932,111.0
18933,129.0
18934,161.0
18935,175.0
18936,173.0
18937,185.0
18938,190.0
18939,202.0
18940,200.0
18941,190.0
18942,184.0
18943,193.0
18944,176.0
18945,176.0
18946,176.0
18947,176.0
18948,176.0
18949,176.0
18950,176.0
18951,229.0
18952,203.0
18953,214.0
18954,253.0
18955,285.0
18956,286.0
18957,318.0
18958,324.0
18959,322.0
18960,293.0
18961,290.0
18962,270.0
18963,249.0
18964,230.0
18965,227.0
18966,220.0
18967,222.0
18968,209.0
18969,231.0
18970,262.0
18971,326.0
18972,347.0
18973,314.0
18974,268.0
18975,203.0
18976,192.0
18977,200.0
18978,208.0
18979,213.0
18980,235.0
18981,267.0
18982,278.0
18983,269.0
18984,165.0
18985,154.0
18986,112.0
18987,126.0
18988,113.0
18989,119.0
18990,132.0
18991,136.0
18992,121.0
18993,111.0
18994,120.0
18995,121.0
18996,110.0
18997,110.0
18998,113.0
18999,110.0
19000,110.0
19001,100.0
19002,83.0
19003,75.0
19004,132.0
19005,159.0
19006,151.0
19007,130.0
19008,93.0
19009,79.0
19010,79.0
19011,66.0
19012,77.0
19013,73.0
19014,72.0
19015,76.0
19016,101.0
19017,101.0
19018,81.0
19019,91.0
19020,98.0
19021,98.0
19022,94.0
19023,108.0
19024,107.0
19025,108.0
19026,117.0
19027,98.0
19028,112.0
19029,104.0
19030,106.0
19031,108.0
19032,107.0
19033,106.0
19034,113.0
19035,131.0
19036,170.0
19037,132.0
19038,122.0
19039,127.0
19040,114.0
19041,121.0
19042,149.0
19043,149.0
19044,143.0
19045,142.0
19046,124.0
19047,93.0
19048,104.0
19049,104.0
19050,97.0
19051,111.0
19052,143.0
19053,170.0
19054,189.0
19055,201.0
19056,200.0
19057,220.0
19058,229.0
19059,213.0
19060,172.0
19061,183.0
19062,179.0
19063,181.0
19064,182.0
19065,185.0
19066,176.0
19067,176.0
19068,166.0
19069,145.0
19070,130.0
19071,137.0
19072,148.0
19073,154.0
19074,150.0
19075,162.0
19076,177.0
19077,180.0
19078,97.0
19079,28.0
19080,24.0
19081,19.0
19082,20.0
19083,13.0
19084,12.0
19085,12.0
19086,16.0
19087,15.0
19088,20.0
19089,27.0
19090,17.0
19091,13.0
19092,17.0
19093,13.0
19094,14.0
19095,18.0
19096,14.0
19097,13.0
19098,18.0
19099,40.0
19100,42.0
19101,35.0
19102,50.0
19103,47.0
19104,33.0
19105,34.0
19106,38.0
19107,26.0
19108,14.0
19109,14.0
19110,11.0
19111,10.0
19112,21.0
19113,18.0
19114,17.0
19115,19.0
19116,20.0
19117,20.0
19118,23.0
19119,17.0
19120,18.0
19121,16.0
19122,14.0
19123,14.0
19124,13.0
19125,12.0
19126,11.0
19127,12.0
19128,13.0
19129,11.0
19130,12.0
19131,11.0
19132,12.0
19133,14.0
19134,13.0
19135,13.0
19136,16.0
19137,21.0
19138,20.0
19139,18.0
19140,18.0
19141,19.0
19142,12.0
19143,19.0
19144,16.0
19145,17.0
19146,17.0
19147,18.0
19148,31.0
19149,37.0
19150,26.0
19151,18.0
19152,73.0
19153,102.0
19154,112.0
19155,93.0
19156,89.0
19157,93.0
19158,120.0
19159,119.0
19160,112.0
19161,127.0
19162,133.0
19163,140.0
19164,112.0
19165,82.0
19166,73.0
19167,77.0
19168,73.0
19169,68.0
19170,67.0
19171,69.0
19172,67.0
19173,67.0
19174,77.0
19175,89.0
19176,90.0
19177,93.0
19178,103.0
19179,89.0
19180,93.0
19181,85.0
19182,32.0
19183,28.0
19184,26.0
19185,24.0
19186,18.0
19187,21.0
19188,27.0
19189,22.0
19190,20.0
19191,14.0
19192,20.0
19193,10.0
19194,10.0
19195,9.0
19196,7.0
19197,7.0
19198,5.0
19199,4.0
19200,7.0
19201,6.0
19202,7.0
19203,17.0
19204,12.0
19205,11.0
19206,18.0
19207,12.0
19208,29.0
19209,18.0
19210,18.0
19211,13.0
19212,14.0
19213,16.0
19214,17.0
19215,20.0
19216,18.0
19217,26.0
19218,30.0
19219,30.0
19220,45.0
19221,50.0
19222,64.0
19223,72.0
19224,77.0
19225,84.0
19226,81.0
19227,86.0
19228,78.0
19229,79.0
19230,69.0
19231,95.0
19232,49.0
19233,46.0
19234,47.0
19235,28.0
19236,33.0
19237,41.0
19238,79.0
19239,64.0
19240,78.0
19241,86.0
19242,81.0
19243,83.0
19244,89.0
19245,96.0
19246,106.0
19247,106.0
19248,111.0
19249,123.0
19250,135.0
19251,142.0
19252,175.0
19253,175.0
19254,172.0
19255,180.0
19256,156.0
19257,160.0
19258,157.0
19259,170.0
19260,147.0
19261,127.0
19262,96.0
19263,75.0
19264,68.0
19265,63.0
19266,62.0
19267,81.0
19268,75.0
19269,26.0
19270,13.0
19271,10.0
19272,8.0
19273,12.0
19274,11.0
19275,9.0
19276,7.0
19277,7.0
19278,9.0
19279,17.0
19280,26.0
19281,24.0
19282,15.0
19283,19.0
19284,16.0
19285,26.0
19286,23.0
19287,23.0
19288,77.0
19289,52.0
19290,70.0
19291,72.0
19292,65.0
19293,59.0
19294,55.0
19295,71.0
19296,62.0
19297,68.0
19298,54.0
19299,46.0
19300,54.0
19301,59.0
19302,60.0
19303,89.0
19304,65.0
19305,75.0
19306,76.0
19307,85.0
19308,84.0
19309,74.0
19310,68.0
19311,114.0
19312,137.0
19313,135.0
19314,148.0
19315,165.0
19316,170.0
19317,183.0
19318,176.0
19319,180.0
19320,187.0
19321,180.0
19322,181.0
19323,183.0
19324,186.0
19325,196.0
19326,222.0
19327,232.0
19328,263.0
19329,286.0
19330,293.0
19331,328.0
19332,335.0
19333,345.0
19334,360.0
19335,320.0
19336,272.0
19337,315.0
19338,318.0
19339,346.0
19340,334.0
19341,302.0
19342,310.0
19343,280.0
19344,250.0
19345,283.0
19346,268.0
19347,214.0
19348,201.0
19349,210.0
19350,185.0
19351,188.0
19352,175.0
19353,182.0
19354,191.0
19355,173.0
19356,184.0
19357,182.0
19358,181.0
19359,195.0
19360,245.0
19361,204.0
19362,211.0
19363,219.0
19364,185.0
19365,137.0
19366,120.0
19367,113.0
19368,107.0
19369,30.0
19370,21.0
19371,18.0
19372,25.0
19373,21.0
19374,17.0
19375,17.0
19376,16.0
19377,15.0
19378,15.0
19379,21.0
19380,26.0
19381,26.0
19382,39.0
19383,43.0
19384,39.0
19385,65.0
19386,76.0
19387,80.0
19388,86.0
19389,74.0
19390,68.0
19391,69.0
19392,64.0
19393,69.0
19394,75.0
19395,87.0
19396,100.0
19397,97.0
19398,102.0
19399,76.0
19400,66.0
19401,86.0
19402,114.0
19403,150.0
19404,143.0
19405,154.0
19406,128.0
19407,114.0
19408,101.0
19409,91.0
19410,100.0
19411,100.0
19412,100.0
19413,95.0
19414,106.0
19415,125.0
19416,137.0
19417,134.0
19418,142.0
19419,172.0
19420,166.0
19421,164.0
19422,162.0
19423,159.0
19424,155.0
19425,166.0
19426,158.0
19427,107.0
19428,101.0
19429,129.0
19430,143.0
19431,104.0
19432,90.0
19433,79.0
19434,82.0
19435,94.0
19436,126.0
19437,133.0
19438,163.0
19439,187.0
19440,202.0
19441,201.0
19442,188.0
19443,193.0
19444,180.0
19445,193.0
19446,217.0
19447,252.0
19448,252.0
19449,262.0
19450,280.0
19451,308.0
19452,327.0
19453,336.0
19454,259.0
19455,241.0
19456,338.0
19457,338.0
19458,347.0
19459,355.0
19460,356.0
19461,393.0
19462,398.0
19463,407.0
19464,378.0
19465,246.0
19466,260.0
19467,354.0
19468,269.0
19469,306.0
19470,306.0
19471,282.0
19472,212.0
19473,116.0
19474,107.0
19475,94.0
19476,77.0
19477,78.0
19478,64.0
19479,69.0
19480,107.0
19481,106.0
19482,91.0
19483,71.0
19484,57.0
19485,50.0
19486,39.0
19487,37.0
19488,41.0
19489,37.0
19490,40.0
19491,50.0
19492,54.0
19493,56.0
19494,67.0
19495,81.0
19496,79.0
19497,18.0
19498,22.0
19499,18.0
19500,28.0
19501,15.0
19502,15.0
19503,11.0
19504,8.0
19505,10.0
19506,9.0
19507,10.0
19508,24.0
19509,20.0
19510,16.0
19511,14.0
19512,18.0
19513,26.0
19514,27.0
19515,27.0
19516,16.0
19517,12.0
19518,15.0
19519,15.0
19520,13.0
19521,19.0
19522,16.0
19523,20.0
19524,12.0
19525,12.0
19526,12.0
19527,10.0
19528,17.0
19529,8.0
19530,11.0
19531,17.0
19532,21.0
19533,46.0
19534,45.0
19535,31.0
19536,40.0
19537,11.0
19538,13.0
19539,15.0
19540,13.0
19541,16.0
19542,25.0
19543,22.0
19544,21.0
19545,22.0
19546,20.0
19547,21.0
19548,27.0
19549,33.0
19550,35.0
19551,35.0
19552,37.0
19553,50.0
19554,68.0
19555,83.0
19556,93.0
19557,115.0
19558,124.0
19559,118.0
19560,130.0
19561,118.0
19562,126.0
19563,128.0
19564,136.0
19565,152.0
19566,156.0
19567,148.0
19568,129.0
19569,131.0
19570,131.0
19571,133.0
19572,138.0
19573,144.0
19574,148.0
19575,147.0
19576,135.0
19577,134.0
19578,146.0
19579,204.0
19580,238.0
19581,237.0
19582,280.0
19583,280.0
19584,283.0
19585,250.0
19586,261.0
19587,235.0
19588,161.0
19589,139.0
19590,131.0
19591,152.0
19592,119.0
19593,87.0
19594,72.0
19595,49.0
19596,27.0
19597,26.0
19598,32.0
19599,31.0
19600,34.0
19601,42.0
19602,41.0
19603,56.0
19604,72.0
19605,95.0
19606,131.0
19607,117.0
19608,26.0
19609,16.0
19610,18.0
19611,3.0
19612,5.0
19613,40.0
19614,78.0
19615,97.0
19616,96.0
19617,62.0
19618,61.0
19619,58.0
19620,51.0
19621,59.0
19622,57.0
19623,48.0
19624,48.0
19625,41.0
19626,37.0
19627,32.0
19628,38.0
19629,47.0
19630,45.0
19631,47.0
19632,54.0
19633,66.0
19634,60.0
19635,69.0
19636,77.0
19637,80.0
19638,77.0
19639,77.0
19640,79.0
19641,87.0
19642,78.0
19643,64.0
19644,50.0
19645,36.0
19646,30.0
19647,23.0
19648,17.0
19649,16.0
19650,13.0
19651,10.0
19652,8.0
19653,10.0
19654,18.0
19655,15.0
19656,10.0
19657,7.0
19658,10.0
19659,7.0
19660,5.0
19661,7.0
19662,8.0
19663,10.0
19664,11.0
19665,13.0
19666,20.0
19667,22.0
19668,13.0
19669,16.0
19670,8.0
19671,12.0
19672,19.0
19673,13.0
19674,20.0
19675,30.0
19676,32.0
19677,34.0
19678,37.0
19679,40.0
19680,42.0
19681,42.0
19682,33.0
19683,11.0
19684,10.0
19685,10.0
19686,11.0
19687,10.0
19688,17.0
19689,18.0
19690,14.0
19691,21.0
19692,20.0
19693,21.0
19694,24.0
19695,29.0
19696,26.0
19697,27.0
19698,24.0
19699,27.0
19700,54.0
19701,54.0
19702,52.0
19703,39.0
19704,57.0
19705,55.0
19706,71.0
19707,65.0
19708,57.0
19709,54.0
19710,53.0
19711,82.0
19712,90.0
19713,78.0
19714,76.0
19715,79.0
19716,63.0
19717,56.0
19718,49.0
19719,40.0
19720,43.0
19721,38.0
19722,36.0
19723,43.0
19724,47.0
19725,54.0
19726,44.0
19727,28.0
19728,41.0
19729,31.0
19730,35.0
19731,45.0
19732,36.0
19733,28.0
19734,35.0
19735,38.0
19736,49.0
19737,46.0
19738,60.0
19739,52.0
19740,48.0
19741,52.0
19742,55.0
19743,64.0
19744,58.0
19745,55.0
19746,61.0
19747,63.0
19748,12.0
19749,11.0
19750,11.0
19751,11.0
19752,10.0
19753,8.0
19754,7.0
19755,8.0
19756,15.0
19757,17.0
19758,32.0
19759,20.0
19760,24.0
19761,26.0
19762,28.0
19763,34.0
19764,24.0
19765,39.0
19766,35.0
19767,32.0
19768,27.0
19769,10.0
19770,18.0
19771,19.0
19772,15.0
19773,27.0
19774,25.0
19775,18.0
19776,25.0
19777,25.0
19778,9.0
19779,9.0
19780,30.0
19781,19.0
19782,10.0
19783,11.0
19784,32.0
19785,22.0
19786,21.0
19787,21.0
19788,14.0
19789,18.0
19790,22.0
19791,18.0
19792,10.0
19793,11.0
19794,11.0
19795,10.0
19796,11.0
19797,11.0
19798,11.0
19799,19.0
19800,22.0
19801,23.0
19802,11.0
19803,9.0
19804,11.0
19805,12.0
19806,8.0
19807,17.0
19808,14.0
19809,13.0
19810,13.0
19811,31.0
19812,22.0
19813,25.0
19814,13.0
19815,17.0
19816,17.0
19817,13.0
19818,16.0
19819,12.0
19820,13.0
19821,27.0
19822,15.0
19823,15.0
19824,20.0
19825,20.0
19826,17.0
19827,24.0
19828,36.0
19829,37.0
19830,38.0
19831,44.0
19832,51.0
19833,49.0
19834,37.0
19835,37.0
19836,35.0
19837,28.0
19838,24.0
19839,21.0
19840,20.0
19841,32.0
19842,36.0
19843,28.0
19844,18.0
19845,21.0
19846,23.0
19847,18.0
19848,14.0
19849,27.0
19850,42.0
19851,46.0
19852,53.0
19853,52.0
19854,58.0
19855,53.0
19856,56.0
19857,53.0
19858,54.0
19859,63.0
19860,80.0
19861,92.0
19862,81.0
19863,76.0
19864,95.0
19865,87.0
19866,83.0
19867,124.0
19868,171.0
19869,151.0
19870,147.0
19871,160.0
19872,154.0
19873,123.0
19874,93.0
19875,92.0
19876,49.0
19877,42.0
19878,35.0
19879,33.0
19880,24.0
19881,91.0
19882,42.0
19883,20.0
19884,18.0
19885,23.0
19886,23.0
19887,22.0
19888,66.0
19889,17.0
19890,16.0
19891,27.0
19892,31.0
19893,47.0
19894,49.0
19895,63.0
19896,79.0
19897,80.0
19898,100.0
19899,111.0
19900,148.0
19901,150.0
19902,164.0
19903,164.0
19904,181.0
19905,183.0
19906,170.0
19907,171.0
19908,160.0
19909,163.0
19910,138.0
19911,119.0
19912,99.0
19913,108.0
19914,90.0
19915,70.0
19916,73.0
19917,79.0
19918,91.0
19919,81.0
19920,80.0
19921,91.0
19922,101.0
19923,107.0
19924,104.0
19925,94.0
19926,72.0
19927,68.0
19928,41.0
19929,45.0
19930,50.0
19931,62.0
19932,60.0
19933,54.0
19934,56.0
19935,56.0
19936,50.0
19937,49.0
19938,38.0
19939,32.0
19940,32.0
19941,51.0
19942,55.0
19943,37.0
19944,38.0
19945,13.0
19946,12.0
19947,9.0
19948,6.0
19949,7.0
19950,8.0
19951,10.0
19952,10.0
19953,29.0
19954,15.0
19955,14.0
19956,14.0
19957,14.0
19958,18.0
19959,15.0
19960,9.0
19961,8.0
19962,43.0
19963,22.0
19964,32.0
19965,40.0
19966,39.0
19967,45.0
19968,52.0
19969,51.0
19970,33.0
19971,49.0
19972,46.0
19973,57.0
19974,68.0
19975,47.0
19976,13.0
19977,40.0
19978,22.0
19979,16.0
19980,22.0
19981,13.0
19982,22.0
19983,24.0
19984,18.0
19985,17.0
19986,10.0
19987,19.0
19988,29.0
19989,28.0
19990,33.0
19991,51.0
19992,56.0
19993,84.0
19994,80.0
19995,77.0
19996,89.0
19997,63.0
19998,90.0
19999,91.0
20000,91.0
20001,86.0
20002,85.0
20003,58.0
20004,46.0
20005,29.0
20006,25.0
20007,22.0
20008,14.0
20009,22.0
20010,19.0
20011,20.0
20012,24.0
20013,34.0
20014,47.0
20015,50.0
20016,44.0
20017,56.0
20018,56.0
20019,63.0
20020,72.0
20021,76.0
20022,92.0
20023,101.0
20024,112.0
20025,111.0
20026,89.0
20027,51.0
20028,49.0
20029,29.0
20030,34.0
20031,36.0
20032,31.0
20033,22.0
20034,22.0
20035,34.0
20036,51.0
20037,63.0
20038,69.0
20039,79.0
20040,86.0
20041,84.0
20042,80.0
20043,83.0
20044,106.0
20045,114.0
20046,119.0
20047,139.0
20048,112.0
20049,84.0
20050,52.0
20051,35.0
20052,29.0
20053,27.0
20054,28.0
20055,24.0
20056,16.0
20057,115.0
20058,93.0
20059,75.0
20060,66.0
20061,68.0
20062,73.0
20063,56.0
20064,60.0
20065,20.0
20066,9.0
20067,8.0
20068,7.0
20069,22.0
20070,17.0
20071,15.0
20072,22.0
20073,22.0
20074,22.0
20075,21.0
20076,23.0
20077,23.0
20078,23.0
20079,40.0
20080,47.0
20081,38.0
20082,48.0
20083,56.0
20084,56.0
20085,63.0
20086,61.0
20087,70.0
20088,64.0
20089,73.0
20090,80.0
20091,86.0
20092,90.0
20093,90.0
20094,95.0
20095,101.0
20096,108.0
20097,130.0
20098,127.0
20099,128.0
20100,138.0
20101,121.0
20102,235.0
20103,168.0
20104,136.0
20105,163.0
20106,184.0
20107,164.0
20108,127.0
20109,116.0
20110,108.0
20111,105.0
20112,113.0
20113,121.0
20114,136.0
20115,138.0
20116,140.0
20117,141.0
20118,140.0
20119,144.0
20120,142.0
20121,145.0
20122,155.0
20123,160.0
20124,174.0
20125,178.0
20126,202.0
20127,213.0
20128,222.0
20129,219.0
20130,221.0
20131,225.0
20132,229.0
20133,73.0
20134,51.0
20135,50.0
20136,59.0
20137,70.0
20138,59.0
20139,61.0
20140,69.0
20141,77.0
20142,85.0
20143,97.0
20144,100.0
20145,109.0
20146,102.0
20147,102.0
20148,122.0
20149,125.0
20150,139.0
20151,154.0
20152,156.0
20153,158.0
20154,152.0
20155,148.0
20156,151.0
20157,157.0
20158,159.0
20159,164.0
20160,170.0
20161,174.0
20162,169.0
20163,183.0
20164,176.0
20165,183.0
20166,185.0
20167,149.0
20168,143.0
20169,157.0
20170,172.0
20171,194.0
20172,205.0
20173,177.0
20174,149.0
20175,90.0
20176,65.0
20177,89.0
20178,110.0
20179,118.0
20180,98.0
20181,82.0
20182,100.0
20183,129.0
20184,142.0
20185,148.0
20186,151.0
20187,147.0
20188,167.0
20189,185.0
20190,184.0
20191,154.0
20192,155.0
20193,168.0
20194,155.0
20195,181.0
20196,206.0
20197,202.0
20198,185.0
20199,156.0
20200,149.0
20201,159.0
20202,185.0
20203,200.0
20204,192.0
20205,161.0
20206,147.0
20207,150.0
20208,157.0
20209,143.0
20210,131.0
20211,116.0
20212,115.0
20213,116.0
20214,113.0
20215,115.0
20216,132.0
20217,144.0
20218,160.0
20219,167.0
20220,167.0
20221,162.0
20222,172.0
20223,160.0
20224,195.0
20225,201.0
20226,216.0
20227,235.0
20228,247.0
20229,257.0
20230,245.0
20231,217.0
20232,199.0
20233,203.0
20234,191.0
20235,188.0
20236,190.0
20237,222.0
20238,235.0
20239,230.0
20240,248.0
20241,258.0
20242,266.0
20243,281.0
20244,279.0
20245,278.0
20246,268.0
20247,272.0
20248,277.0
20249,280.0
20250,288.0
20251,303.0
20252,298.0
20253,307.0
20254,268.0
20255,157.0
20256,183.0
20257,208.0
20258,207.0
20259,195.0
20260,174.0
20261,173.0
20262,179.0
20263,187.0
20264,132.0
20265,60.0
20266,40.0
20267,34.0
20268,44.0
20269,48.0
20270,37.0
20271,38.0
20272,35.0
20273,45.0
20274,41.0
20275,43.0
20276,46.0
20277,29.0
20278,14.0
20279,13.0
20280,11.0
20281,9.0
20282,9.0
20283,12.0
20284,11.0
20285,11.0
20286,11.0
20287,10.0
20288,11.0
20289,18.0
20290,16.0
20291,15.0
20292,17.0
20293,13.0
20294,15.0
20295,12.0
20296,11.0
20297,8.0
20298,4.0
20299,6.0
20300,37.0
20301,69.0
20302,120.0
20303,45.0
20304,34.0
20305,28.0
20306,35.0
20307,62.0
20308,81.0
20309,75.0
20310,50.0
20311,51.0
20312,48.0
20313,53.0
20314,65.0
20315,88.0
20316,83.0
20317,76.0
20318,76.0
20319,62.0
20320,53.0
20321,65.0
20322,72.0
20323,78.0
20324,144.0
20325,163.0
20326,176.0
20327,143.0
20328,152.0
20329,160.0
20330,148.0
20331,134.0
20332,112.0
20333,108.0
20334,114.0
20335,107.0
20336,126.0
20337,99.0
20338,55.0
20339,55.0
20340,41.0
20341,21.0
20342,21.0
20343,29.0
20344,27.0
20345,30.0
20346,27.0
20347,30.0
20348,28.0
20349,30.0
20350,39.0
20351,41.0
20352,46.0
20353,72.0
20354,107.0
20355,141.0
20356,135.0
20357,108.0
20358,108.0
20359,98.0
20360,90.0
20361,79.0
20362,70.0
20363,83.0
20364,90.0
20365,106.0
20366,136.0
20367,114.0
20368,98.0
20369,97.0
20370,113.0
20371,160.0
20372,188.0
20373,183.0
20374,182.0
20375,203.0
20376,201.0
20377,195.0
20378,190.0
20379,194.0
20380,184.0
20381,224.0
20382,198.0
20383,198.0
20384,205.0
20385,205.0
20386,220.0
20387,200.0
20388,190.0
20389,166.0
20390,142.0
20391,141.0
20392,127.0
20393,120.0
20394,130.0
20395,176.0
20396,162.0
20397,170.0
20398,168.0
20399,121.0
20400,112.0
20401,107.0
20402,108.0
20403,111.0
20404,115.0
20405,122.0
20406,144.0
20407,166.0
20408,312.0
20409,174.0
20410,183.0
20411,179.0
20412,184.0
20413,168.0
20414,151.0
20415,155.0
20416,162.0
20417,189.0
20418,204.0
20419,227.0
20420,247.0
20421,256.0
20422,286.0
20423,267.0
20424,257.0
20425,259.0
20426,243.0
20427,210.0
20428,204.0
20429,215.0
20430,227.0
20431,186.0
20432,173.0
20433,163.0
20434,192.0
20435,280.0
20436,298.0
20437,199.0
20438,199.0
20439,156.0
20440,137.0
20441,78.0
20442,85.0
20443,112.0
20444,121.0
20445,78.0
20446,80.0
20447,74.0
20448,75.0
20449,72.0
20450,78.0
20451,91.0
20452,100.0
20453,115.0
20454,119.0
20455,120.0
20456,119.0
20457,124.0
20458,127.0
20459,118.0
20460,91.0
20461,85.0
20462,106.0
20463,90.0
20464,72.0
20465,68.0
20466,98.0
20467,90.0
20468,98.0
20469,114.0
20470,119.0
20471,126.0
20472,146.0
20473,139.0
20474,140.0
20475,112.0
20476,85.0
20477,80.0
20478,58.0
20479,61.0
20480,70.0
20481,57.0
20482,64.0
20483,57.0
20484,60.0
20485,46.0
20486,49.0
20487,45.0
20488,9.0
20489,18.0
20490,26.0
20491,19.0
20492,49.0
20493,91.0
20494,101.0
20495,99.0
20496,106.0
20497,123.0
20498,128.0
20499,132.0
20500,128.0
20501,90.0
20502,84.0
20503,82.0
20504,134.0
20505,133.0
20506,130.0
20507,145.0
20508,152.0
20509,137.0
20510,126.0
20511,126.0
20512,126.0
20513,80.0
20514,98.0
20515,116.0
20516,217.0
20517,116.0
20518,45.0
20519,50.0
20520,77.0
20521,150.0
20522,76.0
20523,69.0
20524,85.0
20525,94.0
20526,89.0
20527,108.0
20528,72.0
20529,107.0
20530,32.0
20531,98.0
20532,87.0
20533,39.0
20534,47.0
20535,212.0
20536,286.0
20537,205.0
20538,121.0
20539,46.0
20540,43.0
20541,50.0
20542,66.0
20543,68.0
20544,61.0
20545,62.0
20546,70.0
20547,80.0
20548,79.0
20549,104.0
20550,90.0
20551,102.0
20552,100.0
20553,118.0
20554,132.0
20555,110.0
20556,284.0
20557,96.0
20558,113.0
20559,142.0
20560,180.0
20561,141.0
20562,136.0
20563,95.0
20564,79.0
20565,48.0
20566,58.0
20567,57.0
20568,57.0
20569,64.0
20570,61.0
20571,73.0
20572,98.0
20573,76.0
20574,78.0
20575,84.0
20576,84.0
20577,76.0
20578,64.0
20579,87.0
20580,75.0
20581,76.0
20582,97.0
20583,105.0
20584,96.0
20585,110.0
20586,146.0
20587,134.0
20588,113.0
20589,98.0
20590,84.0
20591,71.0
20592,65.0
20593,59.0
20594,77.0
20595,78.0
20596,76.0
20597,99.0
20598,91.0
20599,135.0
20600,120.0
20601,112.0
20602,109.0
20603,100.0
20604,81.0
20605,83.0
20606,73.0
20607,73.0
20608,71.0
20609,71.0
20610,57.0
20611,69.0
20612,80.0
20613,84.0
20614,77.0
20615,71.0
20616,95.0
20617,136.0
20618,105.0
20619,99.0
20620,105.0
20621,108.0
20622,125.0
20623,166.0
20624,154.0
20625,124.0
20626,146.0
20627,146.0
20628,99.0
20629,75.0
20630,65.0
20631,124.0
20632,102.0
20633,79.0
20634,82.0
20635,91.0
20636,96.0
20637,131.0
20638,125.0
20639,148.0
20640,142.0
20641,153.0
20642,163.0
20643,166.0
20644,184.0
20645,312.0
20646,195.0
20647,168.0
20648,166.0
20649,164.0
20650,160.0
20651,166.0
20652,177.0
20653,165.0
20654,171.0
20655,172.0
20656,164.0
20657,161.0
20658,164.0
20659,152.0
20660,204.0
20661,209.0
20662,228.0
20663,247.0
20664,265.0
20665,263.0
20666,207.0
20667,153.0
20668,152.0
20669,141.0
20670,144.0
20671,153.0
20672,137.0
20673,128.0
20674,126.0
20675,123.0
20676,116.0
20677,122.0
20678,142.0
20679,143.0
20680,144.0
20681,152.0
20682,153.0
20683,148.0
20684,149.0
20685,137.0
20686,138.0
20687,138.0
20688,152.0
20689,143.0
20690,139.0
20691,124.0
20692,123.0
20693,131.0
20694,128.0
20695,141.0
20696,149.0
20697,153.0
20698,135.0
20699,56.0
20700,51.0
20701,38.0
20702,28.0
20703,29.0
20704,78.0
20705,87.0
20706,80.0
20707,83.0
20708,85.0
20709,124.0
20710,122.0
20711,130.0
20712,121.0
20713,138.0
20714,157.0
20715,164.0
20716,170.0
20717,189.0
20718,186.0
20719,185.0
20720,193.0
20721,212.0
20722,191.0
20723,194.0
20724,124.0
20725,103.0
20726,100.0
20727,66.0
20728,55.0
20729,84.0
20730,78.0
20731,84.0
20732,164.0
20733,94.0
20734,99.0
20735,96.0
20736,83.0
20737,70.0
20738,70.0
20739,69.0
20740,69.0
20741,71.0
20742,61.0
20743,31.0
20744,26.0
20745,52.0
20746,53.0
20747,52.0
20748,50.0
20749,37.0
20750,33.0
20751,30.0
20752,16.0
20753,15.0
20754,14.0
20755,15.0
20756,26.0
20757,37.0
20758,37.0
20759,43.0
20760,44.0
20761,36.0
20762,47.0
20763,46.0
20764,51.0
20765,51.0
20766,41.0
20767,37.0
20768,33.0
20769,38.0
20770,42.0
20771,27.0
20772,38.0
20773,37.0
20774,28.0
20775,16.0
20776,22.0
20777,16.0
20778,19.0
20779,12.0
20780,22.0
20781,36.0
20782,31.0
20783,40.0
20784,51.0
20785,32.0
20786,43.0
20787,44.0
20788,18.0
20789,15.0
20790,15.0
20791,19.0
20792,25.0
20793,20.0
20794,22.0
20795,18.0
20796,24.0
20797,22.0
20798,30.0
20799,28.0
20800,33.0
20801,25.0
20802,27.0
20803,32.0
20804,38.0
20805,32.0
20806,28.0
20807,38.0
20808,40.0
20809,36.0
20810,44.0
20811,58.0
20812,50.0
20813,47.0
20814,58.0
20815,73.0
20816,73.0
20817,87.0
20818,102.0
20819,79.0
20820,92.0
20821,66.0
20822,67.0
20823,85.0
20824,54.0
20825,50.0
20826,42.0
20827,25.0
20828,27.0
20829,27.0
20830,27.0
20831,34.0
20832,32.0
20833,28.0
20834,35.0
20835,45.0
20836,52.0
20837,55.0
20838,67.0
20839,69.0
20840,72.0
20841,85.0
20842,107.0
20843,106.0
20844,136.0
20845,134.0
20846,127.0
20847,125.0
20848,108.0
20849,122.0
20850,130.0
20851,138.0
20852,129.0
20853,136.0
20854,140.0
20855,146.0
20856,137.0
20857,139.0
20858,123.0
20859,136.0
20860,140.0
20861,150.0
20862,160.0
20863,151.0
20864,156.0
20865,159.0
20866,298.0
20867,164.0
20868,164.0
20869,162.0
20870,163.0
20871,154.0
20872,147.0
20873,136.0
20874,128.0
20875,128.0
20876,128.0
20877,128.0
20878,128.0
20879,128.0
20880,128.0
20881,128.0
20882,128.0
20883,128.0
20884,128.0
20885,128.0
20886,128.0
20887,128.0
20888,128.0
20889,128.0
20890,128.0
20891,128.0
20892,128.0
20893,128.0
20894,128.0
20895,128.0
20896,128.0
20897,128.0
20898,128.0
20899,128.0
20900,128.0
20901,128.0
20902,128.0
20903,128.0
20904,128.0
20905,128.0
20906,128.0
20907,128.0
20908,128.0
20909,128.0
20910,128.0
20911,128.0
20912,128.0
20913,128.0
20914,128.0
20915,137.0
20916,157.0
20917,164.0
20918,167.0
20919,165.0
20920,136.0
20921,123.0
20922,116.0
20923,119.0
20924,135.0
20925,155.0
20926,168.0
20927,170.0
20928,145.0
20929,93.0
20930,86.0
20931,75.0
20932,90.0
20933,102.0
20934,102.0
20935,102.0
20936,102.0
20937,102.0
20938,102.0
20939,102.0
20940,102.0
20941,102.0
20942,65.0
20943,61.0
20944,50.0
20945,61.0
20946,58.0
20947,68.0
20948,72.0
20949,117.0
20950,129.0
20951,132.0
20952,107.0
20953,85.0
20954,52.0
20955,19.0
20956,15.0
20957,17.0
20958,13.0
20959,13.0
20960,12.0
20961,10.0
20962,15.0
20963,12.0
20964,11.0
20965,17.0
20966,16.0
20967,15.0
20968,19.0
20969,23.0
20970,34.0
20971,30.0
20972,35.0
20973,40.0
20974,49.0
20975,51.0
20976,47.0
20977,51.0
20978,65.0
20979,80.0
20980,63.0
20981,52.0
20982,48.0
20983,33.0
20984,57.0
20985,33.0
20986,33.0
20987,33.0
20988,10.0
20989,6.0
20990,8.0
20991,6.0
20992,6.0
20993,19.0
20994,17.0
20995,16.0
20996,19.0
20997,31.0
20998,56.0
20999,69.0
21000,91.0
21001,84.0
21002,70.0
21003,48.0
21004,48.0
21005,30.0
21006,15.0
21007,22.0
21008,22.0
21009,39.0
21010,48.0
21011,49.0
21012,72.0
21013,73.0
21014,66.0
21015,63.0
21016,27.0
21017,31.0
21018,39.0
21019,42.0
21020,63.0
21021,83.0
21022,98.0
21023,99.0
21024,98.0
21025,98.0
21026,93.0
21027,95.0
21028,138.0
21029,144.0
21030,146.0
21031,156.0
21032,129.0
21033,122.0
21034,104.0
21035,75.0
21036,67.0
21037,46.0
21038,27.0
21039,39.0
21040,32.0
21041,31.0
21042,31.0
21043,36.0
21044,28.0
21045,43.0
21046,56.0
21047,54.0
21048,53.0
21049,58.0
21050,63.0
21051,77.0
21052,79.0
21053,80.0
21054,84.0
21055,101.0
21056,104.0
21057,105.0
21058,134.0
21059,162.0
21060,147.0
21061,133.0
21062,136.0
21063,144.0
21064,149.0
21065,151.0
21066,140.0
21067,138.0
21068,152.0
21069,158.0
21070,139.0
21071,124.0
21072,120.0
21073,133.0
21074,135.0
21075,125.0
21076,137.0
21077,146.0
21078,137.0
21079,137.0
21080,125.0
21081,130.0
21082,136.0
21083,143.0
21084,149.0
21085,152.0
21086,144.0
21087,105.0
21088,87.0
21089,82.0
21090,104.0
21091,125.0
21092,125.0
21093,150.0
21094,134.0
21095,94.0
21096,89.0
21097,97.0
21098,94.0
21099,96.0
21100,101.0
21101,86.0
21102,94.0
21103,102.0
21104,96.0
21105,99.0
21106,104.0
21107,99.0
21108,93.0
21109,105.0
21110,76.0
21111,33.0
21112,26.0
21113,18.0
21114,15.0
21115,15.0
21116,22.0
21117,26.0
21118,15.0
21119,11.0
21120,8.0
21121,16.0
21122,12.0
21123,18.0
21124,14.0
21125,14.0
21126,9.0
21127,6.0
21128,5.0
21129,5.0
21130,6.0
21131,6.0
21132,8.0
21133,11.0
21134,10.0
21135,12.0
21136,14.0
21137,15.0
21138,9.0
21139,16.0
21140,27.0
21141,29.0
21142,43.0
21143,68.0
21144,67.0
21145,60.0
21146,71.0
21147,80.0
21148,122.0
21149,115.0
21150,103.0
21151,82.0
21152,88.0
21153,80.0
21154,87.0
21155,68.0
21156,53.0
21157,37.0
21158,38.0
21159,43.0
21160,51.0
21161,37.0
21162,46.0
21163,43.0
21164,48.0
21165,50.0
21166,40.0
21167,50.0
21168,51.0
21169,55.0
21170,63.0
21171,57.0
21172,58.0
21173,65.0
21174,55.0
21175,53.0
21176,54.0
21177,55.0
21178,55.0
21179,55.0
21180,55.0
21181,52.0
21182,66.0
21183,71.0
21184,83.0
21185,108.0
21186,115.0
21187,121.0
21188,138.0
21189,152.0
21190,151.0
21191,143.0
21192,144.0
21193,149.0
21194,143.0
21195,141.0
21196,145.0
21197,155.0
21198,189.0
21199,180.0
21200,185.0
21201,168.0
21202,158.0
21203,143.0
21204,108.0
21205,69.0
21206,63.0
21207,62.0
21208,63.0
21209,67.0
21210,71.0
21211,95.0
21212,117.0
21213,130.0
21214,146.0
21215,159.0
21216,168.0
21217,178.0
21218,175.0
21219,207.0
21220,233.0
21221,248.0
21222,244.0
21223,237.0
21224,239.0
21225,242.0
21226,246.0
21227,238.0
21228,206.0
21229,216.0
21230,261.0
21231,59.0
21232,39.0
21233,41.0
21234,57.0
21235,63.0
21236,92.0
21237,84.0
21238,80.0
21239,95.0
21240,120.0
21241,135.0
21242,140.0
21243,139.0
21244,141.0
21245,146.0
21246,161.0
21247,167.0
21248,164.0
21249,148.0
21250,135.0
21251,141.0
21252,143.0
21253,154.0
21254,118.0
21255,75.0
21256,66.0
21257,62.0
21258,74.0
21259,61.0
21260,52.0
21261,47.0
21262,56.0
21263,69.0
21264,70.0
21265,72.0
21266,86.0
21267,109.0
21268,97.0
21269,88.0
21270,87.0
21271,76.0
21272,42.0
21273,15.0
21274,13.0
21275,6.0
21276,5.0
21277,8.0
21278,8.0
21279,20.0
21280,47.0
21281,52.0
21282,54.0
21283,46.0
21284,57.0
21285,135.0
21286,166.0
21287,199.0
21288,237.0
21289,219.0
21290,148.0
21291,141.0
21292,122.0
21293,130.0
21294,148.0
21295,167.0
21296,194.0
21297,193.0
21298,191.0
21299,189.0
21300,205.0
21301,203.0
21302,204.0
21303,212.0
21304,168.0
21305,46.0
21306,49.0
21307,45.0
21308,50.0
21309,59.0
21310,56.0
21311,48.0
21312,50.0
21313,43.0
21314,49.0
21315,56.0
21316,50.0
21317,49.0
21318,45.0
21319,38.0
21320,44.0
21321,48.0
21322,50.0
21323,53.0
21324,55.0
21325,61.0
21326,87.0
21327,91.0
21328,101.0
21329,98.0
21330,87.0
21331,80.0
21332,108.0
21333,129.0
21334,29.0
21335,17.0
21336,23.0
21337,101.0
21338,99.0
21339,85.0
21340,90.0
21341,81.0
21342,82.0
21343,103.0
21344,107.0
21345,121.0
21346,111.0
21347,98.0
21348,82.0
21349,63.0
21350,56.0
21351,56.0
21352,33.0
21353,36.0
21354,46.0
21355,58.0
21356,74.0
21357,69.0
21358,73.0
21359,71.0
21360,82.0
21361,75.0
21362,93.0
21363,110.0
21364,161.0
21365,197.0
21366,189.0
21367,186.0
21368,192.0
21369,178.0
21370,181.0
21371,177.0
21372,178.0
21373,140.0
21374,116.0
21375,104.0
21376,66.0
21377,23.0
21378,29.0
21379,33.0
21380,32.0
21381,38.0
21382,34.0
21383,47.0
21384,33.0
21385,24.0
21386,8.0
21387,8.0
21388,7.0
21389,8.0
21390,10.0
21391,8.0
21392,13.0
21393,14.0
21394,9.0
21395,6.0
21396,7.0
21397,10.0
21398,10.0
21399,6.0
21400,2.0
21401,1.0
21402,7.0
21403,18.0
21404,18.0
21405,20.0
21406,21.0
21407,26.0
21408,27.0
21409,30.0
21410,33.0
21411,34.0
21412,37.0
21413,33.0
21414,54.0
21415,52.0
21416,38.0
21417,31.0
21418,13.0
21419,8.0
21420,15.0
21421,12.0
21422,16.0
21423,9.0
21424,13.0
21425,12.0
21426,12.0
21427,12.0
21428,22.0
21429,68.0
21430,75.0
21431,60.0
21432,75.0
21433,81.0
21434,71.0
21435,44.0
21436,23.0
21437,23.0
21438,24.0
21439,13.0
21440,11.0
21441,7.0
21442,4.0
21443,3.0
21444,4.0
21445,6.0
21446,7.0
21447,6.0
21448,5.0
21449,3.0
21450,15.0
21451,23.0
21452,10.0
21453,11.0
21454,7.0
21455,11.0
21456,10.0
21457,15.0
21458,29.0
21459,58.0
21460,73.0
21461,96.0
21462,112.0
21463,130.0
21464,135.0
21465,152.0
21466,148.0
21467,80.0
21468,86.0
21469,99.0
21470,62.0
21471,65.0
21472,61.0
21473,54.0
21474,48.0
21475,60.0
21476,40.0
21477,36.0
21478,17.0
21479,17.0
21480,15.0
21481,12.0
21482,11.0
21483,13.0
21484,13.0
21485,16.0
21486,10.0
21487,14.0
21488,8.0
21489,5.0
21490,6.0
21491,7.0
21492,17.0
21493,8.0
21494,8.0
21495,7.0
21496,5.0
21497,6.0
21498,11.0
21499,10.0
21500,8.0
21501,7.0
21502,7.0
21503,11.0
21504,11.0
21505,21.0
21506,15.0
21507,9.0
21508,14.0
21509,16.0
21510,11.0
21511,12.0
21512,9.0
21513,6.0
21514,4.0
21515,12.0
21516,16.0
21517,6.0
21518,6.0
21519,6.0
21520,9.0
21521,9.0
21522,9.0
21523,9.0
21524,9.0
21525,9.0
21526,9.0
21527,16.0
21528,11.0
21529,31.0
21530,34.0
21531,31.0
21532,76.0
21533,37.0
21534,25.0
21535,16.0
21536,15.0
21537,15.0
21538,12.0
21539,11.0
21540,12.0
21541,12.0
21542,16.0
21543,17.0
21544,16.0
21545,21.0
21546,25.0
21547,29.0
21548,37.0
21549,38.0
21550,30.0
21551,35.0
21552,53.0
21553,58.0
21554,49.0
21555,43.0
21556,42.0
21557,38.0
21558,46.0
21559,49.0
21560,54.0
21561,65.0
21562,87.0
21563,111.0
21564,104.0
21565,127.0
21566,113.0
21567,103.0
21568,96.0
21569,96.0
21570,93.0
21571,96.0
21572,86.0
21573,79.0
21574,99.0
21575,101.0
21576,113.0
21577,111.0
21578,118.0
21579,116.0
21580,126.0
21581,133.0
21582,154.0
21583,144.0
21584,145.0
21585,151.0
21586,153.0
21587,155.0
21588,154.0
21589,160.0
21590,164.0
21591,202.0
21592,216.0
21593,232.0
21594,254.0
21595,255.0
21596,257.0
21597,305.0
21598,266.0
21599,259.0
21600,236.0
21601,219.0
21602,185.0
21603,164.0
21604,147.0
21605,139.0
21606,132.0
21607,140.0
21608,150.0
21609,135.0
21610,157.0
21611,157.0
21612,161.0
21613,166.0
21614,208.0
21615,275.0
21616,259.0
21617,225.0
21618,204.0
21619,228.0
21620,139.0
21621,117.0
21622,160.0
21623,277.0
21624,296.0
21625,287.0
21626,338.0
21627,289.0
21628,237.0
21629,237.0
21630,135.0
21631,111.0
21632,94.0
21633,82.0
21634,72.0
21635,83.0
21636,92.0
21637,101.0
21638,113.0
21639,130.0
21640,226.0
21641,306.0
21642,164.0
21643,175.0
21644,175.0
21645,171.0
21646,202.0
21647,185.0
21648,209.0
21649,214.0
21650,192.0
21651,191.0
21652,203.0
21653,293.0
21654,284.0
21655,193.0
21656,183.0
21657,165.0
21658,166.0
21659,153.0
21660,154.0
21661,153.0
21662,153.0
21663,163.0
21664,182.0
21665,230.0
21666,210.0
21667,183.0
21668,191.0
21669,60.0
21670,52.0
21671,52.0
21672,65.0
21673,71.0
21674,83.0
21675,84.0
21676,88.0
21677,86.0
21678,87.0
21679,85.0
21680,80.0
21681,61.0
21682,85.0
21683,110.0
21684,125.0
21685,156.0
21686,160.0
21687,165.0
21688,145.0
21689,148.0
21690,109.0
21691,98.0
21692,105.0
21693,111.0
21694,111.0
21695,127.0
21696,138.0
21697,146.0
21698,164.0
21699,173.0
21700,181.0
21701,187.0
21702,182.0
21703,159.0
21704,140.0
21705,136.0
21706,138.0
21707,142.0
21708,152.0
21709,165.0
21710,167.0
21711,173.0
21712,178.0
21713,190.0
21714,189.0
21715,205.0
21716,218.0
21717,224.0
21718,101.0
21719,186.0
21720,249.0
21721,249.0
21722,238.0
21723,229.0
21724,215.0
21725,170.0
21726,166.0
21727,162.0
21728,145.0
21729,127.0
21730,132.0
21731,143.0
21732,163.0
21733,168.0
21734,130.0
21735,140.0
21736,162.0
21737,196.0
21738,143.0
21739,140.0
21740,144.0
21741,144.0
21742,69.0
21743,75.0
21744,71.0
21745,70.0
21746,61.0
21747,73.0
21748,75.0
21749,86.0
21750,98.0
21751,94.0
21752,90.0
21753,76.0
21754,80.0
21755,91.0
21756,95.0
21757,101.0
21758,118.0
21759,135.0
21760,147.0
21761,131.0
21762,128.0
21763,88.0
21764,60.0
21765,62.0
21766,73.0
21767,64.0
21768,132.0
21769,138.0
21770,131.0
21771,131.0
21772,134.0
21773,127.0
21774,116.0
21775,120.0
21776,111.0
21777,108.0
21778,107.0
21779,115.0
21780,118.0
21781,121.0
21782,150.0
21783,149.0
21784,131.0
21785,126.0
21786,100.0
21787,59.0
21788,57.0
21789,47.0
21790,44.0
21791,48.0
21792,51.0
21793,66.0
21794,77.0
21795,110.0
21796,127.0
21797,130.0
21798,139.0
21799,111.0
21800,96.0
21801,62.0
21802,51.0
21803,44.0
21804,58.0
21805,63.0
21806,70.0
21807,72.0
21808,46.0
21809,31.0
21810,36.0
21811,39.0
21812,51.0
21813,41.0
21814,34.0
21815,34.0
21816,43.0
21817,51.0
21818,59.0
21819,59.0
21820,53.0
21821,52.0
21822,63.0
21823,60.0
21824,74.0
21825,86.0
21826,89.0
21827,84.0
21828,106.0
21829,128.0
21830,174.0
21831,208.0
21832,194.0
21833,218.0
21834,202.0
21835,178.0
21836,174.0
21837,175.0
21838,151.0
21839,129.0
21840,129.0
21841,109.0
21842,104.0
21843,118.0
21844,105.0
21845,91.0
21846,90.0
21847,72.0
21848,75.0
21849,74.0
21850,63.0
21851,61.0
21852,61.0
21853,59.0
21854,67.0
21855,69.0
21856,73.0
21857,72.0
21858,73.0
21859,81.0
21860,83.0
21861,98.0
21862,106.0
21863,110.0
21864,98.0
21865,104.0
21866,105.0
21867,97.0
21868,127.0
21869,128.0
21870,128.0
21871,100.0
21872,78.0
21873,70.0
21874,50.0
21875,36.0
21876,30.0
21877,24.0
21878,21.0
21879,27.0
21880,40.0
21881,40.0
21882,27.0
21883,42.0
21884,71.0
21885,69.0
21886,69.0
21887,77.0
21888,77.0
21889,90.0
21890,104.0
21891,112.0
21892,126.0
21893,131.0
21894,134.0
21895,135.0
21896,145.0
21897,138.0
21898,140.0
21899,137.0
21900,129.0
21901,129.0
21902,133.0
21903,140.0
21904,121.0
21905,122.0
21906,122.0
21907,120.0
21908,192.0
21909,199.0
21910,205.0
21911,200.0
21912,178.0
21913,104.0
21914,84.0
21915,61.0
21916,38.0
21917,27.0
21918,17.0
21919,17.0
21920,19.0
21921,12.0
21922,9.0
21923,13.0
21924,13.0
21925,12.0
21926,19.0
21927,19.0
21928,16.0
21929,22.0
21930,21.0
21931,24.0
21932,27.0
21933,22.0
21934,23.0
21935,33.0
21936,45.0
21937,48.0
21938,51.0
21939,45.0
21940,48.0
21941,35.0
21942,35.0
21943,29.0
21944,21.0
21945,20.0
21946,16.0
21947,18.0
21948,18.0
21949,15.0
21950,26.0
21951,22.0
21952,20.0
21953,24.0
21954,22.0
21955,24.0
21956,33.0
21957,42.0
21958,103.0
21959,115.0
21960,60.0
21961,45.0
21962,60.0
21963,69.0
21964,87.0
21965,91.0
21966,114.0
21967,96.0
21968,97.0
21969,81.0
21970,81.0
21971,83.0
21972,88.0
21973,85.0
21974,95.0
21975,114.0
21976,114.0
21977,106.0
21978,105.0
21979,98.0
21980,89.0
21981,83.0
21982,68.0
21983,77.0
21984,75.0
21985,78.0
21986,86.0
21987,94.0
21988,93.0
21989,85.0
21990,77.0
21991,73.0
21992,105.0
21993,89.0
21994,93.0
21995,97.0
21996,92.0
21997,96.0
21998,109.0
21999,109.0
22000,110.0
22001,132.0
22002,149.0
22003,133.0
22004,124.0
22005,122.0
22006,32.0
22007,34.0
22008,46.0
22009,47.0
22010,53.0
22011,55.0
22012,52.0
22013,52.0
22014,56.0
22015,59.0
22016,90.0
22017,112.0
22018,123.0
22019,133.0
22020,155.0
22021,153.0
22022,159.0
22023,168.0
22024,179.0
22025,199.0
22026,184.0
22027,194.0
22028,188.0
22029,189.0
22030,179.0
22031,184.0
22032,177.0
22033,180.0
22034,180.0
22035,183.0
22036,187.0
22037,177.0
22038,179.0
22039,183.0
22040,173.0
22041,175.0
22042,168.0
22043,178.0
22044,157.0
22045,110.0
22046,97.0
22047,90.0
22048,103.0
22049,105.0
22050,134.0
22051,210.0
22052,232.0
22053,167.0
22054,163.0
22055,171.0
22056,152.0
22057,136.0
22058,149.0
22059,163.0
22060,169.0
22061,177.0
22062,184.0
22063,186.0
22064,185.0
22065,174.0
22066,152.0
22067,145.0
22068,135.0
22069,120.0
22070,130.0
22071,139.0
22072,113.0
22073,113.0
22074,119.0
22075,122.0
22076,125.0
22077,115.0
22078,109.0
22079,115.0
22080,103.0
22081,101.0
22082,95.0
22083,95.0
22084,92.0
22085,110.0
22086,122.0
22087,127.0
22088,122.0
22089,110.0
22090,104.0
22091,103.0
22092,107.0
22093,106.0
22094,89.0
22095,96.0
22096,90.0
22097,92.0
22098,94.0
22099,73.0
22100,72.0
22101,47.0
22102,60.0
22103,62.0
22104,66.0
22105,73.0
22106,61.0
22107,52.0
22108,48.0
22109,47.0
22110,52.0
22111,42.0
22112,33.0
22113,35.0
22114,35.0
22115,36.0
22116,30.0
22117,46.0
22118,53.0
22119,63.0
22120,67.0
22121,56.0
22122,56.0
22123,22.0
22124,20.0
22125,33.0
22126,43.0
22127,25.0
22128,33.0
22129,45.0
22130,54.0
22131,49.0
22132,47.0
22133,61.0
22134,79.0
22135,86.0
22136,101.0
22137,96.0
22138,95.0
22139,87.0
22140,65.0
22141,76.0
22142,80.0
22143,87.0
22144,88.0
22145,94.0
22146,61.0
22147,47.0
22148,29.0
22149,24.0
22150,28.0
22151,28.0
22152,20.0
22153,19.0
22154,25.0
22155,19.0
22156,27.0
22157,19.0
22158,24.0
22159,20.0
22160,20.0
22161,55.0
22162,57.0
22163,35.0
22164,35.0
22165,20.0
22166,13.0
22167,9.0
22168,9.0
22169,16.0
22170,14.0
22171,14.0
22172,14.0
22173,17.0
22174,16.0
22175,29.0
22176,26.0
22177,18.0
22178,17.0
22179,31.0
22180,25.0
22181,33.0
22182,25.0
22183,22.0
22184,15.0
22185,10.0
22186,8.0
22187,7.0
22188,11.0
22189,14.0
22190,17.0
22191,28.0
22192,34.0
22193,33.0
22194,36.0
22195,38.0
22196,41.0
22197,42.0
22198,38.0
22199,46.0
22200,47.0
22201,61.0
22202,57.0
22203,54.0
22204,48.0
22205,38.0
22206,25.0
22207,23.0
22208,21.0
22209,19.0
22210,17.0
22211,16.0
22212,14.0
22213,15.0
22214,15.0
22215,19.0
22216,15.0
22217,19.0
22218,33.0
22219,34.0
22220,31.0
22221,39.0
22222,53.0
22223,63.0
22224,60.0
22225,63.0
22226,59.0
22227,48.0
22228,52.0
22229,54.0
22230,50.0
22231,32.0
22232,29.0
22233,31.0
22234,29.0
22235,32.0
22236,29.0
22237,25.0
22238,25.0
22239,26.0
22240,25.0
22241,27.0
22242,32.0
22243,38.0
22244,41.0
22245,53.0
22246,58.0
22247,60.0
22248,84.0
22249,84.0
22250,86.0
22251,63.0
22252,68.0
22253,99.0
22254,130.0
22255,131.0
22256,126.0
22257,112.0
22258,90.0
22259,85.0
22260,76.0
22261,71.0
22262,62.0
22263,51.0
22264,45.0
22265,52.0
22266,46.0
22267,50.0
22268,56.0
22269,55.0
22270,53.0
22271,60.0
22272,55.0
22273,61.0
22274,61.0
22275,80.0
22276,114.0
22277,110.0
22278,94.0
22279,108.0
22280,95.0
22281,92.0
22282,85.0
22283,79.0
22284,77.0
22285,76.0
22286,76.0
22287,83.0
22288,75.0
22289,79.0
22290,79.0
22291,107.0
22292,64.0
22293,72.0
22294,80.0
22295,89.0
22296,89.0
22297,99.0
22298,99.0
22299,79.0
22300,51.0
22301,54.0
22302,54.0
22303,65.0
22304,76.0
22305,81.0
22306,90.0
22307,96.0
22308,99.0
22309,104.0
22310,103.0
22311,95.0
22312,98.0
22313,88.0
22314,105.0
22315,106.0
22316,100.0
22317,100.0
22318,80.0
22319,82.0
22320,83.0
22321,92.0
22322,105.0
22323,120.0
22324,124.0
22325,123.0
22326,116.0
22327,126.0
22328,132.0
22329,136.0
22330,128.0
22331,130.0
22332,116.0
22333,115.0
22334,120.0
22335,126.0
22336,142.0
22337,138.0
22338,133.0
22339,124.0
22340,138.0
22341,132.0
22342,146.0
22343,160.0
22344,173.0
22345,167.0
22346,179.0
22347,187.0
22348,195.0
22349,197.0
22350,202.0
22351,206.0
22352,205.0
22353,212.0
22354,222.0
22355,226.0
22356,259.0
22357,220.0
22358,189.0
22359,197.0
22360,181.0
22361,188.0
22362,192.0
22363,189.0
22364,194.0
22365,206.0
22366,219.0
22367,240.0
22368,239.0
22369,246.0
22370,227.0
22371,198.0
22372,174.0
22373,185.0
22374,192.0
22375,233.0
22376,256.0
22377,278.0
22378,283.0
22379,293.0
22380,318.0
22381,299.0
22382,164.0
22383,31.0
22384,46.0
22385,95.0
22386,23.0
22387,29.0
22388,21.0
22389,26.0
22390,23.0
22391,28.0
22392,23.0
22393,13.0
22394,12.0
22395,11.0
22396,12.0
22397,12.0
22398,24.0
22399,24.0
22400,11.0
22401,10.0
22402,9.0
22403,8.0
22404,10.0
22405,9.0
22406,9.0
22407,12.0
22408,8.0
22409,17.0
22410,15.0
22411,21.0
22412,39.0
22413,27.0
22414,20.0
22415,27.0
22416,14.0
22417,17.0
22418,12.0
22419,20.0
22420,17.0
22421,12.0
22422,12.0
22423,17.0
22424,10.0
22425,13.0
22426,20.0
22427,30.0
22428,25.0
22429,41.0
22430,70.0
22431,69.0
22432,90.0
22433,63.0
22434,56.0
22435,51.0
22436,30.0
22437,28.0
22438,23.0
22439,27.0
22440,24.0
22441,49.0
22442,59.0
22443,64.0
22444,55.0
22445,53.0
22446,56.0
22447,66.0
22448,70.0
22449,75.0
22450,76.0
22451,71.0
22452,80.0
22453,69.0
22454,63.0
22455,75.0
22456,65.0
22457,65.0
22458,76.0
22459,83.0
22460,81.0
22461,89.0
22462,103.0
22463,109.0
22464,103.0
22465,102.0
22466,90.0
22467,60.0
22468,56.0
22469,88.0
22470,90.0
22471,95.0
22472,102.0
22473,122.0
22474,130.0
22475,121.0
22476,108.0
22477,70.0
22478,60.0
22479,62.0
22480,79.0
22481,75.0
22482,68.0
22483,61.0
22484,56.0
22485,54.0
22486,62.0
22487,73.0
22488,70.0
22489,77.0
22490,75.0
22491,78.0
22492,69.0
22493,57.0
22494,54.0
22495,68.0
22496,77.0
22497,70.0
22498,61.0
22499,46.0
22500,61.0
22501,40.0
22502,29.0
22503,30.0
22504,46.0
22505,48.0
22506,49.0
22507,48.0
22508,39.0
22509,51.0
22510,56.0
22511,56.0
22512,63.0
22513,53.0
22514,59.0
22515,54.0
22516,82.0
22517,79.0
22518,77.0
22519,80.0
22520,86.0
22521,101.0
22522,99.0
22523,91.0
22524,94.0
22525,99.0
22526,89.0
22527,86.0
22528,90.0
22529,94.0
22530,93.0
22531,105.0
22532,108.0
22533,109.0
22534,37.0
22535,51.0
22536,83.0
22537,83.0
22538,88.0
22539,89.0
22540,98.0
22541,96.0
22542,94.0
22543,116.0
22544,130.0
22545,126.0
22546,128.0
22547,111.0
22548,108.0
22549,103.0
22550,110.0
22551,124.0
22552,124.0
22553,124.0
22554,124.0
22555,124.0
22556,124.0
22557,124.0
22558,124.0
22559,124.0
22560,124.0
22561,124.0
22562,124.0
22563,124.0
22564,124.0
22565,124.0
22566,124.0
22567,124.0
22568,124.0
22569,124.0
22570,124.0
22571,124.0
22572,124.0
22573,124.0
22574,124.0
22575,124.0
22576,124.0
22577,124.0
22578,124.0
22579,124.0
22580,124.0
22581,124.0
22582,124.0
22583,124.0
22584,124.0
22585,124.0
22586,124.0
22587,124.0
22588,124.0
22589,124.0
22590,124.0
22591,124.0
22592,124.0
22593,124.0
22594,124.0
22595,124.0
22596,35.0
22597,45.0
22598,48.0
22599,49.0
22600,49.0
22601,58.0
22602,80.0
22603,76.0
22604,66.0
22605,67.0
22606,47.0
22607,38.0
22608,38.0
22609,37.0
22610,35.0
22611,35.0
22612,39.0
22613,44.0
22614,29.0
22615,25.0
22616,21.0
22617,16.0
22618,17.0
22619,14.0
22620,17.0
22621,15.0
22622,22.0
22623,20.0
22624,24.0
22625,21.0
22626,22.0
22627,27.0
22628,27.0
22629,26.0
22630,22.0
22631,9.0
22632,14.0
22633,9.0
22634,9.0
22635,17.0
22636,11.0
22637,14.0
22638,17.0
22639,22.0
22640,18.0
22641,8.0
22642,8.0
22643,16.0
22644,19.0
22645,13.0
22646,10.0
22647,6.0
22648,7.0
22649,9.0
22650,13.0
22651,9.0
22652,16.0
22653,17.0
22654,11.0
22655,18.0
22656,16.0
22657,13.0
22658,18.0
22659,11.0
22660,16.0
22661,15.0
22662,15.0
22663,9.0
22664,14.0
22665,10.0
22666,16.0
22667,14.0
22668,9.0
22669,17.0
22670,15.0
22671,17.0
22672,21.0
22673,18.0
22674,22.0
22675,30.0
22676,33.0
22677,33.0
22678,55.0
22679,69.0
22680,77.0
22681,64.0
22682,61.0
22683,50.0
22684,48.0
22685,54.0
22686,60.0
22687,77.0
22688,93.0
22689,74.0
22690,76.0
22691,81.0
22692,54.0
22693,38.0
22694,42.0
22695,42.0
22696,50.0
22697,51.0
22698,51.0
22699,49.0
22700,33.0
22701,31.0
22702,31.0
22703,28.0
22704,23.0
22705,30.0
22706,28.0
22707,29.0
22708,39.0
22709,36.0
22710,36.0
22711,30.0
22712,19.0
22713,16.0
22714,18.0
22715,18.0
22716,17.0
22717,6.0
22718,22.0
22719,15.0
22720,24.0
22721,20.0
22722,24.0
22723,31.0
22724,25.0
22725,44.0
22726,29.0
22727,32.0
22728,43.0
22729,54.0
22730,46.0
22731,47.0
22732,44.0
22733,52.0
22734,53.0
22735,49.0
22736,51.0
22737,56.0
22738,53.0
22739,28.0
22740,22.0
22741,29.0
22742,39.0
22743,29.0
22744,23.0
22745,24.0
22746,53.0
22747,69.0
22748,69.0
22749,84.0
22750,79.0
22751,73.0
22752,67.0
22753,74.0
22754,82.0
22755,83.0
22756,95.0
22757,95.0
22758,82.0
22759,85.0
22760,81.0
22761,78.0
22762,73.0
22763,61.0
22764,63.0
22765,55.0
22766,50.0
22767,46.0
22768,46.0
22769,47.0
22770,44.0
22771,37.0
22772,44.0
22773,38.0
22774,45.0
22775,57.0
22776,52.0
22777,59.0
22778,67.0
22779,67.0
22780,75.0
22781,73.0
22782,79.0
22783,74.0
22784,67.0
22785,56.0
22786,66.0
22787,63.0
22788,67.0
22789,63.0
22790,58.0
22791,57.0
22792,55.0
22793,61.0
22794,68.0
22795,73.0
22796,85.0
22797,79.0
22798,89.0
22799,89.0
22800,88.0
22801,101.0
22802,106.0
22803,119.0
22804,116.0
22805,127.0
22806,136.0
22807,120.0
22808,109.0
22809,106.0
22810,84.0
22811,75.0
22812,80.0
22813,76.0
22814,79.0
22815,33.0
22816,25.0
22817,25.0
22818,29.0
22819,28.0
22820,35.0
22821,37.0
22822,33.0
22823,31.0
22824,43.0
22825,37.0
22826,21.0
22827,15.0
22828,10.0
22829,21.0
22830,23.0
22831,40.0
22832,46.0
22833,49.0
22834,52.0
22835,46.0
22836,45.0
22837,48.0
22838,52.0
22839,56.0
22840,57.0
22841,39.0
22842,32.0
22843,38.0
22844,38.0
22845,34.0
22846,41.0
22847,37.0
22848,43.0
22849,53.0
22850,57.0
22851,72.0
22852,85.0
22853,89.0
22854,94.0
22855,100.0
22856,116.0
22857,120.0
22858,108.0
22859,89.0
22860,70.0
22861,55.0
22862,55.0
22863,58.0
22864,52.0
22865,60.0
22866,72.0
22867,97.0
22868,97.0
22869,94.0
22870,76.0
22871,85.0
22872,93.0
22873,89.0
22874,105.0
22875,108.0
22876,114.0
22877,116.0
22878,118.0
22879,112.0
22880,124.0
22881,136.0
22882,137.0
22883,138.0
22884,127.0
22885,88.0
22886,79.0
22887,67.0
22888,67.0
22889,67.0
22890,67.0
22891,67.0
22892,67.0
22893,67.0
22894,67.0
22895,67.0
22896,67.0
22897,67.0
22898,67.0
22899,67.0
22900,67.0
22901,67.0
22902,67.0
22903,67.0
22904,67.0
22905,67.0
22906,67.0
22907,67.0
22908,67.0
22909,67.0
22910,67.0
22911,67.0
22912,67.0
22913,67.0
22914,67.0
22915,67.0
22916,67.0
22917,67.0
22918,67.0
22919,67.0
22920,67.0
22921,67.0
22922,67.0
22923,67.0
22924,67.0
22925,67.0
22926,67.0
22927,67.0
22928,67.0
22929,67.0
22930,13.0
22931,13.0
22932,13.0
22933,14.0
22934,14.0
22935,15.0
22936,21.0
22937,26.0
22938,32.0
22939,33.0
22940,38.0
22941,46.0
22942,47.0
22943,47.0
22944,50.0
22945,67.0
22946,71.0
22947,72.0
22948,68.0
22949,66.0
22950,71.0
22951,73.0
22952,84.0
22953,104.0
22954,76.0
22955,47.0
22956,42.0
22957,27.0
22958,37.0
22959,42.0
22960,52.0
22961,50.0
22962,27.0
22963,31.0
22964,33.0
22965,42.0
22966,40.0
22967,48.0
22968,57.0
22969,59.0
22970,68.0
22971,69.0
22972,67.0
22973,73.0
22974,71.0
22975,70.0
22976,72.0
22977,63.0
22978,59.0
22979,45.0
22980,26.0
22981,14.0
22982,16.0
22983,25.0
22984,20.0
22985,23.0
22986,31.0
22987,45.0
22988,80.0
22989,67.0
22990,89.0
22991,91.0
22992,90.0
22993,96.0
22994,88.0
22995,86.0
22996,65.0
22997,83.0
22998,97.0
22999,108.0
23000,96.0
23001,102.0
23002,78.0
23003,60.0
23004,52.0
23005,53.0
23006,53.0
23007,53.0
23008,41.0
23009,64.0
23010,67.0
23011,64.0
23012,53.0
23013,73.0
23014,77.0
23015,70.0
23016,67.0
23017,64.0
23018,77.0
23019,78.0
23020,96.0
23021,112.0
23022,119.0
23023,123.0
23024,129.0
23025,143.0
23026,146.0
23027,146.0
23028,139.0
23029,118.0
23030,118.0
23031,130.0
23032,144.0
23033,147.0
23034,161.0
23035,148.0
23036,145.0
23037,166.0
23038,185.0
23039,206.0
23040,192.0
23041,202.0
23042,198.0
23043,186.0
23044,153.0
23045,140.0
23046,153.0
23047,182.0
23048,182.0
23049,190.0
23050,190.0
23051,190.0
23052,190.0
23053,190.0
23054,190.0
23055,190.0
23056,190.0
23057,190.0
23058,190.0
23059,190.0
23060,190.0
23061,190.0
23062,190.0
23063,190.0
23064,190.0
23065,190.0
23066,190.0
23067,190.0
23068,190.0
23069,190.0
23070,190.0
23071,190.0
23072,190.0
23073,190.0
23074,190.0
23075,190.0
23076,190.0
23077,190.0
23078,190.0
23079,190.0
23080,190.0
23081,190.0
23082,190.0
23083,190.0
23084,190.0
23085,190.0
23086,190.0
23087,190.0
23088,190.0
23089,190.0
23090,190.0
23091,190.0
23092,190.0
23093,190.0
23094,190.0
23095,190.0
23096,190.0
23097,190.0
23098,190.0
23099,190.0
23100,190.0
23101,190.0
23102,190.0
23103,190.0
23104,190.0
23105,190.0
23106,190.0
23107,190.0
23108,190.0
23109,190.0
23110,190.0
23111,190.0
23112,190.0
23113,190.0
23114,190.0
23115,190.0
23116,190.0
23117,190.0
23118,190.0
23119,190.0
23120,190.0
23121,190.0
23122,190.0
23123,190.0
23124,3.0
23125,5.0
23126,8.0
23127,8.0
23128,12.0
23129,5.0
23130,20.0
23131,23.0
23132,28.0
23133,25.0
23134,29.0
23135,36.0
23136,42.0
23137,24.0
23138,10.0
23139,9.0
23140,13.0
23141,15.0
23142,21.0
23143,21.0
23144,13.0
23145,13.0
23146,9.0
23147,6.0
23148,8.0
23149,11.0
23150,17.0
23151,22.0
23152,24.0
23153,22.0
23154,23.0
23155,17.0
23156,29.0
23157,35.0
23158,36.0
23159,40.0
23160,47.0
23161,63.0
23162,67.0
23163,81.0
23164,87.0
23165,82.0
23166,84.0
23167,91.0
23168,98.0
23169,100.0
23170,105.0
23171,110.0
23172,97.0
23173,88.0
23174,70.0
23175,65.0
23176,77.0
23177,76.0
23178,69.0
23179,65.0
23180,66.0
23181,62.0
23182,63.0
23183,66.0
23184,71.0
23185,73.0
23186,81.0
23187,88.0
23188,101.0
23189,110.0
23190,110.0
23191,124.0
23192,143.0
23193,156.0
23194,125.0
23195,65.0
23196,66.0
23197,62.0
23198,59.0
23199,52.0
23200,56.0
23201,50.0
23202,59.0
23203,71.0
23204,80.0
23205,84.0
23206,103.0
23207,90.0
23208,104.0
23209,104.0
23210,102.0
23211,108.0
23212,117.0
23213,143.0
23214,143.0
23215,149.0
23216,146.0
23217,154.0
23218,151.0
23219,149.0
23220,126.0
23221,128.0
23222,120.0
23223,118.0
23224,117.0
23225,123.0
23226,131.0
23227,127.0
23228,121.0
23229,113.0
23230,114.0
23231,120.0
23232,133.0
23233,140.0
23234,151.0
23235,178.0
23236,174.0
23237,180.0
23238,185.0
23239,180.0
23240,169.0
23241,153.0
23242,158.0
23243,160.0
23244,161.0
23245,159.0
23246,146.0
23247,145.0
23248,156.0
23249,166.0
23250,172.0
23251,149.0
23252,140.0
23253,134.0
23254,128.0
23255,125.0
23256,102.0
23257,93.0
23258,93.0
23259,93.0
23260,71.0
23261,74.0
23262,81.0
23263,80.0
23264,73.0
23265,56.0
23266,48.0
23267,46.0
23268,47.0
23269,48.0
23270,44.0
23271,62.0
23272,59.0
23273,56.0
23274,56.0
23275,43.0
23276,49.0
23277,54.0
23278,55.0
23279,68.0
23280,64.0
23281,68.0
23282,72.0
23283,80.0
23284,83.0
23285,83.0
23286,83.0
23287,92.0
23288,83.0
23289,76.0
23290,88.0
23291,80.0
23292,78.0
23293,64.0
23294,57.0
23295,55.0
23296,56.0
23297,75.0
23298,105.0
23299,115.0
23300,118.0
23301,128.0
23302,145.0
23303,154.0
23304,157.0
23305,161.0
23306,143.0
23307,153.0
23308,149.0
23309,115.0
23310,64.0
23311,61.0
23312,42.0
23313,41.0
23314,35.0
23315,29.0
23316,26.0
23317,29.0
23318,24.0
23319,38.0
23320,63.0
23321,115.0
23322,123.0
23323,160.0
23324,175.0
23325,205.0
23326,229.0
23327,245.0
23328,260.0
23329,268.0
23330,266.0
23331,281.0
23332,286.0
23333,301.0
23334,302.0
23335,277.0
23336,252.0
23337,242.0
23338,231.0
23339,232.0
23340,239.0
23341,233.0
23342,197.0
23343,195.0
23344,170.0
23345,176.0
23346,213.0
23347,224.0
23348,229.0
23349,215.0
23350,204.0
23351,194.0
23352,188.0
23353,197.0
23354,206.0
23355,207.0
23356,212.0
23357,232.0
23358,240.0
23359,245.0
23360,242.0
23361,230.0
23362,179.0
23363,159.0
23364,142.0
23365,142.0
23366,145.0
23367,135.0
23368,143.0
23369,150.0
23370,166.0
23371,160.0
23372,169.0
23373,180.0
23374,188.0
23375,196.0
23376,205.0
23377,196.0
23378,192.0
23379,183.0
23380,186.0
23381,203.0
23382,204.0
23383,206.0
23384,202.0
23385,207.0
23386,179.0
23387,173.0
23388,166.0
23389,141.0
23390,114.0
23391,124.0
23392,126.0
23393,110.0
23394,113.0
23395,111.0
23396,106.0
23397,106.0
23398,108.0
23399,109.0
23400,103.0
23401,124.0
23402,127.0
23403,123.0
23404,10.0
23405,7.0
23406,6.0
23407,5.0
23408,8.0
23409,9.0
23410,9.0
23411,10.0
23412,13.0
23413,14.0
23414,12.0
23415,13.0
23416,16.0
23417,15.0
23418,17.0
23419,18.0
23420,16.0
23421,18.0
23422,13.0
23423,7.0
23424,5.0
23425,6.0
23426,5.0
23427,5.0
23428,6.0
23429,6.0
23430,8.0
23431,13.0
23432,17.0
23433,11.0
23434,9.0
23435,10.0
23436,12.0
23437,11.0
23438,10.0
23439,11.0
23440,12.0
23441,13.0
23442,11.0
23443,8.0
23444,9.0
23445,11.0
23446,11.0
23447,10.0
23448,12.0
23449,14.0
23450,8.0
23451,9.0
23452,12.0
23453,10.0
23454,17.0
23455,12.0
23456,15.0
23457,6.0
23458,7.0
23459,7.0
23460,9.0
23461,12.0
23462,13.0
23463,9.0
23464,10.0
23465,15.0
23466,19.0
23467,15.0
23468,24.0
23469,26.0
23470,27.0
23471,34.0
23472,37.0
23473,30.0
23474,30.0
23475,31.0
23476,25.0
23477,21.0
23478,21.0
23479,19.0
23480,24.0
23481,22.0
23482,21.0
23483,31.0
23484,50.0
23485,50.0
23486,35.0
23487,52.0
23488,34.0
23489,25.0
23490,29.0
23491,37.0
23492,41.0
23493,42.0
23494,34.0
23495,39.0
23496,40.0
23497,47.0
23498,55.0
23499,58.0
23500,62.0
23501,74.0
23502,72.0
23503,70.0
23504,63.0
23505,67.0
23506,84.0
23507,90.0
23508,101.0
23509,97.0
23510,98.0
23511,86.0
23512,98.0
23513,126.0
23514,142.0
23515,150.0
23516,154.0
23517,152.0
23518,144.0
23519,143.0
23520,141.0
23521,151.0
23522,140.0
23523,139.0
23524,135.0
23525,135.0
23526,134.0
23527,134.0
23528,129.0
23529,115.0
23530,99.0
23531,81.0
23532,60.0
23533,50.0
23534,38.0
23535,29.0
23536,32.0
23537,27.0
23538,23.0
23539,26.0
23540,33.0
23541,31.0
23542,31.0
23543,44.0
23544,53.0
23545,47.0
23546,40.0
23547,42.0
23548,50.0
23549,43.0
23550,40.0
23551,34.0
23552,35.0
23553,39.0
23554,36.0
23555,34.0
23556,40.0
23557,48.0
23558,52.0
23559,60.0
23560,64.0
23561,60.0
23562,58.0
23563,61.0
23564,61.0
23565,69.0
23566,73.0
23567,84.0
23568,80.0
23569,87.0
23570,95.0
23571,113.0
23572,124.0
23573,132.0
23574,125.0
23575,130.0
23576,145.0
23577,153.0
23578,138.0
23579,133.0
23580,134.0
23581,103.0
23582,87.0
23583,93.0
23584,85.0
23585,80.0
23586,90.0
23587,90.0
23588,106.0
23589,118.0
23590,126.0
23591,126.0
23592,129.0
23593,129.0
23594,145.0
23595,143.0
23596,145.0
23597,160.0
23598,159.0
23599,173.0
23600,180.0
23601,179.0
23602,176.0
23603,161.0
23604,149.0
23605,134.0
23606,116.0
23607,106.0
23608,99.0
23609,91.0
23610,78.0
23611,80.0
23612,86.0
23613,96.0
23614,109.0
23615,108.0
23616,116.0
23617,123.0
23618,133.0
23619,121.0
23620,115.0
23621,123.0
23622,134.0
23623,160.0
23624,138.0
23625,150.0
23626,174.0
23627,132.0
23628,92.0
23629,79.0
23630,78.0
23631,83.0
23632,78.0
23633,75.0
23634,92.0
23635,99.0
23636,88.0
23637,34.0
23638,48.0
23639,62.0
23640,64.0
23641,68.0
23642,70.0
23643,37.0
23644,6.0
23645,6.0
23646,7.0
23647,10.0
23648,6.0
23649,7.0
23650,7.0
23651,5.0
23652,9.0
23653,7.0
23654,7.0
23655,10.0
23656,9.0
23657,16.0
23658,13.0
23659,14.0
23660,21.0
23661,16.0
23662,14.0
23663,10.0
23664,6.0
23665,11.0
23666,10.0
23667,13.0
23668,16.0
23669,20.0
23670,30.0
23671,27.0
23672,16.0
23673,15.0
23674,10.0
23675,10.0
23676,13.0
23677,13.0
23678,15.0
23679,15.0
23680,17.0
23681,17.0
23682,10.0
23683,16.0
23684,14.0
23685,15.0
23686,12.0
23687,11.0
23688,13.0
23689,15.0
23690,14.0
23691,26.0
23692,24.0
23693,20.0
23694,17.0
23695,20.0
23696,25.0
23697,14.0
23698,12.0
23699,12.0
23700,8.0
23701,6.0
23702,7.0
23703,10.0
23704,8.0
23705,7.0
23706,27.0
23707,25.0
23708,28.0
23709,28.0
23710,30.0
23711,23.0
23712,53.0
23713,70.0
23714,56.0
23715,28.0
23716,20.0
23717,24.0
23718,20.0
23719,24.0
23720,29.0
23721,29.0
23722,24.0
23723,26.0
23724,26.0
23725,29.0
23726,32.0
23727,26.0
23728,26.0
23729,24.0
23730,28.0
23731,37.0
23732,43.0
23733,45.0
23734,52.0
23735,68.0
23736,77.0
23737,79.0
23738,78.0
23739,77.0
23740,77.0
23741,41.0
23742,45.0
23743,43.0
23744,47.0
23745,57.0
23746,69.0
23747,66.0
23748,62.0
23749,66.0
23750,41.0
23751,43.0
23752,37.0
23753,42.0
23754,46.0
23755,45.0
23756,47.0
23757,42.0
23758,58.0
23759,64.0
23760,81.0
23761,61.0
23762,60.0
23763,47.0
23764,40.0
23765,55.0
23766,50.0
23767,46.0
23768,33.0
23769,33.0
23770,32.0
23771,23.0
23772,15.0
23773,16.0
23774,15.0
23775,16.0
23776,18.0
23777,23.0
23778,40.0
23779,49.0
23780,61.0
23781,66.0
23782,74.0
23783,59.0
23784,77.0
23785,69.0
23786,36.0
23787,38.0
23788,43.0
23789,45.0
23790,31.0
23791,27.0
23792,28.0
23793,33.0
23794,29.0
23795,31.0
23796,23.0
23797,8.0
23798,7.0
23799,11.0
23800,13.0
23801,16.0
23802,29.0
23803,33.0
23804,34.0
23805,34.0
23806,33.0
23807,29.0
23808,32.0
23809,46.0
23810,62.0
23811,36.0
23812,27.0
23813,19.0
23814,31.0
23815,27.0
23816,25.0
23817,26.0
23818,26.0
23819,22.0
23820,17.0
23821,20.0
23822,30.0
23823,58.0
23824,66.0
23825,77.0
23826,89.0
23827,93.0
23828,124.0
23829,125.0
23830,136.0
23831,159.0
23832,165.0
23833,134.0
23834,129.0
23835,116.0
23836,69.0
23837,65.0
23838,57.0
23839,65.0
23840,71.0
23841,102.0
23842,128.0
23843,130.0
23844,137.0
23845,123.0
23846,96.0
23847,94.0
23848,108.0
23849,96.0
23850,101.0
23851,124.0
23852,127.0
23853,146.0
23854,156.0
23855,166.0
23856,174.0
23857,166.0
23858,168.0
23859,170.0
23860,174.0
23861,183.0
23862,188.0
23863,205.0
23864,193.0
23865,226.0
23866,231.0
23867,238.0
23868,196.0
23869,183.0
23870,97.0
23871,101.0
23872,92.0
23873,109.0
23874,134.0
23875,92.0
23876,71.0
23877,56.0
23878,50.0
23879,50.0
23880,50.0
23881,54.0
23882,54.0
23883,53.0
23884,136.0
23885,164.0
23886,169.0
23887,157.0
23888,154.0
23889,180.0
23890,146.0
23891,121.0
23892,116.0
23893,107.0
23894,96.0
23895,78.0
23896,70.0
23897,75.0
23898,82.0
23899,89.0
23900,97.0
23901,127.0
23902,129.0
23903,128.0
23904,137.0
23905,129.0
23906,91.0
23907,131.0
23908,143.0
23909,125.0
23910,98.0
23911,90.0
23912,88.0
23913,85.0
23914,94.0
23915,91.0
23916,93.0
23917,95.0
23918,83.0
23919,83.0
23920,82.0
23921,104.0
23922,119.0
23923,121.0
23924,159.0
23925,128.0
23926,101.0
23927,58.0
23928,58.0
23929,71.0
23930,52.0
23931,40.0
23932,32.0
23933,32.0
23934,34.0
23935,40.0
23936,53.0
23937,56.0
23938,61.0
23939,79.0
23940,99.0
23941,96.0
23942,101.0
23943,93.0
23944,81.0
23945,84.0
23946,76.0
23947,72.0
23948,63.0
23949,49.0
23950,47.0
23951,46.0
23952,55.0
23953,58.0
23954,59.0
23955,68.0
23956,68.0
23957,81.0
23958,83.0
23959,82.0
23960,89.0
23961,87.0
23962,88.0
23963,88.0
23964,109.0
23965,99.0
23966,110.0
23967,96.0
23968,51.0
23969,19.0
23970,23.0
23971,15.0
23972,12.0
23973,13.0
23974,13.0
23975,18.0
23976,26.0
23977,25.0
23978,19.0
23979,19.0
23980,19.0
23981,19.0
23982,18.0
23983,27.0
23984,30.0
23985,32.0
23986,31.0
23987,27.0
23988,17.0
23989,11.0
23990,11.0
23991,9.0
23992,9.0
23993,14.0
23994,31.0
23995,41.0
23996,59.0
23997,55.0
23998,56.0
23999,49.0
24000,51.0
24001,90.0
24002,72.0
24003,57.0
24004,50.0
24005,49.0
24006,47.0
24007,62.0
24008,95.0
24009,95.0
24010,95.0
24011,95.0
24012,82.0
24013,10.0
24014,10.0
24015,8.0
24016,5.0
24017,8.0
24018,16.0
24019,24.0
24020,9.0
24021,9.0
24022,7.0
24023,3.0
24024,3.0
24025,3.0
24026,2.0
24027,5.0
24028,4.0
24029,2.0
24030,2.0
24031,4.0
24032,3.0
24033,3.0
24034,4.0
24035,4.0
24036,5.0
24037,2.0
24038,2.0
24039,1.0
24040,1.0
24041,2.0
24042,3.0
24043,5.0
24044,5.0
24045,5.0
24046,3.0
24047,2.0
24048,7.0
24049,8.0
24050,7.0
24051,10.0
24052,6.0
24053,6.0
24054,5.0
24055,9.0
24056,14.0
24057,7.0
24058,2.0
24059,5.0
24060,7.0
24061,6.0
24062,4.0
24063,5.0
24064,5.0
24065,12.0
24066,21.0
24067,30.0
24068,62.0
24069,53.0
24070,48.0
24071,21.0
24072,4.0
24073,2.0
24074,1.0
24075,19.0
24076,22.0
24077,17.0
24078,29.0
24079,12.0
24080,17.0
24081,11.0
24082,8.0
24083,11.0
24084,9.0
24085,6.0
24086,4.0
24087,3.0
24088,4.0
24089,8.0
24090,25.0
24091,32.0
24092,29.0
24093,29.0
24094,28.0
24095,41.0
24096,60.0
24097,65.0
24098,64.0
24099,59.0
24100,31.0
24101,23.0
24102,28.0
24103,25.0
24104,22.0
24105,26.0
24106,23.0
24107,25.0
24108,32.0
24109,37.0
24110,37.0
24111,42.0
24112,51.0
24113,59.0
24114,72.0
24115,92.0
24116,104.0
24117,104.0
24118,108.0
24119,97.0
24120,100.0
24121,108.0
24122,115.0
24123,103.0
24124,79.0
24125,70.0
24126,63.0
24127,72.0
24128,87.0
24129,142.0
24130,140.0
24131,145.0
24132,145.0
24133,164.0
24134,169.0
24135,162.0
24136,165.0
24137,181.0
24138,202.0
24139,244.0
24140,248.0
24141,274.0
24142,289.0
24143,269.0
24144,259.0
24145,259.0
24146,259.0
24147,252.0
24148,235.0
24149,24.0
24150,16.0
24151,13.0
24152,11.0
24153,10.0
24154,9.0
24155,10.0
24156,8.0
24157,9.0
24158,12.0
24159,9.0
24160,10.0
24161,15.0
24162,20.0
24163,16.0
24164,17.0
24165,10.0
24166,8.0
24167,9.0
24168,10.0
24169,8.0
24170,8.0
24171,7.0
24172,11.0
24173,11.0
24174,13.0
24175,13.0
24176,13.0
24177,13.0
24178,10.0
24179,8.0
24180,11.0
24181,12.0
24182,13.0
24183,13.0
24184,19.0
24185,19.0
24186,16.0
24187,19.0
24188,16.0
24189,16.0
24190,19.0
24191,27.0
24192,37.0
24193,20.0
24194,17.0
24195,16.0
24196,19.0
24197,17.0
24198,27.0
24199,24.0
24200,30.0
24201,19.0
24202,23.0
24203,18.0
24204,14.0
24205,16.0
24206,16.0
24207,23.0
24208,43.0
24209,48.0
24210,68.0
24211,90.0
24212,126.0
24213,151.0
24214,161.0
24215,189.0
24216,196.0
24217,193.0
24218,173.0
24219,171.0
24220,147.0
24221,95.0
24222,77.0
24223,68.0
24224,61.0
24225,43.0
24226,28.0
24227,36.0
24228,28.0
24229,29.0
24230,28.0
24231,20.0
24232,37.0
24233,80.0
24234,109.0
24235,110.0
24236,114.0
24237,131.0
24238,138.0
24239,145.0
24240,151.0
24241,144.0
24242,130.0
24243,129.0
24244,136.0
24245,95.0
24246,89.0
24247,67.0
24248,76.0
24249,85.0
24250,89.0
24251,110.0
24252,137.0
24253,167.0
24254,147.0
24255,108.0
24256,104.0
24257,112.0
24258,122.0
24259,149.0
24260,170.0
24261,176.0
24262,189.0
24263,189.0
24264,194.0
24265,207.0
24266,220.0
24267,259.0
24268,262.0
24269,235.0
24270,215.0
24271,206.0
24272,206.0
24273,203.0
24274,209.0
24275,220.0
24276,237.0
24277,264.0
24278,263.0
24279,227.0
24280,235.0
24281,276.0
24282,308.0
24283,338.0
24284,343.0
24285,347.0
24286,398.0
24287,446.0
24288,436.0
24289,407.0
24290,390.0
24291,331.0
24292,239.0
24293,161.0
24294,145.0
24295,160.0
24296,128.0
24297,25.0
24298,14.0
24299,9.0
24300,11.0
24301,11.0
24302,9.0
24303,11.0
24304,9.0
24305,6.0
24306,10.0
24307,10.0
24308,8.0
24309,8.0
24310,5.0
24311,2.0
24312,9.0
24313,7.0
24314,9.0
24315,7.0
24316,12.0
24317,12.0
24318,9.0
24319,26.0
24320,20.0
24321,12.0
24322,14.0
24323,10.0
24324,8.0
24325,5.0
24326,5.0
24327,5.0
24328,10.0
24329,15.0
24330,19.0
24331,26.0
24332,43.0
24333,51.0
24334,63.0
24335,80.0
24336,111.0
24337,134.0
24338,133.0
24339,103.0
24340,98.0
24341,84.0
24342,73.0
24343,82.0
24344,90.0
24345,114.0
24346,194.0
24347,185.0
24348,139.0
24349,130.0
24350,131.0
24351,113.0
24352,121.0
24353,118.0
24354,131.0
24355,158.0
24356,168.0
24357,176.0
24358,191.0
24359,177.0
24360,146.0
24361,143.0
24362,134.0
24363,177.0
24364,182.0
24365,173.0
24366,145.0
24367,125.0
24368,123.0
24369,146.0
24370,152.0
24371,137.0
24372,132.0
24373,143.0
24374,143.0
24375,149.0
24376,156.0
24377,172.0
24378,194.0
24379,214.0
24380,243.0
24381,248.0
24382,269.0
24383,256.0
24384,220.0
24385,167.0
24386,30.0
24387,10.0
24388,7.0
24389,8.0
24390,9.0
24391,10.0
24392,9.0
24393,10.0
24394,8.0
24395,11.0
24396,8.0
24397,6.0
24398,17.0
24399,11.0
24400,9.0
24401,11.0
24402,13.0
24403,51.0
24404,59.0
24405,55.0
24406,45.0
24407,58.0
24408,62.0
24409,41.0
24410,35.0
24411,29.0
24412,21.0
24413,24.0
24414,21.0
24415,9.0
24416,11.0
24417,18.0
24418,14.0
24419,13.0
24420,22.0
24421,34.0
24422,33.0
24423,29.0
24424,32.0
24425,34.0
24426,56.0
24427,77.0
24428,93.0
24429,105.0
24430,109.0
24431,123.0
24432,122.0
24433,131.0
24434,133.0
24435,123.0
24436,99.0
24437,98.0
24438,82.0
24439,79.0
24440,77.0
24441,80.0
24442,87.0
24443,88.0
24444,98.0
24445,97.0
24446,102.0
24447,103.0
24448,101.0
24449,99.0
24450,116.0
24451,113.0
24452,113.0
24453,111.0
24454,99.0
24455,96.0
24456,95.0
24457,91.0
24458,94.0
24459,88.0
24460,89.0
24461,83.0
24462,71.0
24463,77.0
24464,58.0
24465,19.0
24466,14.0
24467,14.0
24468,25.0
24469,12.0
24470,7.0
24471,7.0
24472,7.0
24473,9.0
24474,11.0
24475,14.0
24476,11.0
24477,8.0
24478,6.0
24479,7.0
24480,8.0
24481,6.0
24482,4.0
24483,5.0
24484,6.0
24485,13.0
24486,15.0
24487,17.0
24488,22.0
24489,23.0
24490,16.0
24491,16.0
24492,17.0
24493,11.0
24494,14.0
24495,13.0
24496,19.0
24497,29.0
24498,45.0
24499,55.0
24500,55.0
24501,59.0
24502,70.0
24503,82.0
24504,85.0
24505,90.0
24506,82.0
24507,90.0
24508,90.0
24509,71.0
24510,56.0
24511,34.0
24512,38.0
24513,47.0
24514,46.0
24515,39.0
24516,27.0
24517,17.0
24518,16.0
24519,18.0
24520,27.0
24521,37.0
24522,48.0
24523,75.0
24524,102.0
24525,110.0
24526,115.0
24527,142.0
24528,130.0
24529,129.0
24530,87.0
24531,78.0
24532,68.0
24533,47.0
24534,60.0
24535,65.0
24536,88.0
24537,119.0
24538,156.0
24539,189.0
24540,185.0
24541,187.0
24542,209.0
24543,206.0
24544,219.0
24545,230.0
24546,271.0
24547,277.0
24548,303.0
24549,334.0
24550,285.0
24551,324.0
24552,308.0
24553,285.0
24554,245.0
24555,233.0
24556,214.0
24557,213.0
24558,222.0
24559,219.0
24560,215.0
24561,215.0
24562,214.0
24563,220.0
24564,176.0
24565,117.0
24566,154.0
24567,154.0
24568,199.0
24569,273.0
24570,341.0
24571,311.0
24572,151.0
24573,56.0
24574,42.0
24575,40.0
24576,43.0
24577,48.0
24578,60.0
24579,66.0
24580,55.0
24581,53.0
24582,48.0
24583,56.0
24584,53.0
24585,54.0
24586,56.0
24587,57.0
24588,56.0
24589,49.0
24590,49.0
24591,44.0
24592,43.0
24593,37.0
24594,40.0
24595,38.0
24596,37.0
24597,39.0
24598,41.0
24599,41.0
24600,43.0
24601,36.0
24602,33.0
24603,33.0
24604,39.0
24605,16.0
24606,12.0
24607,11.0
24608,14.0
24609,10.0
24610,8.0
24611,14.0
24612,9.0
24613,11.0
24614,15.0
24615,10.0
24616,11.0
24617,15.0
24618,32.0
24619,49.0
24620,69.0
24621,58.0
24622,42.0
24623,36.0
24624,34.0
24625,48.0
24626,71.0
24627,87.0
24628,73.0
24629,54.0
24630,33.0
24631,34.0
24632,46.0
24633,50.0
24634,49.0
24635,56.0
24636,59.0
24637,60.0
24638,64.0
24639,69.0
24640,41.0
24641,57.0
24642,83.0
24643,125.0
24644,162.0
24645,167.0
24646,185.0
24647,177.0
24648,154.0
24649,154.0
24650,149.0
24651,132.0
24652,129.0
24653,108.0
24654,123.0
24655,119.0
24656,88.0
24657,77.0
24658,82.0
24659,78.0
24660,52.0
24661,42.0
24662,24.0
24663,31.0
24664,94.0
24665,116.0
24666,120.0
24667,137.0
24668,129.0
24669,122.0
24670,174.0
24671,174.0
24672,178.0
24673,202.0
24674,191.0
24675,89.0
24676,42.0
24677,35.0
24678,50.0
24679,55.0
24680,33.0
24681,67.0
24682,131.0
24683,164.0
24684,230.0
24685,275.0
24686,236.0
24687,220.0
24688,252.0
24689,331.0
24690,338.0
24691,338.0
24692,367.0
24693,301.0
24694,293.0
24695,293.0
24696,249.0
24697,226.0
24698,235.0
24699,237.0
24700,259.0
24701,248.0
24702,240.0
24703,253.0
24704,271.0
24705,283.0
24706,283.0
24707,288.0
24708,288.0
24709,293.0
24710,293.0
24711,296.0
24712,308.0
24713,317.0
24714,329.0
24715,313.0
24716,307.0
24717,309.0
24718,299.0
24719,304.0
24720,297.0
24721,281.0
24722,272.0
24723,275.0
24724,260.0
24725,246.0
24726,241.0
24727,239.0
24728,250.0
24729,248.0
24730,222.0
24731,232.0
24732,166.0
24733,105.0
24734,34.0
24735,27.0
24736,20.0
24737,15.0
24738,20.0
24739,19.0
24740,6.0
24741,12.0
24742,11.0
24743,11.0
24744,7.0
24745,13.0
24746,7.0
24747,11.0
24748,13.0
24749,13.0
24750,13.0
24751,20.0
24752,18.0
24753,9.0
24754,8.0
24755,11.0
24756,16.0
24757,23.0
24758,27.0
24759,26.0
24760,38.0
24761,52.0
24762,57.0
24763,54.0
24764,57.0
24765,46.0
24766,41.0
24767,40.0
24768,39.0
24769,41.0
24770,42.0
24771,43.0
24772,48.0
24773,53.0
24774,55.0
24775,58.0
24776,58.0
24777,68.0
24778,80.0
24779,67.0
24780,65.0
24781,66.0
24782,53.0
24783,9.0
24784,10.0
24785,11.0
24786,11.0
24787,10.0
24788,9.0
24789,8.0
24790,9.0
24791,8.0
24792,11.0
24793,11.0
24794,10.0
24795,12.0
24796,16.0
24797,17.0
24798,25.0
24799,29.0
24800,27.0
24801,24.0
24802,24.0
24803,15.0
24804,49.0
24805,37.0
24806,48.0
24807,40.0
24808,48.0
24809,62.0
24810,68.0
24811,88.0
24812,57.0
24813,10.0
24814,8.0
24815,7.0
24816,5.0
24817,6.0
24818,10.0
24819,13.0
24820,11.0
24821,16.0
24822,28.0
24823,34.0
24824,15.0
24825,16.0
24826,11.0
24827,10.0
24828,12.0
24829,11.0
24830,10.0
24831,13.0
24832,11.0
24833,38.0
24834,65.0
24835,79.0
24836,78.0
24837,76.0
24838,91.0
24839,124.0
24840,135.0
24841,121.0
24842,102.0
24843,78.0
24844,70.0
24845,49.0
24846,26.0
24847,45.0
24848,57.0
24849,99.0
24850,85.0
24851,77.0
24852,93.0
24853,81.0
24854,64.0
24855,77.0
24856,82.0
24857,90.0
24858,115.0
24859,130.0
24860,134.0
24861,173.0
24862,172.0
24863,157.0
24864,141.0
24865,124.0
24866,124.0
24867,126.0
24868,136.0
24869,139.0
24870,144.0
24871,148.0
24872,141.0
24873,123.0
24874,134.0
24875,147.0
24876,170.0
24877,175.0
24878,181.0
24879,164.0
24880,176.0
24881,190.0
24882,204.0
24883,196.0
24884,214.0
24885,208.0
24886,209.0
24887,228.0
24888,212.0
24889,206.0
24890,199.0
24891,210.0
24892,194.0
24893,196.0
24894,194.0
24895,194.0
24896,192.0
24897,199.0
24898,205.0
24899,208.0
24900,207.0
24901,190.0
24902,162.0
24903,156.0
24904,154.0
24905,14.0
24906,12.0
24907,9.0
24908,10.0
24909,7.0
24910,12.0
24911,14.0
24912,11.0
24913,10.0
24914,7.0
24915,6.0
24916,8.0
24917,8.0
24918,11.0
24919,14.0
24920,15.0
24921,27.0
24922,22.0
24923,27.0
24924,29.0
24925,27.0
24926,26.0
24927,23.0
24928,25.0
24929,25.0
24930,30.0
24931,27.0
24932,29.0
24933,22.0
24934,22.0
24935,25.0
24936,21.0
24937,17.0
24938,17.0
24939,15.0
24940,14.0
24941,19.0
24942,16.0
24943,19.0
24944,22.0
24945,26.0
24946,24.0
24947,28.0
24948,34.0
24949,27.0
24950,33.0
24951,36.0
24952,34.0
24953,36.0
24954,36.0
24955,38.0
24956,40.0
24957,32.0
24958,38.0
24959,39.0
24960,42.0
24961,48.0
24962,54.0
24963,51.0
24964,50.0
24965,49.0
24966,54.0
24967,68.0
24968,66.0
24969,65.0
24970,71.0
24971,80.0
24972,77.0
24973,89.0
24974,106.0
24975,106.0
24976,114.0
24977,109.0
24978,102.0
24979,116.0
24980,138.0
24981,135.0
24982,114.0
24983,99.0
24984,114.0
24985,132.0
24986,106.0
24987,82.0
24988,88.0
24989,93.0
24990,91.0
24991,95.0
24992,87.0
24993,85.0
24994,65.0
24995,48.0
24996,49.0
24997,31.0
24998,32.0
24999,40.0
25000,32.0
25001,31.0
25002,39.0
25003,43.0
25004,50.0
25005,43.0
25006,44.0
25007,40.0
25008,35.0
25009,32.0
25010,27.0
25011,24.0
25012,40.0
25013,42.0
25014,38.0
25015,28.0
25016,27.0
25017,38.0
25018,51.0
25019,42.0
25020,29.0
25021,50.0
25022,60.0
25023,60.0
25024,61.0
25025,69.0
25026,79.0
25027,94.0
25028,102.0
25029,106.0
25030,102.0
25031,119.0
25032,114.0
25033,135.0
25034,116.0
25035,107.0
25036,96.0
25037,98.0
25038,104.0
25039,118.0
25040,134.0
25041,128.0
25042,103.0
25043,91.0
25044,95.0
25045,71.0
25046,71.0
25047,44.0
25048,62.0
25049,67.0
25050,105.0
25051,116.0
25052,143.0
25053,160.0
25054,127.0
25055,132.0
25056,116.0
25057,160.0
25058,122.0
25059,122.0
25060,130.0
25061,108.0
25062,112.0
25063,121.0
25064,110.0
25065,108.0
25066,83.0
25067,72.0
25068,62.0
25069,57.0
25070,46.0
25071,48.0
25072,31.0
25073,26.0
25074,22.0
25075,19.0
25076,17.0
25077,12.0
25078,12.0
25079,10.0
25080,12.0
25081,10.0
25082,7.0
25083,9.0
25084,11.0
25085,11.0
25086,11.0
25087,9.0
25088,11.0
25089,12.0
25090,17.0
25091,13.0
25092,17.0
25093,15.0
25094,15.0
25095,13.0
25096,12.0
25097,14.0
25098,11.0
25099,9.0
25100,10.0
25101,11.0
25102,13.0
25103,10.0
25104,12.0
25105,12.0
25106,13.0
25107,12.0
25108,13.0
25109,10.0
25110,14.0
25111,25.0
25112,22.0
25113,18.0
25114,26.0
25115,26.0
25116,26.0
25117,24.0
25118,26.0
25119,22.0
25120,23.0
25121,34.0
25122,43.0
25123,45.0
25124,35.0
25125,8.0
25126,6.0
25127,9.0
25128,12.0
25129,11.0
25130,8.0
25131,14.0
25132,10.0
25133,7.0
25134,7.0
25135,10.0
25136,14.0
25137,17.0
25138,15.0
25139,14.0
25140,11.0
25141,12.0
25142,12.0
25143,8.0
25144,7.0
25145,15.0
25146,11.0
25147,18.0
25148,23.0
25149,24.0
25150,24.0
25151,17.0
25152,17.0
25153,17.0
25154,14.0
25155,12.0
25156,13.0
25157,16.0
25158,15.0
25159,23.0
25160,26.0
25161,25.0
25162,31.0
25163,27.0
25164,18.0
25165,18.0
25166,26.0
25167,19.0
25168,32.0
25169,36.0
25170,49.0
25171,55.0
25172,81.0
25173,130.0
25174,144.0
25175,144.0
25176,117.0
25177,162.0
25178,200.0
25179,171.0
25180,145.0
25181,102.0
25182,85.0
25183,103.0
25184,83.0
25185,112.0
25186,146.0
25187,183.0
25188,191.0
25189,225.0
25190,227.0
25191,145.0
25192,125.0
25193,130.0
25194,122.0
25195,113.0
25196,130.0
25197,137.0
25198,137.0
25199,129.0
25200,126.0
25201,136.0
25202,159.0
25203,159.0
25204,180.0
25205,175.0
25206,170.0
25207,171.0
25208,176.0
25209,206.0
25210,252.0
25211,263.0
25212,256.0
25213,182.0
25214,10.0
25215,13.0
25216,17.0
25217,20.0
25218,25.0
25219,20.0
25220,19.0
25221,23.0
25222,18.0
25223,17.0
25224,20.0
25225,28.0
25226,27.0
25227,35.0
25228,38.0
25229,56.0
25230,57.0
25231,75.0
25232,70.0
25233,50.0
25234,51.0
25235,58.0
25236,56.0
25237,62.0
25238,64.0
25239,72.0
25240,69.0
25241,66.0
25242,57.0
25243,93.0
25244,114.0
25245,135.0
25246,157.0
25247,179.0
25248,171.0
25249,180.0
25250,189.0
25251,219.0
25252,174.0
25253,154.0
25254,167.0
25255,164.0
25256,168.0
25257,179.0
25258,164.0
25259,170.0
25260,157.0
25261,156.0
25262,156.0
25263,153.0
25264,152.0
25265,17.0
25266,13.0
25267,11.0
25268,12.0
25269,8.0
25270,7.0
25271,11.0
25272,7.0
25273,9.0
25274,10.0
25275,6.0
25276,12.0
25277,13.0
25278,14.0
25279,22.0
25280,27.0
25281,20.0
25282,22.0
25283,24.0
25284,23.0
25285,22.0
25286,31.0
25287,36.0
25288,36.0
25289,51.0
25290,67.0
25291,67.0
25292,67.0
25293,67.0
25294,67.0
25295,67.0
25296,67.0
25297,67.0
25298,67.0
25299,67.0
25300,67.0
25301,67.0
25302,67.0
25303,67.0
25304,67.0
25305,67.0
25306,67.0
25307,67.0
25308,67.0
25309,67.0
25310,67.0
25311,57.0
25312,87.0
25313,110.0
25314,132.0
25315,159.0
25316,134.0
25317,141.0
25318,153.0
25319,149.0
25320,163.0
25321,164.0
25322,248.0
25323,334.0
25324,370.0
25325,331.0
25326,293.0
25327,305.0
25328,285.0
25329,280.0
25330,235.0
25331,164.0
25332,183.0
25333,196.0
25334,218.0
25335,237.0
25336,249.0
25337,269.0
25338,277.0
25339,286.0
25340,308.0
25341,338.0
25342,350.0
25343,404.0
25344,410.0
25345,418.0
25346,431.0
25347,359.0
25348,318.0
25349,335.0
25350,236.0
25351,226.0
25352,226.0
25353,190.0
25354,84.0
25355,33.0
25356,38.0
25357,28.0
25358,23.0
25359,19.0
25360,13.0
25361,16.0
25362,13.0
25363,11.0
25364,6.0
25365,6.0
25366,11.0
25367,15.0
25368,16.0
25369,15.0
25370,15.0
25371,12.0
25372,14.0
25373,10.0
25374,21.0
25375,25.0
25376,27.0
25377,23.0
25378,27.0
25379,30.0
25380,29.0
25381,39.0
25382,43.0
25383,44.0
25384,49.0
25385,78.0
25386,85.0
25387,94.0
25388,105.0
25389,100.0
25390,95.0
25391,106.0
25392,116.0
25393,123.0
25394,131.0
25395,155.0
25396,162.0
25397,177.0
25398,148.0
25399,121.0
25400,109.0
25401,90.0
25402,84.0
25403,72.0
25404,83.0
25405,121.0
25406,141.0
25407,118.0
25408,158.0
25409,202.0
25410,204.0
25411,221.0
25412,209.0
25413,246.0
25414,315.0
25415,326.0
25416,358.0
25417,445.0
25418,413.0
25419,345.0
25420,329.0
25421,290.0
25422,248.0
25423,284.0
25424,247.0
25425,246.0
25426,109.0
25427,33.0
25428,20.0
25429,14.0
25430,11.0
25431,8.0
25432,9.0
25433,17.0
25434,20.0
25435,17.0
25436,13.0
25437,22.0
25438,32.0
25439,23.0
25440,11.0
25441,19.0
25442,19.0
25443,16.0
25444,13.0
25445,15.0
25446,15.0
25447,14.0
25448,17.0
25449,16.0
25450,11.0
25451,20.0
25452,17.0
25453,16.0
25454,23.0
25455,23.0
25456,23.0
25457,39.0
25458,34.0
25459,44.0
25460,54.0
25461,69.0
25462,90.0
25463,98.0
25464,120.0
25465,129.0
25466,130.0
25467,142.0
25468,171.0
25469,182.0
25470,184.0
25471,179.0
25472,169.0
25473,181.0
25474,204.0
25475,234.0
25476,230.0
25477,253.0
25478,244.0
25479,241.0
25480,245.0
25481,247.0
25482,276.0
25483,285.0
25484,161.0
25485,68.0
25486,73.0
25487,63.0
25488,63.0
25489,53.0
25490,37.0
25491,14.0
25492,11.0
25493,9.0
25494,9.0
25495,10.0
25496,13.0
25497,23.0
25498,16.0
25499,10.0
25500,11.0
25501,11.0
25502,13.0
25503,12.0
25504,19.0
25505,13.0
25506,18.0
25507,23.0
25508,24.0
25509,36.0
25510,43.0
25511,44.0
25512,45.0
25513,65.0
25514,145.0
25515,131.0
25516,99.0
25517,37.0
25518,97.0
25519,76.0
25520,72.0
25521,58.0
25522,40.0
25523,38.0
25524,40.0
25525,42.0
25526,41.0
25527,46.0
25528,49.0
25529,59.0
25530,80.0
25531,71.0
25532,81.0
25533,79.0
25534,122.0
25535,167.0
25536,152.0
25537,78.0
25538,42.0
25539,31.0
25540,24.0
25541,17.0
25542,13.0
25543,23.0
25544,11.0
25545,21.0
25546,18.0
25547,14.0
25548,16.0
25549,12.0
25550,9.0
25551,16.0
25552,14.0
25553,32.0
25554,19.0
25555,20.0
25556,25.0
25557,45.0
25558,51.0
25559,41.0
25560,46.0
25561,37.0
25562,48.0
25563,43.0
25564,77.0
25565,53.0
25566,57.0
25567,78.0
25568,84.0
25569,101.0
25570,117.0
25571,118.0
25572,107.0
25573,90.0
25574,78.0
25575,76.0
25576,79.0
25577,93.0
25578,97.0
25579,97.0
25580,105.0
25581,112.0
25582,119.0
25583,128.0
25584,129.0
25585,132.0
25586,151.0
25587,163.0
25588,166.0
25589,155.0
25590,185.0
25591,192.0
25592,232.0
25593,253.0
25594,292.0
25595,294.0
25596,266.0
25597,289.0
25598,305.0
25599,332.0
25600,316.0
25601,263.0
25602,277.0
25603,282.0
25604,259.0
25605,268.0
25606,313.0
25607,322.0
25608,318.0
25609,327.0
25610,315.0
25611,36.0
25612,9.0
25613,12.0
25614,12.0
25615,12.0
25616,9.0
25617,14.0
25618,15.0
25619,20.0
25620,18.0
25621,16.0
25622,14.0
25623,15.0
25624,11.0
25625,14.0
25626,20.0
25627,23.0
25628,27.0
25629,38.0
25630,40.0
25631,36.0
25632,54.0
25633,61.0
25634,59.0
25635,71.0
25636,102.0
25637,100.0
25638,99.0
25639,82.0
25640,95.0
25641,71.0
25642,91.0
25643,95.0
25644,109.0
25645,113.0
25646,125.0
25647,138.0
25648,128.0
25649,138.0
25650,149.0
25651,123.0
25652,78.0
25653,50.0
25654,39.0
25655,34.0
25656,35.0
25657,22.0
25658,13.0
25659,9.0
25660,9.0
25661,8.0
25662,7.0
25663,9.0
25664,9.0
25665,9.0
25666,11.0
25667,9.0
25668,15.0
25669,12.0
25670,10.0
25671,7.0
25672,9.0
25673,10.0
25674,9.0
25675,14.0
25676,17.0
25677,25.0
25678,29.0
25679,26.0
25680,44.0
25681,43.0
25682,28.0
25683,47.0
25684,49.0
25685,48.0
25686,39.0
25687,41.0
25688,42.0
25689,99.0
25690,83.0
25691,44.0
25692,44.0
25693,37.0
25694,39.0
25695,54.0
25696,78.0
25697,95.0
25698,106.0
25699,155.0
25700,144.0
25701,137.0
25702,158.0
25703,149.0
25704,149.0
25705,114.0
25706,84.0
25707,61.0
25708,51.0
25709,40.0
25710,31.0
25711,36.0
25712,35.0
25713,44.0
25714,44.0
25715,46.0
25716,50.0
25717,95.0
25718,85.0
25719,97.0
25720,102.0
25721,61.0
25722,16.0
25723,18.0
25724,9.0
25725,9.0
25726,10.0
25727,16.0
25728,13.0
25729,9.0
25730,9.0
25731,8.0
25732,7.0
25733,10.0
25734,11.0
25735,14.0
25736,16.0
25737,16.0
25738,14.0
25739,16.0
25740,14.0
25741,17.0
25742,14.0
25743,14.0
25744,13.0
25745,13.0
25746,14.0
25747,15.0
25748,14.0
25749,13.0
25750,16.0
25751,15.0
25752,17.0
25753,13.0
25754,14.0
25755,10.0
25756,13.0
25757,13.0
25758,16.0
25759,15.0
25760,15.0
25761,19.0
25762,17.0
25763,18.0
25764,21.0
25765,20.0
25766,14.0
25767,16.0
25768,21.0
25769,27.0
25770,28.0
25771,43.0
25772,51.0
25773,48.0
25774,35.0
25775,37.0
25776,30.0
25777,22.0
25778,29.0
25779,21.0
25780,27.0
25781,25.0
25782,38.0
25783,59.0
25784,102.0
25785,78.0
25786,68.0
25787,62.0
25788,75.0
25789,82.0
25790,96.0
25791,92.0
25792,80.0
25793,97.0
25794,104.0
25795,122.0
25796,117.0
25797,120.0
25798,129.0
25799,179.0
25800,165.0
25801,200.0
25802,211.0
25803,146.0
25804,107.0
25805,116.0
25806,125.0
25807,148.0
25808,95.0
25809,101.0
25810,73.0
25811,107.0
25812,114.0
25813,115.0
25814,111.0
25815,122.0
25816,167.0
25817,179.0
25818,146.0
25819,146.0
25820,139.0
25821,126.0
25822,151.0
25823,154.0
25824,142.0
25825,140.0
25826,180.0
25827,205.0
25828,200.0
25829,184.0
25830,172.0
25831,149.0
25832,154.0
25833,121.0
25834,187.0
25835,139.0
25836,111.0
25837,110.0
25838,121.0
25839,284.0
25840,277.0
25841,289.0
25842,281.0
25843,277.0
25844,287.0
25845,290.0
25846,259.0
25847,268.0
25848,274.0
25849,281.0
25850,255.0
25851,243.0
25852,247.0
25853,258.0
25854,259.0
25855,235.0
25856,214.0
25857,203.0
25858,187.0
25859,185.0
25860,186.0
25861,196.0
25862,204.0
25863,208.0
25864,203.0
25865,197.0
25866,202.0
25867,206.0
25868,212.0
25869,205.0
25870,217.0
25871,205.0
25872,203.0
25873,199.0
25874,201.0
25875,184.0
25876,175.0
25877,191.0
25878,196.0
25879,200.0
25880,219.0
25881,241.0
25882,240.0
25883,231.0
25884,213.0
25885,210.0
25886,197.0
25887,204.0
25888,195.0
25889,199.0
25890,207.0
25891,211.0
25892,225.0
25893,232.0
25894,221.0
25895,192.0
25896,256.0
25897,222.0
25898,215.0
25899,209.0
25900,227.0
25901,222.0
25902,197.0
25903,186.0
25904,172.0
25905,226.0
25906,324.0
25907,276.0
25908,305.0
25909,322.0
25910,284.0
25911,271.0
25912,260.0
25913,290.0
25914,323.0
25915,348.0
25916,343.0
25917,309.0
25918,299.0
25919,335.0
25920,284.0
25921,262.0
25922,251.0
25923,243.0
25924,218.0
25925,124.0
25926,96.0
25927,91.0
25928,76.0
25929,71.0
25930,76.0
25931,69.0
25932,70.0
25933,72.0
25934,78.0
25935,85.0
25936,94.0
25937,101.0
25938,112.0
25939,115.0
25940,138.0
25941,155.0
25942,141.0
25943,147.0
25944,138.0
25945,86.0
25946,28.0
25947,19.0
25948,20.0
25949,21.0
25950,20.0
25951,17.0
25952,16.0
25953,14.0
25954,13.0
25955,18.0
25956,19.0
25957,16.0
25958,19.0
25959,22.0
25960,20.0
25961,22.0
25962,22.0
25963,17.0
25964,20.0
25965,24.0
25966,23.0
25967,17.0
25968,18.0
25969,22.0
25970,16.0
25971,18.0
25972,17.0
25973,13.0
25974,21.0
25975,17.0
25976,37.0
25977,24.0
25978,31.0
25979,25.0
25980,29.0
25981,24.0
25982,25.0
25983,35.0
25984,53.0
25985,69.0
25986,62.0
25987,78.0
25988,81.0
25989,90.0
25990,85.0
25991,93.0
25992,114.0
25993,124.0
25994,138.0
25995,166.0
25996,176.0
25997,174.0
25998,199.0
25999,172.0
26000,158.0
26001,142.0
26002,152.0
26003,168.0
26004,186.0
26005,203.0
26006,209.0
26007,215.0
26008,236.0
26009,245.0
26010,258.0
26011,290.0
26012,256.0
26013,290.0
26014,241.0
26015,244.0
26016,244.0
26017,240.0
26018,217.0
26019,244.0
26020,267.0
26021,235.0
26022,235.0
26023,244.0
26024,187.0
26025,169.0
26026,175.0
26027,208.0
26028,244.0
26029,251.0
26030,246.0
26031,273.0
26032,308.0
26033,276.0
26034,229.0
26035,218.0
26036,229.0
26037,259.0
26038,314.0
26039,315.0
26040,380.0
26041,355.0
26042,323.0
26043,303.0
26044,289.0
26045,299.0
26046,280.0
26047,280.0
26048,80.0
26049,35.0
26050,29.0
26051,27.0
26052,18.0
26053,29.0
26054,22.0
26055,19.0
26056,20.0
26057,23.0
26058,24.0
26059,19.0
26060,19.0
26061,15.0
26062,21.0
26063,16.0
26064,17.0
26065,21.0
26066,13.0
26067,22.0
26068,21.0
26069,19.0
26070,25.0
26071,31.0
26072,23.0
26073,22.0
26074,25.0
26075,36.0
26076,38.0
26077,32.0
26078,32.0
26079,34.0
26080,33.0
26081,30.0
26082,23.0
26083,24.0
26084,21.0
26085,15.0
26086,12.0
26087,12.0
26088,10.0
26089,15.0
26090,13.0
26091,9.0
26092,12.0
26093,12.0
26094,12.0
26095,12.0
26096,12.0
26097,12.0
26098,12.0
26099,12.0
26100,12.0
26101,12.0
26102,12.0
26103,12.0
26104,12.0
26105,12.0
26106,12.0
26107,12.0
26108,12.0
26109,12.0
26110,12.0
26111,12.0
26112,12.0
26113,12.0
26114,12.0
26115,12.0
26116,12.0
26117,12.0
26118,12.0
26119,12.0
26120,12.0
26121,12.0
26122,12.0
26123,12.0
26124,12.0
26125,12.0
26126,12.0
26127,12.0
26128,12.0
26129,12.0
26130,12.0
26131,12.0
26132,12.0
26133,12.0
26134,12.0
26135,12.0
26136,12.0
26137,12.0
26138,12.0
26139,12.0
26140,12.0
26141,12.0
26142,12.0
26143,12.0
26144,12.0
26145,12.0
26146,12.0
26147,12.0
26148,12.0
26149,12.0
26150,12.0
26151,12.0
26152,12.0
26153,12.0
26154,12.0
26155,12.0
26156,12.0
26157,12.0
26158,12.0
26159,12.0
26160,12.0
26161,12.0
26162,12.0
26163,12.0
26164,12.0
26165,12.0
26166,12.0
26167,12.0
26168,12.0
26169,12.0
26170,12.0
26171,12.0
26172,12.0
26173,12.0
26174,12.0
26175,12.0
26176,12.0
26177,12.0
26178,12.0
26179,12.0
26180,12.0
26181,12.0
26182,12.0
26183,12.0
26184,12.0
26185,12.0
26186,12.0
26187,12.0
26188,12.0
26189,12.0
26190,12.0
26191,12.0
26192,12.0
26193,12.0
26194,12.0
26195,12.0
26196,12.0
26197,12.0
26198,12.0
26199,12.0
26200,12.0
26201,12.0
26202,12.0
26203,12.0
26204,12.0
26205,12.0
26206,12.0
26207,12.0
26208,12.0
26209,12.0
26210,12.0
26211,12.0
26212,12.0
26213,12.0
26214,12.0
26215,12.0
26216,12.0
26217,12.0
26218,12.0
26219,12.0
26220,205.0
26221,215.0
26222,219.0
26223,217.0
26224,270.0
26225,269.0
26226,254.0
26227,241.0
26228,191.0
26229,249.0
26230,288.0
26231,284.0
26232,248.0
26233,164.0
26234,71.0
26235,16.0
26236,15.0
26237,14.0
26238,16.0
26239,16.0
26240,16.0
26241,17.0
26242,17.0
26243,16.0
26244,15.0
26245,13.0
26246,12.0
26247,11.0
26248,8.0
26249,20.0
26250,14.0
26251,18.0
26252,15.0
26253,13.0
26254,12.0
26255,9.0
26256,11.0
26257,11.0
26258,16.0
26259,11.0
26260,11.0
26261,14.0
26262,14.0
26263,18.0
26264,18.0
26265,16.0
26266,17.0
26267,16.0
26268,16.0
26269,17.0
26270,16.0
26271,16.0
26272,13.0
26273,11.0
26274,19.0
26275,19.0
26276,23.0
26277,26.0
26278,82.0
26279,97.0
26280,95.0
26281,131.0
26282,147.0
26283,153.0
26284,109.0
26285,71.0
26286,65.0
26287,56.0
26288,52.0
26289,53.0
26290,51.0
26291,73.0
26292,90.0
26293,87.0
26294,87.0
26295,54.0
26296,78.0
26297,103.0
26298,104.0
26299,131.0
26300,113.0
26301,45.0
26302,39.0
26303,35.0
26304,31.0
26305,32.0
26306,21.0
26307,16.0
26308,15.0
26309,9.0
26310,9.0
26311,7.0
26312,14.0
26313,11.0
26314,9.0
26315,10.0
26316,16.0
26317,17.0
26318,15.0
26319,13.0
26320,16.0
26321,15.0
26322,20.0
26323,17.0
26324,16.0
26325,19.0
26326,13.0
26327,19.0
26328,15.0
26329,19.0
26330,16.0
26331,17.0
26332,17.0
26333,17.0
26334,15.0
26335,13.0
26336,15.0
26337,15.0
26338,16.0
26339,13.0
26340,19.0
26341,20.0
26342,19.0
26343,19.0
26344,25.0
26345,22.0
26346,25.0
26347,20.0
26348,19.0
26349,21.0
26350,27.0
26351,23.0
26352,21.0
26353,20.0
26354,18.0
26355,20.0
26356,20.0
26357,13.0
26358,13.0
26359,17.0
26360,22.0
26361,29.0
26362,26.0
26363,26.0
26364,18.0
26365,20.0
26366,26.0
26367,24.0
26368,18.0
26369,25.0
26370,34.0
26371,37.0
26372,36.0
26373,42.0
26374,40.0
26375,37.0
26376,33.0
26377,35.0
26378,58.0
26379,56.0
26380,62.0
26381,37.0
26382,37.0
26383,41.0
26384,41.0
26385,39.0
26386,48.0
26387,59.0
26388,63.0
26389,74.0
26390,69.0
26391,79.0
26392,89.0
26393,94.0
26394,113.0
26395,132.0
26396,186.0
26397,205.0
26398,204.0
26399,198.0
26400,176.0
26401,111.0
26402,140.0
26403,78.0
26404,30.0
26405,31.0
26406,34.0
26407,29.0
26408,40.0
26409,43.0
26410,43.0
26411,39.0
26412,38.0
26413,37.0
26414,37.0
26415,36.0
26416,41.0
26417,49.0
26418,69.0
26419,86.0
26420,73.0
26421,64.0
26422,72.0
26423,72.0
26424,49.0
26425,48.0
26426,34.0
26427,40.0
26428,39.0
26429,30.0
26430,32.0
26431,41.0
26432,45.0
26433,61.0
26434,50.0
26435,65.0
26436,70.0
26437,78.0
26438,108.0
26439,142.0
26440,193.0
26441,204.0
26442,266.0
26443,335.0
26444,392.0
26445,413.0
26446,339.0
26447,285.0
26448,236.0
26449,173.0
26450,159.0
26451,128.0
26452,99.0
26453,89.0
26454,88.0
26455,84.0
26456,71.0
26457,76.0
26458,78.0
26459,89.0
26460,102.0
26461,113.0
26462,134.0
26463,33.0
26464,133.0
26465,150.0
26466,164.0
26467,194.0
26468,233.0
26469,250.0
26470,299.0
26471,333.0
26472,357.0
26473,390.0
26474,326.0
26475,402.0
26476,365.0
26477,257.0
26478,135.0
26479,159.0
26480,170.0
26481,36.0
26482,19.0
26483,20.0
26484,18.0
26485,19.0
26486,14.0
26487,11.0
26488,16.0
26489,19.0
26490,18.0
26491,21.0
26492,21.0
26493,17.0
26494,19.0
26495,23.0
26496,29.0
26497,22.0
26498,18.0
26499,24.0
26500,22.0
26501,17.0
26502,27.0
26503,44.0
26504,46.0
26505,35.0
26506,48.0
26507,59.0
26508,69.0
26509,72.0
26510,59.0
26511,57.0
26512,67.0
26513,75.0
26514,15.0
26515,38.0
26516,41.0
26517,63.0
26518,234.0
26519,305.0
26520,304.0
26521,303.0
26522,221.0
26523,179.0
26524,162.0
26525,111.0
26526,114.0
26527,81.0
26528,56.0
26529,63.0
26530,79.0
26531,84.0
26532,97.0
26533,111.0
26534,167.0
26535,279.0
26536,395.0
26537,449.0
26538,389.0
26539,421.0
26540,486.0
26541,486.0
26542,488.0
26543,434.0
26544,425.0
26545,418.0
26546,416.0
26547,402.0
26548,429.0
26549,408.0
26550,456.0
26551,434.0
26552,391.0
26553,377.0
26554,377.0
26555,361.0
26556,343.0
26557,356.0
26558,353.0
26559,340.0
26560,146.0
26561,216.0
26562,291.0
26563,325.0
26564,292.0
26565,371.0
26566,369.0
26567,374.0
26568,391.0
26569,442.0
26570,425.0
26571,442.0
26572,287.0
26573,275.0
26574,174.0
26575,278.0
26576,278.0
26577,319.0
26578,383.0
26579,472.0
26580,458.0
26581,529.0
26582,802.0
26583,845.0
26584,810.0
26585,776.0
26586,824.0
26587,886.0
26588,852.0
26589,858.0
26590,805.0
26591,744.0
26592,731.0
26593,722.0
26594,684.0
26595,651.0
26596,673.0
26597,584.0
26598,475.0
26599,341.0
26600,288.0
26601,266.0
26602,236.0
26603,295.0
26604,419.0
26605,419.0
26606,323.0
26607,326.0
26608,325.0
26609,334.0
26610,343.0
26611,333.0
26612,311.0
26613,304.0
26614,301.0
26615,309.0
26616,298.0
26617,362.0
26618,523.0
26619,468.0
26620,447.0
26621,328.0
26622,308.0
26623,358.0
26624,296.0
26625,257.0
26626,291.0
26627,335.0
26628,345.0
26629,307.0
26630,271.0
26631,267.0
26632,277.0
26633,278.0
26634,285.0
26635,282.0
26636,217.0
26637,169.0
26638,68.0
26639,151.0
26640,66.0
26641,58.0
26642,61.0
26643,61.0
26644,71.0
26645,79.0
26646,74.0
26647,71.0
26648,80.0
26649,79.0
26650,69.0
26651,90.0
26652,109.0
26653,120.0
26654,120.0
26655,132.0
26656,134.0
26657,155.0
26658,166.0
26659,183.0
26660,181.0
26661,201.0
26662,227.0
26663,177.0
26664,189.0
26665,189.0
26666,76.0
26667,46.0
26668,38.0
26669,35.0
26670,25.0
26671,82.0
26672,245.0
26673,269.0
26674,240.0
26675,194.0
26676,169.0
26677,53.0
26678,39.0
26679,45.0
26680,61.0
26681,227.0
26682,219.0
26683,193.0
26684,47.0
26685,26.0
26686,28.0
26687,30.0
26688,25.0
26689,24.0
26690,26.0
26691,19.0
26692,35.0
26693,37.0
26694,34.0
26695,33.0
26696,33.0
26697,34.0
26698,38.0
26699,38.0
26700,41.0
26701,37.0
26702,45.0
26703,71.0
26704,92.0
26705,78.0
26706,86.0
26707,107.0
26708,167.0
26709,208.0
26710,226.0
26711,285.0
26712,283.0
26713,214.0
26714,193.0
26715,231.0
26716,213.0
26717,180.0
26718,149.0
26719,86.0
26720,82.0
26721,87.0
26722,94.0
26723,122.0
26724,138.0
26725,138.0
26726,176.0
26727,450.0
26728,372.0
26729,358.0
26730,448.0
26731,485.0
26732,557.0
26733,573.0
26734,603.0
26735,412.0
26736,300.0
26737,312.0
26738,253.0
26739,285.0
26740,277.0
26741,236.0
26742,157.0
26743,237.0
26744,290.0
26745,371.0
26746,353.0
26747,227.0
26748,201.0
26749,98.0
26750,76.0
26751,71.0
26752,73.0
26753,85.0
26754,100.0
26755,115.0
26756,128.0
26757,141.0
26758,72.0
26759,88.0
26760,91.0
26761,69.0
26762,59.0
26763,53.0
26764,57.0
26765,64.0
26766,78.0
26767,87.0
26768,88.0
26769,80.0
26770,84.0
26771,100.0
26772,129.0
26773,128.0
26774,114.0
26775,110.0
26776,122.0
26777,142.0
26778,150.0
26779,138.0
26780,156.0
26781,145.0
26782,169.0
26783,161.0
26784,160.0
26785,156.0
26786,198.0
26787,188.0
26788,176.0
26789,187.0
26790,154.0
26791,179.0
26792,198.0
26793,159.0
26794,164.0
26795,156.0
26796,144.0
26797,104.0
26798,88.0
26799,72.0
26800,93.0
26801,98.0
26802,114.0
26803,184.0
26804,162.0
26805,179.0
26806,131.0
26807,104.0
26808,84.0
26809,88.0
26810,60.0
26811,45.0
26812,38.0
26813,37.0
26814,40.0
26815,52.0
26816,46.0
26817,48.0
26818,55.0
26819,46.0
26820,111.0
26821,127.0
26822,326.0
26823,382.0
26824,352.0
26825,366.0
26826,396.0
26827,398.0
26828,374.0
26829,412.0
26830,437.0
26831,453.0
26832,439.0
26833,439.0
26834,437.0
26835,411.0
26836,424.0
26837,417.0
26838,422.0
26839,394.0
26840,388.0
26841,401.0
26842,402.0
26843,396.0
26844,395.0
26845,392.0
26846,359.0
26847,301.0
26848,273.0
26849,297.0
26850,321.0
26851,336.0
26852,399.0
26853,378.0
26854,398.0
26855,255.0
26856,29.0
26857,17.0
26858,18.0
26859,11.0
26860,16.0
26861,12.0
26862,13.0
26863,14.0
26864,20.0
26865,29.0
26866,32.0
26867,12.0
26868,16.0
26869,17.0
26870,13.0
26871,16.0
26872,14.0
26873,10.0
26874,23.0
26875,30.0
26876,27.0
26877,23.0
26878,27.0
26879,27.0
26880,31.0
26881,47.0
26882,46.0
26883,42.0
26884,47.0
26885,64.0
26886,68.0
26887,48.0
26888,40.0
26889,50.0
26890,55.0
26891,53.0
26892,65.0
26893,71.0
26894,84.0
26895,78.0
26896,73.0
26897,84.0
26898,109.0
26899,130.0
26900,113.0
26901,118.0
26902,124.0
26903,135.0
26904,174.0
26905,161.0
26906,186.0
26907,189.0
26908,169.0
26909,155.0
26910,138.0
26911,126.0
26912,124.0
26913,96.0
26914,94.0
26915,122.0
26916,156.0
26917,198.0
26918,162.0
26919,162.0
26920,172.0
26921,195.0
26922,177.0
26923,174.0
26924,165.0
26925,170.0
26926,179.0
26927,229.0
26928,307.0
26929,347.0
26930,318.0
26931,293.0
26932,258.0
26933,284.0
26934,312.0
26935,310.0
26936,261.0
26937,387.0
26938,340.0
26939,306.0
26940,321.0
26941,322.0
26942,313.0
26943,320.0
26944,288.0
26945,300.0
26946,314.0
26947,317.0
26948,329.0
26949,306.0
26950,318.0
26951,340.0
26952,359.0
26953,362.0
26954,369.0
26955,364.0
26956,364.0
26957,357.0
26958,362.0
26959,369.0
26960,348.0
26961,348.0
26962,357.0
26963,367.0
26964,384.0
26965,394.0
26966,409.0
26967,496.0
26968,490.0
26969,459.0
26970,446.0
26971,444.0
26972,443.0
26973,444.0
26974,510.0
26975,508.0
26976,490.0
26977,472.0
26978,451.0
26979,448.0
26980,406.0
26981,526.0
26982,460.0
26983,438.0
26984,425.0
26985,462.0
26986,493.0
26987,484.0
26988,463.0
26989,476.0
26990,445.0
26991,441.0
26992,436.0
26993,411.0
26994,389.0
26995,357.0
26996,345.0
26997,335.0
26998,322.0
26999,316.0
27000,315.0
27001,304.0
27002,282.0
27003,260.0
27004,266.0
27005,278.0
27006,273.0
27007,275.0
27008,287.0
27009,302.0
27010,299.0
27011,297.0
27012,286.0
27013,297.0
27014,288.0
27015,281.0
27016,251.0
27017,248.0
27018,222.0
27019,199.0
27020,265.0
27021,288.0
27022,296.0
27023,311.0
27024,276.0
27025,259.0
27026,205.0
27027,181.0
27028,213.0
27029,208.0
27030,206.0
27031,183.0
27032,178.0
27033,178.0
27034,169.0
27035,177.0
27036,174.0
27037,172.0
27038,157.0
27039,143.0
27040,147.0
27041,136.0
27042,144.0
27043,146.0
27044,149.0
27045,129.0
27046,111.0
27047,123.0
27048,155.0
27049,134.0
27050,98.0
27051,53.0
27052,26.0
27053,15.0
27054,21.0
27055,29.0
27056,14.0
27057,18.0
27058,20.0
27059,24.0
27060,22.0
27061,19.0
27062,21.0
27063,15.0
27064,16.0
27065,22.0
27066,23.0
27067,27.0
27068,21.0
27069,9.0
27070,14.0
27071,14.0
27072,10.0
27073,9.0
27074,16.0
27075,16.0
27076,15.0
27077,19.0
27078,17.0
27079,38.0
27080,32.0
27081,46.0
27082,50.0
27083,52.0
27084,55.0
27085,51.0
27086,63.0
27087,55.0
27088,57.0
27089,59.0
27090,66.0
27091,81.0
27092,84.0
27093,83.0
27094,90.0
27095,114.0
27096,129.0
27097,150.0
27098,161.0
27099,166.0
27100,191.0
27101,135.0
27102,126.0
27103,126.0
27104,138.0
27105,165.0
27106,181.0
27107,194.0
27108,201.0
27109,202.0
27110,223.0
27111,228.0
27112,227.0
27113,227.0
27114,232.0
27115,219.0
27116,239.0
27117,233.0
27118,225.0
27119,215.0
27120,217.0
27121,100.0
27122,25.0
27123,12.0
27124,16.0
27125,14.0
27126,20.0
27127,12.0
27128,18.0
27129,15.0
27130,18.0
27131,21.0
27132,17.0
27133,19.0
27134,21.0
27135,22.0
27136,27.0
27137,29.0
27138,27.0
27139,31.0
27140,32.0
27141,29.0
27142,65.0
27143,94.0
27144,77.0
27145,60.0
27146,52.0
27147,49.0
27148,50.0
27149,57.0
27150,72.0
27151,85.0
27152,89.0
27153,85.0
27154,80.0
27155,82.0
27156,90.0
27157,89.0
27158,90.0
27159,96.0
27160,99.0
27161,105.0
27162,115.0
27163,128.0
27164,136.0
27165,148.0
27166,152.0
27167,156.0
27168,192.0
27169,214.0
27170,234.0
27171,229.0
27172,212.0
27173,208.0
27174,227.0
27175,220.0
27176,203.0
27177,188.0
27178,11.0
27179,9.0
27180,9.0
27181,9.0
27182,6.0
27183,10.0
27184,8.0
27185,5.0
27186,8.0
27187,9.0
27188,12.0
27189,9.0
27190,9.0
27191,9.0
27192,7.0
27193,7.0
27194,7.0
27195,6.0
27196,9.0
27197,8.0
27198,11.0
27199,11.0
27200,8.0
27201,10.0
27202,10.0
27203,15.0
27204,13.0
27205,11.0
27206,10.0
27207,9.0
27208,12.0
27209,18.0
27210,24.0
27211,18.0
27212,18.0
27213,20.0
27214,27.0
27215,15.0
27216,10.0
27217,12.0
27218,9.0
27219,13.0
27220,11.0
27221,10.0
27222,15.0
27223,19.0
27224,26.0
27225,26.0
27226,15.0
27227,26.0
27228,48.0
27229,64.0
27230,56.0
27231,57.0
27232,66.0
27233,106.0
27234,166.0
27235,174.0
27236,152.0
27237,144.0
27238,115.0
27239,108.0
27240,111.0
27241,111.0
27242,125.0
27243,128.0
27244,156.0
27245,168.0
27246,175.0
27247,172.0
27248,192.0
27249,185.0
27250,184.0
27251,172.0
27252,167.0
27253,155.0
27254,163.0
27255,156.0
27256,161.0
27257,175.0
27258,210.0
27259,282.0
27260,428.0
27261,512.0
27262,167.0
27263,71.0
27264,419.0
27265,209.0
27266,185.0
27267,78.0
27268,23.0
27269,17.0
27270,10.0
27271,17.0
27272,20.0
27273,25.0
27274,20.0
27275,16.0
27276,20.0
27277,14.0
27278,13.0
27279,16.0
27280,16.0
27281,14.0
27282,23.0
27283,31.0
27284,58.0
27285,67.0
27286,70.0
27287,55.0
27288,36.0
27289,21.0
27290,20.0
27291,21.0
27292,17.0
27293,41.0
27294,46.0
27295,23.0
27296,24.0
27297,36.0
27298,43.0
27299,59.0
27300,77.0
27301,93.0
27302,103.0
27303,100.0
27304,87.0
27305,107.0
27306,124.0
27307,121.0
27308,113.0
27309,113.0
27310,75.0
27311,67.0
27312,68.0
27313,78.0
27314,145.0
27315,129.0
27316,132.0
27317,130.0
27318,138.0
27319,133.0
27320,70.0
27321,83.0
27322,38.0
27323,94.0
27324,78.0
27325,101.0
27326,71.0
27327,71.0
27328,115.0
27329,123.0
27330,163.0
27331,162.0
27332,167.0
27333,183.0
27334,190.0
27335,197.0
27336,229.0
27337,246.0
27338,263.0
27339,267.0
27340,282.0
27341,290.0
27342,304.0
27343,307.0
27344,326.0
27345,352.0
27346,341.0
27347,344.0
27348,365.0
27349,348.0
27350,330.0
27351,334.0
27352,320.0
27353,292.0
27354,312.0
27355,296.0
27356,293.0
27357,344.0
27358,384.0
27359,392.0
27360,374.0
27361,208.0
27362,143.0
27363,38.0
27364,15.0
27365,9.0
27366,11.0
27367,13.0
27368,13.0
27369,15.0
27370,11.0
27371,9.0
27372,7.0
27373,9.0
27374,14.0
27375,18.0
27376,16.0
27377,21.0
27378,22.0
27379,54.0
27380,126.0
27381,237.0
27382,197.0
27383,48.0
27384,17.0
27385,12.0
27386,15.0
27387,16.0
27388,17.0
27389,14.0
27390,12.0
27391,16.0
27392,16.0
27393,11.0
27394,26.0
27395,27.0
27396,47.0
27397,75.0
27398,66.0
27399,54.0
27400,59.0
27401,69.0
27402,63.0
27403,57.0
27404,66.0
27405,75.0
27406,77.0
27407,66.0
27408,87.0
27409,96.0
27410,75.0
27411,80.0
27412,78.0
27413,81.0
27414,86.0
27415,112.0
27416,97.0
27417,118.0
27418,121.0
27419,135.0
27420,139.0
27421,144.0
27422,149.0
27423,159.0
27424,167.0
27425,167.0
27426,192.0
27427,208.0
27428,227.0
27429,241.0
27430,259.0
27431,271.0
27432,281.0
27433,296.0
27434,220.0
27435,255.0
27436,253.0
27437,247.0
27438,274.0
27439,276.0
27440,231.0
27441,215.0
27442,167.0
27443,74.0
27444,22.0
27445,14.0
27446,13.0
27447,12.0
27448,11.0
27449,10.0
27450,12.0
27451,20.0
27452,8.0
27453,21.0
27454,26.0
27455,19.0
27456,14.0
27457,14.0
27458,10.0
27459,10.0
27460,11.0
27461,12.0
27462,15.0
27463,13.0
27464,16.0
27465,15.0
27466,18.0
27467,19.0
27468,23.0
27469,34.0
27470,31.0
27471,38.0
27472,41.0
27473,52.0
27474,52.0
27475,46.0
27476,13.0
27477,22.0
27478,9.0
27479,9.0
27480,6.0
27481,5.0
27482,8.0
27483,8.0
27484,12.0
27485,9.0
27486,9.0
27487,11.0
27488,13.0
27489,24.0
27490,14.0
27491,18.0
27492,30.0
27493,31.0
27494,41.0
27495,39.0
27496,42.0
27497,45.0
27498,57.0
27499,62.0
27500,72.0
27501,68.0
27502,90.0
27503,77.0
27504,73.0
27505,73.0
27506,63.0
27507,65.0
27508,81.0
27509,104.0
27510,109.0
27511,140.0
27512,133.0
27513,126.0
27514,129.0
27515,117.0
27516,126.0
27517,107.0
27518,68.0
27519,8.0
27520,12.0
27521,42.0
27522,58.0
27523,67.0
27524,77.0
27525,68.0
27526,76.0
27527,80.0
27528,67.0
27529,66.0
27530,175.0
27531,159.0
27532,147.0
27533,153.0
27534,153.0
27535,162.0
27536,171.0
27537,186.0
27538,191.0
27539,200.0
27540,212.0
27541,222.0
27542,237.0
27543,250.0
27544,264.0
27545,271.0
27546,268.0
27547,278.0
27548,285.0
27549,316.0
27550,332.0
27551,339.0
27552,322.0
27553,321.0
27554,266.0
27555,219.0
27556,222.0
27557,259.0
27558,28.0
27559,8.0
27560,10.0
27561,9.0
27562,10.0
27563,14.0
27564,11.0
27565,10.0
27566,14.0
27567,10.0
27568,9.0
27569,17.0
27570,30.0
27571,31.0
27572,41.0
27573,38.0
27574,49.0
27575,94.0
27576,116.0
27577,114.0
27578,120.0
27579,113.0
27580,90.0
27581,73.0
27582,63.0
27583,54.0
27584,55.0
27585,58.0
27586,61.0
27587,76.0
27588,78.0
27589,88.0
27590,116.0
27591,144.0
27592,163.0
27593,164.0
27594,185.0
27595,243.0
27596,256.0
27597,356.0
27598,364.0
27599,426.0
27600,397.0
27601,417.0
27602,372.0
27603,318.0
27604,287.0
27605,245.0
27606,266.0
27607,270.0
27608,282.0
27609,284.0
27610,319.0
27611,347.0
27612,337.0
27613,320.0
27614,323.0
27615,318.0
27616,313.0
27617,316.0
27618,313.0
27619,404.0
27620,532.0
27621,386.0
27622,383.0
27623,240.0
27624,226.0
27625,222.0
27626,202.0
27627,207.0
27628,200.0
27629,183.0
27630,176.0
27631,153.0
27632,150.0
27633,137.0
27634,111.0
27635,118.0
27636,118.0
27637,128.0
27638,143.0
27639,153.0
27640,158.0
27641,153.0
27642,143.0
27643,146.0
27644,144.0
27645,148.0
27646,153.0
27647,155.0
27648,153.0
27649,153.0
27650,148.0
27651,152.0
27652,163.0
27653,155.0
27654,175.0
27655,143.0
27656,155.0
27657,172.0
27658,173.0
27659,190.0
27660,200.0
27661,208.0
27662,198.0
27663,196.0
27664,213.0
27665,206.0
27666,244.0
27667,289.0
27668,341.0
27669,370.0
27670,382.0
27671,415.0
27672,414.0
27673,415.0
27674,408.0
27675,414.0
27676,403.0
27677,395.0
27678,394.0
27679,330.0
27680,247.0
27681,188.0
27682,129.0
27683,63.0
27684,49.0
27685,32.0
27686,25.0
27687,23.0
27688,27.0
27689,277.0
27690,273.0
27691,241.0
27692,259.0
27693,259.0
27694,265.0
27695,367.0
27696,392.0
27697,400.0
27698,441.0
27699,466.0
27700,485.0
27701,525.0
27702,502.0
27703,449.0
27704,469.0
27705,510.0
27706,229.0
27707,111.0
27708,95.0
27709,89.0
27710,39.0
27711,20.0
27712,17.0
27713,13.0
27714,11.0
27715,12.0
27716,8.0
27717,6.0
27718,9.0
27719,9.0
27720,7.0
27721,5.0
27722,6.0
27723,4.0
27724,8.0
27725,9.0
27726,9.0
27727,12.0
27728,10.0
27729,11.0
27730,12.0
27731,11.0
27732,11.0
27733,9.0
27734,9.0
27735,8.0
27736,9.0
27737,10.0
27738,13.0
27739,13.0
27740,17.0
27741,27.0
27742,12.0
27743,10.0
27744,11.0
27745,8.0
27746,10.0
27747,9.0
27748,10.0
27749,12.0
27750,19.0
27751,18.0
27752,18.0
27753,17.0
27754,24.0
27755,33.0
27756,43.0
27757,39.0
27758,42.0
27759,56.0
27760,59.0
27761,67.0
27762,66.0
27763,81.0
27764,100.0
27765,120.0
27766,153.0
27767,157.0
27768,161.0
27769,145.0
27770,113.0
27771,119.0
27772,133.0
27773,134.0
27774,138.0
27775,123.0
27776,100.0
27777,110.0
27778,117.0
27779,115.0
27780,110.0
27781,38.0
27782,19.0
27783,25.0
27784,50.0
27785,55.0
27786,143.0
27787,162.0
27788,86.0
27789,73.0
27790,86.0
27791,69.0
27792,24.0
27793,5.0
27794,4.0
27795,5.0
27796,7.0
27797,7.0
27798,9.0
27799,17.0
27800,16.0
27801,16.0
27802,13.0
27803,14.0
27804,10.0
27805,10.0
27806,13.0
27807,17.0
27808,23.0
27809,25.0
27810,36.0
27811,47.0
27812,54.0
27813,60.0
27814,78.0
27815,80.0
27816,98.0
27817,101.0
27818,115.0
27819,129.0
27820,116.0
27821,116.0
27822,126.0
27823,130.0
27824,150.0
27825,163.0
27826,172.0
27827,192.0
27828,181.0
27829,187.0
27830,204.0
27831,218.0
27832,222.0
27833,208.0
27834,225.0
27835,235.0
27836,263.0
27837,274.0
27838,275.0
27839,302.0
27840,225.0
27841,220.0
27842,207.0
27843,202.0
27844,200.0
27845,206.0
27846,202.0
27847,203.0
27848,196.0
27849,188.0
27850,187.0
27851,204.0
27852,233.0
27853,259.0
27854,267.0
27855,246.0
27856,247.0
27857,257.0
27858,238.0
27859,257.0
27860,257.0
27861,249.0
27862,245.0
27863,242.0
27864,239.0
27865,240.0
27866,238.0
27867,338.0
27868,334.0
27869,344.0
27870,351.0
27871,331.0
27872,327.0
27873,306.0
27874,289.0
27875,363.0
27876,306.0
27877,293.0
27878,279.0
27879,230.0
27880,201.0
27881,200.0
27882,195.0
27883,294.0
27884,510.0
27885,516.0
27886,469.0
27887,450.0
27888,397.0
27889,365.0
27890,364.0
27891,357.0
27892,357.0
27893,350.0
27894,337.0
27895,323.0
27896,306.0
27897,234.0
27898,139.0
27899,95.0
27900,189.0
27901,410.0
27902,216.0
27903,145.0
27904,99.0
27905,87.0
27906,93.0
27907,95.0
27908,101.0
27909,97.0
27910,89.0
27911,87.0
27912,105.0
27913,114.0
27914,119.0
27915,128.0
27916,129.0
27917,122.0
27918,122.0
27919,124.0
27920,136.0
27921,141.0
27922,33.0
27923,42.0
27924,32.0
27925,40.0
27926,32.0
27927,19.0
27928,16.0
27929,13.0
27930,16.0
27931,12.0
27932,10.0
27933,18.0
27934,12.0
27935,12.0
27936,15.0
27937,18.0
27938,20.0
27939,18.0
27940,22.0
27941,27.0
27942,26.0
27943,27.0
27944,29.0
27945,27.0
27946,33.0
27947,32.0
27948,33.0
27949,35.0
27950,33.0
27951,37.0
27952,42.0
27953,59.0
27954,67.0
27955,80.0
27956,75.0
27957,87.0
27958,88.0
27959,81.0
27960,106.0
27961,103.0
27962,118.0
27963,111.0
27964,110.0
27965,102.0
27966,94.0
27967,105.0
27968,122.0
27969,155.0
27970,150.0
27971,156.0
27972,134.0
27973,114.0
27974,114.0
27975,120.0
27976,153.0
27977,148.0
27978,162.0
27979,164.0
27980,158.0
27981,117.0
27982,108.0
27983,114.0
27984,135.0
27985,131.0
27986,135.0
27987,137.0
27988,150.0
27989,153.0
27990,145.0
27991,127.0
27992,130.0
27993,161.0
27994,164.0
27995,167.0
27996,148.0
27997,153.0
27998,147.0
27999,150.0
28000,152.0
28001,164.0
28002,159.0
28003,176.0
28004,174.0
28005,194.0
28006,114.0
28007,67.0
28008,23.0
28009,13.0
28010,10.0
28011,11.0
28012,17.0
28013,14.0
28014,16.0
28015,15.0
28016,16.0
28017,16.0
28018,17.0
28019,13.0
28020,10.0
28021,14.0
28022,12.0
28023,15.0
28024,16.0
28025,23.0
28026,37.0
28027,38.0
28028,30.0
28029,34.0
28030,48.0
28031,71.0
28032,82.0
28033,77.0
28034,83.0
28035,92.0
28036,84.0
28037,84.0
28038,75.0
28039,88.0
28040,92.0
28041,92.0
28042,112.0
28043,122.0
28044,124.0
28045,122.0
28046,109.0
28047,111.0
28048,121.0
28049,128.0
28050,127.0
28051,126.0
28052,136.0
28053,165.0
28054,182.0
28055,182.0
28056,195.0
28057,205.0
28058,217.0
28059,226.0
28060,220.0
28061,197.0
28062,187.0
28063,174.0
28064,181.0
28065,192.0
28066,216.0
28067,247.0
28068,254.0
28069,271.0
28070,302.0
28071,294.0
28072,280.0
28073,294.0
28074,302.0
28075,324.0
28076,315.0
28077,328.0
28078,355.0
28079,405.0
28080,347.0
28081,346.0
28082,342.0
28083,327.0
28084,332.0
28085,328.0
28086,304.0
28087,325.0
28088,315.0
28089,295.0
28090,239.0
28091,212.0
28092,214.0
28093,215.0
28094,208.0
28095,229.0
28096,235.0
28097,199.0
28098,251.0
28099,280.0
28100,250.0
28101,205.0
28102,202.0
28103,204.0
28104,216.0
28105,221.0
28106,227.0
28107,235.0
28108,236.0
28109,232.0
28110,241.0
28111,258.0
28112,273.0
28113,287.0
28114,316.0
28115,337.0
28116,359.0
28117,394.0
28118,393.0
28119,402.0
28120,400.0
28121,422.0
28122,429.0
28123,480.0
28124,512.0
28125,541.0
28126,522.0
28127,498.0
28128,517.0
28129,246.0
28130,39.0
28131,14.0
28132,15.0
28133,10.0
28134,13.0
28135,9.0
28136,13.0
28137,10.0
28138,7.0
28139,6.0
28140,9.0
28141,10.0
28142,19.0
28143,14.0
28144,22.0
28145,25.0
28146,87.0
28147,49.0
28148,36.0
28149,30.0
28150,35.0
28151,30.0
28152,33.0
28153,34.0
28154,36.0
28155,25.0
28156,23.0
28157,22.0
28158,34.0
28159,34.0
28160,48.0
28161,59.0
28162,68.0
28163,69.0
28164,69.0
28165,69.0
28166,72.0
28167,63.0
28168,57.0
28169,41.0
28170,60.0
28171,69.0
28172,100.0
28173,105.0
28174,83.0
28175,75.0
28176,62.0
28177,53.0
28178,54.0
28179,45.0
28180,29.0
28181,28.0
28182,36.0
28183,39.0
28184,48.0
28185,63.0
28186,56.0
28187,56.0
28188,65.0
28189,49.0
28190,53.0
28191,53.0
28192,63.0
28193,70.0
28194,91.0
28195,97.0
28196,102.0
28197,109.0
28198,119.0
28199,118.0
28200,114.0
28201,98.0
28202,91.0
28203,94.0
28204,97.0
28205,108.0
28206,107.0
28207,104.0
28208,105.0
28209,123.0
28210,148.0
28211,164.0
28212,173.0
28213,172.0
28214,183.0
28215,192.0
28216,198.0
28217,210.0
28218,224.0
28219,224.0
28220,224.0
28221,211.0
28222,210.0
28223,209.0
28224,166.0
28225,125.0
28226,94.0
28227,51.0
28228,58.0
28229,51.0
28230,17.0
28231,14.0
28232,18.0
28233,17.0
28234,66.0
28235,63.0
28236,62.0
28237,73.0
28238,76.0
28239,62.0
28240,74.0
28241,82.0
28242,74.0
28243,69.0
28244,63.0
28245,61.0
28246,58.0
28247,54.0
28248,50.0
28249,51.0
28250,51.0
28251,51.0
28252,52.0
28253,56.0
28254,60.0
28255,76.0
28256,97.0
28257,86.0
28258,88.0
28259,91.0
28260,90.0
28261,96.0
28262,94.0
28263,86.0
28264,71.0
28265,18.0
28266,15.0
28267,11.0
28268,12.0
28269,8.0
28270,5.0
28271,9.0
28272,10.0
28273,9.0
28274,11.0
28275,9.0
28276,11.0
28277,13.0
28278,18.0
28279,18.0
28280,11.0
28281,12.0
28282,12.0
28283,11.0
28284,15.0
28285,13.0
28286,12.0
28287,12.0
28288,15.0
28289,21.0
28290,32.0
28291,50.0
28292,60.0
28293,56.0
28294,58.0
28295,71.0
28296,91.0
28297,88.0
28298,90.0
28299,74.0
28300,86.0
28301,103.0
28302,119.0
28303,121.0
28304,137.0
28305,126.0
28306,112.0
28307,116.0
28308,137.0
28309,129.0
28310,137.0
28311,123.0
28312,115.0
28313,117.0
28314,135.0
28315,150.0
28316,127.0
28317,102.0
28318,97.0
28319,98.0
28320,110.0
28321,128.0
28322,153.0
28323,174.0
28324,187.0
28325,188.0
28326,196.0
28327,196.0
28328,205.0
28329,217.0
28330,229.0
28331,240.0
28332,231.0
28333,211.0
28334,210.0
28335,219.0
28336,210.0
28337,223.0
28338,220.0
28339,223.0
28340,234.0
28341,231.0
28342,154.0
28343,128.0
28344,132.0
28345,134.0
28346,135.0
28347,134.0
28348,139.0
28349,171.0
28350,204.0
28351,183.0
28352,179.0
28353,192.0
28354,194.0
28355,156.0
28356,84.0
28357,21.0
28358,16.0
28359,15.0
28360,17.0
28361,26.0
28362,16.0
28363,15.0
28364,15.0
28365,16.0
28366,15.0
28367,16.0
28368,8.0
28369,8.0
28370,7.0
28371,8.0
28372,16.0
28373,17.0
28374,25.0
28375,17.0
28376,13.0
28377,19.0
28378,18.0
28379,15.0
28380,21.0
28381,11.0
28382,21.0
28383,20.0
28384,22.0
28385,17.0
28386,60.0
28387,97.0
28388,120.0
28389,111.0
28390,109.0
28391,110.0
28392,93.0
28393,103.0
28394,100.0
28395,110.0
28396,100.0
28397,93.0
28398,97.0
28399,116.0
28400,127.0
28401,117.0
28402,90.0
28403,78.0
28404,119.0
28405,121.0
28406,108.0
28407,93.0
28408,97.0
28409,100.0
28410,101.0
28411,80.0
28412,75.0
28413,58.0
28414,66.0
28415,60.0
28416,72.0
28417,75.0
28418,82.0
28419,85.0
28420,82.0
28421,81.0
28422,84.0
28423,90.0
28424,93.0
28425,100.0
28426,122.0
28427,90.0
28428,97.0
28429,116.0
28430,110.0
28431,98.0
28432,104.0
28433,85.0
28434,91.0
28435,98.0
28436,107.0
28437,100.0
28438,101.0
28439,107.0
28440,105.0
28441,106.0
28442,109.0
28443,130.0
28444,131.0
28445,140.0
28446,141.0
28447,155.0
28448,174.0
28449,193.0
28450,203.0
28451,230.0
28452,227.0
28453,251.0
28454,248.0
28455,243.0
28456,253.0
28457,258.0
28458,254.0
28459,259.0
28460,256.0
28461,255.0
28462,246.0
28463,244.0
28464,259.0
28465,244.0
28466,256.0
28467,250.0
28468,245.0
28469,247.0
28470,247.0
28471,158.0
28472,18.0
28473,15.0
28474,15.0
28475,29.0
28476,39.0
28477,37.0
28478,39.0
28479,41.0
28480,38.0
28481,31.0
28482,29.0
28483,20.0
28484,19.0
28485,7.0
28486,7.0
28487,6.0
28488,13.0
28489,20.0
28490,49.0
28491,64.0
28492,96.0
28493,122.0
28494,133.0
28495,150.0
28496,175.0
28497,176.0
28498,164.0
28499,169.0
28500,155.0
28501,144.0
28502,119.0
28503,113.0
28504,130.0
28505,123.0
28506,108.0
28507,112.0
28508,111.0
28509,122.0
28510,130.0
28511,138.0
28512,149.0
28513,153.0
28514,184.0
28515,179.0
28516,183.0
28517,194.0
28518,184.0
28519,153.0
28520,150.0
28521,126.0
28522,156.0
28523,156.0
28524,178.0
28525,243.0
28526,122.0
28527,100.0
28528,73.0
28529,60.0
28530,46.0
28531,33.0
28532,32.0
28533,34.0
28534,37.0
28535,38.0
28536,38.0
28537,47.0
28538,61.0
28539,48.0
28540,47.0
28541,56.0
28542,72.0
28543,89.0
28544,92.0
28545,83.0
28546,87.0
28547,89.0
28548,100.0
28549,107.0
28550,98.0
28551,78.0
28552,83.0
28553,84.0
28554,91.0
28555,99.0
28556,99.0
28557,111.0
28558,118.0
28559,122.0
28560,117.0
28561,113.0
28562,108.0
28563,110.0
28564,121.0
28565,122.0
28566,116.0
28567,106.0
28568,107.0
28569,111.0
28570,122.0
28571,88.0
28572,24.0
28573,9.0
28574,12.0
28575,15.0
28576,11.0
28577,11.0
28578,9.0
28579,10.0
28580,9.0
28581,8.0
28582,9.0
28583,8.0
28584,7.0
28585,6.0
28586,6.0
28587,6.0
28588,5.0
28589,12.0
28590,9.0
28591,17.0
28592,11.0
28593,16.0
28594,13.0
28595,10.0
28596,12.0
28597,10.0
28598,15.0
28599,11.0
28600,13.0
28601,11.0
28602,14.0
28603,24.0
28604,33.0
28605,34.0
28606,32.0
28607,36.0
28608,43.0
28609,55.0
28610,57.0
28611,57.0
28612,59.0
28613,104.0
28614,90.0
28615,69.0
28616,67.0
28617,63.0
28618,71.0
28619,77.0
28620,80.0
28621,89.0
28622,106.0
28623,114.0
28624,126.0
28625,97.0
28626,83.0
28627,97.0
28628,90.0
28629,93.0
28630,78.0
28631,54.0
28632,59.0
28633,44.0
28634,22.0
28635,27.0
28636,33.0
28637,29.0
28638,13.0
28639,15.0
28640,17.0
28641,16.0
28642,14.0
28643,14.0
28644,12.0
28645,17.0
28646,13.0
28647,12.0
28648,17.0
28649,12.0
28650,16.0
28651,10.0
28652,15.0
28653,11.0
28654,13.0
28655,12.0
28656,10.0
28657,8.0
28658,6.0
28659,8.0
28660,8.0
28661,9.0
28662,9.0
28663,11.0
28664,10.0
28665,12.0
28666,13.0
28667,13.0
28668,14.0
28669,14.0
28670,14.0
28671,11.0
28672,11.0
28673,12.0
28674,13.0
28675,14.0
28676,22.0
28677,11.0
28678,11.0
28679,10.0
28680,10.0
28681,11.0
28682,9.0
28683,11.0
28684,8.0
28685,9.0
28686,11.0
28687,8.0
28688,12.0
28689,12.0
28690,12.0
28691,10.0
28692,10.0
28693,14.0
28694,17.0
28695,10.0
28696,7.0
28697,6.0
28698,10.0
28699,17.0
28700,17.0
28701,21.0
28702,26.0
28703,21.0
28704,27.0
28705,29.0
28706,41.0
28707,16.0
28708,15.0
28709,13.0
28710,19.0
28711,19.0
28712,18.0
28713,12.0
28714,10.0
28715,13.0
28716,12.0
28717,14.0
28718,9.0
28719,8.0
28720,6.0
28721,6.0
28722,5.0
28723,11.0
28724,22.0
28725,41.0
28726,49.0
28727,32.0
28728,38.0
28729,41.0
28730,35.0
28731,42.0
28732,55.0
28733,62.0
28734,66.0
28735,64.0
28736,53.0
28737,62.0
28738,53.0
28739,50.0
28740,62.0
28741,74.0
28742,41.0
28743,29.0
28744,45.0
28745,54.0
28746,52.0
28747,51.0
28748,47.0
28749,52.0
28750,54.0
28751,59.0
28752,57.0
28753,65.0
28754,91.0
28755,100.0
28756,109.0
28757,101.0
28758,111.0
28759,101.0
28760,110.0
28761,117.0
28762,132.0
28763,117.0
28764,75.0
28765,25.0
28766,14.0
28767,16.0
28768,13.0
28769,10.0
28770,10.0
28771,8.0
28772,10.0
28773,10.0
28774,12.0
28775,8.0
28776,6.0
28777,5.0
28778,6.0
28779,7.0
28780,6.0
28781,4.0
28782,6.0
28783,9.0
28784,7.0
28785,10.0
28786,34.0
28787,59.0
28788,53.0
28789,45.0
28790,38.0
28791,39.0
28792,45.0
28793,42.0
28794,43.0
28795,50.0
28796,48.0
28797,56.0
28798,63.0
28799,59.0
28800,53.0
28801,42.0
28802,44.0
28803,50.0
28804,65.0
28805,70.0
28806,73.0
28807,71.0
28808,62.0
28809,73.0
28810,73.0
28811,78.0
28812,79.0
28813,79.0
28814,89.0
28815,99.0
28816,97.0
28817,102.0
28818,81.0
28819,69.0
28820,64.0
28821,55.0
28822,53.0
28823,50.0
28824,57.0
28825,53.0
28826,63.0
28827,64.0
28828,61.0
28829,63.0
28830,58.0
28831,74.0
28832,70.0
28833,80.0
28834,71.0
28835,70.0
28836,57.0
28837,39.0
28838,36.0
28839,28.0
28840,33.0
28841,27.0
28842,62.0
28843,96.0
28844,81.0
28845,78.0
28846,75.0
28847,57.0
28848,48.0
28849,52.0
28850,47.0
28851,37.0
28852,27.0
28853,28.0
28854,34.0
28855,45.0
28856,51.0
28857,49.0
28858,32.0
28859,41.0
28860,46.0
28861,55.0
28862,63.0
28863,72.0
28864,68.0
28865,60.0
28866,55.0
28867,49.0
28868,43.0
28869,44.0
28870,46.0
28871,39.0
28872,10.0
28873,13.0
28874,9.0
28875,6.0
28876,8.0
28877,10.0
28878,8.0
28879,9.0
28880,9.0
28881,7.0
28882,8.0
28883,6.0
28884,6.0
28885,4.0
28886,7.0
28887,6.0
28888,7.0
28889,9.0
28890,8.0
28891,16.0
28892,25.0
28893,28.0
28894,23.0
28895,41.0
28896,41.0
28897,56.0
28898,72.0
28899,63.0
28900,65.0
28901,56.0
28902,60.0
28903,51.0
28904,43.0
28905,41.0
28906,43.0
28907,28.0
28908,35.0
28909,40.0
28910,41.0
28911,59.0
28912,57.0
28913,51.0
28914,57.0
28915,64.0
28916,71.0
28917,77.0
28918,73.0
28919,67.0
28920,64.0
28921,65.0
28922,74.0
28923,80.0
28924,84.0
28925,83.0
28926,86.0
28927,92.0
28928,92.0
28929,84.0
28930,75.0
28931,78.0
28932,75.0
28933,81.0
28934,70.0
28935,69.0
28936,63.0
28937,75.0
28938,67.0
28939,73.0
28940,81.0
28941,78.0
28942,91.0
28943,105.0
28944,117.0
28945,118.0
28946,125.0
28947,123.0
28948,132.0
28949,126.0
28950,136.0
28951,151.0
28952,143.0
28953,153.0
28954,156.0
28955,164.0
28956,147.0
28957,134.0
28958,138.0
28959,140.0
28960,142.0
28961,149.0
28962,137.0
28963,126.0
28964,102.0
28965,89.0
28966,89.0
28967,104.0
28968,114.0
28969,120.0
28970,123.0
28971,128.0
28972,138.0
28973,147.0
28974,151.0
28975,160.0
28976,165.0
28977,175.0
28978,195.0
28979,201.0
28980,214.0
28981,236.0
28982,218.0
28983,228.0
28984,190.0
28985,158.0
28986,166.0
28987,171.0
28988,183.0
28989,197.0
28990,188.0
28991,152.0
28992,135.0
28993,135.0
28994,134.0
28995,140.0
28996,146.0
28997,175.0
28998,195.0
28999,203.0
29000,201.0
29001,214.0
29002,214.0
29003,229.0
29004,247.0
29005,250.0
29006,258.0
29007,260.0
29008,275.0
29009,258.0
29010,215.0
29011,200.0
29012,190.0
29013,217.0
29014,236.0
29015,224.0
29016,241.0
29017,217.0
29018,179.0
29019,154.0
29020,125.0
29021,148.0
29022,165.0
29023,125.0
29024,87.0
29025,85.0
29026,73.0
29027,77.0
29028,74.0
29029,36.0
29030,15.0
29031,9.0
29032,8.0
29033,11.0
29034,14.0
29035,18.0
29036,14.0
29037,8.0
29038,4.0
29039,6.0
29040,7.0
29041,14.0
29042,12.0
29043,16.0
29044,14.0
29045,15.0
29046,10.0
29047,9.0
29048,8.0
29049,9.0
29050,10.0
29051,10.0
29052,9.0
29053,8.0
29054,9.0
29055,6.0
29056,5.0
29057,7.0
29058,8.0
29059,19.0
29060,22.0
29061,52.0
29062,40.0
29063,95.0
29064,40.0
29065,71.0
29066,64.0
29067,92.0
29068,83.0
29069,100.0
29070,115.0
29071,70.0
29072,83.0
29073,87.0
29074,81.0
29075,80.0
29076,80.0
29077,78.0
29078,70.0
29079,66.0
29080,74.0
29081,74.0
29082,80.0
29083,74.0
29084,52.0
29085,41.0
29086,38.0
29087,45.0
29088,55.0
29089,63.0
29090,69.0
29091,81.0
29092,122.0
29093,82.0
29094,55.0
29095,62.0
29096,61.0
29097,46.0
29098,45.0
29099,50.0
29100,54.0
29101,64.0
29102,75.0
29103,76.0
29104,70.0
29105,80.0
29106,82.0
29107,95.0
29108,77.0
29109,81.0
29110,97.0
29111,103.0
29112,85.0
29113,89.0
29114,96.0
29115,80.0
29116,85.0
29117,91.0
29118,81.0
29119,81.0
29120,94.0
29121,80.0
29122,79.0
29123,89.0
29124,85.0
29125,82.0
29126,85.0
29127,92.0
29128,92.0
29129,96.0
29130,74.0
29131,16.0
29132,21.0
29133,20.0
29134,17.0
29135,11.0
29136,11.0
29137,14.0
29138,14.0
29139,15.0
29140,17.0
29141,17.0
29142,21.0
29143,24.0
29144,20.0
29145,17.0
29146,47.0
29147,44.0
29148,39.0
29149,27.0
29150,30.0
29151,11.0
29152,12.0
29153,38.0
29154,74.0
29155,37.0
29156,31.0
29157,32.0
29158,48.0
29159,81.0
29160,36.0
29161,12.0
29162,10.0
29163,11.0
29164,15.0
29165,10.0
29166,11.0
29167,14.0
29168,10.0
29169,9.0
29170,11.0
29171,70.0
29172,11.0
29173,12.0
29174,13.0
29175,16.0
29176,11.0
29177,13.0
29178,22.0
29179,36.0
29180,45.0
29181,40.0
29182,38.0
29183,38.0
29184,81.0
29185,41.0
29186,36.0
29187,59.0
29188,46.0
29189,48.0
29190,83.0
29191,45.0
29192,33.0
29193,30.0
29194,27.0
29195,24.0
29196,28.0
29197,34.0
29198,33.0
29199,28.0
29200,35.0
29201,38.0
29202,59.0
29203,41.0
29204,51.0
29205,56.0
29206,70.0
29207,71.0
29208,55.0
29209,52.0
29210,53.0
29211,57.0
29212,72.0
29213,88.0
29214,98.0
29215,103.0
29216,100.0
29217,102.0
29218,75.0
29219,78.0
29220,89.0
29221,98.0
29222,96.0
29223,97.0
29224,96.0
29225,95.0
29226,86.0
29227,94.0
29228,79.0
29229,87.0
29230,81.0
29231,59.0
29232,68.0
29233,82.0
29234,60.0
29235,44.0
29236,48.0
29237,52.0
29238,51.0
29239,51.0
29240,56.0
29241,57.0
29242,63.0
29243,61.0
29244,69.0
29245,71.0
29246,73.0
29247,67.0
29248,60.0
29249,57.0
29250,52.0
29251,66.0
29252,72.0
29253,77.0
29254,96.0
29255,86.0
29256,71.0
29257,67.0
29258,74.0
29259,83.0
29260,88.0
29261,98.0
29262,112.0
29263,124.0
29264,131.0
29265,139.0
29266,117.0
29267,83.0
29268,82.0
29269,78.0
29270,70.0
29271,64.0
29272,65.0
29273,54.0
29274,65.0
29275,71.0
29276,75.0
29277,80.0
29278,84.0
29279,104.0
29280,134.0
29281,136.0
29282,145.0
29283,144.0
29284,153.0
29285,167.0
29286,157.0
29287,152.0
29288,166.0
29289,169.0
29290,161.0
29291,156.0
29292,172.0
29293,177.0
29294,182.0
29295,179.0
29296,187.0
29297,209.0
29298,211.0
29299,230.0
29300,254.0
29301,271.0
29302,275.0
29303,284.0
29304,297.0
29305,314.0
29306,301.0
29307,320.0
29308,315.0
29309,318.0
29310,312.0
29311,286.0
29312,271.0
29313,261.0
29314,266.0
29315,265.0
29316,259.0
29317,171.0
29318,103.0
29319,103.0
29320,82.0
29321,85.0
29322,90.0
29323,135.0
29324,148.0
29325,143.0
29326,137.0
29327,161.0
29328,157.0
29329,170.0
29330,156.0
29331,157.0
29332,169.0
29333,185.0
29334,217.0
29335,230.0
29336,251.0
29337,251.0
29338,246.0
29339,194.0
29340,137.0
29341,127.0
29342,130.0
29343,143.0
29344,143.0
29345,153.0
29346,172.0
29347,182.0
29348,164.0
29349,166.0
29350,199.0
29351,196.0
29352,223.0
29353,218.0
29354,272.0
29355,172.0
29356,137.0
29357,119.0
29358,116.0
29359,120.0
29360,135.0
29361,126.0
29362,123.0
29363,116.0
29364,141.0
29365,163.0
29366,148.0
29367,139.0
29368,88.0
29369,68.0
29370,60.0
29371,103.0
29372,77.0
29373,42.0
29374,35.0
29375,42.0
29376,53.0
29377,54.0
29378,48.0
29379,49.0
29380,55.0
29381,56.0
29382,64.0
29383,52.0
29384,17.0
29385,21.0
29386,24.0
29387,25.0
29388,35.0
29389,28.0
29390,47.0
29391,53.0
29392,60.0
29393,60.0
29394,66.0
29395,64.0
29396,60.0
29397,64.0
29398,65.0
29399,73.0
29400,76.0
29401,93.0
29402,97.0
29403,108.0
29404,105.0
29405,108.0
29406,116.0
29407,98.0
29408,27.0
29409,9.0
29410,13.0
29411,16.0
29412,14.0
29413,12.0
29414,9.0
29415,14.0
29416,13.0
29417,16.0
29418,19.0
29419,38.0
29420,33.0
29421,43.0
29422,46.0
29423,47.0
29424,60.0
29425,52.0
29426,54.0
29427,70.0
29428,89.0
29429,115.0
29430,111.0
29431,106.0
29432,77.0
29433,83.0
29434,58.0
29435,26.0
29436,27.0
29437,25.0
29438,17.0
29439,25.0
29440,22.0
29441,55.0
29442,26.0
29443,37.0
29444,38.0
29445,48.0
29446,31.0
29447,25.0
29448,32.0
29449,67.0
29450,119.0
29451,122.0
29452,52.0
29453,36.0
29454,53.0
29455,47.0
29456,29.0
29457,24.0
29458,22.0
29459,10.0
29460,12.0
29461,23.0
29462,93.0
29463,35.0
29464,24.0
29465,35.0
29466,46.0
29467,43.0
29468,77.0
29469,79.0
29470,59.0
29471,35.0
29472,87.0
29473,50.0
29474,53.0
29475,76.0
29476,91.0
29477,96.0
29478,96.0
29479,130.0
29480,83.0
29481,78.0
29482,69.0
29483,65.0
29484,68.0
29485,72.0
29486,75.0
29487,90.0
29488,103.0
29489,115.0
29490,120.0
29491,128.0
29492,144.0
29493,179.0
29494,176.0
29495,264.0
29496,195.0
29497,196.0
29498,89.0
29499,25.0
29500,50.0
29501,15.0
29502,28.0
29503,17.0
29504,47.0
29505,21.0
29506,21.0
29507,93.0
29508,140.0
29509,75.0
29510,89.0
29511,23.0
29512,19.0
29513,38.0
29514,44.0
29515,37.0
29516,42.0
29517,51.0
29518,86.0
29519,67.0
29520,79.0
29521,55.0
29522,77.0
29523,86.0
29524,105.0
29525,111.0
29526,126.0
29527,90.0
29528,60.0
29529,99.0
29530,67.0
29531,75.0
29532,76.0
29533,58.0
29534,48.0
29535,42.0
29536,37.0
29537,39.0
29538,76.0
29539,53.0
29540,44.0
29541,38.0
29542,39.0
29543,40.0
29544,47.0
29545,38.0
29546,53.0
29547,53.0
29548,49.0
29549,62.0
29550,59.0
29551,68.0
29552,70.0
29553,56.0
29554,37.0
29555,63.0
29556,51.0
29557,124.0
29558,79.0
29559,101.0
29560,85.0
29561,108.0
29562,65.0
29563,74.0
29564,80.0
29565,79.0
29566,83.0
29567,66.0
29568,71.0
29569,79.0
29570,97.0
29571,98.0
29572,107.0
29573,114.0
29574,119.0
29575,112.0
29576,121.0
29577,126.0
29578,132.0
29579,124.0
29580,117.0
29581,119.0
29582,96.0
29583,114.0
29584,110.0
29585,111.0
29586,109.0
29587,120.0
29588,139.0
29589,145.0
29590,152.0
29591,157.0
29592,163.0
29593,164.0
29594,169.0
29595,177.0
29596,181.0
29597,188.0
29598,176.0
29599,150.0
29600,154.0
29601,162.0
29602,150.0
29603,104.0
29604,90.0
29605,73.0
29606,83.0
29607,87.0
29608,86.0
29609,72.0
29610,68.0
29611,54.0
29612,32.0
29613,29.0
29614,29.0
29615,37.0
29616,46.0
29617,56.0
29618,58.0
29619,61.0
29620,66.0
29621,67.0
29622,70.0
29623,73.0
29624,73.0
29625,101.0
29626,102.0
29627,101.0
29628,79.0
29629,49.0
29630,36.0
29631,44.0
29632,29.0
29633,22.0
29634,57.0
29635,34.0
29636,22.0
29637,22.0
29638,13.0
29639,27.0
29640,25.0
29641,16.0
29642,21.0
29643,22.0
29644,20.0
29645,23.0
29646,29.0
29647,57.0
29648,27.0
29649,40.0
29650,34.0
29651,27.0
29652,62.0
29653,74.0
29654,57.0
29655,41.0
29656,42.0
29657,41.0
29658,43.0
29659,118.0
29660,107.0
29661,86.0
29662,79.0
29663,76.0
29664,75.0
29665,80.0
29666,87.0
29667,71.0
29668,72.0
29669,85.0
29670,92.0
29671,99.0
29672,101.0
29673,99.0
29674,101.0
29675,105.0
29676,101.0
29677,104.0
29678,105.0
29679,106.0
29680,118.0
29681,109.0
29682,124.0
29683,144.0
29684,153.0
29685,129.0
29686,112.0
29687,65.0
29688,61.0
29689,53.0
29690,61.0
29691,62.0
29692,69.0
29693,77.0
29694,85.0
29695,89.0
29696,98.0
29697,98.0
29698,79.0
29699,86.0
29700,83.0
29701,79.0
29702,65.0
29703,57.0
29704,48.0
29705,40.0
29706,39.0
29707,29.0
29708,36.0
29709,35.0
29710,38.0
29711,38.0
29712,29.0
29713,54.0
29714,59.0
29715,70.0
29716,93.0
29717,94.0
29718,50.0
29719,51.0
29720,55.0
29721,45.0
29722,61.0
29723,71.0
29724,77.0
29725,81.0
29726,104.0
29727,123.0
29728,149.0
29729,97.0
29730,89.0
29731,91.0
29732,103.0
29733,132.0
29734,148.0
29735,164.0
29736,205.0
29737,215.0
29738,233.0
29739,249.0
29740,233.0
29741,231.0
29742,201.0
29743,173.0
29744,131.0
29745,90.0
29746,59.0
29747,39.0
29748,43.0
29749,58.0
29750,89.0
29751,146.0
29752,76.0
29753,56.0
29754,54.0
29755,47.0
29756,46.0
29757,29.0
29758,35.0
29759,35.0
29760,37.0
29761,42.0
29762,55.0
29763,69.0
29764,74.0
29765,59.0
29766,44.0
29767,32.0
29768,34.0
29769,43.0
29770,53.0
29771,65.0
29772,77.0
29773,82.0
29774,76.0
29775,83.0
29776,86.0
29777,77.0
29778,72.0
29779,76.0
29780,77.0
29781,66.0
29782,67.0
29783,86.0
29784,103.0
29785,108.0
29786,120.0
29787,118.0
29788,120.0
29789,129.0
29790,115.0
29791,109.0
29792,101.0
29793,114.0
29794,108.0
29795,117.0
29796,133.0
29797,140.0
29798,143.0
29799,131.0
29800,124.0
29801,80.0
29802,76.0
29803,73.0
29804,67.0
29805,57.0
29806,50.0
29807,47.0
29808,56.0
29809,60.0
29810,66.0
29811,68.0
29812,67.0
29813,64.0
29814,55.0
29815,63.0
29816,60.0
29817,65.0
29818,66.0
29819,72.0
29820,71.0
29821,75.0
29822,80.0
29823,86.0
29824,86.0
29825,91.0
29826,100.0
29827,100.0
29828,111.0
29829,89.0
29830,94.0
29831,92.0
29832,94.0
29833,89.0
29834,92.0
29835,100.0
29836,95.0
29837,101.0
29838,99.0
29839,117.0
29840,122.0
29841,120.0
29842,65.0
29843,59.0
29844,55.0
29845,59.0
29846,64.0
29847,61.0
29848,55.0
29849,44.0
29850,48.0
29851,64.0
29852,88.0
29853,102.0
29854,113.0
29855,67.0
29856,40.0
29857,18.0
29858,13.0
29859,9.0
29860,13.0
29861,13.0
29862,10.0
29863,13.0
29864,13.0
29865,12.0
29866,9.0
29867,15.0
29868,25.0
29869,17.0
29870,17.0
29871,22.0
29872,17.0
29873,18.0
29874,23.0
29875,25.0
29876,32.0
29877,34.0
29878,42.0
29879,40.0
29880,49.0
29881,49.0
29882,51.0
29883,80.0
29884,91.0
29885,79.0
29886,63.0
29887,60.0
29888,54.0
29889,54.0
29890,47.0
29891,66.0
29892,71.0
29893,65.0
29894,37.0
29895,42.0
29896,44.0
29897,52.0
29898,62.0
29899,65.0
29900,63.0
29901,70.0
29902,59.0
29903,52.0
29904,46.0
29905,44.0
29906,50.0
29907,62.0
29908,73.0
29909,83.0
29910,87.0
29911,89.0
29912,86.0
29913,117.0
29914,96.0
29915,105.0
29916,98.0
29917,97.0
29918,104.0
29919,101.0
29920,105.0
29921,113.0
29922,101.0
29923,108.0
29924,110.0
29925,110.0
29926,109.0
29927,105.0
29928,121.0
29929,141.0
29930,130.0
29931,146.0
29932,151.0
29933,143.0
29934,133.0
29935,124.0
29936,93.0
29937,53.0
29938,26.0
29939,26.0
29940,36.0
29941,27.0
29942,23.0
29943,23.0
29944,22.0
29945,24.0
29946,60.0
29947,55.0
29948,54.0
29949,41.0
29950,48.0
29951,56.0
29952,60.0
29953,64.0
29954,71.0
29955,96.0
29956,121.0
29957,168.0
29958,215.0
29959,220.0
29960,210.0
29961,217.0
29962,229.0
29963,231.0
29964,244.0
29965,216.0
29966,186.0
29967,137.0
29968,130.0
29969,138.0
29970,135.0
29971,127.0
29972,111.0
29973,122.0
29974,136.0
29975,153.0
29976,160.0
29977,168.0
29978,169.0
29979,170.0
29980,182.0
29981,189.0
29982,186.0
29983,170.0
29984,152.0
29985,141.0
29986,127.0
29987,89.0
29988,65.0
29989,53.0
29990,54.0
29991,123.0
29992,70.0
29993,115.0
29994,96.0
29995,94.0
29996,103.0
29997,150.0
29998,171.0
29999,166.0
30000,164.0
30001,152.0
30002,152.0
30003,174.0
30004,203.0
30005,179.0
30006,203.0
30007,167.0
30008,149.0
30009,147.0
30010,137.0
30011,125.0
30012,124.0
30013,143.0
30014,113.0
30015,96.0
30016,86.0
30017,71.0
30018,77.0
30019,86.0
30020,103.0
30021,101.0
30022,89.0
30023,76.0
30024,78.0
30025,74.0
30026,69.0
30027,77.0
30028,78.0
30029,93.0
30030,109.0
30031,114.0
30032,132.0
30033,140.0
30034,142.0
30035,161.0
30036,178.0
30037,184.0
30038,182.0
30039,180.0
30040,190.0
30041,207.0
30042,225.0
30043,196.0
30044,192.0
30045,178.0
30046,173.0
30047,175.0
30048,163.0
30049,164.0
30050,165.0
30051,176.0
30052,166.0
30053,164.0
30054,134.0
30055,104.0
30056,99.0
30057,106.0
30058,129.0
30059,141.0
30060,158.0
30061,165.0
30062,140.0
30063,148.0
30064,173.0
30065,207.0
30066,200.0
30067,166.0
30068,162.0
30069,158.0
30070,156.0
30071,146.0
30072,159.0
30073,157.0
30074,165.0
30075,145.0
30076,148.0
30077,100.0
30078,94.0
30079,103.0
30080,117.0
30081,122.0
30082,129.0
30083,136.0
30084,136.0
30085,138.0
30086,150.0
30087,161.0
30088,162.0
30089,141.0
30090,134.0
30091,137.0
30092,140.0
30093,142.0
30094,137.0
30095,139.0
30096,139.0
30097,138.0
30098,139.0
30099,135.0
30100,134.0
30101,139.0
30102,140.0
30103,147.0
30104,161.0
30105,191.0
30106,212.0
30107,220.0
30108,221.0
30109,206.0
30110,189.0
30111,187.0
30112,187.0
30113,191.0
30114,191.0
30115,196.0
30116,194.0
30117,184.0
30118,182.0
30119,172.0
30120,169.0
30121,169.0
30122,146.0
30123,142.0
30124,130.0
30125,153.0
30126,110.0
30127,21.0
30128,14.0
30129,13.0
30130,36.0
30131,14.0
30132,15.0
30133,16.0
30134,18.0
30135,16.0
30136,12.0
30137,17.0
30138,16.0
30139,22.0
30140,24.0
30141,27.0
30142,29.0
30143,33.0
30144,33.0
30145,32.0
30146,28.0
30147,31.0
30148,28.0
30149,38.0
30150,44.0
30151,45.0
30152,47.0
30153,48.0
30154,27.0
30155,29.0
30156,25.0
30157,22.0
30158,18.0
30159,16.0
30160,18.0
30161,21.0
30162,35.0
30163,33.0
30164,34.0
30165,41.0
30166,40.0
30167,40.0
30168,37.0
30169,42.0
30170,48.0
30171,51.0
30172,62.0
30173,64.0
30174,87.0
30175,86.0
30176,75.0
30177,70.0
30178,69.0
30179,81.0
30180,96.0
30181,107.0
30182,86.0
30183,98.0
30184,67.0
30185,20.0
30186,27.0
30187,41.0
30188,72.0
30189,55.0
30190,24.0
30191,22.0
30192,24.0
30193,24.0
30194,30.0
30195,33.0
30196,47.0
30197,61.0
30198,76.0
30199,59.0
30200,55.0
30201,50.0
30202,55.0
30203,65.0
30204,60.0
30205,65.0
30206,72.0
30207,83.0
30208,87.0
30209,83.0
30210,90.0
30211,101.0
30212,113.0
30213,101.0
30214,104.0
30215,93.0
30216,98.0
30217,110.0
30218,108.0
30219,111.0
30220,106.0
30221,109.0
30222,111.0
30223,112.0
30224,112.0
30225,110.0
30226,121.0
30227,125.0
30228,130.0
30229,134.0
30230,124.0
30231,109.0
30232,78.0
30233,90.0
30234,103.0
30235,103.0
30236,122.0
30237,97.0
30238,75.0
30239,80.0
30240,81.0
30241,70.0
30242,77.0
30243,80.0
30244,82.0
30245,83.0
30246,91.0
30247,94.0
30248,105.0
30249,115.0
30250,130.0
30251,143.0
30252,132.0
30253,119.0
30254,111.0
30255,127.0
30256,126.0
30257,132.0
30258,127.0
30259,131.0
30260,117.0
30261,115.0
30262,105.0
30263,103.0
30264,107.0
30265,101.0
30266,100.0
30267,69.0
30268,70.0
30269,69.0
30270,78.0
30271,93.0
30272,95.0
30273,108.0
30274,123.0
30275,129.0
30276,132.0
30277,141.0
30278,151.0
30279,144.0
30280,140.0
30281,148.0
30282,168.0
30283,197.0
30284,203.0
30285,157.0
30286,146.0
30287,148.0
30288,138.0
30289,147.0
30290,133.0
30291,131.0
30292,138.0
30293,140.0
30294,154.0
30295,152.0
30296,160.0
30297,165.0
30298,181.0
30299,196.0
30300,200.0
30301,201.0
30302,200.0
30303,198.0
30304,199.0
30305,205.0
30306,199.0
30307,209.0
30308,199.0
30309,190.0
30310,189.0
30311,163.0
30312,101.0
30313,50.0
30314,41.0
30315,43.0
30316,25.0
30317,17.0
30318,14.0
30319,16.0
30320,20.0
30321,8.0
30322,14.0
30323,18.0
30324,16.0
30325,17.0
30326,29.0
30327,39.0
30328,40.0
30329,41.0
30330,46.0
30331,55.0
30332,57.0
30333,52.0
30334,52.0
30335,49.0
30336,54.0
30337,62.0
30338,55.0
30339,68.0
30340,66.0
30341,67.0
30342,80.0
30343,74.0
30344,64.0
30345,23.0
30346,31.0
30347,28.0
30348,48.0
30349,37.0
30350,39.0
30351,33.0
30352,35.0
30353,40.0
30354,45.0
30355,51.0
30356,62.0
30357,66.0
30358,75.0
30359,86.0
30360,76.0
30361,70.0
30362,69.0
30363,78.0
30364,86.0
30365,85.0
30366,89.0
30367,94.0
30368,67.0
30369,47.0
30370,34.0
30371,21.0
30372,22.0
30373,18.0
30374,20.0
30375,16.0
30376,16.0
30377,21.0
30378,36.0
30379,44.0
30380,48.0
30381,56.0
30382,59.0
30383,64.0
30384,58.0
30385,95.0
30386,108.0
30387,105.0
30388,128.0
30389,124.0
30390,95.0
30391,41.0
30392,37.0
30393,39.0
30394,32.0
30395,26.0
30396,38.0
30397,30.0
30398,34.0
30399,51.0
30400,68.0
30401,118.0
30402,77.0
30403,212.0
30404,188.0
30405,146.0
30406,129.0
30407,102.0
30408,123.0
30409,132.0
30410,155.0
30411,165.0
30412,154.0
30413,69.0
30414,58.0
30415,88.0
30416,122.0
30417,105.0
30418,84.0
30419,52.0
30420,32.0
30421,30.0
30422,46.0
30423,67.0
30424,67.0
30425,67.0
30426,70.0
30427,48.0
30428,29.0
30429,28.0
30430,29.0
30431,42.0
30432,37.0
30433,42.0
30434,45.0
30435,47.0
30436,61.0
30437,79.0
30438,98.0
30439,108.0
30440,85.0
30441,70.0
30442,63.0
30443,54.0
30444,40.0
30445,45.0
30446,56.0
30447,69.0
30448,69.0
30449,59.0
30450,57.0
30451,54.0
30452,45.0
30453,44.0
30454,51.0
30455,57.0
30456,85.0
30457,91.0
30458,90.0
30459,94.0
30460,103.0
30461,103.0
30462,113.0
30463,87.0
30464,61.0
30465,55.0
30466,40.0
30467,33.0
30468,39.0
30469,33.0
30470,32.0
30471,40.0
30472,59.0
30473,65.0
30474,67.0
30475,60.0
30476,60.0
30477,68.0
30478,86.0
30479,88.0
30480,75.0
30481,46.0
30482,50.0
30483,57.0
30484,67.0
30485,66.0
30486,176.0
30487,248.0
30488,194.0
30489,153.0
30490,143.0
30491,147.0
30492,148.0
30493,125.0
30494,126.0
30495,110.0
30496,120.0
30497,122.0
30498,122.0
30499,120.0
30500,45.0
30501,45.0
30502,58.0
30503,48.0
30504,50.0
30505,52.0
30506,58.0
30507,64.0
30508,73.0
30509,82.0
30510,103.0
30511,120.0
30512,127.0
30513,150.0
30514,168.0
30515,161.0
30516,103.0
30517,113.0
30518,128.0
30519,139.0
30520,162.0
30521,183.0
30522,189.0
30523,166.0
30524,172.0
30525,159.0
30526,164.0
30527,171.0
30528,171.0
30529,166.0
30530,158.0
30531,161.0
30532,178.0
30533,186.0
30534,188.0
30535,186.0
30536,189.0
30537,187.0
30538,177.0
30539,172.0
30540,167.0
30541,147.0
30542,111.0
30543,87.0
30544,87.0
30545,86.0
30546,94.0
30547,101.0
30548,119.0
30549,137.0
30550,254.0
30551,277.0
30552,184.0
30553,111.0
30554,93.0
30555,62.0
30556,58.0
30557,64.0
30558,89.0
30559,165.0
30560,183.0
30561,145.0
30562,54.0
30563,40.0
30564,29.0
30565,26.0
30566,29.0
30567,42.0
30568,50.0
30569,56.0
30570,88.0
30571,96.0
30572,103.0
30573,124.0
30574,150.0
30575,184.0
30576,248.0
30577,339.0
30578,342.0
30579,292.0
30580,277.0
30581,265.0
30582,257.0
30583,240.0
30584,243.0
30585,229.0
30586,247.0
30587,230.0
30588,242.0
30589,297.0
30590,369.0
30591,428.0
30592,432.0
30593,441.0
30594,466.0
30595,448.0
30596,406.0
30597,267.0
30598,37.0
30599,25.0
30600,34.0
30601,52.0
30602,68.0
30603,68.0
30604,72.0
30605,70.0
30606,63.0
30607,65.0
30608,63.0
30609,85.0
30610,103.0
30611,105.0
30612,113.0
30613,126.0
30614,122.0
30615,133.0
30616,122.0
30617,120.0
30618,125.0
30619,137.0
30620,146.0
30621,164.0
30622,164.0
30623,186.0
30624,183.0
30625,185.0
30626,189.0
30627,189.0
30628,194.0
30629,194.0
30630,190.0
30631,236.0
30632,250.0
30633,270.0
30634,244.0
30635,178.0
30636,167.0
30637,156.0
30638,151.0
30639,155.0
30640,145.0
30641,149.0
30642,146.0
30643,176.0
30644,215.0
30645,101.0
30646,112.0
30647,155.0
30648,144.0
30649,141.0
30650,156.0
30651,147.0
30652,154.0
30653,153.0
30654,152.0
30655,144.0
30656,147.0
30657,143.0
30658,150.0
30659,160.0
30660,172.0
30661,183.0
30662,195.0
30663,191.0
30664,193.0
30665,199.0
30666,156.0
30667,104.0
30668,95.0
30669,69.0
30670,50.0
30671,41.0
30672,32.0
30673,19.0
30674,18.0
30675,14.0
30676,11.0
30677,13.0
30678,18.0
30679,15.0
30680,15.0
30681,16.0
30682,11.0
30683,13.0
30684,15.0
30685,9.0
30686,13.0
30687,14.0
30688,13.0
30689,18.0
30690,19.0
30691,24.0
30692,27.0
30693,23.0
30694,25.0
30695,24.0
30696,31.0
30697,30.0
30698,29.0
30699,37.0
30700,43.0
30701,50.0
30702,56.0
30703,44.0
30704,31.0
30705,30.0
30706,14.0
30707,16.0
30708,25.0
30709,26.0
30710,24.0
30711,23.0
30712,14.0
30713,17.0
30714,20.0
30715,31.0
30716,30.0
30717,47.0
30718,51.0
30719,45.0
30720,69.0
30721,49.0
30722,27.0
30723,27.0
30724,35.0
30725,33.0
30726,19.0
30727,24.0
30728,21.0
30729,18.0
30730,19.0
30731,26.0
30732,17.0
30733,14.0
30734,13.0
30735,17.0
30736,25.0
30737,45.0
30738,29.0
30739,30.0
30740,24.0
30741,28.0
30742,38.0
30743,32.0
30744,25.0
30745,18.0
30746,21.0
30747,24.0
30748,19.0
30749,25.0
30750,26.0
30751,23.0
30752,24.0
30753,25.0
30754,17.0
30755,9.0
30756,12.0
30757,14.0
30758,22.0
30759,20.0
30760,19.0
30761,24.0
30762,24.0
30763,25.0
30764,30.0
30765,35.0
30766,35.0
30767,39.0
30768,38.0
30769,32.0
30770,37.0
30771,60.0
30772,66.0
30773,74.0
30774,93.0
30775,117.0
30776,119.0
30777,112.0
30778,57.0
30779,48.0
30780,44.0
30781,42.0
30782,43.0
30783,45.0
30784,45.0
30785,64.0
30786,60.0
30787,65.0
30788,64.0
30789,77.0
30790,26.0
30791,35.0
30792,37.0
30793,47.0
30794,42.0
30795,38.0
30796,49.0
30797,60.0
30798,51.0
30799,53.0
30800,56.0
30801,66.0
30802,72.0
30803,66.0
30804,65.0
30805,75.0
30806,97.0
30807,100.0
30808,120.0
30809,129.0
30810,130.0
30811,142.0
30812,147.0
30813,164.0
30814,195.0
30815,216.0
30816,70.0
30817,79.0
30818,64.0
30819,61.0
30820,56.0
30821,69.0
30822,71.0
30823,73.0
30824,79.0
30825,80.0
30826,79.0
30827,80.0
30828,80.0
30829,85.0
30830,86.0
30831,80.0
30832,91.0
30833,104.0
30834,111.0
30835,129.0
30836,133.0
30837,140.0
30838,141.0
30839,150.0
30840,152.0
30841,164.0
30842,160.0
30843,143.0
30844,139.0
30845,135.0
30846,140.0
30847,145.0
30848,124.0
30849,57.0
30850,59.0
30851,63.0
30852,59.0
30853,50.0
30854,46.0
30855,35.0
30856,34.0
30857,32.0
30858,32.0
30859,40.0
30860,46.0
30861,55.0
30862,50.0
30863,39.0
30864,46.0
30865,46.0
30866,51.0
30867,49.0
30868,41.0
30869,34.0
30870,30.0
30871,36.0
30872,34.0
30873,34.0
30874,37.0
30875,38.0
30876,41.0
30877,44.0
30878,28.0
30879,30.0
30880,28.0
30881,28.0
30882,25.0
30883,35.0
30884,41.0
30885,36.0
30886,40.0
30887,32.0
30888,36.0
30889,32.0
30890,33.0
30891,31.0
30892,30.0
30893,33.0
30894,34.0
30895,34.0
30896,29.0
30897,46.0
30898,36.0
30899,43.0
30900,41.0
30901,44.0
30902,45.0
30903,42.0
30904,38.0
30905,42.0
30906,53.0
30907,46.0
30908,50.0
30909,53.0
30910,57.0
30911,62.0
30912,65.0
30913,64.0
30914,74.0
30915,74.0
30916,71.0
30917,71.0
30918,71.0
30919,65.0
30920,71.0
30921,70.0
30922,58.0
30923,54.0
30924,52.0
30925,68.0
30926,67.0
30927,53.0
30928,44.0
30929,51.0
30930,50.0
30931,64.0
30932,115.0
30933,125.0
30934,128.0
30935,120.0
30936,120.0
30937,128.0
30938,123.0
30939,112.0
30940,121.0
30941,128.0
30942,136.0
30943,130.0
30944,135.0
30945,128.0
30946,108.0
30947,92.0
30948,96.0
30949,93.0
30950,80.0
30951,67.0
30952,59.0
30953,68.0
30954,98.0
30955,82.0
30956,116.0
30957,140.0
30958,131.0
30959,94.0
30960,94.0
30961,92.0
30962,101.0
30963,99.0
30964,113.0
30965,136.0
30966,162.0
30967,127.0
30968,93.0
30969,83.0
30970,71.0
30971,73.0
30972,80.0
30973,75.0
30974,67.0
30975,76.0
30976,68.0
30977,64.0
30978,85.0
30979,67.0
30980,59.0
30981,66.0
30982,71.0
30983,78.0
30984,70.0
30985,75.0
30986,77.0
30987,84.0
30988,68.0
30989,53.0
30990,96.0
30991,71.0
30992,48.0
30993,38.0
30994,53.0
30995,66.0
30996,65.0
30997,71.0
30998,59.0
30999,53.0
31000,50.0
31001,45.0
31002,59.0
31003,58.0
31004,70.0
31005,61.0
31006,54.0
31007,56.0
31008,60.0
31009,64.0
31010,66.0
31011,57.0
31012,33.0
31013,16.0
31014,15.0
31015,11.0
31016,12.0
31017,12.0
31018,9.0
31019,11.0
31020,11.0
31021,10.0
31022,8.0
31023,16.0
31024,16.0
31025,16.0
31026,18.0
31027,31.0
31028,34.0
31029,36.0
31030,39.0
31031,38.0
31032,32.0
31033,49.0
31034,59.0
31035,68.0
31036,50.0
31037,43.0
31038,42.0
31039,47.0
31040,52.0
31041,55.0
31042,60.0
31043,58.0
31044,57.0
31045,42.0
31046,35.0
31047,33.0
31048,34.0
31049,35.0
31050,33.0
31051,54.0
31052,79.0
31053,49.0
31054,53.0
31055,72.0
31056,100.0
31057,128.0
31058,135.0
31059,149.0
31060,157.0
31061,150.0
31062,145.0
31063,154.0
31064,163.0
31065,167.0
31066,169.0
31067,175.0
31068,161.0
31069,163.0
31070,173.0
31071,137.0
31072,137.0
31073,122.0
31074,108.0
31075,91.0
31076,99.0
31077,77.0
31078,86.0
31079,93.0
31080,107.0
31081,126.0
31082,141.0
31083,146.0
31084,160.0
31085,165.0
31086,165.0
31087,166.0
31088,150.0
31089,134.0
31090,120.0
31091,116.0
31092,95.0
31093,109.0
31094,118.0
31095,111.0
31096,98.0
31097,94.0
31098,103.0
31099,97.0
31100,111.0
31101,105.0
31102,110.0
31103,119.0
31104,127.0
31105,136.0
31106,170.0
31107,170.0
31108,168.0
31109,166.0
31110,161.0
31111,152.0
31112,116.0
31113,86.0
31114,31.0
31115,30.0
31116,14.0
31117,16.0
31118,15.0
31119,15.0
31120,17.0
31121,56.0
31122,96.0
31123,137.0
31124,139.0
31125,128.0
31126,112.0
31127,109.0
31128,93.0
31129,87.0
31130,74.0
31131,65.0
31132,65.0
31133,83.0
31134,86.0
31135,85.0
31136,77.0
31137,80.0
31138,90.0
31139,94.0
31140,91.0
31141,65.0
31142,75.0
31143,66.0
31144,66.0
31145,56.0
31146,48.0
31147,42.0
31148,50.0
31149,48.0
31150,54.0
31151,61.0
31152,73.0
31153,84.0
31154,92.0
31155,92.0
31156,104.0
31157,118.0
31158,124.0
31159,116.0
31160,99.0
31161,96.0
31162,96.0
31163,96.0
31164,88.0
31165,84.0
31166,75.0
31167,73.0
31168,75.0
31169,96.0
31170,117.0
31171,122.0
31172,124.0
31173,107.0
31174,102.0
31175,70.0
31176,71.0
31177,80.0
31178,83.0
31179,59.0
31180,49.0
31181,53.0
31182,59.0
31183,44.0
31184,27.0
31185,23.0
31186,18.0
31187,22.0
31188,24.0
31189,28.0
31190,26.0
31191,31.0
31192,31.0
31193,33.0
31194,41.0
31195,40.0
31196,46.0
31197,46.0
31198,48.0
31199,58.0
31200,64.0
31201,70.0
31202,75.0
31203,72.0
31204,80.0
31205,79.0
31206,72.0
31207,62.0
31208,51.0
31209,28.0
31210,17.0
31211,12.0
31212,13.0
31213,12.0
31214,15.0
31215,14.0
31216,17.0
31217,18.0
31218,17.0
31219,17.0
31220,29.0
31221,40.0
31222,48.0
31223,38.0
31224,26.0
31225,36.0
31226,30.0
31227,18.0
31228,23.0
31229,18.0
31230,17.0
31231,18.0
31232,17.0
31233,24.0
31234,19.0
31235,22.0
31236,17.0
31237,20.0
31238,30.0
31239,32.0
31240,30.0
31241,48.0
31242,74.0
31243,66.0
31244,69.0
31245,53.0
31246,49.0
31247,43.0
31248,42.0
31249,40.0
31250,32.0
31251,41.0
31252,40.0
31253,41.0
31254,55.0
31255,55.0
31256,54.0
31257,53.0
31258,56.0
31259,59.0
31260,46.0
31261,56.0
31262,71.0
31263,69.0
31264,56.0
31265,56.0
31266,62.0
31267,66.0
31268,62.0
31269,71.0
31270,71.0
31271,74.0
31272,85.0
31273,76.0
31274,80.0
31275,83.0
31276,89.0
31277,87.0
31278,90.0
31279,88.0
31280,80.0
31281,87.0
31282,88.0
31283,94.0
31284,103.0
31285,104.0
31286,118.0
31287,119.0
31288,112.0
31289,128.0
31290,149.0
31291,145.0
31292,164.0
31293,156.0
31294,179.0
31295,171.0
31296,178.0
31297,138.0
31298,141.0
31299,131.0
31300,103.0
31301,89.0
31302,93.0
31303,62.0
31304,48.0
31305,32.0
31306,32.0
31307,23.0
31308,20.0
31309,28.0
31310,20.0
31311,22.0
31312,31.0
31313,25.0
31314,26.0
31315,27.0
31316,30.0
31317,33.0
31318,33.0
31319,36.0
31320,38.0
31321,49.0
31322,91.0
31323,79.0
31324,72.0
31325,69.0
31326,70.0
31327,74.0
31328,76.0
31329,81.0
31330,87.0
31331,78.0
31332,69.0
31333,84.0
31334,55.0
31335,54.0
31336,53.0
31337,40.0
31338,50.0
31339,60.0
31340,59.0
31341,70.0
31342,98.0
31343,106.0
31344,99.0
31345,96.0
31346,115.0
31347,77.0
31348,125.0
31349,128.0
31350,135.0
31351,139.0
31352,142.0
31353,132.0
31354,104.0
31355,114.0
31356,128.0
31357,96.0
31358,69.0
31359,65.0
31360,55.0
31361,51.0
31362,74.0
31363,99.0
31364,99.0
31365,82.0
31366,96.0
31367,76.0
31368,18.0
31369,19.0
31370,22.0
31371,20.0
31372,20.0
31373,25.0
31374,29.0
31375,40.0
31376,34.0
31377,34.0
31378,42.0
31379,35.0
31380,47.0
31381,54.0
31382,67.0
31383,69.0
31384,81.0
31385,88.0
31386,106.0
31387,85.0
31388,31.0
31389,24.0
31390,33.0
31391,36.0
31392,36.0
31393,31.0
31394,31.0
31395,38.0
31396,42.0
31397,37.0
31398,34.0
31399,39.0
31400,42.0
31401,41.0
31402,39.0
31403,42.0
31404,45.0
31405,39.0
31406,46.0
31407,42.0
31408,45.0
31409,56.0
31410,62.0
31411,59.0
31412,55.0
31413,68.0
31414,73.0
31415,76.0
31416,80.0
31417,84.0
31418,90.0
31419,79.0
31420,69.0
31421,63.0
31422,61.0
31423,55.0
31424,65.0
31425,68.0
31426,74.0
31427,72.0
31428,70.0
31429,81.0
31430,88.0
31431,89.0
31432,107.0
31433,102.0
31434,48.0
31435,47.0
31436,36.0
31437,38.0
31438,61.0
31439,32.0
31440,32.0
31441,26.0
31442,19.0
31443,25.0
31444,38.0
31445,27.0
31446,18.0
31447,21.0
31448,26.0
31449,25.0
31450,25.0
31451,28.0
31452,32.0
31453,28.0
31454,28.0
31455,27.0
31456,30.0
31457,29.0
31458,37.0
31459,55.0
31460,62.0
31461,57.0
31462,63.0
31463,76.0
31464,75.0
31465,84.0
31466,90.0
31467,86.0
31468,100.0
31469,103.0
31470,109.0
31471,110.0
31472,107.0
31473,63.0
31474,66.0
31475,58.0
31476,76.0
31477,80.0
31478,75.0
31479,62.0
31480,96.0
31481,122.0
31482,169.0
31483,144.0
31484,21.0
31485,21.0
31486,28.0
31487,31.0
31488,38.0
31489,42.0
31490,48.0
31491,54.0
31492,62.0
31493,50.0
31494,55.0
31495,46.0
31496,39.0
31497,35.0
31498,35.0
31499,35.0
31500,41.0
31501,41.0
31502,46.0
31503,54.0
31504,57.0
31505,55.0
31506,43.0
31507,34.0
31508,40.0
31509,39.0
31510,46.0
31511,55.0
31512,69.0
31513,71.0
31514,80.0
31515,86.0
31516,90.0
31517,94.0
31518,116.0
31519,124.0
31520,130.0
31521,139.0
31522,127.0
31523,130.0
31524,143.0
31525,138.0
31526,130.0
31527,128.0
31528,122.0
31529,128.0
31530,147.0
31531,154.0
31532,168.0
31533,169.0
31534,177.0
31535,151.0
31536,36.0
31537,40.0
31538,33.0
31539,37.0
31540,48.0
31541,43.0
31542,45.0
31543,43.0
31544,39.0
31545,37.0
31546,43.0
31547,34.0
31548,24.0
31549,27.0
31550,26.0
31551,19.0
31552,18.0
31553,23.0
31554,23.0
31555,32.0
31556,23.0
31557,23.0
31558,16.0
31559,21.0
31560,18.0
31561,20.0
31562,20.0
31563,17.0
31564,19.0
31565,21.0
31566,22.0
31567,29.0
31568,41.0
31569,33.0
31570,27.0
31571,35.0
31572,36.0
31573,37.0
31574,31.0
31575,34.0
31576,30.0
31577,31.0
31578,50.0
31579,59.0
31580,58.0
31581,27.0
31582,50.0
31583,30.0
31584,31.0
31585,26.0
31586,24.0
31587,31.0
31588,23.0
31589,29.0
31590,26.0
31591,28.0
31592,22.0
31593,29.0
31594,28.0
31595,32.0
31596,38.0
31597,42.0
31598,36.0
31599,40.0
31600,36.0
31601,41.0
31602,43.0
31603,49.0
31604,60.0
31605,65.0
31606,56.0
31607,61.0
31608,96.0
31609,101.0
31610,101.0
31611,62.0
31612,54.0
31613,42.0
31614,45.0
31615,39.0
31616,46.0
31617,62.0
31618,104.0
31619,115.0
31620,117.0
31621,113.0
31622,128.0
31623,132.0
31624,116.0
31625,93.0
31626,100.0
31627,111.0
31628,109.0
31629,93.0
31630,80.0
31631,74.0
31632,70.0
31633,80.0
31634,106.0
31635,141.0
31636,172.0
31637,178.0
31638,203.0
31639,208.0
31640,175.0
31641,180.0
31642,194.0
31643,161.0
31644,176.0
31645,167.0
31646,143.0
31647,127.0
31648,55.0
31649,47.0
31650,58.0
31651,62.0
31652,57.0
31653,58.0
31654,60.0
31655,57.0
31656,61.0
31657,67.0
31658,56.0
31659,48.0
31660,42.0
31661,38.0
31662,42.0
31663,51.0
31664,50.0
31665,48.0
31666,56.0
31667,47.0
31668,50.0
31669,53.0
31670,47.0
31671,51.0
31672,49.0
31673,53.0
31674,50.0
31675,57.0
31676,63.0
31677,64.0
31678,77.0
31679,82.0
31680,87.0
31681,90.0
31682,82.0
31683,69.0
31684,63.0
31685,73.0
31686,77.0
31687,78.0
31688,76.0
31689,69.0
31690,64.0
31691,76.0
31692,77.0
31693,78.0
31694,78.0
31695,88.0
31696,89.0
31697,96.0
31698,95.0
31699,92.0
31700,95.0
31701,96.0
31702,36.0
31703,49.0
31704,73.0
31705,51.0
31706,41.0
31707,45.0
31708,54.0
31709,65.0
31710,53.0
31711,29.0
31712,42.0
31713,66.0
31714,65.0
31715,58.0
31716,58.0
31717,49.0
31718,59.0
31719,69.0
31720,80.0
31721,87.0
31722,80.0
31723,84.0
31724,88.0
31725,77.0
31726,69.0
31727,57.0
31728,61.0
31729,66.0
31730,72.0
31731,70.0
31732,78.0
31733,79.0
31734,79.0
31735,77.0
31736,76.0
31737,86.0
31738,91.0
31739,90.0
31740,94.0
31741,101.0
31742,105.0
31743,109.0
31744,115.0
31745,139.0
31746,142.0
31747,151.0
31748,164.0
31749,160.0
31750,160.0
31751,179.0
31752,55.0
31753,60.0
31754,65.0
31755,61.0
31756,60.0
31757,57.0
31758,68.0
31759,75.0
31760,83.0
31761,96.0
31762,111.0
31763,98.0
31764,102.0
31765,117.0
31766,127.0
31767,136.0
31768,140.0
31769,154.0
31770,143.0
31771,145.0
31772,148.0
31773,154.0
31774,150.0
31775,155.0
31776,157.0
31777,145.0
31778,113.0
31779,40.0
31780,24.0
31781,26.0
31782,21.0
31783,24.0
31784,25.0
31785,32.0
31786,39.0
31787,42.0
31788,29.0
31789,29.0
31790,27.0
31791,24.0
31792,20.0
31793,18.0
31794,18.0
31795,17.0
31796,13.0
31797,17.0
31798,17.0
31799,16.0
31800,9.0
31801,13.0
31802,9.0
31803,15.0
31804,18.0
31805,13.0
31806,11.0
31807,10.0
31808,16.0
31809,13.0
31810,11.0
31811,12.0
31812,12.0
31813,10.0
31814,16.0
31815,15.0
31816,18.0
31817,22.0
31818,20.0
31819,27.0
31820,21.0
31821,26.0
31822,27.0
31823,32.0
31824,44.0
31825,39.0
31826,36.0
31827,29.0
31828,22.0
31829,20.0
31830,18.0
31831,19.0
31832,17.0
31833,21.0
31834,17.0
31835,19.0
31836,14.0
31837,17.0
31838,8.0
31839,12.0
31840,17.0
31841,25.0
31842,36.0
31843,27.0
31844,33.0
31845,40.0
31846,48.0
31847,41.0
31848,57.0
31849,70.0
31850,69.0
31851,76.0
31852,92.0
31853,116.0
31854,122.0
31855,120.0
31856,118.0
31857,108.0
31858,98.0
31859,91.0
31860,92.0
31861,70.0
31862,63.0
31863,66.0
31864,75.0
31865,104.0
31866,105.0
31867,109.0
31868,110.0
31869,123.0
31870,115.0
31871,113.0
31872,118.0
31873,117.0
31874,111.0
31875,113.0
31876,120.0
31877,118.0
31878,140.0
31879,117.0
31880,118.0
31881,121.0
31882,109.0
31883,112.0
31884,101.0
31885,95.0
31886,85.0
31887,69.0
31888,61.0
31889,72.0
31890,74.0
31891,73.0
31892,90.0
31893,93.0
31894,90.0
31895,106.0
31896,97.0
31897,98.0
31898,116.0
31899,144.0
31900,119.0
31901,143.0
31902,140.0
31903,117.0
31904,108.0
31905,119.0
31906,115.0
31907,115.0
31908,123.0
31909,106.0
31910,90.0
31911,127.0
31912,139.0
31913,128.0
31914,105.0
31915,117.0
31916,123.0
31917,141.0
31918,121.0
31919,110.0
31920,116.0
31921,148.0
31922,150.0
31923,114.0
31924,89.0
31925,72.0
31926,97.0
31927,77.0
31928,77.0
31929,68.0
31930,59.0
31931,35.0
31932,26.0
31933,5.0
31934,12.0
31935,15.0
31936,18.0
31937,18.0
31938,19.0
31939,23.0
31940,36.0
31941,43.0
31942,39.0
31943,44.0
31944,73.0
31945,85.0
31946,81.0
31947,64.0
31948,54.0
31949,38.0
31950,27.0
31951,31.0
31952,31.0
31953,22.0
31954,22.0
31955,20.0
31956,22.0
31957,11.0
31958,11.0
31959,11.0
31960,18.0
31961,17.0
31962,39.0
31963,50.0
31964,47.0
31965,49.0
31966,52.0
31967,70.0
31968,95.0
31969,101.0
31970,59.0
31971,54.0
31972,47.0
31973,28.0
31974,31.0
31975,26.0
31976,29.0
31977,27.0
31978,29.0
31979,27.0
31980,33.0
31981,31.0
31982,44.0
31983,38.0
31984,37.0
31985,42.0
31986,37.0
31987,45.0
31988,41.0
31989,50.0
31990,49.0
31991,51.0
31992,53.0
31993,62.0
31994,65.0
31995,74.0
31996,74.0
31997,57.0
31998,50.0
31999,50.0
32000,37.0
32001,23.0
32002,16.0
32003,13.0
32004,16.0
32005,30.0
32006,30.0
32007,38.0
32008,75.0
32009,121.0
32010,98.0
32011,84.0
32012,71.0
32013,55.0
32014,50.0
32015,59.0
32016,57.0
32017,51.0
32018,47.0
32019,51.0
32020,51.0
32021,51.0
32022,56.0
32023,57.0
32024,59.0
32025,60.0
32026,62.0
32027,65.0
32028,60.0
32029,65.0
32030,67.0
32031,61.0
32032,54.0
32033,50.0
32034,48.0
32035,46.0
32036,55.0
32037,44.0
32038,38.0
32039,33.0
32040,37.0
32041,39.0
32042,40.0
32043,49.0
32044,57.0
32045,54.0
32046,60.0
32047,68.0
32048,69.0
32049,75.0
32050,84.0
32051,103.0
32052,94.0
32053,81.0
32054,75.0
32055,85.0
32056,74.0
32057,75.0
32058,72.0
32059,85.0
32060,101.0
32061,112.0
32062,116.0
32063,124.0
32064,124.0
32065,113.0
32066,118.0
32067,106.0
32068,73.0
32069,16.0
32070,20.0
32071,14.0
32072,16.0
32073,12.0
32074,9.0
32075,11.0
32076,9.0
32077,10.0
32078,9.0
32079,7.0
32080,10.0
32081,8.0
32082,12.0
32083,15.0
32084,12.0
32085,16.0
32086,14.0
32087,14.0
32088,8.0
32089,10.0
32090,10.0
32091,9.0
32092,6.0
32093,10.0
32094,13.0
32095,13.0
32096,16.0
32097,13.0
32098,10.0
32099,9.0
32100,4.0
32101,4.0
32102,8.0
32103,4.0
32104,10.0
32105,13.0
32106,18.0
32107,34.0
32108,36.0
32109,33.0
32110,31.0
32111,34.0
32112,49.0
32113,35.0
32114,43.0
32115,39.0
32116,30.0
32117,18.0
32118,21.0
32119,25.0
32120,27.0
32121,19.0
32122,13.0
32123,12.0
32124,10.0
32125,10.0
32126,14.0
32127,15.0
32128,18.0
32129,21.0
32130,16.0
32131,24.0
32132,17.0
32133,22.0
32134,38.0
32135,55.0
32136,76.0
32137,73.0
32138,55.0
32139,39.0
32140,37.0
32141,40.0
32142,42.0
32143,39.0
32144,35.0
32145,33.0
32146,31.0
32147,35.0
32148,33.0
32149,30.0
32150,42.0
32151,45.0
32152,49.0
32153,55.0
32154,64.0
32155,66.0
32156,69.0
32157,65.0
32158,55.0
32159,71.0
32160,84.0
32161,89.0
32162,29.0
32163,33.0
32164,33.0
32165,41.0
32166,47.0
32167,43.0
32168,44.0
32169,45.0
32170,49.0
32171,43.0
32172,47.0
32173,57.0
32174,55.0
32175,65.0
32176,74.0
32177,74.0
32178,76.0
32179,82.0
32180,89.0
32181,87.0
32182,80.0
32183,82.0
32184,95.0
32185,102.0
32186,96.0
32187,122.0
32188,132.0
32189,112.0
32190,99.0
32191,79.0
32192,66.0
32193,66.0
32194,76.0
32195,80.0
32196,89.0
32197,93.0
32198,98.0
32199,109.0
32200,109.0
32201,115.0
32202,124.0
32203,119.0
32204,101.0
32205,103.0
32206,123.0
32207,133.0
32208,135.0
32209,144.0
32210,160.0
32211,149.0
32212,38.0
32213,38.0
32214,50.0
32215,58.0
32216,62.0
32217,58.0
32218,67.0
32219,77.0
32220,85.0
32221,74.0
32222,72.0
32223,68.0
32224,68.0
32225,70.0
32226,65.0
32227,81.0
32228,90.0
32229,86.0
32230,67.0
32231,31.0
32232,19.0
32233,19.0
32234,21.0
32235,17.0
32236,14.0
32237,12.0
32238,13.0
32239,16.0
32240,15.0
32241,14.0
32242,11.0
32243,14.0
32244,13.0
32245,13.0
32246,14.0
32247,16.0
32248,20.0
32249,34.0
32250,48.0
32251,52.0
32252,57.0
32253,48.0
32254,60.0
32255,62.0
32256,61.0
32257,68.0
32258,67.0
32259,72.0
32260,65.0
32261,64.0
32262,55.0
32263,62.0
32264,66.0
32265,65.0
32266,70.0
32267,69.0
32268,68.0
32269,74.0
32270,64.0
32271,67.0
32272,73.0
32273,88.0
32274,103.0
32275,111.0
32276,117.0
32277,118.0
32278,128.0
32279,132.0
32280,140.0
32281,142.0
32282,142.0
32283,124.0
32284,131.0
32285,113.0
32286,118.0
32287,101.0
32288,101.0
32289,92.0
32290,70.0
32291,39.0
32292,27.0
32293,25.0
32294,20.0
32295,26.0
32296,24.0
32297,29.0
32298,31.0
32299,51.0
32300,79.0
32301,90.0
32302,123.0
32303,123.0
32304,126.0
32305,128.0
32306,95.0
32307,94.0
32308,47.0
32309,36.0
32310,33.0
32311,42.0
32312,50.0
32313,72.0
32314,225.0
32315,93.0
32316,103.0
32317,126.0
32318,125.0
32319,119.0
32320,138.0
32321,161.0
32322,190.0
32323,212.0
32324,159.0
32325,137.0
32326,46.0
32327,45.0
32328,53.0
32329,57.0
32330,59.0
32331,60.0
32332,66.0
32333,70.0
32334,98.0
32335,112.0
32336,114.0
32337,138.0
32338,113.0
32339,92.0
32340,75.0
32341,70.0
32342,69.0
32343,78.0
32344,80.0
32345,84.0
32346,89.0
32347,99.0
32348,103.0
32349,119.0
32350,106.0
32351,98.0
32352,104.0
32353,106.0
32354,107.0
32355,106.0
32356,114.0
32357,116.0
32358,124.0
32359,142.0
32360,102.0
32361,35.0
32362,9.0
32363,9.0
32364,15.0
32365,9.0
32366,11.0
32367,10.0
32368,12.0
32369,13.0
32370,17.0
32371,61.0
32372,68.0
32373,97.0
32374,110.0
32375,115.0
32376,98.0
32377,86.0
32378,50.0
32379,39.0
32380,24.0
32381,26.0
32382,35.0
32383,33.0
32384,36.0
32385,92.0
32386,92.0
32387,91.0
32388,90.0
32389,67.0
32390,70.0
32391,73.0
32392,72.0
32393,87.0
32394,113.0
32395,90.0
32396,80.0
32397,85.0
32398,98.0
32399,106.0
32400,109.0
32401,119.0
32402,127.0
32403,132.0
32404,132.0
32405,151.0
32406,164.0
32407,166.0
32408,159.0
32409,163.0
32410,153.0
32411,140.0
32412,126.0
32413,124.0
32414,149.0
32415,160.0
32416,191.0
32417,178.0
32418,183.0
32419,198.0
32420,204.0
32421,213.0
32422,132.0
32423,46.0
32424,86.0
32425,69.0
32426,60.0
32427,59.0
32428,54.0
32429,53.0
32430,50.0
32431,50.0
32432,52.0
32433,72.0
32434,80.0
32435,88.0
32436,104.0
32437,122.0
32438,134.0
32439,135.0
32440,166.0
32441,170.0
32442,186.0
32443,198.0
32444,126.0
32445,113.0
32446,134.0
32447,144.0
32448,151.0
32449,146.0
32450,116.0
32451,127.0
32452,121.0
32453,111.0
32454,107.0
32455,104.0
32456,92.0
32457,91.0
32458,83.0
32459,58.0
32460,39.0
32461,12.0
32462,12.0
32463,12.0
32464,12.0
32465,17.0
32466,32.0
32467,27.0
32468,37.0
32469,31.0
32470,66.0
32471,52.0
32472,17.0
32473,20.0
32474,19.0
32475,13.0
32476,16.0
32477,8.0
32478,10.0
32479,15.0
32480,10.0
32481,12.0
32482,16.0
32483,22.0
32484,29.0
32485,28.0
32486,26.0
32487,28.0
32488,29.0
32489,28.0
32490,32.0
32491,42.0
32492,45.0
32493,39.0
32494,40.0
32495,32.0
32496,26.0
32497,29.0
32498,35.0
32499,64.0
32500,60.0
32501,75.0
32502,88.0
32503,60.0
32504,62.0
32505,66.0
32506,62.0
32507,54.0
32508,58.0
32509,56.0
32510,37.0
32511,37.0
32512,46.0
32513,50.0
32514,57.0
32515,64.0
32516,70.0
32517,70.0
32518,113.0
32519,113.0
32520,130.0
32521,117.0
32522,117.0
32523,98.0
32524,90.0
32525,87.0
32526,85.0
32527,84.0
32528,84.0
32529,85.0
32530,94.0
32531,91.0
32532,97.0
32533,94.0
32534,93.0
32535,95.0
32536,93.0
32537,102.0
32538,108.0
32539,114.0
32540,179.0
32541,117.0
32542,116.0
32543,118.0
32544,121.0
32545,132.0
32546,128.0
32547,126.0
32548,113.0
32549,106.0
32550,98.0
32551,104.0
32552,110.0
32553,126.0
32554,151.0
32555,148.0
32556,139.0
32557,105.0
32558,106.0
32559,95.0
32560,90.0
32561,90.0
32562,110.0
32563,119.0
32564,121.0
32565,116.0
32566,106.0
32567,113.0
32568,113.0
32569,123.0
32570,118.0
32571,114.0
32572,131.0
32573,128.0
32574,128.0
32575,120.0
32576,125.0
32577,126.0
32578,124.0
32579,129.0
32580,108.0
32581,109.0
32582,103.0
32583,112.0
32584,124.0
32585,126.0
32586,121.0
32587,128.0
32588,129.0
32589,140.0
32590,138.0
32591,153.0
32592,156.0
32593,153.0
32594,147.0
32595,131.0
32596,114.0
32597,98.0
32598,87.0
32599,59.0
32600,38.0
32601,29.0
32602,15.0
32603,7.0
32604,12.0
32605,12.0
32606,12.0
32607,16.0
32608,16.0
32609,29.0
32610,49.0
32611,54.0
32612,75.0
32613,71.0
32614,94.0
32615,89.0
32616,77.0
32617,74.0
32618,75.0
32619,63.0
32620,53.0
32621,34.0
32622,42.0
32623,41.0
32624,39.0
32625,46.0
32626,51.0
32627,54.0
32628,56.0
32629,59.0
32630,63.0
32631,38.0
32632,37.0
32633,61.0
32634,83.0
32635,48.0
32636,36.0
32637,32.0
32638,35.0
32639,37.0
32640,43.0
32641,38.0
32642,42.0
32643,43.0
32644,62.0
32645,69.0
32646,67.0
32647,72.0
32648,93.0
32649,91.0
32650,85.0
32651,77.0
32652,96.0
32653,107.0
32654,101.0
32655,111.0
32656,111.0
32657,120.0
32658,137.0
32659,135.0
32660,134.0
32661,149.0
32662,152.0
32663,161.0
32664,162.0
32665,158.0
32666,137.0
32667,110.0
32668,69.0
32669,18.0
32670,14.0
32671,10.0
32672,6.0
32673,8.0
32674,9.0
32675,10.0
32676,13.0
32677,10.0
32678,13.0
32679,11.0
32680,10.0
32681,12.0
32682,17.0
32683,22.0
32684,23.0
32685,16.0
32686,44.0
32687,30.0
32688,23.0
32689,17.0
32690,10.0
32691,9.0
32692,11.0
32693,10.0
32694,11.0
32695,9.0
32696,11.0
32697,11.0
32698,11.0
32699,11.0
32700,10.0
32701,7.0
32702,7.0
32703,9.0
32704,11.0
32705,13.0
32706,17.0
32707,31.0
32708,36.0
32709,29.0
32710,25.0
32711,13.0
32712,10.0
32713,7.0
32714,8.0
32715,14.0
32716,19.0
32717,30.0
32718,27.0
32719,23.0
32720,20.0
32721,16.0
32722,11.0
32723,11.0
32724,10.0
32725,23.0
32726,9.0
32727,8.0
32728,11.0
32729,14.0
32730,19.0
32731,22.0
32732,22.0
32733,26.0
32734,28.0
32735,47.0
32736,62.0
32737,37.0
32738,36.0
32739,33.0
32740,28.0
32741,30.0
32742,27.0
32743,22.0
32744,20.0
32745,30.0
32746,55.0
32747,48.0
32748,55.0
32749,72.0
32750,66.0
32751,64.0
32752,53.0
32753,47.0
32754,51.0
32755,69.0
32756,107.0
32757,114.0
32758,138.0
32759,187.0
32760,184.0
32761,146.0
32762,139.0
32763,143.0
32764,129.0
32765,126.0
32766,137.0
32767,113.0
32768,127.0
32769,148.0
32770,159.0
32771,161.0
32772,166.0
32773,202.0
32774,229.0
32775,229.0
32776,254.0
32777,259.0
32778,281.0
32779,292.0
32780,298.0
32781,266.0
32782,250.0
32783,211.0
32784,207.0
32785,209.0
32786,210.0
32787,217.0
32788,226.0
32789,232.0
32790,238.0
32791,253.0
32792,269.0
32793,272.0
32794,273.0
32795,265.0
32796,236.0
32797,213.0
32798,221.0
32799,234.0
32800,237.0
32801,246.0
32802,262.0
32803,274.0
32804,283.0
32805,272.0
32806,286.0
32807,289.0
32808,280.0
32809,286.0
32810,284.0
32811,259.0
32812,233.0
32813,226.0
32814,232.0
32815,228.0
32816,221.0
32817,211.0
32818,204.0
32819,207.0
32820,228.0
32821,222.0
32822,210.0
32823,212.0
32824,219.0
32825,213.0
32826,221.0
32827,208.0
32828,207.0
32829,208.0
32830,210.0
32831,210.0
32832,214.0
32833,221.0
32834,226.0
32835,228.0
32836,202.0
32837,122.0
32838,100.0
32839,98.0
32840,120.0
32841,127.0
32842,128.0
32843,125.0
32844,114.0
32845,102.0
32846,103.0
32847,84.0
32848,92.0
32849,93.0
32850,114.0
32851,164.0
32852,200.0
32853,208.0
32854,188.0
32855,173.0
32856,170.0
32857,169.0
32858,152.0
32859,147.0
32860,136.0
32861,145.0
32862,134.0
32863,131.0
32864,115.0
32865,36.0
32866,23.0
32867,27.0
32868,23.0
32869,16.0
32870,10.0
32871,12.0
32872,12.0
32873,13.0
32874,26.0
32875,64.0
32876,50.0
32877,34.0
32878,36.0
32879,34.0
32880,36.0
32881,37.0
32882,37.0
32883,24.0
32884,11.0
32885,9.0
32886,11.0
32887,13.0
32888,8.0
32889,7.0
32890,5.0
32891,6.0
32892,10.0
32893,9.0
32894,5.0
32895,8.0
32896,13.0
32897,16.0
32898,21.0
32899,27.0
32900,26.0
32901,46.0
32902,41.0
32903,43.0
32904,42.0
32905,60.0
32906,53.0
32907,51.0
32908,43.0
32909,36.0
32910,36.0
32911,45.0
32912,48.0
32913,95.0
32914,94.0
32915,96.0
32916,95.0
32917,85.0
32918,81.0
32919,71.0
32920,65.0
32921,59.0
32922,58.0
32923,58.0
32924,57.0
32925,55.0
32926,42.0
32927,40.0
32928,47.0
32929,58.0
32930,55.0
32931,58.0
32932,67.0
32933,63.0
32934,75.0
32935,83.0
32936,95.0
32937,119.0
32938,127.0
32939,139.0
32940,159.0
32941,170.0
32942,172.0
32943,168.0
32944,170.0
32945,180.0
32946,214.0
32947,276.0
32948,357.0
32949,388.0
32950,403.0
32951,393.0
32952,395.0
32953,379.0
32954,346.0
32955,319.0
32956,282.0
32957,290.0
32958,294.0
32959,310.0
32960,322.0
32961,308.0
32962,301.0
32963,296.0
32964,277.0
32965,269.0
32966,250.0
32967,229.0
32968,242.0
32969,255.0
32970,316.0
32971,342.0
32972,337.0
32973,308.0
32974,324.0
32975,353.0
32976,365.0
32977,320.0
32978,278.0
32979,244.0
32980,251.0
32981,252.0
32982,197.0
32983,260.0
32984,229.0
32985,143.0
32986,147.0
32987,152.0
32988,171.0
32989,168.0
32990,183.0
32991,179.0
32992,185.0
32993,177.0
32994,188.0
32995,206.0
32996,211.0
32997,205.0
32998,210.0
32999,201.0
33000,196.0
33001,192.0
33002,187.0
33003,185.0
33004,173.0
33005,166.0
33006,161.0
33007,160.0
33008,113.0
33009,66.0
33010,38.0
33011,41.0
33012,33.0
33013,23.0
33014,15.0
33015,15.0
33016,17.0
33017,24.0
33018,42.0
33019,50.0
33020,55.0
33021,86.0
33022,77.0
33023,76.0
33024,81.0
33025,66.0
33026,32.0
33027,38.0
33028,38.0
33029,55.0
33030,49.0
33031,43.0
33032,42.0
33033,56.0
33034,67.0
33035,65.0
33036,60.0
33037,54.0
33038,58.0
33039,58.0
33040,62.0
33041,69.0
33042,73.0
33043,95.0
33044,86.0
33045,74.0
33046,84.0
33047,97.0
33048,98.0
33049,96.0
33050,92.0
33051,92.0
33052,92.0
33053,99.0
33054,102.0
33055,113.0
33056,110.0
33057,114.0
33058,112.0
33059,108.0
33060,125.0
33061,148.0
33062,176.0
33063,177.0
33064,182.0
33065,181.0
33066,197.0
33067,197.0
33068,226.0
33069,224.0
33070,247.0
33071,208.0
33072,194.0
33073,203.0
33074,203.0
33075,203.0
33076,200.0
33077,193.0
33078,205.0
33079,207.0
33080,146.0
33081,21.0
33082,14.0
33083,16.0
33084,19.0
33085,16.0
33086,11.0
33087,12.0
33088,9.0
33089,11.0
33090,9.0
33091,10.0
33092,10.0
33093,8.0
33094,16.0
33095,22.0
33096,23.0
33097,27.0
33098,19.0
33099,19.0
33100,21.0
33101,25.0
33102,30.0
33103,46.0
33104,51.0
33105,45.0
33106,39.0
33107,28.0
33108,38.0
33109,47.0
33110,46.0
33111,50.0
33112,64.0
33113,78.0
33114,111.0
33115,102.0
33116,149.0
33117,158.0
33118,107.0
33119,100.0
33120,92.0
33121,72.0
33122,66.0
33123,57.0
33124,63.0
33125,75.0
33126,70.0
33127,63.0
33128,57.0
33129,49.0
33130,51.0
33131,52.0
33132,47.0
33133,50.0
33134,64.0
33135,82.0
33136,84.0
33137,59.0
33138,65.0
33139,81.0
33140,106.0
33141,98.0
33142,92.0
33143,96.0
33144,91.0
33145,48.0
33146,51.0
33147,38.0
33148,33.0
33149,34.0
33150,39.0
33151,45.0
33152,46.0
33153,44.0
33154,46.0
33155,57.0
33156,57.0
33157,61.0
33158,63.0
33159,76.0
33160,73.0
33161,70.0
33162,55.0
33163,59.0
33164,59.0
33165,72.0
33166,73.0
33167,86.0
33168,77.0
33169,86.0
33170,100.0
33171,103.0
33172,88.0
33173,80.0
33174,48.0
33175,39.0
33176,20.0
33177,17.0
33178,14.0
33179,13.0
33180,12.0
33181,16.0
33182,11.0
33183,8.0
33184,8.0
33185,16.0
33186,28.0
33187,22.0
33188,27.0
33189,28.0
33190,21.0
33191,26.0
33192,25.0
33193,5.0
33194,7.0
33195,10.0
33196,9.0
33197,8.0
33198,13.0
33199,18.0
33200,13.0
33201,17.0
33202,9.0
33203,9.0
33204,12.0
33205,8.0
33206,15.0
33207,17.0
33208,18.0
33209,28.0
33210,29.0
33211,49.0
33212,54.0
33213,59.0
33214,60.0
33215,67.0
33216,59.0
33217,71.0
33218,69.0
33219,64.0
33220,38.0
33221,41.0
33222,51.0
33223,72.0
33224,50.0
33225,42.0
33226,46.0
33227,43.0
33228,40.0
33229,29.0
33230,34.0
33231,30.0
33232,26.0
33233,38.0
33234,70.0
33235,97.0
33236,107.0
33237,107.0
33238,139.0
33239,174.0
33240,181.0
33241,179.0
33242,169.0
33243,172.0
33244,163.0
33245,161.0
33246,142.0
33247,98.0
33248,113.0
33249,129.0
33250,159.0
33251,207.0
33252,178.0
33253,148.0
33254,131.0
33255,95.0
33256,144.0
33257,159.0
33258,170.0
33259,175.0
33260,189.0
33261,206.0
33262,216.0
33263,224.0
33264,231.0
33265,233.0
33266,262.0
33267,282.0
33268,259.0
33269,244.0
33270,227.0
33271,235.0
33272,225.0
33273,247.0
33274,226.0
33275,218.0
33276,232.0
33277,252.0
33278,231.0
33279,227.0
33280,234.0
33281,234.0
33282,251.0
33283,271.0
33284,302.0
33285,273.0
33286,277.0
33287,283.0
33288,263.0
33289,268.0
33290,273.0
33291,260.0
33292,162.0
33293,68.0
33294,32.0
33295,30.0
33296,30.0
33297,17.0
33298,12.0
33299,12.0
33300,20.0
33301,17.0
33302,13.0
33303,12.0
33304,12.0
33305,15.0
33306,13.0
33307,17.0
33308,15.0
33309,13.0
33310,18.0
33311,40.0
33312,29.0
33313,20.0
33314,30.0
33315,21.0
33316,18.0
33317,30.0
33318,29.0
33319,31.0
33320,29.0
33321,24.0
33322,18.0
33323,17.0
33324,11.0
33325,14.0
33326,18.0
33327,16.0
33328,23.0
33329,28.0
33330,34.0
33331,46.0
33332,46.0
33333,55.0
33334,57.0
33335,66.0
33336,70.0
33337,90.0
33338,113.0
33339,114.0
33340,106.0
33341,99.0
33342,97.0
33343,89.0
33344,82.0
33345,92.0
33346,115.0
33347,128.0
33348,110.0
33349,99.0
33350,87.0
33351,72.0
33352,79.0
33353,69.0
33354,77.0
33355,93.0
33356,122.0
33357,121.0
33358,134.0
33359,146.0
33360,149.0
33361,143.0
33362,141.0
33363,166.0
33364,187.0
33365,193.0
33366,184.0
33367,174.0
33368,182.0
33369,187.0
33370,184.0
33371,166.0
33372,151.0
33373,144.0
33374,140.0
33375,133.0
33376,148.0
33377,154.0
33378,95.0
33379,95.0
33380,125.0
33381,116.0
33382,95.0
33383,73.0
33384,58.0
33385,51.0
33386,49.0
33387,27.0
33388,21.0
33389,21.0
33390,16.0
33391,22.0
33392,27.0
33393,26.0
33394,26.0
33395,18.0
33396,17.0
33397,15.0
33398,20.0
33399,21.0
33400,24.0
33401,27.0
33402,49.0
33403,25.0
33404,18.0
33405,17.0
33406,12.0
33407,11.0
33408,9.0
33409,13.0
33410,12.0
33411,13.0
33412,12.0
33413,14.0
33414,21.0
33415,25.0
33416,18.0
33417,17.0
33418,17.0
33419,17.0
33420,23.0
33421,22.0
33422,22.0
33423,22.0
33424,25.0
33425,33.0
33426,36.0
33427,38.0
33428,38.0
33429,41.0
33430,45.0
33431,37.0
33432,42.0
33433,40.0
33434,41.0
33435,40.0
33436,41.0
33437,36.0
33438,36.0
33439,43.0
33440,43.0
33441,36.0
33442,31.0
33443,26.0
33444,28.0
33445,26.0
33446,25.0
33447,23.0
33448,31.0
33449,36.0
33450,100.0
33451,84.0
33452,73.0
33453,92.0
33454,110.0
33455,52.0
33456,34.0
33457,39.0
33458,39.0
33459,42.0
33460,36.0
33461,41.0
33462,39.0
33463,40.0
33464,38.0
33465,38.0
33466,47.0
33467,44.0
33468,56.0
33469,62.0
33470,50.0
33471,47.0
33472,57.0
33473,71.0
33474,91.0
33475,129.0
33476,150.0
33477,168.0
33478,188.0
33479,215.0
33480,165.0
33481,178.0
33482,199.0
33483,196.0
33484,144.0
33485,107.0
33486,108.0
33487,113.0
33488,127.0
33489,155.0
33490,197.0
33491,222.0
33492,245.0
33493,241.0
33494,258.0
33495,243.0
33496,234.0
33497,274.0
33498,295.0
33499,310.0
33500,335.0
33501,347.0
33502,385.0
33503,407.0
33504,402.0
33505,348.0
33506,318.0
33507,270.0
33508,273.0
33509,274.0
33510,273.0
33511,269.0
33512,282.0
33513,279.0
33514,275.0
33515,284.0
33516,274.0
33517,275.0
33518,270.0
33519,292.0
33520,321.0
33521,327.0
33522,348.0
33523,393.0
33524,386.0
33525,385.0
33526,359.0
33527,367.0
33528,144.0
33529,28.0
33530,15.0
33531,13.0
33532,16.0
33533,17.0
33534,20.0
33535,24.0
33536,21.0
33537,14.0
33538,9.0
33539,7.0
33540,10.0
33541,10.0
33542,12.0
33543,12.0
33544,17.0
33545,38.0
33546,35.0
33547,36.0
33548,46.0
33549,52.0
33550,57.0
33551,64.0
33552,103.0
33553,123.0
33554,128.0
33555,135.0
33556,87.0
33557,46.0
33558,37.0
33559,44.0
33560,37.0
33561,37.0
33562,37.0
33563,51.0
33564,70.0
33565,74.0
33566,111.0
33567,101.0
33568,103.0
33569,124.0
33570,160.0
33571,164.0
33572,156.0
33573,142.0
33574,136.0
33575,165.0
33576,187.0
33577,224.0
33578,192.0
33579,135.0
33580,126.0
33581,121.0
33582,118.0
33583,118.0
33584,118.0
33585,112.0
33586,126.0
33587,127.0
33588,122.0
33589,131.0
33590,141.0
33591,151.0
33592,149.0
33593,174.0
33594,233.0
33595,218.0
33596,211.0
33597,229.0
33598,280.0
33599,274.0
33600,289.0
33601,311.0
33602,299.0
33603,308.0
33604,297.0
33605,233.0
33606,178.0
33607,167.0
33608,139.0
33609,145.0
33610,166.0
33611,189.0
33612,190.0
33613,254.0
33614,266.0
33615,241.0
33616,206.0
33617,177.0
33618,180.0
33619,175.0
33620,188.0
33621,209.0
33622,205.0
33623,196.0
33624,195.0
33625,205.0
33626,213.0
33627,223.0
33628,231.0
33629,238.0
33630,242.0
33631,247.0
33632,290.0
33633,297.0
33634,323.0
33635,356.0
33636,388.0
33637,329.0
33638,310.0
33639,292.0
33640,309.0
33641,285.0
33642,284.0
33643,331.0
33644,320.0
33645,325.0
33646,316.0
33647,334.0
33648,326.0
33649,314.0
33650,212.0
33651,52.0
33652,22.0
33653,12.0
33654,14.0
33655,12.0
33656,13.0
33657,11.0
33658,15.0
33659,14.0
33660,10.0
33661,10.0
33662,10.0
33663,7.0
33664,6.0
33665,16.0
33666,13.0
33667,13.0
33668,11.0
33669,11.0
33670,6.0
33671,9.0
33672,24.0
33673,19.0
33674,26.0
33675,27.0
33676,44.0
33677,46.0
33678,47.0
33679,48.0
33680,41.0
33681,33.0
33682,33.0
33683,32.0
33684,38.0
33685,41.0
33686,25.0
33687,27.0
33688,33.0
33689,46.0
33690,62.0
33691,79.0
33692,105.0
33693,115.0
33694,129.0
33695,158.0
33696,178.0
33697,227.0
33698,223.0
33699,170.0
33700,152.0
33701,142.0
33702,135.0
33703,151.0
33704,162.0
33705,163.0
33706,185.0
33707,188.0
33708,183.0
33709,182.0
33710,163.0
33711,173.0
33712,190.0
33713,221.0
33714,254.0
33715,260.0
33716,286.0
33717,304.0
33718,295.0
33719,296.0
33720,270.0
33721,247.0
33722,266.0
33723,263.0
33724,239.0
33725,238.0
33726,206.0
33727,183.0
33728,159.0
33729,162.0
33730,173.0
33731,149.0
33732,34.0
33733,26.0
33734,18.0
33735,15.0
33736,13.0
33737,12.0
33738,11.0
33739,12.0
33740,8.0
33741,6.0
33742,8.0
33743,10.0
33744,7.0
33745,7.0
33746,8.0
33747,7.0
33748,8.0
33749,15.0
33750,15.0
33751,27.0
33752,20.0
33753,17.0
33754,18.0
33755,24.0
33756,27.0
33757,38.0
33758,31.0
33759,35.0
33760,51.0
33761,56.0
33762,66.0
33763,89.0
33764,108.0
33765,112.0
33766,118.0
33767,164.0
33768,196.0
33769,188.0
33770,217.0
33771,174.0
33772,167.0
33773,151.0
33774,138.0
33775,121.0
33776,123.0
33777,110.0
33778,109.0
33779,128.0
33780,143.0
33781,159.0
33782,164.0
33783,175.0
33784,177.0
33785,191.0
33786,178.0
33787,195.0
33788,181.0
33789,169.0
33790,173.0
33791,178.0
33792,170.0
33793,160.0
33794,161.0
33795,164.0
33796,171.0
33797,178.0
33798,176.0
33799,179.0
33800,175.0
33801,179.0
33802,148.0
33803,118.0
33804,79.0
33805,115.0
33806,46.0
33807,32.0
33808,20.0
33809,6.0
33810,6.0
33811,7.0
33812,13.0
33813,8.0
33814,6.0
33815,8.0
33816,6.0
33817,3.0
33818,4.0
33819,3.0
33820,3.0
33821,6.0
33822,8.0
33823,9.0
33824,10.0
33825,14.0
33826,9.0
33827,5.0
33828,6.0
33829,5.0
33830,12.0
33831,9.0
33832,17.0
33833,46.0
33834,53.0
33835,72.0
33836,78.0
33837,56.0
33838,16.0
33839,14.0
33840,25.0
33841,20.0
33842,23.0
33843,21.0
33844,24.0
33845,15.0
33846,17.0
33847,26.0
33848,23.0
33849,27.0
33850,20.0
33851,14.0
33852,15.0
33853,38.0
33854,38.0
33855,42.0
33856,48.0
33857,52.0
33858,66.0
33859,76.0
33860,81.0
33861,87.0
33862,98.0
33863,103.0
33864,125.0
33865,123.0
33866,135.0
33867,150.0
33868,102.0
33869,89.0
33870,58.0
33871,45.0
33872,52.0
33873,45.0
33874,38.0
33875,18.0
33876,25.0
33877,24.0
33878,15.0
33879,14.0
33880,17.0
33881,36.0
33882,49.0
33883,55.0
33884,54.0
33885,73.0
33886,82.0
33887,76.0
33888,90.0
33889,106.0
33890,124.0
33891,123.0
33892,128.0
33893,132.0
33894,155.0
33895,163.0
33896,157.0
33897,160.0
33898,185.0
33899,189.0
33900,198.0
33901,216.0
33902,225.0
33903,248.0
33904,270.0
33905,296.0
33906,283.0
33907,261.0
33908,264.0
33909,282.0
33910,252.0
33911,252.0
33912,211.0
33913,199.0
33914,235.0
33915,114.0
33916,23.0
33917,18.0
33918,19.0
33919,14.0
33920,23.0
33921,21.0
33922,14.0
33923,24.0
33924,22.0
33925,24.0
33926,27.0
33927,27.0
33928,69.0
33929,64.0
33930,65.0
33931,65.0
33932,76.0
33933,72.0
33934,78.0
33935,81.0
33936,88.0
33937,93.0
33938,106.0
33939,108.0
33940,115.0
33941,145.0
33942,164.0
33943,272.0
33944,172.0
33945,106.0
33946,70.0
33947,76.0
33948,67.0
33949,69.0
33950,118.0
33951,108.0
33952,84.0
33953,80.0
33954,93.0
33955,93.0
33956,101.0
33957,116.0
33958,187.0
33959,210.0
33960,216.0
33961,214.0
33962,188.0
33963,150.0
33964,71.0
33965,47.0
33966,43.0
33967,32.0
33968,32.0
33969,18.0
33970,14.0
33971,11.0
33972,10.0
33973,13.0
33974,8.0
33975,7.0
33976,6.0
33977,9.0
33978,7.0
33979,5.0
33980,5.0
33981,8.0
33982,11.0
33983,11.0
33984,27.0
33985,37.0
33986,48.0
33987,21.0
33988,12.0
33989,8.0
33990,12.0
33991,9.0
33992,6.0
33993,8.0
33994,9.0
33995,8.0
33996,9.0
33997,12.0
33998,11.0
33999,9.0
34000,9.0
34001,12.0
34002,10.0
34003,10.0
34004,10.0
34005,9.0
34006,12.0
34007,14.0
34008,13.0
34009,17.0
34010,12.0
34011,10.0
34012,6.0
34013,11.0
34014,7.0
34015,12.0
34016,11.0
34017,9.0
34018,8.0
34019,7.0
34020,14.0
34021,13.0
34022,9.0
34023,9.0
34024,8.0
34025,9.0
34026,20.0
34027,14.0
34028,17.0
34029,10.0
34030,16.0
34031,19.0
34032,14.0
34033,14.0
34034,14.0
34035,12.0
34036,10.0
34037,15.0
34038,16.0
34039,17.0
34040,25.0
34041,22.0
34042,15.0
34043,20.0
34044,20.0
34045,23.0
34046,26.0
34047,29.0
34048,73.0
34049,71.0
34050,80.0
34051,94.0
34052,94.0
34053,87.0
34054,93.0
34055,116.0
34056,138.0
34057,130.0
34058,130.0
34059,134.0
34060,71.0
34061,57.0
34062,75.0
34063,62.0
34064,69.0
34065,48.0
34066,43.0
34067,32.0
34068,24.0
34069,20.0
34070,20.0
34071,19.0
34072,30.0
34073,32.0
34074,70.0
34075,89.0
34076,121.0
34077,131.0
34078,144.0
34079,174.0
34080,191.0
34081,205.0
34082,197.0
34083,154.0
34084,83.0
34085,103.0
34086,128.0
34087,161.0
34088,86.0
34089,71.0
34090,77.0
34091,63.0
34092,54.0
34093,61.0
34094,43.0
34095,50.0
34096,70.0
34097,158.0
34098,141.0
34099,166.0
34100,206.0
34101,218.0
34102,226.0
34103,232.0
34104,239.0
34105,230.0
34106,165.0
34107,163.0
34108,128.0
34109,69.0
34110,54.0
34111,57.0
34112,58.0
34113,68.0
34114,59.0
34115,63.0
34116,74.0
34117,82.0
34118,125.0
34119,203.0
34120,176.0
34121,185.0
34122,212.0
34123,323.0
34124,347.0
34125,352.0
34126,365.0
34127,383.0
34128,314.0
34129,347.0
34130,387.0
34131,394.0
34132,280.0
34133,218.0
34134,201.0
34135,163.0
34136,147.0
34137,143.0
34138,153.0
34139,145.0
34140,122.0
34141,107.0
34142,141.0
34143,199.0
34144,222.0
34145,249.0
34146,267.0
34147,271.0
34148,273.0
34149,256.0
34150,218.0
34151,229.0
34152,251.0
34153,303.0
34154,347.0
34155,210.0
34156,98.0
34157,49.0
34158,41.0
34159,47.0
34160,42.0
34161,46.0
34162,46.0
34163,58.0
34164,63.0
34165,69.0
34166,71.0
34167,79.0
34168,78.0
34169,74.0
34170,69.0
34171,68.0
34172,70.0
34173,38.0
34174,23.0
34175,15.0
34176,16.0
34177,24.0
34178,19.0
34179,11.0
34180,18.0
34181,18.0
34182,16.0
34183,17.0
34184,19.0
34185,27.0
34186,13.0
34187,16.0
34188,13.0
34189,17.0
34190,17.0
34191,14.0
34192,11.0
34193,14.0
34194,11.0
34195,96.0
34196,16.0
34197,29.0
34198,59.0
34199,67.0
34200,61.0
34201,97.0
34202,78.0
34203,51.0
34204,32.0
34205,26.0
34206,25.0
34207,21.0
34208,17.0
34209,16.0
34210,16.0
34211,13.0
34212,17.0
34213,22.0
34214,24.0
34215,16.0
34216,10.0
34217,8.0
34218,19.0
34219,26.0
34220,12.0
34221,8.0
34222,7.0
34223,7.0
34224,5.0
34225,6.0
34226,3.0
34227,5.0
34228,5.0
34229,6.0
34230,7.0
34231,5.0
34232,3.0
34233,5.0
34234,6.0
34235,13.0
34236,12.0
34237,10.0
34238,9.0
34239,12.0
34240,10.0
34241,8.0
34242,10.0
34243,9.0
34244,9.0
34245,7.0
34246,7.0
34247,6.0
34248,5.0
34249,2.0
34250,4.0
34251,4.0
34252,4.0
34253,10.0
34254,11.0
34255,10.0
34256,10.0
34257,13.0
34258,9.0
34259,9.0
34260,9.0
34261,23.0
34262,13.0
34263,10.0
34264,10.0
34265,33.0
34266,59.0
34267,91.0
34268,85.0
34269,88.0
34270,94.0
34271,46.0
34272,33.0
34273,38.0
34274,25.0
34275,21.0
34276,27.0
34277,19.0
34278,27.0
34279,37.0
34280,65.0
34281,63.0
34282,39.0
34283,37.0
34284,33.0
34285,32.0
34286,77.0
34287,74.0
34288,56.0
34289,122.0
34290,128.0
34291,105.0
34292,94.0
34293,90.0
34294,90.0
34295,97.0
34296,109.0
34297,95.0
34298,61.0
34299,34.0
34300,38.0
34301,40.0
34302,31.0
34303,22.0
34304,24.0
34305,25.0
34306,20.0
34307,15.0
34308,12.0
34309,14.0
34310,16.0
34311,20.0
34312,24.0
34313,23.0
34314,29.0
34315,35.0
34316,56.0
34317,36.0
34318,26.0
34319,28.0
34320,28.0
34321,36.0
34322,46.0
34323,57.0
34324,60.0
34325,90.0
34326,99.0
34327,125.0
34328,101.0
34329,93.0
34330,69.0
34331,43.0
34332,38.0
34333,44.0
34334,62.0
34335,83.0
34336,80.0
34337,63.0
34338,102.0
34339,130.0
34340,154.0
34341,135.0
34342,134.0
34343,161.0
34344,219.0
34345,202.0
34346,138.0
34347,107.0
34348,84.0
34349,97.0
34350,109.0
34351,140.0
34352,69.0
34353,76.0
34354,77.0
34355,87.0
34356,96.0
34357,88.0
34358,71.0
34359,93.0
34360,117.0
34361,138.0
34362,190.0
34363,197.0
34364,213.0
34365,211.0
34366,226.0
34367,233.0
34368,225.0
34369,159.0
34370,115.0
34371,87.0
34372,73.0
34373,60.0
34374,74.0
34375,82.0
34376,73.0
34377,50.0
34378,56.0
34379,48.0
34380,33.0
34381,30.0
34382,28.0
34383,30.0
34384,33.0
34385,46.0
34386,74.0
34387,136.0
34388,152.0
34389,159.0
34390,164.0
34391,167.0
34392,180.0
34393,187.0
34394,163.0
34395,185.0
34396,159.0
34397,139.0
34398,151.0
34399,113.0
34400,137.0
34401,92.0
34402,71.0
34403,73.0
34404,68.0
34405,47.0
34406,41.0
34407,43.0
34408,56.0
34409,69.0
34410,83.0
34411,130.0
34412,175.0
34413,155.0
34414,106.0
34415,83.0
34416,122.0
34417,162.0
34418,142.0
34419,70.0
34420,33.0
34421,25.0
34422,39.0
34423,33.0
34424,27.0
34425,25.0
34426,12.0
34427,9.0
34428,10.0
34429,11.0
34430,11.0
34431,13.0
34432,17.0
34433,32.0
34434,62.0
34435,42.0
34436,59.0
34437,66.0
34438,77.0
34439,84.0
34440,91.0
34441,112.0
34442,130.0
34443,139.0
34444,155.0
34445,163.0
34446,141.0
34447,182.0
34448,138.0
34449,119.0
34450,135.0
34451,159.0
34452,122.0
34453,81.0
34454,167.0
34455,246.0
34456,224.0
34457,115.0
34458,124.0
34459,152.0
34460,170.0
34461,269.0
34462,294.0
34463,330.0
34464,407.0
34465,430.0
34466,415.0
34467,343.0
34468,320.0
34469,244.0
34470,197.0
34471,172.0
34472,156.0
34473,166.0
34474,203.0
34475,277.0
34476,290.0
34477,366.0
34478,392.0
34479,421.0
34480,450.0
34481,443.0
34482,429.0
34483,439.0
34484,460.0
34485,480.0
34486,424.0
34487,440.0
34488,403.0
34489,403.0
34490,389.0
34491,432.0
34492,432.0
34493,435.0
34494,403.0
34495,379.0
34496,346.0
34497,354.0
34498,343.0
34499,266.0
34500,206.0
34501,184.0
34502,47.0
34503,13.0
34504,15.0
34505,15.0
34506,17.0
34507,11.0
34508,15.0
34509,12.0
34510,14.0
34511,12.0
34512,8.0
34513,8.0
34514,6.0
34515,7.0
34516,8.0
34517,8.0
34518,8.0
34519,11.0
34520,12.0
34521,11.0
34522,11.0
34523,9.0
34524,17.0
34525,12.0
34526,12.0
34527,10.0
34528,14.0
34529,12.0
34530,19.0
34531,20.0
34532,55.0
34533,68.0
34534,58.0
34535,63.0
34536,52.0
34537,44.0
34538,60.0
34539,64.0
34540,44.0
34541,38.0
34542,41.0
34543,29.0
34544,32.0
34545,41.0
34546,53.0
34547,24.0
34548,16.0
34549,14.0
34550,8.0
34551,9.0
34552,8.0
34553,10.0
34554,13.0
34555,11.0
34556,7.0
34557,14.0
34558,13.0
34559,9.0
34560,8.0
34561,6.0
34562,6.0
34563,5.0
34564,11.0
34565,9.0
34566,8.0
34567,23.0
34568,10.0
34569,16.0
34570,30.0
34571,35.0
34572,33.0
34573,33.0
34574,17.0
34575,29.0
34576,31.0
34577,34.0
34578,40.0
34579,75.0
34580,55.0
34581,76.0
34582,89.0
34583,60.0
34584,47.0
34585,53.0
34586,61.0
34587,48.0
34588,14.0
34589,39.0
34590,23.0
34591,10.0
34592,11.0
34593,10.0
34594,9.0
34595,12.0
34596,8.0
34597,6.0
34598,13.0
34599,10.0
34600,8.0
34601,9.0
34602,16.0
34603,23.0
34604,12.0
34605,16.0
34606,38.0
34607,49.0
34608,45.0
34609,48.0
34610,45.0
34611,39.0
34612,43.0
34613,51.0
34614,88.0
34615,92.0
34616,85.0
34617,87.0
34618,30.0
34619,57.0
34620,58.0
34621,49.0
34622,52.0
34623,79.0
34624,88.0
34625,114.0
34626,144.0
34627,101.0
34628,66.0
34629,68.0
34630,69.0
34631,71.0
34632,123.0
34633,118.0
34634,91.0
34635,69.0
34636,53.0
34637,51.0
34638,43.0
34639,53.0
34640,41.0
34641,28.0
34642,25.0
34643,26.0
34644,21.0
34645,17.0
34646,23.0
34647,28.0
34648,117.0
34649,125.0
34650,122.0
34651,92.0
34652,51.0
34653,61.0
34654,80.0
34655,52.0
34656,39.0
34657,48.0
34658,69.0
34659,42.0
34660,16.0
34661,16.0
34662,15.0
34663,22.0
34664,27.0
34665,24.0
34666,39.0
34667,44.0
34668,25.0
34669,29.0
34670,38.0
34671,48.0
34672,60.0
34673,67.0
34674,60.0
34675,79.0
34676,86.0
34677,98.0
34678,163.0
34679,271.0
34680,331.0
34681,291.0
34682,262.0
34683,201.0
34684,90.0
34685,73.0
34686,66.0
34687,88.0
34688,82.0
34689,84.0
34690,89.0
34691,117.0
34692,135.0
34693,143.0
34694,156.0
34695,174.0
34696,202.0
34697,194.0
34698,210.0
34699,247.0
34700,284.0
34701,281.0
34702,291.0
34703,310.0
34704,280.0
34705,302.0
34706,259.0
34707,198.0
34708,192.0
34709,127.0
34710,89.0
34711,40.0
34712,24.0
34713,26.0
34714,20.0
34715,19.0
34716,24.0
34717,27.0
34718,30.0
34719,26.0
34720,28.0
34721,39.0
34722,30.0
34723,27.0
34724,17.0
34725,13.0
34726,11.0
34727,12.0
34728,12.0
34729,10.0
34730,11.0
34731,13.0
34732,12.0
34733,12.0
34734,27.0
34735,12.0
34736,19.0
34737,18.0
34738,17.0
34739,19.0
34740,20.0
34741,13.0
34742,55.0
34743,59.0
34744,78.0
34745,91.0
34746,97.0
34747,97.0
34748,123.0
34749,162.0
34750,214.0
34751,160.0
34752,41.0
34753,18.0
34754,11.0
34755,8.0
34756,9.0
34757,8.0
34758,10.0
34759,16.0
34760,23.0
34761,26.0
34762,31.0
34763,31.0
34764,27.0
34765,23.0
34766,27.0
34767,33.0
34768,30.0
34769,43.0
34770,48.0
34771,80.0
34772,93.0
34773,95.0
34774,107.0
34775,152.0
34776,117.0
34777,40.0
34778,23.0
34779,17.0
34780,25.0
34781,29.0
34782,36.0
34783,40.0
34784,24.0
34785,29.0
34786,34.0
34787,17.0
34788,17.0
34789,15.0
34790,20.0
34791,24.0
34792,20.0
34793,24.0
34794,50.0
34795,57.0
34796,38.0
34797,68.0
34798,46.0
34799,37.0
34800,28.0
34801,22.0
34802,22.0
34803,17.0
34804,21.0
34805,19.0
34806,28.0
34807,26.0
34808,34.0
34809,41.0
34810,42.0
34811,42.0
34812,36.0
34813,34.0
34814,45.0
34815,89.0
34816,121.0
34817,128.0
34818,158.0
34819,242.0
34820,247.0
34821,242.0
34822,240.0
34823,267.0
34824,177.0
34825,148.0
34826,178.0
34827,165.0
34828,155.0
34829,96.0
34830,70.0
34831,62.0
34832,65.0
34833,52.0
34834,80.0
34835,112.0
34836,144.0
34837,139.0
34838,138.0
34839,130.0
34840,118.0
34841,315.0
34842,317.0
34843,325.0
34844,348.0
34845,336.0
34846,334.0
34847,345.0
34848,332.0
34849,337.0
34850,384.0
34851,240.0
34852,139.0
34853,111.0
34854,104.0
34855,124.0
34856,93.0
34857,98.0
34858,66.0
34859,47.0
34860,34.0
34861,36.0
34862,36.0
34863,33.0
34864,29.0
34865,105.0
34866,121.0
34867,168.0
34868,202.0
34869,196.0
34870,216.0
34871,247.0
34872,273.0
34873,334.0
34874,417.0
34875,457.0
34876,426.0
34877,377.0
34878,346.0
34879,332.0
34880,282.0
34881,211.0
34882,201.0
34883,235.0
34884,283.0
34885,313.0
34886,337.0
34887,362.0
34888,333.0
34889,312.0
34890,309.0
34891,332.0
34892,294.0
34893,302.0
34894,267.0
34895,267.0
34896,297.0
34897,329.0
34898,326.0
34899,305.0
34900,281.0
34901,254.0
34902,247.0
34903,265.0
34904,262.0
34905,267.0
34906,282.0
34907,295.0
34908,286.0
34909,84.0
34910,58.0
34911,43.0
34912,36.0
34913,26.0
34914,36.0
34915,32.0
34916,21.0
34917,18.0
34918,20.0
34919,13.0
34920,15.0
34921,11.0
34922,13.0
34923,16.0
34924,13.0
34925,13.0
34926,11.0
34927,18.0
34928,17.0
34929,16.0
34930,16.0
34931,18.0
34932,15.0
34933,14.0
34934,16.0
34935,13.0
34936,11.0
34937,14.0
34938,17.0
34939,16.0
34940,13.0
34941,17.0
34942,15.0
34943,13.0
34944,23.0
34945,16.0
34946,18.0
34947,12.0
34948,16.0
34949,9.0
34950,14.0
34951,18.0
34952,24.0
34953,25.0
34954,21.0
34955,23.0
34956,27.0
34957,18.0
34958,15.0
34959,20.0
34960,27.0
34961,30.0
34962,54.0
34963,64.0
34964,126.0
34965,108.0
34966,45.0
34967,30.0
34968,21.0
34969,14.0
34970,12.0
34971,14.0
34972,17.0
34973,13.0
34974,15.0
34975,17.0
34976,21.0
34977,17.0
34978,14.0
34979,11.0
34980,11.0
34981,15.0
34982,21.0
34983,14.0
34984,20.0
34985,22.0
34986,30.0
34987,24.0
34988,38.0
34989,38.0
34990,48.0
34991,58.0
34992,64.0
34993,74.0
34994,77.0
34995,32.0
34996,27.0
34997,24.0
34998,33.0
34999,60.0
35000,77.0
35001,84.0
35002,67.0
35003,59.0
35004,42.0
35005,32.0
35006,44.0
35007,68.0
35008,43.0
35009,56.0
35010,91.0
35011,97.0
35012,90.0
35013,95.0
35014,103.0
35015,77.0
35016,33.0
35017,19.0
35018,18.0
35019,20.0
35020,20.0
35021,19.0
35022,19.0
35023,19.0
35024,20.0
35025,23.0
35026,34.0
35027,25.0
35028,27.0
35029,25.0
35030,25.0
35031,25.0
35032,25.0
35033,36.0
35034,36.0
35035,64.0
35036,67.0
35037,72.0
35038,88.0
35039,84.0
35040,87.0
35041,107.0
35042,129.0
35043,109.0
35044,113.0
35045,83.0
35046,71.0
35047,61.0
35048,50.0
35049,48.0
35050,41.0
35051,34.0
35052,28.0
35053,22.0
35054,19.0
35055,16.0
35056,21.0
35057,15.0
35058,22.0
35059,18.0
35060,23.0
35061,20.0
35062,23.0
35063,24.0
35064,53.0
35065,65.0
35066,70.0
35067,79.0
35068,92.0
35069,106.0
35070,75.0
35071,58.0
35072,33.0
35073,51.0
35074,32.0
35075,23.0
35076,28.0
35077,23.0
35078,24.0
35079,26.0
35080,26.0
35081,27.0
35082,43.0
35083,62.0
35084,70.0
35085,81.0
35086,111.0
35087,144.0
35088,170.0
35089,174.0
35090,174.0
35091,172.0
35092,149.0
35093,166.0
35094,187.0
35095,107.0
35096,114.0
35097,108.0
35098,102.0
35099,95.0
35100,127.0
35101,125.0
35102,128.0
35103,146.0
35104,165.0
35105,173.0
35106,195.0
35107,239.0
35108,232.0
35109,242.0
35110,269.0
35111,264.0
35112,220.0
35113,146.0
35114,34.0
35115,34.0
35116,35.0
35117,45.0
35118,43.0
35119,43.0
35120,36.0
35121,36.0
35122,23.0
35123,25.0
35124,29.0
35125,26.0
35126,21.0
35127,25.0
35128,31.0
35129,43.0
35130,46.0
35131,50.0
35132,68.0
35133,60.0
35134,103.0
35135,85.0
35136,86.0
35137,89.0
35138,77.0
35139,77.0
35140,75.0
35141,80.0
35142,86.0
35143,95.0
35144,101.0
35145,132.0
35146,153.0
35147,173.0
35148,178.0
35149,176.0
35150,209.0
35151,219.0
35152,224.0
35153,212.0
35154,221.0
35155,221.0
35156,217.0
35157,203.0
35158,221.0
35159,192.0
35160,183.0
35161,175.0
35162,177.0
35163,183.0
35164,155.0
35165,151.0
35166,137.0
35167,109.0
35168,140.0
35169,117.0
35170,128.0
35171,54.0
35172,34.0
35173,32.0
35174,28.0
35175,29.0
35176,37.0
35177,46.0
35178,54.0
35179,53.0
35180,47.0
35181,112.0
35182,125.0
35183,128.0
35184,126.0
35185,153.0
35186,157.0
35187,144.0
35188,138.0
35189,128.0
35190,126.0
35191,126.0
35192,159.0
35193,149.0
35194,123.0
35195,150.0
35196,146.0
35197,145.0
35198,160.0
35199,148.0
35200,156.0
35201,158.0
35202,167.0
35203,171.0
35204,177.0
35205,185.0
35206,201.0
35207,217.0
35208,208.0
35209,204.0
35210,213.0
35211,256.0
35212,211.0
35213,203.0
35214,212.0
35215,205.0
35216,196.0
35217,182.0
35218,124.0
35219,102.0
35220,77.0
35221,48.0
35222,38.0
35223,31.0
35224,27.0
35225,33.0
35226,35.0
35227,29.0
35228,24.0
35229,26.0
35230,11.0
35231,14.0
35232,12.0
35233,9.0
35234,11.0
35235,15.0
35236,13.0
35237,15.0
35238,17.0
35239,19.0
35240,18.0
35241,21.0
35242,17.0
35243,22.0
35244,23.0
35245,16.0
35246,22.0
35247,18.0
35248,17.0
35249,21.0
35250,23.0
35251,22.0
35252,21.0
35253,23.0
35254,53.0
35255,66.0
35256,52.0
35257,30.0
35258,10.0
35259,10.0
35260,13.0
35261,11.0
35262,14.0
35263,20.0
35264,22.0
35265,23.0
35266,20.0
35267,17.0
35268,14.0
35269,10.0
35270,10.0
35271,27.0
35272,44.0
35273,53.0
35274,59.0
35275,56.0
35276,58.0
35277,66.0
35278,73.0
35279,83.0
35280,81.0
35281,91.0
35282,104.0
35283,88.0
35284,85.0
35285,66.0
35286,47.0
35287,70.0
35288,61.0
35289,47.0
35290,61.0
35291,69.0
35292,66.0
35293,63.0
35294,43.0
35295,48.0
35296,67.0
35297,87.0
35298,127.0
35299,126.0
35300,126.0
35301,106.0
35302,104.0
35303,118.0
35304,141.0
35305,199.0
35306,262.0
35307,234.0
35308,221.0
35309,177.0
35310,135.0
35311,108.0
35312,97.0
35313,87.0
35314,85.0
35315,81.0
35316,82.0
35317,81.0
35318,111.0
35319,143.0
35320,153.0
35321,189.0
35322,244.0
35323,273.0
35324,218.0
35325,227.0
35326,95.0
35327,20.0
35328,15.0
35329,11.0
35330,11.0
35331,11.0
35332,9.0
35333,12.0
35334,12.0
35335,17.0
35336,33.0
35337,22.0
35338,20.0
35339,10.0
35340,14.0
35341,12.0
35342,12.0
35343,8.0
35344,19.0
35345,40.0
35346,37.0
35347,42.0
35348,56.0
35349,62.0
35350,57.0
35351,57.0
35352,75.0
35353,96.0
35354,110.0
35355,97.0
35356,105.0
35357,84.0
35358,106.0
35359,112.0
35360,120.0
35361,117.0
35362,118.0
35363,106.0
35364,96.0
35365,82.0
35366,63.0
35367,79.0
35368,125.0
35369,119.0
35370,115.0
35371,131.0
35372,177.0
35373,287.0
35374,299.0
35375,250.0
35376,159.0
35377,124.0
35378,123.0
35379,49.0
35380,36.0
35381,59.0
35382,85.0
35383,170.0
35384,180.0
35385,227.0
35386,199.0
35387,168.0
35388,93.0
35389,80.0
35390,111.0
35391,133.0
35392,135.0
35393,94.0
35394,103.0
35395,92.0
35396,93.0
35397,109.0
35398,122.0
35399,123.0
35400,122.0
35401,172.0
35402,213.0
35403,196.0
35404,158.0
35405,103.0
35406,90.0
35407,70.0
35408,67.0
35409,66.0
35410,52.0
35411,55.0
35412,51.0
35413,47.0
35414,48.0
35415,60.0
35416,88.0
35417,279.0
35418,435.0
35419,489.0
35420,513.0
35421,539.0
35422,567.0
35423,569.0
35424,659.0
35425,648.0
35426,651.0
35427,671.0
35428,623.0
35429,618.0
35430,532.0
35431,477.0
35432,479.0
35433,490.0
35434,476.0
35435,457.0
35436,327.0
35437,161.0
35438,286.0
35439,298.0
35440,310.0
35441,332.0
35442,391.0
35443,437.0
35444,422.0
35445,320.0
35446,346.0
35447,351.0
35448,297.0
35449,290.0
35450,250.0
35451,170.0
35452,103.0
35453,79.0
35454,73.0
35455,74.0
35456,77.0
35457,81.0
35458,95.0
35459,115.0
35460,77.0
35461,67.0
35462,13.0
35463,12.0
35464,10.0
35465,195.0
35466,238.0
35467,293.0
35468,384.0
35469,381.0
35470,296.0
35471,38.0
35472,19.0
35473,22.0
35474,20.0
35475,14.0
35476,23.0
35477,19.0
35478,22.0
35479,33.0
35480,42.0
35481,40.0
35482,43.0
35483,56.0
35484,57.0
35485,153.0
35486,108.0
35487,89.0
35488,87.0
35489,95.0
35490,111.0
35491,112.0
35492,145.0
35493,184.0
35494,178.0
35495,170.0
35496,161.0
35497,133.0
35498,114.0
35499,112.0
35500,114.0
35501,130.0
35502,133.0
35503,143.0
35504,137.0
35505,143.0
35506,145.0
35507,185.0
35508,198.0
35509,205.0
35510,195.0
35511,203.0
35512,209.0
35513,202.0
35514,28.0
35515,26.0
35516,22.0
35517,24.0
35518,16.0
35519,16.0
35520,17.0
35521,7.0
35522,9.0
35523,10.0
35524,8.0
35525,7.0
35526,10.0
35527,11.0
35528,11.0
35529,10.0
35530,7.0
35531,9.0
35532,14.0
35533,13.0
35534,14.0
35535,9.0
35536,14.0
35537,9.0
35538,8.0
35539,10.0
35540,8.0
35541,9.0
35542,11.0
35543,11.0
35544,10.0
35545,15.0
35546,13.0
35547,16.0
35548,13.0
35549,18.0
35550,18.0
35551,22.0
35552,23.0
35553,24.0
35554,24.0
35555,23.0
35556,23.0
35557,42.0
35558,54.0
35559,48.0
35560,66.0
35561,56.0
35562,67.0
35563,95.0
35564,111.0
35565,112.0
35566,113.0
35567,127.0
35568,137.0
35569,164.0
35570,190.0
35571,175.0
35572,142.0
35573,107.0
35574,101.0
35575,100.0
35576,97.0
35577,101.0
35578,105.0
35579,117.0
35580,119.0
35581,115.0
35582,125.0
35583,122.0
35584,130.0
35585,184.0
35586,210.0
35587,213.0
35588,237.0
35589,258.0
35590,264.0
35591,324.0
35592,344.0
35593,356.0
35594,366.0
35595,350.0
35596,321.0
35597,294.0
35598,239.0
35599,219.0
35600,221.0
35601,245.0
35602,311.0
35603,240.0
35604,235.0
35605,232.0
35606,238.0
35607,243.0
35608,282.0
35609,310.0
35610,295.0
35611,301.0
35612,325.0
35613,319.0
35614,335.0
35615,301.0
35616,312.0
35617,316.0
35618,296.0
35619,270.0
35620,252.0
35621,234.0
35622,233.0
35623,241.0
35624,231.0
35625,214.0
35626,210.0
35627,178.0
35628,142.0
35629,122.0
35630,59.0
35631,47.0
35632,40.0
35633,32.0
35634,48.0
35635,32.0
35636,25.0
35637,26.0
35638,43.0
35639,54.0
35640,55.0
35641,53.0
35642,60.0
35643,55.0
35644,42.0
35645,36.0
35646,32.0
35647,14.0
35648,15.0
35649,18.0
35650,14.0
35651,15.0
35652,15.0
35653,14.0
35654,19.0
35655,17.0
35656,16.0
35657,14.0
35658,33.0
35659,45.0
35660,55.0
35661,71.0
35662,59.0
35663,42.0
35664,31.0
35665,30.0
35666,39.0
35667,23.0
35668,26.0
35669,25.0
35670,26.0
35671,24.0
35672,29.0
35673,28.0
35674,35.0
35675,35.0
35676,38.0
35677,49.0
35678,65.0
35679,72.0
35680,74.0
35681,80.0
35682,88.0
35683,106.0
35684,113.0
35685,139.0
35686,119.0
35687,122.0
35688,116.0
35689,132.0
35690,120.0
35691,111.0
35692,108.0
35693,110.0
35694,119.0
35695,125.0
35696,143.0
35697,149.0
35698,133.0
35699,136.0
35700,149.0
35701,161.0
35702,167.0
35703,167.0
35704,53.0
35705,19.0
35706,32.0
35707,15.0
35708,11.0
35709,10.0
35710,11.0
35711,11.0
35712,9.0
35713,19.0
35714,13.0
35715,13.0
35716,14.0
35717,17.0
35718,16.0
35719,18.0
35720,31.0
35721,23.0
35722,15.0
35723,57.0
35724,65.0
35725,64.0
35726,65.0
35727,64.0
35728,81.0
35729,75.0
35730,70.0
35731,71.0
35732,83.0
35733,74.0
35734,86.0
35735,75.0
35736,72.0
35737,74.0
35738,76.0
35739,84.0
35740,81.0
35741,86.0
35742,84.0
35743,88.0
35744,91.0
35745,102.0
35746,121.0
35747,132.0
35748,163.0
35749,175.0
35750,190.0
35751,203.0
35752,205.0
35753,217.0
35754,241.0
35755,226.0
35756,225.0
35757,205.0
35758,213.0
35759,229.0
35760,217.0
35761,218.0
35762,128.0
35763,88.0
35764,20.0
35765,16.0
35766,6.0
35767,12.0
35768,20.0
35769,26.0
35770,16.0
35771,16.0
35772,16.0
35773,12.0
35774,17.0
35775,17.0
35776,25.0
35777,39.0
35778,54.0
35779,123.0
35780,142.0
35781,157.0
35782,190.0
35783,137.0
35784,469.0
35785,344.0
35786,281.0
35787,209.0
35788,150.0
35789,138.0
35790,133.0
35791,130.0
35792,143.0
35793,103.0
35794,81.0
35795,70.0
35796,81.0
35797,117.0
35798,130.0
35799,146.0
35800,144.0
35801,147.0
35802,140.0
35803,148.0
35804,155.0
35805,167.0
35806,180.0
35807,183.0
35808,181.0
35809,172.0
35810,167.0
35811,171.0
35812,179.0
35813,175.0
35814,190.0
35815,189.0
35816,187.0
35817,178.0
35818,184.0
35819,152.0
35820,124.0
35821,163.0
35822,143.0
35823,127.0
35824,109.0
35825,120.0
35826,135.0
35827,118.0
35828,132.0
35829,141.0
35830,144.0
35831,141.0
35832,144.0
35833,159.0
35834,163.0
35835,174.0
35836,164.0
35837,171.0
35838,162.0
35839,152.0
35840,141.0
35841,66.0
35842,22.0
35843,15.0
35844,13.0
35845,13.0
35846,12.0
35847,13.0
35848,10.0
35849,9.0
35850,8.0
35851,9.0
35852,7.0
35853,9.0
35854,8.0
35855,10.0
35856,8.0
35857,10.0
35858,9.0
35859,6.0
35860,6.0
35861,7.0
35862,5.0
35863,6.0
35864,6.0
35865,4.0
35866,4.0
35867,6.0
35868,6.0
35869,6.0
35870,4.0
35871,6.0
35872,6.0
35873,6.0
35874,6.0
35875,11.0
35876,11.0
35877,13.0
35878,16.0
35879,3.0
35880,7.0
35881,6.0
35882,6.0
35883,6.0
35884,6.0
35885,7.0
35886,10.0
35887,10.0
35888,9.0
35889,12.0
35890,12.0
35891,11.0
35892,10.0
35893,6.0
35894,8.0
35895,7.0
35896,18.0
35897,17.0
35898,50.0
35899,71.0
35900,91.0
35901,109.0
35902,126.0
35903,104.0
35904,80.0
35905,69.0
35906,62.0
35907,73.0
35908,115.0
35909,155.0
35910,148.0
35911,114.0
35912,94.0
35913,117.0
35914,118.0
35915,116.0
35916,96.0
35917,96.0
35918,102.0
35919,99.0
35920,104.0
35921,101.0
35922,92.0
35923,76.0
35924,90.0
35925,111.0
35926,125.0
35927,139.0
35928,151.0
35929,204.0
35930,203.0
35931,200.0
35932,187.0
35933,168.0
35934,158.0
35935,155.0
35936,154.0
35937,146.0
35938,150.0
35939,136.0
35940,130.0
35941,122.0
35942,125.0
35943,121.0
35944,108.0
35945,102.0
35946,118.0
35947,130.0
35948,155.0
35949,131.0
35950,93.0
35951,91.0
35952,86.0
35953,101.0
35954,105.0
35955,110.0
35956,112.0
35957,119.0
35958,100.0
35959,105.0
35960,105.0
35961,112.0
35962,107.0
35963,94.0
35964,84.0
35965,89.0
35966,90.0
35967,98.0
35968,100.0
35969,109.0
35970,107.0
35971,107.0
35972,106.0
35973,108.0
35974,109.0
35975,106.0
35976,95.0
35977,94.0
35978,88.0
35979,115.0
35980,133.0
35981,132.0
35982,147.0
35983,147.0
35984,146.0
35985,79.0
35986,38.0
35987,20.0
35988,14.0
35989,10.0
35990,6.0
35991,9.0
35992,7.0
35993,10.0
35994,8.0
35995,7.0
35996,14.0
35997,10.0
35998,6.0
35999,9.0
36000,13.0
36001,9.0
36002,10.0
36003,9.0
36004,10.0
36005,10.0
36006,11.0
36007,12.0
36008,16.0
36009,12.0
36010,17.0
36011,14.0
36012,14.0
36013,12.0
36014,14.0
36015,10.0
36016,11.0
36017,11.0
36018,14.0
36019,15.0
36020,26.0
36021,24.0
36022,18.0
36023,11.0
36024,12.0
36025,9.0
36026,9.0
36027,13.0
36028,9.0
36029,8.0
36030,7.0
36031,13.0
36032,13.0
36033,22.0
36034,10.0
36035,18.0
36036,20.0
36037,20.0
36038,26.0
36039,24.0
36040,25.0
36041,34.0
36042,42.0
36043,47.0
36044,53.0
36045,64.0
36046,65.0
36047,66.0
36048,76.0
36049,83.0
36050,120.0
36051,121.0
36052,111.0
36053,112.0
36054,100.0
36055,84.0
36056,66.0
36057,64.0
36058,73.0
36059,90.0
36060,103.0
36061,126.0
36062,146.0
36063,143.0
36064,135.0
36065,188.0
36066,221.0
36067,203.0
36068,204.0
36069,184.0
36070,177.0
36071,220.0
36072,268.0
36073,255.0
36074,241.0
36075,181.0
36076,146.0
36077,141.0
36078,136.0
36079,124.0
36080,87.0
36081,66.0
36082,44.0
36083,36.0
36084,39.0
36085,55.0
36086,114.0
36087,100.0
36088,95.0
36089,162.0
36090,237.0
36091,229.0
36092,175.0
36093,150.0
36094,145.0
36095,268.0
36096,237.0
36097,208.0
36098,193.0
36099,175.0
36100,160.0
36101,176.0
36102,181.0
36103,185.0
36104,198.0
36105,205.0
36106,206.0
36107,214.0
36108,214.0
36109,204.0
36110,208.0
36111,200.0
36112,197.0
36113,220.0
36114,236.0
36115,239.0
36116,250.0
36117,243.0
36118,251.0
36119,263.0
36120,262.0
36121,261.0
36122,276.0
36123,264.0
36124,259.0
36125,250.0
36126,235.0
36127,222.0
36128,206.0
36129,205.0
36130,196.0
36131,218.0
36132,234.0
36133,264.0
36134,272.0
36135,307.0
36136,323.0
36137,311.0
36138,327.0
36139,362.0
36140,487.0
36141,436.0
36142,436.0
36143,579.0
36144,649.0
36145,457.0
36146,466.0
36147,408.0
36148,344.0
36149,322.0
36150,287.0
36151,319.0
36152,282.0
36153,277.0
36154,277.0
36155,279.0
36156,327.0
36157,348.0
36158,418.0
36159,423.0
36160,366.0
36161,338.0
36162,347.0
36163,336.0
36164,351.0
36165,353.0
36166,375.0
36167,382.0
36168,393.0
36169,388.0
36170,376.0
36171,382.0
36172,362.0
36173,345.0
36174,328.0
36175,323.0
36176,297.0
36177,280.0
36178,267.0
36179,259.0
36180,177.0
36181,161.0
36182,120.0
36183,185.0
36184,211.0
36185,169.0
36186,242.0
36187,247.0
36188,238.0
36189,225.0
36190,216.0
36191,165.0
36192,142.0
36193,136.0
36194,117.0
36195,119.0
36196,52.0
36197,46.0
36198,53.0
36199,67.0
36200,70.0
36201,61.0
36202,78.0
36203,88.0
36204,75.0
36205,73.0
36206,79.0
36207,67.0
36208,73.0
36209,71.0
36210,66.0
36211,66.0
36212,75.0
36213,59.0
36214,41.0
36215,45.0
36216,28.0
36217,27.0
36218,27.0
36219,46.0
36220,65.0
36221,60.0
36222,54.0
36223,63.0
36224,71.0
36225,69.0
36226,76.0
36227,82.0
36228,63.0
36229,63.0
36230,63.0
36231,64.0
36232,74.0
36233,88.0
36234,80.0
36235,89.0
36236,93.0
36237,104.0
36238,123.0
36239,118.0
36240,116.0
36241,125.0
36242,119.0
36243,120.0
36244,122.0
36245,122.0
36246,112.0
36247,108.0
36248,103.0
36249,89.0
36250,58.0
36251,38.0
36252,19.0
36253,22.0
36254,18.0
36255,14.0
36256,16.0
36257,15.0
36258,34.0
36259,39.0
36260,89.0
36261,124.0
36262,142.0
36263,152.0
36264,156.0
36265,152.0
36266,160.0
36267,173.0
36268,174.0
36269,180.0
36270,185.0
36271,184.0
36272,190.0
36273,196.0
36274,177.0
36275,221.0
36276,233.0
36277,240.0
36278,273.0
36279,327.0
36280,347.0
36281,384.0
36282,392.0
36283,400.0
36284,394.0
36285,448.0
36286,424.0
36287,400.0
36288,398.0
36289,383.0
36290,357.0
36291,367.0
36292,335.0
36293,313.0
36294,328.0
36295,324.0
36296,305.0
36297,268.0
36298,247.0
36299,267.0
36300,334.0
36301,328.0
36302,327.0
36303,326.0
36304,309.0
36305,321.0
36306,340.0
36307,346.0
36308,330.0
36309,340.0
36310,353.0
36311,384.0
36312,383.0
36313,399.0
36314,340.0
36315,327.0
36316,295.0
36317,296.0
36318,333.0
36319,336.0
36320,350.0
36321,305.0
36322,283.0
36323,323.0
36324,377.0
36325,357.0
36326,360.0
36327,350.0
36328,339.0
36329,335.0
36330,341.0
36331,352.0
36332,355.0
36333,327.0
36334,303.0
36335,287.0
36336,279.0
36337,186.0
36338,264.0
36339,245.0
36340,228.0
36341,233.0
36342,240.0
36343,246.0
36344,246.0
36345,252.0
36346,266.0
36347,270.0
36348,279.0
36349,283.0
36350,316.0
36351,336.0
36352,333.0
36353,348.0
36354,360.0
36355,358.0
36356,358.0
36357,357.0
36358,362.0
36359,348.0
36360,323.0
36361,339.0
36362,339.0
36363,339.0
36364,341.0
36365,344.0
36366,335.0
36367,329.0
36368,323.0
36369,350.0
36370,341.0
36371,347.0
36372,356.0
36373,342.0
36374,366.0
36375,358.0
36376,391.0
36377,425.0
36378,387.0
36379,363.0
36380,343.0
36381,353.0
36382,357.0
36383,371.0
36384,394.0
36385,453.0
36386,453.0
36387,485.0
36388,463.0
36389,463.0
36390,418.0
36391,384.0
36392,371.0
36393,369.0
36394,374.0
36395,397.0
36396,397.0
36397,389.0
36398,410.0
36399,436.0
36400,462.0
36401,482.0
36402,501.0
36403,507.0
36404,523.0
36405,545.0
36406,577.0
36407,541.0
36408,532.0
36409,534.0
36410,495.0
36411,483.0
36412,474.0
36413,478.0
36414,496.0
36415,519.0
36416,526.0
36417,512.0
36418,557.0
36419,551.0
36420,562.0
36421,542.0
36422,502.0
36423,525.0
36424,446.0
36425,188.0
36426,111.0
36427,82.0
36428,58.0
36429,43.0
36430,27.0
36431,31.0
36432,15.0
36433,17.0
36434,17.0
36435,21.0
36436,17.0
36437,13.0
36438,11.0
36439,12.0
36440,10.0
36441,13.0
36442,13.0
36443,8.0
36444,12.0
36445,12.0
36446,14.0
36447,17.0
36448,18.0
36449,17.0
36450,19.0
36451,31.0
36452,45.0
36453,42.0
36454,53.0
36455,42.0
36456,34.0
36457,130.0
36458,114.0
36459,61.0
36460,48.0
36461,48.0
36462,54.0
36463,57.0
36464,63.0
36465,81.0
36466,98.0
36467,106.0
36468,97.0
36469,108.0
36470,103.0
36471,96.0
36472,84.0
36473,118.0
36474,116.0
36475,158.0
36476,171.0
36477,179.0
36478,172.0
36479,168.0
36480,188.0
36481,206.0
36482,210.0
36483,180.0
36484,181.0
36485,149.0
36486,100.0
36487,83.0
36488,45.0
36489,29.0
36490,15.0
36491,14.0
36492,17.0
36493,12.0
36494,10.0
36495,10.0
36496,14.0
36497,29.0
36498,51.0
36499,48.0
36500,74.0
36501,93.0
36502,112.0
36503,125.0
36504,133.0
36505,150.0
36506,124.0
36507,135.0
36508,143.0
36509,139.0
36510,128.0
36511,134.0
36512,146.0
36513,154.0
36514,157.0
36515,174.0
36516,158.0
36517,151.0
36518,141.0
36519,137.0
36520,144.0
36521,144.0
36522,159.0
36523,166.0
36524,183.0
36525,228.0
36526,257.0
36527,306.0
36528,222.0
36529,193.0
36530,188.0
36531,182.0
36532,184.0
36533,209.0
36534,225.0
36535,238.0
36536,246.0
36537,269.0
36538,284.0
36539,260.0
36540,295.0
36541,322.0
36542,308.0
36543,271.0
36544,240.0
36545,230.0
36546,237.0
36547,242.0
36548,241.0
36549,238.0
36550,255.0
36551,266.0
36552,255.0
36553,232.0
36554,226.0
36555,215.0
36556,75.0
36557,3.0
36558,4.0
36559,7.0
36560,6.0
36561,14.0
36562,13.0
36563,8.0
36564,11.0
36565,13.0
36566,11.0
36567,7.0
36568,8.0
36569,11.0
36570,12.0
36571,13.0
36572,9.0
36573,9.0
36574,7.0
36575,14.0
36576,10.0
36577,9.0
36578,18.0
36579,14.0
36580,12.0
36581,26.0
36582,30.0
36583,35.0
36584,27.0
36585,13.0
36586,18.0
36587,27.0
36588,23.0
36589,25.0
36590,27.0
36591,26.0
36592,32.0
36593,39.0
36594,49.0
36595,48.0
36596,49.0
36597,16.0
36598,12.0
36599,12.0
36600,11.0
36601,8.0
36602,11.0
36603,9.0
36604,9.0
36605,12.0
36606,16.0
36607,14.0
36608,23.0
36609,16.0
36610,10.0
36611,13.0
36612,15.0
36613,12.0
36614,11.0
36615,12.0
36616,12.0
36617,17.0
36618,27.0
36619,29.0
36620,41.0
36621,41.0
36622,53.0
36623,67.0
36624,70.0
36625,84.0
36626,91.0
36627,99.0
36628,97.0
36629,100.0
36630,97.0
36631,86.0
36632,92.0
36633,64.0
36634,40.0
36635,26.0
36636,21.0
36637,14.0
36638,17.0
36639,20.0
36640,31.0
36641,40.0
36642,38.0
36643,41.0
36644,51.0
36645,69.0
36646,77.0
36647,111.0
36648,144.0
36649,133.0
36650,110.0
36651,143.0
36652,136.0
36653,141.0
36654,160.0
36655,159.0
36656,167.0
36657,188.0
36658,196.0
36659,205.0
36660,201.0
36661,201.0
36662,202.0
36663,201.0
36664,187.0
36665,187.0
36666,199.0
36667,206.0
36668,213.0
36669,187.0
36670,218.0
36671,134.0
36672,131.0
36673,154.0
36674,112.0
36675,55.0
36676,172.0
36677,143.0
36678,122.0
36679,114.0
36680,100.0
36681,119.0
36682,130.0
36683,145.0
36684,149.0
36685,163.0
36686,147.0
36687,133.0
36688,126.0
36689,124.0
36690,122.0
36691,91.0
36692,98.0
36693,91.0
36694,78.0
36695,55.0
36696,40.0
36697,36.0
36698,48.0
36699,54.0
36700,63.0
36701,78.0
36702,74.0
36703,76.0
36704,81.0
36705,86.0
36706,89.0
36707,96.0
36708,99.0
36709,102.0
36710,111.0
36711,121.0
36712,122.0
36713,135.0
36714,145.0
36715,159.0
36716,183.0
36717,187.0
36718,195.0
36719,224.0
36720,259.0
36721,260.0
36722,257.0
36723,267.0
36724,260.0
36725,259.0
36726,270.0
36727,234.0
36728,245.0
36729,269.0
36730,303.0
36731,272.0
36732,234.0
36733,214.0
36734,225.0
36735,220.0
36736,209.0
36737,202.0
36738,168.0
36739,13.0
36740,18.0
36741,18.0
36742,13.0
36743,10.0
36744,11.0
36745,14.0
36746,13.0
36747,10.0
36748,10.0
36749,10.0
36750,11.0
36751,11.0
36752,11.0
36753,12.0
36754,13.0
36755,11.0
36756,10.0
36757,9.0
36758,13.0
36759,13.0
36760,13.0
36761,15.0
36762,20.0
36763,41.0
36764,35.0
36765,52.0
36766,66.0
36767,36.0
36768,18.0
36769,20.0
36770,20.0
36771,14.0
36772,15.0
36773,18.0
36774,21.0
36775,32.0
36776,21.0
36777,19.0
36778,12.0
36779,15.0
36780,16.0
36781,14.0
36782,18.0
36783,20.0
36784,19.0
36785,28.0
36786,32.0
36787,40.0
36788,39.0
36789,22.0
36790,37.0
36791,24.0
36792,19.0
36793,11.0
36794,13.0
36795,11.0
36796,10.0
36797,7.0
36798,12.0
36799,15.0
36800,12.0
36801,16.0
36802,7.0
36803,12.0
36804,19.0
36805,22.0
36806,22.0
36807,16.0
36808,20.0
36809,30.0
36810,32.0
36811,38.0
36812,52.0
36813,63.0
36814,66.0
36815,72.0
36816,63.0
36817,69.0
36818,78.0
36819,85.0
36820,82.0
36821,87.0
36822,93.0
36823,116.0
36824,99.0
36825,88.0
36826,91.0
36827,109.0
36828,110.0
36829,109.0
36830,123.0
36831,136.0
36832,119.0
36833,116.0
36834,101.0
36835,131.0
36836,168.0
36837,189.0
36838,183.0
36839,205.0
36840,188.0
36841,148.0
36842,137.0
36843,140.0
36844,141.0
36845,121.0
36846,109.0
36847,83.0
36848,78.0
36849,77.0
36850,79.0
36851,73.0
36852,75.0
36853,91.0
36854,104.0
36855,116.0
36856,121.0
36857,137.0
36858,151.0
36859,159.0
36860,157.0
36861,151.0
36862,150.0
36863,149.0
36864,141.0
36865,144.0
36866,148.0
36867,144.0
36868,150.0
36869,152.0
36870,155.0
36871,165.0
36872,181.0
36873,191.0
36874,124.0
36875,36.0
36876,40.0
36877,49.0
36878,30.0
36879,27.0
36880,27.0
36881,22.0
36882,24.0
36883,21.0
36884,26.0
36885,17.0
36886,23.0
36887,23.0
36888,21.0
36889,21.0
36890,17.0
36891,15.0
36892,13.0
36893,17.0
36894,14.0
36895,20.0
36896,18.0
36897,16.0
36898,27.0
36899,52.0
36900,67.0
36901,76.0
36902,79.0
36903,76.0
36904,66.0
36905,60.0
36906,66.0
36907,61.0
36908,57.0
36909,47.0
36910,30.0
36911,34.0
36912,29.0
36913,47.0
36914,72.0
36915,73.0
36916,70.0
36917,78.0
36918,90.0
36919,92.0
36920,94.0
36921,96.0
36922,77.0
36923,79.0
36924,79.0
36925,74.0
36926,76.0
36927,66.0
36928,44.0
36929,48.0
36930,52.0
36931,20.0
36932,15.0
36933,13.0
36934,14.0
36935,10.0
36936,7.0
36937,5.0
36938,6.0
36939,7.0
36940,10.0
36941,9.0
36942,11.0
36943,9.0
36944,11.0
36945,13.0
36946,11.0
36947,17.0
36948,14.0
36949,13.0
36950,9.0
36951,7.0
36952,9.0
36953,11.0
36954,12.0
36955,18.0
36956,11.0
36957,11.0
36958,7.0
36959,6.0
36960,5.0
36961,7.0
36962,12.0
36963,13.0
36964,17.0
36965,16.0
36966,26.0
36967,18.0
36968,19.0
36969,21.0
36970,24.0
36971,20.0
36972,22.0
36973,18.0
36974,19.0
36975,18.0
36976,28.0
36977,36.0
36978,40.0
36979,49.0
36980,54.0
36981,55.0
36982,67.0
36983,71.0
36984,76.0
36985,72.0
36986,75.0
36987,93.0
36988,89.0
36989,98.0
36990,97.0
36991,109.0
36992,89.0
36993,66.0
36994,72.0
36995,37.0
36996,21.0
36997,17.0
36998,17.0
36999,11.0
37000,16.0
37001,11.0
37002,17.0
37003,31.0
37004,61.0
37005,151.0
37006,163.0
37007,98.0
37008,96.0
37009,119.0
37010,125.0
37011,136.0
37012,147.0
37013,150.0
37014,150.0
37015,173.0
37016,184.0
37017,191.0
37018,166.0
37019,128.0
37020,141.0
37021,141.0
37022,145.0
37023,156.0
37024,160.0
37025,165.0
37026,155.0
37027,118.0
37028,152.0
37029,214.0
37030,249.0
37031,247.0
37032,248.0
37033,253.0
37034,261.0
37035,257.0
37036,262.0
37037,270.0
37038,262.0
37039,260.0
37040,271.0
37041,281.0
37042,280.0
37043,270.0
37044,277.0
37045,249.0
37046,242.0
37047,192.0
37048,167.0
37049,168.0
37050,184.0
37051,199.0
37052,225.0
37053,252.0
37054,277.0
37055,290.0
37056,299.0
37057,326.0
37058,324.0
37059,320.0
37060,279.0
37061,250.0
37062,228.0
37063,232.0
37064,233.0
37065,239.0
37066,235.0
37067,226.0
37068,223.0
37069,229.0
37070,206.0
37071,189.0
37072,188.0
37073,163.0
37074,165.0
37075,152.0
37076,147.0
37077,157.0
37078,181.0
37079,190.0
37080,201.0
37081,226.0
37082,248.0
37083,269.0
37084,275.0
37085,311.0
37086,300.0
37087,317.0
37088,330.0
37089,346.0
37090,350.0
37091,331.0
37092,327.0
37093,327.0
37094,286.0
37095,246.0
37096,269.0
37097,309.0
37098,336.0
37099,360.0
37100,387.0
37101,399.0
37102,414.0
37103,465.0
37104,436.0
37105,435.0
37106,426.0
37107,413.0
37108,358.0
37109,389.0
37110,349.0
37111,340.0
37112,336.0
37113,369.0
37114,403.0
37115,444.0
37116,306.0
37117,115.0
37118,90.0
37119,82.0
37120,85.0
37121,95.0
37122,96.0
37123,107.0
37124,111.0
37125,125.0
37126,123.0
37127,145.0
37128,153.0
37129,159.0
37130,154.0
37131,191.0
37132,195.0
37133,194.0
37134,193.0
37135,175.0
37136,194.0
37137,165.0
37138,138.0
37139,100.0
37140,83.0
37141,53.0
37142,52.0
37143,60.0
37144,100.0
37145,142.0
37146,140.0
37147,148.0
37148,183.0
37149,217.0
37150,224.0
37151,222.0
37152,219.0
37153,65.0
37154,22.0
37155,16.0
37156,16.0
37157,28.0
37158,32.0
37159,25.0
37160,25.0
37161,22.0
37162,18.0
37163,23.0
37164,23.0
37165,25.0
37166,18.0
37167,23.0
37168,25.0
37169,26.0
37170,27.0
37171,36.0
37172,47.0
37173,59.0
37174,50.0
37175,61.0
37176,58.0
37177,66.0
37178,63.0
37179,51.0
37180,39.0
37181,42.0
37182,44.0
37183,44.0
37184,35.0
37185,30.0
37186,34.0
37187,21.0
37188,14.0
37189,11.0
37190,9.0
37191,12.0
37192,13.0
37193,18.0
37194,21.0
37195,24.0
37196,27.0
37197,39.0
37198,44.0
37199,64.0
37200,106.0
37201,137.0
37202,165.0
37203,153.0
37204,116.0
37205,127.0
37206,147.0
37207,180.0
37208,199.0
37209,209.0
37210,235.0
37211,254.0
37212,250.0
37213,235.0
37214,210.0
37215,127.0
37216,72.0
37217,27.0
37218,70.0
37219,113.0
37220,118.0
37221,143.0
37222,175.0
37223,159.0
37224,161.0
37225,174.0
37226,177.0
37227,174.0
37228,180.0
37229,196.0
37230,214.0
37231,220.0
37232,216.0
37233,199.0
37234,168.0
37235,121.0
37236,124.0
37237,94.0
37238,63.0
37239,52.0
37240,64.0
37241,48.0
37242,69.0
37243,65.0
37244,83.0
37245,90.0
37246,80.0
37247,95.0
37248,99.0
37249,103.0
37250,119.0
37251,121.0
37252,113.0
37253,124.0
37254,138.0
37255,160.0
37256,163.0
37257,119.0
37258,80.0
37259,84.0
37260,76.0
37261,98.0
37262,105.0
37263,86.0
37264,132.0
37265,116.0
37266,105.0
37267,97.0
37268,87.0
37269,72.0
37270,70.0
37271,64.0
37272,55.0
37273,58.0
37274,52.0
37275,52.0
37276,53.0
37277,12.0
37278,15.0
37279,9.0
37280,6.0
37281,9.0
37282,14.0
37283,14.0
37284,11.0
37285,12.0
37286,14.0
37287,9.0
37288,7.0
37289,7.0
37290,19.0
37291,18.0
37292,22.0
37293,20.0
37294,33.0
37295,40.0
37296,35.0
37297,28.0
37298,29.0
37299,32.0
37300,36.0
37301,37.0
37302,42.0
37303,59.0
37304,60.0
37305,53.0
37306,55.0
37307,41.0
37308,31.0
37309,29.0
37310,24.0
37311,13.0
37312,11.0
37313,16.0
37314,14.0
37315,20.0
37316,14.0
37317,31.0
37318,31.0
37319,34.0
37320,33.0
37321,34.0
37322,28.0
37323,32.0
37324,37.0
37325,36.0
37326,49.0
37327,16.0
37328,8.0
37329,6.0
37330,11.0
37331,8.0
37332,4.0
37333,6.0
37334,14.0
37335,10.0
37336,10.0
37337,25.0
37338,30.0
37339,37.0
37340,48.0
37341,48.0
37342,49.0
37343,57.0
37344,58.0
37345,64.0
37346,65.0
37347,61.0
37348,61.0
37349,71.0
37350,102.0
37351,91.0
37352,84.0
37353,51.0
37354,27.0
37355,39.0
37356,33.0
37357,32.0
37358,41.0
37359,40.0
37360,45.0
37361,45.0
37362,59.0
37363,59.0
37364,82.0
37365,58.0
37366,65.0
37367,54.0
37368,55.0
37369,63.0
37370,70.0
37371,74.0
37372,80.0
37373,87.0
37374,93.0
37375,105.0
37376,92.0
37377,103.0
37378,97.0
37379,110.0
37380,92.0
37381,93.0
37382,97.0
37383,95.0
37384,88.0
37385,98.0
37386,105.0
37387,111.0
37388,123.0
37389,147.0
37390,155.0
37391,166.0
37392,194.0
37393,191.0
37394,180.0
37395,187.0
37396,195.0
37397,174.0
37398,171.0
37399,181.0
37400,193.0
37401,196.0
37402,199.0
37403,206.0
37404,175.0
37405,158.0
37406,152.0
37407,158.0
37408,139.0
37409,138.0
37410,151.0
37411,146.0
37412,139.0
37413,136.0
37414,138.0
37415,136.0
37416,136.0
37417,140.0
37418,145.0
37419,147.0
37420,151.0
37421,153.0
37422,196.0
37423,182.0
37424,162.0
37425,164.0
37426,133.0
37427,62.0
37428,60.0
37429,49.0
37430,62.0
37431,56.0
37432,65.0
37433,73.0
37434,80.0
37435,580.0
37436,217.0
37437,159.0
37438,181.0
37439,165.0
37440,175.0
37441,112.0
37442,101.0
37443,111.0
37444,102.0
37445,106.0
37446,95.0
37447,101.0
37448,88.0
37449,125.0
37450,93.0
37451,71.0
37452,74.0
37453,68.0
37454,69.0
37455,51.0
37456,62.0
37457,64.0
37458,66.0
37459,63.0
37460,65.0
37461,72.0
37462,67.0
37463,51.0
37464,67.0
37465,64.0
37466,71.0
37467,76.0
37468,69.0
37469,69.0
37470,76.0
37471,48.0
37472,46.0
37473,47.0
37474,41.0
37475,40.0
37476,43.0
37477,36.0
37478,41.0
37479,39.0
37480,52.0
37481,59.0
37482,60.0
37483,68.0
37484,83.0
37485,103.0
37486,98.0
37487,78.0
37488,82.0
37489,88.0
37490,96.0
37491,118.0
37492,128.0
37493,143.0
37494,158.0
37495,143.0
37496,190.0
37497,151.0
37498,187.0
37499,114.0
37500,88.0
37501,78.0
37502,75.0
37503,89.0
37504,91.0
37505,109.0
37506,119.0
37507,119.0
37508,110.0
37509,120.0
37510,155.0
37511,120.0
37512,128.0
37513,131.0
37514,142.0
37515,144.0
37516,150.0
37517,151.0
37518,149.0
37519,157.0
37520,173.0
37521,182.0
37522,188.0
37523,175.0
37524,167.0
37525,162.0
37526,157.0
37527,147.0
37528,157.0
37529,159.0
37530,134.0
37531,136.0
37532,158.0
37533,186.0
37534,231.0
37535,254.0
37536,249.0
37537,262.0
37538,282.0
37539,280.0
37540,268.0
37541,255.0
37542,247.0
37543,244.0
37544,270.0
37545,280.0
37546,274.0
37547,280.0
37548,266.0
37549,239.0
37550,225.0
37551,222.0
37552,176.0
37553,224.0
37554,246.0
37555,252.0
37556,274.0
37557,187.0
37558,80.0
37559,56.0
37560,55.0
37561,55.0
37562,57.0
37563,67.0
37564,69.0
37565,78.0
37566,83.0
37567,105.0
37568,112.0
37569,104.0
37570,103.0
37571,93.0
37572,106.0
37573,53.0
37574,54.0
37575,48.0
37576,38.0
37577,40.0
37578,34.0
37579,47.0
37580,54.0
37581,65.0
37582,41.0
37583,39.0
37584,35.0
37585,51.0
37586,54.0
37587,69.0
37588,59.0
37589,51.0
37590,45.0
37591,44.0
37592,52.0
37593,52.0
37594,47.0
37595,51.0
37596,85.0
37597,80.0
37598,62.0
37599,57.0
37600,56.0
37601,67.0
37602,96.0
37603,91.0
37604,84.0
37605,101.0
37606,134.0
37607,127.0
37608,123.0
37609,112.0
37610,109.0
37611,145.0
37612,124.0
37613,107.0
37614,109.0
37615,110.0
37616,116.0
37617,105.0
37618,93.0
37619,106.0
37620,103.0
37621,102.0
37622,101.0
37623,101.0
37624,117.0
37625,131.0
37626,128.0
37627,127.0
37628,141.0
37629,137.0
37630,151.0
37631,152.0
37632,148.0
37633,151.0
37634,156.0
37635,143.0
37636,141.0
37637,140.0
37638,150.0
37639,162.0
37640,171.0
37641,179.0
37642,193.0
37643,170.0
37644,167.0
37645,158.0
37646,158.0
37647,176.0
37648,162.0
37649,153.0
37650,129.0
37651,92.0
37652,83.0
37653,74.0
37654,86.0
37655,83.0
37656,84.0
37657,84.0
37658,77.0
37659,75.0
37660,64.0
37661,59.0
37662,59.0
37663,72.0
37664,69.0
37665,69.0
37666,56.0
37667,44.0
37668,48.0
37669,40.0
37670,46.0
37671,55.0
37672,57.0
37673,52.0
37674,55.0
37675,59.0
37676,67.0
37677,72.0
37678,78.0
37679,95.0
37680,105.0
37681,112.0
37682,128.0
37683,127.0
37684,128.0
37685,121.0
37686,84.0
37687,87.0
37688,64.0
37689,52.0
37690,30.0
37691,23.0
37692,22.0
37693,17.0
37694,22.0
37695,33.0
37696,43.0
37697,49.0
37698,56.0
37699,59.0
37700,69.0
37701,59.0
37702,72.0
37703,76.0
37704,90.0
37705,91.0
37706,90.0
37707,91.0
37708,66.0
37709,46.0
37710,49.0
37711,48.0
37712,45.0
37713,44.0
37714,39.0
37715,23.0
37716,26.0
37717,24.0
37718,25.0
37719,30.0
37720,44.0
37721,30.0
37722,32.0
37723,36.0
37724,43.0
37725,66.0
37726,68.0
37727,73.0
37728,90.0
37729,106.0
37730,102.0
37731,66.0
37732,65.0
37733,52.0
37734,68.0
37735,104.0
37736,84.0
37737,42.0
37738,36.0
37739,56.0
37740,51.0
37741,170.0
37742,87.0
37743,55.0
37744,107.0
37745,105.0
37746,66.0
37747,73.0
37748,76.0
37749,60.0
37750,64.0
37751,73.0
37752,81.0
37753,88.0
37754,98.0
37755,99.0
37756,99.0
37757,108.0
37758,129.0
37759,136.0
37760,151.0
37761,162.0
37762,164.0
37763,174.0
37764,185.0
37765,168.0
37766,154.0
37767,143.0
37768,139.0
37769,126.0
37770,98.0
37771,101.0
37772,71.0
37773,73.0
37774,80.0
37775,82.0
37776,76.0
37777,84.0
37778,89.0
37779,91.0
37780,96.0
37781,107.0
37782,109.0
37783,112.0
37784,119.0
37785,122.0
37786,125.0
37787,121.0
37788,128.0
37789,135.0
37790,136.0
37791,121.0
37792,117.0
37793,105.0
37794,100.0
37795,117.0
37796,118.0
37797,121.0
37798,140.0
37799,139.0
37800,136.0
37801,143.0
37802,155.0
37803,141.0
37804,110.0
37805,118.0
37806,124.0
37807,135.0
37808,156.0
37809,163.0
37810,167.0
37811,169.0
37812,177.0
37813,131.0
37814,102.0
37815,90.0
37816,96.0
37817,112.0
37818,101.0
37819,101.0
37820,104.0
37821,92.0
37822,55.0
37823,27.0
37824,30.0
37825,27.0
37826,21.0
37827,25.0
37828,23.0
37829,28.0
37830,29.0
37831,31.0
37832,38.0
37833,39.0
37834,61.0
37835,42.0
37836,47.0
37837,52.0
37838,47.0
37839,42.0
37840,48.0
37841,52.0
37842,48.0
37843,59.0
37844,48.0
37845,35.0
37846,41.0
37847,36.0
37848,41.0
37849,49.0
37850,59.0
37851,72.0
37852,80.0
37853,58.0
37854,46.0
37855,54.0
37856,43.0
37857,35.0
37858,39.0
37859,20.0
37860,78.0
37861,72.0
37862,84.0
37863,55.0
37864,77.0
37865,135.0
37866,76.0
37867,75.0
37868,98.0
37869,116.0
37870,106.0
37871,48.0
37872,37.0
37873,39.0
37874,38.0
37875,64.0
37876,73.0
37877,73.0
37878,80.0
37879,86.0
37880,106.0
37881,132.0
37882,101.0
37883,68.0
37884,51.0
37885,47.0
37886,41.0
37887,42.0
37888,49.0
37889,58.0
37890,63.0
37891,67.0
37892,72.0
37893,105.0
37894,86.0
37895,81.0
37896,92.0
37897,93.0
37898,105.0
37899,94.0
37900,91.0
37901,83.0
37902,96.0
37903,113.0
37904,121.0
37905,136.0
37906,132.0
37907,133.0
37908,136.0
37909,111.0
37910,106.0
37911,104.0
37912,98.0
37913,99.0
37914,90.0
37915,95.0
37916,105.0
37917,99.0
37918,102.0
37919,103.0
37920,89.0
37921,89.0
37922,94.0
37923,97.0
37924,100.0
37925,111.0
37926,115.0
37927,146.0
37928,156.0
37929,221.0
37930,170.0
37931,135.0
37932,98.0
37933,86.0
37934,81.0
37935,79.0
37936,153.0
37937,119.0
37938,94.0
37939,91.0
37940,90.0
37941,90.0
37942,87.0
37943,94.0
37944,97.0
37945,107.0
37946,112.0
37947,152.0
37948,129.0
37949,135.0
37950,135.0
37951,150.0
37952,162.0
37953,155.0
37954,143.0
37955,144.0
37956,158.0
37957,202.0
37958,143.0
37959,147.0
37960,136.0
37961,130.0
37962,68.0
37963,113.0
37964,54.0
37965,51.0
37966,48.0
37967,47.0
37968,44.0
37969,34.0
37970,28.0
37971,34.0
37972,34.0
37973,25.0
37974,26.0
37975,39.0
37976,52.0
37977,54.0
37978,50.0
37979,50.0
37980,60.0
37981,59.0
37982,49.0
37983,37.0
37984,32.0
37985,24.0
37986,17.0
37987,21.0
37988,27.0
37989,27.0
37990,42.0
37991,42.0
37992,55.0
37993,48.0
37994,40.0
37995,42.0
37996,39.0
37997,64.0
37998,88.0
37999,104.0
38000,122.0
38001,167.0
38002,116.0
38003,121.0
38004,113.0
38005,90.0
38006,59.0
38007,66.0
38008,95.0
38009,104.0
38010,117.0
38011,96.0
38012,50.0
38013,50.0
38014,48.0
38015,52.0
38016,39.0
38017,35.0
38018,50.0
38019,38.0
38020,41.0
38021,46.0
38022,51.0
38023,51.0
38024,59.0
38025,57.0
38026,56.0
38027,46.0
38028,50.0
38029,52.0
38030,49.0
38031,43.0
38032,43.0
38033,32.0
38034,26.0
38035,31.0
38036,32.0
38037,46.0
38038,98.0
38039,67.0
38040,82.0
38041,65.0
38042,85.0
38043,63.0
38044,48.0
38045,36.0
38046,44.0
38047,49.0
38048,35.0
38049,39.0
38050,52.0
38051,31.0
38052,39.0
38053,36.0
38054,33.0
38055,33.0
38056,38.0
38057,32.0
38058,39.0
38059,38.0
38060,34.0
38061,50.0
38062,59.0
38063,59.0
38064,56.0
38065,63.0
38066,72.0
38067,71.0
38068,75.0
38069,71.0
38070,61.0
38071,93.0
38072,97.0
38073,110.0
38074,95.0
38075,103.0
38076,123.0
38077,138.0
38078,111.0
38079,110.0
38080,108.0
38081,106.0
38082,108.0
38083,120.0
38084,154.0
38085,134.0
38086,133.0
38087,124.0
38088,126.0
38089,127.0
38090,132.0
38091,132.0
38092,135.0
38093,159.0
38094,151.0
38095,148.0
38096,140.0
38097,105.0
38098,85.0
38099,84.0
38100,114.0
38101,112.0
38102,111.0
38103,36.0
38104,12.0
38105,12.0
38106,15.0
38107,23.0
38108,24.0
38109,16.0
38110,63.0
38111,84.0
38112,93.0
38113,109.0
38114,128.0
38115,125.0
38116,125.0
38117,126.0
38118,136.0
38119,147.0
38120,95.0
38121,72.0
38122,64.0
38123,61.0
38124,58.0
38125,65.0
38126,62.0
38127,79.0
38128,74.0
38129,67.0
38130,80.0
38131,68.0
38132,63.0
38133,55.0
38134,70.0
38135,84.0
38136,65.0
38137,65.0
38138,70.0
38139,70.0
38140,75.0
38141,90.0
38142,91.0
38143,87.0
38144,80.0
38145,83.0
38146,79.0
38147,69.0
38148,70.0
38149,72.0
38150,74.0
38151,71.0
38152,48.0
38153,43.0
38154,45.0
38155,47.0
38156,56.0
38157,59.0
38158,59.0
38159,55.0
38160,50.0
38161,46.0
38162,40.0
38163,46.0
38164,47.0
38165,50.0
38166,46.0
38167,47.0
38168,55.0
38169,51.0
38170,63.0
38171,62.0
38172,64.0
38173,63.0
38174,63.0
38175,59.0
38176,70.0
38177,71.0
38178,69.0
38179,65.0
38180,54.0
38181,40.0
38182,42.0
38183,42.0
38184,48.0
38185,51.0
38186,57.0
38187,49.0
38188,46.0
38189,40.0
38190,39.0
38191,33.0
38192,26.0
38193,34.0
38194,22.0
38195,22.0
38196,21.0
38197,16.0
38198,17.0
38199,8.0
38200,17.0
38201,15.0
38202,20.0
38203,22.0
38204,30.0
38205,28.0
38206,35.0
38207,40.0
38208,46.0
38209,45.0
38210,47.0
38211,47.0
38212,57.0
38213,65.0
38214,72.0
38215,75.0
38216,82.0
38217,53.0
38218,21.0
38219,23.0
38220,23.0
38221,23.0
38222,23.0
38223,30.0
38224,29.0
38225,40.0
38226,52.0
38227,64.0
38228,65.0
38229,58.0
38230,54.0
38231,42.0
38232,43.0
38233,40.0
38234,50.0
38235,47.0
38236,57.0
38237,80.0
38238,108.0
38239,106.0
38240,98.0
38241,112.0
38242,104.0
38243,86.0
38244,82.0
38245,52.0
38246,42.0
38247,45.0
38248,34.0
38249,30.0
38250,30.0
38251,40.0
38252,36.0
38253,29.0
38254,25.0
38255,32.0
38256,38.0
38257,34.0
38258,32.0
38259,34.0
38260,29.0
38261,26.0
38262,23.0
38263,22.0
38264,17.0
38265,11.0
38266,20.0
38267,14.0
38268,16.0
38269,14.0
38270,14.0
38271,18.0
38272,12.0
38273,19.0
38274,19.0
38275,25.0
38276,30.0
38277,25.0
38278,27.0
38279,30.0
38280,76.0
38281,68.0
38282,77.0
38283,68.0
38284,59.0
38285,45.0
38286,37.0
38287,89.0
38288,52.0
38289,40.0
38290,45.0
38291,69.0
38292,80.0
38293,96.0
38294,107.0
38295,111.0
38296,121.0
38297,109.0
38298,94.0
38299,95.0
38300,105.0
38301,94.0
38302,121.0
38303,203.0
38304,84.0
38305,96.0
38306,83.0
38307,85.0
38308,93.0
38309,89.0
38310,75.0
38311,57.0
38312,271.0
38313,50.0
38314,74.0
38315,56.0
38316,48.0
38317,60.0
38318,49.0
38319,45.0
38320,42.0
38321,38.0
38322,43.0
38323,47.0
38324,63.0
38325,71.0
38326,105.0
38327,74.0
38328,71.0
38329,80.0
38330,79.0
38331,76.0
38332,69.0
38333,68.0
38334,94.0
38335,96.0
38336,98.0
38337,98.0
38338,109.0
38339,95.0
38340,87.0
38341,90.0
38342,69.0
38343,54.0
38344,52.0
38345,48.0
38346,40.0
38347,41.0
38348,21.0
38349,28.0
38350,28.0
38351,34.0
38352,58.0
38353,64.0
38354,68.0
38355,70.0
38356,68.0
38357,77.0
38358,84.0
38359,89.0
38360,103.0
38361,99.0
38362,100.0
38363,132.0
38364,198.0
38365,119.0
38366,137.0
38367,77.0
38368,93.0
38369,124.0
38370,146.0
38371,143.0
38372,115.0
38373,107.0
38374,99.0
38375,100.0
38376,103.0
38377,75.0
38378,61.0
38379,83.0
38380,90.0
38381,70.0
38382,75.0
38383,83.0
38384,79.0
38385,95.0
38386,134.0
38387,161.0
38388,151.0
38389,147.0
38390,143.0
38391,132.0
38392,119.0
38393,102.0
38394,97.0
38395,104.0
38396,123.0
38397,141.0
38398,167.0
38399,174.0
38400,196.0
38401,215.0
38402,214.0
38403,197.0
38404,168.0
38405,122.0
38406,66.0
38407,36.0
38408,20.0
38409,17.0
38410,13.0
38411,15.0
38412,18.0
38413,14.0
38414,16.0
38415,18.0
38416,20.0
38417,22.0
38418,22.0
38419,45.0
38420,121.0
38421,122.0
38422,114.0
38423,106.0
38424,62.0
38425,84.0
38426,79.0
38427,80.0
38428,85.0
38429,81.0
38430,79.0
38431,80.0
38432,79.0
38433,85.0
38434,85.0
38435,81.0
38436,90.0
38437,97.0
38438,103.0
38439,115.0
38440,117.0
38441,130.0
38442,132.0
38443,136.0
38444,150.0
38445,128.0
38446,144.0
38447,146.0
38448,152.0
38449,165.0
38450,178.0
38451,196.0
38452,215.0
38453,242.0
38454,249.0
38455,258.0
38456,259.0
38457,239.0
38458,224.0
38459,182.0
38460,111.0
38461,59.0
38462,43.0
38463,50.0
38464,54.0
38465,38.0
38466,40.0
38467,56.0
38468,64.0
38469,65.0
38470,63.0
38471,73.0
38472,74.0
38473,84.0
38474,80.0
38475,96.0
38476,109.0
38477,110.0
38478,102.0
38479,105.0
38480,105.0
38481,94.0
38482,92.0
38483,85.0
38484,61.0
38485,54.0
38486,46.0
38487,46.0
38488,56.0
38489,57.0
38490,59.0
38491,61.0
38492,76.0
38493,87.0
38494,99.0
38495,104.0
38496,92.0
38497,89.0
38498,85.0
38499,99.0
38500,98.0
38501,84.0
38502,83.0
38503,102.0
38504,84.0
38505,91.0
38506,104.0
38507,95.0
38508,88.0
38509,78.0
38510,84.0
38511,99.0
38512,93.0
38513,79.0
38514,79.0
38515,79.0
38516,91.0
38517,88.0
38518,92.0
38519,95.0
38520,107.0
38521,123.0
38522,117.0
38523,140.0
38524,150.0
38525,150.0
38526,132.0
38527,160.0
38528,158.0
38529,157.0
38530,113.0
38531,51.0
38532,13.0
38533,12.0
38534,7.0
38535,10.0
38536,8.0
38537,8.0
38538,10.0
38539,13.0
38540,18.0
38541,21.0
38542,21.0
38543,15.0
38544,10.0
38545,8.0
38546,9.0
38547,8.0
38548,15.0
38549,20.0
38550,20.0
38551,18.0
38552,15.0
38553,15.0
38554,16.0
38555,19.0
38556,23.0
38557,24.0
38558,26.0
38559,27.0
38560,27.0
38561,26.0
38562,23.0
38563,28.0
38564,27.0
38565,29.0
38566,31.0
38567,26.0
38568,26.0
38569,23.0
38570,39.0
38571,39.0
38572,40.0
38573,40.0
38574,94.0
38575,102.0
38576,100.0
38577,26.0
38578,19.0
38579,13.0
38580,17.0
38581,12.0
38582,16.0
38583,12.0
38584,13.0
38585,12.0
38586,14.0
38587,11.0
38588,8.0
38589,17.0
38590,13.0
38591,12.0
38592,13.0
38593,19.0
38594,27.0
38595,27.0
38596,38.0
38597,44.0
38598,44.0
38599,43.0
38600,49.0
38601,35.0
38602,18.0
38603,15.0
38604,21.0
38605,29.0
38606,21.0
38607,34.0
38608,32.0
38609,24.0
38610,32.0
38611,32.0
38612,34.0
38613,39.0
38614,40.0
38615,44.0
38616,38.0
38617,38.0
38618,42.0
38619,44.0
38620,54.0
38621,62.0
38622,78.0
38623,77.0
38624,75.0
38625,67.0
38626,52.0
38627,41.0
38628,29.0
38629,21.0
38630,19.0
38631,8.0
38632,14.0
38633,30.0
38634,29.0
38635,38.0
38636,63.0
38637,63.0
38638,63.0
38639,79.0
38640,71.0
38641,96.0
38642,102.0
38643,113.0
38644,73.0
38645,67.0
38646,67.0
38647,88.0
38648,85.0
38649,88.0
38650,104.0
38651,100.0
38652,99.0
38653,100.0
38654,107.0
38655,104.0
38656,90.0
38657,100.0
38658,99.0
38659,95.0
38660,97.0
38661,90.0
38662,76.0
38663,72.0
38664,81.0
38665,84.0
38666,90.0
38667,96.0
38668,115.0
38669,115.0
38670,108.0
38671,125.0
38672,123.0
38673,127.0
38674,132.0
38675,125.0
38676,119.0
38677,127.0
38678,139.0
38679,134.0
38680,131.0
38681,135.0
38682,137.0
38683,143.0
38684,140.0
38685,86.0
38686,83.0
38687,83.0
38688,68.0
38689,53.0
38690,52.0
38691,46.0
38692,49.0
38693,59.0
38694,52.0
38695,43.0
38696,46.0
38697,40.0
38698,32.0
38699,29.0
38700,33.0
38701,37.0
38702,37.0
38703,62.0
38704,80.0
38705,62.0
38706,53.0
38707,59.0
38708,51.0
38709,60.0
38710,59.0
38711,55.0
38712,49.0
38713,52.0
38714,55.0
38715,24.0
38716,21.0
38717,18.0
38718,25.0
38719,25.0
38720,18.0
38721,18.0
38722,24.0
38723,20.0
38724,31.0
38725,31.0
38726,28.0
38727,31.0
38728,28.0
38729,34.0
38730,32.0
38731,44.0
38732,46.0
38733,43.0
38734,48.0
38735,57.0
38736,53.0
38737,64.0
38738,52.0
38739,37.0
38740,35.0
38741,39.0
38742,31.0
38743,29.0
38744,28.0
38745,32.0
38746,33.0
38747,25.0
38748,30.0
38749,28.0
38750,36.0
38751,43.0
38752,43.0
38753,54.0
38754,56.0
38755,45.0
38756,48.0
38757,57.0
38758,50.0
38759,47.0
38760,48.0
38761,62.0
38762,77.0
38763,83.0
38764,87.0
38765,88.0
38766,107.0
38767,88.0
38768,88.0
38769,79.0
38770,60.0
38771,48.0
38772,38.0
38773,42.0
38774,47.0
38775,53.0
38776,52.0
38777,51.0
38778,53.0
38779,51.0
38780,54.0
38781,54.0
38782,54.0
38783,56.0
38784,53.0
38785,57.0
38786,80.0
38787,84.0
38788,90.0
38789,95.0
38790,108.0
38791,102.0
38792,90.0
38793,76.0
38794,54.0
38795,43.0
38796,43.0
38797,45.0
38798,43.0
38799,49.0
38800,56.0
38801,55.0
38802,59.0
38803,60.0
38804,68.0
38805,70.0
38806,81.0
38807,83.0
38808,90.0
38809,108.0
38810,109.0
38811,106.0
38812,96.0
38813,82.0
38814,87.0
38815,101.0
38816,99.0
38817,104.0
38818,101.0
38819,88.0
38820,9.0
38821,9.0
38822,6.0
38823,6.0
38824,7.0
38825,7.0
38826,9.0
38827,10.0
38828,12.0
38829,10.0
38830,17.0
38831,18.0
38832,24.0
38833,25.0
38834,19.0
38835,17.0
38836,14.0
38837,8.0
38838,6.0
38839,6.0
38840,5.0
38841,4.0
38842,3.0
38843,3.0
38844,5.0
38845,5.0
38846,5.0
38847,7.0
38848,6.0
38849,9.0
38850,8.0
38851,19.0
38852,26.0
38853,26.0
38854,38.0
38855,33.0
38856,69.0
38857,45.0
38858,33.0
38859,24.0
38860,29.0
38861,25.0
38862,26.0
38863,25.0
38864,45.0
38865,58.0
38866,59.0
38867,48.0
38868,45.0
38869,48.0
38870,43.0
38871,11.0
38872,11.0
38873,19.0
38874,25.0
38875,30.0
38876,44.0
38877,38.0
38878,33.0
38879,32.0
38880,35.0
38881,24.0
38882,20.0
38883,18.0
38884,22.0
38885,20.0
38886,31.0
38887,41.0
38888,50.0
38889,49.0
38890,41.0
38891,32.0
38892,32.0
38893,25.0
38894,17.0
38895,32.0
38896,20.0
38897,15.0
38898,33.0
38899,19.0
38900,22.0
38901,31.0
38902,49.0
38903,52.0
38904,59.0
38905,67.0
38906,62.0
38907,58.0
38908,50.0
38909,71.0
38910,76.0
38911,82.0
38912,83.0
38913,99.0
38914,78.0
38915,80.0
38916,77.0
38917,79.0
38918,79.0
38919,59.0
38920,75.0
38921,94.0
38922,88.0
38923,88.0
38924,85.0
38925,87.0
38926,94.0
38927,103.0
38928,101.0
38929,114.0
38930,123.0
38931,122.0
38932,96.0
38933,51.0
38934,23.0
38935,59.0
38936,43.0
38937,13.0
38938,13.0
38939,16.0
38940,13.0
38941,12.0
38942,18.0
38943,16.0
38944,15.0
38945,20.0
38946,17.0
38947,19.0
38948,40.0
38949,44.0
38950,33.0
38951,33.0
38952,37.0
38953,37.0
38954,50.0
38955,51.0
38956,39.0
38957,28.0
38958,35.0
38959,31.0
38960,31.0
38961,27.0
38962,23.0
38963,18.0
38964,16.0
38965,12.0
38966,14.0
38967,14.0
38968,10.0
38969,20.0
38970,30.0
38971,40.0
38972,44.0
38973,38.0
38974,50.0
38975,64.0
38976,99.0
38977,110.0
38978,105.0
38979,108.0
38980,121.0
38981,126.0
38982,103.0
38983,78.0
38984,93.0
38985,49.0
38986,29.0
38987,25.0
38988,34.0
38989,39.0
38990,41.0
38991,48.0
38992,49.0
38993,19.0
38994,14.0
38995,24.0
38996,22.0
38997,30.0
38998,30.0
38999,37.0
39000,35.0
39001,39.0
39002,38.0
39003,35.0
39004,29.0
39005,28.0
39006,18.0
39007,25.0
39008,34.0
39009,24.0
39010,23.0
39011,30.0
39012,35.0
39013,46.0
39014,47.0
39015,39.0
39016,50.0
39017,54.0
39018,59.0
39019,58.0
39020,70.0
39021,90.0
39022,106.0
39023,128.0
39024,118.0
39025,111.0
39026,131.0
39027,153.0
39028,169.0
39029,161.0
39030,141.0
39031,117.0
39032,117.0
39033,101.0
39034,94.0
39035,89.0
39036,82.0
39037,105.0
39038,130.0
39039,161.0
39040,156.0
39041,100.0
39042,62.0
39043,84.0
39044,61.0
39045,80.0
39046,113.0
39047,140.0
39048,134.0
39049,117.0
39050,112.0
39051,130.0
39052,148.0
39053,162.0
39054,169.0
39055,164.0
39056,169.0
39057,155.0
39058,178.0
39059,191.0
39060,196.0
39061,138.0
39062,132.0
39063,105.0
39064,111.0
39065,96.0
39066,105.0
39067,108.0
39068,111.0
39069,103.0
39070,114.0
39071,176.0
39072,221.0
39073,225.0
39074,84.0
39075,13.0
39076,20.0
39077,28.0
39078,29.0
39079,24.0
39080,32.0
39081,40.0
39082,47.0
39083,49.0
39084,77.0
39085,103.0
39086,119.0
39087,132.0
39088,148.0
39089,38.0
39090,60.0
39091,76.0
39092,56.0
39093,62.0
39094,63.0
39095,75.0
39096,67.0
39097,74.0
39098,71.0
39099,76.0
39100,79.0
39101,82.0
39102,53.0
39103,46.0
39104,46.0
39105,45.0
39106,24.0
39107,11.0
39108,22.0
39109,31.0
39110,47.0
39111,66.0
39112,90.0
39113,83.0
39114,77.0
39115,80.0
39116,108.0
39117,121.0
39118,144.0
39119,143.0
39120,151.0
39121,153.0
39122,146.0
39123,141.0
39124,151.0
39125,158.0
39126,119.0
39127,137.0
39128,191.0
39129,200.0
39130,200.0
39131,181.0
39132,116.0
39133,106.0
39134,114.0
39135,109.0
39136,87.0
39137,65.0
39138,71.0
39139,79.0
39140,73.0
39141,72.0
39142,74.0
39143,78.0
39144,89.0
39145,86.0
39146,59.0
39147,39.0
39148,48.0
39149,41.0
39150,63.0
39151,59.0
39152,35.0
39153,22.0
39154,13.0
39155,19.0
39156,12.0
39157,10.0
39158,11.0
39159,17.0
39160,20.0
39161,20.0
39162,38.0
39163,61.0
39164,94.0
39165,89.0
39166,82.0
39167,74.0
39168,70.0
39169,70.0
39170,71.0
39171,76.0
39172,72.0
39173,60.0
39174,64.0
39175,73.0
39176,70.0
39177,74.0
39178,57.0
39179,62.0
39180,61.0
39181,54.0
39182,51.0
39183,53.0
39184,57.0
39185,66.0
39186,66.0
39187,15.0
39188,18.0
39189,18.0
39190,15.0
39191,16.0
39192,18.0
39193,23.0
39194,23.0
39195,23.0
39196,15.0
39197,18.0
39198,20.0
39199,38.0
39200,51.0
39201,49.0
39202,51.0
39203,40.0
39204,50.0
39205,50.0
39206,38.0
39207,36.0
39208,41.0
39209,34.0
39210,13.0
39211,29.0
39212,34.0
39213,39.0
39214,42.0
39215,36.0
39216,31.0
39217,25.0
39218,27.0
39219,23.0
39220,21.0
39221,25.0
39222,18.0
39223,18.0
39224,15.0
39225,19.0
39226,8.0
39227,16.0
39228,17.0
39229,18.0
39230,17.0
39231,16.0
39232,26.0
39233,24.0
39234,28.0
39235,27.0
39236,34.0
39237,28.0
39238,29.0
39239,43.0
39240,44.0
39241,50.0
39242,59.0
39243,66.0
39244,66.0
39245,66.0
39246,63.0
39247,64.0
39248,68.0
39249,64.0
39250,50.0
39251,47.0
39252,37.0
39253,40.0
39254,47.0
39255,54.0
39256,48.0
39257,47.0
39258,41.0
39259,50.0
39260,57.0
39261,64.0
39262,54.0
39263,52.0
39264,54.0
39265,62.0
39266,58.0
39267,69.0
39268,77.0
39269,89.0
39270,90.0
39271,86.0
39272,74.0
39273,74.0
39274,75.0
39275,85.0
39276,93.0
39277,96.0
39278,109.0
39279,98.0
39280,113.0
39281,128.0
39282,117.0
39283,116.0
39284,127.0
39285,133.0
39286,150.0
39287,159.0
39288,185.0
39289,178.0
39290,193.0
39291,191.0
39292,199.0
39293,196.0
39294,190.0
39295,168.0
39296,128.0
39297,100.0
39298,91.0
39299,87.0
39300,73.0
39301,62.0
39302,66.0
39303,106.0
39304,95.0
39305,93.0
39306,75.0
39307,62.0
39308,61.0
39309,68.0
39310,75.0
39311,62.0
39312,31.0
39313,39.0
39314,46.0
39315,17.0
39316,6.0
39317,4.0
39318,4.0
39319,15.0
39320,10.0
39321,16.0
39322,7.0
39323,11.0
39324,12.0
39325,7.0
39326,10.0
39327,11.0
39328,13.0
39329,13.0
39330,11.0
39331,18.0
39332,27.0
39333,32.0
39334,25.0
39335,28.0
39336,22.0
39337,35.0
39338,32.0
39339,28.0
39340,22.0
39341,17.0
39342,26.0
39343,24.0
39344,17.0
39345,16.0
39346,13.0
39347,14.0
39348,9.0
39349,15.0
39350,15.0
39351,15.0
39352,6.0
39353,15.0
39354,15.0
39355,26.0
39356,21.0
39357,25.0
39358,28.0
39359,30.0
39360,54.0
39361,43.0
39362,32.0
39363,37.0
39364,30.0
39365,26.0
39366,50.0
39367,77.0
39368,45.0
39369,36.0
39370,48.0
39371,60.0
39372,48.0
39373,59.0
39374,61.0
39375,59.0
39376,31.0
39377,39.0
39378,33.0
39379,62.0
39380,59.0
39381,66.0
39382,69.0
39383,70.0
39384,67.0
39385,59.0
39386,68.0
39387,84.0
39388,104.0
39389,94.0
39390,80.0
39391,65.0
39392,61.0
39393,64.0
39394,71.0
39395,93.0
39396,104.0
39397,95.0
39398,74.0
39399,72.0
39400,51.0
39401,54.0
39402,40.0
39403,45.0
39404,51.0
39405,59.0
39406,57.0
39407,59.0
39408,58.0
39409,59.0
39410,63.0
39411,76.0
39412,86.0
39413,100.0
39414,108.0
39415,108.0
39416,101.0
39417,105.0
39418,105.0
39419,102.0
39420,116.0
39421,124.0
39422,122.0
39423,122.0
39424,121.0
39425,141.0
39426,163.0
39427,168.0
39428,149.0
39429,66.0
39430,48.0
39431,27.0
39432,30.0
39433,34.0
39434,43.0
39435,45.0
39436,65.0
39437,59.0
39438,58.0
39439,57.0
39440,52.0
39441,33.0
39442,50.0
39443,56.0
39444,64.0
39445,66.0
39446,72.0
39447,78.0
39448,78.0
39449,84.0
39450,98.0
39451,110.0
39452,114.0
39453,101.0
39454,111.0
39455,110.0
39456,134.0
39457,169.0
39458,190.0
39459,214.0
39460,239.0
39461,250.0
39462,259.0
39463,263.0
39464,280.0
39465,277.0
39466,274.0
39467,256.0
39468,232.0
39469,212.0
39470,177.0
39471,175.0
39472,167.0
39473,161.0
39474,150.0
39475,153.0
39476,206.0
39477,237.0
39478,250.0
39479,295.0
39480,291.0
39481,299.0
39482,303.0
39483,293.0
39484,281.0
39485,259.0
39486,226.0
39487,201.0
39488,185.0
39489,153.0
39490,145.0
39491,152.0
39492,137.0
39493,137.0
39494,139.0
39495,178.0
39496,200.0
39497,213.0
39498,148.0
39499,194.0
39500,172.0
39501,151.0
39502,156.0
39503,168.0
39504,172.0
39505,174.0
39506,169.0
39507,158.0
39508,152.0
39509,149.0
39510,148.0
39511,125.0
39512,112.0
39513,105.0
39514,114.0
39515,96.0
39516,80.0
39517,71.0
39518,67.0
39519,74.0
39520,70.0
39521,77.0
39522,77.0
39523,91.0
39524,107.0
39525,157.0
39526,184.0
39527,182.0
39528,207.0
39529,233.0
39530,212.0
39531,209.0
39532,237.0
39533,252.0
39534,233.0
39535,240.0
39536,218.0
39537,217.0
39538,196.0
39539,180.0
39540,157.0
39541,153.0
39542,153.0
39543,150.0
39544,158.0
39545,168.0
39546,167.0
39547,184.0
39548,194.0
39549,181.0
39550,153.0
39551,139.0
39552,133.0
39553,130.0
39554,116.0
39555,114.0
39556,99.0
39557,94.0
39558,84.0
39559,80.0
39560,80.0
39561,88.0
39562,103.0
39563,132.0
39564,151.0
39565,165.0
39566,182.0
39567,191.0
39568,193.0
39569,192.0
39570,189.0
39571,188.0
39572,223.0
39573,239.0
39574,235.0
39575,196.0
39576,180.0
39577,192.0
39578,187.0
39579,164.0
39580,156.0
39581,163.0
39582,144.0
39583,137.0
39584,131.0
39585,115.0
39586,68.0
39587,26.0
39588,16.0
39589,15.0
39590,10.0
39591,13.0
39592,11.0
39593,8.0
39594,10.0
39595,16.0
39596,49.0
39597,45.0
39598,42.0
39599,55.0
39600,53.0
39601,85.0
39602,37.0
39603,19.0
39604,21.0
39605,16.0
39606,17.0
39607,17.0
39608,16.0
39609,11.0
39610,11.0
39611,14.0
39612,9.0
39613,8.0
39614,10.0
39615,14.0
39616,14.0
39617,22.0
39618,32.0
39619,36.0
39620,29.0
39621,31.0
39622,35.0
39623,34.0
39624,28.0
39625,52.0
39626,70.0
39627,52.0
39628,39.0
39629,31.0
39630,25.0
39631,25.0
39632,28.0
39633,28.0
39634,25.0
39635,15.0
39636,17.0
39637,18.0
39638,35.0
39639,17.0
39640,17.0
39641,18.0
39642,24.0
39643,28.0
39644,31.0
39645,40.0
39646,42.0
39647,48.0
39648,52.0
39649,53.0
39650,58.0
39651,58.0
39652,64.0
39653,61.0
39654,41.0
39655,35.0
39656,18.0
39657,11.0
39658,13.0
39659,12.0
39660,9.0
39661,9.0
39662,16.0
39663,13.0
39664,16.0
39665,9.0
39666,18.0
39667,28.0
39668,32.0
39669,33.0
39670,35.0
39671,46.0
39672,19.0
39673,21.0
39674,9.0
39675,12.0
39676,9.0
39677,10.0
39678,12.0
39679,10.0
39680,10.0
39681,9.0
39682,7.0
39683,6.0
39684,7.0
39685,8.0
39686,9.0
39687,5.0
39688,6.0
39689,12.0
39690,17.0
39691,16.0
39692,19.0
39693,22.0
39694,20.0
39695,36.0
39696,35.0
39697,30.0
39698,13.0
39699,19.0
39700,20.0
39701,18.0
39702,17.0
39703,17.0
39704,10.0
39705,13.0
39706,13.0
39707,10.0
39708,10.0
39709,12.0
39710,11.0
39711,9.0
39712,20.0
39713,21.0
39714,20.0
39715,26.0
39716,35.0
39717,58.0
39718,45.0
39719,50.0
39720,58.0
39721,44.0
39722,46.0
39723,31.0
39724,23.0
39725,21.0
39726,24.0
39727,19.0
39728,22.0
39729,18.0
39730,19.0
39731,21.0
39732,22.0
39733,29.0
39734,36.0
39735,39.0
39736,36.0
39737,42.0
39738,38.0
39739,36.0
39740,30.0
39741,15.0
39742,19.0
39743,30.0
39744,60.0
39745,40.0
39746,29.0
39747,35.0
39748,40.0
39749,42.0
39750,37.0
39751,44.0
39752,49.0
39753,50.0
39754,52.0
39755,50.0
39756,52.0
39757,50.0
39758,55.0
39759,57.0
39760,45.0
39761,51.0
39762,49.0
39763,54.0
39764,62.0
39765,73.0
39766,81.0
39767,93.0
39768,108.0
39769,112.0
39770,113.0
39771,85.0
39772,90.0
39773,85.0
39774,121.0
39775,130.0
39776,133.0
39777,148.0
39778,160.0
39779,159.0
39780,172.0
39781,142.0
39782,146.0
39783,134.0
39784,111.0
39785,90.0
39786,60.0
39787,60.0
39788,70.0
39789,80.0
39790,74.0
39791,64.0
39792,82.0
39793,111.0
39794,112.0
39795,128.0
39796,126.0
39797,147.0
39798,135.0
39799,142.0
39800,144.0
39801,142.0
39802,139.0
39803,129.0
39804,132.0
39805,130.0
39806,162.0
39807,162.0
39808,163.0
39809,152.0
39810,150.0
39811,160.0
39812,172.0
39813,188.0
39814,195.0
39815,220.0
39816,191.0
39817,154.0
39818,158.0
39819,131.0
39820,128.0
39821,123.0
39822,112.0
39823,122.0
39824,113.0
39825,109.0
39826,120.0
39827,125.0
39828,127.0
39829,143.0
39830,109.0
39831,96.0
39832,80.0
39833,96.0
39834,106.0
39835,103.0
39836,84.0
39837,80.0
39838,81.0
39839,87.0
39840,69.0
39841,73.0
39842,72.0
39843,77.0
39844,77.0
39845,75.0
39846,72.0
39847,68.0
39848,60.0
39849,48.0
39850,52.0
39851,66.0
39852,57.0
39853,51.0
39854,45.0
39855,38.0
39856,45.0
39857,48.0
39858,53.0
39859,64.0
39860,72.0
39861,81.0
39862,66.0
39863,41.0
39864,46.0
39865,60.0
39866,57.0
39867,65.0
39868,64.0
39869,62.0
39870,55.0
39871,52.0
39872,55.0
39873,60.0
39874,52.0
39875,55.0
39876,67.0
39877,85.0
39878,87.0
39879,79.0
39880,60.0
39881,69.0
39882,59.0
39883,53.0
39884,55.0
39885,52.0
39886,48.0
39887,56.0
39888,59.0
39889,60.0
39890,55.0
39891,59.0
39892,59.0
39893,53.0
39894,20.0
39895,20.0
39896,20.0
39897,11.0
39898,15.0
39899,12.0
39900,15.0
39901,14.0
39902,15.0
39903,13.0
39904,11.0
39905,14.0
39906,15.0
39907,17.0
39908,14.0
39909,11.0
39910,9.0
39911,6.0
39912,6.0
39913,13.0
39914,10.0
39915,16.0
39916,16.0
39917,14.0
39918,18.0
39919,19.0
39920,15.0
39921,12.0
39922,9.0
39923,7.0
39924,18.0
39925,17.0
39926,16.0
39927,16.0
39928,11.0
39929,15.0
39930,8.0
39931,12.0
39932,19.0
39933,21.0
39934,17.0
39935,16.0
39936,20.0
39937,20.0
39938,21.0
39939,23.0
39940,12.0
39941,13.0
39942,19.0
39943,20.0
39944,16.0
39945,18.0
39946,19.0
39947,13.0
39948,22.0
39949,20.0
39950,16.0
39951,20.0
39952,21.0
39953,21.0
39954,42.0
39955,46.0
39956,43.0
39957,42.0
39958,41.0
39959,46.0
39960,55.0
39961,52.0
39962,50.0
39963,74.0
39964,73.0
39965,82.0
39966,74.0
39967,76.0
39968,82.0
39969,90.0
39970,103.0
39971,89.0
39972,67.0
39973,85.0
39974,62.0
39975,50.0
39976,69.0
39977,51.0
39978,24.0
39979,33.0
39980,35.0
39981,63.0
39982,104.0
39983,136.0
39984,146.0
39985,118.0
39986,127.0
39987,149.0
39988,160.0
39989,116.0
39990,91.0
39991,97.0
39992,61.0
39993,49.0
39994,40.0
39995,31.0
39996,27.0
39997,32.0
39998,28.0
39999,31.0
40000,38.0
40001,45.0
40002,44.0
40003,55.0
40004,61.0
40005,69.0
40006,69.0
40007,72.0
40008,87.0
40009,91.0
40010,116.0
40011,136.0
40012,146.0
40013,149.0
40014,142.0
40015,137.0
40016,113.0
40017,119.0
40018,107.0
40019,112.0
40020,80.0
40021,62.0
40022,67.0
40023,62.0
40024,76.0
40025,72.0
40026,63.0
40027,57.0
40028,62.0
40029,59.0
40030,57.0
40031,60.0
40032,68.0
40033,76.0
40034,86.0
40035,97.0
40036,102.0
40037,111.0
40038,107.0
40039,106.0
40040,113.0
40041,105.0
40042,114.0
40043,133.0
40044,120.0
40045,99.0
40046,87.0
40047,93.0
40048,85.0
40049,95.0
40050,98.0
40051,99.0
40052,88.0
40053,83.0
40054,84.0
40055,93.0
40056,95.0
40057,113.0
40058,121.0
40059,127.0
40060,134.0
40061,138.0
40062,141.0
40063,143.0
40064,125.0
40065,111.0
40066,118.0
40067,110.0
40068,101.0
40069,73.0
40070,61.0
40071,67.0
40072,80.0
40073,81.0
40074,77.0
40075,89.0
40076,88.0
40077,83.0
40078,89.0
40079,96.0
40080,90.0
40081,99.0
40082,101.0
40083,114.0
40084,135.0
40085,155.0
40086,189.0
40087,179.0
40088,151.0
40089,125.0
40090,101.0
40091,92.0
40092,97.0
40093,86.0
40094,84.0
40095,89.0
40096,89.0
40097,86.0
40098,92.0
40099,86.0
40100,85.0
40101,83.0
40102,82.0
40103,78.0
40104,69.0
40105,52.0
40106,53.0
40107,88.0
40108,117.0
40109,113.0
40110,142.0
40111,134.0
40112,159.0
40113,151.0
40114,149.0
40115,148.0
40116,132.0
40117,130.0
40118,122.0
40119,112.0
40120,130.0
40121,144.0
40122,157.0
40123,185.0
40124,199.0
40125,212.0
40126,211.0
40127,201.0
40128,193.0
40129,198.0
40130,187.0
40131,184.0
40132,192.0
40133,208.0
40134,219.0
40135,250.0
40136,227.0
40137,210.0
40138,176.0
40139,180.0
40140,164.0
40141,163.0
40142,155.0
40143,134.0
40144,134.0
40145,122.0
40146,125.0
40147,135.0
40148,167.0
40149,187.0
40150,206.0
40151,196.0
40152,154.0
40153,120.0
40154,135.0
40155,132.0
40156,136.0
40157,146.0
40158,159.0
40159,179.0
40160,185.0
40161,152.0
40162,112.0
40163,123.0
40164,109.0
40165,103.0
40166,98.0
40167,94.0
40168,106.0
40169,115.0
40170,124.0
40171,134.0
40172,134.0
40173,137.0
40174,101.0
40175,78.0
40176,79.0
40177,85.0
40178,93.0
40179,88.0
40180,78.0
40181,69.0
40182,62.0
40183,57.0
40184,77.0
40185,87.0
40186,97.0
40187,101.0
40188,112.0
40189,109.0
40190,110.0
40191,104.0
40192,104.0
40193,101.0
40194,100.0
40195,113.0
40196,115.0
40197,121.0
40198,119.0
40199,138.0
40200,146.0
40201,158.0
40202,184.0
40203,190.0
40204,201.0
40205,175.0
40206,132.0
40207,102.0
40208,88.0
40209,74.0
40210,74.0
40211,82.0
40212,73.0
40213,95.0
40214,76.0
40215,102.0
40216,72.0
40217,69.0
40218,52.0
40219,54.0
40220,67.0
40221,63.0
40222,67.0
40223,74.0
40224,80.0
40225,92.0
40226,89.0
40227,82.0
40228,92.0
40229,90.0
40230,90.0
40231,59.0
40232,12.0
40233,10.0
40234,7.0
40235,5.0
40236,7.0
40237,7.0
40238,6.0
40239,4.0
40240,7.0
40241,7.0
40242,4.0
40243,2.0
40244,2.0
40245,4.0
40246,4.0
40247,6.0
40248,14.0
40249,13.0
40250,10.0
40251,8.0
40252,9.0
40253,11.0
40254,14.0
40255,16.0
40256,14.0
40257,25.0
40258,25.0
40259,31.0
40260,27.0
40261,26.0
40262,28.0
40263,32.0
40264,51.0
40265,32.0
40266,25.0
40267,23.0
40268,27.0
40269,28.0
40270,26.0
40271,32.0
40272,34.0
40273,48.0
40274,49.0
40275,60.0
40276,63.0
40277,62.0
40278,68.0
40279,63.0
40280,50.0
40281,23.0
40282,16.0
40283,8.0
40284,6.0
40285,3.0
40286,2.0
40287,5.0
40288,4.0
40289,8.0
40290,15.0
40291,25.0
40292,28.0
40293,46.0
40294,71.0
40295,125.0
40296,142.0
40297,105.0
40298,101.0
40299,89.0
40300,93.0
40301,85.0
40302,62.0
40303,40.0
40304,52.0
40305,62.0
40306,55.0
40307,48.0
40308,41.0
40309,39.0
40310,43.0
40311,43.0
40312,44.0
40313,37.0
40314,40.0
40315,64.0
40316,48.0
40317,56.0
40318,41.0
40319,48.0
40320,29.0
40321,40.0
40322,42.0
40323,47.0
40324,51.0
40325,69.0
40326,79.0
40327,90.0
40328,83.0
40329,76.0
40330,85.0
40331,72.0
40332,56.0
40333,45.0
40334,46.0
40335,39.0
40336,49.0
40337,49.0
40338,62.0
40339,59.0
40340,58.0
40341,59.0
40342,60.0
40343,72.0
40344,71.0
40345,90.0
40346,120.0
40347,123.0
40348,132.0
40349,144.0
40350,154.0
40351,160.0
40352,124.0
40353,95.0
40354,80.0
40355,72.0
40356,70.0
40357,58.0
40358,53.0
40359,54.0
40360,44.0
40361,33.0
40362,46.0
40363,42.0
40364,55.0
40365,15.0
40366,18.0
40367,17.0
40368,22.0
40369,22.0
40370,24.0
40371,21.0
40372,28.0
40373,31.0
40374,31.0
40375,24.0
40376,25.0
40377,39.0
40378,38.0
40379,37.0
40380,36.0
40381,32.0
40382,30.0
40383,23.0
40384,20.0
40385,28.0
40386,43.0
40387,53.0
40388,49.0
40389,53.0
40390,78.0
40391,86.0
40392,65.0
40393,58.0
40394,53.0
40395,26.0
40396,20.0
40397,12.0
40398,13.0
40399,12.0
40400,12.0
40401,6.0
40402,11.0
40403,6.0
40404,6.0
40405,11.0
40406,10.0
40407,9.0
40408,9.0
40409,14.0
40410,21.0
40411,22.0
40412,23.0
40413,27.0
40414,42.0
40415,50.0
40416,57.0
40417,29.0
40418,26.0
40419,23.0
40420,18.0
40421,15.0
40422,12.0
40423,17.0
40424,8.0
40425,10.0
40426,12.0
40427,19.0
40428,21.0
40429,30.0
40430,33.0
40431,28.0
40432,24.0
40433,31.0
40434,40.0
40435,29.0
40436,64.0
40437,38.0
40438,19.0
40439,23.0
40440,13.0
40441,15.0
40442,21.0
40443,18.0
40444,19.0
40445,38.0
40446,36.0
40447,36.0
40448,53.0
40449,55.0
40450,43.0
40451,38.0
40452,26.0
40453,17.0
40454,17.0
40455,15.0
40456,19.0
40457,21.0
40458,24.0
40459,24.0
40460,26.0
40461,24.0
40462,21.0
40463,29.0
40464,19.0
40465,22.0
40466,22.0
40467,16.0
40468,28.0
40469,35.0
40470,17.0
40471,25.0
40472,27.0
40473,26.0
40474,26.0
40475,28.0
40476,42.0
40477,48.0
40478,31.0
40479,27.0
40480,26.0
40481,35.0
40482,32.0
40483,38.0
40484,37.0
40485,26.0
40486,17.0
40487,32.0
40488,26.0
40489,34.0
40490,32.0
40491,23.0
40492,35.0
40493,71.0
40494,102.0
40495,121.0
40496,114.0
40497,64.0
40498,47.0
40499,26.0
40500,17.0
40501,12.0
40502,17.0
40503,34.0
40504,48.0
40505,22.0
40506,30.0
40507,27.0
40508,24.0
40509,28.0
40510,33.0
40511,55.0
40512,70.0
40513,71.0
40514,88.0
40515,82.0
40516,52.0
40517,46.0
40518,33.0
40519,37.0
40520,49.0
40521,71.0
40522,68.0
40523,48.0
40524,44.0
40525,38.0
40526,28.0
40527,52.0
40528,63.0
40529,56.0
40530,61.0
40531,74.0
40532,80.0
40533,89.0
40534,97.0
40535,172.0
40536,209.0
40537,72.0
40538,19.0
40539,23.0
40540,31.0
40541,27.0
40542,33.0
40543,38.0
40544,36.0
40545,39.0
40546,44.0
40547,37.0
40548,36.0
40549,28.0
40550,38.0
40551,23.0
40552,20.0
40553,20.0
40554,35.0
40555,44.0
40556,55.0
40557,73.0
40558,81.0
40559,93.0
40560,91.0
40561,51.0
40562,56.0
40563,56.0
40564,34.0
40565,35.0
40566,27.0
40567,26.0
40568,39.0
40569,35.0
40570,38.0
40571,59.0
40572,69.0
40573,80.0
40574,74.0
40575,84.0
40576,77.0
40577,65.0
40578,71.0
40579,71.0
40580,74.0
40581,57.0
40582,60.0
40583,74.0
40584,61.0
40585,66.0
40586,74.0
40587,88.0
40588,94.0
40589,97.0
40590,111.0
40591,107.0
40592,123.0
40593,97.0
40594,93.0
40595,78.0
40596,69.0
40597,61.0
40598,55.0
40599,48.0
40600,13.0
40601,59.0
40602,74.0
40603,80.0
40604,84.0
40605,78.0
40606,70.0
40607,73.0
40608,71.0
40609,68.0
40610,88.0
40611,99.0
40612,104.0
40613,106.0
40614,115.0
40615,112.0
40616,114.0
40617,107.0
40618,99.0
40619,81.0
40620,69.0
40621,69.0
40622,77.0
40623,89.0
40624,97.0
40625,96.0
40626,96.0
40627,91.0
40628,81.0
40629,89.0
40630,97.0
40631,102.0
40632,99.0
40633,112.0
40634,119.0
40635,122.0
40636,133.0
40637,133.0
40638,140.0
40639,153.0
40640,173.0
40641,169.0
40642,163.0
40643,138.0
40644,141.0
40645,137.0
40646,134.0
40647,123.0
40648,113.0
40649,115.0
40650,123.0
40651,145.0
40652,69.0
40653,19.0
40654,26.0
40655,22.0
40656,23.0
40657,21.0
40658,23.0
40659,18.0
40660,24.0
40661,30.0
40662,19.0
40663,23.0
40664,19.0
40665,22.0
40666,31.0
40667,42.0
40668,41.0
40669,56.0
40670,72.0
40671,76.0
40672,87.0
40673,91.0
40674,97.0
40675,110.0
40676,124.0
40677,123.0
40678,110.0
40679,115.0
40680,120.0
40681,149.0
40682,142.0
40683,142.0
40684,128.0
40685,120.0
40686,138.0
40687,134.0
40688,153.0
40689,133.0
40690,134.0
40691,116.0
40692,106.0
40693,87.0
40694,83.0
40695,108.0
40696,95.0
40697,104.0
40698,118.0
40699,133.0
40700,151.0
40701,171.0
40702,35.0
40703,26.0
40704,20.0
40705,25.0
40706,31.0
40707,35.0
40708,39.0
40709,45.0
40710,29.0
40711,3.0
40712,6.0
40713,7.0
40714,5.0
40715,4.0
40716,8.0
40717,6.0
40718,10.0
40719,7.0
40720,6.0
40721,7.0
40722,12.0
40723,17.0
40724,46.0
40725,44.0
40726,38.0
40727,25.0
40728,16.0
40729,27.0
40730,24.0
40731,27.0
40732,19.0
40733,15.0
40734,16.0
40735,17.0
40736,17.0
40737,10.0
40738,7.0
40739,7.0
40740,9.0
40741,7.0
40742,9.0
40743,6.0
40744,6.0
40745,8.0
40746,11.0
40747,18.0
40748,21.0
40749,30.0
40750,26.0
40751,26.0
40752,41.0
40753,35.0
40754,39.0
40755,40.0
40756,23.0
40757,27.0
40758,15.0
40759,19.0
40760,19.0
40761,17.0
40762,17.0
40763,13.0
40764,10.0
40765,6.0
40766,8.0
40767,10.0
40768,6.0
40769,13.0
40770,19.0
40771,27.0
40772,31.0
40773,29.0
40774,39.0
40775,57.0
40776,71.0
40777,68.0
40778,79.0
40779,89.0
40780,45.0
40781,31.0
40782,21.0
40783,27.0
40784,24.0
40785,30.0
40786,25.0
40787,38.0
40788,43.0
40789,48.0
40790,48.0
40791,47.0
40792,63.0
40793,62.0
40794,67.0
40795,73.0
40796,82.0
40797,94.0
40798,93.0
40799,89.0
40800,90.0
40801,100.0
40802,103.0
40803,108.0
40804,91.0
40805,83.0
40806,69.0
40807,64.0
40808,67.0
40809,62.0
40810,68.0
40811,66.0
40812,60.0
40813,73.0
40814,80.0
40815,80.0
40816,84.0
40817,98.0
40818,99.0
40819,129.0
40820,125.0
40821,74.0
40822,58.0
40823,79.0
40824,77.0
40825,80.0
40826,85.0
40827,74.0
40828,78.0
40829,90.0
40830,89.0
40831,68.0
40832,71.0
40833,66.0
40834,59.0
40835,49.0
40836,62.0
40837,74.0
40838,81.0
40839,85.0
40840,88.0
40841,87.0
40842,95.0
40843,121.0
40844,139.0
40845,132.0
40846,111.0
40847,107.0
40848,102.0
40849,125.0
40850,174.0
40851,151.0
40852,154.0
40853,163.0
40854,148.0
40855,152.0
40856,151.0
40857,160.0
40858,173.0
40859,196.0
40860,181.0
40861,183.0
40862,130.0
40863,158.0
40864,164.0
40865,149.0
40866,141.0
40867,143.0
40868,143.0
40869,138.0
40870,102.0
40871,100.0
40872,107.0
40873,131.0
40874,139.0
40875,121.0
40876,97.0
40877,86.0
40878,85.0
40879,79.0
40880,80.0
40881,105.0
40882,61.0
40883,58.0
40884,55.0
40885,65.0
40886,78.0
40887,79.0
40888,71.0
40889,72.0
40890,75.0
40891,93.0
40892,99.0
40893,104.0
40894,104.0
40895,103.0
40896,96.0
40897,95.0
40898,87.0
40899,96.0
40900,102.0
40901,101.0
40902,106.0
40903,109.0
40904,123.0
40905,132.0
40906,139.0
40907,144.0
40908,153.0
40909,146.0
40910,163.0
40911,95.0
40912,149.0
40913,157.0
40914,163.0
40915,175.0
40916,84.0
40917,25.0
40918,21.0
40919,36.0
40920,50.0
40921,59.0
40922,49.0
40923,30.0
40924,28.0
40925,27.0
40926,21.0
40927,21.0
40928,25.0
40929,34.0
40930,37.0
40931,39.0
40932,36.0
40933,19.0
40934,23.0
40935,24.0
40936,25.0
40937,12.0
40938,9.0
40939,8.0
40940,10.0
40941,6.0
40942,11.0
40943,10.0
40944,9.0
40945,9.0
40946,12.0
40947,9.0
40948,7.0
40949,6.0
40950,14.0
40951,11.0
40952,17.0
40953,16.0
40954,13.0
40955,8.0
40956,12.0
40957,10.0
40958,12.0
40959,11.0
40960,16.0
40961,12.0
40962,11.0
40963,15.0
40964,21.0
40965,19.0
40966,23.0
40967,23.0
40968,51.0
40969,38.0
40970,47.0
40971,50.0
40972,54.0
40973,53.0
40974,56.0
40975,81.0
40976,48.0
40977,44.0
40978,27.0
40979,31.0
40980,45.0
40981,33.0
40982,17.0
40983,15.0
40984,27.0
40985,35.0
40986,31.0
40987,38.0
40988,60.0
40989,49.0
40990,52.0
40991,60.0
40992,61.0
40993,64.0
40994,74.0
40995,80.0
40996,76.0
40997,70.0
40998,73.0
40999,86.0
41000,93.0
41001,96.0
41002,109.0
41003,109.0
41004,114.0
41005,90.0
41006,74.0
41007,75.0
41008,68.0
41009,70.0
41010,88.0
41011,143.0
41012,155.0
41013,147.0
41014,143.0
41015,148.0
41016,157.0
41017,152.0
41018,152.0
41019,147.0
41020,143.0
41021,139.0
41022,142.0
41023,139.0
41024,133.0
41025,137.0
41026,138.0
41027,138.0
41028,132.0
41029,135.0
41030,127.0
41031,109.0
41032,94.0
41033,100.0
41034,110.0
41035,123.0
41036,132.0
41037,138.0
41038,151.0
41039,162.0
41040,155.0
41041,143.0
41042,145.0
41043,147.0
41044,154.0
41045,163.0
41046,170.0
41047,174.0
41048,196.0
41049,207.0
41050,198.0
41051,176.0
41052,111.0
41053,85.0
41054,79.0
41055,100.0
41056,105.0
41057,110.0
41058,123.0
41059,124.0
41060,129.0
41061,140.0
41062,156.0
41063,104.0
41064,2.0
41065,2.0
41066,6.0
41067,5.0
41068,5.0
41069,6.0
41070,3.0
41071,3.0
41072,7.0
41073,7.0
41074,3.0
41075,3.0
41076,4.0
41077,6.0
41078,6.0
41079,4.0
41080,10.0
41081,15.0
41082,12.0
41083,14.0
41084,20.0
41085,19.0
41086,22.0
41087,30.0
41088,37.0
41089,39.0
41090,45.0
41091,42.0
41092,39.0
41093,25.0
41094,23.0
41095,17.0
41096,27.0
41097,19.0
41098,22.0
41099,31.0
41100,43.0
41101,54.0
41102,45.0
41103,44.0
41104,35.0
41105,41.0
41106,46.0
41107,47.0
41108,61.0
41109,80.0
41110,52.0
41111,41.0
41112,46.0
41113,44.0
41114,54.0
41115,59.0
41116,79.0
41117,115.0
41118,96.0
41119,108.0
41120,112.0
41121,118.0
41122,92.0
41123,74.0
41124,50.0
41125,36.0
41126,30.0
41127,38.0
41128,36.0
41129,43.0
41130,48.0
41131,57.0
41132,65.0
41133,83.0
41134,95.0
41135,82.0
41136,61.0
41137,73.0
41138,77.0
41139,86.0
41140,81.0
41141,81.0
41142,89.0
41143,91.0
41144,94.0
41145,108.0
41146,101.0
41147,93.0
41148,88.0
41149,84.0
41150,91.0
41151,92.0
41152,88.0
41153,116.0
41154,120.0
41155,124.0
41156,113.0
41157,104.0
41158,106.0
41159,121.0
41160,124.0
41161,135.0
41162,147.0
41163,82.0
41164,60.0
41165,60.0
41166,52.0
41167,54.0
41168,59.0
41169,59.0
41170,74.0
41171,68.0
41172,65.0
41173,68.0
41174,45.0
41175,36.0
41176,63.0
41177,54.0
41178,48.0
41179,57.0
41180,58.0
41181,63.0
41182,51.0
41183,52.0
41184,50.0
41185,54.0
41186,62.0
41187,64.0
41188,108.0
41189,95.0
41190,93.0
41191,94.0
41192,96.0
41193,51.0
41194,60.0
41195,50.0
41196,46.0
41197,39.0
41198,38.0
41199,47.0
41200,46.0
41201,48.0
41202,53.0
41203,67.0
41204,61.0
41205,73.0
41206,79.0
41207,74.0
41208,71.0
41209,76.0
41210,75.0
41211,78.0
41212,86.0
41213,95.0
41214,106.0
41215,79.0
41216,63.0
41217,49.0
41218,27.0
41219,11.0
41220,10.0
41221,6.0
41222,11.0
41223,12.0
41224,13.0
41225,10.0
41226,15.0
41227,23.0
41228,34.0
41229,36.0
41230,42.0
41231,42.0
41232,47.0
41233,47.0
41234,28.0
41235,20.0
41236,23.0
41237,16.0
41238,16.0
41239,15.0
41240,11.0
41241,11.0
41242,7.0
41243,4.0
41244,3.0
41245,6.0
41246,8.0
41247,6.0
41248,11.0
41249,16.0
41250,18.0
41251,20.0
41252,25.0
41253,20.0
41254,26.0
41255,30.0
41256,34.0
41257,30.0
41258,53.0
41259,49.0
41260,33.0
41261,18.0
41262,16.0
41263,15.0
41264,20.0
41265,25.0
41266,19.0
41267,22.0
41268,30.0
41269,45.0
41270,69.0
41271,90.0
41272,98.0
41273,93.0
41274,64.0
41275,65.0
41276,56.0
41277,56.0
41278,68.0
41279,56.0
41280,30.0
41281,25.0
41282,16.0
41283,10.0
41284,13.0
41285,19.0
41286,25.0
41287,22.0
41288,18.0
41289,19.0
41290,29.0
41291,44.0
41292,75.0
41293,60.0
41294,60.0
41295,60.0
41296,38.0
41297,35.0
41298,32.0
41299,41.0
41300,49.0
41301,49.0
41302,55.0
41303,56.0
41304,62.0
41305,80.0
41306,99.0
41307,104.0
41308,99.0
41309,97.0
41310,108.0
41311,99.0
41312,119.0
41313,93.0
41314,78.0
41315,67.0
41316,69.0
41317,51.0
41318,41.0
41319,34.0
41320,21.0
41321,27.0
41322,34.0
41323,37.0
41324,51.0
41325,61.0
41326,63.0
41327,59.0
41328,70.0
41329,78.0
41330,84.0
41331,97.0
41332,110.0
41333,106.0
41334,92.0
41335,110.0
41336,121.0
41337,136.0
41338,150.0
41339,118.0
41340,91.0
41341,86.0
41342,67.0
41343,60.0
41344,53.0
41345,53.0
41346,57.0
41347,97.0
41348,105.0
41349,119.0
41350,140.0
41351,144.0
41352,141.0
41353,145.0
41354,142.0
41355,141.0
41356,136.0
41357,128.0
41358,110.0
41359,116.0
41360,123.0
41361,127.0
41362,124.0
41363,115.0
41364,117.0
41365,113.0
41366,89.0
41367,95.0
41368,78.0
41369,140.0
41370,153.0
41371,159.0
41372,180.0
41373,200.0
41374,228.0
41375,229.0
41376,200.0
41377,146.0
41378,133.0
41379,125.0
41380,79.0
41381,80.0
41382,72.0
41383,59.0
41384,63.0
41385,64.0
41386,52.0
41387,67.0
41388,78.0
41389,89.0
41390,88.0
41391,96.0
41392,100.0
41393,93.0
41394,85.0
41395,88.0
41396,82.0
41397,80.0
41398,59.0
41399,75.0
41400,77.0
41401,70.0
41402,80.0
41403,81.0
41404,79.0
41405,89.0
41406,106.0
41407,112.0
41408,118.0
41409,120.0
41410,119.0
41411,127.0
41412,128.0
41413,135.0
41414,133.0
41415,124.0
41416,112.0
41417,107.0
41418,109.0
41419,108.0
41420,119.0
41421,117.0
41422,120.0
41423,123.0
41424,114.0
41425,109.0
41426,96.0
41427,102.0
41428,95.0
41429,81.0
41430,73.0
41431,63.0
41432,45.0
41433,51.0
41434,40.0
41435,36.0
41436,34.0
41437,24.0
41438,27.0
41439,26.0
41440,38.0
41441,42.0
41442,41.0
41443,56.0
41444,75.0
41445,68.0
41446,88.0
41447,50.0
41448,38.0
41449,38.0
41450,46.0
41451,35.0
41452,20.0
41453,9.0
41454,11.0
41455,17.0
41456,22.0
41457,13.0
41458,17.0
41459,14.0
41460,16.0
41461,14.0
41462,11.0
41463,10.0
41464,10.0
41465,31.0
41466,39.0
41467,56.0
41468,61.0
41469,64.0
41470,101.0
41471,111.0
41472,82.0
41473,84.0
41474,89.0
41475,91.0
41476,81.0
41477,103.0
41478,99.0
41479,105.0
41480,121.0
41481,139.0
41482,141.0
41483,148.0
41484,168.0
41485,157.0
41486,159.0
41487,151.0
41488,137.0
41489,128.0
41490,144.0
41491,147.0
41492,157.0
41493,145.0
41494,74.0
41495,60.0
41496,75.0
41497,86.0
41498,87.0
41499,99.0
41500,96.0
41501,107.0
41502,111.0
41503,120.0
41504,121.0
41505,126.0
41506,130.0
41507,123.0
41508,129.0
41509,146.0
41510,155.0
41511,193.0
41512,194.0
41513,203.0
41514,217.0
41515,219.0
41516,196.0
41517,166.0
41518,149.0
41519,119.0
41520,132.0
41521,61.0
41522,9.0
41523,9.0
41524,42.0
41525,43.0
41526,51.0
41527,28.0
41528,26.0
41529,14.0
41530,15.0
41531,10.0
41532,6.0
41533,10.0
41534,10.0
41535,17.0
41536,16.0
41537,22.0
41538,32.0
41539,54.0
41540,52.0
41541,59.0
41542,59.0
41543,77.0
41544,83.0
41545,83.0
41546,66.0
41547,59.0
41548,49.0
41549,58.0
41550,61.0
41551,63.0
41552,71.0
41553,82.0
41554,87.0
41555,98.0
41556,101.0
41557,69.0
41558,62.0
41559,45.0
41560,53.0
41561,46.0
41562,57.0
41563,53.0
41564,51.0
41565,58.0
41566,75.0
41567,75.0
41568,79.0
41569,97.0
41570,105.0
41571,105.0
41572,107.0
41573,103.0
41574,102.0
41575,97.0
41576,99.0
41577,85.0
41578,77.0
41579,17.0
41580,13.0
41581,10.0
41582,10.0
41583,12.0
41584,13.0
41585,12.0
41586,12.0
41587,14.0
41588,21.0
41589,17.0
41590,23.0
41591,26.0
41592,20.0
41593,24.0
41594,22.0
41595,17.0
41596,17.0
41597,20.0
41598,13.0
41599,18.0
41600,15.0
41601,17.0
41602,23.0
41603,22.0
41604,16.0
41605,22.0
41606,21.0
41607,23.0
41608,20.0
41609,26.0
41610,31.0
41611,44.0
41612,53.0
41613,57.0
41614,60.0
41615,78.0
41616,85.0
41617,83.0
41618,89.0
41619,80.0
41620,80.0
41621,69.0
41622,58.0
41623,62.0
41624,73.0
41625,77.0
41626,90.0
41627,91.0
41628,96.0
41629,71.0
41630,77.0
41631,76.0
41632,100.0
41633,100.0
41634,97.0
41635,93.0
41636,88.0
41637,82.0
41638,86.0
41639,82.0
41640,69.0
41641,66.0
41642,59.0
41643,62.0
41644,73.0
41645,80.0
41646,74.0
41647,79.0
41648,64.0
41649,61.0
41650,75.0
41651,64.0
41652,39.0
41653,31.0
41654,27.0
41655,21.0
41656,27.0
41657,33.0
41658,60.0
41659,79.0
41660,93.0
41661,129.0
41662,132.0
41663,121.0
41664,115.0
41665,113.0
41666,135.0
41667,115.0
41668,149.0
41669,109.0
41670,73.0
41671,57.0
41672,53.0
41673,59.0
41674,57.0
41675,84.0
41676,91.0
41677,133.0
41678,172.0
41679,182.0
41680,201.0
41681,207.0
41682,199.0
41683,177.0
41684,161.0
41685,156.0
41686,152.0
41687,130.0
41688,94.0
41689,81.0
41690,81.0
41691,78.0
41692,69.0
41693,59.0
41694,55.0
41695,54.0
41696,58.0
41697,61.0
41698,75.0
41699,78.0
41700,97.0
41701,105.0
41702,103.0
41703,100.0
41704,107.0
41705,109.0
41706,116.0
41707,112.0
41708,101.0
41709,80.0
41710,77.0
41711,79.0
41712,86.0
41713,72.0
41714,70.0
41715,64.0
41716,67.0
41717,63.0
41718,54.0
41719,50.0
41720,21.0
41721,11.0
41722,10.0
41723,8.0
41724,7.0
41725,10.0
41726,12.0
41727,8.0
41728,6.0
41729,11.0
41730,17.0
41731,22.0
41732,27.0
41733,43.0
41734,34.0
41735,39.0
41736,32.0
41737,28.0
41738,28.0
41739,22.0
41740,27.0
41741,22.0
41742,22.0
41743,25.0
41744,21.0
41745,22.0
41746,18.0
41747,18.0
41748,22.0
41749,20.0
41750,25.0
41751,22.0
41752,25.0
41753,33.0
41754,50.0
41755,61.0
41756,74.0
41757,79.0
41758,77.0
41759,91.0
41760,94.0
41761,107.0
41762,114.0
41763,104.0
41764,93.0
41765,85.0
41766,75.0
41767,75.0
41768,66.0
41769,66.0
41770,82.0
41771,104.0
41772,118.0
41773,140.0
41774,158.0
41775,179.0
41776,182.0
41777,189.0
41778,220.0
41779,245.0
41780,255.0
41781,284.0
41782,326.0
41783,301.0
41784,289.0
41785,269.0
41786,249.0
41787,232.0
41788,222.0
41789,217.0
41790,215.0
41791,243.0
41792,224.0
41793,236.0
41794,256.0
41795,272.0
41796,266.0
41797,280.0
41798,320.0
41799,364.0
41800,383.0
41801,402.0
41802,396.0
41803,419.0
41804,432.0
41805,432.0
41806,406.0
41807,388.0
41808,368.0
41809,355.0
41810,349.0
41811,353.0
41812,345.0
41813,341.0
41814,337.0
41815,342.0
41816,342.0
41817,334.0
41818,337.0
41819,343.0
41820,350.0
41821,364.0
41822,373.0
41823,385.0
41824,398.0
41825,430.0
41826,442.0
41827,443.0
41828,438.0
41829,420.0
41830,454.0
41831,430.0
41832,396.0
41833,386.0
41834,375.0
41835,344.0
41836,348.0
41837,338.0
41838,319.0
41839,324.0
41840,323.0
41841,331.0
41842,332.0
41843,328.0
41844,310.0
41845,298.0
41846,267.0
41847,261.0
41848,243.0
41849,263.0
41850,302.0
41851,331.0
41852,330.0
41853,308.0
41854,322.0
41855,328.0
41856,303.0
41857,290.0
41858,317.0
41859,314.0
41860,269.0
41861,204.0
41862,217.0
41863,202.0
41864,196.0
41865,230.0
41866,256.0
41867,246.0
41868,243.0
41869,237.0
41870,233.0
41871,239.0
41872,253.0
41873,108.0
41874,21.0
41875,18.0
41876,5.0
41877,6.0
41878,7.0
41879,8.0
41880,5.0
41881,7.0
41882,9.0
41883,9.0
41884,9.0
41885,8.0
41886,7.0
41887,4.0
41888,3.0
41889,4.0
41890,6.0
41891,3.0
41892,5.0
41893,6.0
41894,6.0
41895,4.0
41896,7.0
41897,6.0
41898,7.0
41899,13.0
41900,8.0
41901,10.0
41902,10.0
41903,7.0
41904,5.0
41905,3.0
41906,3.0
41907,7.0
41908,9.0
41909,7.0
41910,5.0
41911,5.0
41912,7.0
41913,9.0
41914,8.0
41915,9.0
41916,9.0
41917,8.0
41918,10.0
41919,10.0
41920,8.0
41921,13.0
41922,24.0
41923,35.0
41924,35.0
41925,51.0
41926,59.0
41927,61.0
41928,47.0
41929,42.0
41930,45.0
41931,47.0
41932,33.0
41933,20.0
41934,25.0
41935,22.0
41936,17.0
41937,26.0
41938,28.0
41939,31.0
41940,46.0
41941,49.0
41942,37.0
41943,31.0
41944,31.0
41945,54.0
41946,67.0
41947,75.0
41948,88.0
41949,114.0
41950,128.0
41951,141.0
41952,149.0
41953,149.0
41954,125.0
41955,92.0
41956,110.0
41957,89.0
41958,84.0
41959,95.0
41960,62.0
41961,23.0
41962,11.0
41963,13.0
41964,9.0
41965,12.0
41966,9.0
41967,8.0
41968,9.0
41969,8.0
41970,7.0
41971,16.0
41972,20.0
41973,17.0
41974,20.0
41975,40.0
41976,27.0
41977,27.0
41978,29.0
41979,31.0
41980,37.0
41981,36.0
41982,43.0
41983,44.0
41984,44.0
41985,25.0
41986,17.0
41987,17.0
41988,27.0
41989,29.0
41990,29.0
41991,36.0
41992,59.0
41993,59.0
41994,57.0
41995,55.0
41996,60.0
41997,70.0
41998,80.0
41999,85.0
42000,88.0
42001,91.0
42002,98.0
42003,103.0
42004,101.0
42005,98.0
42006,99.0
42007,95.0
42008,76.0
42009,80.0
42010,87.0
42011,87.0
42012,82.0
42013,105.0
42014,116.0
42015,103.0
42016,109.0
42017,118.0
42018,127.0
42019,144.0
42020,189.0
42021,190.0
42022,225.0
42023,211.0
42024,197.0
42025,200.0
42026,197.0
42027,193.0
42028,180.0
42029,117.0
42030,110.0
42031,111.0
42032,94.0
42033,112.0
42034,110.0
42035,155.0
42036,186.0
42037,194.0
42038,210.0
42039,215.0
42040,230.0
42041,239.0
42042,272.0
42043,296.0
42044,315.0
42045,357.0
42046,382.0
42047,406.0
42048,405.0
42049,389.0
42050,397.0
42051,413.0
42052,373.0
42053,362.0
42054,356.0
42055,344.0
42056,352.0
42057,357.0
42058,353.0
42059,292.0
42060,213.0
42061,210.0
42062,183.0
42063,161.0
42064,153.0
42065,169.0
42066,196.0
42067,200.0
42068,197.0
42069,178.0
42070,161.0
42071,161.0
42072,166.0
42073,171.0
42074,177.0
42075,177.0
42076,189.0
42077,187.0
42078,192.0
42079,203.0
42080,234.0
42081,261.0
42082,265.0
42083,268.0
42084,285.0
42085,264.0
42086,253.0
42087,228.0
42088,239.0
42089,256.0
42090,253.0
42091,262.0
42092,239.0
42093,143.0
42094,71.0
42095,61.0
42096,34.0
42097,36.0
42098,33.0
42099,31.0
42100,24.0
42101,31.0
42102,38.0
42103,38.0
42104,38.0
42105,38.0
42106,36.0
42107,38.0
42108,37.0
42109,36.0
42110,35.0
42111,33.0
42112,41.0
42113,38.0
42114,51.0
42115,67.0
42116,84.0
42117,91.0
42118,97.0
42119,60.0
42120,50.0
42121,47.0
42122,52.0
42123,73.0
42124,111.0
42125,104.0
42126,90.0
42127,84.0
42128,79.0
42129,83.0
42130,92.0
42131,104.0
42132,100.0
42133,101.0
42134,86.0
42135,85.0
42136,83.0
42137,97.0
42138,117.0
42139,124.0
42140,127.0
42141,132.0
42142,130.0
42143,126.0
42144,119.0
42145,108.0
42146,108.0
42147,102.0
42148,110.0
42149,113.0
42150,108.0
42151,116.0
42152,130.0
42153,134.0
42154,136.0
42155,145.0
42156,149.0
42157,133.0
42158,143.0
42159,149.0
42160,164.0
42161,170.0
42162,174.0
42163,191.0
42164,196.0
42165,195.0
42166,214.0
42167,227.0
42168,217.0
42169,195.0
42170,183.0
42171,179.0
42172,191.0
42173,178.0
42174,183.0
42175,185.0
42176,192.0
42177,199.0
42178,231.0
42179,253.0
42180,281.0
42181,294.0
42182,317.0
42183,318.0
42184,323.0
42185,339.0
42186,341.0
42187,346.0
42188,356.0
42189,383.0
42190,363.0
42191,381.0
42192,352.0
42193,319.0
42194,310.0
42195,331.0
42196,332.0
42197,315.0
42198,312.0
42199,310.0
42200,324.0
42201,330.0
42202,324.0
42203,331.0
42204,346.0
42205,352.0
42206,376.0
42207,402.0
42208,423.0
42209,440.0
42210,449.0
42211,472.0
42212,453.0
42213,413.0
42214,396.0
42215,395.0
42216,379.0
42217,341.0
42218,312.0
42219,257.0
42220,183.0
42221,39.0
42222,16.0
42223,14.0
42224,16.0
42225,10.0
42226,10.0
42227,9.0
42228,7.0
42229,9.0
42230,9.0
42231,10.0
42232,8.0
42233,9.0
42234,17.0
42235,15.0
42236,15.0
42237,12.0
42238,9.0
42239,10.0
42240,9.0
42241,12.0
42242,9.0
42243,13.0
42244,14.0
42245,12.0
42246,24.0
42247,23.0
42248,31.0
42249,57.0
42250,43.0
42251,35.0
42252,31.0
42253,30.0
42254,25.0
42255,33.0
42256,39.0
42257,40.0
42258,60.0
42259,68.0
42260,57.0
42261,51.0
42262,26.0
42263,50.0
42264,42.0
42265,43.0
42266,74.0
42267,87.0
42268,78.0
42269,77.0
42270,91.0
42271,99.0
42272,92.0
42273,83.0
42274,94.0
42275,90.0
42276,68.0
42277,60.0
42278,53.0
42279,51.0
42280,52.0
42281,51.0
42282,47.0
42283,47.0
42284,59.0
42285,59.0
42286,74.0
42287,93.0
42288,101.0
42289,111.0
42290,139.0
42291,129.0
42292,127.0
42293,114.0
42294,98.0
42295,102.0
42296,106.0
42297,111.0
42298,106.0
42299,105.0
42300,108.0
42301,107.0
42302,113.0
42303,126.0
42304,141.0
42305,158.0
42306,170.0
42307,176.0
42308,183.0
42309,193.0
42310,215.0
42311,215.0
42312,210.0
42313,214.0
42314,214.0
42315,272.0
42316,198.0
42317,176.0
42318,159.0
42319,158.0
42320,137.0
42321,156.0
42322,161.0
42323,163.0
42324,178.0
42325,180.0
42326,179.0
42327,182.0
42328,192.0
42329,199.0
42330,208.0
42331,212.0
42332,193.0
42333,205.0
42334,206.0
42335,212.0
42336,216.0
42337,232.0
42338,223.0
42339,229.0
42340,206.0
42341,194.0
42342,211.0
42343,225.0
42344,169.0
42345,144.0
42346,150.0
42347,144.0
42348,143.0
42349,143.0
42350,145.0
42351,152.0
42352,165.0
42353,176.0
42354,209.0
42355,224.0
42356,200.0
42357,188.0
42358,184.0
42359,180.0
42360,189.0
42361,215.0
42362,180.0
42363,81.0
42364,78.0
42365,24.0
42366,26.0
42367,29.0
42368,22.0
42369,14.0
42370,11.0
42371,12.0
42372,11.0
42373,13.0
42374,12.0
42375,9.0
42376,10.0
42377,10.0
42378,15.0
42379,18.0
42380,18.0
42381,14.0
42382,16.0
42383,10.0
42384,9.0
42385,6.0
42386,8.0
42387,6.0
42388,3.0
42389,2.0
42390,8.0
42391,8.0
42392,7.0
42393,6.0
42394,8.0
42395,6.0
42396,9.0
42397,8.0
42398,7.0
42399,10.0
42400,10.0
42401,11.0
42402,10.0
42403,7.0
42404,8.0
42405,7.0
42406,10.0
42407,17.0
42408,22.0
42409,28.0
42410,28.0
42411,26.0
42412,25.0
42413,20.0
42414,11.0
42415,28.0
42416,39.0
42417,38.0
42418,14.0
42419,11.0
42420,18.0
42421,8.0
42422,10.0
42423,10.0
42424,11.0
42425,23.0
42426,34.0
42427,40.0
42428,43.0
42429,48.0
42430,57.0
42431,61.0
42432,60.0
42433,68.0
42434,76.0
42435,72.0
42436,80.0
42437,80.0
42438,66.0
42439,64.0
42440,85.0
42441,96.0
42442,109.0
42443,118.0
42444,141.0
42445,159.0
42446,153.0
42447,153.0
42448,152.0
42449,157.0
42450,159.0
42451,196.0
42452,208.0
42453,215.0
42454,255.0
42455,239.0
42456,232.0
42457,210.0
42458,184.0
42459,174.0
42460,164.0
42461,147.0
42462,98.0
42463,136.0
42464,137.0
42465,90.0
42466,14.0
42467,8.0
42468,8.0
42469,11.0
42470,9.0
42471,6.0
42472,6.0
42473,10.0
42474,10.0
42475,7.0
42476,6.0
42477,5.0
42478,6.0
42479,4.0
42480,5.0
42481,4.0
42482,3.0
42483,8.0
42484,9.0
42485,7.0
42486,7.0
42487,9.0
42488,11.0
42489,7.0
42490,9.0
42491,7.0
42492,4.0
42493,3.0
42494,4.0
42495,7.0
42496,6.0
42497,6.0
42498,33.0
42499,40.0
42500,40.0
42501,48.0
42502,44.0
42503,41.0
42504,44.0
42505,45.0
42506,79.0
42507,76.0
42508,79.0
42509,90.0
42510,73.0
42511,70.0
42512,66.0
42513,59.0
42514,62.0
42515,60.0
42516,41.0
42517,38.0
42518,33.0
42519,18.0
42520,28.0
42521,46.0
42522,51.0
42523,57.0
42524,37.0
42525,35.0
42526,41.0
42527,46.0
42528,56.0
42529,69.0
42530,79.0
42531,76.0
42532,65.0
42533,69.0
42534,74.0
42535,79.0
42536,78.0
42537,87.0
42538,82.0
42539,74.0
42540,77.0
42541,84.0
42542,87.0
42543,91.0
42544,77.0
42545,74.0
42546,84.0
42547,89.0
42548,94.0
42549,92.0
42550,97.0
42551,92.0
42552,98.0
42553,116.0
42554,113.0
42555,101.0
42556,87.0
42557,54.0
42558,50.0
42559,42.0
42560,38.0
42561,38.0
42562,39.0
42563,33.0
42564,34.0
42565,40.0
42566,48.0
42567,45.0
42568,39.0
42569,44.0
42570,57.0
42571,77.0
42572,76.0
42573,98.0
42574,101.0
42575,104.0
42576,106.0
42577,108.0
42578,98.0
42579,79.0
42580,44.0
42581,33.0
42582,45.0
42583,53.0
42584,47.0
42585,42.0
42586,34.0
42587,38.0
42588,41.0
42589,56.0
42590,59.0
42591,68.0
42592,79.0
42593,79.0
42594,111.0
42595,147.0
42596,153.0
42597,145.0
42598,143.0
42599,144.0
42600,200.0
42601,239.0
42602,185.0
42603,163.0
42604,28.0
42605,12.0
42606,9.0
42607,9.0
42608,11.0
42609,15.0
42610,13.0
42611,14.0
42612,17.0
42613,18.0
42614,16.0
42615,11.0
42616,7.0
42617,9.0
42618,13.0
42619,16.0
42620,8.0
42621,19.0
42622,8.0
42623,9.0
42624,5.0
42625,2.0
42626,2.0
42627,3.0
42628,3.0
42629,6.0
42630,4.0
42631,4.0
42632,5.0
42633,6.0
42634,6.0
42635,5.0
42636,4.0
42637,6.0
42638,5.0
42639,3.0
42640,5.0
42641,7.0
42642,9.0
42643,11.0
42644,12.0
42645,15.0
42646,17.0
42647,12.0
42648,11.0
42649,12.0
42650,12.0
42651,11.0
42652,13.0
42653,15.0
42654,21.0
42655,21.0
42656,40.0
42657,40.0
42658,20.0
42659,16.0
42660,26.0
42661,25.0
42662,25.0
42663,35.0
42664,18.0
42665,31.0
42666,30.0
42667,33.0
42668,45.0
42669,53.0
42670,44.0
42671,43.0
42672,52.0
42673,52.0
42674,52.0
42675,54.0
42676,52.0
42677,49.0
42678,49.0
42679,40.0
42680,41.0
42681,24.0
42682,30.0
42683,21.0
42684,22.0
42685,20.0
42686,21.0
42687,21.0
42688,25.0
42689,32.0
42690,35.0
42691,50.0
42692,74.0
42693,64.0
42694,90.0
42695,138.0
42696,182.0
42697,210.0
42698,208.0
42699,152.0
42700,122.0
42701,87.0
42702,62.0
42703,52.0
42704,52.0
42705,59.0
42706,96.0
42707,128.0
42708,141.0
42709,167.0
42710,206.0
42711,227.0
42712,246.0
42713,230.0
42714,239.0
42715,238.0
42716,250.0
42717,261.0
42718,283.0
42719,273.0
42720,281.0
42721,218.0
42722,222.0
42723,206.0
42724,304.0
42725,299.0
42726,284.0
42727,266.0
42728,256.0
42729,79.0
42730,38.0
42731,22.0
42732,15.0
42733,21.0
42734,18.0
42735,19.0
42736,16.0
42737,17.0
42738,15.0
42739,24.0
42740,12.0
42741,19.0
42742,13.0
42743,12.0
42744,13.0
42745,12.0
42746,13.0
42747,11.0
42748,11.0
42749,9.0
42750,11.0
42751,17.0
42752,19.0
42753,19.0
42754,16.0
42755,14.0
42756,15.0
42757,15.0
42758,8.0
42759,13.0
42760,16.0
42761,27.0
42762,47.0
42763,54.0
42764,62.0
42765,66.0
42766,72.0
42767,81.0
42768,138.0
42769,121.0
42770,78.0
42771,78.0
42772,63.0
42773,45.0
42774,39.0
42775,40.0
42776,42.0
42777,41.0
42778,53.0
42779,52.0
42780,61.0
42781,59.0
42782,53.0
42783,59.0
42784,63.0
42785,86.0
42786,106.0
42787,136.0
42788,158.0
42789,189.0
42790,203.0
42791,221.0
42792,257.0
42793,333.0
42794,371.0
42795,354.0
42796,273.0
42797,255.0
42798,165.0
42799,198.0
42800,275.0
42801,320.0
42802,284.0
42803,346.0
42804,311.0
42805,372.0
42806,399.0
42807,370.0
42808,327.0
42809,346.0
42810,351.0
42811,362.0
42812,394.0
42813,409.0
42814,384.0
42815,393.0
42816,380.0
42817,330.0
42818,324.0
42819,334.0
42820,334.0
42821,368.0
42822,360.0
42823,324.0
42824,299.0
42825,305.0
42826,290.0
42827,314.0
42828,315.0
42829,306.0
42830,292.0
42831,315.0
42832,332.0
42833,342.0
42834,338.0
42835,375.0
42836,491.0
42837,552.0
42838,582.0
42839,559.0
42840,582.0
42841,552.0
42842,460.0
42843,414.0
42844,373.0
42845,355.0
42846,339.0
42847,312.0
42848,287.0
42849,177.0
42850,133.0
42851,93.0
42852,82.0
42853,86.0
42854,88.0
42855,33.0
42856,16.0
42857,19.0
42858,22.0
42859,31.0
42860,37.0
42861,38.0
42862,30.0
42863,17.0
42864,9.0
42865,9.0
42866,12.0
42867,8.0
42868,10.0
42869,13.0
42870,15.0
42871,29.0
42872,31.0
42873,37.0
42874,36.0
42875,31.0
42876,26.0
42877,28.0
42878,26.0
42879,38.0
42880,48.0
42881,65.0
42882,79.0
42883,101.0
42884,123.0
42885,146.0
42886,127.0
42887,107.0
42888,106.0
42889,116.0
42890,100.0
42891,91.0
42892,91.0
42893,99.0
42894,110.0
42895,111.0
42896,113.0
42897,101.0
42898,101.0
42899,111.0
42900,114.0
42901,119.0
42902,141.0
42903,149.0
42904,134.0
42905,143.0
42906,174.0
42907,182.0
42908,181.0
42909,186.0
42910,193.0
42911,240.0
42912,289.0
42913,282.0
42914,188.0
42915,175.0
42916,150.0
42917,116.0
42918,100.0
42919,42.0
42920,41.0
42921,30.0
42922,28.0
42923,19.0
42924,22.0
42925,22.0
42926,22.0
42927,31.0
42928,31.0
42929,44.0
42930,46.0
42931,62.0
42932,80.0
42933,129.0
42934,118.0
42935,90.0
42936,78.0
42937,86.0
42938,111.0
42939,144.0
42940,121.0
42941,112.0
42942,111.0
42943,146.0
42944,159.0
42945,151.0
42946,143.0
42947,157.0
42948,174.0
42949,199.0
42950,192.0
42951,189.0
42952,159.0
42953,205.0
42954,230.0
42955,280.0
42956,266.0
42957,311.0
42958,342.0
42959,323.0
42960,299.0
42961,283.0
42962,258.0
42963,239.0
42964,236.0
42965,241.0
42966,226.0
42967,215.0
42968,201.0
42969,201.0
42970,234.0
42971,241.0
42972,250.0
42973,259.0
42974,289.0
42975,330.0
42976,350.0
42977,350.0
42978,388.0
42979,379.0
42980,436.0
42981,502.0
42982,522.0
42983,470.0
42984,439.0
42985,362.0
42986,176.0
42987,98.0
42988,24.0
42989,20.0
42990,11.0
42991,11.0
42992,14.0
42993,14.0
42994,16.0
42995,13.0
42996,13.0
42997,14.0
42998,18.0
42999,17.0
43000,16.0
43001,20.0
43002,30.0
43003,24.0
43004,34.0
43005,37.0
43006,39.0
43007,34.0
43008,39.0
43009,49.0
43010,51.0
43011,52.0
43012,70.0
43013,83.0
43014,92.0
43015,95.0
43016,83.0
43017,66.0
43018,66.0
43019,77.0
43020,74.0
43021,70.0
43022,86.0
43023,90.0
43024,91.0
43025,99.0
43026,129.0
43027,168.0
43028,200.0
43029,214.0
43030,211.0
43031,219.0
43032,237.0
43033,248.0
43034,254.0
43035,254.0
43036,252.0
43037,277.0
43038,291.0
43039,287.0
43040,295.0
43041,287.0
43042,325.0
43043,301.0
43044,311.0
43045,369.0
43046,380.0
43047,393.0
43048,344.0
43049,343.0
43050,343.0
43051,323.0
43052,328.0
43053,312.0
43054,264.0
43055,242.0
43056,254.0
43057,204.0
43058,194.0
43059,227.0
43060,242.0
43061,235.0
43062,168.0
43063,20.0
43064,18.0
43065,16.0
43066,24.0
43067,23.0
43068,36.0
43069,43.0
43070,30.0
43071,19.0
43072,14.0
43073,18.0
43074,27.0
43075,31.0
43076,44.0
43077,32.0
43078,33.0
43079,48.0
43080,36.0
43081,25.0
43082,21.0
43083,13.0
43084,13.0
43085,12.0
43086,13.0
43087,12.0
43088,11.0
43089,10.0
43090,12.0
43091,14.0
43092,11.0
43093,10.0
43094,9.0
43095,9.0
43096,8.0
43097,9.0
43098,15.0
43099,19.0
43100,8.0
43101,15.0
43102,8.0
43103,15.0
43104,11.0
43105,13.0
43106,11.0
43107,13.0
43108,11.0
43109,12.0
43110,13.0
43111,11.0
43112,26.0
43113,23.0
43114,43.0
43115,52.0
43116,76.0
43117,66.0
43118,40.0
43119,67.0
43120,81.0
43121,96.0
43122,108.0
43123,99.0
43124,111.0
43125,120.0
43126,125.0
43127,123.0
43128,126.0
43129,111.0
43130,26.0
43131,11.0
43132,13.0
43133,9.0
43134,9.0
43135,13.0
43136,17.0
43137,16.0
43138,11.0
43139,11.0
43140,17.0
43141,9.0
43142,9.0
43143,11.0
43144,8.0
43145,15.0
43146,14.0
43147,9.0
43148,7.0
43149,6.0
43150,8.0
43151,11.0
43152,9.0
43153,11.0
43154,9.0
43155,8.0
43156,5.0
43157,6.0
43158,9.0
43159,6.0
43160,7.0
43161,7.0
43162,6.0
43163,9.0
43164,11.0
43165,10.0
43166,10.0
43167,8.0
43168,7.0
43169,10.0
43170,8.0
43171,17.0
43172,9.0
43173,18.0
43174,10.0
43175,6.0
43176,6.0
43177,9.0
43178,8.0
43179,7.0
43180,8.0
43181,14.0
43182,12.0
43183,25.0
43184,11.0
43185,16.0
43186,17.0
43187,13.0
43188,9.0
43189,8.0
43190,8.0
43191,11.0
43192,11.0
43193,32.0
43194,97.0
43195,115.0
43196,130.0
43197,138.0
43198,158.0
43199,140.0
43200,150.0
43201,149.0
43202,109.0
43203,84.0
43204,60.0
43205,38.0
43206,32.0
43207,44.0
43208,31.0
43209,31.0
43210,30.0
43211,16.0
43212,17.0
43213,19.0
43214,33.0
43215,71.0
43216,66.0
43217,61.0
43218,83.0
43219,122.0
43220,119.0
43221,95.0
43222,93.0
43223,102.0
43224,174.0
43225,137.0
43226,80.0
43227,63.0
43228,72.0
43229,59.0
43230,59.0
43231,72.0
43232,79.0
43233,77.0
43234,96.0
43235,54.0
43236,34.0
43237,18.0
43238,22.0
43239,21.0
43240,15.0
43241,13.0
43242,11.0
43243,17.0
43244,18.0
43245,16.0
43246,17.0
43247,18.0
43248,16.0
43249,15.0
43250,17.0
43251,19.0
43252,15.0
43253,22.0
43254,20.0
43255,21.0
43256,32.0
43257,20.0
43258,31.0
43259,40.0
43260,102.0
43261,117.0
43262,100.0
43263,101.0
43264,136.0
43265,108.0
43266,99.0
43267,97.0
43268,103.0
43269,123.0
43270,145.0
43271,180.0
43272,251.0
43273,302.0
43274,331.0
43275,322.0
43276,302.0
43277,280.0
43278,259.0
43279,261.0
43280,278.0
43281,283.0
43282,296.0
43283,339.0
43284,355.0
43285,388.0
43286,390.0
43287,375.0
43288,367.0
43289,352.0
43290,351.0
43291,356.0
43292,367.0
43293,361.0
43294,350.0
43295,311.0
43296,319.0
43297,331.0
43298,303.0
43299,301.0
43300,306.0
43301,311.0
43302,318.0
43303,325.0
43304,152.0
43305,65.0
43306,57.0
43307,63.0
43308,62.0
43309,45.0
43310,19.0
43311,21.0
43312,13.0
43313,31.0
43314,17.0
43315,14.0
43316,13.0
43317,16.0
43318,18.0
43319,18.0
43320,20.0
43321,17.0
43322,9.0
43323,16.0
43324,14.0
43325,7.0
43326,15.0
43327,11.0
43328,13.0
43329,16.0
43330,14.0
43331,14.0
43332,14.0
43333,14.0
43334,12.0
43335,29.0
43336,40.0
43337,92.0
43338,76.0
43339,81.0
43340,32.0
43341,9.0
43342,12.0
43343,8.0
43344,8.0
43345,8.0
43346,9.0
43347,12.0
43348,14.0
43349,9.0
43350,7.0
43351,8.0
43352,12.0
43353,13.0
43354,9.0
43355,17.0
43356,18.0
43357,14.0
43358,10.0
43359,12.0
43360,9.0
43361,14.0
43362,17.0
43363,21.0
43364,47.0
43365,18.0
43366,15.0
43367,12.0
43368,16.0
43369,15.0
43370,13.0
43371,16.0
43372,16.0
43373,10.0
43374,13.0
43375,33.0
43376,37.0
43377,36.0
43378,53.0
43379,58.0
43380,46.0
43381,43.0
43382,41.0
43383,44.0
43384,72.0
43385,80.0
43386,86.0
43387,82.0
43388,86.0
43389,98.0
43390,112.0
43391,126.0
43392,192.0
43393,212.0
43394,144.0
43395,107.0
43396,86.0
43397,90.0
43398,95.0
43399,71.0
43400,76.0
43401,75.0
43402,58.0
43403,53.0
43404,59.0
43405,49.0
43406,44.0
43407,50.0
43408,68.0
43409,110.0
43410,129.0
43411,123.0
43412,109.0
43413,132.0
43414,160.0
43415,167.0
43416,257.0
43417,291.0
43418,305.0
43419,307.0
43420,293.0
43421,269.0
43422,47.0
43423,24.0
43424,17.0
43425,12.0
43426,9.0
43427,10.0
43428,9.0
43429,11.0
43430,8.0
43431,13.0
43432,12.0
43433,10.0
43434,9.0
43435,18.0
43436,10.0
43437,11.0
43438,11.0
43439,6.0
43440,6.0
43441,6.0
43442,5.0
43443,10.0
43444,9.0
43445,11.0
43446,11.0
43447,8.0
43448,12.0
43449,15.0
43450,11.0
43451,9.0
43452,25.0
43453,23.0
43454,13.0
43455,8.0
43456,10.0
43457,11.0
43458,12.0
43459,14.0
43460,14.0
43461,10.0
43462,8.0
43463,9.0
43464,9.0
43465,8.0
43466,17.0
43467,30.0
43468,43.0
43469,57.0
43470,65.0
43471,80.0
43472,88.0
43473,96.0
43474,121.0
43475,152.0
43476,172.0
43477,128.0
43478,77.0
43479,65.0
43480,79.0
43481,93.0
43482,104.0
43483,202.0
43484,245.0
43485,225.0
43486,180.0
43487,180.0
43488,170.0
43489,160.0
43490,146.0
43491,125.0
43492,130.0
43493,138.0
43494,147.0
43495,135.0
43496,136.0
43497,124.0
43498,135.0
43499,132.0
43500,133.0
43501,142.0
43502,163.0
43503,166.0
43504,189.0
43505,202.0
43506,228.0
43507,240.0
43508,235.0
43509,252.0
43510,254.0
43511,274.0
43512,253.0
43513,248.0
43514,219.0
43515,199.0
43516,198.0
43517,204.0
43518,66.0
43519,22.0
43520,19.0
43521,16.0
43522,11.0
43523,17.0
43524,15.0
43525,14.0
43526,12.0
43527,7.0
43528,7.0
43529,15.0
43530,7.0
43531,10.0
43532,8.0
43533,12.0
43534,11.0
43535,9.0
43536,14.0
43537,8.0
43538,12.0
43539,11.0
43540,12.0
43541,15.0
43542,12.0
43543,5.0
43544,9.0
43545,8.0
43546,7.0
43547,10.0
43548,8.0
43549,10.0
43550,9.0
43551,5.0
43552,12.0
43553,14.0
43554,10.0
43555,7.0
43556,8.0
43557,6.0
43558,4.0
43559,4.0
43560,7.0
43561,6.0
43562,8.0
43563,7.0
43564,6.0
43565,9.0
43566,9.0
43567,9.0
43568,8.0
43569,11.0
43570,17.0
43571,21.0
43572,12.0
43573,20.0
43574,15.0
43575,13.0
43576,14.0
43577,20.0
43578,32.0
43579,33.0
43580,46.0
43581,53.0
43582,64.0
43583,53.0
43584,72.0
43585,85.0
43586,95.0
43587,98.0
43588,105.0
43589,117.0
43590,117.0
43591,126.0
43592,145.0
43593,136.0
43594,95.0
43595,80.0
43596,51.0
43597,67.0
43598,71.0
43599,63.0
43600,80.0
43601,75.0
43602,87.0
43603,105.0
43604,125.0
43605,115.0
43606,123.0
43607,142.0
43608,178.0
43609,163.0
43610,162.0
43611,145.0
43612,114.0
43613,84.0
43614,102.0
43615,82.0
43616,88.0
43617,90.0
43618,88.0
43619,95.0
43620,81.0
43621,89.0
43622,95.0
43623,57.0
43624,62.0
43625,234.0
43626,118.0
43627,108.0
43628,33.0
43629,21.0
43630,14.0
43631,13.0
43632,9.0
43633,10.0
43634,11.0
43635,9.0
43636,15.0
43637,13.0
43638,12.0
43639,11.0
43640,18.0
43641,17.0
43642,11.0
43643,12.0
43644,14.0
43645,14.0
43646,12.0
43647,16.0
43648,16.0
43649,12.0
43650,20.0
43651,23.0
43652,16.0
43653,17.0
43654,18.0
43655,20.0
43656,22.0
43657,22.0
43658,10.0
43659,14.0
43660,14.0
43661,18.0
43662,13.0
43663,18.0
43664,27.0
43665,38.0
43666,25.0
43667,16.0
43668,16.0
43669,9.0
43670,8.0
43671,18.0
43672,31.0
43673,38.0
43674,49.0
43675,52.0
43676,50.0
43677,51.0
43678,69.0
43679,93.0
43680,94.0
43681,147.0
43682,226.0
43683,179.0
43684,153.0
43685,133.0
43686,127.0
43687,119.0
43688,111.0
43689,118.0
43690,116.0
43691,131.0
43692,152.0
43693,163.0
43694,171.0
43695,198.0
43696,234.0
43697,260.0
43698,271.0
43699,244.0
43700,242.0
43701,210.0
43702,194.0
43703,163.0
43704,194.0
43705,187.0
43706,216.0
43707,225.0
43708,199.0
43709,207.0
43710,227.0
43711,259.0
43712,182.0
43713,185.0
43714,191.0
43715,194.0
43716,194.0
43717,192.0
43718,208.0
43719,224.0
43720,249.0
43721,317.0
43722,328.0
43723,349.0
43724,327.0
43725,348.0
43726,363.0
43727,385.0
43728,393.0
43729,388.0
43730,444.0
43731,334.0
43732,284.0
43733,264.0
43734,221.0
43735,160.0
43736,160.0
43737,92.0
43738,59.0
43739,69.0
43740,48.0
43741,32.0
43742,33.0
43743,45.0
43744,42.0
43745,41.0
43746,110.0
43747,175.0
43748,293.0
43749,324.0
43750,341.0
43751,362.0
43752,372.0
43753,373.0
43754,372.0
43755,318.0
43756,188.0
43757,171.0
43758,136.0
43759,124.0
43760,141.0
43761,132.0
43762,134.0
43763,56.0
43764,48.0
43765,27.0
43766,28.0
43767,20.0
43768,22.0
43769,120.0
43770,109.0
43771,112.0
43772,128.0
43773,164.0
43774,159.0
43775,189.0
43776,97.0
43777,81.0
43778,28.0
43779,25.0
43780,9.0
43781,9.0
43782,13.0
43783,17.0
43784,16.0
43785,25.0
43786,48.0
43787,49.0
43788,73.0
43789,65.0
43790,55.0
43791,60.0
43792,63.0
43793,79.0
43794,35.0
43795,26.0
43796,20.0
43797,8.0
43798,16.0
43799,10.0
43800,11.0
43801,20.0
43802,9.0
43803,8.0
43804,9.0
43805,8.0
43806,8.0
43807,8.0
43808,8.0
43809,7.0
43810,12.0
43811,17.0
43812,11.0
43813,9.0
43814,11.0
43815,8.0
43816,9.0
43817,10.0
43818,8.0
43819,10.0
43820,10.0
43821,8.0
43822,12.0
43823,20.0
43824,22.0
43825,9.0
43826,9.0
43827,13.0
43828,10.0
43829,6.0
43830,8.0
43831,17.0
43832,11.0
43833,33.0
43834,37.0
43835,40.0
43836,63.0
43837,62.0
43838,44.0
43839,48.0
43840,51.0
43841,82.0
43842,87.0
43843,106.0
43844,123.0
43845,136.0
43846,139.0
43847,154.0
43848,126.0
43849,98.0
43850,66.0
43851,45.0
43852,28.0
43853,12.0
43854,12.0
43855,16.0
43856,13.0
43857,24.0
43858,34.0
43859,13.0
43860,19.0
43861,26.0
43862,26.0
43863,41.0
43864,85.0
43865,108.0
43866,87.0
43867,102.0
43868,117.0
43869,125.0
43870,145.0
43871,157.0
43872,163.0
43873,176.0
43874,193.0
43875,198.0
43876,214.0
43877,222.0
43878,209.0
43879,201.0
43880,179.0
43881,169.0
43882,147.0
43883,158.0
43884,170.0
43885,182.0
43886,172.0
43887,178.0
43888,193.0
43889,214.0
43890,241.0
43891,262.0
43892,264.0
43893,305.0
43894,290.0
43895,322.0
43896,272.0
43897,247.0
43898,241.0
43899,206.0
43900,163.0
43901,137.0
43902,144.0
43903,166.0
43904,160.0
43905,115.0
43906,106.0
43907,107.0
43908,112.0
43909,114.0
43910,158.0
43911,176.0
43912,195.0
43913,225.0
43914,269.0
43915,305.0
43916,360.0
43917,279.0
43918,321.0
43919,250.0
43920,171.0
43921,146.0
43922,150.0
43923,142.0
43924,148.0
43925,186.0
43926,178.0
43927,153.0
43928,159.0
43929,185.0
43930,181.0
43931,139.0
43932,36.0
43933,22.0
43934,14.0
43935,15.0
43936,12.0
43937,9.0
43938,25.0
43939,29.0
43940,27.0
43941,23.0
43942,15.0
43943,16.0
43944,16.0
43945,15.0
43946,16.0
43947,20.0
43948,10.0
43949,17.0
43950,16.0
43951,22.0
43952,23.0
43953,17.0
43954,23.0
43955,13.0
43956,17.0
43957,32.0
43958,36.0
43959,41.0
43960,54.0
43961,64.0
43962,61.0
43963,92.0
43964,102.0
43965,96.0
43966,112.0
43967,121.0
43968,134.0
43969,159.0
43970,109.0
43971,57.0
43972,30.0
43973,20.0
43974,29.0
43975,29.0
43976,41.0
43977,51.0
43978,68.0
43979,74.0
43980,58.0
43981,59.0
43982,73.0
43983,74.0
43984,84.0
43985,94.0
43986,85.0
43987,85.0
43988,107.0
43989,109.0
43990,74.0
43991,65.0
43992,78.0
43993,66.0
43994,86.0
43995,132.0
43996,203.0
43997,197.0
43998,151.0
43999,143.0
44000,122.0
44001,106.0
44002,84.0
44003,91.0
44004,105.0
44005,124.0
44006,178.0
44007,140.0
44008,166.0
44009,159.0
44010,165.0
44011,210.0
44012,358.0
44013,359.0
44014,356.0
44015,259.0
44016,226.0
44017,294.0
44018,250.0
44019,215.0
44020,55.0
44021,40.0
44022,16.0
44023,11.0
44024,12.0
44025,16.0
44026,16.0
44027,13.0
44028,11.0
44029,14.0
44030,10.0
44031,13.0
44032,21.0
44033,22.0
44034,43.0
44035,101.0
44036,163.0
44037,260.0
44038,283.0
44039,290.0
44040,247.0
44041,270.0
44042,291.0
44043,227.0
44044,209.0
44045,174.0
44046,166.0
44047,182.0
44048,193.0
44049,258.0
44050,230.0
44051,197.0
44052,185.0
44053,156.0
44054,137.0
44055,75.0
44056,92.0
44057,82.0
44058,162.0
44059,212.0
44060,233.0
44061,232.0
44062,57.0
44063,23.0
44064,7.0
44065,6.0
44066,7.0
44067,9.0
44068,12.0
44069,9.0
44070,6.0
44071,9.0
44072,16.0
44073,13.0
44074,8.0
44075,8.0
44076,14.0
44077,22.0
44078,28.0
44079,31.0
44080,28.0
44081,62.0
44082,81.0
44083,90.0
44084,89.0
44085,89.0
44086,105.0
44087,84.0
44088,60.0
44089,57.0
44090,77.0
44091,82.0
44092,82.0
44093,95.0
44094,103.0
44095,115.0
44096,110.0
44097,120.0
44098,144.0
44099,148.0
44100,114.0
44101,94.0
44102,86.0
44103,86.0
44104,74.0
44105,69.0
44106,66.0
44107,109.0
44108,206.0
44109,200.0
44110,162.0
44111,161.0
44112,156.0
44113,204.0
44114,179.0
44115,166.0
44116,128.0
44117,136.0
44118,150.0
44119,157.0
44120,152.0
44121,149.0
44122,135.0
44123,130.0
44124,132.0
44125,159.0
44126,183.0
44127,202.0
44128,190.0
44129,201.0
44130,234.0
44131,254.0
44132,257.0
44133,331.0
44134,350.0
44135,334.0
44136,287.0
44137,272.0
44138,259.0
44139,202.0
44140,159.0
44141,170.0
44142,163.0
44143,160.0
44144,170.0
44145,172.0
44146,235.0
44147,225.0
44148,228.0
44149,231.0
44150,248.0
44151,262.0
44152,261.0
44153,261.0
44154,250.0
44155,259.0
44156,280.0
44157,307.0
44158,325.0
44159,328.0
44160,302.0
44161,306.0
44162,308.0
44163,316.0
44164,321.0
44165,261.0
44166,237.0
44167,211.0
44168,218.0
44169,230.0
44170,288.0
44171,333.0
44172,436.0
44173,568.0
44174,441.0
44175,466.0
44176,475.0
44177,475.0
44178,433.0
44179,423.0
44180,447.0
44181,461.0
44182,470.0
44183,483.0
44184,484.0
44185,502.0
44186,490.0
44187,355.0
44188,31.0
44189,11.0
44190,9.0
44191,14.0
44192,22.0
44193,17.0
44194,16.0
44195,21.0
44196,16.0
44197,13.0
44198,16.0
44199,13.0
44200,13.0
44201,12.0
44202,10.0
44203,14.0
44204,15.0
44205,11.0
44206,9.0
44207,10.0
44208,14.0
44209,24.0
44210,14.0
44211,11.0
44212,10.0
44213,16.0
44214,13.0
44215,15.0
44216,14.0
44217,25.0
44218,20.0
44219,69.0
44220,82.0
44221,89.0
44222,89.0
44223,98.0
44224,117.0
44225,122.0
44226,126.0
44227,149.0
44228,143.0
44229,96.0
44230,201.0
44231,179.0
44232,177.0
44233,157.0
44234,135.0
44235,135.0
44236,133.0
44237,132.0
44238,141.0
44239,156.0
44240,158.0
44241,146.0
44242,133.0
44243,74.0
44244,35.0
44245,17.0
44246,15.0
44247,13.0
44248,10.0
44249,16.0
44250,19.0
44251,15.0
44252,12.0
44253,19.0
44254,13.0
44255,12.0
44256,8.0
44257,6.0
44258,15.0
44259,26.0
44260,19.0
44261,20.0
44262,40.0
44263,41.0
44264,53.0
44265,39.0
44266,43.0
44267,56.0
44268,64.0
44269,50.0
44270,48.0
44271,46.0
44272,69.0
44273,83.0
44274,88.0
44275,92.0
44276,80.0
44277,61.0
44278,63.0
44279,90.0
44280,91.0
44281,75.0
44282,79.0
44283,78.0
44284,73.0
44285,78.0
44286,80.0
44287,86.0
44288,85.0
44289,97.0
44290,99.0
44291,92.0
44292,70.0
44293,82.0
44294,88.0
44295,92.0
44296,94.0
44297,102.0
44298,103.0
44299,123.0
44300,132.0
44301,127.0
44302,72.0
44303,38.0
44304,8.0
44305,10.0
44306,11.0
44307,9.0
44308,8.0
44309,8.0
44310,11.0
44311,13.0
44312,15.0
44313,15.0
44314,11.0
44315,10.0
44316,15.0
44317,11.0
44318,13.0
44319,11.0
44320,12.0
44321,18.0
44322,20.0
44323,33.0
44324,34.0
44325,42.0
44326,26.0
44327,31.0
44328,36.0
44329,44.0
44330,26.0
44331,35.0
44332,41.0
44333,35.0
44334,40.0
44335,64.0
44336,99.0
44337,163.0
44338,186.0
44339,158.0
44340,143.0
44341,145.0
44342,133.0
44343,101.0
44344,160.0
44345,228.0
44346,179.0
44347,178.0
44348,171.0
44349,167.0
44350,168.0
44351,235.0
44352,300.0
44353,292.0
44354,253.0
44355,217.0
44356,196.0
44357,188.0
44358,190.0
44359,201.0
44360,193.0
44361,193.0
44362,186.0
44363,198.0
44364,194.0
44365,196.0
44366,212.0
44367,211.0
44368,227.0
44369,242.0
44370,241.0
44371,257.0
44372,244.0
44373,287.0
44374,280.0
44375,254.0
44376,90.0
44377,48.0
44378,35.0
44379,20.0
44380,38.0
44381,21.0
44382,28.0
44383,90.0
44384,100.0
44385,106.0
44386,126.0
44387,112.0
44388,109.0
44389,102.0
44390,93.0
44391,93.0
44392,98.0
44393,103.0
44394,79.0
44395,77.0
44396,81.0
44397,76.0
44398,96.0
44399,100.0
44400,95.0
44401,86.0
44402,83.0
44403,78.0
44404,61.0
44405,71.0
44406,73.0
44407,87.0
44408,97.0
44409,101.0
44410,110.0
44411,118.0
44412,129.0
44413,139.0
44414,127.0
44415,127.0
44416,141.0
44417,178.0
44418,177.0
44419,177.0
44420,190.0
44421,186.0
44422,204.0
44423,214.0
44424,225.0
44425,214.0
44426,233.0
44427,256.0
44428,253.0
44429,268.0
44430,226.0
44431,172.0
44432,107.0
44433,30.0
44434,21.0
44435,7.0
44436,11.0
44437,8.0
44438,6.0
44439,8.0
44440,11.0
44441,8.0
44442,6.0
44443,8.0
44444,8.0
44445,6.0
44446,7.0
44447,13.0
44448,10.0
44449,10.0
44450,14.0
44451,10.0
44452,15.0
44453,16.0
44454,13.0
44455,11.0
44456,11.0
44457,16.0
44458,15.0
44459,16.0
44460,10.0
44461,14.0
44462,11.0
44463,14.0
44464,23.0
44465,28.0
44466,32.0
44467,48.0
44468,41.0
44469,43.0
44470,41.0
44471,40.0
44472,47.0
44473,26.0
44474,27.0
44475,11.0
44476,8.0
44477,9.0
44478,8.0
44479,11.0
44480,17.0
44481,29.0
44482,20.0
44483,15.0
44484,18.0
44485,31.0
44486,33.0
44487,39.0
44488,49.0
44489,66.0
44490,85.0
44491,88.0
44492,101.0
44493,116.0
44494,119.0
44495,115.0
44496,118.0
44497,126.0
44498,112.0
44499,95.0
44500,99.0
44501,91.0
44502,93.0
44503,90.0
44504,83.0
44505,100.0
44506,115.0
44507,108.0
44508,48.0
44509,14.0
44510,12.0
44511,10.0
44512,9.0
44513,9.0
44514,15.0
44515,14.0
44516,12.0
44517,14.0
44518,11.0
44519,9.0
44520,5.0
44521,10.0
44522,8.0
44523,10.0
44524,11.0
44525,15.0
44526,12.0
44527,11.0
44528,12.0
44529,14.0
44530,10.0
44531,12.0
44532,16.0
44533,10.0
44534,17.0
44535,9.0
44536,9.0
44537,9.0
44538,16.0
44539,21.0
44540,6.0
44541,7.0
44542,13.0
44543,10.0
44544,9.0
44545,17.0
44546,27.0
44547,21.0
44548,12.0
44549,9.0
44550,12.0
44551,23.0
44552,17.0
44553,22.0
44554,26.0
44555,20.0
44556,26.0
44557,18.0
44558,11.0
44559,12.0
44560,16.0
44561,30.0
44562,50.0
44563,74.0
44564,90.0
44565,110.0
44566,111.0
44567,130.0
44568,113.0
44569,143.0
44570,138.0
44571,119.0
44572,73.0
44573,40.0
44574,44.0
44575,37.0
44576,39.0
44577,39.0
44578,44.0
44579,37.0
44580,34.0
44581,31.0
44582,41.0
44583,69.0
44584,85.0
44585,118.0
44586,129.0
44587,121.0
44588,125.0
44589,136.0
44590,139.0
44591,145.0
44592,148.0
44593,185.0
44594,283.0
44595,266.0
44596,225.0
44597,132.0
44598,81.0
44599,80.0
44600,77.0
44601,91.0
44602,110.0
44603,116.0
44604,133.0
44605,144.0
44606,152.0
44607,167.0
44608,182.0
44609,199.0
44610,218.0
44611,162.0
44612,151.0
44613,119.0
44614,135.0
44615,109.0
44616,95.0
44617,125.0
44618,140.0
44619,153.0
44620,161.0
44621,195.0
44622,189.0
44623,190.0
44624,216.0
44625,224.0
44626,199.0
44627,138.0
44628,93.0
44629,66.0
44630,63.0
44631,52.0
44632,48.0
44633,28.0
44634,22.0
44635,15.0
44636,26.0
44637,19.0
44638,17.0
44639,15.0
44640,18.0
44641,12.0
44642,14.0
44643,11.0
44644,9.0
44645,10.0
44646,8.0
44647,9.0
44648,13.0
44649,16.0
44650,15.0
44651,12.0
44652,18.0
44653,11.0
44654,13.0
44655,10.0
44656,9.0
44657,11.0
44658,7.0
44659,10.0
44660,10.0
44661,6.0
44662,5.0
44663,5.0
44664,4.0
44665,7.0
44666,8.0
44667,6.0
44668,7.0
44669,10.0
44670,11.0
44671,17.0
44672,17.0
44673,16.0
44674,15.0
44675,13.0
44676,15.0
44677,24.0
44678,29.0
44679,28.0
44680,38.0
44681,46.0
44682,51.0
44683,58.0
44684,60.0
44685,65.0
44686,63.0
44687,60.0
44688,55.0
44689,53.0
44690,58.0
44691,89.0
44692,105.0
44693,91.0
44694,98.0
44695,93.0
44696,96.0
44697,73.0
44698,45.0
44699,42.0
44700,34.0
44701,33.0
44702,36.0
44703,61.0
44704,93.0
44705,91.0
44706,108.0
44707,87.0
44708,90.0
44709,99.0
44710,86.0
44711,49.0
44712,24.0
44713,12.0
44714,7.0
44715,4.0
44716,5.0
44717,8.0
44718,7.0
44719,10.0
44720,8.0
44721,13.0
44722,15.0
44723,9.0
44724,8.0
44725,9.0
44726,12.0
44727,11.0
44728,6.0
44729,5.0
44730,6.0
44731,9.0
44732,7.0
44733,7.0
44734,6.0
44735,7.0
44736,6.0
44737,4.0
44738,5.0
44739,10.0
44740,9.0
44741,13.0
44742,10.0
44743,13.0
44744,13.0
44745,14.0
44746,11.0
44747,12.0
44748,8.0
44749,11.0
44750,15.0
44751,15.0
44752,30.0
44753,37.0
44754,54.0
44755,67.0
44756,70.0
44757,72.0
44758,93.0
44759,109.0
44760,119.0
44761,124.0
44762,127.0
44763,113.0
44764,104.0
44765,119.0
44766,96.0
44767,84.0
44768,67.0
44769,66.0
44770,81.0
44771,82.0
44772,78.0
44773,82.0
44774,74.0
44775,116.0
44776,146.0
44777,134.0
44778,155.0
44779,182.0
44780,176.0
44781,165.0
44782,175.0
44783,188.0
44784,213.0
44785,214.0
44786,166.0
44787,136.0
44788,113.0
44789,125.0
44790,136.0
44791,186.0
44792,122.0
44793,97.0
44794,91.0
44795,78.0
44796,86.0
44797,83.0
44798,73.0
44799,82.0
44800,86.0
44801,105.0
44802,170.0
44803,177.0
44804,179.0
44805,186.0
44806,178.0
44807,71.0
44808,52.0
44809,123.0
44810,190.0
44811,183.0
44812,137.0
44813,54.0
44814,23.0
44815,25.0
44816,26.0
44817,27.0
44818,21.0
44819,23.0
44820,23.0
44821,26.0
44822,24.0
44823,20.0
44824,16.0
44825,15.0
44826,16.0
44827,9.0
44828,11.0
44829,9.0
44830,13.0
44831,10.0
44832,14.0
44833,20.0
44834,23.0
44835,21.0
44836,20.0
44837,20.0
44838,26.0
44839,24.0
44840,18.0
44841,24.0
44842,30.0
44843,27.0
44844,29.0
44845,35.0
44846,30.0
44847,34.0
44848,27.0
44849,28.0
44850,40.0
44851,53.0
44852,73.0
44853,75.0
44854,88.0
44855,73.0
44856,61.0
44857,68.0
44858,94.0
44859,111.0
44860,96.0
44861,98.0
44862,95.0
44863,109.0
44864,96.0
44865,87.0
44866,133.0
44867,111.0
44868,130.0
44869,126.0
44870,120.0
44871,127.0
44872,122.0
44873,170.0
44874,205.0
44875,231.0
44876,253.0
44877,282.0
44878,291.0
44879,317.0
44880,313.0
44881,281.0
44882,247.0
44883,215.0
44884,215.0
44885,221.0
44886,203.0
44887,218.0
44888,218.0
44889,227.0
44890,227.0
44891,231.0
44892,230.0
44893,239.0
44894,253.0
44895,258.0
44896,268.0
44897,283.0
44898,290.0
44899,315.0
44900,348.0
44901,380.0
44902,388.0
44903,376.0
44904,394.0
44905,345.0
44906,329.0
44907,309.0
44908,325.0
44909,348.0
44910,359.0
44911,373.0
44912,336.0
44913,302.0
44914,286.0
44915,276.0
44916,220.0
44917,289.0
44918,308.0
44919,293.0
44920,297.0
44921,307.0
44922,262.0
44923,197.0
44924,177.0
44925,168.0
44926,169.0
44927,172.0
44928,195.0
44929,214.0
44930,240.0
44931,252.0
44932,256.0
44933,241.0
44934,250.0
44935,249.0
44936,246.0
44937,204.0
44938,45.0
44939,22.0
44940,22.0
44941,17.0
44942,17.0
44943,13.0
44944,16.0
44945,16.0
44946,21.0
44947,26.0
44948,23.0
44949,26.0
44950,22.0
44951,28.0
44952,17.0
44953,20.0
44954,18.0
44955,14.0
44956,17.0
44957,16.0
44958,19.0
44959,23.0
44960,21.0
44961,27.0
44962,29.0
44963,23.0
44964,18.0
44965,13.0
44966,18.0
44967,18.0
44968,19.0
44969,12.0
44970,17.0
44971,25.0
44972,40.0
44973,46.0
44974,75.0
44975,114.0
44976,109.0
44977,79.0
44978,29.0
44979,21.0
44980,16.0
44981,9.0
44982,15.0
44983,13.0
44984,12.0
44985,11.0
44986,11.0
44987,14.0
44988,10.0
44989,13.0
44990,11.0
44991,14.0
44992,19.0
44993,16.0
44994,27.0
44995,76.0
44996,171.0
44997,147.0
44998,119.0
44999,176.0
45000,407.0
45001,225.0
45002,165.0
45003,267.0
45004,329.0
45005,375.0
45006,325.0
45007,288.0
45008,103.0
45009,243.0
45010,223.0
45011,197.0
45012,133.0
45013,92.0
45014,84.0
45015,112.0
45016,124.0
45017,114.0
45018,118.0
45019,125.0
45020,130.0
45021,111.0
45022,129.0
45023,127.0
45024,129.0
45025,116.0
45026,120.0
45027,112.0
45028,81.0
45029,90.0
45030,104.0
45031,112.0
45032,97.0
45033,102.0
45034,105.0
45035,114.0
45036,121.0
45037,123.0
45038,129.0
45039,151.0
45040,160.0
45041,166.0
45042,179.0
45043,178.0
45044,196.0
45045,206.0
45046,223.0
45047,223.0
45048,168.0
45049,164.0
45050,176.0
45051,189.0
45052,182.0
45053,172.0
45054,167.0
45055,182.0
45056,192.0
45057,195.0
45058,231.0
45059,241.0
45060,284.0
45061,308.0
45062,338.0
45063,74.0
45064,43.0
45065,37.0
45066,30.0
45067,28.0
45068,27.0
45069,28.0
45070,29.0
45071,52.0
45072,62.0
45073,95.0
45074,111.0
45075,106.0
45076,90.0
45077,77.0
45078,54.0
45079,47.0
45080,37.0
45081,28.0
45082,23.0
45083,24.0
45084,21.0
45085,17.0
45086,15.0
45087,13.0
45088,16.0
45089,16.0
45090,20.0
45091,23.0
45092,25.0
45093,43.0
45094,35.0
45095,27.0
45096,18.0
45097,17.0
45098,19.0
45099,17.0
45100,18.0
45101,22.0
45102,20.0
45103,32.0
45104,25.0
45105,29.0
45106,38.0
45107,38.0
45108,39.0
45109,39.0
45110,38.0
45111,55.0
45112,60.0
45113,51.0
45114,56.0
45115,75.0
45116,120.0
45117,168.0
45118,185.0
45119,199.0
45120,196.0
45121,222.0
45122,206.0
45123,183.0
45124,177.0
45125,158.0
45126,150.0
45127,132.0
45128,115.0
45129,102.0
45130,105.0
45131,115.0
45132,122.0
45133,153.0
45134,175.0
45135,182.0
45136,195.0
45137,192.0
45138,196.0
45139,185.0
45140,187.0
45141,214.0
45142,204.0
45143,196.0
45144,215.0
45145,212.0
45146,226.0
45147,220.0
45148,211.0
45149,137.0
45150,9.0
45151,16.0
45152,11.0
45153,9.0
45154,16.0
45155,15.0
45156,19.0
45157,18.0
45158,18.0
45159,19.0
45160,13.0
45161,9.0
45162,9.0
45163,18.0
45164,23.0
45165,17.0
45166,13.0
45167,14.0
45168,26.0
45169,18.0
45170,22.0
45171,30.0
45172,14.0
45173,10.0
45174,8.0
45175,13.0
45176,10.0
45177,15.0
45178,14.0
45179,10.0
45180,21.0
45181,14.0
45182,17.0
45183,13.0
45184,16.0
45185,9.0
45186,15.0
45187,15.0
45188,18.0
45189,16.0
45190,11.0
45191,12.0
45192,8.0
45193,8.0
45194,14.0
45195,10.0
45196,8.0
45197,10.0
45198,9.0
45199,18.0
45200,20.0
45201,19.0
45202,19.0
45203,31.0
45204,27.0
45205,31.0
45206,28.0
45207,38.0
45208,47.0
45209,41.0
45210,43.0
45211,42.0
45212,38.0
45213,38.0
45214,48.0
45215,49.0
45216,45.0
45217,43.0
45218,48.0
45219,43.0
45220,51.0
45221,61.0
45222,74.0
45223,94.0
45224,103.0
45225,122.0
45226,171.0
45227,186.0
45228,210.0
45229,215.0
45230,234.0
45231,213.0
45232,211.0
45233,217.0
45234,224.0
45235,227.0
45236,220.0
45237,208.0
45238,123.0
45239,52.0
45240,115.0
45241,44.0
45242,21.0
45243,12.0
45244,12.0
45245,15.0
45246,31.0
45247,66.0
45248,68.0
45249,60.0
45250,53.0
45251,39.0
45252,22.0
45253,26.0
45254,27.0
45255,20.0
45256,13.0
45257,17.0
45258,25.0
45259,40.0
45260,51.0
45261,47.0
45262,58.0
45263,69.0
45264,74.0
45265,74.0
45266,77.0
45267,82.0
45268,103.0
45269,117.0
45270,134.0
45271,145.0
45272,138.0
45273,131.0
45274,130.0
45275,100.0
45276,55.0
45277,30.0
45278,18.0
45279,22.0
45280,26.0
45281,18.0
45282,14.0
45283,16.0
45284,11.0
45285,9.0
45286,6.0
45287,4.0
45288,6.0
45289,7.0
45290,5.0
45291,4.0
45292,3.0
45293,4.0
45294,6.0
45295,7.0
45296,8.0
45297,7.0
45298,6.0
45299,6.0
45300,11.0
45301,8.0
45302,7.0
45303,6.0
45304,7.0
45305,12.0
45306,13.0
45307,12.0
45308,14.0
45309,11.0
45310,8.0
45311,8.0
45312,8.0
45313,7.0
45314,11.0
45315,12.0
45316,13.0
45317,12.0
45318,10.0
45319,18.0
45320,20.0
45321,18.0
45322,15.0
45323,9.0
45324,12.0
45325,18.0
45326,31.0
45327,23.0
45328,23.0
45329,21.0
45330,31.0
45331,38.0
45332,42.0
45333,55.0
45334,60.0
45335,75.0
45336,95.0
45337,110.0
45338,123.0
45339,132.0
45340,111.0
45341,118.0
45342,133.0
45343,135.0
45344,134.0
45345,144.0
45346,162.0
45347,97.0
45348,93.0
45349,65.0
45350,62.0
45351,70.0
45352,73.0
45353,73.0
45354,75.0
45355,93.0
45356,140.0
45357,162.0
45358,153.0
45359,142.0
45360,118.0
45361,144.0
45362,201.0
45363,181.0
45364,178.0
45365,164.0
45366,165.0
45367,155.0
45368,154.0
45369,171.0
45370,180.0
45371,203.0
45372,213.0
45373,215.0
45374,215.0
45375,189.0
45376,211.0
45377,231.0
45378,243.0
45379,253.0
45380,286.0
45381,288.0
45382,316.0
45383,313.0
45384,301.0
45385,280.0
45386,281.0
45387,276.0
45388,262.0
45389,240.0
45390,244.0
45391,221.0
45392,220.0
45393,222.0
45394,234.0
45395,219.0
45396,211.0
45397,197.0
45398,176.0
45399,190.0
45400,194.0
45401,200.0
45402,201.0
45403,214.0
45404,226.0
45405,231.0
45406,220.0
45407,213.0
45408,201.0
45409,217.0
45410,228.0
45411,217.0
45412,223.0
45413,203.0
45414,214.0
45415,238.0
45416,256.0
45417,245.0
45418,237.0
45419,125.0
45420,12.0
45421,12.0
45422,11.0
45423,12.0
45424,9.0
45425,10.0
45426,7.0
45427,8.0
45428,14.0
45429,9.0
45430,17.0
45431,10.0
45432,7.0
45433,10.0
45434,5.0
45435,5.0
45436,4.0
45437,4.0
45438,3.0
45439,2.0
45440,6.0
45441,15.0
45442,8.0
45443,10.0
45444,9.0
45445,8.0
45446,10.0
45447,11.0
45448,8.0
45449,5.0
45450,8.0
45451,8.0
45452,9.0
45453,8.0
45454,10.0
45455,8.0
45456,9.0
45457,7.0
45458,4.0
45459,2.0
45460,7.0
45461,8.0
45462,22.0
45463,33.0
45464,38.0
45465,25.0
45466,8.0
45467,16.0
45468,15.0
45469,26.0
45470,37.0
45471,39.0
45472,35.0
45473,30.0
45474,36.0
45475,66.0
45476,71.0
45477,72.0
45478,72.0
45479,78.0
45480,75.0
45481,93.0
45482,104.0
45483,98.0
45484,101.0
45485,93.0
45486,85.0
45487,31.0
45488,31.0
45489,17.0
45490,6.0
45491,16.0
45492,11.0
45493,14.0
45494,15.0
45495,18.0
45496,15.0
45497,18.0
45498,23.0
45499,33.0
45500,39.0
45501,44.0
45502,55.0
45503,76.0
45504,77.0
45505,73.0
45506,74.0
45507,81.0
45508,83.0
45509,93.0
45510,94.0
45511,88.0
45512,85.0
45513,89.0
45514,78.0
45515,86.0
45516,63.0
45517,47.0
45518,42.0
45519,30.0
45520,46.0
45521,59.0
45522,75.0
45523,90.0
45524,86.0
45525,84.0
45526,111.0
45527,125.0
45528,146.0
45529,134.0
45530,123.0
45531,110.0
45532,111.0
45533,126.0
45534,130.0
45535,155.0
45536,118.0
45537,40.0
45538,26.0
45539,17.0
45540,21.0
45541,17.0
45542,9.0
45543,18.0
45544,16.0
45545,12.0
45546,27.0
45547,34.0
45548,41.0
45549,41.0
45550,96.0
45551,92.0
45552,70.0
45553,67.0
45554,62.0
45555,59.0
45556,54.0
45557,56.0
45558,67.0
45559,74.0
45560,82.0
45561,84.0
45562,99.0
45563,116.0
45564,124.0
45565,131.0
45566,120.0
45567,107.0
45568,112.0
45569,120.0
45570,119.0
45571,144.0
45572,135.0
45573,163.0
45574,165.0
45575,162.0
45576,162.0
45577,154.0
45578,150.0
45579,148.0
45580,149.0
45581,171.0
45582,187.0
45583,191.0
45584,155.0
45585,83.0
45586,89.0
45587,91.0
45588,59.0
45589,60.0
45590,58.0
45591,89.0
45592,77.0
45593,80.0
45594,80.0
45595,88.0
45596,108.0
45597,129.0
45598,137.0
45599,140.0
45600,153.0
45601,160.0
45602,140.0
45603,114.0
45604,110.0
45605,132.0
45606,125.0
45607,131.0
45608,144.0
45609,162.0
45610,183.0
45611,197.0
45612,224.0
45613,242.0
45614,256.0
45615,266.0
45616,293.0
45617,305.0
45618,302.0
45619,311.0
45620,302.0
45621,305.0
45622,312.0
45623,318.0
45624,313.0
45625,318.0
45626,309.0
45627,311.0
45628,313.0
45629,311.0
45630,303.0
45631,304.0
45632,315.0
45633,317.0
45634,211.0
45635,150.0
45636,143.0
45637,119.0
45638,93.0
45639,133.0
45640,144.0
45641,128.0
45642,136.0
45643,113.0
45644,90.0
45645,38.0
45646,29.0
45647,34.0
45648,31.0
45649,29.0
45650,27.0
45651,25.0
45652,21.0
45653,30.0
45654,35.0
45655,56.0
45656,40.0
45657,34.0
45658,36.0
45659,35.0
45660,30.0
45661,41.0
45662,43.0
45663,48.0
45664,48.0
45665,58.0
45666,67.0
45667,73.0
45668,80.0
45669,104.0
45670,103.0
45671,125.0
45672,113.0
45673,133.0
45674,90.0
45675,89.0
45676,79.0
45677,78.0
45678,81.0
45679,110.0
45680,112.0
45681,97.0
45682,100.0
45683,80.0
45684,60.0
45685,57.0
45686,53.0
45687,60.0
45688,62.0
45689,77.0
45690,79.0
45691,100.0
45692,122.0
45693,136.0
45694,138.0
45695,116.0
45696,120.0
45697,78.0
45698,53.0
45699,37.0
45700,28.0
45701,31.0
45702,32.0
45703,33.0
45704,30.0
45705,25.0
45706,26.0
45707,33.0
45708,38.0
45709,43.0
45710,36.0
45711,37.0
45712,38.0
45713,38.0
45714,40.0
45715,39.0
45716,47.0
45717,54.0
45718,53.0
45719,56.0
45720,54.0
45721,41.0
45722,30.0
45723,27.0
45724,18.0
45725,26.0
45726,15.0
45727,18.0
45728,17.0
45729,12.0
45730,14.0
45731,13.0
45732,13.0
45733,11.0
45734,12.0
45735,7.0
45736,9.0
45737,6.0
45738,8.0
45739,8.0
45740,17.0
45741,14.0
45742,18.0
45743,29.0
45744,47.0
45745,33.0
45746,26.0
45747,17.0
45748,18.0
45749,11.0
45750,8.0
45751,10.0
45752,8.0
45753,16.0
45754,16.0
45755,6.0
45756,9.0
45757,9.0
45758,15.0
45759,15.0
45760,17.0
45761,19.0
45762,24.0
45763,54.0
45764,42.0
45765,33.0
45766,35.0
45767,41.0
45768,41.0
45769,47.0
45770,47.0
45771,51.0
45772,66.0
45773,55.0
45774,57.0
45775,73.0
45776,66.0
45777,48.0
45778,26.0
45779,13.0
45780,8.0
45781,11.0
45782,11.0
45783,12.0
45784,11.0
45785,18.0
45786,17.0
45787,27.0
45788,37.0
45789,44.0
45790,44.0
45791,45.0
45792,60.0
45793,80.0
45794,111.0
45795,86.0
45796,69.0
45797,74.0
45798,61.0
45799,64.0
45800,71.0
45801,65.0
45802,73.0
45803,70.0
45804,64.0
45805,64.0
45806,70.0
45807,70.0
45808,75.0
45809,105.0
45810,101.0
45811,116.0
45812,125.0
45813,134.0
45814,146.0
45815,140.0
45816,115.0
45817,126.0
45818,122.0
45819,118.0
45820,125.0
45821,127.0
45822,126.0
45823,134.0
45824,126.0
45825,146.0
45826,151.0
45827,153.0
45828,158.0
45829,151.0
45830,101.0
45831,96.0
45832,85.0
45833,97.0
45834,98.0
45835,125.0
45836,129.0
45837,102.0
45838,89.0
45839,92.0
45840,99.0
45841,99.0
45842,110.0
45843,103.0
45844,113.0
45845,114.0
45846,125.0
45847,139.0
45848,143.0
45849,151.0
45850,147.0
45851,122.0
45852,95.0
45853,89.0
45854,77.0
45855,60.0
45856,60.0
45857,80.0
45858,84.0
45859,89.0
45860,69.0
45861,75.0
45862,70.0
45863,60.0
45864,56.0
45865,58.0
45866,62.0
45867,69.0
45868,69.0
45869,69.0
45870,75.0
45871,90.0
45872,97.0
45873,95.0
45874,106.0
45875,118.0
45876,115.0
45877,109.0
45878,114.0
45879,120.0
45880,132.0
45881,146.0
45882,153.0
45883,159.0
45884,143.0
45885,114.0
45886,102.0
45887,88.0
45888,94.0
45889,98.0
45890,100.0
45891,111.0
45892,114.0
45893,116.0
45894,89.0
45895,34.0
45896,29.0
45897,33.0
45898,66.0
45899,113.0
45900,120.0
45901,102.0
45902,68.0
45903,29.0
45904,25.0
45905,25.0
45906,24.0
45907,20.0
45908,30.0
45909,35.0
45910,43.0
45911,32.0
45912,40.0
45913,64.0
45914,73.0
45915,55.0
45916,52.0
45917,71.0
45918,56.0
45919,63.0
45920,118.0
45921,144.0
45922,127.0
45923,142.0
45924,139.0
45925,139.0
45926,72.0
45927,65.0
45928,58.0
45929,62.0
45930,67.0
45931,72.0
45932,125.0
45933,136.0
45934,151.0
45935,155.0
45936,138.0
45937,134.0
45938,132.0
45939,116.0
45940,120.0
45941,125.0
45942,132.0
45943,136.0
45944,144.0
45945,153.0
45946,166.0
45947,162.0
45948,168.0
45949,183.0
45950,168.0
45951,161.0
45952,154.0
45953,160.0
45954,173.0
45955,179.0
45956,188.0
45957,190.0
45958,169.0
45959,161.0
45960,165.0
45961,201.0
45962,178.0
45963,164.0
45964,154.0
45965,159.0
45966,159.0
45967,168.0
45968,164.0
45969,168.0
45970,160.0
45971,160.0
45972,149.0
45973,106.0
45974,103.0
45975,94.0
45976,80.0
45977,76.0
45978,69.0
45979,69.0
45980,72.0
45981,66.0
45982,70.0
45983,69.0
45984,72.0
45985,73.0
45986,85.0
45987,85.0
45988,80.0
45989,65.0
45990,61.0
45991,81.0
45992,84.0
45993,75.0
45994,37.0
45995,27.0
45996,30.0
45997,28.0
45998,30.0
45999,37.0
46000,32.0
46001,39.0
46002,41.0
46003,43.0
46004,44.0
46005,44.0
46006,52.0
46007,48.0
46008,40.0
46009,46.0
46010,37.0
46011,42.0
46012,47.0
46013,49.0
46014,51.0
46015,58.0
46016,55.0
46017,54.0
46018,48.0
46019,42.0
46020,29.0
46021,31.0
46022,35.0
46023,36.0
46024,39.0
46025,34.0
46026,17.0
46027,17.0
46028,18.0
46029,12.0
46030,12.0
46031,11.0
46032,15.0
46033,20.0
46034,21.0
46035,27.0
46036,19.0
46037,18.0
46038,19.0
46039,18.0
46040,20.0
46041,18.0
46042,21.0
46043,14.0
46044,23.0
46045,38.0
46046,30.0
46047,42.0
46048,44.0
46049,54.0
46050,70.0
46051,62.0
46052,56.0
46053,33.0
46054,32.0
46055,34.0
46056,34.0
46057,40.0
46058,34.0
46059,37.0
46060,31.0
46061,36.0
46062,44.0
46063,39.0
46064,56.0
46065,71.0
46066,72.0
46067,77.0
46068,76.0
46069,69.0
46070,74.0
46071,73.0
46072,78.0
46073,78.0
46074,87.0
46075,93.0
46076,96.0
46077,86.0
46078,103.0
46079,112.0
46080,121.0
46081,131.0
46082,133.0
46083,137.0
46084,134.0
46085,147.0
46086,141.0
46087,51.0
46088,21.0
46089,26.0
46090,27.0
46091,18.0
46092,24.0
46093,21.0
46094,20.0
46095,24.0
46096,19.0
46097,19.0
46098,24.0
46099,17.0
46100,25.0
46101,28.0
46102,26.0
46103,20.0
46104,21.0
46105,20.0
46106,21.0
46107,14.0
46108,16.0
46109,15.0
46110,17.0
46111,14.0
46112,17.0
46113,22.0
46114,20.0
46115,16.0
46116,13.0
46117,19.0
46118,18.0
46119,17.0
46120,21.0
46121,29.0
46122,30.0
46123,35.0
46124,36.0
46125,37.0
46126,44.0
46127,40.0
46128,48.0
46129,49.0
46130,12.0
46131,10.0
46132,16.0
46133,9.0
46134,10.0
46135,15.0
46136,13.0
46137,11.0
46138,10.0
46139,12.0
46140,12.0
46141,11.0
46142,12.0
46143,16.0
46144,19.0
46145,22.0
46146,28.0
46147,36.0
46148,55.0
46149,61.0
46150,63.0
46151,68.0
46152,72.0
46153,78.0
46154,86.0
46155,88.0
46156,95.0
46157,84.0
46158,93.0
46159,98.0
46160,102.0
46161,103.0
46162,92.0
46163,70.0
46164,74.0
46165,89.0
46166,89.0
46167,106.0
46168,109.0
46169,124.0
46170,123.0
46171,132.0
46172,139.0
46173,136.0
46174,140.0
46175,141.0
46176,122.0
46177,137.0
46178,143.0
46179,128.0
46180,122.0
46181,141.0
46182,138.0
46183,133.0
46184,123.0
46185,145.0
46186,163.0
46187,177.0
46188,180.0
46189,187.0
46190,182.0
46191,158.0
46192,127.0
46193,155.0
46194,189.0
46195,213.0
46196,232.0
46197,232.0
46198,238.0
46199,237.0
46200,239.0
46201,222.0
46202,238.0
46203,236.0
46204,224.0
46205,201.0
46206,208.0
46207,200.0
46208,209.0
46209,205.0
46210,216.0
46211,199.0
46212,156.0
46213,126.0
46214,115.0
46215,115.0
46216,108.0
46217,109.0
46218,63.0
46219,78.0
46220,91.0
46221,101.0
46222,57.0
46223,66.0
46224,116.0
46225,227.0
46226,255.0
46227,250.0
46228,245.0
46229,240.0
46230,237.0
46231,219.0
46232,199.0
46233,169.0
46234,150.0
46235,125.0
46236,136.0
46237,108.0
46238,93.0
46239,86.0
46240,87.0
46241,101.0
46242,145.0
46243,149.0
46244,118.0
46245,102.0
46246,33.0
46247,16.0
46248,11.0
46249,10.0
46250,26.0
46251,23.0
46252,20.0
46253,18.0
46254,21.0
46255,16.0
46256,21.0
46257,19.0
46258,11.0
46259,11.0
46260,15.0
46261,21.0
46262,28.0
46263,24.0
46264,19.0
46265,20.0
46266,15.0
46267,17.0
46268,11.0
46269,10.0
46270,15.0
46271,17.0
46272,16.0
46273,12.0
46274,14.0
46275,17.0
46276,20.0
46277,25.0
46278,13.0
46279,28.0
46280,29.0
46281,35.0
46282,35.0
46283,40.0
46284,43.0
46285,46.0
46286,38.0
46287,46.0
46288,50.0
46289,50.0
46290,46.0
46291,52.0
46292,52.0
46293,53.0
46294,63.0
46295,60.0
46296,66.0
46297,71.0
46298,79.0
46299,72.0
46300,83.0
46301,97.0
46302,93.0
46303,69.0
46304,77.0
46305,69.0
46306,49.0
46307,45.0
46308,53.0
46309,64.0
46310,49.0
46311,45.0
46312,53.0
46313,50.0
46314,52.0
46315,50.0
46316,78.0
46317,63.0
46318,62.0
46319,58.0
46320,62.0
46321,72.0
46322,92.0
46323,96.0
46324,99.0
46325,102.0
46326,102.0
46327,127.0
46328,144.0
46329,128.0
46330,143.0
46331,140.0
46332,143.0
46333,142.0
46334,132.0
46335,135.0
46336,139.0
46337,165.0
46338,328.0
46339,722.0
46340,161.0
46341,134.0
46342,130.0
46343,128.0
46344,128.0
46345,101.0
46346,74.0
46347,59.0
46348,44.0
46349,37.0
46350,35.0
46351,31.0
46352,32.0
46353,28.0
46354,11.0
46355,7.0
46356,7.0
46357,8.0
46358,3.0
46359,1.0
46360,12.0
46361,16.0
46362,18.0
46363,32.0
46364,34.0
46365,44.0
46366,43.0
46367,43.0
46368,45.0
46369,45.0
46370,50.0
46371,51.0
46372,42.0
46373,53.0
46374,60.0
46375,62.0
46376,61.0
46377,79.0
46378,76.0
46379,77.0
46380,67.0
46381,71.0
46382,63.0
46383,62.0
46384,86.0
46385,108.0
46386,105.0
46387,130.0
46388,139.0
46389,139.0
46390,108.0
46391,130.0
46392,129.0
46393,121.0
46394,119.0
46395,118.0
46396,122.0
46397,126.0
46398,144.0
46399,153.0
46400,164.0
46401,161.0
46402,171.0
46403,175.0
46404,161.0
46405,152.0
46406,173.0
46407,196.0
46408,180.0
46409,162.0
46410,172.0
46411,89.0
46412,44.0
46413,61.0
46414,122.0
46415,109.0
46416,109.0
46417,103.0
46418,106.0
46419,81.0
46420,45.0
46421,57.0
46422,44.0
46423,30.0
46424,28.0
46425,48.0
46426,42.0
46427,27.0
46428,28.0
46429,35.0
46430,35.0
46431,38.0
46432,35.0
46433,61.0
46434,96.0
46435,87.0
46436,87.0
46437,79.0
46438,77.0
46439,87.0
46440,87.0
46441,92.0
46442,88.0
46443,90.0
46444,97.0
46445,96.0
46446,109.0
46447,95.0
46448,71.0
46449,52.0
46450,30.0
46451,26.0
46452,41.0
46453,26.0
46454,44.0
46455,42.0
46456,61.0
46457,57.0
46458,75.0
46459,116.0
46460,137.0
46461,96.0
46462,87.0
46463,78.0
46464,62.0
46465,53.0
46466,53.0
46467,56.0
46468,61.0
46469,66.0
46470,96.0
46471,101.0
46472,110.0
46473,107.0
46474,113.0
46475,96.0
46476,96.0
46477,57.0
46478,44.0
46479,46.0
46480,69.0
46481,37.0
46482,18.0
46483,27.0
46484,22.0
46485,25.0
46486,26.0
46487,35.0
46488,48.0
46489,59.0
46490,58.0
46491,67.0
46492,66.0
46493,74.0
46494,84.0
46495,84.0
46496,91.0
46497,52.0
46498,41.0
46499,45.0
46500,39.0
46501,43.0
46502,40.0
46503,38.0
46504,38.0
46505,42.0
46506,45.0
46507,46.0
46508,40.0
46509,47.0
46510,50.0
46511,52.0
46512,54.0
46513,58.0
46514,63.0
46515,68.0
46516,72.0
46517,65.0
46518,80.0
46519,92.0
46520,99.0
46521,90.0
46522,80.0
46523,83.0
46524,82.0
46525,88.0
46526,76.0
46527,61.0
46528,29.0
46529,21.0
46530,15.0
46531,14.0
46532,10.0
46533,24.0
46534,23.0
46535,26.0
46536,78.0
46537,70.0
46538,56.0
46539,61.0
46540,60.0
46541,52.0
46542,66.0
46543,65.0
46544,64.0
46545,56.0
46546,57.0
46547,46.0
46548,46.0
46549,47.0
46550,48.0
46551,74.0
46552,65.0
46553,81.0
46554,72.0
46555,67.0
46556,69.0
46557,69.0
46558,61.0
46559,67.0
46560,71.0
46561,91.0
46562,103.0
46563,101.0
46564,92.0
46565,113.0
46566,103.0
46567,90.0
46568,84.0
46569,79.0
46570,88.0
46571,99.0
46572,100.0
46573,94.0
46574,66.0
46575,57.0
46576,54.0
46577,58.0
46578,72.0
46579,91.0
46580,132.0
46581,119.0
46582,96.0
46583,105.0
46584,103.0
46585,99.0
46586,111.0
46587,107.0
46588,121.0
46589,118.0
46590,117.0
46591,125.0
46592,134.0
46593,139.0
46594,150.0
46595,136.0
46596,125.0
46597,149.0
46598,112.0
46599,106.0
46600,88.0
46601,98.0
46602,80.0
46603,84.0
46604,128.0
46605,69.0
46606,66.0
46607,55.0
46608,61.0
46609,64.0
46610,71.0
46611,80.0
46612,79.0
46613,88.0
46614,94.0
46615,98.0
46616,114.0
46617,120.0
46618,124.0
46619,127.0
46620,132.0
46621,118.0
46622,130.0
46623,115.0
46624,107.0
46625,109.0
46626,52.0
46627,58.0
46628,96.0
46629,47.0
46630,55.0
46631,55.0
46632,40.0
46633,30.0
46634,26.0
46635,35.0
46636,37.0
46637,47.0
46638,48.0
46639,46.0
46640,44.0
46641,42.0
46642,43.0
46643,46.0
46644,48.0
46645,43.0
46646,46.0
46647,48.0
46648,53.0
46649,58.0
46650,45.0
46651,51.0
46652,53.0
46653,69.0
46654,92.0
46655,109.0
46656,111.0
46657,115.0
46658,120.0
46659,120.0
46660,128.0
46661,131.0
46662,135.0
46663,136.0
46664,141.0
46665,146.0
46666,153.0
46667,130.0
46668,115.0
46669,95.0
46670,102.0
46671,104.0
46672,104.0
46673,102.0
46674,114.0
46675,126.0
46676,110.0
46677,102.0
46678,102.0
46679,101.0
46680,97.0
46681,102.0
46682,109.0
46683,109.0
46684,116.0
46685,115.0
46686,124.0
46687,135.0
46688,131.0
46689,138.0
46690,144.0
46691,126.0
46692,96.0
46693,84.0
46694,89.0
46695,73.0
46696,71.0
46697,64.0
46698,62.0
46699,69.0
46700,94.0
46701,187.0
46702,226.0
46703,244.0
46704,260.0
46705,261.0
46706,248.0
46707,210.0
46708,166.0
46709,155.0
46710,156.0
46711,165.0
46712,172.0
46713,175.0
46714,163.0
46715,148.0
46716,183.0
46717,76.0
46718,53.0
46719,40.0
46720,34.0
46721,31.0
46722,35.0
46723,35.0
46724,30.0
46725,38.0
46726,32.0
46727,33.0
46728,32.0
46729,33.0
46730,30.0
46731,36.0
46732,39.0
46733,42.0
46734,45.0
46735,47.0
46736,48.0
46737,49.0
46738,50.0
46739,51.0
46740,47.0
46741,34.0
46742,39.0
46743,45.0
46744,49.0
46745,52.0
46746,49.0
46747,44.0
46748,52.0
46749,57.0
46750,52.0
46751,61.0
46752,112.0
46753,127.0
46754,133.0
46755,138.0
46756,93.0
46757,87.0
46758,86.0
46759,50.0
46760,46.0
46761,53.0
46762,31.0
46763,25.0
46764,14.0
46765,36.0
46766,15.0
46767,11.0
46768,13.0
46769,9.0
46770,16.0
46771,13.0
46772,11.0
46773,18.0
46774,8.0
46775,10.0
46776,12.0
46777,11.0
46778,18.0
46779,10.0
46780,7.0
46781,11.0
46782,9.0
46783,12.0
46784,13.0
46785,10.0
46786,10.0
46787,8.0
46788,14.0
46789,17.0
46790,11.0
46791,17.0
46792,30.0
46793,27.0
46794,36.0
46795,84.0
46796,60.0
46797,78.0
46798,49.0
46799,48.0
46800,42.0
46801,42.0
46802,47.0
46803,50.0
46804,56.0
46805,63.0
46806,77.0
46807,68.0
46808,68.0
46809,106.0
46810,87.0
46811,75.0
46812,70.0
46813,122.0
46814,65.0
46815,24.0
46816,19.0
46817,14.0
46818,12.0
46819,17.0
46820,17.0
46821,16.0
46822,12.0
46823,27.0
46824,19.0
46825,38.0
46826,18.0
46827,28.0
46828,17.0
46829,23.0
46830,15.0
46831,10.0
46832,10.0
46833,8.0
46834,10.0
46835,13.0
46836,14.0
46837,19.0
46838,14.0
46839,14.0
46840,32.0
46841,27.0
46842,27.0
46843,26.0
46844,50.0
46845,61.0
46846,54.0
46847,55.0
46848,59.0
46849,58.0
46850,35.0
46851,29.0
46852,30.0
46853,32.0
46854,35.0
46855,53.0
46856,64.0
46857,48.0
46858,70.0
46859,63.0
46860,57.0
46861,60.0
46862,59.0
46863,56.0
46864,44.0
46865,105.0
46866,45.0
46867,56.0
46868,56.0
46869,58.0
46870,19.0
46871,19.0
46872,20.0
46873,20.0
46874,27.0
46875,18.0
46876,21.0
46877,22.0
46878,37.0
46879,55.0
46880,50.0
46881,64.0
46882,73.0
46883,84.0
46884,60.0
46885,44.0
46886,37.0
46887,35.0
46888,34.0
46889,86.0
46890,89.0
46891,89.0
46892,77.0
46893,112.0
46894,101.0
46895,85.0
46896,69.0
46897,56.0
46898,50.0
46899,39.0
46900,39.0
46901,42.0
46902,40.0
46903,41.0
46904,34.0
46905,39.0
46906,40.0
46907,42.0
46908,18.0
46909,24.0
46910,25.0
46911,26.0
46912,28.0
46913,31.0
46914,31.0
46915,34.0
46916,38.0
46917,41.0
46918,40.0
46919,35.0
46920,43.0
46921,35.0
46922,30.0
46923,37.0
46924,50.0
46925,64.0
46926,44.0
46927,48.0
46928,41.0
46929,42.0
46930,43.0
46931,51.0
46932,49.0
46933,53.0
46934,48.0
46935,45.0
46936,35.0
46937,34.0
46938,36.0
46939,36.0
46940,37.0
46941,44.0
46942,36.0
46943,48.0
46944,46.0
46945,36.0
46946,40.0
46947,47.0
46948,38.0
46949,34.0
46950,30.0
46951,38.0
46952,40.0
46953,47.0
46954,37.0
46955,33.0
46956,29.0
46957,31.0
46958,19.0
46959,20.0
46960,9.0
46961,6.0
46962,6.0
46963,12.0
46964,11.0
46965,7.0
46966,12.0
46967,12.0
46968,10.0
46969,11.0
46970,7.0
46971,6.0
46972,10.0
46973,7.0
46974,14.0
46975,15.0
46976,10.0
46977,8.0
46978,7.0
46979,11.0
46980,12.0
46981,17.0
46982,21.0
46983,20.0
46984,22.0
46985,21.0
46986,49.0
46987,65.0
46988,94.0
46989,102.0
46990,128.0
46991,145.0
46992,106.0
46993,86.0
46994,86.0
46995,65.0
46996,55.0
46997,46.0
46998,39.0
46999,48.0
47000,42.0
47001,42.0
47002,51.0
47003,53.0
47004,69.0
47005,86.0
47006,109.0
47007,76.0
47008,69.0
47009,80.0
47010,147.0
47011,157.0
47012,68.0
47013,40.0
47014,85.0
47015,80.0
47016,61.0
47017,43.0
47018,13.0
47019,12.0
47020,11.0
47021,10.0
47022,9.0
47023,10.0
47024,11.0
47025,15.0
47026,14.0
47027,8.0
47028,13.0
47029,14.0
47030,11.0
47031,21.0
47032,18.0
47033,19.0
47034,22.0
47035,32.0
47036,28.0
47037,44.0
47038,30.0
47039,26.0
47040,11.0
47041,16.0
47042,17.0
47043,16.0
47044,59.0
47045,34.0
47046,21.0
47047,24.0
47048,33.0
47049,36.0
47050,35.0
47051,30.0
47052,30.0
47053,33.0
47054,30.0
47055,29.0
47056,21.0
47057,20.0
47058,24.0
47059,25.0
47060,34.0
47061,59.0
47062,62.0
47063,75.0
47064,74.0
47065,75.0
47066,58.0
47067,47.0
47068,55.0
47069,52.0
47070,41.0
47071,42.0
47072,35.0
47073,31.0
47074,34.0
47075,35.0
47076,38.0
47077,18.0
47078,29.0
47079,54.0
47080,48.0
47081,35.0
47082,46.0
47083,76.0
47084,75.0
47085,69.0
47086,69.0
47087,74.0
47088,73.0
47089,88.0
47090,94.0
47091,101.0
47092,122.0
47093,124.0
47094,126.0
47095,116.0
47096,109.0
47097,106.0
47098,118.0
47099,136.0
47100,132.0
47101,132.0
47102,131.0
47103,148.0
47104,148.0
47105,147.0
47106,155.0
47107,158.0
47108,165.0
47109,185.0
47110,190.0
47111,197.0
47112,189.0
47113,198.0
47114,193.0
47115,171.0
47116,147.0
47117,112.0
47118,53.0
47119,27.0
47120,25.0
47121,22.0
47122,26.0
47123,21.0
47124,18.0
47125,15.0
47126,17.0
47127,15.0
47128,17.0
47129,18.0
47130,15.0
47131,19.0
47132,17.0
47133,24.0
47134,33.0
47135,40.0
47136,39.0
47137,22.0
47138,12.0
47139,11.0
47140,10.0
47141,7.0
47142,15.0
47143,10.0
47144,9.0
47145,9.0
47146,12.0
47147,7.0
47148,9.0
47149,8.0
47150,12.0
47151,17.0
47152,9.0
47153,7.0
47154,7.0
47155,18.0
47156,18.0
47157,13.0
47158,14.0
47159,9.0
47160,12.0
47161,10.0
47162,12.0
47163,10.0
47164,13.0
47165,12.0
47166,18.0
47167,13.0
47168,13.0
47169,11.0
47170,12.0
47171,11.0
47172,16.0
47173,15.0
47174,16.0
47175,15.0
47176,13.0
47177,17.0
47178,18.0
47179,18.0
47180,25.0
47181,22.0
47182,30.0
47183,26.0
47184,26.0
47185,25.0
47186,36.0
47187,48.0
47188,45.0
47189,51.0
47190,38.0
47191,27.0
47192,32.0
47193,35.0
47194,30.0
47195,45.0
47196,37.0
47197,48.0
47198,44.0
47199,46.0
47200,35.0
47201,34.0
47202,22.0
47203,34.0
47204,30.0
47205,37.0
47206,35.0
47207,43.0
47208,36.0
47209,42.0
47210,41.0
47211,48.0
47212,48.0
47213,53.0
47214,55.0
47215,65.0
47216,68.0
47217,106.0
47218,99.0
47219,99.0
47220,85.0
47221,71.0
47222,69.0
47223,65.0
47224,58.0
47225,50.0
47226,47.0
47227,51.0
47228,58.0
47229,62.0
47230,69.0
47231,79.0
47232,83.0
47233,77.0
47234,86.0
47235,102.0
47236,120.0
47237,133.0
47238,143.0
47239,146.0
47240,128.0
47241,115.0
47242,111.0
47243,113.0
47244,100.0
47245,78.0
47246,68.0
47247,66.0
47248,69.0
47249,68.0
47250,64.0
47251,70.0
47252,85.0
47253,107.0
47254,103.0
47255,121.0
47256,127.0
47257,137.0
47258,135.0
47259,134.0
47260,152.0
47261,167.0
47262,166.0
47263,168.0
47264,186.0
47265,169.0
47266,174.0
47267,121.0
47268,99.0
47269,75.0
47270,71.0
47271,65.0
47272,70.0
47273,64.0
47274,69.0
47275,74.0
47276,83.0
47277,88.0
47278,81.0
47279,82.0
47280,72.0
47281,83.0
47282,89.0
47283,89.0
47284,93.0
47285,106.0
47286,118.0
47287,121.0
47288,124.0
47289,132.0
47290,122.0
47291,110.0
47292,94.0
47293,91.0
47294,107.0
47295,93.0
47296,103.0
47297,101.0
47298,88.0
47299,80.0
47300,73.0
47301,74.0
47302,76.0
47303,71.0
47304,75.0
47305,77.0
47306,76.0
47307,87.0
47308,95.0
47309,97.0
47310,102.0
47311,104.0
47312,106.0
47313,105.0
47314,113.0
47315,108.0
47316,99.0
47317,90.0
47318,87.0
47319,69.0
47320,65.0
47321,56.0
47322,55.0
47323,59.0
47324,62.0
47325,68.0
47326,66.0
47327,75.0
47328,72.0
47329,80.0
47330,88.0
47331,94.0
47332,95.0
47333,103.0
47334,104.0
47335,108.0
47336,110.0
47337,114.0
47338,124.0
47339,111.0
47340,108.0
47341,105.0
47342,111.0
47343,91.0
47344,84.0
47345,80.0
47346,74.0
47347,92.0
47348,101.0
47349,107.0
47350,122.0
47351,120.0
47352,116.0
47353,116.0
47354,118.0
47355,120.0
47356,130.0
47357,136.0
47358,152.0
47359,151.0
47360,145.0
47361,151.0
47362,123.0
47363,122.0
47364,88.0
47365,84.0
47366,87.0
47367,98.0
47368,83.0
47369,90.0
47370,90.0
47371,87.0
47372,81.0
47373,70.0
47374,83.0
47375,83.0
47376,72.0
47377,71.0
47378,79.0
47379,70.0
47380,74.0
47381,73.0
47382,96.0
47383,98.0
47384,103.0
47385,102.0
47386,87.0
47387,80.0
47388,80.0
47389,79.0
47390,71.0
47391,50.0
47392,34.0
47393,40.0
47394,40.0
47395,39.0
47396,46.0
47397,45.0
47398,76.0
47399,107.0
47400,101.0
47401,106.0
47402,95.0
47403,101.0
47404,102.0
47405,72.0
47406,71.0
47407,46.0
47408,44.0
47409,50.0
47410,49.0
47411,56.0
47412,61.0
47413,60.0
47414,65.0
47415,68.0
47416,69.0
47417,61.0
47418,74.0
47419,71.0
47420,47.0
47421,40.0
47422,46.0
47423,48.0
47424,48.0
47425,54.0
47426,51.0
47427,51.0
47428,52.0
47429,53.0
47430,65.0
47431,63.0
47432,63.0
47433,70.0
47434,68.0
47435,60.0
47436,58.0
47437,60.0
47438,54.0
47439,55.0
47440,59.0
47441,63.0
47442,56.0
47443,61.0
47444,56.0
47445,59.0
47446,67.0
47447,80.0
47448,80.0
47449,89.0
47450,90.0
47451,98.0
47452,95.0
47453,97.0
47454,91.0
47455,98.0
47456,108.0
47457,117.0
47458,122.0
47459,107.0
47460,116.0
47461,120.0
47462,109.0
47463,106.0
47464,108.0
47465,117.0
47466,125.0
47467,67.0
47468,101.0
47469,139.0
47470,147.0
47471,79.0
47472,51.0
47473,62.0
47474,79.0
47475,79.0
47476,75.0
47477,53.0
47478,23.0
47479,9.0
47480,27.0
47481,30.0
47482,29.0
47483,25.0
47484,22.0
47485,20.0
47486,24.0
47487,26.0
47488,25.0
47489,22.0
47490,16.0
47491,14.0
47492,28.0
47493,50.0
47494,33.0
47495,56.0
47496,34.0
47497,31.0
47498,31.0
47499,36.0
47500,34.0
47501,46.0
47502,36.0
47503,41.0
47504,44.0
47505,51.0
47506,45.0
47507,36.0
47508,35.0
47509,31.0
47510,36.0
47511,32.0
47512,22.0
47513,24.0
47514,28.0
47515,30.0
47516,31.0
47517,31.0
47518,40.0
47519,39.0
47520,46.0
47521,48.0
47522,50.0
47523,38.0
47524,29.0
47525,27.0
47526,33.0
47527,30.0
47528,36.0
47529,33.0
47530,40.0
47531,49.0
47532,62.0
47533,48.0
47534,43.0
47535,50.0
47536,62.0
47537,61.0
47538,62.0
47539,70.0
47540,61.0
47541,68.0
47542,49.0
47543,42.0
47544,31.0
47545,27.0
47546,37.0
47547,35.0
47548,49.0
47549,44.0
47550,77.0
47551,104.0
47552,90.0
47553,62.0
47554,42.0
47555,47.0
47556,39.0
47557,29.0
47558,37.0
47559,42.0
47560,41.0
47561,36.0
47562,43.0
47563,55.0
47564,53.0
47565,47.0
47566,55.0
47567,56.0
47568,38.0
47569,31.0
47570,32.0
47571,21.0
47572,23.0
47573,16.0
47574,13.0
47575,10.0
47576,12.0
47577,18.0
47578,13.0
47579,19.0
47580,22.0
47581,27.0
47582,38.0
47583,33.0
47584,31.0
47585,22.0
47586,25.0
47587,27.0
47588,27.0
47589,21.0
47590,17.0
47591,12.0
47592,12.0
47593,19.0
47594,16.0
47595,19.0
47596,21.0
47597,28.0
47598,14.0
47599,15.0
47600,21.0
47601,16.0
47602,18.0
47603,16.0
47604,12.0
47605,14.0
47606,16.0
47607,12.0
47608,11.0
47609,11.0
47610,14.0
47611,19.0
47612,21.0
47613,17.0
47614,14.0
47615,11.0
47616,12.0
47617,14.0
47618,12.0
47619,10.0
47620,16.0
47621,20.0
47622,24.0
47623,17.0
47624,14.0
47625,18.0
47626,8.0
47627,7.0
47628,7.0
47629,10.0
47630,10.0
47631,14.0
47632,16.0
47633,17.0
47634,19.0
47635,24.0
47636,27.0
47637,42.0
47638,53.0
47639,55.0
47640,58.0
47641,54.0
47642,53.0
47643,46.0
47644,34.0
47645,26.0
47646,25.0
47647,35.0
47648,29.0
47649,31.0
47650,48.0
47651,52.0
47652,64.0
47653,65.0
47654,68.0
47655,69.0
47656,66.0
47657,71.0
47658,65.0
47659,77.0
47660,73.0
47661,72.0
47662,58.0
47663,37.0
47664,30.0
47665,35.0
47666,47.0
47667,49.0
47668,50.0
47669,48.0
47670,45.0
47671,44.0
47672,58.0
47673,64.0
47674,71.0
47675,72.0
47676,76.0
47677,71.0
47678,71.0
47679,90.0
47680,87.0
47681,101.0
47682,100.0
47683,114.0
47684,133.0
47685,142.0
47686,138.0
47687,74.0
47688,56.0
47689,43.0
47690,33.0
47691,37.0
47692,45.0
47693,42.0
47694,41.0
47695,20.0
47696,7.0
47697,5.0
47698,4.0
47699,6.0
47700,8.0
47701,7.0
47702,4.0
47703,6.0
47704,6.0
47705,7.0
47706,6.0
47707,9.0
47708,20.0
47709,26.0
47710,46.0
47711,48.0
47712,24.0
47713,19.0
47714,3.0
47715,5.0
47716,3.0
47717,8.0
47718,6.0
47719,4.0
47720,4.0
47721,2.0
47722,7.0
47723,5.0
47724,6.0
47725,6.0
47726,5.0
47727,4.0
47728,5.0
47729,5.0
47730,5.0
47731,8.0
47732,8.0
47733,7.0
47734,5.0
47735,5.0
47736,9.0
47737,7.0
47738,11.0
47739,9.0
47740,6.0
47741,4.0
47742,6.0
47743,8.0
47744,6.0
47745,6.0
47746,6.0
47747,10.0
47748,12.0
47749,10.0
47750,10.0
47751,18.0
47752,20.0
47753,19.0
47754,24.0
47755,34.0
47756,35.0
47757,24.0
47758,24.0
47759,32.0
47760,33.0
47761,27.0
47762,23.0
47763,26.0
47764,11.0
47765,20.0
47766,12.0
47767,18.0
47768,10.0
47769,12.0
47770,7.0
47771,10.0
47772,9.0
47773,10.0
47774,7.0
47775,16.0
47776,8.0
47777,13.0
47778,19.0
47779,22.0
47780,31.0
47781,24.0
47782,37.0
47783,55.0
47784,64.0
47785,78.0
47786,80.0
47787,71.0
47788,109.0
47789,109.0
47790,113.0
47791,111.0
47792,93.0
47793,91.0
47794,76.0
47795,80.0
47796,73.0
47797,72.0
47798,76.0
47799,81.0
47800,71.0
47801,65.0
47802,80.0
47803,76.0
47804,84.0
47805,79.0
47806,75.0
47807,80.0
47808,107.0
47809,113.0
47810,127.0
47811,151.0
47812,135.0
47813,124.0
47814,130.0
47815,113.0
47816,110.0
47817,114.0
47818,117.0
47819,115.0
47820,98.0
47821,61.0
47822,45.0
47823,58.0
47824,76.0
47825,80.0
47826,69.0
47827,73.0
47828,63.0
47829,59.0
47830,57.0
47831,70.0
47832,46.0
47833,51.0
47834,39.0
47835,39.0
47836,42.0
47837,51.0
47838,38.0
47839,29.0
47840,28.0
47841,25.0
47842,26.0
47843,30.0
47844,26.0
47845,28.0
47846,25.0
47847,24.0
47848,24.0
47849,32.0
47850,37.0
47851,46.0
47852,51.0
47853,62.0
47854,50.0
47855,54.0
47856,61.0
47857,72.0
47858,70.0
47859,62.0
47860,26.0
47861,16.0
47862,5.0
47863,5.0
47864,4.0
47865,4.0
47866,6.0
47867,5.0
47868,8.0
47869,9.0
47870,7.0
47871,7.0
47872,7.0
47873,6.0
47874,16.0
47875,8.0
47876,27.0
47877,16.0
47878,11.0
47879,11.0
47880,8.0
47881,10.0
47882,9.0
47883,12.0
47884,8.0
47885,6.0
47886,7.0
47887,10.0
47888,9.0
47889,17.0
47890,17.0
47891,19.0
47892,26.0
47893,32.0
47894,41.0
47895,19.0
47896,19.0
47897,23.0
47898,28.0
47899,29.0
47900,28.0
47901,42.0
47902,54.0
47903,56.0
47904,76.0
47905,65.0
47906,51.0
47907,39.0
47908,17.0
47909,26.0
47910,14.0
47911,15.0
47912,14.0
47913,13.0
47914,13.0
47915,12.0
47916,16.0
47917,12.0
47918,16.0
47919,10.0
47920,10.0
47921,15.0
47922,21.0
47923,23.0
47924,21.0
47925,23.0
47926,30.0
47927,33.0
47928,35.0
47929,43.0
47930,46.0
47931,45.0
47932,49.0
47933,51.0
47934,56.0
47935,62.0
47936,57.0
47937,55.0
47938,53.0
47939,36.0
47940,27.0
47941,22.0
47942,25.0
47943,29.0
47944,35.0
47945,37.0
47946,34.0
47947,36.0
47948,47.0
47949,52.0
47950,49.0
47951,46.0
47952,53.0
47953,60.0
47954,72.0
47955,77.0
47956,99.0
47957,113.0
47958,137.0
47959,121.0
47960,93.0
47961,79.0
47962,71.0
47963,73.0
47964,66.0
47965,60.0
47966,49.0
47967,56.0
47968,62.0
47969,64.0
47970,77.0
47971,87.0
47972,92.0
47973,98.0
47974,103.0
47975,120.0
47976,145.0
47977,182.0
47978,234.0
47979,238.0
47980,258.0
47981,228.0
47982,240.0
47983,246.0
47984,204.0
47985,212.0
47986,205.0
47987,172.0
47988,146.0
47989,131.0
47990,116.0
47991,110.0
47992,92.0
47993,77.0
47994,79.0
47995,88.0
47996,78.0
47997,81.0
47998,101.0
47999,121.0
48000,128.0
48001,103.0
48002,75.0
48003,75.0
48004,80.0
48005,88.0
48006,101.0
48007,112.0
48008,106.0
48009,103.0
48010,110.0
48011,118.0
48012,118.0
48013,115.0
48014,77.0
48015,61.0
48016,61.0
48017,66.0
48018,67.0
48019,71.0
48020,71.0
48021,70.0
48022,81.0
48023,81.0
48024,80.0
48025,85.0
48026,90.0
48027,97.0
48028,104.0
48029,114.0
48030,116.0
48031,129.0
48032,136.0
48033,133.0
48034,122.0
48035,129.0
48036,108.0
48037,100.0
48038,46.0
48039,60.0
48040,74.0
48041,69.0
48042,63.0
48043,73.0
48044,78.0
48045,85.0
48046,99.0
48047,110.0
48048,94.0
48049,111.0
48050,104.0
48051,106.0
48052,97.0
48053,101.0
48054,104.0
48055,110.0
48056,113.0
48057,83.0
48058,86.0
48059,91.0
48060,80.0
48061,95.0
48062,117.0
48063,87.0
48064,91.0
48065,87.0
48066,102.0
48067,135.0
48068,86.0
48069,46.0
48070,15.0
48071,17.0
48072,20.0
48073,29.0
48074,33.0
48075,33.0
48076,35.0
48077,25.0
48078,27.0
48079,44.0
48080,73.0
48081,66.0
48082,66.0
48083,75.0
48084,94.0
48085,96.0
48086,108.0
48087,108.0
48088,107.0
48089,108.0
48090,116.0
48091,117.0
48092,120.0
48093,90.0
48094,77.0
48095,80.0
48096,89.0
48097,81.0
48098,76.0
48099,83.0
48100,95.0
48101,118.0
48102,123.0
48103,124.0
48104,115.0
48105,121.0
48106,125.0
48107,130.0
48108,127.0
48109,116.0
48110,109.0
48111,114.0
48112,106.0
48113,122.0
48114,146.0
48115,127.0
48116,129.0
48117,151.0
48118,148.0
48119,147.0
48120,142.0
48121,139.0
48122,137.0
48123,142.0
48124,148.0
48125,142.0
48126,141.0
48127,141.0
48128,145.0
48129,144.0
48130,161.0
48131,168.0
48132,158.0
48133,26.0
48134,11.0
48135,17.0
48136,12.0
48137,21.0
48138,26.0
48139,22.0
48140,15.0
48141,19.0
48142,19.0
48143,24.0
48144,21.0
48145,16.0
48146,20.0
48147,12.0
48148,12.0
48149,10.0
48150,7.0
48151,10.0
48152,11.0
48153,17.0
48154,13.0
48155,16.0
48156,11.0
48157,9.0
48158,8.0
48159,9.0
48160,6.0
48161,8.0
48162,10.0
48163,16.0
48164,14.0
48165,15.0
48166,16.0
48167,20.0
48168,28.0
48169,36.0
48170,34.0
48171,34.0
48172,29.0
48173,28.0
48174,27.0
48175,23.0
48176,21.0
48177,16.0
48178,11.0
48179,9.0
48180,14.0
48181,9.0
48182,15.0
48183,14.0
48184,11.0
48185,11.0
48186,15.0
48187,7.0
48188,6.0
48189,7.0
48190,7.0
48191,5.0
48192,5.0
48193,7.0
48194,5.0
48195,7.0
48196,5.0
48197,4.0
48198,6.0
48199,7.0
48200,6.0
48201,7.0
48202,5.0
48203,5.0
48204,6.0
48205,6.0
48206,8.0
48207,4.0
48208,3.0
48209,3.0
48210,4.0
48211,7.0
48212,10.0
48213,32.0
48214,30.0
48215,19.0
48216,27.0
48217,31.0
48218,24.0
48219,22.0
48220,33.0
48221,27.0
48222,41.0
48223,45.0
48224,13.0
48225,10.0
48226,9.0
48227,7.0
48228,11.0
48229,19.0
48230,32.0
48231,39.0
48232,35.0
48233,31.0
48234,25.0
48235,27.0
48236,28.0
48237,30.0
48238,23.0
48239,15.0
48240,21.0
48241,15.0
48242,19.0
48243,20.0
48244,30.0
48245,28.0
48246,32.0
48247,31.0
48248,28.0
48249,31.0
48250,21.0
48251,29.0
48252,15.0
48253,17.0
48254,22.0
48255,27.0
48256,31.0
48257,30.0
48258,35.0
48259,36.0
48260,59.0
48261,58.0
48262,64.0
48263,64.0
48264,57.0
48265,53.0
48266,57.0
48267,58.0
48268,56.0
48269,51.0
48270,49.0
48271,56.0
48272,60.0
48273,61.0
48274,58.0
48275,61.0
48276,52.0
48277,59.0
48278,53.0
48279,54.0
48280,49.0
48281,57.0
48282,66.0
48283,54.0
48284,47.0
48285,44.0
48286,44.0
48287,55.0
48288,51.0
48289,60.0
48290,68.0
48291,71.0
48292,81.0
48293,86.0
48294,90.0
48295,91.0
48296,76.0
48297,55.0
48298,46.0
48299,48.0
48300,53.0
48301,51.0
48302,45.0
48303,49.0
48304,52.0
48305,44.0
48306,39.0
48307,42.0
48308,39.0
48309,37.0
48310,54.0
48311,61.0
48312,47.0
48313,53.0
48314,72.0
48315,69.0
48316,66.0
48317,70.0
48318,69.0
48319,73.0
48320,57.0
48321,62.0
48322,54.0
48323,52.0
48324,55.0
48325,51.0
48326,50.0
48327,51.0
48328,49.0
48329,48.0
48330,53.0
48331,46.0
48332,48.0
48333,59.0
48334,61.0
48335,71.0
48336,75.0
48337,79.0
48338,96.0
48339,114.0
48340,130.0
48341,151.0
48342,150.0
48343,149.0
48344,140.0
48345,119.0
48346,120.0
48347,108.0
48348,105.0
48349,98.0
48350,96.0
48351,99.0
48352,95.0
48353,92.0
48354,88.0
48355,73.0
48356,56.0
48357,50.0
48358,52.0
48359,62.0
48360,80.0
48361,75.0
48362,77.0
48363,69.0
48364,74.0
48365,74.0
48366,91.0
48367,68.0
48368,71.0
48369,70.0
48370,63.0
48371,59.0
48372,56.0
48373,61.0
48374,61.0
48375,66.0
48376,70.0
48377,52.0
48378,45.0
48379,32.0
48380,29.0
48381,25.0
48382,24.0
48383,26.0
48384,20.0
48385,13.0
48386,24.0
48387,41.0
48388,45.0
48389,48.0
48390,52.0
48391,44.0
48392,36.0
48393,36.0
48394,32.0
48395,31.0
48396,32.0
48397,33.0
48398,40.0
48399,51.0
48400,56.0
48401,51.0
48402,56.0
48403,65.0
48404,51.0
48405,64.0
48406,69.0
48407,62.0
48408,63.0
48409,61.0
48410,70.0
48411,79.0
48412,101.0
48413,110.0
48414,121.0
48415,100.0
48416,101.0
48417,93.0
48418,90.0
48419,90.0
48420,103.0
48421,101.0
48422,104.0
48423,98.0
48424,100.0
48425,86.0
48426,67.0
48427,54.0
48428,58.0
48429,64.0
48430,73.0
48431,73.0
48432,80.0
48433,84.0
48434,109.0
48435,106.0
48436,111.0
48437,116.0
48438,141.0
48439,137.0
48440,134.0
48441,118.0
48442,110.0
48443,102.0
48444,104.0
48445,92.0
48446,68.0
48447,67.0
48448,67.0
48449,60.0
48450,57.0
48451,54.0
48452,63.0
48453,66.0
48454,82.0
48455,70.0
48456,75.0
48457,62.0
48458,69.0
48459,56.0
48460,51.0
48461,54.0
48462,53.0
48463,42.0
48464,34.0
48465,29.0
48466,29.0
48467,19.0
48468,19.0
48469,16.0
48470,24.0
48471,34.0
48472,40.0
48473,31.0
48474,37.0
48475,44.0
48476,49.0
48477,54.0
48478,60.0
48479,64.0
48480,64.0
48481,50.0
48482,31.0
48483,24.0
48484,29.0
48485,26.0
48486,30.0
48487,28.0
48488,27.0
48489,27.0
48490,24.0
48491,25.0
48492,34.0
48493,38.0
48494,42.0
48495,43.0
48496,52.0
48497,56.0
48498,26.0
48499,30.0
48500,28.0
48501,28.0
48502,19.0
48503,20.0
48504,19.0
48505,26.0
48506,22.0
48507,26.0
48508,24.0
48509,26.0
48510,28.0
48511,28.0
48512,33.0
48513,26.0
48514,33.0
48515,35.0
48516,42.0
48517,51.0
48518,42.0
48519,37.0
48520,38.0
48521,47.0
48522,44.0
48523,50.0
48524,49.0
48525,53.0
48526,38.0
48527,41.0
48528,41.0
48529,41.0
48530,57.0
48531,53.0
48532,53.0
48533,47.0
48534,47.0
48535,44.0
48536,38.0
48537,35.0
48538,29.0
48539,30.0
48540,28.0
48541,32.0
48542,33.0
48543,23.0
48544,27.0
48545,22.0
48546,28.0
48547,29.0
48548,28.0
48549,38.0
48550,48.0
48551,44.0
48552,37.0
48553,18.0
48554,13.0
48555,16.0
48556,25.0
48557,18.0
48558,23.0
48559,25.0
48560,19.0
48561,19.0
48562,25.0
48563,27.0
48564,22.0
48565,30.0
48566,29.0
48567,30.0
48568,36.0
48569,50.0
48570,53.0
48571,60.0
48572,71.0
48573,70.0
48574,68.0
48575,79.0
48576,82.0
48577,67.0
48578,38.0
48579,69.0
48580,49.0
48581,40.0
48582,40.0
48583,41.0
48584,34.0
48585,34.0
48586,36.0
48587,36.0
48588,42.0
48589,38.0
48590,44.0
48591,43.0
48592,28.0
48593,28.0
48594,35.0
48595,28.0
48596,38.0
48597,49.0
48598,42.0
48599,47.0
48600,50.0
48601,58.0
48602,63.0
48603,69.0
48604,72.0
48605,68.0
48606,70.0
48607,60.0
48608,52.0
48609,77.0
48610,79.0
48611,85.0
48612,101.0
48613,100.0
48614,94.0
48615,80.0
48616,59.0
48617,59.0
48618,55.0
48619,45.0
48620,48.0
48621,69.0
48622,79.0
48623,83.0
48624,82.0
48625,86.0
48626,84.0
48627,82.0
48628,73.0
48629,74.0
48630,77.0
48631,75.0
48632,88.0
48633,76.0
48634,80.0
48635,86.0
48636,80.0
48637,66.0
48638,65.0
48639,67.0
48640,65.0
48641,64.0
48642,76.0
48643,81.0
48644,97.0
48645,106.0
48646,132.0
48647,131.0
48648,111.0
48649,112.0
48650,108.0
48651,85.0
48652,74.0
48653,83.0
48654,89.0
48655,116.0
48656,133.0
48657,141.0
48658,140.0
48659,142.0
48660,150.0
48661,140.0
48662,134.0
48663,122.0
48664,124.0
48665,129.0
48666,142.0
48667,95.0
48668,54.0
48669,54.0
48670,54.0
48671,58.0
48672,49.0
48673,57.0
48674,57.0
48675,62.0
48676,70.0
48677,72.0
48678,83.0
48679,90.0
48680,80.0
48681,65.0
48682,64.0
48683,65.0
48684,56.0
48685,39.0
48686,47.0
48687,46.0
48688,56.0
48689,52.0
48690,54.0
48691,53.0
48692,14.0
48693,10.0
48694,16.0
48695,20.0
48696,30.0
48697,32.0
48698,32.0
48699,38.0
48700,37.0
48701,40.0
48702,45.0
48703,37.0
48704,35.0
48705,37.0
48706,44.0
48707,47.0
48708,51.0
48709,57.0
48710,55.0
48711,59.0
48712,70.0
48713,45.0
48714,39.0
48715,38.0
48716,33.0
48717,35.0
48718,48.0
48719,58.0
48720,51.0
48721,42.0
48722,41.0
48723,44.0
48724,48.0
48725,42.0
48726,46.0
48727,48.0
48728,79.0
48729,79.0
48730,82.0
48731,78.0
48732,59.0
48733,40.0
48734,30.0
48735,38.0
48736,57.0
48737,54.0
48738,35.0
48739,29.0
48740,40.0
48741,58.0
48742,61.0
48743,68.0
48744,74.0
48745,80.0
48746,82.0
48747,83.0
48748,87.0
48749,76.0
48750,81.0
48751,72.0
48752,69.0
48753,81.0
48754,83.0
48755,83.0
48756,77.0
48757,59.0
48758,49.0
48759,57.0
48760,60.0
48761,61.0
48762,85.0
48763,113.0
48764,108.0
48765,108.0
48766,102.0
48767,112.0
48768,112.0
48769,120.0
48770,135.0
48771,125.0
48772,137.0
48773,142.0
48774,145.0
48775,137.0
48776,124.0
48777,114.0
48778,111.0
48779,85.0
48780,96.0
48781,91.0
48782,69.0
48783,73.0
48784,86.0
48785,66.0
48786,69.0
48787,70.0
48788,70.0
48789,80.0
48790,109.0
48791,102.0
48792,80.0
48793,79.0
48794,93.0
48795,52.0
48796,28.0
48797,36.0
48798,39.0
48799,38.0
48800,35.0
48801,39.0
48802,42.0
48803,54.0
48804,64.0
48805,72.0
48806,82.0
48807,77.0
48808,67.0
48809,94.0
48810,92.0
48811,93.0
48812,17.0
48813,31.0
48814,27.0
48815,37.0
48816,40.0
48817,49.0
48818,59.0
48819,51.0
48820,56.0
48821,60.0
48822,51.0
48823,46.0
48824,41.0
48825,40.0
48826,33.0
48827,25.0
48828,33.0
48829,38.0
48830,33.0
48831,43.0
48832,43.0
48833,49.0
48834,56.0
48835,55.0
48836,66.0
48837,72.0
48838,82.0
48839,95.0
48840,81.0
48841,94.0
48842,86.0
48843,98.0
48844,74.0
48845,80.0
48846,78.0
48847,75.0
48848,71.0
48849,70.0
48850,74.0
48851,67.0
48852,75.0
48853,80.0
48854,90.0
48855,86.0
48856,102.0
48857,92.0
48858,92.0
48859,77.0
48860,92.0
48861,93.0
48862,98.0
48863,22.0
48864,12.0
48865,16.0
48866,13.0
48867,20.0
48868,33.0
48869,32.0
48870,38.0
48871,30.0
48872,44.0
48873,62.0
48874,44.0
48875,69.0
48876,66.0
48877,76.0
48878,77.0
48879,74.0
48880,78.0
48881,23.0
48882,14.0
48883,15.0
48884,18.0
48885,12.0
48886,24.0
48887,19.0
48888,14.0
48889,23.0
48890,18.0
48891,12.0
48892,18.0
48893,12.0
48894,14.0
48895,20.0
48896,16.0
48897,17.0
48898,15.0
48899,15.0
48900,15.0
48901,14.0
48902,22.0
48903,21.0
48904,26.0
48905,36.0
48906,32.0
48907,40.0
48908,46.0
48909,37.0
48910,44.0
48911,47.0
48912,66.0
48913,61.0
48914,80.0
48915,91.0
48916,81.0
48917,87.0
48918,77.0
48919,83.0
48920,76.0
48921,67.0
48922,60.0
48923,59.0
48924,61.0
48925,74.0
48926,78.0
48927,50.0
48928,51.0
48929,61.0
48930,68.0
48931,87.0
48932,95.0
48933,93.0
48934,78.0
48935,55.0
48936,45.0
48937,65.0
48938,64.0
48939,64.0
48940,37.0
48941,47.0
48942,51.0
48943,51.0
48944,54.0
48945,63.0
48946,76.0
48947,82.0
48948,75.0
48949,63.0
48950,65.0
48951,60.0
48952,68.0
48953,76.0
48954,84.0
48955,77.0
48956,86.0
48957,86.0
48958,60.0
48959,70.0
48960,79.0
48961,95.0
48962,93.0
48963,114.0
48964,123.0
48965,131.0
48966,137.0
48967,136.0
48968,98.0
48969,80.0
48970,73.0
48971,65.0
48972,62.0
48973,39.0
48974,29.0
48975,8.0
48976,19.0
48977,18.0
48978,13.0
48979,9.0
48980,13.0
48981,10.0
48982,5.0
48983,5.0
48984,5.0
48985,4.0
48986,6.0
48987,6.0
48988,12.0
48989,14.0
48990,20.0
48991,12.0
48992,13.0
48993,17.0
48994,16.0
48995,17.0
48996,19.0
48997,20.0
48998,9.0
48999,12.0
49000,18.0
49001,15.0
49002,31.0
49003,39.0
49004,41.0
49005,49.0
49006,53.0
49007,54.0
49008,63.0
49009,72.0
49010,82.0
49011,81.0
49012,86.0
49013,89.0
49014,77.0
49015,78.0
49016,80.0
49017,98.0
49018,104.0
49019,108.0
49020,92.0
49021,75.0
49022,70.0
49023,52.0
49024,56.0
49025,45.0
49026,65.0
49027,82.0
49028,68.0
49029,33.0
49030,25.0
49031,23.0
49032,16.0
49033,15.0
49034,15.0
49035,23.0
49036,35.0
49037,40.0
49038,17.0
49039,14.0
49040,16.0
49041,20.0
49042,19.0
49043,23.0
49044,62.0
49045,69.0
49046,80.0
49047,106.0
49048,113.0
49049,125.0
49050,119.0
49051,111.0
49052,96.0
49053,96.0
49054,71.0
49055,80.0
49056,94.0
49057,101.0
49058,119.0
49059,120.0
49060,105.0
49061,96.0
49062,91.0
49063,91.0
49064,96.0
49065,93.0
49066,95.0
49067,99.0
49068,97.0
49069,102.0
49070,105.0
49071,96.0
49072,94.0
49073,102.0
49074,53.0
49075,16.0
49076,17.0
49077,31.0
49078,30.0
49079,33.0
49080,34.0
49081,39.0
49082,38.0
49083,36.0
49084,27.0
49085,44.0
49086,53.0
49087,30.0
49088,30.0
49089,23.0
49090,22.0
49091,23.0
49092,34.0
49093,37.0
49094,45.0
49095,48.0
49096,49.0
49097,51.0
49098,49.0
49099,68.0
49100,63.0
49101,89.0
49102,83.0
49103,83.0
49104,93.0
49105,95.0
49106,85.0
49107,67.0
49108,45.0
49109,38.0
49110,41.0
49111,37.0
49112,25.0
49113,38.0
49114,31.0
49115,39.0
49116,40.0
49117,40.0
49118,45.0
49119,44.0
49120,55.0
49121,54.0
49122,49.0
49123,52.0
49124,59.0
49125,70.0
49126,84.0
49127,78.0
49128,79.0
49129,90.0
49130,82.0
49131,66.0
49132,45.0
49133,44.0
49134,37.0
49135,38.0
49136,38.0
49137,35.0
49138,17.0
49139,22.0
49140,30.0
49141,29.0
49142,18.0
49143,27.0
49144,20.0
49145,16.0
49146,20.0
49147,23.0
49148,47.0
49149,53.0
49150,93.0
49151,126.0
49152,117.0
49153,114.0
49154,120.0
49155,114.0
49156,104.0
49157,92.0
49158,85.0
49159,85.0
49160,82.0
49161,84.0
49162,94.0
49163,86.0
49164,83.0
49165,88.0
49166,66.0
49167,64.0
49168,64.0
49169,55.0
49170,58.0
49171,80.0
49172,92.0
49173,91.0
49174,86.0
49175,85.0
49176,97.0
49177,101.0
49178,105.0
49179,95.0
49180,99.0
49181,98.0
49182,99.0
49183,84.0
49184,83.0
49185,68.0
49186,67.0
49187,70.0
49188,65.0
49189,49.0
49190,47.0
49191,53.0
49192,64.0
49193,67.0
49194,86.0
49195,91.0
49196,99.0
49197,103.0
49198,102.0
49199,103.0
49200,115.0
49201,115.0
49202,112.0
49203,108.0
49204,116.0
49205,122.0
49206,115.0
49207,114.0
49208,118.0
49209,120.0
49210,121.0
49211,121.0
49212,130.0
49213,126.0
49214,95.0
49215,91.0
49216,88.0
49217,103.0
49218,118.0
49219,109.0
49220,98.0
49221,90.0
49222,81.0
49223,93.0
49224,95.0
49225,105.0
49226,124.0
49227,128.0
49228,141.0
49229,134.0
49230,129.0
49231,40.0
49232,20.0
49233,20.0
49234,23.0
49235,26.0
49236,25.0
49237,27.0
49238,31.0
49239,25.0
49240,25.0
49241,27.0
49242,35.0
49243,45.0
49244,38.0
49245,38.0
49246,49.0
49247,53.0
49248,57.0
49249,55.0
49250,45.0
49251,38.0
49252,29.0
49253,30.0
49254,28.0
49255,34.0
49256,30.0
49257,22.0
49258,9.0
49259,8.0
49260,8.0
49261,6.0
49262,7.0
49263,7.0
49264,5.0
49265,10.0
49266,15.0
49267,16.0
49268,22.0
49269,19.0
49270,21.0
49271,21.0
49272,22.0
49273,29.0
49274,42.0
49275,43.0
49276,33.0
49277,25.0
49278,22.0
49279,12.0
49280,28.0
49281,22.0
49282,25.0
49283,24.0
49284,30.0
49285,28.0
49286,43.0
49287,43.0
49288,40.0
49289,42.0
49290,48.0
49291,99.0
49292,73.0
49293,66.0
49294,69.0
49295,75.0
49296,65.0
49297,70.0
49298,65.0
49299,65.0
49300,80.0
49301,83.0
49302,91.0
49303,81.0
49304,91.0
49305,83.0
49306,97.0
49307,78.0
49308,75.0
49309,79.0
49310,73.0
49311,68.0
49312,58.0
49313,64.0
49314,66.0
49315,49.0
49316,53.0
49317,62.0
49318,78.0
49319,83.0
49320,81.0
49321,77.0
49322,81.0
49323,56.0
49324,40.0
49325,20.0
49326,28.0
49327,28.0
49328,37.0
49329,38.0
49330,43.0
49331,77.0
49332,57.0
49333,54.0
49334,34.0
49335,28.0
49336,39.0
49337,34.0
49338,27.0
49339,33.0
49340,34.0
49341,43.0
49342,33.0
49343,42.0
49344,41.0
49345,50.0
49346,38.0
49347,39.0
49348,55.0
49349,66.0
49350,65.0
49351,65.0
49352,70.0
49353,65.0
49354,64.0
49355,55.0
49356,49.0
49357,46.0
49358,46.0
49359,49.0
49360,58.0
49361,53.0
49362,59.0
49363,62.0
49364,71.0
49365,49.0
49366,41.0
49367,40.0
49368,23.0
49369,25.0
49370,25.0
49371,27.0
49372,25.0
49373,29.0
49374,23.0
49375,25.0
49376,30.0
49377,39.0
49378,52.0
49379,49.0
49380,35.0
49381,33.0
49382,22.0
49383,16.0
49384,21.0
49385,25.0
49386,32.0
49387,45.0
49388,52.0
49389,40.0
49390,19.0
49391,14.0
49392,16.0
49393,8.0
49394,5.0
49395,6.0
49396,9.0
49397,8.0
49398,11.0
49399,9.0
49400,13.0
49401,10.0
49402,8.0
49403,12.0
49404,13.0
49405,10.0
49406,11.0
49407,10.0
49408,13.0
49409,20.0
49410,24.0
49411,22.0
49412,25.0
49413,34.0
49414,30.0
49415,23.0
49416,17.0
49417,17.0
49418,15.0
49419,8.0
49420,11.0
49421,8.0
49422,9.0
49423,7.0
49424,7.0
49425,5.0
49426,6.0
49427,6.0
49428,5.0
49429,5.0
49430,5.0
49431,3.0
49432,13.0
49433,13.0
49434,11.0
49435,24.0
49436,45.0
49437,66.0
49438,69.0
49439,70.0
49440,53.0
49441,46.0
49442,33.0
49443,37.0
49444,15.0
49445,16.0
49446,13.0
49447,9.0
49448,9.0
49449,8.0
49450,16.0
49451,17.0
49452,23.0
49453,23.0
49454,17.0
49455,12.0
49456,12.0
49457,11.0
49458,13.0
49459,10.0
49460,9.0
49461,14.0
49462,18.0
49463,20.0
49464,22.0
49465,12.0
49466,17.0
49467,10.0
49468,13.0
49469,13.0
49470,9.0
49471,8.0
49472,11.0
49473,14.0
49474,11.0
49475,11.0
49476,11.0
49477,8.0
49478,7.0
49479,13.0
49480,8.0
49481,16.0
49482,13.0
49483,18.0
49484,27.0
49485,29.0
49486,37.0
49487,28.0
49488,27.0
49489,24.0
49490,21.0
49491,22.0
49492,14.0
49493,16.0
49494,12.0
49495,15.0
49496,20.0
49497,17.0
49498,14.0
49499,10.0
49500,7.0
49501,9.0
49502,12.0
49503,10.0
49504,8.0
49505,10.0
49506,18.0
49507,23.0
49508,22.0
49509,12.0
49510,12.0
49511,16.0
49512,7.0
49513,10.0
49514,12.0
49515,10.0
49516,13.0
49517,17.0
49518,10.0
49519,12.0
49520,11.0
49521,10.0
49522,8.0
49523,9.0
49524,8.0
49525,7.0
49526,6.0
49527,3.0
49528,3.0
49529,6.0
49530,14.0
49531,14.0
49532,23.0
49533,13.0
49534,16.0
49535,17.0
49536,16.0
49537,15.0
49538,12.0
49539,15.0
49540,5.0
49541,11.0
49542,11.0
49543,9.0
49544,7.0
49545,9.0
49546,9.0
49547,7.0
49548,7.0
49549,5.0
49550,7.0
49551,8.0
49552,14.0
49553,8.0
49554,11.0
49555,15.0
49556,18.0
49557,16.0
49558,26.0
49559,38.0
49560,37.0
49561,32.0
49562,27.0
49563,17.0
49564,12.0
49565,11.0
49566,11.0
49567,11.0
49568,9.0
49569,7.0
49570,9.0
49571,11.0
49572,11.0
49573,12.0
49574,8.0
49575,6.0
49576,8.0
49577,11.0
49578,12.0
49579,28.0
49580,23.0
49581,15.0
49582,18.0
49583,24.0
49584,28.0
49585,34.0
49586,11.0
49587,10.0
49588,17.0
49589,27.0
49590,26.0
49591,29.0
49592,23.0
49593,22.0
49594,21.0
49595,24.0
49596,25.0
49597,32.0
49598,30.0
49599,37.0
49600,35.0
49601,31.0
49602,21.0
49603,28.0
49604,29.0
49605,29.0
49606,40.0
49607,38.0
49608,27.0
49609,24.0
49610,18.0
49611,25.0
49612,26.0
49613,22.0
49614,30.0
49615,38.0
49616,40.0
49617,42.0
49618,36.0
49619,34.0
49620,29.0
49621,19.0
49622,26.0
49623,27.0
49624,11.0
49625,12.0
49626,20.0
49627,31.0
49628,19.0
49629,31.0
49630,36.0
49631,44.0
49632,49.0
49633,48.0
49634,42.0
49635,43.0
49636,45.0
49637,45.0
49638,48.0
49639,35.0
49640,25.0
49641,21.0
49642,17.0
49643,23.0
49644,21.0
49645,20.0
49646,21.0
49647,20.0
49648,18.0
49649,24.0
49650,25.0
49651,30.0
49652,30.0
49653,9.0
49654,8.0
49655,10.0
49656,9.0
49657,9.0
49658,11.0
49659,13.0
49660,10.0
49661,10.0
49662,10.0
49663,7.0
49664,9.0
49665,7.0
49666,10.0
49667,9.0
49668,9.0
49669,9.0
49670,11.0
49671,6.0
49672,7.0
49673,10.0
49674,13.0
49675,16.0
49676,21.0
49677,13.0
49678,16.0
49679,17.0
49680,8.0
49681,7.0
49682,9.0
49683,9.0
49684,8.0
49685,8.0
49686,8.0
49687,11.0
49688,14.0
49689,9.0
49690,6.0
49691,3.0
49692,6.0
49693,6.0
49694,3.0
49695,2.0
49696,2.0
49697,2.0
49698,6.0
49699,16.0
49700,17.0
49701,16.0
49702,13.0
49703,17.0
49704,35.0
49705,22.0
49706,19.0
49707,7.0
49708,6.0
49709,5.0
49710,6.0
49711,7.0
49712,7.0
49713,6.0
49714,4.0
49715,6.0
49716,12.0
49717,10.0
49718,12.0
49719,16.0
49720,13.0
49721,12.0
49722,9.0
49723,17.0
49724,25.0
49725,32.0
49726,39.0
49727,41.0
49728,51.0
49729,55.0
49730,62.0
49731,63.0
49732,60.0
49733,56.0
49734,54.0
49735,53.0
49736,56.0
49737,66.0
49738,69.0
49739,70.0
49740,65.0
49741,64.0
49742,51.0
49743,37.0
49744,44.0
49745,21.0
49746,45.0
49747,44.0
49748,39.0
49749,32.0
49750,20.0
49751,18.0
49752,18.0
49753,22.0
49754,28.0
49755,26.0
49756,21.0
49757,25.0
49758,22.0
49759,14.0
49760,11.0
49761,16.0
49762,28.0
49763,28.0
49764,19.0
49765,18.0
49766,14.0
49767,17.0
49768,18.0
49769,17.0
49770,21.0
49771,20.0
49772,24.0
49773,27.0
49774,20.0
49775,20.0
49776,13.0
49777,10.0
49778,14.0
49779,12.0
49780,14.0
49781,12.0
49782,14.0
49783,11.0
49784,13.0
49785,18.0
49786,15.0
49787,13.0
49788,22.0
49789,19.0
49790,18.0
49791,14.0
49792,12.0
49793,12.0
49794,20.0
49795,29.0
49796,28.0
49797,30.0
49798,23.0
49799,26.0
49800,32.0
49801,43.0
49802,33.0
49803,26.0
49804,35.0
49805,30.0
49806,29.0
49807,18.0
49808,20.0
49809,17.0
49810,19.0
49811,17.0
49812,26.0
49813,27.0
49814,22.0
49815,18.0
49816,17.0
49817,21.0
49818,22.0
49819,31.0
49820,32.0
49821,32.0
49822,39.0
49823,43.0
49824,43.0
49825,61.0
49826,58.0
49827,56.0
49828,66.0
49829,73.0
49830,76.0
49831,74.0
49832,67.0
49833,68.0
49834,73.0
49835,44.0
49836,34.0
49837,28.0
49838,27.0
49839,34.0
49840,36.0
49841,46.0
49842,56.0
49843,72.0
49844,78.0
49845,77.0
49846,99.0
49847,98.0
49848,92.0
49849,79.0
49850,64.0
49851,65.0
49852,48.0
49853,51.0
49854,52.0
49855,52.0
49856,58.0
49857,46.0
49858,48.0
49859,29.0
49860,26.0
49861,27.0
49862,20.0
49863,16.0
49864,16.0
49865,12.0
49866,11.0
49867,7.0
49868,11.0
49869,11.0
49870,9.0
49871,9.0
49872,8.0
49873,7.0
49874,8.0
49875,5.0
49876,5.0
49877,5.0
49878,5.0
49879,6.0
49880,10.0
49881,11.0
49882,9.0
49883,9.0
49884,13.0
49885,13.0
49886,9.0
49887,8.0
49888,10.0
49889,9.0
49890,12.0
49891,11.0
49892,10.0
49893,8.0
49894,8.0
49895,13.0
49896,13.0
49897,13.0
49898,7.0
49899,9.0
49900,7.0
49901,8.0
49902,8.0
49903,6.0
49904,5.0
49905,7.0
49906,5.0
49907,5.0
49908,6.0
49909,5.0
49910,3.0
49911,9.0
49912,8.0
49913,9.0
49914,14.0
49915,11.0
49916,19.0
49917,25.0
49918,9.0
49919,5.0
49920,5.0
49921,6.0
49922,5.0
49923,4.0
49924,5.0
49925,8.0
49926,8.0
49927,5.0
49928,2.0
49929,4.0
49930,6.0
49931,6.0
49932,5.0
49933,2.0
49934,8.0
49935,9.0
49936,6.0
49937,4.0
49938,10.0
49939,8.0
49940,18.0
49941,17.0
49942,16.0
49943,16.0
49944,18.0
49945,18.0
49946,25.0
49947,19.0
49948,25.0
49949,26.0
49950,26.0
49951,15.0
49952,17.0
49953,12.0
49954,8.0
49955,10.0
49956,7.0
49957,10.0
49958,8.0
49959,12.0
49960,12.0
49961,14.0
49962,15.0
49963,29.0
49964,30.0
49965,29.0
49966,32.0
49967,38.0
49968,42.0
49969,49.0
49970,50.0
49971,61.0
49972,60.0
49973,58.0
49974,57.0
49975,60.0
49976,70.0
49977,81.0
49978,116.0
49979,112.0
49980,70.0
49981,86.0
49982,60.0
49983,45.0
49984,40.0
49985,39.0
49986,45.0
49987,55.0
49988,60.0
49989,70.0
49990,64.0
49991,67.0
49992,74.0
49993,80.0
49994,85.0
49995,110.0
49996,137.0
49997,136.0
49998,123.0
49999,93.0
50000,92.0
50001,105.0
50002,98.0
50003,93.0
50004,99.0
50005,103.0
50006,94.0
50007,99.0
50008,86.0
50009,91.0
50010,85.0
50011,93.0
50012,102.0
50013,147.0
50014,163.0
50015,153.0
50016,196.0
50017,152.0
50018,161.0
50019,159.0
50020,151.0
50021,150.0
50022,136.0
50023,125.0
50024,123.0
50025,150.0
50026,147.0
50027,142.0
50028,120.0
50029,97.0
50030,88.0
50031,79.0
50032,85.0
50033,92.0
50034,92.0
50035,98.0
50036,110.0
50037,120.0
50038,135.0
50039,144.0
50040,158.0
50041,151.0
50042,159.0
50043,168.0
50044,151.0
50045,151.0
50046,163.0
50047,157.0
50048,161.0
50049,152.0
50050,143.0
50051,152.0
50052,154.0
50053,105.0
50054,91.0
50055,87.0
50056,91.0
50057,99.0
50058,107.0
50059,120.0
50060,131.0
50061,151.0
50062,153.0
50063,175.0
50064,201.0
50065,206.0
50066,201.0
50067,185.0
50068,92.0
50069,78.0
50070,126.0
50071,97.0
50072,60.0
50073,56.0
50074,62.0
50075,42.0
50076,17.0
50077,14.0
50078,12.0
50079,12.0
50080,17.0
50081,25.0
50082,30.0
50083,39.0
50084,49.0
50085,55.0
50086,41.0
50087,36.0
50088,24.0
50089,28.0
50090,18.0
50091,7.0
50092,12.0
50093,11.0
50094,12.0
50095,13.0
50096,10.0
50097,10.0
50098,8.0
50099,7.0
50100,5.0
50101,3.0
50102,7.0
50103,9.0
50104,16.0
50105,13.0
50106,24.0
50107,23.0
50108,30.0
50109,27.0
50110,65.0
50111,75.0
50112,86.0
50113,96.0
50114,92.0
50115,109.0
50116,116.0
50117,85.0
50118,76.0
50119,73.0
50120,71.0
50121,102.0
50122,132.0
50123,122.0
50124,94.0
50125,84.0
50126,75.0
50127,81.0
50128,75.0
50129,67.0
50130,57.0
50131,48.0
50132,47.0
50133,44.0
50134,49.0
50135,46.0
50136,49.0
50137,58.0
50138,64.0
50139,55.0
50140,75.0
50141,77.0
50142,101.0
50143,86.0
50144,85.0
50145,96.0
50146,93.0
50147,79.0
50148,79.0
50149,73.0
50150,70.0
50151,74.0
50152,72.0
50153,73.0
50154,77.0
50155,96.0
50156,89.0
50157,95.0
50158,95.0
50159,102.0
50160,112.0
50161,115.0
50162,120.0
50163,142.0
50164,167.0
50165,170.0
50166,170.0
50167,182.0
50168,189.0
50169,187.0
50170,165.0
50171,141.0
50172,121.0
50173,122.0
50174,119.0
50175,127.0
50176,164.0
50177,68.0
50178,29.0
50179,28.0
50180,41.0
50181,40.0
50182,37.0
50183,25.0
50184,24.0
50185,34.0
50186,31.0
50187,25.0
50188,13.0
50189,11.0
50190,8.0
50191,14.0
50192,16.0
50193,14.0
50194,15.0
50195,13.0
50196,19.0
50197,24.0
50198,24.0
50199,23.0
50200,30.0
50201,31.0
50202,29.0
50203,41.0
50204,43.0
50205,58.0
50206,79.0
50207,69.0
50208,61.0
50209,72.0
50210,77.0
50211,68.0
50212,56.0
50213,48.0
50214,53.0
50215,132.0
50216,112.0
50217,123.0
50218,172.0
50219,150.0
50220,144.0
50221,154.0
50222,156.0
50223,148.0
50224,135.0
50225,139.0
50226,53.0
50227,22.0
50228,23.0
50229,25.0
50230,16.0
50231,18.0
50232,20.0
50233,29.0
50234,26.0
50235,22.0
50236,19.0
50237,20.0
50238,25.0
50239,29.0
50240,25.0
50241,10.0
50242,13.0
50243,7.0
50244,6.0
50245,4.0
50246,2.0
50247,1.0
50248,3.0
50249,3.0
50250,7.0
50251,20.0
50252,29.0
50253,24.0
50254,48.0
50255,67.0
50256,45.0
50257,31.0
50258,28.0
50259,9.0
50260,8.0
50261,9.0
50262,8.0
50263,7.0
50264,13.0
50265,11.0
50266,11.0
50267,13.0
50268,35.0
50269,34.0
50270,23.0
50271,29.0
50272,29.0
50273,35.0
50274,43.0
50275,49.0
50276,48.0
50277,44.0
50278,49.0
50279,52.0
50280,50.0
50281,71.0
50282,69.0
50283,68.0
50284,76.0
50285,70.0
50286,66.0
50287,62.0
50288,58.0
50289,55.0
50290,54.0
50291,41.0
50292,22.0
50293,22.0
50294,13.0
50295,17.0
50296,12.0
50297,18.0
50298,35.0
50299,51.0
50300,49.0
50301,50.0
50302,41.0
50303,30.0
50304,17.0
50305,19.0
50306,21.0
50307,22.0
50308,24.0
50309,33.0
50310,33.0
50311,56.0
50312,76.0
50313,78.0
50314,56.0
50315,47.0
50316,46.0
50317,43.0
50318,48.0
50319,45.0
50320,44.0
50321,47.0
50322,47.0
50323,57.0
50324,65.0
50325,76.0
50326,71.0
50327,73.0
50328,70.0
50329,69.0
50330,67.0
50331,68.0
50332,68.0
50333,63.0
50334,59.0
50335,50.0
50336,53.0
50337,51.0
50338,41.0
50339,41.0
50340,33.0
50341,34.0
50342,35.0
50343,21.0
50344,22.0
50345,28.0
50346,28.0
50347,20.0
50348,19.0
50349,20.0
50350,12.0
50351,24.0
50352,21.0
50353,16.0
50354,24.0
50355,25.0
50356,18.0
50357,20.0
50358,25.0
50359,22.0
50360,28.0
50361,22.0
50362,21.0
50363,20.0
50364,21.0
50365,19.0
50366,19.0
50367,15.0
50368,19.0
50369,27.0
50370,31.0
50371,33.0
50372,31.0
50373,23.0
50374,24.0
50375,37.0
50376,38.0
50377,34.0
50378,2.0
50379,1.0
50380,4.0
50381,6.0
50382,4.0
50383,3.0
50384,5.0
50385,3.0
50386,3.0
50387,3.0
50388,8.0
50389,5.0
50390,3.0
50391,4.0
50392,5.0
50393,12.0
50394,10.0
50395,18.0
50396,21.0
50397,19.0
50398,26.0
50399,22.0
50400,24.0
50401,23.0
50402,21.0
50403,19.0
50404,13.0
50405,17.0
50406,22.0
50407,19.0
50408,19.0
50409,18.0
50410,13.0
50411,14.0
50412,13.0
50413,13.0
50414,15.0
50415,12.0
50416,16.0
50417,18.0
50418,28.0
50419,40.0
50420,45.0
50421,42.0
50422,51.0
50423,39.0
50424,24.0
50425,6.0
50426,7.0
50427,8.0
50428,5.0
50429,4.0
50430,7.0
50431,17.0
50432,13.0
50433,16.0
50434,20.0
50435,17.0
50436,20.0
50437,16.0
50438,17.0
50439,18.0
50440,29.0
50441,33.0
50442,32.0
50443,36.0
50444,41.0
50445,49.0
50446,56.0
50447,63.0
50448,68.0
50449,64.0
50450,67.0
50451,66.0
50452,72.0
50453,63.0
50454,60.0
50455,55.0
50456,57.0
50457,61.0
50458,71.0
50459,76.0
50460,76.0
50461,102.0
50462,111.0
50463,130.0
50464,145.0
50465,155.0
50466,171.0
50467,182.0
50468,191.0
50469,205.0
50470,195.0
50471,190.0
50472,170.0
50473,162.0
50474,157.0
50475,161.0
50476,147.0
50477,148.0
50478,143.0
50479,144.0
50480,136.0
50481,152.0
50482,180.0
50483,210.0
50484,211.0
50485,206.0
50486,202.0
50487,200.0
50488,242.0
50489,201.0
50490,203.0
50491,242.0
50492,276.0
50493,316.0
50494,319.0
50495,332.0
50496,345.0
50497,356.0
50498,344.0
50499,338.0
50500,275.0
50501,276.0
50502,261.0
50503,255.0
50504,238.0
50505,213.0
50506,214.0
50507,206.0
50508,209.0
50509,211.0
50510,248.0
50511,270.0
50512,278.0
50513,264.0
50514,307.0
50515,331.0
50516,282.0
50517,260.0
50518,223.0
50519,221.0
50520,263.0
50521,309.0
50522,287.0
50523,278.0
50524,288.0
50525,282.0
50526,262.0
50527,265.0
50528,253.0
50529,267.0
50530,280.0
50531,286.0
50532,271.0
50533,252.0
50534,220.0
50535,206.0
50536,209.0
50537,226.0
50538,261.0
50539,285.0
50540,13.0
50541,9.0
50542,4.0
50543,3.0
50544,3.0
50545,2.0
50546,5.0
50547,5.0
50548,3.0
50549,5.0
50550,6.0
50551,5.0
50552,7.0
50553,6.0
50554,6.0
50555,7.0
50556,6.0
50557,5.0
50558,4.0
50559,7.0
50560,10.0
50561,8.0
50562,11.0
50563,14.0
50564,14.0
50565,14.0
50566,25.0
50567,37.0
50568,37.0
50569,33.0
50570,33.0
50571,24.0
50572,22.0
50573,43.0
50574,49.0
50575,53.0
50576,36.0
50577,17.0
50578,7.0
50579,9.0
50580,7.0
50581,5.0
50582,7.0
50583,4.0
50584,8.0
50585,3.0
50586,3.0
50587,10.0
50588,6.0
50589,6.0
50590,4.0
50591,5.0
50592,4.0
50593,5.0
50594,5.0
50595,3.0
50596,1.0
50597,5.0
50598,6.0
50599,5.0
50600,3.0
50601,3.0
50602,5.0
50603,3.0
50604,3.0
50605,7.0
50606,3.0
50607,8.0
50608,7.0
50609,9.0
50610,9.0
50611,9.0
50612,9.0
50613,5.0
50614,8.0
50615,10.0
50616,6.0
50617,5.0
50618,7.0
50619,6.0
50620,5.0
50621,6.0
50622,9.0
50623,10.0
50624,8.0
50625,8.0
50626,7.0
50627,9.0
50628,9.0
50629,7.0
50630,7.0
50631,8.0
50632,8.0
50633,6.0
50634,15.0
50635,5.0
50636,7.0
50637,6.0
50638,3.0
50639,2.0
50640,6.0
50641,10.0
50642,6.0
50643,6.0
50644,9.0
50645,12.0
50646,11.0
50647,16.0
50648,17.0
50649,12.0
50650,9.0
50651,10.0
50652,7.0
50653,5.0
50654,5.0
50655,8.0
50656,10.0
50657,12.0
50658,22.0
50659,24.0
50660,26.0
50661,27.0
50662,26.0
50663,33.0
50664,34.0
50665,43.0
50666,26.0
50667,36.0
50668,30.0
50669,30.0
50670,25.0
50671,34.0
50672,30.0
50673,19.0
50674,16.0
50675,15.0
50676,15.0
50677,15.0
50678,11.0
50679,10.0
50680,22.0
50681,26.0
50682,52.0
50683,69.0
50684,86.0
50685,95.0
50686,106.0
50687,126.0
50688,137.0
50689,122.0
50690,128.0
50691,133.0
50692,106.0
50693,94.0
50694,87.0
50695,88.0
50696,96.0
50697,101.0
50698,90.0
50699,86.0
50700,89.0
50701,82.0
50702,78.0
50703,90.0
50704,101.0
50705,122.0
50706,134.0
50707,159.0
50708,154.0
50709,163.0
50710,198.0
50711,134.0
50712,116.0
50713,133.0
50714,129.0
50715,120.0
50716,116.0
50717,96.0
50718,89.0
50719,93.0
50720,92.0
50721,90.0
50722,80.0
50723,68.0
50724,65.0
50725,74.0
50726,83.0
50727,93.0
50728,87.0
50729,97.0
50730,111.0
50731,141.0
50732,165.0
50733,189.0
50734,203.0
50735,172.0
50736,157.0
50737,156.0
50738,164.0
50739,152.0
50740,113.0
50741,114.0
50742,115.0
50743,124.0
50744,141.0
50745,173.0
50746,229.0
50747,228.0
50748,238.0
50749,249.0
50750,249.0
50751,209.0
50752,213.0
50753,234.0
50754,270.0
50755,309.0
50756,308.0
50757,339.0
50758,342.0
50759,322.0
50760,308.0
50761,321.0
50762,303.0
50763,311.0
50764,300.0
50765,304.0
50766,285.0
50767,281.0
50768,286.0
50769,288.0
50770,287.0
50771,282.0
50772,276.0
50773,278.0
50774,283.0
50775,295.0
50776,298.0
50777,310.0
50778,343.0
50779,347.0
50780,339.0
50781,320.0
50782,310.0
50783,309.0
50784,260.0
50785,195.0
50786,136.0
50787,60.0
50788,20.0
50789,21.0
50790,15.0
50791,12.0
50792,24.0
50793,10.0
50794,28.0
50795,26.0
50796,38.0
50797,51.0
50798,32.0
50799,33.0
50800,30.0
50801,29.0
50802,36.0
50803,43.0
50804,43.0
50805,31.0
50806,29.0
50807,28.0
50808,19.0
50809,21.0
50810,17.0
50811,18.0
50812,35.0
50813,38.0
50814,35.0
50815,43.0
50816,42.0
50817,44.0
50818,44.0
50819,43.0
50820,49.0
50821,62.0
50822,66.0
50823,69.0
50824,70.0
50825,76.0
50826,90.0
50827,104.0
50828,115.0
50829,129.0
50830,149.0
50831,146.0
50832,133.0
50833,123.0
50834,93.0
50835,91.0
50836,96.0
50837,89.0
50838,81.0
50839,81.0
50840,85.0
50841,94.0
50842,81.0
50843,74.0
50844,64.0
50845,53.0
50846,42.0
50847,36.0
50848,47.0
50849,62.0
50850,62.0
50851,71.0
50852,70.0
50853,63.0
50854,58.0
50855,55.0
50856,56.0
50857,52.0
50858,36.0
50859,44.0
50860,52.0
50861,49.0
50862,44.0
50863,39.0
50864,35.0
50865,35.0
50866,32.0
50867,39.0
50868,50.0
50869,57.0
50870,51.0
50871,58.0
50872,62.0
50873,51.0
50874,39.0
50875,69.0
50876,80.0
50877,74.0
50878,75.0
50879,72.0
50880,81.0
50881,80.0
50882,77.0
50883,45.0
50884,23.0
50885,20.0
50886,29.0
50887,20.0
50888,15.0
50889,17.0
50890,17.0
50891,10.0
50892,17.0
50893,21.0
50894,21.0
50895,19.0
50896,13.0
50897,14.0
50898,27.0
50899,31.0
50900,30.0
50901,32.0
50902,29.0
50903,30.0
50904,38.0
50905,41.0
50906,38.0
50907,36.0
50908,33.0
50909,39.0
50910,48.0
50911,62.0
50912,62.0
50913,58.0
50914,43.0
50915,46.0
50916,40.0
50917,43.0
50918,33.0
50919,37.0
50920,45.0
50921,49.0
50922,59.0
50923,67.0
50924,74.0
50925,80.0
50926,84.0
50927,84.0
50928,86.0
50929,82.0
50930,94.0
50931,98.0
50932,63.0
50933,61.0
50934,61.0
50935,65.0
50936,74.0
50937,75.0
50938,39.0
50939,25.0
50940,29.0
50941,34.0
50942,48.0
50943,52.0
50944,45.0
50945,38.0
50946,27.0
50947,18.0
50948,25.0
50949,25.0
50950,29.0
50951,33.0
50952,34.0
50953,29.0
50954,27.0
50955,28.0
50956,21.0
50957,21.0
50958,17.0
50959,26.0
50960,21.0
50961,28.0
50962,29.0
50963,28.0
50964,31.0
50965,31.0
50966,28.0
50967,29.0
50968,33.0
50969,33.0
50970,38.0
50971,36.0
50972,47.0
50973,37.0
50974,41.0
50975,34.0
50976,34.0
50977,28.0
50978,21.0
50979,21.0
50980,17.0
50981,21.0
50982,27.0
50983,30.0
50984,37.0
50985,50.0
50986,62.0
50987,62.0
50988,68.0
50989,74.0
50990,71.0
50991,35.0
50992,11.0
50993,12.0
50994,15.0
50995,8.0
50996,8.0
50997,7.0
50998,8.0
50999,7.0
51000,3.0
51001,6.0
51002,8.0
51003,6.0
51004,8.0
51005,9.0
51006,12.0
51007,17.0
51008,14.0
51009,12.0
51010,17.0
51011,14.0
51012,11.0
51013,15.0
51014,6.0
51015,12.0
51016,18.0
51017,20.0
51018,27.0
51019,31.0
51020,35.0
51021,20.0
51022,22.0
51023,10.0
51024,11.0
51025,6.0
51026,4.0
51027,6.0
51028,6.0
51029,4.0
51030,5.0
51031,5.0
51032,11.0
51033,9.0
51034,6.0
51035,4.0
51036,3.0
51037,6.0
51038,7.0
51039,9.0
51040,9.0
51041,9.0
51042,11.0
51043,11.0
51044,8.0
51045,14.0
51046,13.0
51047,9.0
51048,10.0
51049,8.0
51050,4.0
51051,7.0
51052,6.0
51053,12.0
51054,11.0
51055,10.0
51056,9.0
51057,9.0
51058,9.0
51059,8.0
51060,9.0
51061,10.0
51062,6.0
51063,4.0
51064,5.0
51065,10.0
51066,16.0
51067,9.0
51068,10.0
51069,12.0
51070,10.0
51071,16.0
51072,7.0
51073,7.0
51074,16.0
51075,13.0
51076,15.0
51077,19.0
51078,20.0
51079,22.0
51080,20.0
51081,12.0
51082,10.0
51083,9.0
51084,17.0
51085,18.0
51086,16.0
51087,19.0
51088,26.0
51089,29.0
51090,33.0
51091,42.0
51092,46.0
51093,52.0
51094,58.0
51095,90.0
51096,77.0
51097,81.0
51098,77.0
51099,58.0
51100,36.0
51101,39.0
51102,29.0
51103,21.0
51104,22.0
51105,16.0
51106,20.0
51107,12.0
51108,18.0
51109,22.0
51110,31.0
51111,25.0
51112,21.0
51113,32.0
51114,43.0
51115,57.0
51116,69.0
51117,84.0
51118,98.0
51119,104.0
51120,87.0
51121,111.0
51122,122.0
51123,105.0
51124,80.0
51125,52.0
51126,37.0
51127,42.0
51128,35.0
51129,44.0
51130,40.0
51131,34.0
51132,35.0
51133,37.0
51134,49.0
51135,51.0
51136,62.0
51137,78.0
51138,88.0
51139,100.0
51140,120.0
51141,125.0
51142,135.0
51143,143.0
51144,141.0
51145,138.0
51146,114.0
51147,94.0
51148,90.0
51149,78.0
51150,86.0
51151,66.0
51152,57.0
51153,53.0
51154,48.0
51155,51.0
51156,36.0
51157,39.0
51158,47.0
51159,57.0
51160,46.0
51161,57.0
51162,78.0
51163,106.0
51164,169.0
51165,186.0
51166,176.0
51167,166.0
51168,155.0
51169,175.0
51170,181.0
51171,188.0
51172,183.0
51173,170.0
51174,179.0
51175,173.0
51176,182.0
51177,217.0
51178,230.0
51179,193.0
51180,170.0
51181,125.0
51182,108.0
51183,101.0
51184,91.0
51185,104.0
51186,143.0
51187,165.0
51188,173.0
51189,186.0
51190,189.0
51191,186.0
51192,185.0
51193,153.0
51194,184.0
51195,176.0
51196,169.0
51197,195.0
51198,201.0
51199,196.0
51200,207.0
51201,202.0
51202,209.0
51203,212.0
51204,231.0
51205,206.0
51206,208.0
51207,217.0
51208,219.0
51209,237.0
51210,239.0
51211,235.0
51212,230.0
51213,230.0
51214,223.0
51215,218.0
51216,212.0
51217,219.0
51218,212.0
51219,210.0
51220,232.0
51221,221.0
51222,212.0
51223,203.0
51224,175.0
51225,117.0
51226,90.0
51227,62.0
51228,49.0
51229,33.0
51230,28.0
51231,24.0
51232,26.0
51233,23.0
51234,20.0
51235,24.0
51236,24.0
51237,18.0
51238,16.0
51239,17.0
51240,17.0
51241,20.0
51242,17.0
51243,18.0
51244,21.0
51245,14.0
51246,18.0
51247,13.0
51248,12.0
51249,16.0
51250,12.0
51251,17.0
51252,21.0
51253,26.0
51254,23.0
51255,25.0
51256,12.0
51257,12.0
51258,15.0
51259,19.0
51260,19.0
51261,17.0
51262,16.0
51263,14.0
51264,8.0
51265,12.0
51266,14.0
51267,12.0
51268,8.0
51269,9.0
51270,7.0
51271,9.0
51272,14.0
51273,17.0
51274,15.0
51275,16.0
51276,18.0
51277,16.0
51278,13.0
51279,13.0
51280,15.0
51281,18.0
51282,23.0
51283,23.0
51284,24.0
51285,22.0
51286,22.0
51287,20.0
51288,26.0
51289,27.0
51290,28.0
51291,33.0
51292,30.0
51293,37.0
51294,39.0
51295,40.0
51296,47.0
51297,48.0
51298,46.0
51299,48.0
51300,48.0
51301,47.0
51302,55.0
51303,59.0
51304,67.0
51305,79.0
51306,97.0
51307,82.0
51308,87.0
51309,73.0
51310,80.0
51311,83.0
51312,84.0
51313,137.0
51314,194.0
51315,174.0
51316,153.0
51317,155.0
51318,164.0
51319,143.0
51320,153.0
51321,148.0
51322,145.0
51323,154.0
51324,112.0
51325,117.0
51326,122.0
51327,139.0
51328,153.0
51329,151.0
51330,150.0
51331,155.0
51332,150.0
51333,143.0
51334,133.0
51335,132.0
51336,123.0
51337,110.0
51338,118.0
51339,125.0
51340,131.0
51341,141.0
51342,150.0
51343,146.0
51344,138.0
51345,127.0
51346,138.0
51347,146.0
51348,148.0
51349,143.0
51350,127.0
51351,121.0
51352,121.0
51353,121.0
51354,127.0
51355,141.0
51356,147.0
51357,160.0
51358,161.0
51359,157.0
51360,161.0
51361,165.0
51362,164.0
51363,160.0
51364,151.0
51365,139.0
51366,119.0
51367,115.0
51368,98.0
51369,80.0
51370,85.0
51371,84.0
51372,98.0
51373,98.0
51374,84.0
51375,84.0
51376,105.0
51377,109.0
51378,113.0
51379,118.0
51380,126.0
51381,116.0
51382,122.0
51383,131.0
51384,132.0
51385,120.0
51386,116.0
51387,119.0
51388,115.0
51389,130.0
51390,132.0
51391,131.0
51392,142.0
51393,132.0
51394,151.0
51395,181.0
51396,206.0
51397,196.0
51398,180.0
51399,198.0
51400,188.0
51401,173.0
51402,194.0
51403,192.0
51404,221.0
51405,217.0
51406,212.0
51407,196.0
51408,206.0
51409,184.0
51410,172.0
51411,157.0
51412,156.0
51413,153.0
51414,170.0
51415,182.0
51416,200.0
51417,207.0
51418,204.0
51419,224.0
51420,224.0
51421,225.0
51422,227.0
51423,219.0
51424,219.0
51425,232.0
51426,233.0
51427,229.0
51428,248.0
51429,227.0
51430,233.0
51431,229.0
51432,248.0
51433,257.0
51434,262.0
51435,244.0
51436,236.0
51437,244.0
51438,241.0
51439,228.0
51440,219.0
51441,230.0
51442,250.0
51443,232.0
51444,268.0
51445,322.0
51446,358.0
51447,294.0
51448,285.0
51449,271.0
51450,262.0
51451,257.0
51452,275.0
51453,259.0
51454,233.0
51455,248.0
51456,276.0
51457,273.0
51458,264.0
51459,243.0
51460,223.0
51461,272.0
51462,231.0
51463,211.0
51464,233.0
51465,239.0
51466,206.0
51467,199.0
51468,183.0
51469,164.0
51470,182.0
51471,214.0
51472,242.0
51473,248.0
51474,254.0
51475,222.0
51476,119.0
51477,61.0
51478,44.0
51479,47.0
51480,48.0
51481,38.0
51482,45.0
51483,40.0
51484,43.0
51485,42.0
51486,50.0
51487,57.0
51488,72.0
51489,52.0
51490,42.0
51491,56.0
51492,78.0
51493,74.0
51494,68.0
51495,60.0
51496,49.0
51497,52.0
51498,66.0
51499,69.0
51500,62.0
51501,59.0
51502,70.0
51503,69.0
51504,72.0
51505,76.0
51506,88.0
51507,92.0
51508,81.0
51509,72.0
51510,66.0
51511,56.0
51512,51.0
51513,28.0
51514,17.0
51515,20.0
51516,16.0
51517,23.0
51518,38.0
51519,102.0
51520,72.0
51521,63.0
51522,54.0
51523,48.0
51524,43.0
51525,46.0
51526,43.0
51527,56.0
51528,52.0
51529,56.0
51530,45.0
51531,36.0
51532,40.0
51533,44.0
51534,42.0
51535,40.0
51536,34.0
51537,51.0
51538,68.0
51539,58.0
51540,62.0
51541,71.0
51542,69.0
51543,77.0
51544,79.0
51545,85.0
51546,75.0
51547,77.0
51548,83.0
51549,78.0
51550,84.0
51551,84.0
51552,85.0
51553,88.0
51554,102.0
51555,91.0
51556,73.0
51557,83.0
51558,88.0
51559,86.0
51560,86.0
51561,92.0
51562,109.0
51563,101.0
51564,84.0
51565,57.0
51566,54.0
51567,67.0
51568,87.0
51569,57.0
51570,73.0
51571,80.0
51572,91.0
51573,88.0
51574,90.0
51575,74.0
51576,63.0
51577,60.0
51578,59.0
51579,50.0
51580,45.0
51581,32.0
51582,36.0
51583,45.0
51584,49.0
51585,61.0
51586,71.0
51587,87.0
51588,100.0
51589,99.0
51590,91.0
51591,89.0
51592,105.0
51593,95.0
51594,111.0
51595,82.0
51596,81.0
51597,56.0
51598,43.0
51599,35.0
51600,35.0
51601,35.0
51602,29.0
51603,27.0
51604,24.0
51605,28.0
51606,31.0
51607,35.0
51608,38.0
51609,31.0
51610,35.0
51611,43.0
51612,41.0
51613,53.0
51614,45.0
51615,46.0
51616,57.0
51617,60.0
51618,64.0
51619,81.0
51620,83.0
51621,77.0
51622,80.0
51623,69.0
51624,78.0
51625,77.0
51626,73.0
51627,61.0
51628,68.0
51629,66.0
51630,77.0
51631,69.0
51632,50.0
51633,41.0
51634,45.0
51635,40.0
51636,38.0
51637,26.0
51638,32.0
51639,34.0
51640,34.0
51641,40.0
51642,37.0
51643,43.0
51644,40.0
51645,47.0
51646,45.0
51647,48.0
51648,33.0
51649,34.0
51650,38.0
51651,20.0
51652,20.0
51653,21.0
51654,18.0
51655,25.0
51656,25.0
51657,30.0
51658,25.0
51659,29.0
51660,34.0
51661,34.0
51662,33.0
51663,32.0
51664,29.0
51665,20.0
51666,15.0
51667,21.0
51668,16.0
51669,19.0
51670,25.0
51671,19.0
51672,20.0
51673,9.0
51674,10.0
51675,11.0
51676,8.0
51677,13.0
51678,14.0
51679,12.0
51680,17.0
51681,23.0
51682,21.0
51683,27.0
51684,34.0
51685,37.0
51686,37.0
51687,31.0
51688,44.0
51689,39.0
51690,35.0
51691,50.0
51692,59.0
51693,69.0
51694,67.0
51695,67.0
51696,69.0
51697,63.0
51698,74.0
51699,85.0
51700,91.0
51701,84.0
51702,89.0
51703,93.0
51704,92.0
51705,82.0
51706,96.0
51707,96.0
51708,72.0
51709,11.0
51710,11.0
51711,8.0
51712,13.0
51713,10.0
51714,13.0
51715,9.0
51716,8.0
51717,9.0
51718,8.0
51719,7.0
51720,8.0
51721,9.0
51722,6.0
51723,5.0
51724,8.0
51725,12.0
51726,9.0
51727,9.0
51728,13.0
51729,11.0
51730,12.0
51731,17.0
51732,18.0
51733,14.0
51734,10.0
51735,11.0
51736,16.0
51737,47.0
51738,61.0
51739,60.0
51740,112.0
51741,138.0
51742,134.0
51743,126.0
51744,150.0
51745,171.0
51746,171.0
51747,185.0
51748,168.0
51749,160.0
51750,192.0
51751,204.0
51752,200.0
51753,197.0
51754,192.0
51755,218.0
51756,272.0
51757,302.0
51758,310.0
51759,328.0
51760,331.0
51761,307.0
51762,312.0
51763,321.0
51764,311.0
51765,339.0
51766,355.0
51767,337.0
51768,320.0
51769,352.0
51770,343.0
51771,308.0
51772,313.0
51773,314.0
51774,269.0
51775,247.0
51776,245.0
51777,262.0
51778,390.0
51779,391.0
51780,365.0
51781,306.0
51782,290.0
51783,301.0
51784,246.0
51785,265.0
51786,274.0
51787,302.0
51788,297.0
51789,280.0
51790,263.0
51791,270.0
51792,285.0
51793,238.0
51794,252.0
51795,262.0
51796,260.0
51797,258.0
51798,253.0
51799,242.0
51800,256.0
51801,252.0
51802,306.0
51803,275.0
51804,245.0
51805,203.0
51806,166.0
51807,145.0
51808,114.0
51809,84.0
51810,213.0
51811,310.0
51812,377.0
51813,375.0
51814,367.0
51815,338.0
51816,139.0
51817,81.0
51818,76.0
51819,61.0
51820,49.0
51821,58.0
51822,103.0
51823,325.0
51824,383.0
51825,470.0
51826,480.0
51827,564.0
51828,592.0
51829,604.0
51830,600.0
51831,608.0
51832,625.0
51833,646.0
51834,654.0
51835,666.0
51836,621.0
51837,589.0
51838,464.0
51839,448.0
51840,505.0
51841,542.0
51842,455.0
51843,420.0
51844,429.0
51845,427.0
51846,444.0
51847,459.0
51848,579.0
51849,598.0
51850,571.0
51851,547.0
51852,621.0
51853,634.0
51854,620.0
51855,524.0
51856,418.0
51857,412.0
51858,389.0
51859,410.0
51860,393.0
51861,387.0
51862,349.0
51863,12.0
51864,12.0
51865,13.0
51866,10.0
51867,9.0
51868,7.0
51869,7.0
51870,6.0
51871,6.0
51872,6.0
51873,6.0
51874,7.0
51875,7.0
51876,9.0
51877,7.0
51878,9.0
51879,9.0
51880,6.0
51881,5.0
51882,3.0
51883,4.0
51884,3.0
51885,1.0
51886,5.0
51887,5.0
51888,6.0
51889,6.0
51890,5.0
51891,5.0
51892,6.0
51893,5.0
51894,6.0
51895,5.0
51896,7.0
51897,8.0
51898,7.0
51899,13.0
51900,15.0
51901,15.0
51902,9.0
51903,11.0
51904,13.0
51905,8.0
51906,9.0
51907,14.0
51908,17.0
51909,14.0
51910,14.0
51911,11.0
51912,17.0
51913,9.0
51914,9.0
51915,10.0
51916,10.0
51917,6.0
51918,5.0
51919,6.0
51920,8.0
51921,15.0
51922,16.0
51923,10.0
51924,11.0
51925,7.0
51926,6.0
51927,6.0
51928,6.0
51929,8.0
51930,15.0
51931,65.0
51932,107.0
51933,117.0
51934,119.0
51935,117.0
51936,111.0
51937,107.0
51938,35.0
51939,19.0
51940,16.0
51941,21.0
51942,22.0
51943,28.0
51944,48.0
51945,32.0
51946,18.0
51947,17.0
51948,17.0
51949,21.0
51950,17.0
51951,20.0
51952,22.0
51953,36.0
51954,46.0
51955,78.0
51956,76.0
51957,48.0
51958,52.0
51959,66.0
51960,72.0
51961,90.0
51962,118.0
51963,187.0
51964,173.0
51965,143.0
51966,88.0
51967,77.0
51968,88.0
51969,92.0
51970,108.0
51971,136.0
51972,164.0
51973,184.0
51974,200.0
51975,237.0
51976,226.0
51977,221.0
51978,227.0
51979,196.0
51980,190.0
51981,190.0
51982,213.0
51983,220.0
51984,205.0
51985,196.0
51986,190.0
51987,200.0
51988,177.0
51989,177.0
51990,171.0
51991,171.0
51992,175.0
51993,171.0
51994,168.0
51995,192.0
51996,182.0
51997,166.0
51998,199.0
51999,195.0
52000,188.0
52001,206.0
52002,224.0
52003,193.0
52004,170.0
52005,151.0
52006,149.0
52007,199.0
52008,216.0
52009,212.0
52010,204.0
52011,216.0
52012,315.0
52013,298.0
52014,241.0
52015,237.0
52016,200.0
52017,217.0
52018,230.0
52019,272.0
52020,317.0
52021,294.0
52022,317.0
52023,293.0
52024,306.0
52025,350.0
52026,329.0
52027,302.0
52028,278.0
52029,289.0
52030,296.0
52031,289.0
52032,286.0
52033,269.0
52034,261.0
52035,256.0
52036,235.0
52037,250.0
52038,240.0
52039,214.0
52040,218.0
52041,254.0
52042,245.0
52043,261.0
52044,265.0
52045,268.0
52046,273.0
52047,279.0
52048,292.0
52049,301.0
52050,301.0
52051,299.0
52052,319.0
52053,306.0
52054,261.0
52055,244.0
52056,246.0
52057,273.0
52058,268.0
52059,242.0
52060,247.0
52061,235.0
52062,194.0
52063,146.0
52064,100.0
52065,59.0
52066,34.0
52067,24.0
52068,22.0
52069,15.0
52070,17.0
52071,18.0
52072,18.0
52073,21.0
52074,21.0
52075,35.0
52076,23.0
52077,19.0
52078,23.0
52079,25.0
52080,18.0
52081,21.0
52082,21.0
52083,19.0
52084,14.0
52085,18.0
52086,27.0
52087,35.0
52088,14.0
52089,17.0
52090,26.0
52091,17.0
52092,18.0
52093,26.0
52094,28.0
52095,68.0
52096,70.0
52097,77.0
52098,68.0
52099,71.0
52100,80.0
52101,102.0
52102,102.0
52103,119.0
52104,136.0
52105,175.0
52106,177.0
52107,153.0
52108,121.0
52109,113.0
52110,64.0
52111,49.0
52112,44.0
52113,43.0
52114,37.0
52115,51.0
52116,66.0
52117,64.0
52118,64.0
52119,71.0
52120,184.0
52121,296.0
52122,261.0
52123,271.0
52124,317.0
52125,371.0
52126,328.0
52127,361.0
52128,331.0
52129,332.0
52130,306.0
52131,215.0
52132,123.0
52133,85.0
52134,69.0
52135,66.0
52136,65.0
52137,74.0
52138,90.0
52139,145.0
52140,179.0
52141,206.0
52142,234.0
52143,218.0
52144,183.0
52145,188.0
52146,204.0
52147,213.0
52148,220.0
52149,278.0
52150,290.0
52151,201.0
52152,223.0
52153,213.0
52154,205.0
52155,204.0
52156,255.0
52157,286.0
52158,305.0
52159,334.0
52160,351.0
52161,346.0
52162,338.0
52163,204.0
52164,38.0
52165,17.0
52166,16.0
52167,18.0
52168,22.0
52169,22.0
52170,19.0
52171,9.0
52172,10.0
52173,12.0
52174,11.0
52175,7.0
52176,7.0
52177,8.0
52178,6.0
52179,5.0
52180,6.0
52181,6.0
52182,4.0
52183,2.0
52184,6.0
52185,10.0
52186,6.0
52187,6.0
52188,6.0
52189,8.0
52190,5.0
52191,4.0
52192,5.0
52193,7.0
52194,9.0
52195,7.0
52196,6.0
52197,7.0
52198,6.0
52199,4.0
52200,7.0
52201,8.0
52202,6.0
52203,4.0
52204,5.0
52205,4.0
52206,3.0
52207,7.0
52208,11.0
52209,10.0
52210,6.0
52211,9.0
52212,9.0
52213,7.0
52214,6.0
52215,4.0
52216,3.0
52217,8.0
52218,8.0
52219,9.0
52220,10.0
52221,10.0
52222,15.0
52223,12.0
52224,15.0
52225,18.0
52226,13.0
52227,12.0
52228,16.0
52229,11.0
52230,17.0
52231,24.0
52232,24.0
52233,32.0
52234,39.0
52235,49.0
52236,56.0
52237,61.0
52238,70.0
52239,61.0
52240,73.0
52241,90.0
52242,104.0
52243,118.0
52244,126.0
52245,128.0
52246,139.0
52247,145.0
52248,152.0
52249,169.0
52250,194.0
52251,191.0
52252,113.0
52253,65.0
52254,59.0
52255,53.0
52256,56.0
52257,35.0
52258,42.0
52259,32.0
52260,28.0
52261,28.0
52262,24.0
52263,20.0
52264,22.0
52265,31.0
52266,54.0
52267,64.0
52268,81.0
52269,89.0
52270,84.0
52271,97.0
52272,119.0
52273,129.0
52274,164.0
52275,237.0
52276,261.0
52277,236.0
52278,208.0
52279,165.0
52280,134.0
52281,112.0
52282,106.0
52283,108.0
52284,113.0
52285,139.0
52286,160.0
52287,166.0
52288,165.0
52289,156.0
52290,142.0
52291,107.0
52292,117.0
52293,193.0
52294,192.0
52295,236.0
52296,256.0
52297,231.0
52298,220.0
52299,212.0
52300,177.0
52301,185.0
52302,174.0
52303,177.0
52304,155.0
52305,150.0
52306,161.0
52307,182.0
52308,199.0
52309,204.0
52310,198.0
52311,206.0
52312,227.0
52313,230.0
52314,242.0
52315,335.0
52316,373.0
52317,384.0
52318,428.0
52319,411.0
52320,379.0
52321,319.0
52322,273.0
52323,200.0
52324,192.0
52325,191.0
52326,203.0
52327,174.0
52328,161.0
52329,163.0
52330,172.0
52331,178.0
52332,194.0
52333,185.0
52334,179.0
52335,156.0
52336,143.0
52337,154.0
52338,211.0
52339,372.0
52340,385.0
52341,384.0
52342,412.0
52343,407.0
52344,383.0
52345,360.0
52346,303.0
52347,186.0
52348,209.0
52349,212.0
52350,281.0
52351,208.0
52352,158.0
52353,165.0
52354,214.0
52355,312.0
52356,378.0
52357,407.0
52358,463.0
52359,508.0
52360,480.0
52361,447.0
52362,424.0
52363,416.0
52364,426.0
52365,391.0
52366,387.0
52367,369.0
52368,360.0
52369,361.0
52370,416.0
52371,432.0
52372,404.0
52373,379.0
52374,319.0
52375,320.0
52376,316.0
52377,321.0
52378,288.0
52379,213.0
52380,178.0
52381,98.0
52382,91.0
52383,89.0
52384,107.0
52385,125.0
52386,184.0
52387,271.0
52388,309.0
52389,291.0
52390,135.0
52391,102.0
52392,75.0
52393,59.0
52394,57.0
52395,45.0
52396,33.0
52397,39.0
52398,38.0
52399,41.0
52400,49.0
52401,53.0
52402,71.0
52403,93.0
52404,61.0
52405,31.0
52406,33.0
52407,36.0
52408,33.0
52409,40.0
52410,42.0
52411,51.0
52412,195.0
52413,360.0
52414,378.0
52415,497.0
52416,512.0
52417,574.0
52418,620.0
52419,515.0
52420,483.0
52421,506.0
52422,565.0
52423,604.0
52424,584.0
52425,570.0
52426,567.0
52427,572.0
52428,580.0
52429,593.0
52430,595.0
52431,605.0
52432,586.0
52433,493.0
52434,488.0
52435,455.0
52436,441.0
52437,440.0
52438,475.0
52439,471.0
52440,499.0
52441,485.0
52442,475.0
52443,488.0
52444,458.0
52445,396.0
52446,337.0
52447,288.0
52448,301.0
52449,357.0
52450,300.0
52451,268.0
52452,206.0
52453,117.0
52454,102.0
52455,113.0
52456,173.0
52457,143.0
52458,156.0
52459,161.0
52460,123.0
52461,67.0
52462,47.0
52463,44.0
52464,32.0
52465,31.0
52466,32.0
52467,28.0
52468,28.0
52469,34.0
52470,23.0
52471,20.0
52472,15.0
52473,24.0
52474,30.0
52475,46.0
52476,56.0
52477,59.0
52478,68.0
52479,70.0
52480,73.0
52481,78.0
52482,87.0
52483,85.0
52484,122.0
52485,104.0
52486,101.0
52487,103.0
52488,120.0
52489,115.0
52490,72.0
52491,71.0
52492,66.0
52493,65.0
52494,73.0
52495,107.0
52496,161.0
52497,86.0
52498,48.0
52499,57.0
52500,64.0
52501,62.0
52502,66.0
52503,65.0
52504,109.0
52505,119.0
52506,143.0
52507,153.0
52508,181.0
52509,209.0
52510,234.0
52511,252.0
52512,294.0
52513,301.0
52514,315.0
52515,326.0
52516,316.0
52517,337.0
52518,301.0
52519,215.0
52520,201.0
52521,179.0
52522,165.0
52523,196.0
52524,236.0
52525,245.0
52526,264.0
52527,318.0
52528,360.0
52529,407.0
52530,447.0
52531,545.0
52532,556.0
52533,499.0
52534,472.0
52535,470.0
52536,536.0
52537,418.0
52538,460.0
52539,331.0
52540,228.0
52541,173.0
52542,45.0
52543,13.0
52544,10.0
52545,8.0
52546,12.0
52547,13.0
52548,9.0
52549,14.0
52550,14.0
52551,11.0
52552,8.0
52553,6.0
52554,15.0
52555,17.0
52556,20.0
52557,22.0
52558,33.0
52559,26.0
52560,28.0
52561,27.0
52562,24.0
52563,23.0
52564,19.0
52565,14.0
52566,19.0
52567,25.0
52568,22.0
52569,25.0
52570,29.0
52571,31.0
52572,40.0
52573,43.0
52574,48.0
52575,58.0
52576,69.0
52577,91.0
52578,114.0
52579,133.0
52580,169.0
52581,203.0
52582,212.0
52583,235.0
